Instrumento,instrumento,nota,nombre,volumen,dura,empieza,termina
Percussion,-1,37,C#2,112,0.06121127083333322,2.474224,2.535435270833333
Percussion,-1,37,C#2,127,0.061211270833333664,3.09278,3.1539912708333335
Percussion,-1,37,C#2,127,0.06121127083333322,3.711336,3.7725472708333334
Percussion,-1,37,C#2,127,0.061211270833332776,4.020614,4.081825270833333
Percussion,-1,37,C#2,127,0.061211270833333664,4.329892,4.391103270833334
Percussion,-1,37,C#2,127,0.061211270833333664,4.63917,4.700381270833334
Percussion,-1,56,G#3,127,0.2512883749999997,4.948448,5.199736375
Percussion,-1,56,G#3,127,0.06765456249999957,5.412365,5.4800195625
Percussion,-1,56,G#3,127,0.09020608333333335,5.567004,5.657210083333333
Percussion,-1,56,G#3,127,0.09987102083333355,5.876282,5.976153020833333
Percussion,-1,56,G#3,127,0.035438104166666484,6.340199,6.375637104166667
Percussion,-1,56,G#3,127,0.09020608333333335,6.494838,6.585044083333333
Percussion,-1,56,G#3,127,0.06443291666666706,6.804116,6.868548916666667
Percussion,-1,56,G#3,127,0.07731949999999976,6.958755,7.0360745
Percussion,-1,56,G#3,127,0.08698443749999996,7.268033,7.3550174375
Percussion,-1,56,G#3,127,0.2126286249999989,8.659784,8.872412624999999
Percussion,-1,56,G#3,127,0.15786064583333292,9.27834,9.436200645833333
Percussion,-1,56,G#3,127,0.15463899999999953,9.896896,10.051535
Percussion,-1,56,G#3,127,0.15463899999999953,10.515452,10.670091
Percussion,-1,56,G#3,127,0.1739688749999999,11.134008,11.307976875
Percussion,-1,56,G#3,127,0.15141735416666613,11.752564,11.903981354166666
Percussion,-1,56,G#3,127,0.12564418750000073,12.37112,12.4967641875
Percussion,-1,56,G#3,127,0.12564418750000073,12.989676,13.1153201875
Percussion,-1,56,G#3,127,0.12886583333333412,13.608232,13.737097833333333
Percussion,-1,56,G#3,127,0.1449740625000011,14.226787999999999,14.3717620625
Percussion,-1,56,G#3,127,0.12564418749999895,14.845344,14.9709881875
Percussion,-1,56,G#3,127,0.15463899999999953,15.4639,15.618539
Percussion,-1,56,G#3,127,0.13208747916666752,16.082456,16.214543479166668
Percussion,-1,56,G#3,127,0.13208747916666752,16.701012,16.833099479166666
Percussion,-1,56,G#3,127,0.11920089583333393,17.319568,17.438768895833334
Percussion,-1,56,G#3,127,0.11275760416666714,17.938124,18.050881604166666
Percussion,-1,56,G#3,127,0.10631431250000034,18.55668,18.6629943125
Percussion,-1,56,G#3,127,0.11920089583333393,19.175235999999998,19.294436895833332
Percussion,-1,56,G#3,127,0.12564418750000073,19.793792,19.9194361875
Percussion,-1,56,G#3,127,0.09664937500000192,20.257709,20.354358375
Percussion,-1,56,G#3,127,0.11920089583333038,100.206072,100.32527289583334
Percussion,-1,56,G#3,127,0.15463899999998887,100.824628,100.979267
Percussion,-1,56,G#3,127,0.14819570833333273,101.443184,101.59137970833333
Percussion,-1,56,G#3,127,0.16752558333332956,102.06174,102.22926558333333
Percussion,-1,56,G#3,127,0.17074722916666474,102.680296,102.85104322916666
Percussion,-1,56,G#3,127,0.18041216666667026,103.298852,103.47926416666667
Percussion,-1,56,G#3,127,0.1739688749999999,103.917408,104.091376875
Percussion,-1,56,G#3,127,0.1997420416666671,104.53596399999999,104.73570604166666
Percussion,-1,56,G#3,127,0.18363381249999122,105.15452,105.3381538125
Percussion,-1,56,G#3,127,0.20618533333332323,105.773076,105.97926133333333
Percussion,-1,56,G#3,127,0.18041216666667026,106.391632,106.57204416666667
Percussion,-1,56,G#3,127,0.2351801458333398,107.010188,107.24536814583334
Percussion,-1,56,G#3,127,0.19652039583333192,107.628744,107.82526439583333
Percussion,-1,56,G#3,127,0.22551520833333427,108.2473,108.47281520833333
Percussion,-1,56,G#3,127,0.18041216666667026,108.865856,109.04626816666666
Percussion,-1,56,G#3,127,0.27383989583331925,109.484412,109.75825189583333
Percussion,-1,56,G#3,127,0.22551520833333427,110.102968,110.32848320833334
Percussion,-1,56,G#3,127,0.3382728124999943,110.721524,111.0597968125
Percussion,-1,56,G#3,127,0.10309266666666872,111.34008,111.44317266666667
Percussion,-1,56,G#3,127,0.0805411458333225,111.494719,111.57526014583333
Percussion,-1,56,G#3,127,0.08698443750000706,111.803997,111.8909814375
Percussion,-1,56,G#3,127,0.1514173541666679,112.577192,112.72860935416666
Percussion,-1,56,G#3,127,0.19329875000001095,113.195748,113.38904675
Percussion,-1,56,G#3,127,0.1868554583333406,113.81430399999999,114.00115945833333
Percussion,-1,56,G#3,127,0.19652039583333192,114.43286,114.62938039583334
Percussion,-1,56,G#3,127,0.2094069791666584,115.051416,115.26082297916666
Percussion,-1,56,G#3,127,0.2545100208333366,115.669972,115.92448202083334
Percussion,-1,56,G#3,127,0.23195850000000462,116.288528,116.5204865
Percussion,-1,56,G#3,127,0.28672647916667415,116.907084,117.19381047916667
Percussion,-1,56,G#3,127,0.260953312500007,117.52564,117.7865933125
Percussion,-1,56,G#3,127,0.22873685416666945,118.144196,118.37293285416666
Percussion,-1,56,G#3,127,0.26095331249999276,118.762752,119.0237053125
Percussion,-1,56,G#3,127,0.2899481249999951,119.381308,119.671256125
Percussion,-1,56,G#3,127,0.24162343749999593,119.999864,120.2414874375
Percussion,-1,56,G#3,127,0.2673966041666631,120.61842,120.88581660416666
Percussion,-1,56,G#3,127,0.24162343749999593,121.236976,121.4785994375
Percussion,-1,56,G#3,127,0.29639141666666546,121.855532,122.15192341666666
Percussion,-1,56,G#3,127,0.2931697708333445,122.474088,122.76725777083334
Percussion,-1,56,G#3,127,0.30927800000000616,123.09264399999999,123.401922
Percussion,-1,56,G#3,127,0.28672647916665994,123.7112,123.99792647916667
Percussion,-1,56,G#3,127,0.28350483333332477,124.329756,124.61326083333333
Percussion,-1,56,G#3,127,0.2899481249999951,124.948312,125.238260125
Percussion,-1,56,G#3,127,0.306056354166671,125.566868,125.87292435416667
Percussion,-1,56,G#3,127,0.27706154166666863,126.185424,126.46248554166667
Percussion,-1,56,G#3,127,0.2802831875000038,126.80398,127.0842631875
Percussion,-1,56,G#3,127,0.2931697708333445,127.422536,127.71570577083334
Percussion,-1,56,G#3,127,0.29961306250001485,128.041092,128.3407050625
Percussion,-1,56,G#3,127,0.3060563541666568,128.659648,128.96570435416666
Percussion,-1,56,G#3,127,0.3157212916666765,129.278204,129.59392529166666
Percussion,-1,56,G#3,127,0.3124996458333271,129.89676,130.20925964583333
Percussion,-1,56,G#3,127,0.3157212916666481,130.515316,130.83103729166666
Percussion,-1,56,G#3,127,0.2802831875000038,131.133872,131.4141551875
Percussion,-1,56,G#3,127,0.24806672916665207,131.752428,132.00049472916666
Percussion,-1,56,G#3,127,0.28672647916667415,132.370984,132.65771047916667
Percussion,-1,56,G#3,127,0.29639141666666546,132.98954,133.28593141666667
Percussion,-1,56,G#3,127,0.29639141666666546,133.608096,133.90448741666665
Percussion,-1,56,G#3,127,0.3382728125000085,134.226652,134.5649248125
Percussion,-1,56,G#3,127,0.29961306250001485,134.84520799999999,135.1448210625
Percussion,-1,56,G#3,127,0.3414944583333295,135.463764,135.80525845833333
Percussion,-1,56,G#3,127,0.3124996458333271,136.08232,136.39481964583334
Percussion,-1,56,G#3,127,0.29639141666666546,136.700876,136.99726741666666
Percussion,-1,56,G#3,127,0.2899481249999951,137.319432,137.609380125
Percussion,-1,56,G#3,127,0.27383989583333346,137.937988,138.21182789583332
Percussion,-1,56,G#3,127,0.2706182499999841,138.556544,138.82716225
Percussion,-1,56,G#3,127,0.26739660416669153,139.1751,139.44249660416668
Percussion,-1,56,G#3,127,0.28350483333332477,139.793656,140.07716083333332
Percussion,-1,56,G#3,127,0.2899481249999951,140.412212,140.702160125
Percussion,-1,56,G#3,127,0.2899481249999951,141.030768,141.320716125
Percussion,-1,56,G#3,127,0.3286078749999888,141.649324,141.977931875
Percussion,-1,56,G#3,127,0.28672647916667415,142.26788,142.55460647916667
Percussion,-1,56,G#3,127,0.3286078749999888,142.886436,143.215043875
Percussion,-1,56,G#3,127,0.31249964583335554,143.504992,143.81749164583334
Percussion,-1,56,G#3,127,0.32216458333331843,144.123548,144.44571258333332
Percussion,-1,56,G#3,127,0.3157212916666481,144.742104,145.05782529166666
Percussion,-1,56,G#3,127,0.3286078750000172,145.36066,145.689267875
Percussion,-1,56,G#3,127,0.3157212916666481,145.979216,146.29493729166666
Percussion,-1,56,G#3,127,0.3124996458333271,146.597772,146.91027164583332
Percussion,-1,56,G#3,127,0.3124996458333271,147.216328,147.52882764583333
Percussion,-1,56,G#3,127,0.31894293749999747,147.834884,148.15382693749999
Percussion,-1,56,G#3,127,0.2931697708333445,148.45344,148.74660977083335
Percussion,-1,56,G#3,127,0.31894293749999747,149.071996,149.3909389375
Percussion,-1,56,G#3,127,0.2802831875000038,149.690552,149.9708351875
Percussion,-1,56,G#3,127,0.33505116666665913,150.309108,150.64415916666667
Percussion,-1,56,G#3,127,0.2931697708333445,150.927664,151.22083377083334
Percussion,-1,56,G#3,127,0.2996130624999864,151.54622,151.8458330625
Percussion,-1,56,G#3,127,0.28994812500002354,152.164776,152.454724125
Percussion,-1,56,G#3,127,0.33182952083333817,152.783332,153.11516152083334
Percussion,-1,56,G#3,127,0.29961306250001485,153.40188799999999,153.7015010625
Percussion,-1,56,G#3,127,0.3124996458333271,154.020444,154.33294364583332
Percussion,-1,56,G#3,127,0.2931697708333161,154.639,154.93216977083333
Percussion,-1,56,G#3,127,0.3157212916666765,155.257556,155.57327729166667
Percussion,-1,56,G#3,127,0.3253862291666678,155.876112,156.20149822916667
Percussion,-1,56,G#3,127,0.2899481249999951,156.494668,156.78461612499999
Percussion,-1,56,G#3,127,0.29639141666666546,157.113224,157.40961541666667
Percussion,-1,56,G#3,127,0.30927800000000616,157.73178,158.041058
Percussion,-1,56,G#3,127,0.3286078749999888,158.350336,158.678943875
Percussion,-1,56,G#3,127,0.3124996458333271,158.968892,159.28139164583334
Percussion,-1,56,G#3,127,0.3028347083333358,159.587448,159.89028270833333
Percussion,-1,56,G#3,127,0.3124996458333271,160.206004,160.51850364583333
Percussion,-1,56,G#3,127,0.29961306250001485,160.82456,161.1241730625
Percussion,-1,56,G#3,127,0.30927800000000616,161.443116,161.752394
Percussion,-1,56,G#3,127,0.3253862291666678,162.061672,162.38705822916666
Percussion,-1,56,G#3,127,0.2899481249999951,162.680228,162.970176125
Percussion,-1,56,G#3,127,0.30927799999997774,163.298784,163.608062
Percussion,-1,56,G#3,127,0.3060563541666568,163.91734,164.22339635416665
Percussion,-1,56,G#3,127,0.30927799999997774,164.535896,164.845174
Percussion,-1,56,G#3,127,0.3028347083333358,165.154452,165.45728670833333
Percussion,-1,56,G#3,127,0.31894293749999747,165.773008,166.0919509375
Percussion,-1,56,G#3,127,0.28672647916667415,166.391564,166.67829047916666
Percussion,-1,56,G#3,127,0.2802831875000038,167.01012,167.2904031875
Percussion,-1,56,G#3,127,0.2931697708333445,167.62867599999998,167.92184577083333
Percussion,-1,56,G#3,127,0.29961306250001485,168.247232,168.5468450625
Percussion,-1,56,G#3,127,0.2802831874999754,168.865788,169.14607118749998
Percussion,-1,56,G#3,127,0.3060563541666852,169.484344,169.79040035416668
Percussion,-1,56,G#3,127,0.24806672916665207,170.1029,170.35096672916666
Percussion,-1,56,G#3,127,0.28672647916667415,170.721456,171.00818247916666
Percussion,-1,56,G#3,127,0.29639141666666546,171.340012,171.63640341666667
Percussion,-1,56,G#3,127,0.27383989583333346,171.95856799999999,172.23240789583332
Percussion,-1,56,G#3,127,0.28350483333332477,172.577124,172.86062883333332
Percussion,-1,56,G#3,127,0.30927799999997774,173.19568,173.504958
Percussion,-1,56,G#3,127,0.29639141666666546,173.814236,174.11062741666666
Percussion,-1,56,G#3,127,0.29639141666666546,174.432792,174.72918341666667
Percussion,-1,56,G#3,127,0.2802831875000038,175.051348,175.3316311875
Percussion,-1,56,G#3,127,0.3028347083333358,175.669904,175.97273870833334
Percussion,-1,56,G#3,127,0.27383989583333346,176.28846,176.56229989583332
Percussion,-1,56,G#3,127,0.3157212916666765,176.907016,177.22273729166668
Percussion,-1,56,G#3,127,0.2706182499999841,177.525572,177.79619025
Percussion,-1,56,G#3,127,0.2931697708333445,178.144128,178.43729777083334
Percussion,-1,56,G#3,127,0.2802831875000038,178.762684,179.0429671875
Percussion,-1,56,G#3,127,0.28672647916667415,179.38124,179.66796647916667
Percussion,-1,56,G#3,127,0.30927800000000616,179.999796,180.309074
Percussion,-1,56,G#3,127,0.2609533125000212,180.618352,180.8793053125
Percussion,-1,56,G#3,127,0.2931697708333445,181.236908,181.53007777083334
Percussion,-1,56,G#3,127,0.24806672916665207,181.855464,182.10353072916666
Percussion,-1,56,G#3,127,0.26417495833334215,182.47402,182.73819495833334
Percussion,-1,56,G#3,127,0.2545100208333224,183.092576,183.34708602083333
Percussion,-1,56,G#3,127,0.2802831875000038,183.711132,183.9914151875
Percussion,-1,56,G#3,127,0.2641749583333137,184.329688,184.59386295833332
Percussion,-1,56,G#3,127,0.27383989583333346,184.948244,185.22208389583332
Percussion,-1,56,G#3,127,0.2545100208333224,185.5668,185.82131002083332
Percussion,-1,56,G#3,127,0.2706182500000125,186.18535599999998,186.45597425
Percussion,-1,56,G#3,127,0.2126286250000078,186.803912,187.016540625
Percussion,-1,56,G#3,127,0.22873685416666945,187.422468,187.65120485416668
Percussion,-1,56,G#3,127,0.21585027083332875,188.041024,188.25687427083332
Percussion,-1,56,G#3,127,0.2545100208333224,188.65958,188.91409002083333
Percussion,-1,56,G#3,127,0.22873685416666945,189.278136,189.50687285416666
Percussion,-1,56,G#3,127,0.2673966041666631,189.896692,190.16408860416666
Percussion,-1,56,G#3,127,0.26417495833334215,190.51524799999999,190.77942295833333
Percussion,-1,56,G#3,127,0.2480667291666805,191.133804,191.38187072916668
Percussion,-1,56,G#3,127,0.2448450833333311,191.75236,191.99720508333334
Percussion,-1,56,G#3,127,0.2673966041666631,192.370916,192.63831260416666
Percussion,-1,56,G#3,127,0.2545100208333224,192.989472,193.24398202083333
Percussion,-1,56,G#3,127,0.2609533125000212,193.608028,193.8689813125
Percussion,-1,56,G#3,127,0.2545100208333224,194.226584,194.48109402083332
Percussion,-1,56,G#3,127,0.26417495833334215,194.84514,195.10931495833333
Percussion,-1,56,G#3,127,0.24162343750001014,195.463696,195.7053194375
Percussion,-1,56,G#3,127,0.2899481249999951,196.082252,196.372200125
Percussion,-1,56,G#3,127,0.2577316666666718,196.700808,196.95853966666667
Percussion,-1,56,G#3,127,0.2770615416666544,197.319364,197.59642554166666
Percussion,-1,56,G#3,127,0.2577316666666718,197.93792,198.19565166666666
Percussion,-1,56,G#3,127,0.26417495833334215,198.556476,198.82065095833335
Percussion,-1,56,G#3,127,0.2609533125000212,199.175032,199.4359853125
Percussion,-1,56,G#3,127,0.3028347083333358,199.793588,200.09642270833334
Percussion,-1,56,G#3,127,0.26095331249999276,200.412144,200.6730973125
Percussion,-1,56,G#3,127,0.31894293749999747,201.0307,201.3496429375
Percussion,-1,56,G#3,127,0.09987102083331933,201.649256,201.74912702083333
Percussion,-1,56,G#3,127,0.08698443750000706,201.958534,202.0455184375
Percussion,-1,56,G#3,127,0.054767979166683745,202.267812,202.32257997916668
Percussion,-1,56,G#3,127,0.08376279166665768,202.422451,202.50621379166665
Percussion,-1,56,G#3,127,0.05798962500000471,202.731729,202.789718625
Percussion,-1,56,G#3,127,0.09342772916664899,202.886368,202.97979572916665
Percussion,-1,56,G#3,127,0.2351801458333398,207.834816,208.06999614583333
Percussion,-1,56,G#3,127,0.3414944583333295,212.783264,213.12475845833333
Percussion,-1,56,G#3,127,0.27706154166668284,213.40182,213.67888154166667
Percussion,-1,56,G#3,127,0.29639141666666546,214.020376,214.31676741666666
Percussion,-1,56,G#3,127,0.33505116666665913,214.638932,214.97398316666667
Percussion,-1,56,G#3,127,0.31894293749999747,215.257488,215.5764309375
Percussion,-1,56,G#3,127,0.31894293749999747,215.876044,216.1949869375
Percussion,-1,56,G#3,127,0.3028347083333358,216.4946,216.79743470833333
Percussion,-1,56,G#3,127,0.2996130624999864,217.113156,217.4127690625
Percussion,-1,56,G#3,127,0.30927800000000616,217.731712,218.04099
Percussion,-1,56,G#3,127,0.3286078749999888,218.350268,218.678875875
Percussion,-1,56,G#3,127,0.2770615416666544,218.968824,219.24588554166667
Percussion,-1,56,G#3,127,0.3060563541666568,219.58738,219.89343635416665
Percussion,-1,56,G#3,127,0.2899481249999951,220.205936,220.495884125
Percussion,-1,56,G#3,127,0.29639141666666546,220.824492,221.12088341666666
Percussion,-1,56,G#3,127,0.2996130624999864,221.443048,221.7426610625
Percussion,-1,56,G#3,127,0.3028347083333358,222.061604,222.36443870833332
Percussion,-1,56,G#3,127,0.13853077083334142,222.68016,222.81869077083334
Percussion,-1,56,G#3,127,0.25451002083335084,227.62860799999999,227.88311802083334
Percussion,-1,56,G#3,127,0.16752558333334377,232.577056,232.74458158333334
Percussion,-1,56,G#3,127,0.33182952083330974,233.195612,233.52744152083332
Percussion,-1,56,G#3,127,0.22873685416666945,233.814168,234.04290485416666
Percussion,-1,56,G#3,127,0.27383989583333346,234.432724,234.70656389583334
Percussion,-1,56,G#3,127,0.2931697708333445,235.05128,235.34444977083334
Percussion,-1,56,G#3,127,0.2899481249999951,235.669836,235.959784125
Percussion,-1,56,G#3,127,0.2835048333333532,236.288392,236.57189683333334
Percussion,-1,56,G#3,127,0.29639141666666546,236.906948,237.20333941666667
Percussion,-1,56,G#3,127,0.30927799999997774,237.525504,237.834782
Percussion,-1,56,G#3,127,0.28672647916667415,238.14406,238.43078647916667
Percussion,-1,56,G#3,127,0.28672647916664573,238.762616,239.04934247916665
Percussion,-1,56,G#3,127,0.33182952083333817,239.381172,239.71300152083333
Percussion,-1,56,G#3,127,0.2931697708333161,239.999728,240.29289777083332
Percussion,-1,56,G#3,127,0.31249964583335554,240.618284,240.93078364583334
Percussion,-1,56,G#3,127,0.2996130624999864,241.23684,241.5364530625
Percussion,-1,56,G#3,127,0.30927800000000616,241.85539599999998,242.164674
Percussion,-1,56,G#3,127,0.17074722916666474,242.473952,242.64469922916666
Percussion,-1,56,G#3,127,0.13530912499999204,242.937869,243.073178125
Percussion,-1,56,G#3,127,0.25128837500000145,243.711064,243.962352375
Percussion,-1,56,G#3,127,0.26095331249999276,244.32962,244.5905733125
Percussion,-1,56,G#3,127,0.35760268750001956,244.948176,245.3057786875
Percussion,-1,56,G#3,127,0.4220356041666662,245.55384541666666,245.97588102083333
Percussion,-1,56,G#3,127,0.3898191458333429,246.18528799999999,246.57510714583333
Percussion,-1,56,G#3,127,0.3865975000000219,246.80706564583332,247.19366314583334
Percussion,-1,56,G#3,127,0.3769325625000022,247.4320649375,247.8089975
Percussion,-1,56,G#3,127,0.3737109166666812,248.05062093749999,248.42433185416667
Percussion,-1,56,G#3,127,0.37048927083333183,248.659512,249.03000127083334
Percussion,-1,56,G#3,127,0.3608243333333405,249.278068,249.63889233333333
Percussion,-1,56,G#3,127,0.40270572916668357,249.877294125,250.27999985416668
Percussion,-1,56,G#3,127,0.37048927083333183,250.534509875,250.90499914583333
Percussion,-1,56,G#3,127,0.37048927083333183,251.14984422916666,251.5203335
Percussion,-1,56,G#3,127,0.3737109166666528,251.77806516666666,252.15177608333332
Percussion,-1,56,G#3,127,0.35760268749999113,252.37729129166667,252.73489397916666
Percussion,-1,56,G#3,127,0.3994840833333342,252.98618235416666,253.3856664375
Percussion,-1,56,G#3,127,0.3865974999999935,253.60796,253.99455749999998
Percussion,-1,56,G#3,127,0.37048927083333183,254.24906752083334,254.61955679166667
Percussion,-1,56,G#3,127,0.36726762500001087,254.86762352083332,255.23489114583333
Percussion,-1,56,G#3,127,0.3608243333333405,255.4926228125,255.85344714583334
Percussion,-1,56,G#3,127,0.35115939583329236,256.1176221041667,256.4687815
Percussion,-1,56,G#3,127,0.33827281249995167,256.73939975,257.07767256249997
Percussion,-1,56,G#3,127,0.35760268749999113,257.3708423333333,257.7284450208333
Percussion,-1,56,G#3,127,0.3865974999999935,257.9893983333333,258.3759958333333
Percussion,-1,56,G#3,127,0.3511593958333492,258.5982893958333,258.94944879166667
Percussion,-1,56,G#3,127,0.3801542083332947,259.2104021041667,259.5905563125
Percussion,-1,56,G#3,127,0.34471610416665044,259.8192931666667,260.16400927083333
Percussion,-1,56,G#3,127,0.3511593958333492,260.431405875,260.78256527083335
Percussion,-1,56,G#3,127,0.3608243333333121,261.049961875,261.4107862083333
Percussion,-1,56,G#3,127,0.35438104166667017,261.668517875,262.0228989166667
Percussion,-1,56,G#3,127,0.3382728125000085,262.267744,262.6060168125
Percussion,-1,56,G#3,127,0.4639169999999808,262.866970125,263.330887125
Percussion,-1,56,G#3,127,0.0676545624999676,263.504856,263.5725105625
Percussion,-1,56,G#3,127,0.08698443750000706,263.8044690625,263.8914535
Percussion,-1,56,G#3,127,0.0676545624999676,264.09763883333335,264.1652933958333
Percussion,-1,56,G#3,127,0.07731950000004417,264.2716077083333,264.34892720833335
Percussion,-1,56,G#3,127,0.06443291666670348,264.59377229166665,264.65820520833336
Percussion,-1,56,G#3,127,0.08698443750000706,264.7709628125,264.85794725
Percussion,-1,56,G#3,127,0.11597924999995257,265.205885,265.32186425
Percussion,-1,56,G#3,127,0.07409785416666637,265.64725047916664,265.7213483333333
Percussion,-1,56,G#3,127,0.07731950000004417,266.25614154166664,266.3334610416667
Acoustic Grand Piano,0,63,D#4,127,0.08054114583333316,4.948448,5.028989145833333
Acoustic Grand Piano,0,63,D#4,127,0.09020608333333335,5.9052768125,5.995482895833334
Acoustic Grand Piano,0,63,D#4,127,0.05154633333333347,6.362750520833333,6.4142968541666665
Acoustic Grand Piano,0,63,D#4,127,0.07731949999999976,6.5238328125,6.6011523125
Acoustic Grand Piano,0,63,D#4,127,0.06443291666666706,6.804116,6.868548916666667
Acoustic Grand Piano,0,63,D#4,127,0.07087620833333386,6.9877498125,7.058626020833334
Acoustic Grand Piano,0,63,D#4,127,0.07087620833333297,8.692000458333334,8.762876666666667
Acoustic Grand Piano,0,63,D#4,127,0.05798962499999938,9.584396354166667,9.642385979166667
Acoustic Grand Piano,0,63,D#4,127,0.09342772916666675,9.755143583333334,9.8485713125
Acoustic Grand Piano,0,63,D#4,127,0.051546333333332583,10.82473,10.876276333333333
Acoustic Grand Piano,0,63,D#4,127,0.07409785416666637,10.9890339375,11.063131791666667
Acoustic Grand Piano,0,63,D#4,127,0.048324687499999186,12.0715069375,12.119831625
Acoustic Grand Piano,0,63,D#4,127,0.08376279166666656,12.2454758125,12.329238604166667
Acoustic Grand Piano,0,63,D#4,127,0.05476797916666598,13.298954,13.353721979166666
Acoustic Grand Piano,0,63,D#4,127,0.09020608333333335,13.4632579375,13.553464020833333
Acoustic Grand Piano,0,63,D#4,127,0.051546333333332583,14.536066,14.587612333333333
Acoustic Grand Piano,0,63,D#4,127,0.09664937500000015,14.710034875,14.80668425
Acoustic Grand Piano,0,63,D#4,127,0.05476797916666776,15.769956354166666,15.824724333333334
Acoustic Grand Piano,0,63,D#4,127,0.09020608333333335,15.927817,16.018023083333333
Acoustic Grand Piano,0,63,D#4,127,0.05154633333333081,16.997403416666668,17.04894975
Acoustic Grand Piano,0,63,D#4,127,0.09342772916666675,17.164929,17.258356729166668
Acoustic Grand Piano,0,63,D#4,127,0.05154633333333081,18.247402,18.298948333333332
Acoustic Grand Piano,0,63,D#4,127,0.08698443749999996,18.402041,18.4890254375
Acoustic Grand Piano,0,63,D#4,127,0.08376279166666478,19.484514,19.568276791666666
Acoustic Grand Piano,0,63,D#4,127,0.07731950000000154,21.030904,21.1082235
Acoustic Grand Piano,0,63,D#4,127,0.045103041666667565,21.945851416666667,21.990954458333334
Acoustic Grand Piano,0,63,D#4,127,0.09020608333333158,22.126263583333333,22.216469666666665
Acoustic Grand Piano,0,63,D#4,127,0.05154633333333081,23.1668551875,23.218401520833332
Acoustic Grand Piano,0,63,D#4,127,0.08376279166666833,23.331159125,23.414921916666668
Acoustic Grand Piano,0,63,D#4,127,0.035438104166665596,24.397523895833334,24.432962
Acoustic Grand Piano,0,63,D#4,127,0.09664937500000192,24.574714416666666,24.671363791666668
Acoustic Grand Piano,0,63,D#4,127,0.05154633333333436,25.644300833333332,25.695847166666667
Acoustic Grand Piano,0,63,D#4,127,0.09342772916666675,25.8150480625,25.908475791666667
Acoustic Grand Piano,0,63,D#4,127,0.048324687499999186,26.884634479166667,26.932959166666667
Acoustic Grand Piano,0,63,D#4,127,0.09342772916666675,27.061825,27.155252729166666
Acoustic Grand Piano,0,63,D#4,127,0.03865975000000077,28.137854708333332,28.176514458333333
Acoustic Grand Piano,0,63,D#4,127,0.07731949999999799,28.315045229166667,28.392364729166665
Acoustic Grand Piano,0,63,D#4,127,0.048324687499999186,29.378188354166667,29.426513041666666
Acoustic Grand Piano,0,63,D#4,127,0.09020608333333158,29.552157229166667,29.6423633125
Acoustic Grand Piano,0,63,D#4,127,0.045103041666667565,30.605635416666665,30.650738458333333
Acoustic Grand Piano,0,63,D#4,127,0.08054114583333316,30.769939354166667,30.8504805
Acoustic Grand Piano,0,63,D#4,127,0.05154633333333436,31.8266391875,31.878185520833334
Acoustic Grand Piano,0,63,D#4,127,0.08054114583332961,32.003829708333335,32.084370854166664
Acoustic Grand Piano,0,63,D#4,127,0.048324687499999186,33.086302708333335,33.134627395833334
Acoustic Grand Piano,0,63,D#4,127,0.07731950000000154,33.260271583333335,33.337591083333336
Acoustic Grand Piano,0,63,D#4,127,0.048324687499999186,34.31697141666667,34.36529610416667
Acoustic Grand Piano,0,63,D#4,127,0.08376279166666478,34.4941619375,34.57792472916667
Acoustic Grand Piano,0,63,D#4,127,0.048324687499999186,35.550861770833336,35.599186458333335
Acoustic Grand Piano,0,63,D#4,127,0.08376279166666478,35.721609,35.805371791666666
Acoustic Grand Piano,0,63,D#4,127,0.054767979166669534,36.78797377083333,36.84274175
Acoustic Grand Piano,0,63,D#4,127,0.07731950000000154,36.9490560625,37.0263755625
Acoustic Grand Piano,0,63,D#4,127,0.048324687499999186,38.025085770833336,38.073410458333335
Acoustic Grand Piano,0,63,D#4,127,0.07731950000000154,38.18938970833333,38.26670920833333
Acoustic Grand Piano,0,63,D#4,127,0.05154633333333436,39.2493111875,39.30085752083333
Acoustic Grand Piano,0,63,D#4,127,0.08054114583332961,39.42650170833333,39.50704285416666
Acoustic Grand Piano,0,63,D#4,127,0.048324687499999186,40.496088125,40.5444128125
Acoustic Grand Piano,0,63,D#4,127,0.08376279166666478,40.6603920625,40.744154854166666
Acoustic Grand Piano,0,63,D#4,127,0.05154633333333436,41.72675683333333,41.77830316666667
Acoustic Grand Piano,0,63,D#4,127,0.08054114583332961,41.90394735416667,41.9844885
Acoustic Grand Piano,0,63,D#4,127,0.048324687499999186,42.9799770625,43.02830175
Acoustic Grand Piano,0,63,D#4,127,0.08054114583332961,43.15072429166667,43.2312654375
Acoustic Grand Piano,0,63,D#4,127,0.054767979166669534,44.1977591875,44.25252716666667
Acoustic Grand Piano,0,63,D#4,127,0.07731950000000154,44.37494970833333,44.452269208333334
Acoustic Grand Piano,0,63,D#4,127,0.048324687499999186,45.447757770833334,45.49608245833333
Acoustic Grand Piano,0,63,D#4,127,0.08054114583333671,45.618505,45.699046145833336
Acoustic Grand Piano,0,63,D#4,127,0.08376279166666478,46.700978,46.784740791666664
Acoustic Grand Piano,0,63,D#4,127,0.06443291666666795,48.260254583333335,48.3246875
Acoustic Grand Piano,0,63,D#4,127,0.048324687499999186,49.162315416666665,49.210640104166664
Acoustic Grand Piano,0,63,D#4,127,0.07731949999999443,49.329841,49.407160499999996
Acoustic Grand Piano,0,63,D#4,127,0.048324687499999186,50.40587070833333,50.45419539583333
Acoustic Grand Piano,0,63,D#4,127,0.08054114583333671,50.57983958333333,50.66038072916667
Acoustic Grand Piano,0,63,D#4,127,0.04510304166667112,51.63331777083333,51.6784208125
Acoustic Grand Piano,0,63,D#4,127,0.07731950000000154,51.804065,51.8813845
Acoustic Grand Piano,0,63,D#4,127,0.05154633333333436,52.87365141666667,52.92519775
Acoustic Grand Piano,0,63,D#4,127,0.09020608333332802,53.03795535416667,53.1281614375
Acoustic Grand Piano,0,63,D#4,127,0.04510304166667112,54.110763416666664,54.155866458333335
Acoustic Grand Piano,0,63,D#4,127,0.09020608333333513,54.278289,54.368495083333336
Acoustic Grand Piano,0,63,D#4,127,0.04510304166666401,55.360762,55.405865041666665
Acoustic Grand Piano,0,63,D#4,127,0.07409785416666637,55.537952520833336,55.612050375
Acoustic Grand Piano,0,63,D#4,127,0.04188139583332884,56.59465235416667,56.63653375
Acoustic Grand Piano,0,63,D#4,127,0.08376279166666478,56.765399583333334,56.849162375
Acoustic Grand Piano,0,63,D#4,127,0.051546333333327254,57.8253210625,57.87686739583333
Acoustic Grand Piano,0,63,D#4,127,0.07409785416666637,58.012176520833336,58.086274375
Acoustic Grand Piano,0,63,D#4,127,0.04510304166667112,59.072098,59.11720104166667
Acoustic Grand Piano,0,63,D#4,127,0.08054114583333671,59.23318029166666,59.3137214375
Acoustic Grand Piano,0,63,D#4,127,0.05476797916666243,60.30921,60.36397797916666
Acoustic Grand Piano,0,63,D#4,127,0.07731950000000154,60.48962216666666,60.566941666666665
Acoustic Grand Piano,0,63,D#4,127,0.054767979166669534,61.546321999999996,61.601089979166666
Acoustic Grand Piano,0,63,D#4,127,0.07731949999999443,61.71706922916667,61.79438872916666
Acoustic Grand Piano,0,63,D#4,127,0.054767979166669534,62.780212354166665,62.834980333333334
Acoustic Grand Piano,0,63,D#4,127,0.08698443749999996,62.9477379375,63.034722375
Acoustic Grand Piano,0,63,D#4,127,0.054767979166669534,64.020546,64.07531397916667
Acoustic Grand Piano,0,63,D#4,127,0.08698443749999285,64.2041798125,64.29116425
Acoustic Grand Piano,0,63,D#4,127,0.06443291666667506,65.24154977083333,65.3059826875
Acoustic Grand Piano,0,63,D#4,127,0.07731950000000154,65.42518358333334,65.50250308333334
Acoustic Grand Piano,0,63,D#4,127,0.05154633333333436,66.4851050625,66.53665139583333
Acoustic Grand Piano,0,63,D#4,127,0.07731950000000154,66.68162545833333,66.75894495833333
Acoustic Grand Piano,0,63,D#4,127,0.054767979166669534,67.731882,67.78664997916667
Acoustic Grand Piano,0,63,D#4,127,0.08054114583333671,67.90262922916666,67.983170375
Acoustic Grand Piano,0,63,D#4,127,0.04510304166666401,68.95288577083333,68.9979888125
Acoustic Grand Piano,0,63,D#4,127,0.09342772916667741,69.11396806249999,69.20739579166667
Acoustic Grand Piano,0,63,D#4,127,0.054767979166669534,70.19966270833334,70.2544306875
Acoustic Grand Piano,0,63,D#4,127,0.08376279166667189,70.3704099375,70.45417272916667
Acoustic Grand Piano,0,63,D#4,127,0.04510304166667822,71.43033141666666,71.47543445833334
Acoustic Grand Piano,0,63,D#4,127,0.08376279166667189,71.6075219375,71.69128472916667
Acoustic Grand Piano,0,63,D#4,127,0.04188139583334305,72.67388670833333,72.71576810416667
Acoustic Grand Piano,0,63,D#4,127,0.08698443749999285,72.83819064583334,72.92517508333333
Acoustic Grand Piano,0,63,D#4,127,0.07731950000000154,73.9271069375,74.0044264375
Acoustic Grand Piano,0,63,D#4,127,0.08054114583333671,75.463832,75.54437314583333
Acoustic Grand Piano,0,63,D#4,127,0.04510304166666401,76.391666,76.43676904166666
Acoustic Grand Piano,0,63,D#4,127,0.09342772916667741,76.55274829166666,76.64617602083334
Acoustic Grand Piano,0,63,D#4,127,0.048324687499999186,77.63522129166667,77.68354597916667
Acoustic Grand Piano,0,63,D#4,127,0.08698443749999285,77.78986029166667,77.87684472916666
Acoustic Grand Piano,0,63,D#4,127,0.054767979166669534,78.84978177083333,78.90454975
Acoustic Grand Piano,0,63,D#4,127,0.09342772916667741,79.01730735416666,79.11073508333334
Acoustic Grand Piano,0,63,D#4,127,0.0579896249999905,80.103002,80.160991625
Acoustic Grand Piano,0,63,D#4,127,0.08698443750000706,80.28341416666666,80.37039860416667
Acoustic Grand Piano,0,63,D#4,127,0.048324687499999186,81.340114,81.3884386875
Acoustic Grand Piano,0,63,D#4,127,0.08376279166667189,81.51086122916666,81.59462402083334
Acoustic Grand Piano,0,63,D#4,127,0.048324687499999186,82.57400435416666,82.62232904166666
Acoustic Grand Piano,0,63,D#4,127,0.08054114583333671,82.73830829166667,82.8188494375
Acoustic Grand Piano,0,63,D#4,127,0.048324687499999186,83.80789470833334,83.85621939583334
Acoustic Grand Piano,0,63,D#4,127,0.08054114583333671,83.968977,84.04951814583333
Acoustic Grand Piano,0,63,D#4,127,0.048324687499999186,85.04500670833333,85.09333139583333
Acoustic Grand Piano,0,63,D#4,127,0.08376279166667189,85.2157539375,85.29951672916667
Acoustic Grand Piano,0,63,D#4,127,0.038659750000007875,86.307891875,86.346551625
Acoustic Grand Piano,0,63,D#4,127,0.08054114583333671,86.46897416666667,86.5495153125
Acoustic Grand Piano,0,63,D#4,127,0.054767979166669534,87.525674,87.58044197916666
Acoustic Grand Piano,0,63,D#4,127,0.08376279166667189,87.70286452083333,87.7866273125
Acoustic Grand Piano,0,63,D#4,127,0.054767979166669534,88.75634270833334,88.8111106875
Acoustic Grand Piano,0,63,D#4,127,0.08054114583333671,88.93031158333334,89.01085272916667
Acoustic Grand Piano,0,63,D#4,127,0.05154633333333436,89.999898,90.05144433333334
Acoustic Grand Piano,0,63,D#4,127,0.08376279166665768,90.17708852083334,90.2608513125
Acoustic Grand Piano,0,63,D#4,127,0.054767979166669534,91.24023164583333,91.294999625
Acoustic Grand Piano,0,63,D#4,127,0.08376279166667189,91.410978875,91.49474166666667
Acoustic Grand Piano,0,63,D#4,127,0.05154633333333436,92.46123541666667,92.51278175
Acoustic Grand Piano,0,63,D#4,127,0.07731950000000154,92.628761,92.7060805
Acoustic Grand Piano,0,63,D#4,127,0.048324687499999186,93.711234,93.7595586875
Acoustic Grand Piano,0,63,D#4,127,0.08376279166667189,93.88842452083333,93.9721873125
Acoustic Grand Piano,0,63,D#4,127,0.05154633333333436,94.948346,94.99989233333334
Acoustic Grand Piano,0,63,D#4,127,0.08054114583333671,95.122314875,95.20285602083334
Acoustic Grand Piano,0,63,D#4,127,0.07087620833333119,96.20156622916667,96.2724424375
Acoustic Grand Piano,0,63,D#4,127,0.003221645833320963,100.206072,100.20929364583333
Acoustic Grand Piano,0,63,D#4,127,0.05798962500000471,101.133906,101.191895625
Acoustic Grand Piano,0,63,D#4,127,0.1063143125000039,101.31109652083333,101.41741083333334
Acoustic Grand Piano,0,63,D#4,127,0.05476797916665532,102.39356952083334,102.4483375
Acoustic Grand Piano,0,63,D#4,127,0.07409785416668058,102.54498687499999,102.61908472916667
Acoustic Grand Piano,0,63,D#4,127,0.048324687499999186,103.60490835416667,103.65323304166667
Acoustic Grand Piano,0,63,D#4,127,0.06443291666666084,103.782098875,103.84653179166666
Acoustic Grand Piano,0,63,D#4,127,0.05798962500000471,104.845242,104.903231625
Acoustic Grand Piano,0,63,D#4,127,0.054767979166669534,105.02565416666667,105.08042214583334
Acoustic Grand Piano,0,63,D#4,127,0.04510304166666401,106.07591070833334,106.12101375
Acoustic Grand Piano,0,63,D#4,127,0.1159792499999952,106.236993,106.35297225
Acoustic Grand Piano,0,63,D#4,127,0.05798962500000471,107.30335777083333,107.36134739583333
Acoustic Grand Piano,0,63,D#4,127,0.05154633333333436,107.47088335416666,107.5224296875
Acoustic Grand Piano,0,63,D#4,127,0.05154633333333436,108.556578,108.60812433333334
Acoustic Grand Piano,0,63,D#4,127,0.07731950000000154,108.70799535416667,108.78531485416667
Acoustic Grand Piano,0,63,D#4,127,0.04510304166667822,109.78724670833333,109.83234975
Acoustic Grand Piano,0,63,D#4,127,0.10309266666666872,109.94188570833333,110.044978375
Acoustic Grand Piano,0,63,D#4,127,0.11275760416666003,111.01469377083333,111.12745137499999
Acoustic Grand Piano,0,63,D#4,127,0.09987102083333355,112.577192,112.67706302083333
Acoustic Grand Piano,0,63,D#4,127,0.04188139583332884,113.50180435416667,113.54368575
Acoustic Grand Piano,0,63,D#4,127,0.09664937499999837,113.6693299375,113.7659793125
Acoustic Grand Piano,0,63,D#4,127,0.048324687499999186,114.73569470833333,114.78401939583333
Acoustic Grand Piano,0,63,D#4,127,0.08376279166667189,114.8871120625,114.97087485416667
Acoustic Grand Piano,0,63,D#4,127,0.048324687499999186,115.97280670833334,116.02113139583334
Acoustic Grand Piano,0,63,D#4,127,0.1063143125000039,116.133889,116.2402033125
Acoustic Grand Piano,0,63,D#4,127,0.054767979166669534,117.20347541666666,117.25824339583333
Acoustic Grand Piano,0,63,D#4,127,0.08698443750000706,117.37744429166666,117.46442872916667
Acoustic Grand Piano,0,63,D#4,127,0.048324687499999186,118.4438090625,118.49213375
Acoustic Grand Piano,0,63,D#4,127,0.09987102083333355,118.6177779375,118.71764895833333
Acoustic Grand Piano,0,63,D#4,127,0.048324687499999186,119.6809210625,119.72924575
Acoustic Grand Piano,0,63,D#4,127,0.08698443749999285,119.845225,119.93220943749999
Acoustic Grand Piano,0,63,D#4,127,0.04510304166666401,120.91481141666667,120.95991445833333
Acoustic Grand Piano,0,63,D#4,127,0.09664937499999837,121.082337,121.178986375
Acoustic Grand Piano,0,63,D#4,127,0.08698443750000706,122.14870177083333,122.23568620833333
Acoustic Grand Piano,0,63,D#4,127,0.09020608333334224,122.474088,122.56429408333334
Acoustic Grand Piano,0,63,D#4,127,0.04510304166666401,123.401922,123.44702504166666
Acoustic Grand Piano,0,63,D#4,127,0.09987102083333355,123.57266922916666,123.67254025
Acoustic Grand Piano,0,63,D#4,127,0.0579896249999905,124.6293690625,124.6873586875
Acoustic Grand Piano,0,63,D#4,127,0.09020608333332802,124.793673,124.88387908333333
Acoustic Grand Piano,0,63,D#4,127,0.05154633333332015,125.876146,125.92769233333333
Acoustic Grand Piano,0,63,D#4,127,0.1063143125000039,126.04367158333334,126.14998589583334
Acoustic Grand Piano,0,63,D#4,127,0.05154633333333436,127.11647964583334,127.16802597916667
Acoustic Grand Piano,0,63,D#4,127,0.09664937499999837,127.27434029166666,127.37098966666666
Acoustic Grand Piano,0,63,D#4,127,0.0483246875000134,128.32781847916667,128.37614316666668
Acoustic Grand Piano,0,63,D#4,127,0.09987102083331933,128.505009,128.60488002083332
Acoustic Grand Piano,0,63,D#4,127,0.054767979166683745,129.58103870833332,129.6358066875
Acoustic Grand Piano,0,63,D#4,127,0.08054114583333671,129.742121,129.82266214583333
Acoustic Grand Piano,0,63,D#4,127,0.05154633333333436,130.824594,130.87614033333332
Acoustic Grand Piano,0,63,D#4,127,0.09342772916667741,131.00178452083333,131.09521225
Acoustic Grand Piano,0,63,D#4,127,0.045103041666692434,132.061706,132.10680904166668
Acoustic Grand Piano,0,63,D#4,127,0.0837627916666861,132.216345,132.30010779166668
Acoustic Grand Piano,0,63,D#4,127,0.05154633333333436,133.28270977083332,133.33425610416666
Acoustic Grand Piano,0,63,D#4,127,0.0966493750000268,133.453457,133.550106375
Acoustic Grand Piano,0,63,D#4,127,0.045103041666692434,134.54881658333332,134.593919625
Acoustic Grand Piano,0,63,D#4,127,0.08054114583333671,134.709898875,134.79044002083333
Acoustic Grand Piano,0,63,D#4,127,0.05154633333333436,135.76982035416665,135.8213666875
Acoustic Grand Piano,0,63,D#4,127,0.08376279166665768,135.93412429166668,136.01788708333333
Acoustic Grand Piano,0,63,D#4,127,0.04510304166666401,137.00693235416668,137.05203539583334
Acoustic Grand Piano,0,63,D#4,127,0.08698443750000706,137.18090122916666,137.26788566666667
Acoustic Grand Piano,0,63,D#4,127,0.04510304166666401,138.247266,138.29236904166666
Acoustic Grand Piano,0,63,D#4,127,0.09020608333332802,138.401905,138.49211108333333
Acoustic Grand Piano,0,63,D#4,127,0.028994812500002354,139.4747130625,139.503707875
Acoustic Grand Piano,0,63,D#4,127,0.08698443750000706,139.639017,139.7260014375
Acoustic Grand Piano,0,63,D#4,127,0.0354381041666727,140.702160125,140.73759822916668
Acoustic Grand Piano,0,63,D#4,127,0.07409785416666637,140.86968570833332,140.9437835625
Acoustic Grand Piano,0,63,D#4,127,0.028994812500002354,141.9489370625,141.977931875
Acoustic Grand Piano,0,63,D#4,127,0.08698443750000706,142.11646264583334,142.20344708333334
Acoustic Grand Piano,0,63,D#4,127,0.04188139583334305,143.19249235416666,143.23437375
Acoustic Grand Piano,0,63,D#4,127,0.09020608333332802,143.34390970833334,143.43411579166667
Acoustic Grand Piano,0,63,D#4,127,0.04510304166666401,144.42960435416666,144.47470739583332
Acoustic Grand Piano,0,63,D#4,127,0.08698443750000706,144.60357322916667,144.69055766666668
Acoustic Grand Piano,0,63,D#4,127,0.04188139583334305,145.65705141666666,145.6989328125
Acoustic Grand Piano,0,63,D#4,127,0.09020608333335645,145.81491206249999,145.90511814583334
Acoustic Grand Piano,0,63,D#4,127,0.04188139583334305,146.89094177083334,146.93282316666668
Acoustic Grand Piano,0,63,D#4,127,0.11275760416668845,147.05846735416665,147.17122495833334
Acoustic Grand Piano,0,63,D#4,127,0.04188139583334305,148.1344970625,148.17637845833335
Acoustic Grand Piano,0,63,D#4,127,0.09987102083331933,148.29557935416668,148.395450375
Acoustic Grand Piano,0,63,D#4,127,0.04188139583331463,149.36838741666668,149.4102688125
Acoustic Grand Piano,0,63,D#4,127,0.09020608333335645,149.54557793749998,149.63578402083334
Acoustic Grand Piano,0,63,D#4,127,0.04510304166666401,150.6087210625,150.65382410416666
Acoustic Grand Piano,0,63,D#4,127,0.09342772916667741,150.773025,150.86645272916667
Acoustic Grand Piano,0,63,D#4,127,0.04510304166666401,151.84261141666667,151.88771445833333
Acoustic Grand Piano,0,63,D#4,127,0.08054114583333671,152.02302358333333,152.10356472916666
Acoustic Grand Piano,0,63,D#4,127,0.038659749999993664,153.11516152083334,153.15382127083333
Acoustic Grand Piano,0,63,D#4,127,0.09342772916664899,153.26335722916667,153.35678495833332
Acoustic Grand Piano,0,63,D#4,127,0.04510304166666401,154.32327870833333,154.36838175
Acoustic Grand Piano,0,63,D#4,127,0.08698443750000706,154.51013416666666,154.59711860416667
Acoustic Grand Piano,0,63,D#4,127,0.028994812500002354,155.56039070833333,155.58938552083333
Acoustic Grand Piano,0,63,D#4,127,0.09342772916664899,155.7118080625,155.80523579166666
Acoustic Grand Piano,0,63,D#4,127,0.0483246875000134,156.82649752083333,156.87482220833334
Acoustic Grand Piano,0,63,D#4,127,0.07731949999998733,156.99402310416667,157.07134260416666
Acoustic Grand Piano,0,63,D#4,127,0.05798962500000471,158.041058,158.099047625
Acoustic Grand Piano,0,63,D#4,127,0.08376279166665768,158.2246918125,158.30845460416666
Acoustic Grand Piano,0,63,D#4,127,0.048324687499984975,159.25239683333334,159.30072152083332
Acoustic Grand Piano,0,63,D#4,127,0.08698443750000706,159.40059254166667,159.48757697916668
Acoustic Grand Piano,0,63,D#4,127,0.05154633333333436,160.50239541666667,160.55394175
Acoustic Grand Piano,0,63,D#4,127,0.07731950000001575,160.69247252083332,160.76979202083334
Acoustic Grand Piano,0,63,D#4,127,0.038659750000022086,161.73628577083332,161.77494552083334
Acoustic Grand Piano,0,63,D#4,127,0.07731949999998733,161.89414641666667,161.97146591666666
Acoustic Grand Piano,0,63,D#4,127,0.04510304166666401,162.97661941666667,163.02172245833333
Acoustic Grand Piano,0,63,D#4,127,0.10309266666666872,163.14736664583333,163.2504593125
Acoustic Grand Piano,0,63,D#4,127,0.038659749999993664,164.22017470833333,164.25883445833333
Acoustic Grand Piano,0,63,D#4,127,0.08698443750000706,164.37803535416666,164.46501979166666
Acoustic Grand Piano,0,63,D#4,127,0.038659749999993664,165.4540650625,165.4927248125
Acoustic Grand Piano,0,63,D#4,127,0.08698443750000706,165.6280339375,165.715018375
Acoustic Grand Piano,0,63,D#4,127,0.04188139583334305,166.700842,166.74272339583334
Acoustic Grand Piano,0,63,D#4,127,0.08698443750000706,166.855481,166.9424654375
Acoustic Grand Piano,0,63,D#4,127,0.038659749999993664,167.9282890625,167.9669488125
Acoustic Grand Piano,0,63,D#4,127,0.09342772916667741,168.092593,168.18602072916667
Acoustic Grand Piano,0,63,D#4,127,0.04188139583334305,169.175066,169.21694739583333
Acoustic Grand Piano,0,63,D#4,127,0.09342772916664899,169.32648335416667,169.41991108333332
Acoustic Grand Piano,0,63,D#4,127,0.038659749999993664,170.412178,170.45083775
Acoustic Grand Piano,0,63,D#4,127,0.07731949999998733,170.58292522916668,170.66024472916666
Acoustic Grand Piano,0,63,D#4,127,0.04510304166666401,171.629960125,171.67506316666666
Acoustic Grand Piano,0,63,D#4,127,0.08376279166665768,171.79748570833334,171.8812485
Acoustic Grand Piano,0,63,D#4,127,0.02577316666668139,172.86062883333332,172.886402
Acoustic Grand Piano,0,63,D#4,127,0.07409785416666637,173.04426264583333,173.1183605
Acoustic Grand Piano,0,63,D#4,127,0.04510304166666401,174.10740577083334,174.1525088125
Acoustic Grand Piano,0,63,D#4,127,0.09342772916664899,174.2684880625,174.36191579166666
Acoustic Grand Piano,0,63,D#4,127,0.04188139583334305,175.34451777083333,175.38639916666668
Acoustic Grand Piano,0,63,D#4,127,0.08698443749997864,175.51204335416668,175.59902779166666
Acoustic Grand Piano,0,63,D#4,127,0.038659749999993664,176.58162977083333,176.62028952083332
Acoustic Grand Piano,0,63,D#4,127,0.09020608333335645,176.73949041666665,176.8296965
Acoustic Grand Piano,0,63,D#4,127,0.038659750000022086,177.82840670833332,177.86706645833334
Acoustic Grand Piano,0,63,D#4,127,0.09342772916667741,177.989489,178.08291672916667
Acoustic Grand Piano,0,63,D#4,127,0.038659749999993664,179.06874035416666,179.10740010416666
Acoustic Grand Piano,0,63,D#4,127,0.08376279166665768,179.22337935416667,179.30714214583332
Acoustic Grand Piano,0,63,D#4,127,0.038659749999993664,180.289744125,180.328403875
Acoustic Grand Piano,0,63,D#4,127,0.07731950000001575,180.46049135416666,180.53781085416668
Acoustic Grand Piano,0,63,D#4,127,0.08698443749997864,181.546186,181.63317043749998
Acoustic Grand Piano,0,63,D#4,127,0.038659749999993664,182.7736330625,182.8122928125
Acoustic Grand Piano,0,63,D#4,127,0.08376279166665768,182.937937,183.02169979166666
Acoustic Grand Piano,0,63,D#4,127,0.0483246875000134,184.01396670833333,184.06229139583334
Acoustic Grand Piano,0,63,D#4,127,0.07731949999998733,184.18149229166667,184.25881179166666
Acoustic Grand Piano,0,63,D#4,127,0.04188139583331463,185.2478570625,185.28973845833332
Acoustic Grand Piano,0,63,D#4,127,0.08376279166665768,185.412161,185.49592379166666
Acoustic Grand Piano,0,63,D#4,127,0.03221645833332332,186.47852577083333,186.51074222916665
Acoustic Grand Piano,0,63,D#4,127,0.07731950000001575,186.64282970833332,186.72014920833334
Acoustic Grand Piano,0,63,D#4,127,0.03221645833332332,187.72530270833334,187.75751916666667
Acoustic Grand Piano,0,63,D#4,127,0.09987102083334776,187.886385,187.98625602083334
Acoustic Grand Piano,0,63,D#4,127,0.04510304166666401,190.20274835416666,190.24785139583332
Acoustic Grand Piano,0,63,D#4,127,0.09020608333332802,190.38316052083334,190.47336660416667
Acoustic Grand Piano,0,63,D#4,127,0.04510304166666401,191.43663870833333,191.48174175
Acoustic Grand Piano,0,63,D#4,127,0.08376279166665768,191.597721,191.68148379166666
Acoustic Grand Piano,0,63,D#4,127,0.038659749999993664,192.6705290625,192.7091888125
Acoustic Grand Piano,0,63,D#4,127,0.0837627916666861,192.86060616666666,192.94436895833334
Acoustic Grand Piano,0,63,D#4,127,0.04188139583334305,193.917306,193.95918739583334
Acoustic Grand Piano,0,63,D#4,127,0.09020608333332802,194.071945,194.16215108333333
Acoustic Grand Piano,0,63,D#4,127,0.048324687499984975,195.1447530625,195.19307775
Acoustic Grand Piano,0,63,D#4,127,0.09664937499999837,195.309057,195.405706375
Acoustic Grand Piano,0,63,D#4,127,0.038659749999993664,197.62542035416666,197.66408010416666
Acoustic Grand Piano,0,63,D#4,127,0.06765456249999602,197.8122758125,197.879930375
Acoustic Grand Piano,0,63,D#4,127,0.04188139583334305,200.09642270833334,200.13830410416668
Acoustic Grand Piano,0,63,D#4,127,0.09020608333332802,200.257505,200.34771108333334
Acoustic Grand Piano,0,63,D#4,127,0.09342772916667741,201.35930787499998,201.45273560416666
Acoustic Grand Piano,0,63,D#4,127,0.08054114583333671,212.80259387499999,212.88313502083332
Acoustic Grand Piano,0,63,D#4,127,0.05798962500000471,213.72398458333333,213.78197420833334
Acoustic Grand Piano,0,63,D#4,127,0.09020608333332802,213.90117510416667,213.9913811875
Acoustic Grand Piano,0,63,D#4,127,0.05476797916665532,214.928880125,214.98364810416666
Acoustic Grand Piano,0,63,D#4,127,0.09020608333332802,215.09962735416667,215.1898334375
Acoustic Grand Piano,0,63,D#4,127,0.019329875000011043,216.16921377083332,216.18854364583333
Acoustic Grand Piano,0,63,D#4,127,0.09664937499999837,216.339961,216.436610375
Acoustic Grand Piano,0,63,D#4,127,0.057989624999976286,217.422434,217.480423625
Acoustic Grand Piano,0,63,D#4,127,0.08698443749997864,217.59318122916667,217.68016566666665
Acoustic Grand Piano,0,63,D#4,127,0.03221645833335174,218.65632435416666,218.6885408125
Acoustic Grand Piano,0,63,D#4,127,0.07731949999998733,218.8431798125,218.9204993125
Acoustic Grand Piano,0,63,D#4,127,0.05154633333333436,219.88377141666666,219.93531775
Acoustic Grand Piano,0,63,D#4,127,0.09020608333332802,220.051297,220.14150308333333
Acoustic Grand Piano,0,63,D#4,127,0.038659749999993664,221.1241050625,221.1627648125
Acoustic Grand Piano,0,63,D#4,127,0.08376279166665768,221.30129558333334,221.385058375
Acoustic Grand Piano,0,63,D#4,127,0.08698443750000706,222.370882,222.4578664375
Acoustic Grand Piano,0,63,D#4,127,0.06765456250002444,232.60282916666665,232.67048372916668
Acoustic Grand Piano,0,63,D#4,127,0.05154633333333436,233.50489,233.55643633333332
Acoustic Grand Piano,0,63,D#4,127,0.08376279166665768,233.68530216666667,233.76906495833333
Acoustic Grand Piano,0,63,D#4,127,0.048324687499984975,234.72911541666667,234.77744010416666
Acoustic Grand Piano,0,63,D#4,127,0.08054114583333671,234.89341935416667,234.9739605
Acoustic Grand Piano,0,63,D#4,127,0.048324687499984975,235.979114,236.0274386875
Acoustic Grand Piano,0,63,D#4,127,0.07731950000001575,236.16919110416666,236.24651060416667
Acoustic Grand Piano,0,63,D#4,127,0.05154633333333436,237.2065610625,237.25810739583332
Acoustic Grand Piano,0,63,D#4,127,0.07409785416666637,237.3805299375,237.45462779166667
Acoustic Grand Piano,0,63,D#4,127,0.04188139583334305,238.44689470833333,238.48877610416667
Acoustic Grand Piano,0,63,D#4,127,0.08698443750000706,238.6176419375,238.704626375
Acoustic Grand Piano,0,63,D#4,127,0.0483246875000134,239.671120125,239.7194448125
Acoustic Grand Piano,0,63,D#4,127,0.07731949999998733,239.83864570833333,239.91596520833332
Acoustic Grand Piano,0,63,D#4,127,0.04188139583334305,240.90501047916666,240.946891875
Acoustic Grand Piano,0,63,D#4,127,0.08054114583333671,241.08864429166667,241.1691854375
Acoustic Grand Piano,0,63,D#4,127,0.0837627916666861,242.164674,242.24843679166668
Acoustic Grand Piano,0,63,D#4,127,0.06121127083332567,243.711064,243.77227527083332
Acoustic Grand Piano,0,63,D#4,127,0.06121127083332567,244.62601141666667,244.6872226875
Acoustic Grand Piano,0,63,D#4,127,0.09664937499999837,244.80964522916668,244.90629460416667
Acoustic Grand Piano,0,63,D#4,127,0.06765456249999602,245.85345847916668,245.92111304166667
Acoustic Grand Piano,0,63,D#4,127,0.09664937499999837,246.030649,246.127298375
Acoustic Grand Piano,0,63,D#4,127,0.05154633333333436,247.10345706249998,247.15500339583332
Acoustic Grand Piano,0,63,D#4,127,0.09342772916664899,247.28386922916667,247.37729695833332
Acoustic Grand Piano,0,63,D#4,127,0.04188139583334305,249.57123777083333,249.61311916666668
Acoustic Grand Piano,0,63,D#4,127,0.08698443750000706,249.75809322916666,249.84507766666667
Acoustic Grand Piano,0,63,D#4,127,0.038659749999993664,252.042240125,252.080899875
Acoustic Grand Piano,0,63,D#4,127,0.09020608333332802,252.216209,252.30641508333332
Acoustic Grand Piano,0,63,D#4,127,0.05154633333333436,253.29546035416666,253.3470066875
Acoustic Grand Piano,0,63,D#4,127,0.09020608333335645,253.453321,253.54352708333334
Acoustic Grand Piano,0,63,D#4,127,0.04510304166666401,254.52290741666667,254.56801045833333
Acoustic Grand Piano,0,63,D#4,127,0.0837627916666861,254.70331958333333,254.787082375
Acoustic Grand Piano,0,63,D#4,127,0.05154633333330594,255.75679777083334,255.80834410416665
Acoustic Grand Piano,0,63,D#4,127,0.08698443750000706,255.93398829166665,256.02097272916666
Acoustic Grand Piano,0,63,D#4,127,0.048324687499984975,256.990688125,257.0390128125
Acoustic Grand Piano,0,63,D#4,127,0.0966493750000268,257.164657,257.261306375
Acoustic Grand Piano,0,63,D#4,127,0.0547679791666269,259.464912125,259.51968010416664
Acoustic Grand Piano,0,63,D#4,127,0.09020608333338487,259.63888099999997,259.72908708333335
Acoustic Grand Piano,0,63,D#4,127,0.05798962500000471,260.31220497916667,260.37019460416667
Acoustic Grand Piano,0,63,D#4,127,0.07087620833328856,260.45395739583336,260.52483360416664
Acoustic Grand Piano,0,63,D#4,127,0.0547679791666269,261.92302789583334,261.97779587499997
Acoustic Grand Piano,0,63,D#4,127,0.08698443750000706,262.1002184166667,262.1872028541667
Acoustic Grand Piano,0,63,D#4,127,0.04188139583334305,263.195578,263.23745939583335
Acoustic Grand Piano,0,63,D#4,127,0.06121127083332567,264.57444241666667,264.6356536875
Acoustic Grand Piano,0,63,D#4,127,0.07409785416666637,264.75807622916665,264.8321740833333
Acoustic Grand Piano,0,66,F#4,127,0.09664937500000015,4.935561416666666,5.0322107916666665
Acoustic Grand Piano,0,66,F#4,127,0.061211270833332776,5.4027000625,5.463911333333333
Acoustic Grand Piano,0,66,F#4,127,0.07731949999999976,5.567004,5.6443235
Acoustic Grand Piano,0,66,F#4,127,0.06765456250000046,5.876282,5.9439365625
Acoustic Grand Piano,0,65,F4,127,0.06443291666666617,6.3498639375,6.4142968541666665
Acoustic Grand Piano,0,65,F4,127,0.07731949999999976,6.514167875,6.591487375
Acoustic Grand Piano,0,65,F4,127,0.09664937500000015,6.804116,6.900765375
Acoustic Grand Piano,0,65,F4,127,0.09342772916666497,8.067001166666667,8.160428895833332
Acoustic Grand Piano,0,66,F#4,127,0.03543810416666737,8.443933729166666,8.479371833333333
Acoustic Grand Piano,0,66,F#4,127,0.05154633333333436,8.54380475,8.595351083333334
Acoustic Grand Piano,0,66,F#4,127,0.04188139583333417,8.617902604166666,8.659784
Acoustic Grand Piano,0,65,F4,127,0.061211270833332776,20.918146395833332,20.979357666666665
Acoustic Grand Piano,0,65,F4,127,0.10953595833333196,40.824696,40.934231958333335
Acoustic Grand Piano,0,65,F4,127,0.09987102083333355,47.93486835416667,48.034739375
Acoustic Grand Piano,0,65,F4,127,0.08698443749999285,75.154554,75.2415384375
Acoustic Grand Piano,0,65,F4,127,0.048324687499999186,116.76533158333334,116.81365627083333
Acoustic Grand Piano,0,65,F4,127,0.06121127083333988,116.926413875,116.98762514583333
Acoustic Grand Piano,0,65,F4,127,0.07087620833333119,117.11326933333333,117.18414554166667
Acoustic Grand Piano,0,65,F4,127,0.0483246875000134,117.37100099999999,117.4193256875
Acoustic Grand Piano,0,66,F#4,127,0.05798962500000471,117.52564,117.583629625
Acoustic Grand Piano,0,66,F#4,127,0.08376279166665768,181.101598875,181.18536166666667
Acoustic Grand Piano,0,65,F4,127,0.09020608333332802,181.27556775,181.36577383333332
Acoustic Grand Piano,0,65,F4,127,0.09020608333332802,181.546186,181.63639208333333
Acoustic Grand Piano,0,65,F4,127,0.003221645833320963,181.855464,181.85868564583333
Acoustic Grand Piano,0,66,F#4,127,0.0708762083333454,184.33290964583333,184.40378585416667
Acoustic Grand Piano,0,66,F#4,127,0.07409785416666637,184.61319283333333,184.6872906875
Acoustic Grand Piano,0,66,F#4,127,0.04188139583334305,185.412161,185.45404239583334
Acoustic Grand Piano,0,66,F#4,127,0.09020608333332802,185.5668,185.65700608333333
Acoustic Grand Piano,0,66,F#4,127,0.03221645833332332,185.89218622916667,185.9244026875
Acoustic Grand Piano,0,66,F#4,127,0.06765456249999602,186.05326852083334,186.12092308333334
Acoustic Grand Piano,0,66,F#4,127,0.06443291666667506,186.47852577083333,186.5429586875
Acoustic Grand Piano,0,65,F4,127,0.05798962500000471,187.886385,187.944374625
Acoustic Grand Piano,0,65,F4,127,0.06765456249999602,187.98947766666666,188.05713222916665
Acoustic Grand Piano,0,65,F4,127,0.07087620833331698,188.07324045833334,188.14411666666666
Acoustic Grand Piano,0,65,F4,127,0.06443291666664663,188.34708035416668,188.41151327083332
Acoustic Grand Piano,0,65,F4,127,0.07409785416666637,188.52749252083333,188.601590375
Acoustic Grand Piano,0,66,F#4,127,0.08698443749997864,188.968858,189.0558424375
Acoustic Grand Piano,0,66,F#4,127,0.07409785416666637,191.7426950625,191.81679291666666
Acoustic Grand Piano,0,65,F4,127,0.06443291666667506,195.36382497916665,195.42825789583333
Acoustic Grand Piano,0,65,F4,127,0.0708762083333454,195.50879904166666,195.57967525
Acoustic Grand Piano,0,65,F4,127,0.07409785416666637,195.72787095833334,195.8019688125
Acoustic Grand Piano,0,65,F4,127,0.06121127083332567,195.97915933333334,196.04037060416667
Acoustic Grand Piano,0,65,F4,127,0.07409785416666637,196.1305766875,196.20467454166666
Acoustic Grand Piano,0,65,F4,127,0.08054114583330829,196.37864341666668,196.45918456249998
Acoustic Grand Piano,0,65,F4,127,0.05798962500000471,197.783281,197.841270625
Acoustic Grand Piano,0,65,F4,127,0.07409785416666637,197.94114164583334,198.0152395
Acoustic Grand Piano,0,65,F4,127,0.06443291666667506,198.1215538125,198.18598672916667
Acoustic Grand Piano,0,65,F4,127,0.07409785416666637,198.3921720625,198.46626991666668
Acoustic Grand Piano,0,66,F#4,127,0.0708762083333454,198.54358941666666,198.614465625
Acoustic Grand Piano,0,65,F4,127,0.08376279166665768,198.865754,198.94951679166667
Acoustic Grand Piano,0,65,F4,127,0.11920089583333038,207.83803764583334,207.95723854166667
Acoustic Grand Piano,0,66,F#4,127,0.06443291666667506,209.52940170833332,209.593834625
Acoustic Grand Piano,0,65,F4,127,0.08054114583333671,209.6808190625,209.76136020833334
Acoustic Grand Piano,0,65,F4,127,0.06121127083335409,210.76651370833332,210.82772497916667
Acoustic Grand Piano,0,66,F#4,127,0.07409785416666637,210.93726093749999,211.01135879166665
Acoustic Grand Piano,0,66,F#4,127,0.028994812500002354,212.03584216666667,212.06483697916667
Acoustic Grand Piano,0,66,F#4,127,0.028994812500002354,212.14859977083333,212.17759458333333
Acoustic Grand Piano,0,66,F#4,127,0.0483246875000134,212.222697625,212.2710223125
Acoustic Grand Piano,0,66,F#4,127,0.048324687499984975,212.33223358333333,212.38055827083332
Acoustic Grand Piano,0,66,F#4,127,0.06121127083332567,212.4063314375,212.46754270833333
Acoustic Grand Piano,0,66,F#4,127,0.048324687499984975,212.493315875,212.5416405625
Acoustic Grand Piano,0,66,F#4,127,0.1288658333333217,212.57385702083334,212.70272285416667
Acoustic Grand Piano,0,65,F4,127,0.08698443750000706,212.783264,212.8702484375
Acoustic Grand Piano,0,66,F#4,127,0.08376279166665768,222.68016,222.76392279166666
Acoustic Grand Piano,0,66,F#4,127,0.09020608333332802,226.23363535416667,226.3238414375
Acoustic Grand Piano,0,65,F4,127,0.08698443750000706,226.40438258333333,226.49136702083334
Acoustic Grand Piano,0,65,F4,127,0.09342772916667741,226.59123804166666,226.68466577083333
Acoustic Grand Piano,0,65,F4,127,0.07409785416666637,226.85863464583332,226.9327325
Acoustic Grand Piano,0,65,F4,127,0.0837627916666861,227.03582516666665,227.11958795833334
Acoustic Grand Piano,0,65,F4,127,0.1063143125000181,227.62860799999999,227.7349223125
Acoustic Grand Piano,0,65,F4,127,0.09342772916664899,231.35283058333334,231.4462583125
Acoustic Grand Piano,0,66,F#4,127,0.028994812499973932,231.97460822916668,232.00360304166665
Acoustic Grand Piano,0,66,F#4,127,0.05154633333333436,232.03904114583332,232.09058747916666
Acoustic Grand Piano,0,66,F#4,127,0.05798962500000471,232.21301002083334,232.27099964583334
Acoustic Grand Piano,0,66,F#4,127,0.05154633333333436,232.29355116666667,232.3450975
Acoustic Grand Piano,0,66,F#4,127,0.138530770833313,232.3740923125,232.51262308333332
Acoustic Grand Piano,0,66,F#4,127,0.05476797916665532,232.577056,232.63182397916665
Acoustic Grand Piano,0,66,F#4,127,0.06765456249999602,247.4320649375,247.4997195
Acoustic Grand Piano,0,66,F#4,127,0.05798962500000471,247.7220130625,247.7800026875
Acoustic Grand Piano,0,66,F#4,127,0.07731949999998733,247.88953864583334,247.96685814583333
Acoustic Grand Piano,0,66,F#4,127,0.019329875000011043,248.195595,248.214924875
Acoustic Grand Piano,0,66,F#4,127,0.05798962500000471,248.350234,248.408223625
Acoustic Grand Piano,0,65,F4,127,0.048324687499984975,249.7323200625,249.78064475
Acoustic Grand Piano,0,65,F4,127,0.05476797916665532,249.81608285416667,249.87085083333332
Acoustic Grand Piano,0,65,F4,127,0.07409785416666637,249.9062889375,249.98038679166666
Acoustic Grand Piano,0,65,F4,127,0.07409785416666637,250.13180414583334,250.205902
Acoustic Grand Piano,0,66,F#4,127,0.06765456250002444,250.3895358125,250.457190375
Acoustic Grand Piano,0,66,F#4,127,0.05476797916665532,250.5635046875,250.61827266666666
Acoustic Grand Piano,0,66,F#4,127,0.07731950000001575,250.824458,250.9017775
Acoustic Grand Piano,0,65,F4,127,0.054767979166683745,257.18076522916664,257.2355332083333
Acoustic Grand Piano,0,65,F4,127,0.08054114583330829,257.32251764583333,257.40305879166664
Acoustic Grand Piano,0,65,F4,127,0.06443291666664663,257.51259475,257.57702766666665
Acoustic Grand Piano,0,65,F4,127,0.06443291666670348,257.783213,257.8476459166667
Acoustic Grand Piano,0,66,F#4,127,0.028994812500002354,257.9539602291667,257.9829550416667
Acoustic Grand Piano,0,65,F4,127,0.03221645833332332,257.9668468125,257.99906327083335
Acoustic Grand Piano,0,66,F#4,127,0.06121127083332567,258.26968152083333,258.33089279166666
Acoustic Grand Piano,0,65,F4,127,0.054767979166683745,259.63888099999997,259.69364897916665
Acoustic Grand Piano,0,65,F4,127,0.0676545624999676,259.7162005,259.7838550625
Acoustic Grand Piano,0,65,F4,127,0.06443291666664663,259.8192931666667,259.88372608333333
Acoustic Grand Piano,0,65,F4,127,0.07731949999998733,260.00292697916666,260.08024647916665
Acoustic Grand Piano,0,66,F#4,127,0.06443291666664663,260.25421535416666,260.3186482708333
Acoustic Grand Piano,0,66,F#4,127,0.06443291666664663,260.412076,260.47650891666666
Acoustic Grand Piano,0,66,F#4,127,0.0708762083333454,260.7342405833333,260.80511679166665
Brass Section,61,74,D5,127,0.10309266666666694,4.945226354166667,5.0483190208333335
Brass Section,61,74,D5,127,0.08698443749999996,5.412365,5.4993494375
Brass Section,61,74,D5,127,0.14175241666666594,5.592777166666667,5.734529583333333
Brass Section,61,72,C5,127,0.7699733541666669,5.91494175,6.684915104166667
Brass Section,61,70,A#4,127,0.10309266666666606,6.829889166666667,6.932981833333333
Brass Section,61,72,C5,127,0.11597925000000053,6.9877498125,7.1037290625
Brass Section,61,74,D5,127,0.11920089583333393,7.2583680625,7.377568958333334
Brass Section,61,70,A#4,127,0.09664937499999837,15.022534520833334,15.119183895833332
Brass Section,61,74,D5,127,0.10631431249999856,15.019312875,15.1256271875
Brass Section,61,79,G5,127,0.11920089583333215,15.016091229166667,15.135292125
Brass Section,61,74,D5,127,0.09987102083333355,17.783485,17.883356020833332
Brass Section,61,74,D5,127,0.42525725000000136,17.957453875,18.382711125
Brass Section,61,72,C5,127,0.08054114583333316,18.47291720833333,18.553458354166665
Brass Section,61,72,C5,127,0.44458712500000175,18.598561395833332,19.043148520833334
Brass Section,61,72,C5,127,0.10631431250000034,19.191344229166667,19.297658541666667
Brass Section,61,70,A#4,127,0.1224225416666691,19.36209145833333,19.484514
Brass Section,61,72,C5,127,0.09987102083333355,19.6294880625,19.729359083333332
Brass Section,61,74,D5,127,0.24162343749999948,19.793792,20.0354154375
Brass Section,61,74,D5,127,0.1707472291666683,20.283482166666666,20.454229395833334
Brass Section,61,72,C5,127,0.11275760416666714,29.845327,29.958084604166668
Brass Section,61,74,D5,127,0.1224225416666691,29.9903010625,30.112723604166668
Brass Section,61,72,C5,127,0.4027057291666658,30.148161708333333,30.5508674375
Brass Section,61,74,D5,127,0.1449740625000011,30.586305541666665,30.731279604166666
Brass Section,61,74,D5,127,0.16752558333333312,30.914913416666668,31.082439
Brass Section,61,70,A#4,127,0.09664937499999837,39.70356325,39.800212625
Brass Section,61,74,D5,127,0.09987102083333355,39.70356325,39.803434270833336
Brass Section,61,74,D5,127,0.08376279166666478,40.0225061875,40.106268979166664
Brass Section,61,70,A#4,127,0.0934277291666632,40.025727833333335,40.1191555625
Brass Section,61,74,D5,127,0.06765456249999602,40.34789241666667,40.41554697916666
Brass Section,61,70,A#4,127,0.07731950000000154,40.34789241666667,40.42521191666667
Brass Section,61,74,D5,127,0.08054114583333671,40.531526229166666,40.612067375
Brass Section,61,70,A#4,127,0.10953595833333196,40.51863964583333,40.628175604166664
Brass Section,61,70,A#4,127,0.11275760416666003,40.824696,40.93745360416666
Brass Section,61,74,D5,127,0.1159792499999952,40.824696,40.94067525
Brass Section,61,74,D5,127,0.09020608333333513,44.99350570833333,45.083711791666666
Brass Section,61,74,D5,127,0.40592737500000453,45.16747458333333,45.573401958333335
Brass Section,61,72,C5,127,0.08054114583333671,45.65716475,45.73770589583334
Brass Section,61,72,C5,127,0.5219066249999997,45.81180375,46.333710375
Brass Section,61,72,C5,127,0.11275760416666714,46.4206948125,46.53345241666667
Brass Section,61,70,A#4,127,0.16752558333332956,46.5946636875,46.76218927083333
Brass Section,61,72,C5,127,0.10631431249999679,46.8652819375,46.97159625
Brass Section,61,74,D5,127,0.19652039583333192,47.06502397916667,47.261544375
Brass Section,61,74,D5,127,0.18041216666666315,47.49028122916667,47.67069339583333
Brass Section,61,72,C5,127,0.11275760416666714,57.061791,57.17454860416667
Brass Section,61,74,D5,127,0.12564418750000073,57.20354341666667,57.32918760416667
Brass Section,61,72,C5,127,0.35438104166666307,57.364625708333335,57.71900675
Brass Section,61,74,D5,127,0.16108229166666632,57.80921283333333,57.970295125
Brass Section,61,74,D5,127,0.1514173541666679,58.163593875,58.315011229166664
Brass Section,61,74,D5,127,0.06765456250001023,66.97479522916666,67.04244979166667
Brass Section,61,70,A#4,127,0.0708762083333454,66.978016875,67.04889308333334
Brass Section,61,79,G5,127,0.08054114583333671,66.978016875,67.05855802083333
Brass Section,61,70,A#4,127,0.07087620833333119,67.2776299375,67.34850614583333
Brass Section,61,79,G5,127,0.07731950000000154,67.2776299375,67.3549494375
Brass Section,61,74,D5,127,0.07731950000000154,67.2776299375,67.3549494375
Brass Section,61,74,D5,127,0.06443291666666084,67.5675780625,67.63201097916667
Brass Section,61,70,A#4,127,0.06765456249999602,67.5675780625,67.635232625
Brass Section,61,79,G5,127,0.07087620833333119,67.5675780625,67.63845427083334
Brass Section,61,79,G5,127,0.09020608333332802,67.73510364583333,67.82530972916666
Brass Section,61,74,D5,127,0.09020608333332802,67.73510364583333,67.82530972916666
Brass Section,61,70,A#4,127,0.0934277291666632,67.73510364583333,67.828531375
Brass Section,61,70,A#4,127,0.06443291666666084,68.04116,68.10559291666667
Brass Section,61,79,G5,127,0.06765456249999602,68.04116,68.1088145625
Brass Section,61,74,D5,127,0.07731950000000154,68.04116,68.1184795
Brass Section,61,74,D5,127,0.09020608333334224,72.20030477083333,72.29051085416667
Brass Section,61,74,D5,127,0.3511593958333208,72.371052,72.72221139583333
Brass Section,61,74,D5,127,0.11275760416666003,72.81886077083334,72.931618375
Brass Section,61,72,C5,127,0.46391699999999503,72.989608,73.453525
Brass Section,61,72,C5,127,0.12564418750000073,73.608164,73.7338081875
Brass Section,61,70,A#4,127,0.16752558333332956,73.782132875,73.94965845833333
Brass Section,61,72,C5,127,0.09664937499999837,74.08818922916667,74.18483860416667
Brass Section,61,74,D5,127,0.15463900000000308,74.2750446875,74.4296836875
Brass Section,61,74,D5,127,0.18363381250000543,74.69385864583333,74.87749245833334
Brass Section,61,74,D5,127,0.07087620833333119,84.123616,84.19449220833333
Brass Section,61,70,A#4,127,0.07731950000000154,84.123616,84.2009355
Brass Section,61,74,D5,127,0.06121127083332567,84.278255,84.33946627083333
Brass Section,61,70,A#4,127,0.07409785416666637,84.278255,84.35235285416667
Brass Section,61,74,D5,127,0.0579896249999905,84.42967235416667,84.48766197916666
Brass Section,61,70,A#4,127,0.07087620833333119,84.42645070833333,84.49732691666667
Brass Section,61,74,D5,127,0.08376279166665768,84.5778680625,84.66163085416666
Brass Section,61,70,A#4,127,0.09020608333332802,84.57142477083333,84.66163085416666
Brass Section,61,66,F#4,127,0.09020608333332802,92.7834,92.87360608333333
Brass Section,61,69,A4,127,0.09987102083333355,92.7834,92.88327102083333
Brass Section,61,67,G4,127,0.10631431249998968,93.711234,93.8175483125
Brass Section,61,70,A#4,127,0.11275760416666003,93.711234,93.82399160416666
Brass Section,61,66,F#4,127,0.09664937499999837,94.06561504166666,94.16226441666666
Brass Section,61,69,A4,127,0.10309266666666872,94.06561504166666,94.16870770833333
Brass Section,61,67,G4,127,0.09987102083333355,94.948346,95.04821702083333
Brass Section,61,70,A#4,127,0.1063143125000039,94.948346,95.0546603125
Brass Section,61,66,F#4,127,0.09020608333334224,95.28339716666666,95.37360325
Brass Section,61,69,A4,127,0.09020608333334224,95.28339716666666,95.37360325
Brass Section,61,66,F#4,127,0.10309266666665451,95.87618,95.97927266666666
Brass Section,61,69,A4,127,0.10953595833332486,95.87618,95.98571595833333
Brass Section,61,67,G4,127,0.27706154166666863,96.958653,97.23571454166667
Brass Section,61,70,A#4,127,0.283504833333339,96.958653,97.24215783333334
Brass Section,61,70,A#4,127,0.07087620833333119,106.56882252083334,106.63969872916667
Brass Section,61,74,D5,127,0.08376279166667189,106.56237922916667,106.64614202083334
Brass Section,61,79,G5,127,0.0934277291666632,106.56237922916667,106.65580695833333
Brass Section,61,74,D5,127,0.09664937499999837,109.329773,109.426422375
Brass Section,61,74,D5,127,0.3865974999999935,109.49729858333333,109.88389608333333
Brass Section,61,72,C5,127,0.08376279166667189,109.94188570833333,110.0256485
Brass Section,61,72,C5,127,0.4929118124999974,110.102968,110.5958798125
Brass Section,61,72,C5,127,0.11920089583333038,110.68608589583333,110.80528679166666
Brass Section,61,70,A#4,127,0.1997420416666671,110.86971970833334,111.06946175
Brass Section,61,72,C5,127,0.09020608333332802,111.1757760625,111.26598214583333
Brass Section,61,74,D5,127,0.11275760416666003,111.34008,111.45283760416666
Brass Section,61,72,C5,127,0.0934277291666632,111.514048875,111.60747660416666
Brass Section,61,74,D5,127,0.12242254166666555,111.803997,111.92641954166666
Brass Section,61,69,A4,127,0.07409785416666637,152.34196652083332,152.416064375
Brass Section,61,81,A5,127,0.0708762083333454,152.35485310416666,152.4257293125
Brass Section,61,77,F5,127,0.08054114583333671,152.35807475,152.43861589583332
Brass Section,61,65,F4,127,0.0966493750000268,152.50627045833332,152.60291983333335
Brass Section,61,81,A5,127,0.09342772916667741,152.51271375,152.60614147916667
Brass Section,61,69,A4,127,0.10953595833333907,152.5030488125,152.61258477083334
Brass Section,61,77,F5,127,0.10631431249998968,152.51593539583334,152.62224970833333
Brass Section,61,69,A4,127,0.05476797916665532,152.783332,152.83809997916666
Brass Section,61,81,A5,127,0.06765456249999602,152.783332,152.8509865625
Brass Section,61,77,F5,127,0.09987102083331933,152.7736670625,152.87353808333333
Brass Section,61,67,G4,127,0.10953595833333907,152.783332,152.89286795833334
Brass Section,61,79,G5,127,0.06765456249999602,152.96374416666666,153.03139872916665
Brass Section,61,70,A#4,127,0.07409785416666637,152.96374416666666,153.03784202083332
Brass Section,61,82,A#5,127,0.0837627916666861,152.957300875,153.04106366666667
Brass Section,61,65,F4,127,0.04188139583334305,153.27624381249998,153.31812520833333
Brass Section,61,69,A4,127,0.07409785416666637,153.26335722916667,153.33745508333334
Brass Section,61,77,F5,127,0.08054114583333671,153.26335722916667,153.343898375
Brass Section,61,81,A5,127,0.08376279166665768,153.26335722916667,153.34712002083333
Brass Section,61,70,A#4,127,0.07409785416666637,155.71825135416665,155.79234920833332
Brass Section,61,74,D5,127,0.07409785416666637,155.721473,155.79557085416667
Brass Section,61,79,G5,127,0.07731950000001575,155.71825135416665,155.79557085416667
Brass Section,61,82,A#5,127,0.08376279166665768,155.721473,155.80523579166666
Brass Section,61,67,G4,127,0.08376279166665768,155.721473,155.80523579166666
Brass Section,61,82,A#5,127,0.05154633333333436,156.40124027083334,156.45278660416668
Brass Section,61,79,G5,127,0.05798962500000471,156.39479697916667,156.45278660416668
Brass Section,61,67,G4,127,0.07087620833331698,156.38513204166668,156.45600825
Brass Section,61,82,A#5,127,0.06121127083332567,156.53654939583333,156.59776066666666
Brass Section,61,79,G5,127,0.06121127083332567,156.53654939583333,156.59776066666666
Brass Section,61,67,G4,127,0.06443291666667506,156.53654939583333,156.6009823125
Brass Section,61,79,G5,127,0.06765456249999602,156.67185852083333,156.73951308333332
Brass Section,61,82,A#5,127,0.06765456249999602,156.67508016666667,156.74273472916667
Brass Section,61,67,G4,127,0.06443291666667506,156.68474510416667,156.74917802083334
Brass Section,61,79,G5,127,0.08376279166665768,156.80716764583335,156.8909304375
Brass Section,61,67,G4,127,0.0837627916666861,156.82005422916666,156.90381702083334
Brass Section,61,82,A#5,127,0.09987102083331933,156.80716764583335,156.90703866666666
Brass Section,61,71,B4,127,0.028994812500002354,157.287192875,157.3161876875
Brass Section,61,65,F4,127,0.04188139583334305,157.29363616666666,157.3355175625
Brass Section,61,77,F5,127,0.07409785416666637,157.267863,157.34196085416667
Brass Section,61,81,A5,127,0.07409785416666637,157.267863,157.34196085416667
Brass Section,61,69,A4,127,0.07409785416666637,157.27108464583333,157.3451825
Brass Section,61,67,G4,127,0.03221645833335174,157.46438339583332,157.49659985416667
Brass Section,61,65,F4,127,0.06121127083332567,157.45471845833333,157.51592972916666
Brass Section,61,69,A4,127,0.07409785416666637,157.44505352083334,157.519151375
Brass Section,61,81,A5,127,0.08054114583333671,157.44505352083334,157.52559466666668
Brass Section,61,77,F5,127,0.09020608333332802,157.44505352083334,157.53525960416667
Brass Section,61,81,A5,127,0.06765456249999602,157.71567177083332,157.78332633333332
Brass Section,61,65,F4,127,0.06765456249999602,157.71567177083332,157.78332633333332
Brass Section,61,69,A4,127,0.0708762083333454,157.71567177083332,157.78654797916667
Brass Section,61,77,F5,127,0.0837627916666861,157.71567177083332,157.7994345625
Brass Section,61,67,G4,127,0.07731950000001575,157.886419,157.9637385
Brass Section,61,79,G5,127,0.09342772916667741,157.886419,157.97984672916667
Brass Section,61,70,A#4,127,0.09342772916667741,157.886419,157.97984672916667
Brass Section,61,82,A#5,127,0.09664937499999837,157.886419,157.983068375
Brass Section,61,69,A4,127,0.06765456249999602,158.2246918125,158.292346375
Brass Section,61,77,F5,127,0.08376279166665768,158.215026875,158.29878966666666
Brass Section,61,65,F4,127,0.0708762083333454,158.22791345833332,158.29878966666666
Brass Section,61,81,A5,127,0.08698443749997864,158.215026875,158.30201131249999
Brass Section,61,76,E5,127,0.038659750000022086,160.51528199999998,160.55394175
Brass Section,61,70,A#4,127,0.06121127083332567,160.50239541666667,160.5636066875
Brass Section,61,67,G4,127,0.06443291666667506,160.49917377083332,160.5636066875
Brass Section,61,82,A#5,127,0.06765456249999602,160.50239541666667,160.57004997916667
Brass Section,61,79,G5,127,0.07087620833331698,160.50239541666667,160.573271625
Brass Section,61,74,D5,127,0.07731949999998733,160.50239541666667,160.57971491666666
Brass Section,61,70,A#4,127,0.07409785416666637,160.669921,160.74401885416665
Brass Section,61,82,A#5,127,0.08054114583333671,160.669921,160.75046214583332
Brass Section,61,74,D5,127,0.0837627916666861,160.669921,160.75368379166667
Brass Section,61,79,G5,127,0.0837627916666861,160.669921,160.75368379166667
Brass Section,61,67,G4,127,0.09020608333335645,160.669921,160.76012708333334
Brass Section,61,82,A#5,127,0.0483246875000134,161.29169864583332,161.34002333333333
Brass Section,61,79,G5,127,0.06121127083332567,161.288477,161.34968827083333
Brass Section,61,74,D5,127,0.06765456249999602,161.288477,161.3561315625
Brass Section,61,67,G4,127,0.0708762083333454,161.288477,161.35935320833335
Brass Section,61,79,G5,127,0.07087620833331698,161.443116,161.51399220833332
Brass Section,61,82,A#5,127,0.07409785416666637,161.443116,161.51721385416667
Brass Section,61,67,G4,127,0.07409785416666637,161.443116,161.51721385416667
Brass Section,61,74,D5,127,0.07731949999998733,161.443116,161.5204355
Brass Section,61,82,A#5,127,0.06121127083332567,161.597755,161.65896627083333
Brass Section,61,79,G5,127,0.06121127083332567,161.597755,161.65896627083333
Brass Section,61,67,G4,127,0.07087620833331698,161.597755,161.66863120833332
Brass Section,61,74,D5,127,0.07409785416666637,161.597755,161.67185285416667
Brass Section,61,74,D5,127,0.04188139583331463,161.752394,161.79427539583332
Brass Section,61,79,G5,127,0.07731950000001575,161.7427290625,161.8200485625
Brass Section,61,82,A#5,127,0.08054114583333671,161.74595070833334,161.82649185416668
Brass Section,61,67,G4,127,0.07731949999998733,161.752394,161.8297135
Brass Section,61,58,A#3,127,0.06765456249999602,169.66475616666668,169.73241072916667
Brass Section,61,55,G3,127,0.06121127083332567,169.67442110416667,169.735632375
Brass Section,61,70,A#4,127,0.07409785416666637,169.6679778125,169.74207566666666
Brass Section,61,67,G4,127,0.09020608333332802,169.66475616666668,169.75496225
Brass Section,61,58,A#3,127,0.09342772916667741,169.793622,169.88704972916668
Brass Section,61,70,A#4,127,0.09664937499999837,169.793622,169.890271375
Brass Section,61,67,G4,127,0.09987102083331933,169.793622,169.89349302083332
Brass Section,61,55,G3,127,0.10309266666666872,169.793622,169.89671466666667
Brass Section,61,58,A#3,127,0.038659749999993664,170.1318948125,170.1705545625
Brass Section,61,70,A#4,127,0.0483246875000134,170.12867316666666,170.17699785416667
Brass Section,61,55,G3,127,0.048324687499984975,170.13833810416668,170.18666279166666
Brass Section,61,67,G4,127,0.07409785416666637,170.122229875,170.19632772916665
Brass Section,61,58,A#3,127,0.08054114583333671,170.27364722916667,170.354188375
Brass Section,61,70,A#4,127,0.08054114583333671,170.276868875,170.35741002083333
Brass Section,61,55,G3,127,0.08376279166665768,170.27364722916667,170.35741002083333
Brass Section,61,67,G4,127,0.09664937499999837,170.27364722916667,170.37029660416667
Brass Section,61,55,G3,127,0.022551520833332006,170.61192004166668,170.6344715625
Brass Section,61,70,A#4,127,0.04510304166666401,170.59259016666667,170.63769320833333
Brass Section,61,58,A#3,127,0.05154633333333436,170.59259016666667,170.6441365
Brass Section,61,67,G4,127,0.05476797916665532,170.59259016666667,170.64735814583332
Brass Section,61,55,G3,127,0.07409785416666637,170.721456,170.79555385416666
Brass Section,61,58,A#3,127,0.08054114583333671,170.721456,170.80199714583333
Brass Section,61,67,G4,127,0.09342772916667741,170.721456,170.81488372916667
Brass Section,61,70,A#4,127,0.09342772916667741,170.721456,170.81488372916667
Brass Section,61,70,A#4,127,0.04510304166666401,171.05650716666668,171.10161020833334
Brass Section,61,67,G4,127,0.038659749999993664,171.06617210416667,171.10483185416666
Brass Section,61,55,G3,127,0.048324687499984975,171.05650716666668,171.10483185416666
Brass Section,61,58,A#3,127,0.06121127083332567,171.04362058333334,171.10483185416666
Brass Section,61,58,A#3,127,0.06765456249999602,171.20792452083333,171.27557908333333
Brass Section,61,55,G3,127,0.06121127083335409,171.21758945833332,171.27880072916668
Brass Section,61,70,A#4,127,0.08054114583333671,171.20792452083333,171.28846566666667
Brass Section,61,67,G4,127,0.08054114583333671,171.20792452083333,171.28846566666667
Brass Section,61,59,B3,127,0.03221645833332332,172.00044939583333,172.03266585416665
Brass Section,61,57,A3,127,0.07731950000001575,172.00044939583333,172.07776889583334
Brass Section,61,69,A4,127,0.08376279166665768,171.99722775,172.08099054166667
Brass Section,61,65,F4,127,0.08376279166665768,172.00044939583333,172.0842121875
Brass Section,61,53,F3,127,0.09987102083334776,172.00044939583333,172.10032041666668
Brass Section,61,57,A3,127,0.09342772916664899,172.13898016666667,172.23240789583332
Brass Section,61,53,F3,127,0.09664937499999837,172.1422018125,172.2388511875
Brass Section,61,69,A4,127,0.09664937499999837,172.14542345833334,172.24207283333334
Brass Section,61,65,F4,127,0.09342772916667741,172.14864510416666,172.24207283333334
Brass Section,61,58,A#3,127,0.06443291666667506,174.41990541666667,174.48433833333334
Brass Section,61,55,G3,127,0.07409785416666637,174.41990541666667,174.49400327083333
Brass Section,61,70,A#4,127,0.08054114583333671,174.41990541666667,174.5004465625
Brass Section,61,67,G4,127,0.09020608333332802,174.41990541666667,174.5101115
Brass Section,61,58,A#3,127,0.09342772916664899,174.57454441666667,174.66797214583332
Brass Section,61,55,G3,127,0.09342772916664899,174.57454441666667,174.66797214583332
Brass Section,61,67,G4,127,0.08698443749997864,174.587431,174.6744154375
Brass Section,61,70,A#4,127,0.09342772916664899,174.587431,174.68085872916666
Brass Section,61,55,G3,127,0.0483246875000134,179.593868625,179.6421933125
Brass Section,61,58,A#3,127,0.06121127083332567,179.5842036875,179.64541495833333
Brass Section,61,70,A#4,127,0.057989624999976286,179.59064697916668,179.64863660416665
Brass Section,61,67,G4,127,0.08054114583333671,179.5842036875,179.66474483333334
Brass Section,61,58,A#3,127,0.07087620833331698,179.709847875,179.78072408333333
Brass Section,61,55,G3,127,0.08698443750000706,179.70662622916666,179.79361066666667
Brass Section,61,67,G4,127,0.08054114583333671,179.7195128125,179.80005395833334
Brass Section,61,70,A#4,127,0.08698443750000706,179.7195128125,179.80649725
Brass Section,61,70,A#4,127,0.04510304166666401,180.02556916666666,180.07067220833332
Brass Section,61,58,A#3,127,0.04510304166666401,180.03845575,180.08355879166666
Brass Section,61,55,G3,127,0.0354381041666727,180.0481206875,180.08355879166666
Brass Section,61,67,G4,127,0.06765456249999602,180.0287908125,180.096445375
Brass Section,61,58,A#3,127,0.07731950000001575,180.15765664583333,180.23497614583334
Brass Section,61,55,G3,127,0.07731950000001575,180.15765664583333,180.23497614583334
Brass Section,61,70,A#4,127,0.09342772916667741,180.15765664583333,180.251084375
Brass Section,61,67,G4,127,0.09664937499999837,180.15765664583333,180.25430602083333
Brass Section,61,55,G3,127,0.06121127083335409,180.46371299999998,180.52492427083334
Brass Section,61,58,A#3,127,0.06121127083335409,180.46371299999998,180.52492427083334
Brass Section,61,70,A#4,127,0.06443291666667506,180.46371299999998,180.52814591666666
Brass Section,61,67,G4,127,0.07731950000001575,180.46371299999998,180.5410325
Brass Section,61,58,A#3,127,0.06121127083335409,180.618352,180.67956327083334
Brass Section,61,55,G3,127,0.07731950000001575,180.618352,180.6956715
Brass Section,61,70,A#4,127,0.0837627916666861,180.618352,180.70211479166667
Brass Section,61,67,G4,127,0.09020608333335645,180.618352,180.70855808333334
Brass Section,61,70,A#4,127,0.05154633333333436,180.92763,180.97917633333333
Brass Section,61,58,A#3,127,0.06121127083332567,180.92763,180.98884127083332
Brass Section,61,55,G3,127,0.06443291666667506,180.92763,180.99206291666667
Brass Section,61,67,G4,127,0.0708762083333454,180.92763,180.99850620833334
Brass Section,61,55,G3,127,0.038659749999993664,181.10482052083333,181.14348027083332
Brass Section,61,58,A#3,127,0.04510304166666401,181.10482052083333,181.1499235625
Brass Section,61,67,G4,127,0.0354381041666727,181.11448545833332,181.1499235625
Brass Section,61,70,A#4,127,0.06121127083332567,181.10482052083333,181.16603179166665
Brass Section,61,58,A#3,127,0.09020608333332802,181.4785314375,181.56873752083334
Brass Section,61,70,A#4,127,0.06443291666664663,181.52363447916667,181.58806739583332
Brass Section,61,77,F5,127,0.2222935624999991,181.855464,182.0777575625
Brass Section,61,69,A4,127,0.26095331249999276,181.855464,182.1164173125
Brass Section,61,72,C5,127,0.29639141666666546,181.855464,182.15185541666668
Brass Section,61,71,B4,127,0.09664937499999837,182.0970874375,182.1937368125
Brass Section,61,69,A4,127,0.08376279166665768,182.15185541666668,182.23561820833334
Brass Section,61,67,G4,127,0.10309266666666872,182.16796364583334,182.2710563125
Brass Section,61,65,F4,127,0.07409785416666637,182.22917491666666,182.30327277083333
Brass Section,61,64,E4,127,0.048324687499984975,182.2710563125,182.319381
Brass Section,61,62,D4,127,0.05154633333333436,182.3097160625,182.36126239583334
Brass Section,61,77,F5,127,0.19007710416667578,186.48819070833332,186.6782678125
Brass Section,61,69,A4,127,0.2351801458333398,186.48819070833332,186.72337085416666
Brass Section,61,72,C5,127,0.25451002083335084,186.48819070833332,186.74270072916667
Brass Section,61,71,B4,127,0.07731949999998733,186.71370591666667,186.79102541666666
Brass Section,61,69,A4,127,0.09342772916667741,186.73947908333332,186.8329068125
Brass Section,61,67,G4,127,0.08054114583333671,186.78780377083334,186.86834491666667
Brass Section,61,65,F4,127,0.08054114583333671,186.82646352083333,186.90700466666667
Brass Section,61,64,E4,127,0.06765456249999602,186.87478820833334,186.94244277083334
Brass Section,61,62,D4,127,0.05154633333333436,186.91989125,186.97143758333334
Brass Section,61,77,F5,127,0.07409785416666637,190.9695000625,191.04359791666667
Brass Section,61,81,A5,127,0.08054114583333671,190.9695000625,191.05004120833334
Brass Section,61,72,C5,127,0.08376279166665768,190.9695000625,191.05326285416666
Brass Section,61,77,F5,127,0.09342772916667741,191.14991222916666,191.24333995833334
Brass Section,61,72,C5,127,0.09664937499999837,191.14991222916666,191.24656160416666
Brass Section,61,81,A5,127,0.13853077083334142,191.14991222916666,191.288443
Brass Section,61,77,F5,127,0.1997420416666671,191.7426950625,191.94243710416666
Brass Section,61,72,C5,127,0.24162343750001014,191.7426950625,191.9843185
Brass Section,61,71,B4,127,0.07731950000001575,191.94243710416666,192.01975660416667
Brass Section,61,69,A4,127,0.30927800000000616,191.7426950625,192.0519730625
Brass Section,61,67,G4,127,0.05154633333333436,192.0133133125,192.06485964583334
Brass Section,61,65,F4,127,0.06765456249999602,192.04552977083333,192.11318433333332
Brass Section,61,64,E4,127,0.08054114583333671,192.061638,192.14217914583332
Brass Section,61,62,D4,127,0.06765456249999602,192.1099626875,192.17761725
Brass Section,61,60,C4,127,0.06765456249999602,192.14217914583332,192.20983370833332
Brass Section,61,59,B3,127,0.05154633333333436,192.1872821875,192.23882852083332
Brass Section,61,77,F5,127,0.2126286250000078,196.39153,196.604158625
Brass Section,61,69,A4,127,0.25451002083335084,196.39153,196.64604002083334
Brass Section,61,72,C5,127,0.27383989583333346,196.39153,196.66536989583332
Brass Section,61,71,B4,127,0.07409785416666637,196.62671014583333,196.700808
Brass Section,61,69,A4,127,0.07731949999998733,196.66859154166667,196.74591104166666
Brass Section,61,67,G4,127,0.08054114583333671,196.700808,196.78134914583333
Brass Section,61,65,F4,127,0.08054114583333671,196.73624610416667,196.81678725
Brass Section,61,64,E4,127,0.07409785416666637,196.7781275,196.85222535416668
Brass Section,61,62,D4,127,0.06443291666664663,196.82323054166667,196.88766345833332
Brass Section,61,60,C4,127,0.054767979166683745,196.8651119375,196.91987991666667
Brass Section,61,77,F5,127,0.07731949999998733,200.87283935416667,200.95015885416666
Brass Section,61,81,A5,127,0.08054114583333671,200.876061,200.95660214583333
Brass Section,61,72,C5,127,0.08698443750000706,200.87283935416667,200.95982379166668
Brass Section,61,72,C5,127,0.09987102083331933,201.050029875,201.14990089583333
Brass Section,61,77,F5,127,0.09987102083331933,201.050029875,201.14990089583333
Brass Section,61,81,A5,127,0.11920089583333038,201.050029875,201.16923077083334
Brass Section,61,70,A#4,127,0.003221645833320963,201.649256,201.65247764583333
Brass Section,61,62,D4,127,0.003221645833320963,201.649256,201.65247764583333
Brass Section,61,58,A#3,127,0.003221645833320963,201.649256,201.65247764583333
Brass Section,61,74,D5,127,0.003221645833320963,201.649256,201.65247764583333
Brass Section,61,55,G3,127,0.003221645833320963,201.649256,201.65247764583333
Brass Section,61,67,G4,127,0.003221645833320963,201.649256,201.65247764583333
Brass Section,61,58,A#3,127,0.06765456250002444,201.93598247916665,202.00363704166668
Brass Section,61,62,D4,127,0.0708762083333454,201.93598247916665,202.0068586875
Brass Section,61,55,G3,127,0.0708762083333454,201.93598247916665,202.0068586875
Brass Section,61,70,A#4,127,0.07409785416666637,201.93598247916665,202.01008033333332
Brass Section,61,67,G4,127,0.08054114583330829,201.9295391875,202.01008033333332
Brass Section,61,74,D5,127,0.08054114583330829,201.9295391875,202.01008033333332
Brass Section,61,58,A#3,127,0.06121127083332567,202.267812,202.32902327083332
Brass Section,61,70,A#4,127,0.06765456249999602,202.267812,202.3354665625
Brass Section,61,55,G3,127,0.06765456249999602,202.267812,202.3354665625
Brass Section,61,62,D4,127,0.0708762083333454,202.267812,202.33868820833334
Brass Section,61,74,D5,127,0.07409785416666637,202.267812,202.34190985416666
Brass Section,61,67,G4,127,0.07409785416666637,202.267812,202.34190985416666
Brass Section,61,55,G3,127,0.0708762083333454,202.44500252083333,202.51587872916667
Brass Section,61,58,A#3,127,0.0708762083333454,202.44500252083333,202.51587872916667
Brass Section,61,70,A#4,127,0.08054114583333671,202.441780875,202.52232202083334
Brass Section,61,67,G4,127,0.08054114583333671,202.441780875,202.52232202083334
Brass Section,61,62,D4,127,0.08054114583333671,202.44500252083333,202.52554366666666
Brass Section,61,74,D5,127,0.08698443749997864,202.441780875,202.52876531249998
Brass Section,61,58,A#3,127,0.06443291666667506,202.731729,202.79616191666668
Brass Section,61,70,A#4,127,0.06765456249999602,202.731729,202.7993835625
Brass Section,61,55,G3,127,0.07087620833331698,202.731729,202.80260520833332
Brass Section,61,67,G4,127,0.07409785416666637,202.731729,202.80582685416667
Brass Section,61,62,D4,127,0.07409785416666637,202.731729,202.80582685416667
Brass Section,61,74,D5,127,0.0837627916666861,202.72850735416665,202.81227014583334
Brass Section,61,57,A3,127,0.09987102083331933,202.9153628125,203.01523383333333
Brass Section,61,53,F3,127,0.12564418750000073,202.9153628125,203.041007
Brass Section,61,65,F4,127,0.1514173541666537,202.92502775,203.07644510416665
Brass Section,61,72,C5,127,0.2190719166666497,202.9153628125,203.13443472916666
Brass Section,61,69,A4,127,0.22551520833332006,202.92502775,203.15054295833332
Brass Section,61,67,G4,127,0.09342772916667741,203.10221827083333,203.195646
Brass Section,61,65,F4,127,0.06121127083332567,203.17309447916668,203.23430575
Brass Section,61,64,E4,127,0.038659749999993664,203.22786245833333,203.26652220833333
Brass Section,61,62,D4,127,0.0708762083333454,205.360592,205.43146820833334
Brass Section,61,74,D5,127,0.0708762083333454,205.36381364583332,205.43468985416666
Brass Section,61,74,D5,127,0.09664937499999837,205.515231,205.611880375
Brass Section,61,62,D4,127,0.09987102083331933,205.52167429166667,205.6215453125
Brass Section,61,70,A#4,127,0.1643039374999944,205.6795349375,205.843838875
Brass Section,61,58,A#3,127,0.1868554583333264,205.65698341666666,205.843838875
Brass Section,61,74,D5,127,0.10953595833333907,205.81162241666667,205.921158375
Brass Section,61,62,D4,127,0.11920089583333038,205.81162241666667,205.9308233125
Brass Section,61,67,G4,127,0.1063143125000181,205.9694830625,206.075797375
Brass Section,61,79,G5,127,0.09342772916667741,205.9888129375,206.08224066666668
Brass Section,61,67,G4,127,0.13853077083334142,206.11123547916665,206.24976625
Brass Section,61,79,G5,127,0.138530770833313,206.12734370833334,206.26587447916665
Brass Section,61,62,D4,127,0.06765456249999602,206.28198270833335,206.34963727083334
Brass Section,61,74,D5,127,0.09020608333332802,206.27553941666667,206.3657455
Brass Section,61,62,D4,127,0.06121127083335409,206.43662170833332,206.49783297916667
Brass Section,61,74,D5,127,0.07409785416666637,206.423735125,206.49783297916667
Brass Section,61,74,D5,127,0.06443291666667506,206.59126070833332,206.655693625
Brass Section,61,62,D4,127,0.06443291666667506,206.597704,206.66213691666667
Brass Section,61,62,D4,127,0.09342772916664899,206.7426780625,206.83610579166665
Brass Section,61,74,D5,127,0.10631431249998968,206.73623477083333,206.84254908333332
Brass Section,61,70,A#4,127,0.16752558333331535,206.90376035416668,207.0712859375
Brass Section,61,58,A#3,127,0.20296368750001648,206.87154389583333,207.07450758333334
Brass Section,61,74,D5,127,0.11597925000000942,207.04873441666666,207.16471366666667
Brass Section,61,62,D4,127,0.15463900000000308,207.03584783333332,207.19048683333332
Brass Section,61,79,G5,127,0.1997420416666671,207.22270329166668,207.42244533333334
Brass Section,61,67,G4,127,0.2448450833333311,207.21303835416666,207.4578834375
Brass Section,61,65,F4,127,0.10309266666666872,207.834816,207.93790866666666
Brass Section,61,77,F5,127,0.1997420416666671,207.834816,208.03455804166666
Brass Section,61,69,A4,127,0.2126286250000078,207.834816,208.047444625
Brass Section,61,57,A3,127,0.2351801458333398,207.834816,208.06999614583333
Brass Section,61,72,C5,127,0.25451002083335084,207.834816,208.08932602083334
Brass Section,61,71,B4,127,0.05798962500000471,208.06999614583333,208.12798577083333
Brass Section,61,69,A4,127,0.06443291666667506,208.10221260416665,208.16664552083333
Brass Section,61,67,G4,127,0.06121127083332567,208.13765070833333,208.19886197916665
Brass Section,61,65,F4,127,0.05798962500000471,208.1730888125,208.2310784375
Brass Section,61,64,E4,127,0.04188139583331463,208.21497020833334,208.25685160416666
Brass Section,61,62,D4,127,0.07409785416666637,210.289710125,210.36380797916667
Brass Section,61,74,D5,127,0.08054114583333671,210.28326683333333,210.36380797916667
Brass Section,61,74,D5,127,0.09664937499999837,210.44112747916665,210.53777685416665
Brass Section,61,62,D4,127,0.10309266666666872,210.4540140625,210.55710672916666
Brass Section,61,70,A#4,127,0.1288658333333217,210.6086530625,210.73751889583332
Brass Section,61,58,A#3,127,0.16108229166667343,210.58610154166666,210.74718383333334
Brass Section,61,62,D4,127,0.10953595833333907,210.73751889583332,210.84705485416666
Brass Section,61,74,D5,127,0.09664937499999837,210.76007041666668,210.85671979166668
Brass Section,61,67,G4,127,0.09020608333332802,210.9179310625,211.00813714583333
Brass Section,61,79,G5,127,0.10309266666666872,210.927596,211.03068866666666
Brass Section,61,67,G4,127,0.12242254166665134,211.06612677083334,211.1885493125
Brass Section,61,79,G5,127,0.1288658333333501,211.07579170833333,211.20465754166668
Brass Section,61,62,D4,127,0.06443291666667506,211.21110083333332,211.27553375
Brass Section,61,74,D5,127,0.07731950000001575,211.21110083333332,211.28842033333333
Brass Section,61,74,D5,127,0.06765456249999602,211.372183125,211.4398376875
Brass Section,61,62,D4,127,0.057989624999976286,211.53004377083334,211.58803339583332
Brass Section,61,74,D5,127,0.06443291666667506,211.53326541666667,211.59769833333334
Brass Section,61,62,D4,127,0.08376279166665768,211.68790441666667,211.77166720833333
Brass Section,61,74,D5,127,0.09342772916664899,211.67823947916668,211.77166720833333
Brass Section,61,70,A#4,127,0.11920089583333038,211.8457650625,211.96496595833332
Brass Section,61,58,A#3,127,0.18041216666668447,211.82321354166666,212.00362570833335
Brass Section,61,74,D5,127,0.10953595833333907,211.98751747916666,212.0970534375
Brass Section,61,62,D4,127,0.1288658333333501,211.98107418749998,212.10994002083333
Brass Section,61,79,G5,127,0.2480667291666805,212.17759458333333,212.4256613125
Brass Section,61,67,G4,127,0.25128837500000145,212.1743729375,212.4256613125
Brass Section,61,57,A3,127,0.10309266666666872,217.15503739583332,217.2581300625
Brass Section,61,69,A4,124,0.10631431249998968,217.17436727083333,217.28068158333332
Brass Section,61,77,F5,127,0.19329874999999674,222.68016,222.87345875
Brass Section,61,69,A4,127,0.2126286250000078,222.68016,222.892788625
Brass Section,61,57,A3,127,0.2448450833333311,222.67371670833333,222.91856179166666
Brass Section,61,72,C5,127,0.2448450833333311,222.68016,222.92500508333333
Brass Section,61,71,B4,127,0.0837627916666861,222.8831236875,222.96688647916667
Brass Section,61,69,A4,127,0.06121127083332567,222.931448375,222.99265964583333
Brass Section,61,67,G4,127,0.05154633333333436,222.9797730625,223.03131939583332
Brass Section,61,65,F4,127,0.038659749999993664,223.01521116666666,223.05387091666665
Brass Section,61,74,D5,127,0.038659749999993664,225.15116235416667,225.18982210416667
Brass Section,61,74,D5,127,0.0708762083333454,225.28647147916666,225.3573476875
Brass Section,61,62,D4,127,0.06765456249999602,225.29613641666666,225.36379097916665
Brass Section,61,70,A#4,127,0.09342772916664899,225.46044035416668,225.55386808333333
Brass Section,61,58,A#3,127,0.13530912499999204,225.44755377083334,225.58286289583333
Brass Section,61,62,D4,127,0.06765456249999602,225.598971125,225.6666256875
Brass Section,61,74,D5,127,0.08054114583333671,225.5893061875,225.66984733333334
Brass Section,61,67,G4,127,0.09342772916667741,225.753610125,225.84703785416667
Brass Section,61,79,G5,127,0.08698443750000706,225.76649670833334,225.85348114583334
Brass Section,61,67,G4,127,0.10953595833333907,225.90180583333333,226.01134179166667
Brass Section,61,79,G5,127,0.11275760416668845,225.91147077083332,226.024228375
Brass Section,61,74,D5,127,0.05154633333333436,226.08866129166665,226.140207625
Brass Section,61,62,D4,127,0.05154633333333436,226.236857,226.28840333333332
Brass Section,61,74,D5,127,0.07409785416666637,226.2271920625,226.30128991666666
Brass Section,61,62,D4,127,0.0483246875000134,226.39793929166666,226.44626397916667
Brass Section,61,74,D5,127,0.054767979166683745,226.391496,226.44626397916667
Brass Section,61,74,D5,127,0.08054114583333671,226.546135,226.62667614583333
Brass Section,61,62,D4,127,0.07731950000001575,226.55257829166666,226.62989779166668
Brass Section,61,70,A#4,127,0.08054114583333671,226.70721729166667,226.7877584375
Brass Section,61,58,A#3,127,0.17074722916666474,226.67822247916666,226.84896970833333
Brass Section,61,74,D5,127,0.10631431249998968,226.83286147916667,226.93917579166666
Brass Section,61,62,D4,127,0.13208747916667107,226.83286147916667,226.96494895833334
Brass Section,61,67,G4,127,0.23840179166666076,227.010052,227.24845379166666
Brass Section,61,79,G5,127,0.25451002083335084,227.0197169375,227.27422695833334
Brass Section,61,77,F5,127,0.16752558333331535,227.62216470833334,227.78969029166666
Brass Section,61,69,A4,127,0.17074722916666474,227.62216470833334,227.7929119375
Brass Section,61,57,A3,127,0.19652039583334613,227.61249977083332,227.80902016666667
Brass Section,61,72,C5,127,0.2094069791666584,227.62216470833334,227.8315716875
Brass Section,61,71,B4,127,0.06443291666667506,227.80579852083332,227.8702314375
Brass Section,61,69,A4,127,0.06765456249999602,227.8315716875,227.89922625
Brass Section,61,67,G4,127,0.06443291666664663,227.86700979166667,227.93144270833332
Brass Section,61,65,F4,127,0.05798962500000471,227.90244789583332,227.96043752083332
Brass Section,61,64,E4,127,0.0483246875000134,227.937886,227.9862106875
Brass Section,61,62,D4,127,0.04510304166666401,227.97010245833334,228.0152055
Brass Section,61,60,C4,127,0.02577316666668139,228.0055405625,228.03131372916667
Brass Section,61,74,D5,127,0.06443291666664663,230.08028047916667,230.14471339583332
Brass Section,61,62,D4,127,0.06765456249999602,230.08028047916667,230.14793504166667
Brass Section,61,74,D5,127,0.07731949999998733,230.23491947916668,230.31223897916666
Brass Section,61,62,D4,127,0.07087620833331698,230.24458441666667,230.315460625
Brass Section,61,58,A#3,127,0.11275760416668845,230.39600177083332,230.508759375
Brass Section,61,70,A#4,127,0.12242254166667976,230.4024450625,230.52486760416667
Brass Section,61,74,D5,127,0.0837627916666861,230.55064077083333,230.6344035625
Brass Section,61,62,D4,127,0.08376279166665768,230.55386241666668,230.63762520833333
Brass Section,61,67,G4,127,0.07731950000001575,230.71494470833332,230.79226420833334
Brass Section,61,79,G5,127,0.09020608333332802,230.721388,230.81159408333332
Brass Section,61,67,G4,127,0.10631431249998968,230.856697125,230.9630114375
Brass Section,61,79,G5,127,0.10953595833333907,230.86314041666665,230.972676375
Brass Section,61,74,D5,127,0.04510304166666401,231.02744435416668,231.07254739583334
Brass Section,61,62,D4,127,0.0483246875000134,231.165975125,231.2142998125
Brass Section,61,74,D5,127,0.06765456249999602,231.1563101875,231.22396475
Brass Section,61,62,D4,127,0.05154633333333436,231.33350070833333,231.38504704166667
Brass Section,61,74,D5,127,0.05476797916665532,231.33350070833333,231.3882686875
Brass Section,61,62,D4,127,0.06443291666667506,231.4849180625,231.54935097916666
Brass Section,61,74,D5,127,0.07409785416666637,231.4849180625,231.55901591666665
Brass Section,61,70,A#4,127,0.09020608333332802,231.64277870833334,231.73298479166667
Brass Section,61,58,A#3,127,0.17719052083333509,231.62667047916668,231.803861
Brass Section,61,74,D5,127,0.08376279166665768,231.79097441666667,231.87473720833333
Brass Section,61,62,D4,127,0.10631431249998968,231.8135259375,231.91984025
Brass Section,61,67,G4,127,0.19007710416667578,231.96494329166666,232.15502039583333
Brass Section,61,79,G5,127,0.20618533333333744,231.96494329166666,232.171128625
Brass Section,61,55,G3,127,0.06765456249999602,235.959784125,236.0274386875
Brass Section,61,67,G4,127,0.09664937499999837,235.94367589583334,236.04032527083334
Brass Section,61,57,A3,127,0.09020608333332802,236.906948,236.99715408333333
Brass Section,61,69,A4,127,0.07087620833331698,236.9359428125,237.00681902083332
Brass Section,61,67,G4,127,0.06443291666667506,237.20978270833334,237.274215625
Brass Section,61,58,A#3,127,0.3898191458333429,242.473952,242.86377114583334
Brass Section,61,55,G3,127,0.3962624375000132,242.473952,242.8702144375
Brass Section,61,74,D5,127,0.3962624375000132,242.473952,242.8702144375
Brass Section,61,70,A#4,127,0.3994840833333342,242.473952,242.87343608333333
Brass Section,61,67,G4,127,0.4091490208333255,242.473952,242.88310102083332
Brass Section,61,58,A#3,127,0.10953595833333907,242.97652875,243.08606470833334
Brass Section,61,70,A#4,127,0.12242254166665134,242.9668638125,243.08928635416666
Brass Section,61,67,G4,127,0.12242254166665134,242.9668638125,243.08928635416666
Brass Section,61,74,D5,127,0.12564418750000073,242.9668638125,243.092508
Brass Section,61,55,G3,127,0.11920089583333038,242.97652875,243.09572964583333
Brass Section,61,71,B4,127,0.06443291666667506,248.350234,248.41466691666668
Brass Section,61,77,F5,127,0.24806672916665207,248.350234,248.59830072916665
Brass Section,61,69,A4,127,0.2673966041666631,248.350234,248.61763060416666
Brass Section,61,76,E5,127,0.03221645833332332,248.61763060416666,248.6498470625
Brass Section,61,72,C5,127,0.3028347083333358,248.350234,248.65306870833334
Brass Section,61,71,B4,127,0.09987102083334776,248.59830072916665,248.69817175
Brass Section,61,69,A4,127,0.07731949999998733,248.65306870833334,248.73038820833332
Brass Section,61,67,G4,127,0.06765456249999602,248.69817175,248.7658263125
Brass Section,61,65,F4,127,0.05154633333333436,248.74005314583334,248.79159947916668
Brass Section,61,64,E4,127,0.0354381041666727,248.77871289583334,248.814151
Brass Section,61,62,D4,127,0.022551520833332006,248.814151,248.83670252083334
Brass Section,61,77,F5,127,0.06443291666667506,252.97651741666667,253.04095033333334
Brass Section,61,72,C5,127,0.07087620833331698,252.97651741666667,253.04739362499998
Brass Section,61,81,A5,127,0.07087620833331698,252.97651741666667,253.04739362499998
Brass Section,61,77,F5,127,0.07087620833331698,253.1150481875,253.18592439583333
Brass Section,61,72,C5,127,0.08054114583333671,253.1150481875,253.19558933333334
Brass Section,61,81,A5,127,0.08376279166665768,253.1150481875,253.19881097916667
Brass Section,61,77,F5,127,0.2094069791666584,258.2342434166667,258.44365039583334
Brass Section,61,69,A4,127,0.21585027083330033,258.2342434166667,258.4500936875
Brass Section,61,72,C5,127,0.2641749583332853,258.2342434166667,258.49841837499997
Brass Section,61,71,B4,127,0.0966493750000268,258.44687204166667,258.5435214166667
Brass Section,61,69,A4,127,0.08054114583330829,258.50164002083335,258.58218116666666
Brass Section,61,67,G4,127,0.0708762083333454,258.5402997708333,258.61117597916666
Brass Section,61,65,F4,127,0.05154633333336278,258.58218116666666,258.6337275
Brass Section,61,64,E4,127,0.03221645833332332,258.6240625625,258.6562790208333
Brass Section,61,74,D5,127,0.04510304166666401,262.87341341666666,262.91851645833333
Brass Section,61,77,F5,127,0.06443291666664663,262.866970125,262.93140304166667
Brass Section,61,72,C5,127,0.0676545624999676,262.866970125,262.9346246875
Brass Section,61,81,A5,127,0.07087620833328856,262.866970125,262.9378463333333
Brass Section,61,72,C5,127,0.0708762083333454,263.0248307708333,263.09570697916666
Brass Section,61,77,F5,127,0.07409785416666637,263.0248307708333,263.098928625
Brass Section,61,81,A5,127,0.09342772916670583,263.0248307708333,263.1182585
Acoustic Grand Piano,0,70,A#4,127,0.10953595833333374,4.948448,5.057983958333334
Acoustic Grand Piano,0,70,A#4,127,0.07409785416666637,5.412365,5.486462854166667
Acoustic Grand Piano,0,70,A#4,127,0.08376279166666656,5.567004,5.650766791666666
Acoustic Grand Piano,0,70,A#4,127,0.10631431250000034,5.876282,5.9825963125
Acoustic Grand Piano,0,70,A#4,127,0.061211270833332776,6.340199,6.401410270833333
Acoustic Grand Piano,0,70,A#4,127,0.08376279166666656,6.494838,6.578600791666666
Acoustic Grand Piano,0,70,A#4,127,0.06443291666666706,6.804116,6.868548916666667
Acoustic Grand Piano,0,70,A#4,127,0.07087620833333297,6.958755,7.029631208333333
Acoustic Grand Piano,0,70,A#4,127,0.08376279166666656,7.268033,7.3517957916666665
Acoustic Grand Piano,0,70,A#4,127,0.06443291666666795,8.969062,9.033494916666667
Acoustic Grand Piano,0,70,A#4,127,0.06765456249999957,9.123701,9.1913555625
Acoustic Grand Piano,0,70,A#4,127,0.04832468750000096,9.587617999999999,9.6359426875
Acoustic Grand Piano,0,70,A#4,127,0.08376279166666656,9.742257,9.826019791666667
Acoustic Grand Piano,0,70,A#4,127,0.061211270833332776,10.206174,10.267385270833334
Acoustic Grand Piano,0,70,A#4,127,0.07731949999999976,10.360813,10.4381325
Acoustic Grand Piano,0,70,A#4,127,0.06443291666666617,10.82473,10.889162916666667
Acoustic Grand Piano,0,70,A#4,127,0.09664937500000015,10.979369,11.076018375
Acoustic Grand Piano,0,70,A#4,127,0.07087620833333297,11.443286,11.514162208333333
Acoustic Grand Piano,0,70,A#4,127,0.08054114583333316,11.597925,11.678466145833333
Acoustic Grand Piano,0,70,A#4,127,0.06443291666666617,12.061842,12.126274916666667
Acoustic Grand Piano,0,70,A#4,127,0.08376279166666656,12.216481,12.300243791666666
Acoustic Grand Piano,0,70,A#4,127,0.061211270833332776,12.680398,12.741609270833333
Acoustic Grand Piano,0,70,A#4,127,0.08698443749999996,12.835037,12.9220214375
Acoustic Grand Piano,0,70,A#4,127,0.05476797916666598,13.298954,13.353721979166666
Acoustic Grand Piano,0,70,A#4,127,0.08054114583333316,13.453593,13.534134145833333
Acoustic Grand Piano,0,70,A#4,127,0.061211270833332776,13.91751,13.978721270833333
Acoustic Grand Piano,0,70,A#4,127,0.07731949999999976,14.072149,14.1494685
Acoustic Grand Piano,0,70,A#4,127,0.061211270833332776,14.536066,14.597277270833333
Acoustic Grand Piano,0,70,A#4,127,0.09020608333333335,14.690705,14.780911083333333
Acoustic Grand Piano,0,70,A#4,127,0.061211270833332776,15.154622,15.215833270833333
Acoustic Grand Piano,0,70,A#4,127,0.09664937500000015,15.309261,15.405910375
Acoustic Grand Piano,0,70,A#4,127,0.07087620833333297,15.773178,15.844054208333333
Acoustic Grand Piano,0,70,A#4,127,0.08054114583333494,15.927817,16.008358145833334
Acoustic Grand Piano,0,70,A#4,127,0.07409785416666637,16.391734,16.465831854166666
Acoustic Grand Piano,0,70,A#4,127,0.08698443749999996,16.546373,16.6333574375
Acoustic Grand Piano,0,70,A#4,127,0.07731949999999799,17.01029,17.0876095
Acoustic Grand Piano,0,70,A#4,127,0.08376279166666478,17.164929,17.248691791666666
Acoustic Grand Piano,0,70,A#4,127,0.06443291666666795,17.628846,17.693278916666667
Acoustic Grand Piano,0,70,A#4,127,0.08376279166666833,17.783485,17.867247791666667
Acoustic Grand Piano,0,70,A#4,127,0.061211270833332776,18.247402,18.308613270833334
Acoustic Grand Piano,0,70,A#4,127,0.08054114583333316,18.402041,18.482582145833334
Acoustic Grand Piano,0,70,A#4,127,0.06443291666666795,18.865958,18.930390916666667
Acoustic Grand Piano,0,70,A#4,127,0.08376279166666833,19.020597,19.104359791666667
Acoustic Grand Piano,0,70,A#4,127,0.07087620833333119,19.484514,19.555390208333332
Acoustic Grand Piano,0,70,A#4,127,0.08376279166666478,19.639153,19.722915791666665
Acoustic Grand Piano,0,70,A#4,127,0.2545100208333331,19.793792,20.048302020833333
Acoustic Grand Piano,0,70,A#4,127,0.1353091250000027,20.257709,20.393018125
Acoustic Grand Piano,0,70,A#4,127,0.06443291666666795,21.340182,21.404614916666667
Acoustic Grand Piano,0,70,A#4,127,0.07409785416666992,21.494820999999998,21.568918854166668
Acoustic Grand Piano,0,70,A#4,127,0.061211270833332776,21.958738,22.019949270833333
Acoustic Grand Piano,0,70,A#4,127,0.07731950000000154,22.113377,22.1906965
Acoustic Grand Piano,0,70,A#4,127,0.06121127083333633,22.577294,22.638505270833335
Acoustic Grand Piano,0,70,A#4,127,0.07409785416666637,22.731933,22.806030854166668
Acoustic Grand Piano,0,70,A#4,127,0.06443291666666795,23.19585,23.260282916666668
Acoustic Grand Piano,0,70,A#4,127,0.07409785416666637,23.350489,23.424586854166666
Acoustic Grand Piano,0,70,A#4,127,0.06443291666666795,23.814405999999998,23.878838916666666
Acoustic Grand Piano,0,70,A#4,127,0.07087620833333119,23.969045,24.039921208333332
Acoustic Grand Piano,0,70,A#4,127,0.06765456249999957,24.432962,24.5006165625
Acoustic Grand Piano,0,70,A#4,127,0.08054114583333316,24.587601,24.668142145833333
Acoustic Grand Piano,0,70,A#4,127,0.06765456249999957,25.051518,25.1191725625
Acoustic Grand Piano,0,70,A#4,127,0.07731949999999799,25.206157,25.2834765
Acoustic Grand Piano,0,70,A#4,127,0.06443291666666795,25.670074,25.734506916666668
Acoustic Grand Piano,0,70,A#4,127,0.08376279166666833,25.824713,25.908475791666667
Acoustic Grand Piano,0,70,A#4,127,0.0644329166666644,26.28863,26.353062916666666
Acoustic Grand Piano,0,70,A#4,127,0.08054114583333316,26.443269,26.523810145833334
Acoustic Grand Piano,0,70,A#4,127,0.07087620833333474,26.907186,26.978062208333334
Acoustic Grand Piano,0,70,A#4,127,0.08376279166666833,27.061825,27.145587791666667
Acoustic Grand Piano,0,70,A#4,127,0.07409785416666637,27.525742,27.599839854166667
Acoustic Grand Piano,0,70,A#4,127,0.09020608333333158,27.680381,27.770587083333332
Acoustic Grand Piano,0,70,A#4,127,0.06443291666666795,28.144298,28.208730916666667
Acoustic Grand Piano,0,70,A#4,127,0.08376279166666833,28.298937,28.382699791666667
Acoustic Grand Piano,0,70,A#4,127,0.06765456249999957,28.762854,28.8305085625
Acoustic Grand Piano,0,70,A#4,127,0.08054114583333316,28.917493,28.998034145833333
Acoustic Grand Piano,0,70,A#4,127,0.07409785416666637,29.38141,29.455507854166665
Acoustic Grand Piano,0,70,A#4,127,0.09342772916666675,29.536049,29.629476729166665
Acoustic Grand Piano,0,70,A#4,127,0.0644329166666644,29.999966,30.064398916666665
Acoustic Grand Piano,0,70,A#4,127,0.09020608333333158,30.154605,30.24481108333333
Acoustic Grand Piano,0,70,A#4,127,0.06443291666666795,30.618522,30.682954916666667
Acoustic Grand Piano,0,70,A#4,127,0.08376279166666833,30.773160999999998,30.856923791666667
Acoustic Grand Piano,0,70,A#4,127,0.0644329166666644,31.237078,31.301510916666665
Acoustic Grand Piano,0,70,A#4,127,0.07731950000000154,31.391717,31.4690365
Acoustic Grand Piano,0,70,A#4,127,0.06121127083333633,31.855634,31.916845270833335
Acoustic Grand Piano,0,70,A#4,127,0.08376279166667189,32.010273,32.09403579166667
Acoustic Grand Piano,0,70,A#4,127,0.06765456250000312,32.47419,32.5418445625
Acoustic Grand Piano,0,70,A#4,127,0.08054114583332961,32.628829,32.70937014583333
Acoustic Grand Piano,0,70,A#4,127,0.06765456250000312,33.092746,33.1604005625
Acoustic Grand Piano,0,70,A#4,127,0.08376279166666478,33.247385,33.331147791666666
Acoustic Grand Piano,0,70,A#4,127,0.06765456250000312,33.711301999999996,33.7789565625
Acoustic Grand Piano,0,70,A#4,127,0.08054114583333671,33.865941,33.946482145833336
Acoustic Grand Piano,0,70,A#4,127,0.07409785416666637,34.329858,34.40395585416667
Acoustic Grand Piano,0,70,A#4,127,0.07731950000000154,34.484497,34.5618165
Acoustic Grand Piano,0,70,A#4,127,0.06443291666666795,34.948414,35.01284691666667
Acoustic Grand Piano,0,70,A#4,127,0.08054114583332961,35.103053,35.18359414583333
Acoustic Grand Piano,0,70,A#4,127,0.06765456250000312,35.56697,35.6346245625
Acoustic Grand Piano,0,70,A#4,127,0.08376279166666478,35.721609,35.805371791666666
Acoustic Grand Piano,0,70,A#4,127,0.07409785416666637,36.185526,36.25962385416667
Acoustic Grand Piano,0,70,A#4,127,0.08376279166666478,36.340165,36.423927791666664
Acoustic Grand Piano,0,70,A#4,127,0.06765456249999602,36.804082,36.8717365625
Acoustic Grand Piano,0,70,A#4,127,0.09020608333333513,36.958721,37.04892708333333
Acoustic Grand Piano,0,70,A#4,127,0.0579896249999976,37.422638,37.480627625
Acoustic Grand Piano,0,70,A#4,127,0.08054114583332961,37.577277,37.65781814583333
Acoustic Grand Piano,0,70,A#4,127,0.06443291666666795,38.041194,38.105626916666665
Acoustic Grand Piano,0,70,A#4,127,0.07731950000000154,38.195833,38.2731525
Acoustic Grand Piano,0,70,A#4,127,0.061211270833332776,38.65975,38.720961270833335
Acoustic Grand Piano,0,70,A#4,127,0.07731950000000154,38.814389,38.8917085
Acoustic Grand Piano,0,70,A#4,127,0.06443291666666795,39.278306,39.34273891666667
Acoustic Grand Piano,0,70,A#4,127,0.07731950000000154,39.432945,39.5102645
Acoustic Grand Piano,0,70,A#4,127,0.06443291666666795,39.896862,39.96129491666667
Acoustic Grand Piano,0,70,A#4,127,0.08376279166666478,40.051501,40.13526379166667
Acoustic Grand Piano,0,70,A#4,127,0.054767979166669534,40.515418,40.570185979166666
Acoustic Grand Piano,0,70,A#4,127,0.08054114583332961,40.670057,40.75059814583333
Acoustic Grand Piano,0,70,A#4,127,0.0579896249999976,41.133974,41.191963625
Acoustic Grand Piano,0,70,A#4,127,0.08376279166666478,41.288613,41.37237579166666
Acoustic Grand Piano,0,70,A#4,127,0.054767979166669534,41.75253,41.80729797916667
Acoustic Grand Piano,0,70,A#4,127,0.08054114583333671,41.907168999999996,41.98771014583333
Acoustic Grand Piano,0,70,A#4,127,0.061211270833332776,42.371086,42.43229727083333
Acoustic Grand Piano,0,70,A#4,127,0.07409785416666637,42.525725,42.59982285416667
Acoustic Grand Piano,0,70,A#4,127,0.041881395833335944,42.989641999999996,43.03152339583333
Acoustic Grand Piano,0,70,A#4,127,0.07731950000000154,43.144281,43.2216005
Acoustic Grand Piano,0,70,A#4,127,0.06765456249999602,43.608198,43.6758525625
Acoustic Grand Piano,0,70,A#4,127,0.0708762083333383,43.762837,43.833713208333336
Acoustic Grand Piano,0,70,A#4,127,0.054767979166669534,44.226754,44.28152197916667
Acoustic Grand Piano,0,70,A#4,127,0.07731949999999443,44.381393,44.4587125
Acoustic Grand Piano,0,70,A#4,127,0.054767979166669534,44.84531,44.90007797916667
Acoustic Grand Piano,0,70,A#4,127,0.08054114583332961,44.999949,45.08049014583333
Acoustic Grand Piano,0,70,A#4,127,0.05476797916666243,45.463866,45.518633979166665
Acoustic Grand Piano,0,70,A#4,127,0.08698443749999996,45.618505,45.7054894375
Acoustic Grand Piano,0,70,A#4,127,0.0579896249999976,46.082422,46.140411625
Acoustic Grand Piano,0,70,A#4,127,0.08698443749999996,46.237061,46.3240454375
Acoustic Grand Piano,0,70,A#4,127,0.06765456250000312,46.700978,46.7686325625
Acoustic Grand Piano,0,70,A#4,127,0.16108229166666632,47.010256,47.171338291666665
Acoustic Grand Piano,0,70,A#4,127,0.11920089583333038,47.474173,47.59337389583333
Acoustic Grand Piano,0,70,A#4,127,0.06765456249999602,48.556646,48.6243005625
Acoustic Grand Piano,0,70,A#4,127,0.07731950000000154,48.711285,48.7886045
Acoustic Grand Piano,0,70,A#4,127,0.05154633333333436,49.175202,49.22674833333333
Acoustic Grand Piano,0,70,A#4,127,0.06765456249999602,49.329841,49.3974955625
Acoustic Grand Piano,0,70,A#4,127,0.061211270833332776,49.793758,49.85496927083333
Acoustic Grand Piano,0,70,A#4,127,0.06765456250000312,49.948397,50.0160515625
Acoustic Grand Piano,0,70,A#4,127,0.05476797916666243,50.412314,50.467081979166664
Acoustic Grand Piano,0,70,A#4,127,0.08054114583333671,50.566953,50.647494145833335
Acoustic Grand Piano,0,70,A#4,127,0.06765456249999602,51.03087,51.098524562499996
Acoustic Grand Piano,0,70,A#4,127,0.08698443749999996,51.185508999999996,51.272493437499996
Acoustic Grand Piano,0,70,A#4,127,0.07409785416666637,51.649426,51.723523854166665
Acoustic Grand Piano,0,70,A#4,127,0.07731950000000154,51.804065,51.8813845
Acoustic Grand Piano,0,70,A#4,127,0.05154633333333436,52.267981999999996,52.31952833333333
Acoustic Grand Piano,0,70,A#4,127,0.07731950000000154,52.422621,52.4999405
Acoustic Grand Piano,0,70,A#4,127,0.06443291666666795,52.886538,52.95097091666667
Acoustic Grand Piano,0,70,A#4,127,0.07731950000000154,53.041177,53.1184965
Acoustic Grand Piano,0,70,A#4,127,0.041881395833335944,53.505094,53.546975395833336
Acoustic Grand Piano,0,70,A#4,127,0.06765456249999602,53.659733,53.7273875625
Acoustic Grand Piano,0,70,A#4,127,0.06765456250000312,54.12365,54.1913045625
Acoustic Grand Piano,0,70,A#4,127,0.08698443749999996,54.278289,54.3652734375
Acoustic Grand Piano,0,70,A#4,127,0.048324687499999186,54.742206,54.7905306875
Acoustic Grand Piano,0,70,A#4,127,0.07409785416666637,54.896845,54.970942854166665
Acoustic Grand Piano,0,70,A#4,127,0.0579896249999976,55.360762,55.418751625
Acoustic Grand Piano,0,70,A#4,127,0.07731950000000154,55.515401,55.5927205
Acoustic Grand Piano,0,70,A#4,127,0.054767979166669534,55.979318,56.03408597916667
Acoustic Grand Piano,0,70,A#4,127,0.08054114583332961,56.133957,56.21449814583333
Acoustic Grand Piano,0,70,A#4,127,0.05798962500000471,56.597874,56.655863625
Acoustic Grand Piano,0,70,A#4,127,0.07731950000000154,56.752513,56.8298325
Acoustic Grand Piano,0,70,A#4,127,0.05476797916666243,57.21643,57.271197979166665
Acoustic Grand Piano,0,70,A#4,127,0.06765456250000312,57.371069,57.4387235625
Acoustic Grand Piano,0,70,A#4,127,0.03221645833333042,57.834986,57.86720245833333
Acoustic Grand Piano,0,70,A#4,127,0.07731950000000154,57.989625,58.0669445
Acoustic Grand Piano,0,70,A#4,127,0.05154633333333436,58.453542,58.50508833333333
Acoustic Grand Piano,0,70,A#4,127,0.07409785416666637,58.608181,58.68227885416667
Acoustic Grand Piano,0,70,A#4,127,0.061211270833332776,59.072098,59.13330927083333
Acoustic Grand Piano,0,70,A#4,127,0.08054114583332961,59.226737,59.30727814583333
Acoustic Grand Piano,0,70,A#4,127,0.0579896249999976,59.690654,59.748643625
Acoustic Grand Piano,0,70,A#4,127,0.0708762083333383,59.845293,59.916169208333336
Acoustic Grand Piano,0,70,A#4,127,0.0579896249999976,60.30921,60.367199625
Acoustic Grand Piano,0,70,A#4,127,0.0708762083333383,60.463848999999996,60.534725208333334
Acoustic Grand Piano,0,70,A#4,127,0.061211270833332776,60.927766,60.98897727083333
Acoustic Grand Piano,0,70,A#4,127,0.07409785416666637,61.082405,61.15650285416667
Acoustic Grand Piano,0,70,A#4,127,0.05798962500000471,61.546321999999996,61.604311625
Acoustic Grand Piano,0,70,A#4,127,0.07409785416666637,61.700961,61.775058854166666
Acoustic Grand Piano,0,70,A#4,127,0.06765456249999602,62.164878,62.2325325625
Acoustic Grand Piano,0,70,A#4,127,0.07409785416666637,62.319517,62.393614854166664
Acoustic Grand Piano,0,70,A#4,127,0.06443291666666795,62.783434,62.84786691666667
Acoustic Grand Piano,0,70,A#4,127,0.08054114583332961,62.938073,63.01861414583333
Acoustic Grand Piano,0,70,A#4,127,0.054767979166669534,63.40199,63.45675797916667
Acoustic Grand Piano,0,70,A#4,127,0.07087620833333119,63.556629,63.62750520833333
Acoustic Grand Piano,0,70,A#4,127,0.05798962500000471,64.020546,64.078535625
Acoustic Grand Piano,0,70,A#4,127,0.08054114583333671,64.175185,64.25572614583334
Acoustic Grand Piano,0,70,A#4,127,0.05798962500000471,64.639102,64.697091625
Acoustic Grand Piano,0,70,A#4,127,0.08054114583333671,64.793741,64.87428214583333
Acoustic Grand Piano,0,70,A#4,127,0.0579896249999905,65.257658,65.315647625
Acoustic Grand Piano,0,70,A#4,127,0.07731950000000154,65.412297,65.4896165
Acoustic Grand Piano,0,70,A#4,127,0.05476797916665532,65.876214,65.93098197916666
Acoustic Grand Piano,0,70,A#4,127,0.07731950000000154,66.030853,66.1081725
Acoustic Grand Piano,0,70,A#4,127,0.06121127083332567,66.49477,66.55598127083333
Acoustic Grand Piano,0,70,A#4,127,0.0805411458333225,66.649409,66.72995014583333
Acoustic Grand Piano,0,70,A#4,127,0.06765456249999602,67.113326,67.1809805625
Acoustic Grand Piano,0,70,A#4,127,0.09020608333332802,67.267965,67.35817108333333
Acoustic Grand Piano,0,70,A#4,127,0.06443291666666084,67.731882,67.79631491666666
Acoustic Grand Piano,0,70,A#4,127,0.07731950000000154,67.886521,67.9638405
Acoustic Grand Piano,0,70,A#4,127,0.06765456249999602,68.350438,68.4180925625
Acoustic Grand Piano,0,70,A#4,127,0.08376279166667189,68.505077,68.58883979166667
Acoustic Grand Piano,0,70,A#4,127,0.05154633333333436,68.968994,69.02054033333333
Acoustic Grand Piano,0,70,A#4,127,0.06765456249999602,69.123633,69.1912875625
Acoustic Grand Piano,0,70,A#4,127,0.05798962500000471,69.58755,69.645539625
Acoustic Grand Piano,0,70,A#4,127,0.06765456250001023,69.742189,69.8098435625
Acoustic Grand Piano,0,70,A#4,127,0.05154633333333436,70.206106,70.25765233333334
Acoustic Grand Piano,0,70,A#4,127,0.06765456250001023,70.360745,70.4283995625
Acoustic Grand Piano,0,70,A#4,127,0.048324687499999186,70.824662,70.8729866875
Acoustic Grand Piano,0,70,A#4,127,0.07731950000000154,70.97930099999999,71.0566205
Acoustic Grand Piano,0,70,A#4,127,0.05798962500000471,71.443218,71.501207625
Acoustic Grand Piano,0,70,A#4,127,0.07087620833333119,71.597857,71.66873320833334
Acoustic Grand Piano,0,70,A#4,127,0.04188139583332884,72.061774,72.10365539583333
Acoustic Grand Piano,0,70,A#4,127,0.07409785416666637,72.216413,72.29051085416667
Acoustic Grand Piano,0,70,A#4,127,0.048324687499999186,72.68033,72.7286546875
Acoustic Grand Piano,0,70,A#4,127,0.07087620833333119,72.834969,72.90584520833333
Acoustic Grand Piano,0,70,A#4,127,0.054767979166669534,73.298886,73.35365397916667
Acoustic Grand Piano,0,70,A#4,127,0.07409785416666637,73.453525,73.52762285416667
Acoustic Grand Piano,0,70,A#4,127,0.06765456250001023,73.917442,73.9850965625
Acoustic Grand Piano,0,70,A#4,127,0.07087620833333119,74.072081,74.14295720833333
Acoustic Grand Piano,0,70,A#4,127,0.06765456249999602,75.77311,75.8407645625
Acoustic Grand Piano,0,70,A#4,127,0.07731949999998733,75.927749,76.0050685
Acoustic Grand Piano,0,70,A#4,127,0.048324687499999186,76.391666,76.4399906875
Acoustic Grand Piano,0,70,A#4,127,0.07409785416666637,76.546305,76.62040285416667
Acoustic Grand Piano,0,70,A#4,127,0.06443291666666084,77.010222,77.07465491666666
Acoustic Grand Piano,0,70,A#4,127,0.08054114583333671,77.164861,77.24540214583334
Acoustic Grand Piano,0,70,A#4,127,0.054767979166669534,77.628778,77.68354597916667
Acoustic Grand Piano,0,70,A#4,127,0.08376279166667189,77.783417,77.86717979166667
Acoustic Grand Piano,0,70,A#4,127,0.04188139583334305,78.247334,78.28921539583334
Acoustic Grand Piano,0,70,A#4,127,0.07087620833333119,78.401973,78.47284920833333
Acoustic Grand Piano,0,70,A#4,127,0.04188139583334305,78.86589,78.90777139583334
Acoustic Grand Piano,0,70,A#4,127,0.07731950000000154,79.020529,79.0978485
Acoustic Grand Piano,0,70,A#4,127,0.04510304166666401,79.484446,79.52954904166667
Acoustic Grand Piano,0,70,A#4,127,0.07731950000000154,79.639085,79.7164045
Acoustic Grand Piano,0,70,A#4,127,0.0579896249999905,80.103002,80.160991625
Acoustic Grand Piano,0,70,A#4,127,0.07731950000000154,80.25764099999999,80.3349605
Acoustic Grand Piano,0,70,A#4,127,0.06121127083332567,80.721558,80.78276927083333
Acoustic Grand Piano,0,70,A#4,127,0.0934277291666632,80.876197,80.96962472916667
Acoustic Grand Piano,0,70,A#4,127,0.06443291666666084,81.340114,81.40454691666666
Acoustic Grand Piano,0,70,A#4,127,0.07731950000000154,81.494753,81.5720725
Acoustic Grand Piano,0,70,A#4,127,0.04510304166666401,81.95867,82.00377304166666
Acoustic Grand Piano,0,70,A#4,127,0.07409785416666637,82.113309,82.18740685416667
Acoustic Grand Piano,0,70,A#4,127,0.04510304166666401,82.577226,82.62232904166666
Acoustic Grand Piano,0,70,A#4,127,0.05798962500000471,82.731865,82.789854625
Acoustic Grand Piano,0,70,A#4,127,0.06443291666667506,83.195782,83.26021491666667
Acoustic Grand Piano,0,70,A#4,127,0.07409785416666637,83.350421,83.42451885416666
Acoustic Grand Piano,0,70,A#4,127,0.05798962500000471,83.81433799999999,83.872327625
Acoustic Grand Piano,0,70,A#4,127,0.07087620833333119,83.968977,84.03985320833333
Acoustic Grand Piano,0,70,A#4,127,0.05154633333333436,84.432894,84.48444033333334
Acoustic Grand Piano,0,70,A#4,127,0.06765456250001023,84.587533,84.6551875625
Acoustic Grand Piano,0,70,A#4,127,0.04188139583332884,85.05145,85.09333139583333
Acoustic Grand Piano,0,70,A#4,127,0.07087620833333119,85.206089,85.27696520833334
Acoustic Grand Piano,0,70,A#4,127,0.05154633333333436,85.670006,85.72155233333334
Acoustic Grand Piano,0,70,A#4,127,0.07409785416666637,85.824645,85.89874285416667
Acoustic Grand Piano,0,70,A#4,127,0.04510304166666401,86.288562,86.33366504166666
Acoustic Grand Piano,0,70,A#4,127,0.07087620833333119,86.443201,86.51407720833333
Acoustic Grand Piano,0,70,A#4,127,0.05154633333333436,86.907118,86.95866433333333
Acoustic Grand Piano,0,70,A#4,127,0.07087620833333119,87.061757,87.13263320833333
Acoustic Grand Piano,0,70,A#4,127,0.04188139583334305,87.525674,87.56755539583334
Acoustic Grand Piano,0,70,A#4,127,0.06765456249999602,87.680313,87.7479675625
Acoustic Grand Piano,0,70,A#4,127,0.04510304166667822,88.14423,88.18933304166667
Acoustic Grand Piano,0,70,A#4,127,0.07087620833333119,88.298869,88.36974520833333
Acoustic Grand Piano,0,70,A#4,127,0.04188139583332884,88.762786,88.80466739583333
Acoustic Grand Piano,0,70,A#4,127,0.07087620833333119,88.917425,88.98830120833333
Acoustic Grand Piano,0,70,A#4,127,0.05154633333333436,89.381342,89.43288833333334
Acoustic Grand Piano,0,70,A#4,127,0.07731950000000154,89.53598099999999,89.6133005
Acoustic Grand Piano,0,70,A#4,127,0.04188139583332884,89.999898,90.04177939583333
Acoustic Grand Piano,0,70,A#4,127,0.06765456249999602,90.154537,90.2221915625
Acoustic Grand Piano,0,70,A#4,127,0.04510304166666401,90.618454,90.66355704166666
Acoustic Grand Piano,0,70,A#4,127,0.06443291666666084,90.773093,90.83752591666666
Acoustic Grand Piano,0,70,A#4,127,0.054767979166669534,91.23701,91.29177797916667
Acoustic Grand Piano,0,70,A#4,127,0.06121127083332567,91.391649,91.45286027083333
Acoustic Grand Piano,0,70,A#4,127,0.04510304166666401,91.855566,91.90066904166666
Acoustic Grand Piano,0,70,A#4,127,0.06443291666666084,92.010205,92.07463791666666
Acoustic Grand Piano,0,70,A#4,127,0.054767979166669534,92.474122,92.52888997916666
Acoustic Grand Piano,0,70,A#4,127,0.06443291666667506,92.628761,92.69319391666667
Acoustic Grand Piano,0,70,A#4,127,0.05154633333333436,93.09267799999999,93.14422433333333
Acoustic Grand Piano,0,70,A#4,127,0.06765456250001023,93.247317,93.3149715625
Acoustic Grand Piano,0,70,A#4,127,0.03221645833332332,93.711234,93.74345045833333
Acoustic Grand Piano,0,70,A#4,127,0.06765456250001023,93.865873,93.9335275625
Acoustic Grand Piano,0,70,A#4,127,0.05154633333333436,94.32979,94.38133633333334
Acoustic Grand Piano,0,70,A#4,127,0.06765456249999602,94.484429,94.5520835625
Acoustic Grand Piano,0,70,A#4,127,0.05154633333333436,94.948346,94.99989233333334
Acoustic Grand Piano,0,70,A#4,127,0.06443291666666084,95.102985,95.16741791666666
Acoustic Grand Piano,0,70,A#4,127,0.048324687499999186,95.566902,95.6152266875
Acoustic Grand Piano,0,70,A#4,127,0.07731950000000154,95.721541,95.7988605
Acoustic Grand Piano,0,70,A#4,127,0.07087620833333119,96.185458,96.25633420833333
Acoustic Grand Piano,0,70,A#4,127,0.13530912499999204,96.494736,96.630045125
Acoustic Grand Piano,0,70,A#4,127,0.0934277291666632,96.958653,97.05208072916666
Acoustic Grand Piano,0,70,A#4,127,0.048324687499999186,100.51535,100.5636746875
Acoustic Grand Piano,0,70,A#4,127,0.06443291666666084,100.669989,100.73442191666666
Acoustic Grand Piano,0,70,A#4,127,0.048324687499999186,101.133906,101.1822306875
Acoustic Grand Piano,0,70,A#4,127,0.07087620833333119,101.288545,101.35942120833333
Acoustic Grand Piano,0,70,A#4,127,0.05154633333333436,101.752462,101.80400833333333
Acoustic Grand Piano,0,70,A#4,127,0.06765456249999602,101.907101,101.9747555625
Acoustic Grand Piano,0,70,A#4,127,0.04510304166667822,102.37101799999999,102.41612104166667
Acoustic Grand Piano,0,70,A#4,127,0.07731950000000154,102.525657,102.6029765
Acoustic Grand Piano,0,70,A#4,127,0.0579896249999905,102.989574,103.047563625
Acoustic Grand Piano,0,70,A#4,127,0.07409785416666637,103.144213,103.21831085416666
Acoustic Grand Piano,0,70,A#4,127,0.04188139583332884,103.60813,103.65001139583333
Acoustic Grand Piano,0,70,A#4,127,0.07087620833333119,103.762769,103.83364520833334
Acoustic Grand Piano,0,70,A#4,127,0.04188139583332884,104.226686,104.26856739583333
Acoustic Grand Piano,0,70,A#4,127,0.07409785416666637,104.381325,104.45542285416667
Acoustic Grand Piano,0,70,A#4,127,0.05154633333333436,104.845242,104.89678833333333
Acoustic Grand Piano,0,70,A#4,127,0.07409785416666637,104.999881,105.07397885416667
Acoustic Grand Piano,0,70,A#4,127,0.04510304166666401,105.463798,105.50890104166666
Acoustic Grand Piano,0,70,A#4,127,0.06765456249999602,105.618437,105.6860915625
Acoustic Grand Piano,0,70,A#4,127,0.06121127083333988,106.082354,106.14356527083334
Acoustic Grand Piano,0,70,A#4,127,0.07731950000000154,106.236993,106.3143125
Acoustic Grand Piano,0,70,A#4,127,0.05154633333333436,106.70091,106.75245633333333
Acoustic Grand Piano,0,70,A#4,127,0.07731950000000154,106.855549,106.9328685
Acoustic Grand Piano,0,70,A#4,127,0.0579896249999905,107.319466,107.377455625
Acoustic Grand Piano,0,70,A#4,127,0.07409785416666637,107.474105,107.54820285416666
Acoustic Grand Piano,0,70,A#4,127,0.05476797916665532,107.938022,107.99278997916666
Acoustic Grand Piano,0,70,A#4,127,0.07731950000000154,108.09266099999999,108.1699805
Acoustic Grand Piano,0,70,A#4,127,0.06121127083332567,108.556578,108.61778927083333
Acoustic Grand Piano,0,70,A#4,127,0.07409785416666637,108.711217,108.78531485416667
Acoustic Grand Piano,0,70,A#4,127,0.04510304166666401,109.175134,109.22023704166666
Acoustic Grand Piano,0,70,A#4,127,0.06765456249999602,109.329773,109.3974275625
Acoustic Grand Piano,0,70,A#4,127,0.06443291666666084,109.79369,109.85812291666666
Acoustic Grand Piano,0,70,A#4,127,0.08698443749999285,109.948329,110.0353134375
Acoustic Grand Piano,0,70,A#4,127,0.04188139583334305,110.412246,110.45412739583334
Acoustic Grand Piano,0,70,A#4,127,0.07731950000000154,110.566885,110.6442045
Acoustic Grand Piano,0,70,A#4,127,0.054767979166669534,111.030802,111.08556997916666
Acoustic Grand Piano,0,70,A#4,127,0.06443291666667506,111.185441,111.24987391666667
Acoustic Grand Piano,0,70,A#4,127,0.05154633333333436,111.34008,111.39162633333333
Acoustic Grand Piano,0,70,A#4,127,0.07731950000000154,111.494719,111.5720385
Acoustic Grand Piano,0,70,A#4,127,0.12242254166666555,111.803997,111.92641954166666
Acoustic Grand Piano,0,70,A#4,127,0.048324687499999186,112.88647,112.9347946875
Acoustic Grand Piano,0,70,A#4,127,0.06765456249999602,113.041109,113.1087635625
Acoustic Grand Piano,0,70,A#4,127,0.054767979166669534,113.505026,113.55979397916667
Acoustic Grand Piano,0,70,A#4,127,0.07731950000000154,113.659665,113.7369845
Acoustic Grand Piano,0,70,A#4,127,0.05154633333333436,114.123582,114.17512833333333
Acoustic Grand Piano,0,70,A#4,127,0.07731950000000154,114.278221,114.3555405
Acoustic Grand Piano,0,70,A#4,127,0.05798962500000471,114.742138,114.800127625
Acoustic Grand Piano,0,70,A#4,127,0.06765456249999602,114.896777,114.9644315625
Acoustic Grand Piano,0,70,A#4,127,0.054767979166669534,115.360694,115.41546197916666
Acoustic Grand Piano,0,70,A#4,127,0.048324687499999186,115.515333,115.5636576875
Acoustic Grand Piano,0,70,A#4,127,0.054767979166669534,115.97925,116.03401797916666
Acoustic Grand Piano,0,70,A#4,127,0.08054114583333671,116.133889,116.21443014583333
Acoustic Grand Piano,0,70,A#4,127,0.0579896249999905,116.597806,116.655795625
Acoustic Grand Piano,0,70,A#4,127,0.06765456250001023,116.752445,116.8200995625
Acoustic Grand Piano,0,70,A#4,127,0.0579896249999905,117.216362,117.274351625
Acoustic Grand Piano,0,70,A#4,127,0.0708762083333454,117.37100099999999,117.44187720833334
Acoustic Grand Piano,0,70,A#4,127,0.0579896249999905,117.834918,117.89290762499999
Acoustic Grand Piano,0,70,A#4,127,0.06765456249999602,117.989557,118.0572115625
Acoustic Grand Piano,0,70,A#4,127,0.054767979166669534,118.453474,118.50824197916667
Acoustic Grand Piano,0,70,A#4,127,0.06443291666666084,118.608113,118.67254591666666
Acoustic Grand Piano,0,70,A#4,127,0.05154633333333436,119.07203,119.12357633333333
Acoustic Grand Piano,0,70,A#4,127,0.06765456249999602,119.226669,119.2943235625
Acoustic Grand Piano,0,70,A#4,127,0.04510304166666401,119.690586,119.73568904166666
Acoustic Grand Piano,0,70,A#4,127,0.07087620833333119,119.845225,119.91610120833333
Acoustic Grand Piano,0,70,A#4,127,0.05154633333333436,120.309142,120.36068833333333
Acoustic Grand Piano,0,70,A#4,127,0.07731950000000154,120.463781,120.5411005
Acoustic Grand Piano,0,70,A#4,127,0.04510304166667822,120.92769799999999,120.97280104166667
Acoustic Grand Piano,0,70,A#4,127,0.07731950000000154,121.082337,121.1596565
Acoustic Grand Piano,0,70,A#4,127,0.048324687499999186,121.546254,121.5945786875
Acoustic Grand Piano,0,70,A#4,127,0.0708762083333454,121.700893,121.77176920833334
Acoustic Grand Piano,0,70,A#4,127,0.05154633333333436,122.16481,122.21635633333334
Acoustic Grand Piano,0,70,A#4,127,0.08376279166665768,122.319449,122.40321179166666
Acoustic Grand Piano,0,70,A#4,127,0.05798962500000471,122.783366,122.841355625
Acoustic Grand Piano,0,70,A#4,127,0.07731950000000154,122.938005,123.0153245
Acoustic Grand Piano,0,70,A#4,127,0.04510304166666401,123.401922,123.44702504166666
Acoustic Grand Piano,0,70,A#4,127,0.07409785416666637,123.556561,123.63065885416667
Acoustic Grand Piano,0,70,A#4,127,0.05798962500000471,124.020478,124.078467625
Acoustic Grand Piano,0,70,A#4,127,0.07087620833333119,124.175117,124.24599320833333
Acoustic Grand Piano,0,70,A#4,127,0.054767979166669534,124.639034,124.69380197916666
Acoustic Grand Piano,0,70,A#4,127,0.07409785416666637,124.793673,124.86777085416666
Acoustic Grand Piano,0,70,A#4,127,0.054767979166669534,125.25759,125.31235797916666
Acoustic Grand Piano,0,70,A#4,127,0.07087620833333119,125.412229,125.48310520833333
Acoustic Grand Piano,0,70,A#4,127,0.05476797916665532,125.876146,125.93091397916666
Acoustic Grand Piano,0,70,A#4,127,0.07409785416666637,126.030785,126.10488285416666
Acoustic Grand Piano,0,70,A#4,127,0.10631431249998968,126.494702,126.6010163125
Acoustic Grand Piano,0,70,A#4,127,0.054767979166669534,127.113258,127.16802597916667
Acoustic Grand Piano,0,70,A#4,127,0.0805411458333225,127.267897,127.34843814583333
Acoustic Grand Piano,0,70,A#4,127,0.05798962500000471,127.731814,127.789803625
Acoustic Grand Piano,0,70,A#4,127,0.07409785416666637,127.886453,127.96055085416667
Acoustic Grand Piano,0,70,A#4,127,0.05798962500000471,128.35037,128.408359625
Acoustic Grand Piano,0,70,A#4,127,0.07409785416666637,128.505009,128.57910685416667
Acoustic Grand Piano,0,70,A#4,127,0.06121127083332567,128.968926,129.03013727083334
Acoustic Grand Piano,0,70,A#4,127,0.06765456250002444,129.12356499999999,129.1912195625
Acoustic Grand Piano,0,70,A#4,127,0.06443291666667506,129.587482,129.65191491666667
Acoustic Grand Piano,0,70,A#4,127,0.08054114583333671,129.742121,129.82266214583333
Acoustic Grand Piano,0,70,A#4,127,0.05476797916665532,130.206038,130.26080597916666
Acoustic Grand Piano,0,70,A#4,127,0.06765456249999602,130.360677,130.4283315625
Acoustic Grand Piano,0,70,A#4,127,0.06765456249999602,130.824594,130.8922485625
Acoustic Grand Piano,0,70,A#4,127,0.08054114583333671,130.979233,131.05977414583333
Acoustic Grand Piano,0,70,A#4,127,0.05476797916665532,131.44315,131.49791797916666
Acoustic Grand Piano,0,70,A#4,127,0.07409785416666637,131.597789,131.67188685416667
Acoustic Grand Piano,0,70,A#4,127,0.054767979166683745,132.061706,132.11647397916667
Acoustic Grand Piano,0,70,A#4,127,0.07409785416666637,132.216345,132.29044285416666
Acoustic Grand Piano,0,70,A#4,127,0.06443291666667506,132.680262,132.74469491666667
Acoustic Grand Piano,0,70,A#4,127,0.08054114583333671,132.834901,132.91544214583334
Acoustic Grand Piano,0,70,A#4,127,0.06765456249999602,133.298818,133.3664725625
Acoustic Grand Piano,0,70,A#4,127,0.07731950000001575,133.453457,133.5307765
Acoustic Grand Piano,0,70,A#4,127,0.06765456249999602,133.917374,133.9850285625
Acoustic Grand Piano,0,70,A#4,127,0.07731949999998733,134.072013,134.14933249999999
Acoustic Grand Piano,0,70,A#4,127,0.05798962500000471,134.53593,134.593919625
Acoustic Grand Piano,0,70,A#4,127,0.07409785416666637,134.690569,134.76466685416668
Acoustic Grand Piano,0,70,A#4,127,0.06443291666667506,135.154486,135.21891891666667
Acoustic Grand Piano,0,70,A#4,127,0.08698443750000706,135.309125,135.3961094375
Acoustic Grand Piano,0,70,A#4,127,0.06121127083332567,135.773042,135.83425327083333
Acoustic Grand Piano,0,70,A#4,127,0.07731949999998733,135.927681,136.0050005
Acoustic Grand Piano,0,70,A#4,127,0.054767979166683745,136.391598,136.44636597916667
Acoustic Grand Piano,0,70,A#4,127,0.08054114583333671,136.546237,136.62677814583333
Acoustic Grand Piano,0,70,A#4,127,0.05154633333333436,137.010154,137.06170033333333
Acoustic Grand Piano,0,70,A#4,127,0.07087620833331698,137.164793,137.23566920833332
Acoustic Grand Piano,0,70,A#4,127,0.07087620833331698,137.62871,137.69958620833333
Acoustic Grand Piano,0,70,A#4,127,0.07409785416666637,137.783349,137.85744685416665
Acoustic Grand Piano,0,70,A#4,127,0.05476797916665532,138.247266,138.30203397916665
Acoustic Grand Piano,0,70,A#4,127,0.08054114583333671,138.401905,138.48244614583334
Acoustic Grand Piano,0,70,A#4,127,0.05154633333333436,138.865822,138.91736833333334
Acoustic Grand Piano,0,70,A#4,127,0.07409785416666637,139.020461,139.09455885416668
Acoustic Grand Piano,0,70,A#4,127,0.06443291666667506,139.484378,139.54881091666667
Acoustic Grand Piano,0,70,A#4,127,0.07731950000001575,139.639017,139.7163365
Acoustic Grand Piano,0,70,A#4,127,0.05798962500000471,140.102934,140.160923625
Acoustic Grand Piano,0,70,A#4,127,0.07731949999998733,140.257573,140.3348925
Acoustic Grand Piano,0,70,A#4,127,0.06121127083335409,140.72149,140.78270127083334
Acoustic Grand Piano,0,70,A#4,127,0.07409785416666637,140.876129,140.95022685416666
Acoustic Grand Piano,0,70,A#4,127,0.07409785416666637,141.340046,141.41414385416667
Acoustic Grand Piano,0,70,A#4,127,0.07409785416666637,141.494685,141.56878285416667
Acoustic Grand Piano,0,70,A#4,127,0.06443291666667506,141.95860199999998,142.02303491666666
Acoustic Grand Piano,0,70,A#4,127,0.07731950000001575,142.113241,142.1905605
Acoustic Grand Piano,0,70,A#4,127,0.06443291666667506,142.577158,142.64159091666667
Acoustic Grand Piano,0,70,A#4,127,0.07731949999998733,142.731797,142.8091165
Acoustic Grand Piano,0,70,A#4,127,0.06443291666664663,143.195714,143.26014691666666
Acoustic Grand Piano,0,70,A#4,127,0.07409785416666637,143.350353,143.42445085416668
Acoustic Grand Piano,0,70,A#4,127,0.06765456249999602,143.81427,143.8819245625
Acoustic Grand Piano,0,70,A#4,127,0.07731950000001575,143.968909,144.0462285
Acoustic Grand Piano,0,70,A#4,127,0.06443291666664663,144.432826,144.49725891666665
Acoustic Grand Piano,0,70,A#4,127,0.08054114583333671,144.587465,144.66800614583335
Acoustic Grand Piano,0,70,A#4,127,0.06443291666667506,145.051382,145.11581491666666
Acoustic Grand Piano,0,70,A#4,127,0.08054114583333671,145.206021,145.28656214583333
Acoustic Grand Piano,0,70,A#4,127,0.06121127083332567,145.669938,145.73114927083333
Acoustic Grand Piano,0,70,A#4,127,0.08376279166665768,145.824577,145.90833979166666
Acoustic Grand Piano,0,70,A#4,127,0.06443291666667506,146.288494,146.35292691666666
Acoustic Grand Piano,0,70,A#4,127,0.07731950000001575,146.443133,146.5204525
Acoustic Grand Piano,0,70,A#4,127,0.06121127083332567,146.90705,146.96826127083332
Acoustic Grand Piano,0,70,A#4,127,0.08698443750000706,147.061689,147.1486734375
Acoustic Grand Piano,0,70,A#4,127,0.06121127083332567,147.525606,147.58681727083334
Acoustic Grand Piano,0,70,A#4,127,0.07409785416666637,147.68024499999999,147.75434285416665
Acoustic Grand Piano,0,70,A#4,127,0.06443291666667506,148.144162,148.20859491666667
Acoustic Grand Piano,0,70,A#4,127,0.08698443750000706,148.298801,148.3857854375
Acoustic Grand Piano,0,70,A#4,127,0.06443291666664663,148.762718,148.82715091666665
Acoustic Grand Piano,0,70,A#4,127,0.07731949999998733,148.917357,148.9946765
Acoustic Grand Piano,0,70,A#4,127,0.06765456249999602,149.381274,149.4489285625
Acoustic Grand Piano,0,70,A#4,127,0.08054114583333671,149.535913,149.61645414583333
Acoustic Grand Piano,0,70,A#4,127,0.06121127083332567,149.99983,150.06104127083333
Acoustic Grand Piano,0,70,A#4,127,0.07087620833331698,150.154469,150.22534520833332
Acoustic Grand Piano,0,70,A#4,127,0.0483246875000134,150.618386,150.6667106875
Acoustic Grand Piano,0,70,A#4,127,0.07731950000001575,150.773025,150.8503445
Acoustic Grand Piano,0,70,A#4,127,0.05154633333333436,151.236942,151.28848833333333
Acoustic Grand Piano,0,70,A#4,127,0.06765456249999602,151.391581,151.4592355625
Acoustic Grand Piano,0,70,A#4,127,0.05476797916665532,151.855498,151.91026597916667
Acoustic Grand Piano,0,70,A#4,127,0.07731950000001575,152.010137,152.0874565
Acoustic Grand Piano,0,70,A#4,127,0.054767979166683745,152.474054,152.52882197916668
Acoustic Grand Piano,0,70,A#4,127,0.08376279166665768,152.628693,152.71245579166666
Acoustic Grand Piano,0,70,A#4,127,0.048324687499984975,153.09261,153.1409346875
Acoustic Grand Piano,0,70,A#4,127,0.07087620833331698,153.247249,153.31812520833333
Acoustic Grand Piano,0,70,A#4,127,0.05154633333333436,153.711166,153.76271233333333
Acoustic Grand Piano,0,70,A#4,127,0.07731950000001575,153.865805,153.9431245
Acoustic Grand Piano,0,70,A#4,127,0.05476797916665532,154.329722,154.38448997916666
Acoustic Grand Piano,0,70,A#4,127,0.07731949999998733,154.484361,154.5616805
Acoustic Grand Piano,0,70,A#4,127,0.05798962500000471,154.948278,155.006267625
Acoustic Grand Piano,0,70,A#4,127,0.0837627916666861,155.102917,155.18667979166668
Acoustic Grand Piano,0,70,A#4,127,0.05476797916665532,155.566834,155.62160197916666
Acoustic Grand Piano,0,70,A#4,127,0.08376279166665768,155.721473,155.80523579166666
Acoustic Grand Piano,0,70,A#4,127,0.06121127083332567,156.18539,156.24660127083334
Acoustic Grand Piano,0,70,A#4,127,0.08054114583333671,156.340029,156.42057014583332
Acoustic Grand Piano,0,70,A#4,127,0.06121127083332567,156.803946,156.86515727083332
Acoustic Grand Piano,0,70,A#4,127,0.08376279166665768,156.958585,157.04234779166666
Acoustic Grand Piano,0,70,A#4,127,0.06121127083332567,157.422502,157.48371327083333
Acoustic Grand Piano,0,70,A#4,127,0.08054114583330829,157.577141,157.65768214583332
Acoustic Grand Piano,0,70,A#4,127,0.05798962500000471,158.041058,158.099047625
Acoustic Grand Piano,0,70,A#4,127,0.0708762083333454,158.195697,158.26657320833334
Acoustic Grand Piano,0,70,A#4,127,0.05476797916665532,158.659614,158.71438197916666
Acoustic Grand Piano,0,70,A#4,127,0.08054114583333671,158.814253,158.89479414583334
Acoustic Grand Piano,0,70,A#4,127,0.05798962500000471,159.27817,159.336159625
Acoustic Grand Piano,0,70,A#4,127,0.08054114583333671,159.432809,159.51335014583333
Acoustic Grand Piano,0,70,A#4,127,0.06121127083332567,159.896726,159.95793727083333
Acoustic Grand Piano,0,70,A#4,127,0.07731949999998733,160.051365,160.1286845
Acoustic Grand Piano,0,70,A#4,127,0.05154633333333436,160.51528199999998,160.56682833333332
Acoustic Grand Piano,0,70,A#4,127,0.07409785416666637,160.669921,160.74401885416665
Acoustic Grand Piano,0,70,A#4,127,0.05476797916665532,161.133838,161.18860597916665
Acoustic Grand Piano,0,70,A#4,127,0.07409785416666637,161.288477,161.36257485416667
Acoustic Grand Piano,0,70,A#4,127,0.06443291666664663,161.752394,161.81682691666666
Acoustic Grand Piano,0,70,A#4,127,0.07731949999998733,161.907033,161.9843525
Acoustic Grand Piano,0,70,A#4,127,0.04510304166666401,162.37095,162.41605304166666
Acoustic Grand Piano,0,70,A#4,127,0.06765456249999602,162.525589,162.5932435625
Acoustic Grand Piano,0,70,A#4,127,0.0354381041666727,162.989506,163.02494410416668
Acoustic Grand Piano,0,70,A#4,127,0.07731949999998733,163.144145,163.2214645
Acoustic Grand Piano,0,70,A#4,127,0.054767979166683745,163.608062,163.66282997916667
Acoustic Grand Piano,0,70,A#4,127,0.0708762083333454,163.762701,163.83357720833334
Acoustic Grand Piano,0,70,A#4,127,0.04188139583334305,164.226618,164.26849939583335
Acoustic Grand Piano,0,70,A#4,127,0.07087620833331698,164.381257,164.45213320833332
Acoustic Grand Piano,0,70,A#4,127,0.045103041666692434,164.845174,164.89027704166668
Acoustic Grand Piano,0,70,A#4,127,0.0708762083333454,164.999813,165.07068920833333
Acoustic Grand Piano,0,70,A#4,127,0.04188139583334305,165.46373,165.50561139583334
Acoustic Grand Piano,0,70,A#4,127,0.08054114583333671,165.618369,165.69891014583334
Acoustic Grand Piano,0,70,A#4,127,0.04510304166666401,166.082286,166.12738904166667
Acoustic Grand Piano,0,70,A#4,127,0.07409785416666637,166.23692499999999,166.31102285416665
Acoustic Grand Piano,0,70,A#4,127,0.05798962500000471,166.700842,166.758831625
Acoustic Grand Piano,0,70,A#4,127,0.08698443750000706,166.855481,166.9424654375
Acoustic Grand Piano,0,70,A#4,127,0.05798962500000471,167.319398,167.377387625
Acoustic Grand Piano,0,70,A#4,127,0.08376279166665768,167.474037,167.55779979166667
Acoustic Grand Piano,0,70,A#4,127,0.05154633333333436,167.937954,167.98950033333332
Acoustic Grand Piano,0,70,A#4,127,0.08698443750000706,168.092593,168.1795774375
Acoustic Grand Piano,0,70,A#4,127,0.048324687499984975,168.55651,168.6048346875
Acoustic Grand Piano,0,70,A#4,127,0.08376279166665768,168.711149,168.79491179166666
Acoustic Grand Piano,0,70,A#4,127,0.05154633333333436,169.175066,169.22661233333332
Acoustic Grand Piano,0,70,A#4,127,0.09020608333332802,169.329705,169.41991108333332
Acoustic Grand Piano,0,70,A#4,127,0.05476797916665532,169.793622,169.84838997916665
Acoustic Grand Piano,0,70,A#4,127,0.08376279166665768,169.948261,170.03202379166666
Acoustic Grand Piano,0,70,A#4,127,0.04510304166666401,170.412178,170.45728104166668
Acoustic Grand Piano,0,70,A#4,127,0.0837627916666861,170.566817,170.65057979166667
Acoustic Grand Piano,0,70,A#4,127,0.05154633333333436,171.030734,171.08228033333333
Acoustic Grand Piano,0,70,A#4,127,0.08054114583333671,171.185373,171.26591414583334
Acoustic Grand Piano,0,70,A#4,127,0.06121127083332567,171.64929,171.71050127083333
Acoustic Grand Piano,0,70,A#4,127,0.08376279166665768,171.803929,171.88769179166667
Acoustic Grand Piano,0,70,A#4,127,0.05798962500000471,172.267846,172.325835625
Acoustic Grand Piano,0,70,A#4,127,0.09020608333332802,172.422485,172.51269108333332
Acoustic Grand Piano,0,70,A#4,127,0.05476797916665532,172.886402,172.94116997916666
Acoustic Grand Piano,0,70,A#4,127,0.08376279166665768,173.041041,173.12480379166666
Acoustic Grand Piano,0,70,A#4,127,0.06443291666667506,173.504958,173.56939091666666
Acoustic Grand Piano,0,70,A#4,127,0.0837627916666861,173.659597,173.74335979166668
Acoustic Grand Piano,0,70,A#4,127,0.05798962500000471,174.123514,174.181503625
Acoustic Grand Piano,0,70,A#4,127,0.08054114583333671,174.278153,174.35869414583334
Acoustic Grand Piano,0,70,A#4,127,0.06121127083332567,174.74207,174.80328127083334
Acoustic Grand Piano,0,70,A#4,127,0.09020608333335645,174.896709,174.98691508333334
Acoustic Grand Piano,0,70,A#4,127,0.05798962500000471,175.360626,175.418615625
Acoustic Grand Piano,0,70,A#4,127,0.09020608333332802,175.515265,175.60547108333333
Acoustic Grand Piano,0,70,A#4,127,0.057989624999976286,175.979182,176.03717162499998
Acoustic Grand Piano,0,70,A#4,127,0.08376279166665768,176.133821,176.21758379166667
Acoustic Grand Piano,0,70,A#4,127,0.06121127083332567,176.597738,176.65894927083332
Acoustic Grand Piano,0,70,A#4,127,0.08376279166665768,176.752377,176.83613979166665
Acoustic Grand Piano,0,70,A#4,127,0.05476797916665532,177.216294,177.27106197916666
Acoustic Grand Piano,0,70,A#4,127,0.08698443749997864,177.370933,177.4579174375
Acoustic Grand Piano,0,70,A#4,127,0.05798962500000471,177.83485,177.892839625
Acoustic Grand Piano,0,70,A#4,127,0.07731950000001575,177.989489,178.0668085
Acoustic Grand Piano,0,70,A#4,127,0.05798962500000471,178.453406,178.511395625
Acoustic Grand Piano,0,70,A#4,127,0.08376279166665768,178.608045,178.69180779166666
Acoustic Grand Piano,0,70,A#4,127,0.06443291666667506,179.07196199999998,179.13639491666666
Acoustic Grand Piano,0,70,A#4,127,0.08054114583333671,179.226601,179.30714214583332
Acoustic Grand Piano,0,70,A#4,127,0.05476797916665532,179.690518,179.74528597916665
Acoustic Grand Piano,0,70,A#4,127,0.07409785416666637,179.845157,179.91925485416667
Acoustic Grand Piano,0,70,A#4,127,0.057989624999976286,180.309074,180.367063625
Acoustic Grand Piano,0,70,A#4,127,0.09020608333335645,180.46371299999998,180.55391908333334
Acoustic Grand Piano,0,70,A#4,127,0.05798962500000471,180.92763,180.985619625
Acoustic Grand Piano,0,70,A#4,127,0.08054114583333671,181.082269,181.16281014583333
Acoustic Grand Piano,0,70,A#4,127,0.05476797916665532,181.546186,181.60095397916666
Acoustic Grand Piano,0,70,A#4,127,0.08698443749997864,181.700825,181.7878094375
Acoustic Grand Piano,0,70,A#4,127,0.06443291666667506,182.164742,182.22917491666666
Acoustic Grand Piano,0,70,A#4,127,0.0837627916666861,182.319381,182.40314379166668
Acoustic Grand Piano,0,70,A#4,127,0.06121127083332567,182.783298,182.84450927083333
Acoustic Grand Piano,0,70,A#4,127,0.08376279166665768,182.937937,183.02169979166666
Acoustic Grand Piano,0,70,A#4,127,0.05798962500000471,183.401854,183.459843625
Acoustic Grand Piano,0,70,A#4,127,0.09020608333335645,183.556493,183.64669908333335
Acoustic Grand Piano,0,70,A#4,127,0.05154633333333436,184.02041,184.07195633333333
Acoustic Grand Piano,0,70,A#4,127,0.08376279166665768,184.175049,184.25881179166666
Acoustic Grand Piano,0,70,A#4,127,0.048324687499984975,184.638966,184.6872906875
Acoustic Grand Piano,0,70,A#4,127,0.07731950000001575,184.79360499999999,184.8709245
Acoustic Grand Piano,0,70,A#4,127,0.054767979166683745,185.257522,185.31228997916668
Acoustic Grand Piano,0,70,A#4,127,0.07731949999998733,185.412161,185.48948049999998
Acoustic Grand Piano,0,70,A#4,127,0.05154633333333436,185.876078,185.92762433333334
Acoustic Grand Piano,0,70,A#4,127,0.09020608333332802,186.030717,186.12092308333334
Acoustic Grand Piano,0,70,A#4,127,0.05154633333333436,186.494634,186.54618033333333
Acoustic Grand Piano,0,70,A#4,127,0.08698443750000706,186.649273,186.7362574375
Acoustic Grand Piano,0,70,A#4,127,0.048324687499984975,187.11319,187.1615146875
Acoustic Grand Piano,0,70,A#4,127,0.08054114583333671,187.267829,187.34837014583334
Acoustic Grand Piano,0,70,A#4,127,0.054767979166683745,187.731746,187.78651397916667
Acoustic Grand Piano,0,70,A#4,127,0.08698443750000706,187.886385,187.9733694375
Acoustic Grand Piano,0,70,A#4,127,0.048324687499984975,188.350302,188.39862668749998
Acoustic Grand Piano,0,70,A#4,127,0.07731949999998733,188.504941,188.5822605
Acoustic Grand Piano,0,70,A#4,127,0.05476797916665532,188.968858,189.02362597916667
Acoustic Grand Piano,0,70,A#4,127,0.08054114583333671,189.123497,189.20403814583332
Acoustic Grand Piano,0,70,A#4,127,0.05154633333333436,189.587414,189.63896033333333
Acoustic Grand Piano,0,70,A#4,127,0.08054114583333671,189.742053,189.82259414583334
Acoustic Grand Piano,0,70,A#4,127,0.05476797916665532,190.20597,190.26073797916666
Acoustic Grand Piano,0,70,A#4,127,0.08054114583330829,190.360609,190.44115014583332
Acoustic Grand Piano,0,70,A#4,127,0.04510304166666401,190.824526,190.86962904166666
Acoustic Grand Piano,0,70,A#4,127,0.07731950000001575,190.979165,191.0564845
Acoustic Grand Piano,0,70,A#4,127,0.05476797916665532,191.443082,191.49784997916666
Acoustic Grand Piano,0,70,A#4,127,0.08054114583333671,191.597721,191.67826214583334
Acoustic Grand Piano,0,70,A#4,127,0.05798962500000471,192.061638,192.119627625
Acoustic Grand Piano,0,70,A#4,127,0.08698443750000706,192.216277,192.3032614375
Acoustic Grand Piano,0,70,A#4,127,0.0354381041666727,192.680194,192.71563210416667
Acoustic Grand Piano,0,70,A#4,127,0.07409785416666637,192.834833,192.90893085416667
Acoustic Grand Piano,0,70,A#4,127,0.05154633333330594,193.29875,193.35029633333332
Acoustic Grand Piano,0,70,A#4,127,0.0708762083333454,193.453389,193.52426520833333
Acoustic Grand Piano,0,70,A#4,127,0.04188139583334305,193.917306,193.95918739583334
Acoustic Grand Piano,0,70,A#4,127,0.0708762083333454,194.071945,194.14282120833334
Acoustic Grand Piano,0,70,A#4,127,0.048324687499984975,194.535862,194.5841866875
Acoustic Grand Piano,0,70,A#4,127,0.07731949999998733,194.690501,194.7678205
Acoustic Grand Piano,0,70,A#4,127,0.03221645833335174,195.154418,195.18663445833334
Acoustic Grand Piano,0,70,A#4,127,0.07731950000001575,195.309057,195.3863765
Acoustic Grand Piano,0,70,A#4,127,0.028994812500002354,195.772974,195.8019688125
Acoustic Grand Piano,0,70,A#4,127,0.06765456249999602,195.927613,195.9952675625
Acoustic Grand Piano,0,70,A#4,127,0.0483246875000134,196.39153,196.4398546875
Acoustic Grand Piano,0,70,A#4,127,0.08698443750000706,196.546169,196.6331534375
Acoustic Grand Piano,0,70,A#4,127,0.038659749999993664,197.010086,197.04874575
Acoustic Grand Piano,0,70,A#4,127,0.07087620833331698,197.164725,197.23560120833332
Acoustic Grand Piano,0,70,A#4,127,0.0354381041666727,197.62864199999999,197.66408010416666
Acoustic Grand Piano,0,70,A#4,127,0.0708762083333454,197.783281,197.85415720833333
Acoustic Grand Piano,0,70,A#4,127,0.04510304166666401,198.247198,198.29230104166666
Acoustic Grand Piano,0,70,A#4,127,0.0708762083333454,198.401837,198.47271320833335
Acoustic Grand Piano,0,70,A#4,127,0.04188139583331463,198.865754,198.90763539583332
Acoustic Grand Piano,0,70,A#4,127,0.06765456250002444,199.02039299999998,199.0880475625
Acoustic Grand Piano,0,70,A#4,127,0.038659749999993664,199.48431,199.52296975
Acoustic Grand Piano,0,70,A#4,127,0.07409785416666637,199.638949,199.71304685416666
Acoustic Grand Piano,0,70,A#4,127,0.03221645833332332,200.102866,200.13508245833333
Acoustic Grand Piano,0,70,A#4,127,0.08054114583333671,200.257505,200.33804614583335
Acoustic Grand Piano,0,70,A#4,127,0.038659750000022086,200.721422,200.76008175
Acoustic Grand Piano,0,70,A#4,127,0.07731950000001575,200.876061,200.9533805
Acoustic Grand Piano,0,70,A#4,127,0.13853077083334142,201.339978,201.47850877083334
Acoustic Grand Piano,0,70,A#4,127,0.08376279166665768,201.649256,201.73301879166667
Acoustic Grand Piano,0,70,A#4,127,0.09342772916667741,201.958534,202.05196172916666
Acoustic Grand Piano,0,70,A#4,127,0.05798962500000471,202.267812,202.325801625
Acoustic Grand Piano,0,70,A#4,127,0.08698443750000706,202.422451,202.5094354375
Acoustic Grand Piano,0,70,A#4,127,0.06765456249999602,202.731729,202.7993835625
Acoustic Grand Piano,0,70,A#4,127,0.04510304166666401,203.195646,203.24074904166667
Acoustic Grand Piano,0,70,A#4,127,0.07731950000001575,203.35028499999999,203.4276045
Acoustic Grand Piano,0,70,A#4,127,0.0483246875000134,203.814202,203.8625266875
Acoustic Grand Piano,0,70,A#4,127,0.08054114583333671,203.968841,204.04938214583333
Acoustic Grand Piano,0,70,A#4,127,0.048324687499984975,204.432758,204.4810826875
Acoustic Grand Piano,0,70,A#4,127,0.08376279166665768,204.587397,204.67115979166667
Acoustic Grand Piano,0,70,A#4,127,0.05154633333333436,205.051314,205.10286033333333
Acoustic Grand Piano,0,70,A#4,127,0.08054114583333671,205.205953,205.28649414583333
Acoustic Grand Piano,0,70,A#4,127,0.04510304166666401,205.66987,205.71497304166667
Acoustic Grand Piano,0,70,A#4,127,0.08054114583333671,205.824509,205.90505014583334
Acoustic Grand Piano,0,70,A#4,127,0.04510304166666401,206.288426,206.33352904166665
Acoustic Grand Piano,0,70,A#4,127,0.08054114583333671,206.443065,206.52360614583333
Acoustic Grand Piano,0,70,A#4,127,0.05154633333333436,206.906982,206.95852833333333
Acoustic Grand Piano,0,70,A#4,127,0.07731949999998733,207.061621,207.1389405
Acoustic Grand Piano,0,70,A#4,127,0.04188139583331463,207.525538,207.56741939583333
Acoustic Grand Piano,0,70,A#4,127,0.07409785416666637,207.680177,207.75427485416665
Acoustic Grand Piano,0,70,A#4,127,0.0483246875000134,208.144094,208.1924186875
Acoustic Grand Piano,0,70,A#4,127,0.07731949999998733,208.298733,208.3760525
Acoustic Grand Piano,0,70,A#4,127,0.05154633333333436,208.76265,208.81419633333334
Acoustic Grand Piano,0,70,A#4,127,0.07731949999998733,208.917289,208.9946085
Acoustic Grand Piano,0,70,A#4,127,0.05154633333333436,209.381206,209.43275233333333
Acoustic Grand Piano,0,70,A#4,127,0.07409785416666637,209.535845,209.60994285416666
Acoustic Grand Piano,0,70,A#4,127,0.04188139583331463,209.999762,210.04164339583332
Acoustic Grand Piano,0,70,A#4,127,0.07409785416666637,210.154401,210.22849885416667
Acoustic Grand Piano,0,70,A#4,127,0.04188139583334305,210.618318,210.66019939583333
Acoustic Grand Piano,0,70,A#4,127,0.0837627916666861,210.772957,210.85671979166668
Acoustic Grand Piano,0,70,A#4,127,0.05476797916665532,211.236874,211.29164197916666
Acoustic Grand Piano,0,70,A#4,127,0.06765456249999602,211.391513,211.4591675625
Acoustic Grand Piano,0,70,A#4,127,0.054767979166683745,211.85542999999998,211.91019797916667
Acoustic Grand Piano,0,70,A#4,127,0.0708762083333454,212.010069,212.08094520833333
Acoustic Grand Piano,0,70,A#4,127,0.05154633333333436,212.473986,212.52553233333333
Acoustic Grand Piano,0,70,A#4,127,0.08376279166665768,212.628625,212.71238779166666
Acoustic Grand Piano,0,70,A#4,127,0.05476797916665532,213.092542,213.14730997916666
Acoustic Grand Piano,0,70,A#4,127,0.07409785416666637,213.247181,213.32127885416668
Acoustic Grand Piano,0,70,A#4,127,0.054767979166683745,213.711098,213.76586597916668
Acoustic Grand Piano,0,70,A#4,127,0.08054114583333671,213.865737,213.94627814583333
Acoustic Grand Piano,0,70,A#4,127,0.048324687499984975,214.329654,214.3779786875
Acoustic Grand Piano,0,70,A#4,127,0.07409785416666637,214.484293,214.55839085416667
Acoustic Grand Piano,0,70,A#4,127,0.04510304166666401,214.94821,214.99331304166665
Acoustic Grand Piano,0,70,A#4,127,0.07409785416666637,215.102849,215.17694685416666
Acoustic Grand Piano,0,70,A#4,127,0.05798962500000471,215.566766,215.624755625
Acoustic Grand Piano,0,70,A#4,127,0.08376279166665768,215.721405,215.80516779166666
Acoustic Grand Piano,0,70,A#4,127,0.05154633333333436,216.18532199999999,216.23686833333332
Acoustic Grand Piano,0,70,A#4,127,0.08054114583333671,216.339961,216.42050214583332
Acoustic Grand Piano,0,70,A#4,127,0.05476797916665532,216.803878,216.85864597916665
Acoustic Grand Piano,0,70,A#4,127,0.08054114583333671,216.958517,217.03905814583334
Acoustic Grand Piano,0,70,A#4,127,0.06121127083332567,217.422434,217.48364527083334
Acoustic Grand Piano,0,70,A#4,127,0.08054114583333671,217.57707299999998,217.65761414583332
Acoustic Grand Piano,0,70,A#4,127,0.05154633333333436,218.04099,218.09253633333333
Acoustic Grand Piano,0,70,A#4,127,0.08054114583333671,218.195629,218.27617014583333
Acoustic Grand Piano,0,70,A#4,127,0.06121127083332567,218.659546,218.72075727083333
Acoustic Grand Piano,0,70,A#4,127,0.08698443749997864,218.814185,218.9011694375
Acoustic Grand Piano,0,70,A#4,127,0.06121127083335409,219.278102,219.33931327083334
Acoustic Grand Piano,0,70,A#4,127,0.08054114583333671,219.432741,219.51328214583333
Acoustic Grand Piano,0,70,A#4,127,0.06443291666667506,219.896658,219.96109091666668
Acoustic Grand Piano,0,70,A#4,127,0.07731949999998733,220.051297,220.1286165
Acoustic Grand Piano,0,70,A#4,127,0.054767979166683745,220.515214,220.56998197916667
Acoustic Grand Piano,0,70,A#4,127,0.07409785416666637,220.669853,220.74395085416666
Acoustic Grand Piano,0,70,A#4,127,0.038659749999993664,221.13377,221.17242975
Acoustic Grand Piano,0,70,A#4,127,0.07409785416666637,221.288409,221.36250685416667
Acoustic Grand Piano,0,70,A#4,127,0.04188139583331463,221.752326,221.79420739583333
Acoustic Grand Piano,0,70,A#4,127,0.06121127083335409,221.90696499999999,221.96817627083334
Acoustic Grand Piano,0,70,A#4,127,0.04510304166666401,222.370882,222.41598504166666
Acoustic Grand Piano,0,70,A#4,127,0.08054114583333671,222.525521,222.60606214583333
Acoustic Grand Piano,0,70,A#4,127,0.04510304166666401,222.989438,223.03454104166667
Acoustic Grand Piano,0,70,A#4,127,0.06765456249999602,223.144077,223.2117315625
Acoustic Grand Piano,0,70,A#4,127,0.054767979166683745,223.607994,223.66276197916667
Acoustic Grand Piano,0,70,A#4,127,0.0708762083333454,223.762633,223.83350920833334
Acoustic Grand Piano,0,70,A#4,127,0.04188139583331463,224.22655,224.26843139583332
Acoustic Grand Piano,0,70,A#4,127,0.07731949999998733,224.381189,224.4585085
Acoustic Grand Piano,0,70,A#4,127,0.04510304166666401,224.845106,224.89020904166665
Acoustic Grand Piano,0,70,A#4,127,0.0837627916666861,224.999745,225.08350779166668
Acoustic Grand Piano,0,70,A#4,127,0.05798962500000471,225.463662,225.521651625
Acoustic Grand Piano,0,70,A#4,127,0.07731949999998733,225.618301,225.6956205
Acoustic Grand Piano,0,70,A#4,127,0.04188139583331463,226.082218,226.12409939583333
Acoustic Grand Piano,0,70,A#4,127,0.08054114583333671,226.236857,226.31739814583332
Acoustic Grand Piano,0,70,A#4,127,0.05154633333333436,226.700774,226.75232033333333
Acoustic Grand Piano,0,70,A#4,127,0.08054114583333671,226.855413,226.93595414583334
Acoustic Grand Piano,0,70,A#4,127,0.03543810416664428,227.31933,227.35476810416665
Acoustic Grand Piano,0,70,A#4,127,0.08698443749997864,227.473969,227.5609534375
Acoustic Grand Piano,0,70,A#4,127,0.038659749999993664,227.937886,227.97654574999999
Acoustic Grand Piano,0,70,A#4,127,0.06443291666667506,228.092525,228.15695791666667
Acoustic Grand Piano,0,70,A#4,127,0.0354381041666727,228.556442,228.59188010416668
Acoustic Grand Piano,0,70,A#4,127,0.07409785416666637,228.711081,228.78517885416667
Acoustic Grand Piano,0,70,A#4,127,0.0354381041666727,229.174998,229.21043610416666
Acoustic Grand Piano,0,70,A#4,127,0.06443291666667506,229.329637,229.39406991666667
Acoustic Grand Piano,0,70,A#4,127,0.05154633333333436,229.793554,229.84510033333333
Acoustic Grand Piano,0,70,A#4,127,0.07409785416666637,229.948193,230.02229085416667
Acoustic Grand Piano,0,70,A#4,127,0.05154633333333436,230.41210999999998,230.46365633333332
Acoustic Grand Piano,0,70,A#4,127,0.08698443750000706,230.566749,230.6537334375
Acoustic Grand Piano,0,70,A#4,127,0.05154633333333436,231.030666,231.08221233333333
Acoustic Grand Piano,0,70,A#4,127,0.08698443750000706,231.185305,231.2722894375
Acoustic Grand Piano,0,70,A#4,127,0.01932987499998262,231.649222,231.668551875
Acoustic Grand Piano,0,70,A#4,127,0.07409785416666637,231.803861,231.87795885416668
Acoustic Grand Piano,0,70,A#4,127,0.05154633333333436,232.267778,232.31932433333333
Acoustic Grand Piano,0,70,A#4,127,0.07409785416666637,232.422417,232.49651485416666
Acoustic Grand Piano,0,70,A#4,127,0.05798962500000471,232.886334,232.944323625
Acoustic Grand Piano,0,70,A#4,127,0.07409785416666637,233.040973,233.11507085416667
Acoustic Grand Piano,0,70,A#4,127,0.05154633333333436,233.50489,233.55643633333332
Acoustic Grand Piano,0,70,A#4,127,0.07409785416666637,233.659529,233.73362685416666
Acoustic Grand Piano,0,70,A#4,127,0.05798962500000471,234.123446,234.181435625
Acoustic Grand Piano,0,70,A#4,127,0.07731949999998733,234.278085,234.3554045
Acoustic Grand Piano,0,70,A#4,127,0.05798962500000471,234.74200199999999,234.799991625
Acoustic Grand Piano,0,70,A#4,127,0.07731950000001575,234.896641,234.9739605
Acoustic Grand Piano,0,70,A#4,127,0.05476797916665532,235.360558,235.41532597916665
Acoustic Grand Piano,0,70,A#4,127,0.07731949999998733,235.515197,235.5925165
Acoustic Grand Piano,0,70,A#4,127,0.057989624999976286,235.979114,236.037103625
Acoustic Grand Piano,0,70,A#4,127,0.07409785416666637,236.13375299999998,236.20785085416665
Acoustic Grand Piano,0,70,A#4,127,0.0483246875000134,236.59767,236.6459946875
Acoustic Grand Piano,0,70,A#4,127,0.08054114583333671,236.752309,236.83285014583333
Acoustic Grand Piano,0,70,A#4,127,0.05154633333333436,237.216226,237.26777233333334
Acoustic Grand Piano,0,70,A#4,127,0.07087620833331698,237.370865,237.44174120833333
Acoustic Grand Piano,0,70,A#4,127,0.038659750000022086,237.834782,237.87344175
Acoustic Grand Piano,0,70,A#4,127,0.06765456249999602,237.989421,238.0570755625
Acoustic Grand Piano,0,70,A#4,127,0.04510304166666401,238.453338,238.49844104166667
Acoustic Grand Piano,0,70,A#4,127,0.06765456249999602,238.607977,238.6756315625
Acoustic Grand Piano,0,70,A#4,127,0.05154633333333436,239.071894,239.12344033333332
Acoustic Grand Piano,0,70,A#4,127,0.07409785416666637,239.226533,239.30063085416666
Acoustic Grand Piano,0,70,A#4,127,0.05154633333333436,239.69045,239.74199633333333
Acoustic Grand Piano,0,70,A#4,127,0.07087620833331698,239.845089,239.91596520833332
Acoustic Grand Piano,0,70,A#4,127,0.06121127083332567,240.309006,240.37021727083334
Acoustic Grand Piano,0,70,A#4,127,0.07409785416666637,240.46364499999999,240.53774285416665
Acoustic Grand Piano,0,70,A#4,127,0.04188139583334305,240.927562,240.96944339583334
Acoustic Grand Piano,0,70,A#4,127,0.07409785416666637,241.082201,241.15629885416666
Acoustic Grand Piano,0,70,A#4,127,0.10953595833331065,241.546118,241.65565395833332
Acoustic Grand Piano,0,70,A#4,127,0.0837627916666861,241.73619510416665,241.81995789583334
Acoustic Grand Piano,0,70,A#4,127,0.13530912500002046,242.164674,242.299983125
Acoustic Grand Piano,0,59,B3,127,0.1514173541666537,242.54804985416666,242.69946720833332
Acoustic Grand Piano,0,70,A#4,127,0.27383989583333346,242.473952,242.74779189583333
Acoustic Grand Piano,0,70,A#4,127,0.11597925000000942,242.957198875,243.073178125
Acoustic Grand Piano,0,70,A#4,127,0.05798962500000471,244.020342,244.078331625
Acoustic Grand Piano,0,70,A#4,127,0.05798962500000471,244.19753252083333,244.25552214583334
Acoustic Grand Piano,0,70,A#4,127,0.05798962500000471,244.61634647916665,244.67433610416666
Acoustic Grand Piano,0,70,A#4,127,0.07087620833331698,244.78709370833334,244.85796991666666
Acoustic Grand Piano,0,70,A#4,127,0.05798962500000471,245.21879425,245.276783875
Acoustic Grand Piano,0,70,A#4,127,0.06443291666667506,245.38954147916667,245.45397439583334
Acoustic Grand Piano,0,70,A#4,127,0.05798962500000471,245.83412860416666,245.89211822916667
Acoustic Grand Piano,0,70,A#4,127,0.07731949999998733,246.0016541875,246.0789736875
Acoustic Grand Piano,0,70,A#4,127,0.05798962500000471,246.47845777083333,246.53644739583333
Acoustic Grand Piano,0,70,A#4,127,0.06765456249999602,246.649205,246.7168595625
Acoustic Grand Piano,0,70,A#4,127,0.05798962500000471,247.10345706249998,247.1614466875
Acoustic Grand Piano,0,70,A#4,127,0.05476797916665532,247.27420429166668,247.32897227083333
Acoustic Grand Piano,0,70,A#4,127,0.054767979166683745,247.70912647916666,247.76389445833334
Acoustic Grand Piano,0,70,A#4,127,0.07409785416666637,247.8766520625,247.95074991666667
Acoustic Grand Piano,0,70,A#4,127,0.06121127083332567,248.33412577083334,248.39533704166666
Acoustic Grand Piano,0,70,A#4,127,0.06121127083332567,248.49842970833333,248.55964097916666
Acoustic Grand Piano,0,70,A#4,127,0.05476797916665532,248.949460125,249.00422810416666
Acoustic Grand Piano,0,70,A#4,127,0.06765456250002444,249.11698570833332,249.18464027083334
Acoustic Grand Piano,0,70,A#4,127,0.05154633333333436,249.56801612499999,249.61956245833332
Acoustic Grand Piano,0,70,A#4,127,0.0708762083333454,249.72909841666666,249.799974625
Acoustic Grand Piano,0,70,A#4,127,0.054767979166683745,250.18979377083332,250.24456175
Acoustic Grand Piano,0,70,A#4,127,0.07087620833331698,250.360541,250.43141720833333
Acoustic Grand Piano,0,70,A#4,127,0.0708762083333454,250.81157141666665,250.882447625
Acoustic Grand Piano,0,70,A#4,127,0.05798962500000471,251.4140191875,251.4720088125
Acoustic Grand Piano,0,70,A#4,127,0.0708762083333454,251.5879880625,251.65886427083333
Acoustic Grand Piano,0,70,A#4,127,0.06121127083335409,252.03901847916666,252.10022975
Acoustic Grand Piano,0,70,A#4,127,0.07409785416666637,252.216209,252.29030685416666
Acoustic Grand Piano,0,70,A#4,127,0.06765456249999602,252.6704610625,252.738115625
Acoustic Grand Piano,0,70,A#4,127,0.07409785416666637,252.834765,252.90886285416667
Acoustic Grand Piano,0,70,A#4,127,0.06443291666664663,253.29223870833334,253.356671625
Acoustic Grand Piano,0,70,A#4,127,0.07409785416666637,253.46620758333333,253.5403054375
Acoustic Grand Piano,0,70,A#4,127,0.07087620833331698,253.90112977083334,253.97200597916665
Acoustic Grand Piano,0,70,A#4,127,0.07731949999998733,254.071877,254.1491965
Acoustic Grand Piano,0,70,A#4,127,0.06443291666667506,254.53257235416666,254.59700527083334
Acoustic Grand Piano,0,70,A#4,127,0.07409785416666637,254.69043299999998,254.76453085416665
Acoustic Grand Piano,0,70,A#4,127,0.06121127083332567,255.1446850625,255.20589633333333
Acoustic Grand Piano,0,70,A#4,127,0.08376279166665768,255.308989,255.39275179166665
Acoustic Grand Piano,0,70,A#4,127,0.054767979166683745,255.76968435416666,255.82445233333334
Acoustic Grand Piano,0,70,A#4,127,0.07087620833331698,255.927545,255.99842120833333
Acoustic Grand Piano,0,70,A#4,127,0.06121127083332567,256.391462,256.4526732708333
Acoustic Grand Piano,0,70,A#4,127,0.07087620833328856,256.5622092291667,256.6330854375
Acoustic Grand Piano,0,70,A#4,127,0.05798962500000471,257.0035747083333,257.0615643333333
Acoustic Grand Piano,0,70,A#4,127,0.07409785416666637,257.16143535416666,257.2355332083333
Acoustic Grand Piano,0,70,A#4,127,0.054767979166683745,257.6221307083333,257.6768986875
Acoustic Grand Piano,0,70,A#4,127,0.07731949999998733,257.783213,257.8605325
Acoustic Grand Piano,0,70,A#4,127,0.05798962500000471,258.26968152083333,258.32767114583334
Acoustic Grand Piano,0,70,A#4,127,0.07731949999998733,258.4307638125,258.5080833125
Acoustic Grand Piano,0,70,A#4,127,0.06121127083332567,258.86246435416666,258.923675625
Acoustic Grand Piano,0,70,A#4,127,0.06765456250002444,259.039654875,259.1073094375
Acoustic Grand Piano,0,70,A#4,127,0.06443291666664663,259.46813377083333,259.5325666875
Acoustic Grand Piano,0,70,A#4,127,0.07731950000004417,259.63565935416665,259.7129788541667
Acoustic Grand Piano,0,70,A#4,127,0.05798962500000471,260.08668977083335,260.14467939583335
Acoustic Grand Piano,0,70,A#4,127,0.0708762083333454,260.25421535416666,260.3250915625
Acoustic Grand Piano,0,70,A#4,127,0.05798962500000471,260.68269425,260.740683875
Acoustic Grand Piano,0,70,A#4,127,0.07087620833328856,260.8534414791667,260.9243176875
Acoustic Grand Piano,0,70,A#4,127,0.06121127083332567,261.33346670833333,261.39467797916666
Acoustic Grand Piano,0,70,A#4,127,0.0708762083333454,261.494549,261.56542520833335
Acoustic Grand Piano,0,70,A#4,127,0.05154633333330594,261.95524435416667,262.0067906875
Acoustic Grand Piano,0,70,A#4,127,0.07409785416666637,262.113105,262.1872028541667
Acoustic Grand Piano,0,70,A#4,127,0.05798962500000471,262.5802436458333,262.6382332708333
Acoustic Grand Piano,0,70,A#4,127,0.08054114583336514,262.731661,262.81220214583334
Acoustic Grand Piano,0,70,A#4,127,0.09987102083329091,263.195578,263.2954490208333
Acoustic Grand Piano,0,70,A#4,127,0.2545100208333224,263.504856,263.75936602083334
Acoustic Grand Piano,0,58,A#3,127,0.16108229166666632,4.948448,5.109530291666666
Acoustic Grand Piano,0,55,G3,127,0.1771905208333333,4.948448,5.125638520833333
Acoustic Grand Piano,0,50,D3,127,0.1804121666666667,4.948448,5.128860166666667
Acoustic Grand Piano,0,67,G4,127,0.2029636874999996,4.948448,5.1514116875
Acoustic Grand Piano,0,62,D4,127,0.2126286249999998,4.948448,5.161076625
Acoustic Grand Piano,0,70,A#4,127,0.2158502708333332,4.948448,5.164298270833333
Acoustic Grand Piano,0,58,A#3,127,0.07731949999999976,5.415586645833334,5.4929061458333335
Acoustic Grand Piano,0,55,G3,127,0.08054114583333316,5.415586645833334,5.496127791666667
Acoustic Grand Piano,0,67,G4,127,0.09020608333333247,5.415586645833334,5.505792729166666
Acoustic Grand Piano,0,70,A#4,127,0.09020608333333247,5.415586645833334,5.505792729166666
Acoustic Grand Piano,0,62,D4,127,0.09020608333333247,5.415586645833334,5.505792729166666
Acoustic Grand Piano,0,58,A#3,127,0.08054114583333316,5.6153286875,5.695869833333333
Acoustic Grand Piano,0,55,G3,127,0.09342772916666675,5.6153286875,5.708756416666667
Acoustic Grand Piano,0,50,D3,127,0.10631431250000034,5.6153286875,5.721643
Acoustic Grand Piano,0,67,G4,127,0.10631431250000034,5.6153286875,5.721643
Acoustic Grand Piano,0,62,D4,127,0.11275760416666714,5.6153286875,5.728086291666667
Acoustic Grand Piano,0,70,A#4,127,0.11275760416666714,5.6153286875,5.728086291666667
Acoustic Grand Piano,0,60,C4,127,0.06443291666666706,5.927828333333333,5.99226125
Acoustic Grand Piano,0,69,A4,127,0.6539941041666673,5.908498458333333,6.5624925625
Acoustic Grand Piano,0,48,C3,127,0.6636590416666666,5.918163395833333,6.5818224375
Acoustic Grand Piano,0,53,F3,127,0.6958755000000005,5.918163395833333,6.614038895833334
Acoustic Grand Piano,0,65,F4,127,0.7119837291666666,5.9052768125,6.617260541666667
Acoustic Grand Piano,0,57,A3,127,0.7119837291666666,5.918163395833333,6.630147125
Acoustic Grand Piano,0,62,D4,127,0.13208747916666663,6.800894354166666,6.932981833333333
Acoustic Grand Piano,0,50,D3,127,0.1900771041666669,6.820224229166667,7.0103013333333335
Acoustic Grand Piano,0,65,F4,127,0.14497406249999933,6.974863229166667,7.119837291666666
Acoustic Grand Piano,0,53,F3,127,0.1900771041666669,6.958755,7.148832104166667
Acoustic Grand Piano,0,67,G4,127,0.1965203958333328,7.284141229166667,7.480661625
Acoustic Grand Piano,0,55,G3,127,0.2158502708333332,7.287362875,7.5032131458333335
Acoustic Grand Piano,0,72,C5,127,0.15786064583333292,8.675892229166667,8.833752875
Acoustic Grand Piano,0,55,G3,127,0.15786064583333292,8.692000458333334,8.849861104166667
Acoustic Grand Piano,0,84,C6,127,0.2158502708333323,8.663005645833334,8.878855916666666
Acoustic Grand Piano,0,63,D#4,127,0.07087620833333297,8.991613520833333,9.062489729166666
Acoustic Grand Piano,0,60,C4,127,0.09664937500000015,8.972283645833333,9.068933020833333
Acoustic Grand Piano,0,75,D#5,127,0.08698443749999996,8.991613520833333,9.078597958333333
Acoustic Grand Piano,0,79,G5,127,0.10309266666666694,8.991613520833333,9.0947061875
Acoustic Grand Piano,0,55,G3,127,0.14497406249999933,9.304113166666667,9.449087229166667
Acoustic Grand Piano,0,72,C5,127,0.1771905208333333,9.304113166666667,9.4813036875
Acoustic Grand Piano,0,75,D#5,127,0.12242254166666733,9.452308875,9.574731416666667
Acoustic Grand Piano,0,60,C4,127,0.1578606458333347,9.426535708333333,9.584396354166667
Acoustic Grand Piano,0,63,D#4,127,0.05798962499999938,9.584396354166667,9.642385979166667
Acoustic Grand Piano,0,55,G3,127,0.17074722916666651,9.742257,9.913004229166667
Acoustic Grand Piano,0,70,A#4,127,0.2094069791666655,9.742257,9.951663979166666
Acoustic Grand Piano,0,82,A#5,127,0.2190719166666657,9.742257,9.961328916666666
Acoustic Grand Piano,0,58,A#3,127,0.12242254166666733,10.064421583333333,10.186844125
Acoustic Grand Piano,0,62,D4,127,0.06765456249999957,10.206174,10.2738285625
Acoustic Grand Piano,0,70,A#4,127,0.12242254166666555,10.380142875,10.502565416666666
Acoustic Grand Piano,0,82,A#5,127,0.16752558333333312,10.373699583333334,10.541225166666667
Acoustic Grand Piano,0,55,G3,127,0.2190719166666657,10.360813,10.579884916666666
Acoustic Grand Piano,0,70,A#4,127,0.07731949999999976,10.689420875,10.766740375
Acoustic Grand Piano,0,74,D5,127,0.08376279166666656,10.692642520833333,10.7764053125
Acoustic Grand Piano,0,70,A#4,127,0.06765456249999957,10.979369,11.0470235625
Acoustic Grand Piano,0,62,D4,127,0.28994812499999867,10.818286708333334,11.108234833333333
Acoustic Grand Piano,0,54,F#3,127,0.23195850000000107,11.134008,11.3659665
Acoustic Grand Piano,0,69,A4,127,0.23840179166666609,11.137229645833333,11.3756314375
Acoustic Grand Piano,0,81,A5,127,0.2287368541666659,11.1630028125,11.391739666666666
Acoustic Grand Piano,0,72,C5,127,0.13208747916666574,11.443286,11.575373479166666
Acoustic Grand Piano,0,75,D#5,127,0.1578606458333347,11.462615875,11.620476520833334
Acoustic Grand Piano,0,62,D4,127,0.1804121666666667,11.443286,11.623698166666667
Acoustic Grand Piano,0,57,A3,127,0.2094069791666655,11.443286,11.652692979166666
Acoustic Grand Piano,0,66,F#4,127,0.10953595833333374,11.775115520833333,11.884651479166667
Acoustic Grand Piano,0,54,F#3,127,0.1997420416666671,11.752564,11.952306041666667
Acoustic Grand Piano,0,69,A4,127,0.10631431250000034,11.903981354166666,12.010295666666666
Acoustic Grand Piano,0,57,A3,127,0.12242254166666733,11.923311229166666,12.045733770833333
Acoustic Grand Piano,0,62,D4,127,0.09664937500000015,12.048955416666667,12.145604791666667
Acoustic Grand Piano,0,67,G4,127,0.1868554583333335,12.216481,12.403336458333333
Acoustic Grand Piano,0,79,G5,127,0.2029636875000005,12.216481,12.4194446875
Acoustic Grand Piano,0,55,G3,127,0.21262862500000068,12.213259354166667,12.425887979166667
Acoustic Grand Piano,0,74,D5,127,0.06765456250000135,12.548310520833333,12.615965083333334
Acoustic Grand Piano,0,62,D4,127,0.15463899999999953,12.525759,12.680398
Acoustic Grand Piano,0,58,A#3,127,0.07731949999999976,12.683619645833334,12.760939145833333
Acoustic Grand Piano,0,70,A#4,127,0.07087620833333297,12.696506229166667,12.7673824375
Acoustic Grand Piano,0,67,G4,127,0.12886583333333235,12.870475104166667,12.9993409375
Acoustic Grand Piano,0,55,G3,127,0.20940697916666728,12.835037,13.044443979166667
Acoustic Grand Piano,0,70,A#4,127,0.08698443749999996,13.170088166666666,13.257072604166666
Acoustic Grand Piano,0,74,D5,127,0.09664937500000015,13.163644875,13.26029425
Acoustic Grand Piano,0,58,A#3,127,0.1965203958333337,13.298954,13.495474395833334
Acoustic Grand Piano,0,70,A#4,127,0.07087620833333297,13.453593,13.524469208333333
Acoustic Grand Piano,0,55,G3,127,0.09342772916666675,13.630783520833333,13.72421125
Acoustic Grand Piano,0,72,C5,127,0.22873685416666767,13.624340229166666,13.853077083333334
Acoustic Grand Piano,0,75,D#5,127,0.09020608333333335,13.782200875,13.872406958333332
Acoustic Grand Piano,0,60,C4,127,0.15786064583333292,13.749984416666667,13.9078450625
Acoustic Grand Piano,0,63,D#4,127,0.06443291666666617,13.894958479166666,13.959391395833332
Acoustic Grand Piano,0,79,G5,127,0.04510304166666579,13.943283166666667,13.988386208333333
Acoustic Grand Piano,0,55,G3,127,0.11275760416666714,14.072149,14.184906604166667
Acoustic Grand Piano,0,72,C5,127,0.10631431250000034,14.085035583333333,14.191349895833334
Acoustic Grand Piano,0,84,C6,127,0.11920089583333393,14.085035583333333,14.204236479166667
Acoustic Grand Piano,0,84,C6,127,0.13530912499999914,14.381427,14.516736125
Acoustic Grand Piano,0,72,C5,127,0.13530912499999914,14.3910919375,14.5264010625
Acoustic Grand Piano,0,60,C4,127,0.13853077083333254,14.397535229166667,14.536066
Acoustic Grand Piano,0,82,A#5,127,0.1739688749999999,14.674596770833332,14.848565645833332
Acoustic Grand Piano,0,55,G3,127,0.1739688749999999,14.6810400625,14.8550089375
Acoustic Grand Piano,0,70,A#4,127,0.2029636874999987,14.664931833333334,14.867895520833333
Acoustic Grand Piano,0,74,D5,127,0.06765456249999957,14.9903180625,15.057972625
Acoustic Grand Piano,0,58,A#3,127,0.07731949999999976,14.9903180625,15.0676375625
Acoustic Grand Piano,0,62,D4,127,0.05154633333333436,15.132070479166666,15.1836168125
Acoustic Grand Piano,0,70,A#4,127,0.11275760416666714,15.306039354166666,15.418796958333333
Acoustic Grand Piano,0,82,A#5,127,0.11920089583333393,15.306039354166666,15.42524025
Acoustic Grand Piano,0,55,G3,127,0.1514173541666679,15.306039354166666,15.457456708333334
Acoustic Grand Piano,0,70,A#4,127,0.09020608333333335,15.624982291666667,15.715188375
Acoustic Grand Piano,0,82,A#5,127,0.09342772916666675,15.6282039375,15.721631666666667
Acoustic Grand Piano,0,55,G3,127,0.10631431249999856,15.634647229166667,15.740961541666666
Acoustic Grand Piano,0,70,A#4,127,0.07409785416666814,15.927817,16.001914854166667
Acoustic Grand Piano,0,55,G3,127,0.08376279166666833,15.924595354166666,16.008358145833334
Acoustic Grand Piano,0,54,F#3,127,0.1739688749999999,16.117894104166666,16.291862979166666
Acoustic Grand Piano,0,69,A4,127,0.21262862500000068,16.082456,16.295084625
Acoustic Grand Piano,0,57,A3,127,0.09020608333333513,16.298306270833333,16.388512354166668
Acoustic Grand Piano,0,72,C5,127,0.13853077083333076,16.269311458333334,16.407842229166665
Acoustic Grand Piano,0,62,D4,127,0.0644329166666644,16.4013989375,16.465831854166666
Acoustic Grand Piano,0,75,D#5,127,0.06765456250000312,16.407842229166665,16.475496791666668
Acoustic Grand Piano,0,54,F#3,127,0.21907191666666748,16.546373,16.765444916666667
Acoustic Grand Piano,0,69,A4,127,0.19652039583333192,16.5753678125,16.771888208333333
Acoustic Grand Piano,0,81,A5,127,0.2094069791666655,16.572146166666666,16.781553145833332
Acoustic Grand Piano,0,72,C5,127,0.14175241666666594,16.8653159375,17.007068354166666
Acoustic Grand Piano,0,75,D#5,127,0.13208747916666752,16.878202520833334,17.01029
Acoustic Grand Piano,0,62,D4,127,0.1578606458333347,16.855650999999998,17.013511645833333
Acoustic Grand Piano,0,77,F5,127,0.12564418750000073,17.181037229166666,17.306681416666667
Acoustic Grand Piano,0,55,G3,127,0.16752558333333312,17.152042416666667,17.319568
Acoustic Grand Piano,0,79,G5,127,0.1739688749999999,17.164929,17.338897875
Acoustic Grand Piano,0,67,G4,127,0.1804121666666667,17.164929,17.345341166666667
Acoustic Grand Piano,0,74,D5,127,0.06121127083333633,17.496758520833332,17.557969791666668
Acoustic Grand Piano,0,62,D4,127,0.12886583333333235,17.4645420625,17.593407895833334
Acoustic Grand Piano,0,58,A#3,127,0.05154633333333436,17.628846,17.680392333333334
Acoustic Grand Piano,0,70,A#4,127,0.06765456249999957,17.641732583333333,17.709387145833333
Acoustic Grand Piano,0,67,G4,127,0.15141735416666435,17.786706645833334,17.938124
Acoustic Grand Piano,0,79,G5,127,0.17719052083333509,17.783485,17.960675520833334
Acoustic Grand Piano,0,55,G3,127,0.26739660416666666,17.777041708333332,18.0444383125
Acoustic Grand Piano,0,74,D5,127,0.13208747916666752,18.089541354166666,18.221628833333334
Acoustic Grand Piano,0,70,A#4,127,0.13853077083333076,18.09920629166667,18.2377370625
Acoustic Grand Piano,0,66,F#4,127,0.05154633333333436,18.402041,18.453587333333335
Acoustic Grand Piano,0,62,D4,127,0.2545100208333331,18.224850479166665,18.4793605
Acoustic Grand Piano,0,65,F4,127,0.11597925000000231,18.553458354166665,18.669437604166667
Acoustic Grand Piano,0,53,F3,127,0.21907191666666748,18.55990164583333,18.7789735625
Acoustic Grand Piano,0,69,A4,127,0.09664937499999837,18.724205583333333,18.82085495833333
Acoustic Grand Piano,0,57,A3,127,0.13530912499999914,18.695210770833334,18.830519895833334
Acoustic Grand Piano,0,60,C4,127,0.045103041666667565,18.846628125,18.891731166666666
Acoustic Grand Piano,0,65,F4,127,0.1417524166666695,19.020597,19.162349416666668
Acoustic Grand Piano,0,77,F5,127,0.1707472291666683,19.020597,19.191344229166667
Acoustic Grand Piano,0,53,F3,127,0.21907191666666748,19.0109320625,19.230003979166668
Acoustic Grand Piano,0,69,A4,127,0.14175241666666594,19.3202100625,19.461962479166665
Acoustic Grand Piano,0,72,C5,127,0.15786064583333115,19.323431708333334,19.481292354166666
Acoustic Grand Piano,0,54,F#3,127,0.22551520833333427,19.468405770833332,19.693920979166666
Acoustic Grand Piano,0,70,A#4,127,0.13208747916666752,19.793792,19.925879479166667
Acoustic Grand Piano,0,74,D5,127,0.14819570833333273,19.793792,19.941987708333333
Acoustic Grand Piano,0,55,G3,127,0.1514173541666679,19.793792,19.945209354166668
Acoustic Grand Piano,0,62,D4,127,0.16752558333333312,19.793792,19.961317583333333
Acoustic Grand Piano,0,58,A#3,127,0.17719052083333509,19.793792,19.970982520833335
Acoustic Grand Piano,0,67,G4,127,0.18363381249999833,19.793792,19.977425812499998
Acoustic Grand Piano,0,55,G3,127,0.08698443749999996,20.293147104166668,20.380131541666668
Acoustic Grand Piano,0,58,A#3,127,0.09020608333333158,20.293147104166668,20.3833531875
Acoustic Grand Piano,0,70,A#4,127,0.09342772916666675,20.293147104166668,20.386574833333334
Acoustic Grand Piano,0,74,D5,127,0.09664937499999837,20.293147104166668,20.389796479166666
Acoustic Grand Piano,0,62,D4,127,0.09664937499999837,20.293147104166668,20.389796479166666
Acoustic Grand Piano,0,67,G4,127,0.09987102083333355,20.293147104166668,20.393018125
Acoustic Grand Piano,0,67,G4,127,0.12242254166666555,21.076007041666667,21.198429583333333
Acoustic Grand Piano,0,55,G3,127,0.15463899999999953,21.06956375,21.22420275
Acoustic Grand Piano,0,58,A#3,127,0.09342772916666675,21.2145378125,21.30796554166667
Acoustic Grand Piano,0,70,A#4,127,0.09987102083333355,21.217759458333333,21.317630479166667
Acoustic Grand Piano,0,62,D4,127,0.06765456249999957,21.336960354166667,21.404614916666667
Acoustic Grand Piano,0,74,D5,127,0.061211270833332776,21.37884175,21.440053020833332
Acoustic Grand Piano,0,55,G3,127,0.11275760416666714,21.50770758333333,21.6204651875
Acoustic Grand Piano,0,67,G4,127,0.09987102083333355,21.527037458333332,21.626908479166666
Acoustic Grand Piano,0,79,G5,127,0.11920089583333393,21.5238158125,21.643016708333334
Acoustic Grand Piano,0,79,G5,127,0.08054114583333316,21.826650520833333,21.907191666666666
Acoustic Grand Piano,0,67,G4,127,0.09342772916666675,21.826650520833333,21.92007825
Acoustic Grand Piano,0,55,G3,127,0.08698443749999996,21.836315458333335,21.923299895833335
Acoustic Grand Piano,0,79,G5,127,0.09342772916666675,22.139150166666667,22.232577895833334
Acoustic Grand Piano,0,55,G3,127,0.11275760416666714,22.126263583333333,22.2390211875
Acoustic Grand Piano,0,67,G4,127,0.16752558333333312,22.119820291666667,22.287345875
Acoustic Grand Piano,0,58,A#3,127,0.07087620833333474,22.422655,22.493531208333334
Acoustic Grand Piano,0,70,A#4,127,0.10631431250000034,22.422655,22.5289693125
Acoustic Grand Piano,0,64,E4,127,0.016108229166668764,22.564407416666665,22.580515645833334
Acoustic Grand Piano,0,62,D4,127,0.06443291666666795,22.561185770833333,22.6256186875
Acoustic Grand Piano,0,67,G4,127,0.1449740625000011,22.735154645833333,22.880128708333334
Acoustic Grand Piano,0,70,A#4,127,0.09987102083333355,23.057319229166666,23.15719025
Acoustic Grand Piano,0,74,D5,127,0.13208747916666752,23.037989354166665,23.170076833333333
Acoustic Grand Piano,0,58,A#3,127,0.09987102083333,23.179741770833335,23.279612791666665
Acoustic Grand Piano,0,70,A#4,127,0.045103041666667565,23.331159125,23.376262166666667
Acoustic Grand Piano,0,70,A#4,127,0.1449740625000011,23.505128,23.6501020625
Acoustic Grand Piano,0,82,A#5,127,0.14819570833333273,23.508349645833334,23.656545354166667
Acoustic Grand Piano,0,55,G3,127,0.18363381250000188,23.492241416666666,23.675875229166667
Acoustic Grand Piano,0,58,A#3,127,0.1224225416666691,23.63399383333333,23.756416375
Acoustic Grand Piano,0,62,D4,127,0.07409785416666637,23.782189541666668,23.856287395833334
Acoustic Grand Piano,0,64,E4,127,0.08376279166666833,23.778967895833333,23.8627306875
Acoustic Grand Piano,0,70,A#4,127,0.11597924999999876,23.956158416666668,24.072137666666666
Acoustic Grand Piano,0,58,A#3,127,0.12564418750000073,23.9593800625,24.08502425
Acoustic Grand Piano,0,82,A#5,127,0.17719052083333153,23.943271833333334,24.120462354166666
Acoustic Grand Piano,0,70,A#4,127,0.11597925000000231,24.2686580625,24.3846373125
Acoustic Grand Piano,0,82,A#5,127,0.13853077083333432,24.265436416666667,24.4039671875
Acoustic Grand Piano,0,58,A#3,127,0.1997420416666671,24.2686580625,24.468400104166665
Acoustic Grand Piano,0,54,F#3,127,0.21907191666666748,24.545719604166667,24.764791520833334
Acoustic Grand Piano,0,69,A4,127,0.1932987500000003,24.581157708333333,24.774456458333333
Acoustic Grand Piano,0,81,A5,127,0.1997420416666671,24.5779360625,24.777678104166668
Acoustic Grand Piano,0,72,C5,127,0.08054114583333316,24.896879,24.97742014583333
Acoustic Grand Piano,0,57,A3,127,0.11597924999999876,24.864662541666668,24.980641791666667
Acoustic Grand Piano,0,75,D#5,127,0.0289948124999988,25.051518,25.0805128125
Acoustic Grand Piano,0,62,D4,127,0.08698443749999996,25.016079895833332,25.103064333333332
Acoustic Grand Piano,0,69,A4,127,0.12886583333333235,25.202935354166666,25.331801187499998
Acoustic Grand Piano,0,81,A5,127,0.15463899999999953,25.202935354166666,25.357574354166665
Acoustic Grand Piano,0,54,F#3,127,0.1932987500000003,25.173940541666667,25.367239291666667
Acoustic Grand Piano,0,72,C5,127,0.09342772916666675,25.496105125,25.589532854166666
Acoustic Grand Piano,0,75,D#5,127,0.09664937499999837,25.496105125,25.592754499999998
Acoustic Grand Piano,0,57,A3,127,0.14175241666666594,25.634635895833334,25.7763883125
Acoustic Grand Piano,0,75,D#5,127,0.03865975000000077,25.78605325,25.824713
Acoustic Grand Piano,0,72,C5,127,0.03865975000000077,25.78605325,25.824713
Acoustic Grand Piano,0,54,F#3,127,0.09342772916666675,25.95357883333333,26.0470065625
Acoustic Grand Piano,0,66,F#4,127,0.21907191666666748,25.960022125,26.179094041666666
Acoustic Grand Piano,0,57,A3,127,0.13208747916666397,26.101774541666668,26.23386202083333
Acoustic Grand Piano,0,62,D4,127,0.09342772916666675,26.256413541666667,26.349841270833334
Acoustic Grand Piano,0,54,F#3,127,0.15463899999999953,26.427160770833332,26.58179977083333
Acoustic Grand Piano,0,78,F#5,127,0.17074722916666474,26.436825708333334,26.6075729375
Acoustic Grand Piano,0,66,F#4,127,0.19652039583333192,26.436825708333334,26.633346104166666
Acoustic Grand Piano,0,69,A4,127,0.14819570833333628,26.749325354166665,26.8975210625
Acoustic Grand Piano,0,57,A3,127,0.1932987500000003,26.746103708333333,26.939402458333333
Acoustic Grand Piano,0,54,F#3,127,0.09987102083333355,27.084376520833334,27.184247541666668
Acoustic Grand Piano,0,69,A4,127,0.1932987500000003,27.0714899375,27.2647886875
Acoustic Grand Piano,0,72,C5,127,0.06443291666666795,27.38398958333333,27.4484225
Acoustic Grand Piano,0,57,A3,127,0.11597924999999876,27.371103,27.48708225
Acoustic Grand Piano,0,62,D4,127,0.08376279166666478,27.525742,27.609504791666666
Acoustic Grand Piano,0,54,F#3,127,0.13853077083333076,27.680381,27.81891177083333
Acoustic Grand Piano,0,69,A4,127,0.12564418750000073,27.696489229166666,27.822133416666667
Acoustic Grand Piano,0,81,A5,127,0.11920089583333393,27.702932520833333,27.822133416666667
Acoustic Grand Piano,0,75,D#5,127,0.08376279166666833,27.996102291666666,28.079865083333335
Acoustic Grand Piano,0,72,C5,127,0.09342772916666675,27.986437354166668,28.079865083333335
Acoustic Grand Piano,0,57,A3,127,0.08698443749999996,28.131411416666666,28.218395854166666
Acoustic Grand Piano,0,72,C5,127,0.04188139583333239,28.2892720625,28.331153458333333
Acoustic Grand Piano,0,75,D#5,127,0.04188139583333239,28.295715354166667,28.33759675
Acoustic Grand Piano,0,54,F#3,127,0.12886583333333235,28.4632409375,28.592106770833333
Acoustic Grand Piano,0,66,F#4,127,0.13208747916666752,28.469684229166667,28.601771708333334
Acoustic Grand Piano,0,69,A4,127,0.06765456250000312,28.62110158333333,28.688756145833334
Acoustic Grand Piano,0,57,A3,127,0.14175241666666594,28.614658291666668,28.756410708333334
Acoustic Grand Piano,0,62,D4,127,0.12886583333333235,28.759632354166666,28.888498187499998
Acoustic Grand Piano,0,66,F#4,127,0.15463899999999953,28.917493,29.072132
Acoustic Grand Piano,0,54,F#3,127,0.16752558333333312,28.914271354166665,29.0817969375
Acoustic Grand Piano,0,82,A#5,127,0.08376279166666833,29.255765812499998,29.339528604166667
Acoustic Grand Piano,0,70,A#4,127,0.11597924999999876,29.242879229166668,29.358858479166667
Acoustic Grand Piano,0,58,A#3,127,0.10953595833333196,29.252544166666667,29.362080125
Acoustic Grand Piano,0,55,G3,127,0.15463899999999953,29.5457139375,29.7003529375
Acoustic Grand Piano,0,67,G4,127,0.15463899999999953,29.552157229166667,29.706796229166667
Acoustic Grand Piano,0,79,G5,127,0.16108229166666632,29.558600520833334,29.7196828125
Acoustic Grand Piano,0,74,D5,127,0.04188139583333239,29.864656875,29.906538270833334
Acoustic Grand Piano,0,62,D4,127,0.13853077083333432,29.842105354166666,29.980636125
Acoustic Grand Piano,0,58,A#3,127,0.06765456249999957,29.9903010625,30.057955624999998
Acoustic Grand Piano,0,70,A#4,127,0.07731949999999799,29.999966,30.0772855
Acoustic Grand Piano,0,55,G3,127,0.2029636874999987,30.154605,30.3575686875
Acoustic Grand Piano,0,67,G4,127,0.19007710416666512,30.173934875,30.364011979166666
Acoustic Grand Piano,0,54,F#3,127,0.07087620833333119,30.4735479375,30.544424145833332
Acoustic Grand Piano,0,66,F#4,127,0.08376279166666478,30.4735479375,30.557310729166666
Acoustic Grand Piano,0,55,G3,127,0.12886583333333235,30.769939354166667,30.8988051875
Acoustic Grand Piano,0,67,G4,127,0.13853077083333432,30.769939354166667,30.908470125
Acoustic Grand Piano,0,74,D5,127,0.03865974999999722,31.082439,31.121098749999998
Acoustic Grand Piano,0,62,D4,127,0.10309266666666872,31.059887479166665,31.162980145833334
Acoustic Grand Piano,0,58,A#3,127,0.045103041666667565,31.217748125,31.262851166666668
Acoustic Grand Piano,0,70,A#4,127,0.05476797916666598,31.230634708333334,31.2854026875
Acoustic Grand Piano,0,67,G4,127,0.1288658333333359,31.388495354166665,31.5173611875
Acoustic Grand Piano,0,55,G3,127,0.19974204166666354,31.369165479166668,31.56890752083333
Acoustic Grand Piano,0,58,A#3,127,0.057989625000001155,31.681665125,31.73965475
Acoustic Grand Piano,0,70,A#4,127,0.057989625000001155,31.688108416666665,31.746098041666666
Acoustic Grand Piano,0,55,G3,127,0.06765456249999957,31.833082479166666,31.900737041666666
Acoustic Grand Piano,0,67,G4,127,0.07731950000000154,31.842747416666665,31.920066916666666
Acoustic Grand Piano,0,55,G3,127,0.12564418750000073,32.0006080625,32.12625225
Acoustic Grand Piano,0,67,G4,127,0.14819570833333273,32.010273,32.15846870833333
Acoustic Grand Piano,0,74,D5,127,0.035438104166665596,32.342102520833336,32.377540625
Acoustic Grand Piano,0,62,D4,127,0.14175241666666238,32.313107708333334,32.454860124999996
Acoustic Grand Piano,0,58,A#3,127,0.06765456250000312,32.46774670833333,32.53540127083333
Acoustic Grand Piano,0,70,A#4,127,0.05798962500000471,32.4838549375,32.5418445625
Acoustic Grand Piano,0,79,G5,127,0.0934277291666703,32.6578238125,32.75125154166667
Acoustic Grand Piano,0,55,G3,127,0.1643039375000015,32.6191640625,32.783468
Acoustic Grand Piano,0,67,G4,127,0.15786064583333825,32.64171558333333,32.79957622916667
Acoustic Grand Piano,0,66,F#4,127,0.0934277291666703,32.93166370833333,33.0250914375
Acoustic Grand Piano,0,54,F#3,127,0.11920089583333748,32.93166370833333,33.05086460416667
Acoustic Grand Piano,0,78,F#5,127,0.13208747916667107,32.93166370833333,33.0637511875
Acoustic Grand Piano,0,53,F3,127,0.1417524166666695,33.24094170833333,33.382694125
Acoustic Grand Piano,0,65,F4,127,0.15463900000000308,33.23127677083333,33.385915770833336
Acoustic Grand Piano,0,77,F5,127,0.20296368750000227,33.23127677083333,33.434240458333335
Acoustic Grand Piano,0,74,D5,127,0.035438104166665596,33.57277122916667,33.608209333333335
Acoustic Grand Piano,0,62,D4,127,0.09020608333333513,33.54377641666667,33.6339825
Acoustic Grand Piano,0,70,A#4,127,0.06765456250000312,33.71452364583333,33.782178208333335
Acoustic Grand Piano,0,65,F4,127,0.11275760416666714,33.88204922916667,33.994806833333335
Acoustic Grand Piano,0,77,F5,127,0.14819570833333273,33.865941,34.01413670833333
Acoustic Grand Piano,0,53,F3,127,0.1643039374999944,33.859497708333336,34.02380164583333
Acoustic Grand Piano,0,79,G5,127,0.03865975000000077,34.17199735416666,34.210657104166664
Acoustic Grand Piano,0,67,G4,127,0.06443291666666795,34.15266747916667,34.217100395833334
Acoustic Grand Piano,0,55,G3,127,0.08376279166667189,34.13655925,34.22032204166667
Acoustic Grand Piano,0,58,A#3,127,0.05798962500000471,34.310528125,34.36851775
Acoustic Grand Piano,0,82,A#5,127,0.061211270833332776,34.3201930625,34.381404333333336
Acoustic Grand Piano,0,70,A#4,127,0.08054114583333671,34.3008631875,34.381404333333336
Acoustic Grand Piano,0,71,B4,127,0.0708762083333383,34.484497,34.555373208333336
Acoustic Grand Piano,0,83,B5,127,0.07409785416666637,34.503826875,34.57792472916667
Acoustic Grand Piano,0,55,G3,127,0.12242254166666555,34.503826875,34.62624941666667
Acoustic Grand Piano,0,84,C6,127,0.14497406250000466,34.49738358333333,34.642357645833336
Acoustic Grand Piano,0,72,C5,127,0.19329875000000385,34.484497,34.67779575
Acoustic Grand Piano,0,75,D#5,127,0.05154633333333436,34.80666158333333,34.858207916666665
Acoustic Grand Piano,0,60,C4,127,0.13530912499999914,34.79055335416667,34.92586247916667
Acoustic Grand Piano,0,63,D#4,127,0.05476797916666243,34.951635645833335,35.006403625
Acoustic Grand Piano,0,79,G5,127,0.041881395833335944,34.98063045833333,35.022511854166666
Acoustic Grand Piano,0,72,C5,127,0.13853077083333432,35.09983135416667,35.238362125
Acoustic Grand Piano,0,84,C6,127,0.1514173541666608,35.103053,35.25447035416666
Acoustic Grand Piano,0,55,G3,127,0.17719052083333509,35.09660970833333,35.27380022916667
Acoustic Grand Piano,0,72,C5,127,0.01610822916666166,35.412331,35.42843922916666
Acoustic Grand Piano,0,79,G5,127,0.054767979166669534,35.431660875,35.48642885416667
Acoustic Grand Piano,0,75,D#5,127,0.051546333333327254,35.43810416666667,35.489650499999996
Acoustic Grand Piano,0,60,C4,127,0.10309266666666872,35.544418479166666,35.647511145833334
Acoustic Grand Piano,0,75,D#5,127,0.06765456250000312,35.702279125,35.7699336875
Acoustic Grand Piano,0,55,G3,127,0.08698443749999996,35.8665830625,35.9535675
Acoustic Grand Piano,0,72,C5,127,0.12564418750000073,35.856918125,35.9825623125
Acoustic Grand Piano,0,75,D#5,127,0.02255152083333911,36.050216875,36.072768395833336
Acoustic Grand Piano,0,60,C4,127,0.1514173541666608,35.985783958333336,36.1372013125
Acoustic Grand Piano,0,63,D#4,127,0.054767979166669534,36.14364460416667,36.19841258333334
Acoustic Grand Piano,0,79,G5,127,0.041881395833335944,36.1758610625,36.21774245833333
Acoustic Grand Piano,0,72,C5,127,0.10309266666666872,36.327278416666665,36.430371083333334
Acoustic Grand Piano,0,55,G3,127,0.12242254166666555,36.30794854166667,36.430371083333334
Acoustic Grand Piano,0,84,C6,127,0.10309266666666872,36.336943354166664,36.44003602083333
Acoustic Grand Piano,0,60,C4,127,0.06765456249999602,36.61722654166667,36.684881104166664
Acoustic Grand Piano,0,72,C5,127,0.09020608333333513,36.61722654166667,36.707432625
Acoustic Grand Piano,0,70,A#4,127,0.054767979166669534,36.78797377083333,36.84274175
Acoustic Grand Piano,0,55,G3,127,0.05798962500000471,36.784752125,36.84274175
Acoustic Grand Piano,0,82,A#5,127,0.05154633333333436,36.79763870833333,36.849185041666665
Acoustic Grand Piano,0,70,A#4,127,0.14497406250000466,36.94583441666666,37.09080847916667
Acoustic Grand Piano,0,55,G3,127,0.14819570833333273,36.94583441666666,37.094030124999996
Acoustic Grand Piano,0,82,A#5,127,0.15463900000000308,36.94583441666666,37.10047341666667
Acoustic Grand Piano,0,62,D4,127,0.14175241666666238,37.25511241666667,37.39686483333333
Acoustic Grand Piano,0,74,D5,127,0.035438104166665596,37.416194708333336,37.4516328125
Acoustic Grand Piano,0,58,A#3,127,0.025773166666660074,37.42908129166667,37.45485445833333
Acoustic Grand Piano,0,58,A#3,127,0.10631431249999679,37.5482821875,37.6545965
Acoustic Grand Piano,0,70,A#4,127,0.11597925000000231,37.5676120625,37.6835913125
Acoustic Grand Piano,0,82,A#5,127,0.12564418750000073,37.56116877083333,37.686812958333334
Acoustic Grand Piano,0,60,C4,127,0.1417524166666695,37.8575601875,37.99931260416667
Acoustic Grand Piano,0,84,C6,127,0.14497406249999756,37.86400347916667,38.00897754166667
Acoustic Grand Piano,0,72,C5,127,0.13853077083333432,37.87366841666667,38.0121991875
Acoustic Grand Piano,0,58,A#3,127,0.06765456250000312,38.144286666666666,38.21194122916667
Acoustic Grand Piano,0,82,A#5,127,0.0579896249999976,38.17328147916667,38.231271104166666
Acoustic Grand Piano,0,70,A#4,127,0.0708762083333383,38.16361654166666,38.23449275
Acoustic Grand Piano,0,54,F#3,127,0.13208747916666397,38.34402870833333,38.4761161875
Acoustic Grand Piano,0,69,A4,127,0.17074722916666474,38.33758541666667,38.508332645833335
Acoustic Grand Piano,0,72,C5,127,0.1063143125000039,38.5147759375,38.62109025
Acoustic Grand Piano,0,57,A3,127,0.09987102083333355,38.52766252083333,38.627533541666665
Acoustic Grand Piano,0,75,D#5,127,0.06765456250000312,38.65330670833333,38.720961270833335
Acoustic Grand Piano,0,62,D4,127,0.08376279166666478,38.65652835416667,38.74029114583333
Acoustic Grand Piano,0,71,B4,127,0.03221645833333042,38.83049722916667,38.8627136875
Acoustic Grand Piano,0,54,F#3,127,0.07731950000000154,38.814389,38.8917085
Acoustic Grand Piano,0,69,A4,127,0.1643039375000015,38.814389,38.9786929375
Acoustic Grand Piano,0,81,A5,127,0.18041216666667026,38.814389,38.99480116666667
Acoustic Grand Piano,0,69,A4,127,0.12242254166666555,39.12044535416667,39.242867895833335
Acoustic Grand Piano,0,67,G4,127,0.1643039375000015,39.1140020625,39.278306
Acoustic Grand Piano,0,79,G5,127,0.19007710416666157,39.12044535416667,39.31052245833333
Acoustic Grand Piano,0,55,G3,127,0.1417524166666695,39.410393479166665,39.552145895833334
Acoustic Grand Piano,0,67,G4,127,0.17719052083333509,39.42650170833333,39.60369222916667
Acoustic Grand Piano,0,79,G5,127,0.1868554583333335,39.42005841666666,39.606913875
Acoustic Grand Piano,0,74,D5,127,0.02577316666666718,39.761552875,39.78732604166667
Acoustic Grand Piano,0,62,D4,127,0.12564418750000073,39.722893125,39.8485373125
Acoustic Grand Piano,0,70,A#4,127,0.035438104166665596,39.90974858333333,39.9451866875
Acoustic Grand Piano,0,77,F5,127,0.11920089583333038,40.051501,40.17070189583333
Acoustic Grand Piano,0,65,F4,127,0.12564418750000073,40.051501,40.1771451875
Acoustic Grand Piano,0,53,F3,127,0.16108229166666632,40.02894947916667,40.190031770833336
Acoustic Grand Piano,0,67,G4,127,0.13530912499999914,40.335005833333334,40.47031495833333
Acoustic Grand Piano,0,79,G5,127,0.14819570833333273,40.335005833333334,40.483201541666666
Acoustic Grand Piano,0,70,A#4,127,0.06765456249999602,40.63784054166667,40.705495104166665
Acoustic Grand Piano,0,55,G3,127,0.22873685416666945,40.47997989583333,40.70871675
Acoustic Grand Piano,0,82,A#5,127,0.07731950000000154,40.64750547916667,40.72482497916667
Acoustic Grand Piano,0,84,C6,127,0.19652039583333902,40.83758258333333,41.03410297916667
Acoustic Grand Piano,0,72,C5,127,0.2222935624999991,40.824696,41.0469895625
Acoustic Grand Piano,0,60,C4,127,0.21907191666666392,40.844025875,41.063097791666664
Acoustic Grand Piano,0,63,D#4,127,0.11920089583333038,41.13075235416667,41.24995325
Acoustic Grand Piano,0,75,D#5,127,0.16752558333333667,41.1243090625,41.29183464583333
Acoustic Grand Piano,0,79,G5,127,0.21585027083333586,41.11786577083333,41.33371604166667
Acoustic Grand Piano,0,60,C4,127,0.21907191666666392,41.11786577083333,41.3369376875
Acoustic Grand Piano,0,83,B5,127,0.07731949999999443,41.620442520833336,41.69776202083333
Acoustic Grand Piano,0,84,C6,127,0.09020608333332802,41.620442520833336,41.710648604166664
Acoustic Grand Piano,0,71,B4,127,0.0934277291666632,41.620442520833336,41.71387025
Acoustic Grand Piano,0,72,C5,127,0.09664937499999837,41.617220875,41.71387025
Acoustic Grand Piano,0,55,G3,127,0.10953595833333196,41.620442520833336,41.72997847916667
Acoustic Grand Piano,0,55,G3,127,0.1417524166666695,41.923277229166665,42.065029645833334
Acoustic Grand Piano,0,82,A#5,127,0.18041216666666315,41.9168339375,42.097246104166665
Acoustic Grand Piano,0,70,A#4,127,0.18363381249999833,41.9168339375,42.10046775
Acoustic Grand Piano,0,74,D5,127,0.051546333333327254,42.229333583333336,42.28087991666666
Acoustic Grand Piano,0,58,A#3,127,0.12564418750000073,42.20033877083333,42.325982958333334
Acoustic Grand Piano,0,62,D4,127,0.07731950000000154,42.34531283333333,42.42263233333333
Acoustic Grand Piano,0,70,A#4,127,0.13853077083333432,42.525725,42.664255770833336
Acoustic Grand Piano,0,82,A#5,127,0.15786064583333115,42.522503354166666,42.680364
Acoustic Grand Piano,0,55,G3,127,0.20296368749999516,42.525725,42.7286886875
Acoustic Grand Piano,0,70,A#4,127,0.061211270833332776,42.85755452083333,42.918765791666665
Acoustic Grand Piano,0,74,D5,127,0.09020608333333513,42.85755452083333,42.94776060416667
Acoustic Grand Piano,0,70,A#4,127,0.061211270833332776,43.15072429166667,43.2119355625
Acoustic Grand Piano,0,62,D4,127,0.2351801458333327,42.98319870833333,43.218378854166666
Acoustic Grand Piano,0,54,F#3,127,0.15786064583333115,43.29247670833333,43.45033735416666
Acoustic Grand Piano,0,69,A4,127,0.14819570833333273,43.305363291666666,43.453559
Acoustic Grand Piano,0,58,A#3,127,0.07409785416666637,43.4438940625,43.517991916666666
Acoustic Grand Piano,0,57,A3,127,0.0579896249999976,43.50510533333333,43.56309495833333
Acoustic Grand Piano,0,72,C5,127,0.09664937499999837,43.472888875,43.56953825
Acoustic Grand Piano,0,75,D#5,127,0.05476797916666243,43.608198,43.662965979166664
Acoustic Grand Piano,0,62,D4,127,0.10309266666666161,43.572759895833336,43.6758525625
Acoustic Grand Piano,0,81,A5,127,0.13853077083333432,43.762837,43.90136777083333
Acoustic Grand Piano,0,69,A4,127,0.14175241666666238,43.76928029166667,43.91103270833333
Acoustic Grand Piano,0,54,F#3,127,0.17074722916666474,43.756393708333334,43.9271409375
Acoustic Grand Piano,0,66,F#4,127,0.10309266666666161,44.0817799375,44.184872604166664
Acoustic Grand Piano,0,78,F#5,127,0.13208747916667107,44.08500158333333,44.2170890625
Acoustic Grand Piano,0,54,F#3,127,0.1417524166666695,44.08500158333333,44.226754
Acoustic Grand Piano,0,67,G4,127,0.14175241666666238,44.381393,44.523145416666665
Acoustic Grand Piano,0,55,G3,127,0.1643039374999944,44.381393,44.5456969375
Acoustic Grand Piano,0,79,G5,127,0.19329874999999674,44.381393,44.57469175
Acoustic Grand Piano,0,74,D5,127,0.03865975000000077,44.72610910416667,44.76476885416667
Acoustic Grand Piano,0,62,D4,127,0.08054114583333671,44.710000875,44.790542020833335
Acoustic Grand Piano,0,58,A#3,127,0.06765456250000312,44.84531,44.9129645625
Acoustic Grand Piano,0,70,A#4,127,0.07087620833333119,44.86141822916667,44.9322944375
Acoustic Grand Piano,0,79,G5,127,0.17074722916666474,45.02572216666667,45.19646939583333
Acoustic Grand Piano,0,55,G3,127,0.18363381249999833,45.02572216666667,45.209355979166666
Acoustic Grand Piano,0,67,G4,127,0.1868554583333335,45.02572216666667,45.212577625
Acoustic Grand Piano,0,66,F#4,127,0.0934277291666703,45.344665104166666,45.438092833333336
Acoustic Grand Piano,0,54,F#3,127,0.10309266666666872,45.344665104166666,45.447757770833334
Acoustic Grand Piano,0,78,F#5,127,0.10953595833333196,45.344665104166666,45.4542010625
Acoustic Grand Piano,0,78,F#5,127,0.06765456250000312,45.60239677083333,45.67005133333333
Acoustic Grand Piano,0,66,F#4,127,0.08376279166666478,45.59595347916667,45.67971627083333
Acoustic Grand Piano,0,65,F4,127,0.14497406250000466,45.789252229166664,45.93422629166667
Acoustic Grand Piano,0,53,F3,127,0.19329875000000385,45.77636564583333,45.969664395833334
Acoustic Grand Piano,0,77,F5,127,0.17719052083333509,45.795695520833334,45.97288604166667
Acoustic Grand Piano,0,60,C4,127,0.05154633333333436,46.06953541666667,46.12108175
Acoustic Grand Piano,0,65,F4,127,0.1288658333333359,46.262834166666664,46.3917
Acoustic Grand Piano,0,55,G3,127,0.1643039375000015,46.230617708333334,46.394921645833335
Acoustic Grand Piano,0,53,F3,127,0.21262862500000068,46.22417441666666,46.436803041666664
Acoustic Grand Piano,0,77,F5,127,0.19329874999999674,46.2467259375,46.4400246875
Acoustic Grand Piano,0,69,A4,127,0.14819570833333984,46.546338999999996,46.694534708333336
Acoustic Grand Piano,0,72,C5,127,0.1514173541666679,46.546338999999996,46.697756354166664
Acoustic Grand Piano,0,54,F#3,127,0.21907191666666392,46.688091416666666,46.90716333333333
Acoustic Grand Piano,0,55,G3,127,0.07087620833333119,47.036029166666665,47.106905375
Acoustic Grand Piano,0,70,A#4,127,0.08376279166666478,47.036029166666665,47.11979195833333
Acoustic Grand Piano,0,67,G4,127,0.08698443749999996,47.036029166666665,47.123013604166665
Acoustic Grand Piano,0,74,D5,127,0.0934277291666703,47.03280752083333,47.12623525
Acoustic Grand Piano,0,62,D4,127,0.09987102083333355,47.036029166666665,47.1359001875
Acoustic Grand Piano,0,58,A#3,127,0.10309266666666872,47.036029166666665,47.139121833333334
Acoustic Grand Piano,0,55,G3,127,0.07087620833333119,47.49028122916667,47.5611574375
Acoustic Grand Piano,0,58,A#3,127,0.08054114583332961,47.49028122916667,47.570822375
Acoustic Grand Piano,0,62,D4,127,0.08054114583332961,47.49028122916667,47.570822375
Acoustic Grand Piano,0,70,A#4,127,0.08698443749999996,47.49028122916667,47.57726566666667
Acoustic Grand Piano,0,67,G4,127,0.08698443749999996,47.49028122916667,47.57726566666667
Acoustic Grand Piano,0,74,D5,127,0.09020608333332802,47.49028122916667,47.5804873125
Acoustic Grand Piano,0,67,G4,127,0.16108229166666632,48.247368,48.40845029166667
Acoustic Grand Piano,0,79,G5,127,0.16108229166666632,48.260254583333335,48.421336875
Acoustic Grand Piano,0,55,G3,127,0.17719052083333509,48.269919520833334,48.44711004166667
Acoustic Grand Piano,0,58,A#3,127,0.08054114583333671,48.537316125,48.61785727083333
Acoustic Grand Piano,0,62,D4,127,0.10309266666666872,48.569532583333334,48.67262525
Acoustic Grand Piano,0,70,A#4,127,0.1288658333333288,48.556646,48.68551183333333
Acoustic Grand Piano,0,79,G5,127,0.09020608333333513,49.04633616666666,49.13654225
Acoustic Grand Piano,0,67,G4,127,0.10309266666666872,49.036671229166664,49.13976389583333
Acoustic Grand Piano,0,55,G3,127,0.09987102083333355,49.043114520833335,49.14298554166667
Acoustic Grand Piano,0,67,G4,127,0.11275760416666714,49.32661935416667,49.439376958333334
Acoustic Grand Piano,0,55,G3,127,0.13208747916666397,49.32661935416667,49.45870683333333
Acoustic Grand Piano,0,79,G5,127,0.15463900000000308,49.32661935416667,49.48125835416667
Acoustic Grand Piano,0,74,D5,127,0.048324687499999186,49.639119,49.6874436875
Acoustic Grand Piano,0,62,D4,127,0.08054114583332961,49.62623241666667,49.7067735625
Acoustic Grand Piano,0,58,A#3,127,0.02899481249999525,49.777649770833335,49.80664458333333
Acoustic Grand Piano,0,70,A#4,127,0.07087620833333119,49.777649770833335,49.848525979166666
Acoustic Grand Piano,0,67,G4,127,0.1417524166666695,49.945175354166665,50.086927770833334
Acoustic Grand Piano,0,55,G3,127,0.20296368750000227,49.92262383333333,50.125587520833335
Acoustic Grand Piano,0,70,A#4,127,0.0934277291666632,50.251231708333336,50.3446594375
Acoustic Grand Piano,0,74,D5,127,0.11920089583333748,50.24156677083333,50.36076766666667
Acoustic Grand Piano,0,58,A#3,127,0.11920089583333748,50.380097541666665,50.4992984375
Acoustic Grand Piano,0,70,A#4,127,0.07409785416666637,50.5379581875,50.61205604166667
Acoustic Grand Piano,0,55,G3,127,0.13530912499999914,50.695818833333334,50.83112795833333
Acoustic Grand Piano,0,67,G4,127,0.15463899999999597,50.7119270625,50.8665660625
Acoustic Grand Piano,0,74,D5,127,0.0579896249999976,50.88267429166667,50.940663916666665
Acoustic Grand Piano,0,62,D4,127,0.12564418750000073,50.87300935416667,50.99865354166667
Acoustic Grand Piano,0,58,A#3,127,0.06443291666666795,51.00831847916667,51.072751395833336
Acoustic Grand Piano,0,70,A#4,127,0.05154633333333436,51.03731329166666,51.088859625
Acoustic Grand Piano,0,67,G4,127,0.1417524166666695,51.185508999999996,51.327261416666666
Acoustic Grand Piano,0,55,G3,127,0.16752558333332956,51.17262241666667,51.340148
Acoustic Grand Piano,0,70,A#4,127,0.11920089583333748,51.4851220625,51.604322958333334
Acoustic Grand Piano,0,75,D#5,127,0.14497406249999756,51.48834370833333,51.63331777083333
Acoustic Grand Piano,0,63,D#4,127,0.21262862500000068,51.48834370833333,51.70097233333333
Acoustic Grand Piano,0,54,F#3,127,0.21585027083332875,51.79117841666667,52.0070286875
Acoustic Grand Piano,0,69,A4,127,0.21262862500000068,51.79762170833333,52.01025033333333
Acoustic Grand Piano,0,72,C5,127,0.14175241666666238,52.1036780625,52.245430479166664
Acoustic Grand Piano,0,75,D#5,127,0.16108229166666632,52.10689970833333,52.267981999999996
Acoustic Grand Piano,0,57,A3,127,0.17074722916666474,52.09723477083333,52.267981999999996
Acoustic Grand Piano,0,62,D4,127,0.18041216666667026,52.10689970833333,52.287311875
Acoustic Grand Piano,0,54,F#3,127,0.20296368750000227,52.3936261875,52.596589875
Acoustic Grand Piano,0,66,F#4,127,0.2222935624999991,52.4129560625,52.635249625
Acoustic Grand Piano,0,66,F#4,127,0.0934277291666632,52.725455708333335,52.8188834375
Acoustic Grand Piano,0,69,A4,127,0.13530912499999914,52.7222340625,52.8575431875
Acoustic Grand Piano,0,57,A3,127,0.1997420416666671,52.84787825,53.04762029166667
Acoustic Grand Piano,0,66,F#4,127,0.07087620833333119,53.00896054166667,53.07983675
Acoustic Grand Piano,0,54,F#3,127,0.19329875000000385,53.192594354166665,53.38589310416667
Acoustic Grand Piano,0,69,A4,127,0.22551520833332717,53.199037645833336,53.42455285416666
Acoustic Grand Piano,0,72,C5,127,0.11920089583333038,53.505094,53.62429489583333
Acoustic Grand Piano,0,57,A3,127,0.13208747916666397,53.4954290625,53.627516541666665
Acoustic Grand Piano,0,62,D4,127,0.13208747916666397,53.505094,53.637181479166664
Acoustic Grand Piano,0,75,D#5,127,0.13208747916666397,53.505094,53.637181479166664
Acoustic Grand Piano,0,81,A5,127,0.09987102083333355,53.98511922916666,54.08499025
Acoustic Grand Piano,0,54,F#3,127,0.10953595833333907,53.98511922916666,54.0946551875
Acoustic Grand Piano,0,69,A4,127,0.12564418750000073,53.97223264583333,54.09787683333333
Acoustic Grand Piano,0,54,F#3,127,0.16752558333332956,54.278289,54.44581458333333
Acoustic Grand Piano,0,81,A5,127,0.1868554583333335,54.278289,54.465144458333334
Acoustic Grand Piano,0,69,A4,127,0.21262862500000068,54.27184570833333,54.48447433333333
Acoustic Grand Piano,0,57,A3,127,0.0934277291666703,54.584345354166665,54.677773083333335
Acoustic Grand Piano,0,62,D4,127,0.10953595833333196,54.587567,54.69710295833333
Acoustic Grand Piano,0,74,D5,127,0.1417524166666695,54.587567,54.72931941666667
Acoustic Grand Piano,0,78,F#5,127,0.1514173541666679,54.587567,54.73898435416667
Acoustic Grand Piano,0,81,A5,127,0.09664937500000548,54.92906145833333,55.025710833333335
Acoustic Grand Piano,0,69,A4,127,0.1643039375000015,54.90973158333333,55.074035520833334
Acoustic Grand Piano,0,54,F#3,127,0.1868554583333335,54.90973158333333,55.096587041666666
Acoustic Grand Piano,0,72,C5,127,0.10309266666666161,55.21256629166667,55.31565895833333
Acoustic Grand Piano,0,78,F#5,127,0.10309266666666872,55.22223122916667,55.325323895833336
Acoustic Grand Piano,0,57,A3,127,0.1385307708333272,55.3510970625,55.48962783333333
Acoustic Grand Piano,0,72,C5,127,0.07731950000000154,55.5057360625,55.5830555625
Acoustic Grand Piano,0,54,F#3,127,0.10953595833333907,55.650710124999996,55.760246083333335
Acoustic Grand Piano,0,69,A4,127,0.10631431249999679,55.67004,55.7763543125
Acoustic Grand Piano,0,72,C5,127,0.07409785416666637,55.8343439375,55.90844179166667
Acoustic Grand Piano,0,57,A3,127,0.12564418749999362,55.81179241666667,55.93743660416666
Acoustic Grand Piano,0,62,D4,127,0.06443291666666795,55.95354483333333,56.01797775
Acoustic Grand Piano,0,78,F#5,127,0.03221645833333042,55.99542622916667,56.0276426875
Acoustic Grand Piano,0,71,B4,127,0.028994812500002354,56.153286875,56.1822816875
Acoustic Grand Piano,0,81,A5,127,0.14175241666666238,56.133957,56.275709416666665
Acoustic Grand Piano,0,54,F#3,127,0.1514173541666608,56.133957,56.28537435416666
Acoustic Grand Piano,0,69,A4,127,0.1514173541666679,56.13717864583333,56.288596
Acoustic Grand Piano,0,66,F#4,127,0.10953595833333196,56.449678291666665,56.55921425
Acoustic Grand Piano,0,78,F#5,127,0.13853077083333432,56.449678291666665,56.5882090625
Acoustic Grand Piano,0,54,F#3,127,0.14819570833333273,56.449678291666665,56.597874
Acoustic Grand Piano,0,79,G5,127,0.1514173541666608,56.76862122916667,56.92003858333333
Acoustic Grand Piano,0,55,G3,127,0.16752558333333667,56.758956291666664,56.926481875
Acoustic Grand Piano,0,67,G4,127,0.1643039375000015,56.765399583333334,56.929703520833336
Acoustic Grand Piano,0,74,D5,127,0.07731950000000154,57.06823429166666,57.145553791666664
Acoustic Grand Piano,0,62,D4,127,0.15463900000000308,57.058569354166664,57.21320835416667
Acoustic Grand Piano,0,70,A#4,127,0.07409785416666637,57.21965164583333,57.2937495
Acoustic Grand Piano,0,58,A#3,127,0.07087620833333119,57.229316583333336,57.30019279166667
Acoustic Grand Piano,0,67,G4,127,0.08054114583332961,57.364625708333335,57.445166854166665
Acoustic Grand Piano,0,58,A#3,127,0.061211270833332776,57.522486354166666,57.583697625
Acoustic Grand Piano,0,62,D4,127,0.08376279166667189,57.516043062499996,57.59980585416667
Acoustic Grand Piano,0,69,A4,127,0.0934277291666632,57.525708,57.619135729166665
Acoustic Grand Piano,0,58,A#3,127,0.04832468750000629,57.690011937499996,57.738336625
Acoustic Grand Piano,0,62,D4,127,0.06121127083333988,57.690011937499996,57.751223208333336
Acoustic Grand Piano,0,69,A4,127,0.08054114583333671,57.690011937499996,57.77055308333333
Acoustic Grand Piano,0,61,C#4,127,0.02577316666666718,57.85753752083333,57.8833106875
Acoustic Grand Piano,0,69,A4,127,0.11920089583333038,57.85109422916667,57.970295125
Acoustic Grand Piano,0,58,A#3,127,0.13530912499999914,57.834986,57.970295125
Acoustic Grand Piano,0,81,A5,127,0.1514173541666608,57.85109422916667,58.00251158333333
Acoustic Grand Piano,0,62,D4,127,0.21907191666666392,57.834986,58.054057916666665
Acoustic Grand Piano,0,55,G3,127,0.20618533333333744,58.17648045833333,58.38266579166667
Acoustic Grand Piano,0,79,G5,127,0.21262862500000068,58.17003716666667,58.38266579166667
Acoustic Grand Piano,0,67,G4,127,0.2094069791666726,58.17648045833333,58.3858874375
Acoustic Grand Piano,0,58,A#3,127,0.09020608333333513,58.488980104166664,58.5791861875
Acoustic Grand Piano,0,62,D4,127,0.10309266666666161,58.485758458333336,58.588851125
Acoustic Grand Piano,0,70,A#4,127,0.19007710416666868,58.488980104166664,58.67905720833333
Acoustic Grand Piano,0,74,D5,127,0.2094069791666655,58.4825368125,58.69194379166667
Acoustic Grand Piano,0,58,A#3,127,0.11920089583333038,58.94001052083333,59.05921141666666
Acoustic Grand Piano,0,69,A4,127,0.12564418750000073,58.946453812499996,59.072098
Acoustic Grand Piano,0,81,A5,127,0.12564418750000073,58.946453812499996,59.072098
Acoustic Grand Piano,0,55,G3,127,0.14819570833333273,59.24928852083333,59.397484229166665
Acoustic Grand Piano,0,79,G5,127,0.19652039583333192,59.24928852083333,59.445808916666664
Acoustic Grand Piano,0,67,G4,127,0.20618533333333744,59.24928852083333,59.45547385416667
Acoustic Grand Piano,0,62,D4,127,0.12242254166666555,59.561788166666666,59.68421070833333
Acoustic Grand Piano,0,58,A#3,127,0.048324687499999186,59.713205520833334,59.76153020833333
Acoustic Grand Piano,0,70,A#4,127,0.048324687499999186,59.72609210416667,59.77441679166667
Acoustic Grand Piano,0,79,G5,127,0.13853077083333432,59.871066166666665,60.0095969375
Acoustic Grand Piano,0,55,G3,127,0.15786064583333115,59.85817958333333,60.01604022916666
Acoustic Grand Piano,0,67,G4,127,0.14175241666666238,59.89039604166667,60.03214845833333
Acoustic Grand Piano,0,66,F#4,127,0.14175241666666238,60.177122520833336,60.3188749375
Acoustic Grand Piano,0,78,F#5,127,0.15463900000000308,60.1835658125,60.3382048125
Acoustic Grand Piano,0,54,F#3,127,0.18363381249999833,60.15779264583333,60.34142645833333
Acoustic Grand Piano,0,77,F5,127,0.19652039583333192,60.47029229166667,60.6668126875
Acoustic Grand Piano,0,53,F3,127,0.2094069791666655,60.46707064583333,60.676477625
Acoustic Grand Piano,0,65,F4,127,0.2222935625000062,60.463848999999996,60.6861425625
Acoustic Grand Piano,0,62,D4,127,0.1643039375000015,60.7634620625,60.927766
Acoustic Grand Piano,0,71,B4,127,0.1868554583333335,60.7634620625,60.95031752083333
Acoustic Grand Piano,0,74,D5,127,0.20296368750000227,60.7634620625,60.96642575
Acoustic Grand Piano,0,59,B3,127,0.21262862500000068,60.757018770833334,60.969647395833334
Acoustic Grand Piano,0,67,G4,127,0.02577316666666718,61.08562664583333,61.1113998125
Acoustic Grand Piano,0,65,F4,127,0.2222935624999991,61.082405,61.3046985625
Acoustic Grand Piano,0,53,F3,127,0.25128837500000145,61.082405,61.333693375
Acoustic Grand Piano,0,77,F5,127,0.26095331249999987,61.07596170833333,61.33691502083333
Acoustic Grand Piano,0,64,E4,127,0.05154633333333436,61.4013479375,61.45289427083333
Acoustic Grand Piano,0,71,B4,127,0.13853077083333432,61.391683,61.530213770833335
Acoustic Grand Piano,0,74,D5,127,0.15463899999999597,61.391683,61.546321999999996
Acoustic Grand Piano,0,62,D4,127,0.19007710416666868,61.4013479375,61.59142504166667
Acoustic Grand Piano,0,55,G3,127,0.16108229166666632,61.71384758333333,61.874929875
Acoustic Grand Piano,0,84,C6,127,0.19652039583333192,61.71706922916667,61.913589625
Acoustic Grand Piano,0,72,C5,127,0.2448450833333311,61.700961,61.94580608333333
Acoustic Grand Piano,0,75,D#5,127,0.10953595833333196,62.029568875,62.139104833333334
Acoustic Grand Piano,0,60,C4,127,0.14497406250000466,61.99413077083333,62.139104833333334
Acoustic Grand Piano,0,63,D#4,127,0.05154633333333436,62.15199141666667,62.20353775
Acoustic Grand Piano,0,79,G5,127,0.048324687499999186,62.209981041666666,62.258305729166665
Acoustic Grand Piano,0,72,C5,127,0.1739688749999999,62.335625229166666,62.509594104166666
Acoustic Grand Piano,0,55,G3,127,0.2094069791666655,62.306630416666664,62.51603739583333
Acoustic Grand Piano,0,84,C6,127,0.19652039583333192,62.33240358333333,62.52892397916666
Acoustic Grand Piano,0,75,D#5,127,0.09020608333332802,62.651346520833336,62.741552604166664
Acoustic Grand Piano,0,79,G5,127,0.13530912499999914,62.644903229166665,62.780212354166665
Acoustic Grand Piano,0,60,C4,127,0.19652039583333192,62.780212354166665,62.97673275
Acoustic Grand Piano,0,75,D#5,127,0.061211270833332776,62.94129464583333,63.002505916666664
Acoustic Grand Piano,0,55,G3,127,0.09987102083333355,63.1023769375,63.20224795833333
Acoustic Grand Piano,0,72,C5,127,0.12564418750000073,63.1023769375,63.228021125
Acoustic Grand Piano,0,63,D#4,127,0.09987102083333355,63.23446441666667,63.3343354375
Acoustic Grand Piano,0,79,G5,127,0.07409785416666637,63.266680875,63.340778729166665
Acoustic Grand Piano,0,75,D#5,127,0.0579896249999976,63.41809822916667,63.476087854166664
Acoustic Grand Piano,0,60,C4,127,0.06443291666666795,63.411654937499996,63.476087854166664
Acoustic Grand Piano,0,72,C5,127,0.12242254166666555,63.575958875,63.69838141666666
Acoustic Grand Piano,0,55,G3,127,0.11275760416666714,63.59851039583333,63.711268
Acoustic Grand Piano,0,84,C6,127,0.13853077083333432,63.57918052083333,63.71771129166667
Acoustic Grand Piano,0,72,C5,127,0.1063143125000039,63.885236875,63.9915511875
Acoustic Grand Piano,0,84,C6,127,0.11920089583333748,63.8755719375,63.994772833333336
Acoustic Grand Piano,0,55,G3,127,0.13530912499999914,63.885236875,64.020546
Acoustic Grand Piano,0,70,A#4,127,0.1643039374999944,64.175185,64.3394889375
Acoustic Grand Piano,0,55,G3,127,0.1868554583333406,64.175185,64.36204045833334
Acoustic Grand Piano,0,82,A#5,127,0.1868554583333406,64.175185,64.36204045833334
Acoustic Grand Piano,0,62,D4,127,0.14175241666666238,64.47157641666666,64.61332883333333
Acoustic Grand Piano,0,74,D5,127,0.038659749999993664,64.65198858333333,64.69064833333333
Acoustic Grand Piano,0,58,A#3,127,0.05154633333333436,64.639102,64.69064833333333
Acoustic Grand Piano,0,70,A#4,127,0.15786064583332404,64.8034059375,64.96126658333333
Acoustic Grand Piano,0,82,A#5,127,0.18041216666667026,64.79051935416666,64.97093152083333
Acoustic Grand Piano,0,55,G3,127,0.25128837500000145,64.79051935416666,65.04180772916666
Acoustic Grand Piano,0,78,F#5,127,0.02577316666666718,65.1126839375,65.13845710416666
Acoustic Grand Piano,0,79,G5,127,0.06443291666667506,65.14167875,65.20611166666667
Acoustic Grand Piano,0,74,D5,127,0.08376279166665768,65.12879216666667,65.21255495833333
Acoustic Grand Piano,0,58,A#3,127,0.09020608333332802,65.25443635416667,65.3446424375
Acoustic Grand Piano,0,74,D5,127,0.06765456249999602,65.392967125,65.4606216875
Acoustic Grand Piano,0,58,A#3,124,0.11275760416667424,65.40907535416666,65.52183295833333
Acoustic Grand Piano,0,54,F#3,127,0.20618533333332323,65.57982258333334,65.78600791666666
Acoustic Grand Piano,0,69,A4,127,0.20296368750000227,65.586265875,65.7892295625
Acoustic Grand Piano,0,81,A5,127,0.1997420416666671,65.58948752083333,65.7892295625
Acoustic Grand Piano,0,57,A3,127,0.028994812500002354,65.88265729166666,65.91165210416666
Acoustic Grand Piano,0,75,D#5,127,0.03543810416665849,65.90198716666667,65.93742527083333
Acoustic Grand Piano,0,72,C5,127,0.054767979166669534,65.89232222916667,65.94709020833334
Acoustic Grand Piano,0,62,D4,127,0.08376279166667189,65.86977070833333,65.9535335
Acoustic Grand Piano,0,81,A5,127,0.1288658333333359,66.06306945833333,66.19193529166667
Acoustic Grand Piano,0,54,F#3,127,0.1417524166666766,66.0598478125,66.20160022916667
Acoustic Grand Piano,0,69,A4,127,0.13208747916665686,66.07273439583334,66.204821875
Acoustic Grand Piano,0,66,F#4,127,0.1063143125000039,66.36268252083333,66.46899683333334
Acoustic Grand Piano,0,78,F#5,127,0.10953595833332486,66.37556910416667,66.4851050625
Acoustic Grand Piano,0,54,F#3,127,0.13208747916667107,66.36268252083333,66.49477
Acoustic Grand Piano,0,67,G4,127,0.14175241666666238,66.66229558333333,66.804048
Acoustic Grand Piano,0,55,G3,127,0.1514173541666679,66.65263064583333,66.804048
Acoustic Grand Piano,0,79,G5,127,0.16108229166665922,66.668738875,66.82982116666666
Acoustic Grand Piano,0,74,D5,127,0.06121127083333988,66.978016875,67.03922814583333
Acoustic Grand Piano,0,62,D4,127,0.14497406249999756,66.95546535416666,67.10043941666666
Acoustic Grand Piano,0,70,A#4,127,0.06765456249999602,67.11010435416667,67.17775891666666
Acoustic Grand Piano,0,67,G4,127,0.13530912500000625,67.2776299375,67.4129390625
Acoustic Grand Piano,0,79,G5,127,0.13208747916667107,67.287294875,67.41938235416667
Acoustic Grand Piano,0,55,G3,127,0.18363381250000543,67.26152170833333,67.44515552083334
Acoustic Grand Piano,0,69,A4,127,0.11597925000000942,67.57402135416666,67.69000060416667
Acoustic Grand Piano,0,81,A5,127,0.12242254166666555,67.5675780625,67.69000060416667
Acoustic Grand Piano,0,57,A3,127,0.15463899999998887,67.5675780625,67.7222170625
Acoustic Grand Piano,0,58,A#3,127,0.06765456249999602,67.84141795833334,67.90907252083333
Acoustic Grand Piano,0,70,A#4,127,0.054767979166669534,67.86074783333333,67.9155158125
Acoustic Grand Piano,0,55,G3,127,0.14175241666666238,68.04116,68.18291241666667
Acoustic Grand Piano,0,72,C5,127,0.24162343749999593,68.03471670833333,68.27634014583333
Acoustic Grand Piano,0,75,D#5,127,0.11920089583333038,68.19257735416667,68.31177825
Acoustic Grand Piano,0,60,C4,127,0.17719052083333509,68.17002583333333,68.34721635416666
Acoustic Grand Piano,0,63,D#4,127,0.054767979166669534,68.331108125,68.38587610416667
Acoustic Grand Piano,0,79,G5,127,0.054767979166669534,68.35688129166667,68.41164927083334
Acoustic Grand Piano,0,84,C6,127,0.13530912500000625,68.505077,68.640386125
Acoustic Grand Piano,0,60,C4,127,0.16752558333332956,68.485747125,68.65327270833333
Acoustic Grand Piano,0,72,C5,127,0.1514173541666679,68.52118522916666,68.67260258333333
Acoustic Grand Piano,0,70,A#4,127,0.11275760416666003,68.82724158333333,68.93999918749999
Acoustic Grand Piano,0,58,A#3,127,0.1643039375000086,68.82079829166666,68.98510222916667
Acoustic Grand Piano,0,82,A#5,127,0.15463900000000308,68.833684875,68.988323875
Acoustic Grand Piano,0,70,A#4,127,0.16752558333334377,69.09141654166666,69.258942125
Acoustic Grand Piano,0,82,A#5,127,0.1868554583333406,69.09141654166666,69.278272
Acoustic Grand Piano,0,55,G3,127,0.21907191666667813,69.09141654166666,69.31048845833334
Acoustic Grand Piano,0,62,D4,127,0.1159792499999952,69.432911,69.54889025
Acoustic Grand Piano,0,74,D5,127,0.14497406249999756,69.41680277083333,69.56177683333333
Acoustic Grand Piano,0,79,G5,127,0.1385307708333272,69.42968935416667,69.568220125
Acoustic Grand Piano,0,58,A#3,127,0.14175241666666238,69.42968935416667,69.57144177083333
Acoustic Grand Piano,0,70,A#4,127,0.12564418750000073,69.742189,69.8678331875
Acoustic Grand Piano,0,82,A#5,127,0.15463900000000308,69.742189,69.896828
Acoustic Grand Piano,0,55,G3,127,0.19329874999999674,69.742189,69.93548775
Acoustic Grand Piano,0,70,A#4,127,0.07409785416666637,70.04502370833333,70.1191215625
Acoustic Grand Piano,0,74,D5,127,0.08376279166665768,70.05468864583334,70.1384514375
Acoustic Grand Piano,0,70,A#4,127,0.054767979166669534,70.34785841666667,70.40262639583334
Acoustic Grand Piano,0,58,A#3,127,0.26417495833332794,70.19321941666666,70.45739437499999
Acoustic Grand Piano,0,81,A5,127,0.1868554583333406,70.515384,70.70223945833334
Acoustic Grand Piano,0,54,F#3,127,0.19329875000001095,70.50894070833333,70.70223945833334
Acoustic Grand Piano,0,69,A4,127,0.19329875000001095,70.50894070833333,70.70223945833334
Acoustic Grand Piano,0,75,D#5,127,0.03221645833333753,70.843991875,70.87620833333334
Acoustic Grand Piano,0,72,C5,127,0.06121127083332567,70.824662,70.88587327083333
Acoustic Grand Piano,0,69,A4,127,0.17074722916666474,71.00185252083334,71.17259975
Acoustic Grand Piano,0,81,A5,127,0.20618533333332323,70.998630875,71.20481620833333
Acoustic Grand Piano,0,54,F#3,127,0.24162343749999593,70.99218758333333,71.23381102083333
Acoustic Grand Piano,0,72,C5,127,0.14497406249999756,71.28213570833333,71.42710977083333
Acoustic Grand Piano,0,75,D#5,127,0.15463900000000308,71.288579,71.443218
Acoustic Grand Piano,0,62,D4,127,0.19007710416666157,71.43677470833333,71.62685181249999
Acoustic Grand Piano,0,66,F#4,127,0.04510304166666401,71.597857,71.64296004166667
Acoustic Grand Piano,0,55,G3,127,0.1159792499999952,71.74927435416667,71.86525360416667
Acoustic Grand Piano,0,67,G4,127,0.1643039375000086,71.752496,71.9167999375
Acoustic Grand Piano,0,74,D5,127,0.06443291666666084,71.9167999375,71.98123285416666
Acoustic Grand Piano,0,62,D4,127,0.13530912499999204,71.8974700625,72.0327791875
Acoustic Grand Piano,0,70,A#4,127,0.06121127083333988,72.061774,72.12298527083334
Acoustic Grand Piano,0,58,A#3,127,0.06121127083333988,72.061774,72.12298527083334
Acoustic Grand Piano,0,79,G5,127,0.06121127083333988,72.2260779375,72.28728920833333
Acoustic Grand Piano,0,69,A4,127,0.16108229166667343,72.2067480625,72.36783035416667
Acoustic Grand Piano,0,67,G4,127,0.1868554583333406,72.2067480625,72.39360352083334
Acoustic Grand Piano,0,55,G3,127,0.22551520833333427,72.20030477083333,72.42581997916666
Acoustic Grand Piano,0,70,A#4,127,0.09020608333332802,72.54179922916667,72.6320053125
Acoustic Grand Piano,0,74,D5,127,0.09987102083333355,72.54179922916667,72.64167025
Acoustic Grand Piano,0,62,D4,127,0.19652039583333192,72.67388670833333,72.87040710416666
Acoustic Grand Piano,0,70,A#4,127,0.05154633333333436,72.84141229166667,72.892958625
Acoustic Grand Piano,0,65,F4,127,0.15463900000000308,73.00249458333333,73.15713358333333
Acoustic Grand Piano,0,53,F3,127,0.2351801458333398,73.00249458333333,73.23767472916667
Acoustic Grand Piano,0,57,A3,127,0.10309266666666872,73.144247,73.24733966666666
Acoustic Grand Piano,0,69,A4,127,0.07087620833333119,73.18290675,73.25378295833333
Acoustic Grand Piano,0,60,C4,127,0.07409785416666637,73.2698911875,73.34398904166666
Acoustic Grand Piano,0,72,C5,127,0.04188139583334305,73.31821587499999,73.36009727083334
Acoustic Grand Piano,0,65,F4,127,0.19007710416666157,73.453525,73.64360210416666
Acoustic Grand Piano,0,53,F3,127,0.21585027083334296,73.44708170833333,73.66293197916667
Acoustic Grand Piano,0,77,F5,127,0.21585027083332875,73.453525,73.66937527083333
Acoustic Grand Piano,0,69,A4,127,0.13208747916667107,73.782132875,73.91422035416667
Acoustic Grand Piano,0,72,C5,127,0.16752558333332956,73.77568958333333,73.94321516666666
Acoustic Grand Piano,0,54,F#3,127,0.19329874999999674,73.9077770625,74.1010758125
Acoustic Grand Piano,0,70,A#4,127,0.09664937499999837,74.2557148125,74.3523641875
Acoustic Grand Piano,0,67,G4,127,0.10953595833332486,74.2557148125,74.36525077083333
Acoustic Grand Piano,0,74,D5,127,0.11275760416666003,74.2557148125,74.36847241666666
Acoustic Grand Piano,0,58,A#3,127,0.12564418750000073,74.2557148125,74.381359
Acoustic Grand Piano,0,62,D4,127,0.1288658333333359,74.2557148125,74.38458064583334
Acoustic Grand Piano,0,55,G3,127,0.15463900000000308,74.2557148125,74.4103538125
Acoustic Grand Piano,0,70,A#4,127,0.09664937499999837,74.71318852083333,74.80983789583333
Acoustic Grand Piano,0,67,G4,127,0.09987102083333355,74.71318852083333,74.81305954166666
Acoustic Grand Piano,0,74,D5,127,0.12242254166666555,74.71318852083333,74.83561106249999
Acoustic Grand Piano,0,55,G3,127,0.15786064583332404,74.70352358333334,74.86138422916666
Acoustic Grand Piano,0,58,A#3,127,0.19007710416666157,74.70352358333334,74.8936006875
Acoustic Grand Piano,0,62,D4,127,0.19329874999999674,74.70352358333334,74.89682233333333
Acoustic Grand Piano,0,55,G3,127,0.13530912500000625,75.463832,75.599141125
Acoustic Grand Piano,0,72,C5,127,0.15463900000000308,75.463832,75.618471
Acoustic Grand Piano,0,84,C6,127,0.18363381250000543,75.463832,75.6474658125
Acoustic Grand Piano,0,63,D#4,127,0.0934277291666632,75.76988835416667,75.86331608333333
Acoustic Grand Piano,0,60,C4,127,0.10953595833332486,75.77311,75.88264595833333
Acoustic Grand Piano,0,75,D#5,127,0.12242254166666555,75.76666670833333,75.88908925
Acoustic Grand Piano,0,79,G5,127,0.14497406249999756,75.76022341666666,75.90519747916666
Acoustic Grand Piano,0,72,C5,127,0.0934277291666632,76.08560964583333,76.179037375
Acoustic Grand Piano,0,55,G3,127,0.14819570833333273,76.09849622916667,76.2466919375
Acoustic Grand Piano,0,75,D#5,127,0.0934277291666632,76.24347029166667,76.33689802083333
Acoustic Grand Piano,0,60,C4,127,0.14497406249999756,76.24347029166667,76.38844435416667
Acoustic Grand Piano,0,63,D#4,127,0.07409785416666637,76.3626711875,76.43676904166666
Acoustic Grand Piano,0,55,G3,127,0.19329874999999674,76.53986170833333,76.73316045833333
Acoustic Grand Piano,0,72,C5,127,0.3640459791666615,76.565634875,76.92968085416666
Acoustic Grand Piano,0,75,D#5,127,0.12242254166666555,76.89746439583334,77.0198869375
Acoustic Grand Piano,0,60,C4,127,0.17074722916666474,76.855583,77.02633022916666
Acoustic Grand Piano,0,63,D#4,127,0.05154633333333436,77.00377870833333,77.05532504166666
Acoustic Grand Piano,0,79,G5,127,0.05798962500000471,77.03599516666667,77.09398479166667
Acoustic Grand Piano,0,84,C6,127,0.1288658333333359,77.184190875,77.31305670833333
Acoustic Grand Piano,0,72,C5,127,0.14175241666666238,77.19707745833334,77.338829875
Acoustic Grand Piano,0,60,C4,127,0.18041216666667026,77.18741252083333,77.3678246875
Acoustic Grand Piano,0,58,A#3,127,0.1643039374999944,77.4838039375,77.648107875
Acoustic Grand Piano,0,70,A#4,127,0.17074722916666474,77.4838039375,77.65455116666666
Acoustic Grand Piano,0,82,A#5,127,0.17719052083333509,77.4838039375,77.66099445833333
Acoustic Grand Piano,0,57,A3,127,0.19329874999999674,77.78986029166667,77.98315904166667
Acoustic Grand Piano,0,81,A5,127,0.1868554583333406,77.80596852083333,77.99282397916667
Acoustic Grand Piano,0,69,A4,127,0.2094069791666584,77.78986029166667,77.99926727083333
Acoustic Grand Piano,0,72,C5,127,0.1385307708333272,78.092695,78.23122577083333
Acoustic Grand Piano,0,63,D#4,127,0.12242254166666555,78.112024875,78.23444741666667
Acoustic Grand Piano,0,75,D#5,127,0.14819570833333273,78.112024875,78.26022058333334
Acoustic Grand Piano,0,60,C4,127,0.21907191666666392,78.07980841666667,78.29888033333333
Acoustic Grand Piano,0,66,F#4,127,0.2448450833333311,78.401973,78.64681808333333
Acoustic Grand Piano,0,66,F#4,125,0.04510304166666401,78.72413758333333,78.769240625
Acoustic Grand Piano,0,54,F#3,127,0.4091490208333397,78.401973,78.81112202083334
Acoustic Grand Piano,0,69,A4,127,0.1385307708333272,78.711251,78.84978177083333
Acoustic Grand Piano,0,62,D4,127,0.1643039374999944,78.7015860625,78.86589
Acoustic Grand Piano,0,79,G5,127,0.1514173541666679,79.05274545833333,79.2041628125
Acoustic Grand Piano,0,55,G3,127,0.2126286250000078,79.020529,79.233157625
Acoustic Grand Piano,0,67,G4,127,0.21907191666666392,79.020529,79.23960091666666
Acoustic Grand Piano,0,62,D4,127,0.17074722916667895,79.3394719375,79.51021916666667
Acoustic Grand Piano,0,70,A#4,127,0.0579896249999905,79.50699752083334,79.56498714583333
Acoustic Grand Piano,0,79,G5,127,0.1288658333333359,79.66485816666666,79.793724
Acoustic Grand Piano,0,55,G3,127,0.1514173541666679,79.66163652083333,79.813053875
Acoustic Grand Piano,0,67,G4,127,0.14175241666666238,79.67452310416667,79.81627552083333
Acoustic Grand Piano,0,66,F#4,127,0.12242254166666555,79.967692875,80.09011541666666
Acoustic Grand Piano,0,54,F#3,127,0.17719052083333509,79.948363,80.12555352083334
Acoustic Grand Piano,0,78,F#5,127,0.1739688749999999,79.96124958333333,80.13521845833333
Acoustic Grand Piano,0,81,A5,127,0.0483246875000134,80.28341416666666,80.33173885416667
Acoustic Grand Piano,0,54,F#3,127,0.0579896249999905,80.30274404166667,80.36073366666666
Acoustic Grand Piano,0,69,A4,127,0.21585027083332875,80.25441935416667,80.470269625
Acoustic Grand Piano,0,57,A3,127,0.1159792499999952,80.6152436875,80.7312229375
Acoustic Grand Piano,0,62,D4,127,0.1514173541666679,80.58947052083333,80.740887875
Acoustic Grand Piano,0,72,C5,127,0.15786064583333825,80.58302722916666,80.740887875
Acoustic Grand Piano,0,71,B4,127,0.028994812500002354,80.9051918125,80.934186625
Acoustic Grand Piano,0,69,A4,127,0.14175241666666238,80.89874852083334,81.0405009375
Acoustic Grand Piano,0,81,A5,127,0.14819570833333273,80.895526875,81.04372258333333
Acoustic Grand Piano,0,79,G5,127,0.12564418750000073,81.204804875,81.3304490625
Acoustic Grand Piano,0,67,G4,127,0.13853077083334142,81.204804875,81.34333564583333
Acoustic Grand Piano,0,78,F#5,127,0.2094069791666726,81.50763958333333,81.7170465625
Acoustic Grand Piano,0,54,F#3,127,0.23840179166666076,81.494753,81.73315479166666
Acoustic Grand Piano,0,66,F#4,127,0.4445871249999982,81.494753,81.939340125
Acoustic Grand Piano,0,62,D4,127,0.1739688749999999,81.80080935416666,81.97477822916666
Acoustic Grand Piano,0,57,A3,127,0.17719052083333509,81.81047429166667,81.9876648125
Acoustic Grand Piano,0,69,A4,127,0.17719052083333509,81.81047429166667,81.9876648125
Acoustic Grand Piano,0,78,F#5,127,0.13530912500000625,82.15196875,82.287277875
Acoustic Grand Piano,0,66,F#4,127,0.19652039583333192,82.132638875,82.32915927083333
Acoustic Grand Piano,0,66,F#4,127,0.07731950000000154,82.4322519375,82.5095714375
Acoustic Grand Piano,0,69,A4,127,0.12242254166666555,82.4322519375,82.55467447916666
Acoustic Grand Piano,0,62,D4,127,0.10631431249998968,82.56433941666667,82.67065372916666
Acoustic Grand Piano,0,68,G#4,127,0.04510304166666401,82.72542170833333,82.77052474999999
Acoustic Grand Piano,0,69,A4,127,0.1997420416666671,82.8961689375,83.09591097916666
Acoustic Grand Piano,0,72,C5,127,0.07731950000000154,83.0508079375,83.1281274375
Acoustic Grand Piano,0,57,A3,127,0.12242254166666555,83.03469970833333,83.15712225
Acoustic Grand Piano,0,62,D4,127,0.07087620833333119,83.1667871875,83.23766339583334
Acoustic Grand Piano,0,75,D#5,127,0.06443291666667506,83.19256035416666,83.25699327083333
Acoustic Grand Piano,0,69,A4,127,0.1288658333333359,83.37619416666666,83.50506
Acoustic Grand Piano,0,81,A5,127,0.15786064583333825,83.35364264583333,83.51150329166667
Acoustic Grand Piano,0,66,F#4,127,0.14819570833333273,83.68225052083334,83.83044622916667
Acoustic Grand Piano,0,54,F#3,127,0.15786064583333825,83.67258558333333,83.83044622916667
Acoustic Grand Piano,0,78,F#5,127,0.1739688749999999,83.6886938125,83.8626626875
Acoustic Grand Piano,0,79,G5,127,0.19329874999999674,83.988306875,84.181605625
Acoustic Grand Piano,0,55,G3,127,0.41237066666666067,83.98508522916667,84.39745589583333
Acoustic Grand Piano,0,70,A#4,127,0.15786064583332404,84.28469829166667,84.4425589375
Acoustic Grand Piano,0,67,G4,127,0.4800252291666709,83.968977,84.44900222916667
Acoustic Grand Piano,0,58,A#3,127,0.18041216666667026,84.27503335416667,84.45544552083334
Acoustic Grand Piano,0,62,D4,127,0.1997420416666671,84.278255,84.47799704166667
Acoustic Grand Piano,0,65,F4,127,0.22551520833333427,84.587533,84.81304820833333
Acoustic Grand Piano,0,77,F5,127,0.23840179166666076,84.5778680625,84.81626985416666
Acoustic Grand Piano,0,53,F3,127,0.3060563541666568,84.58431135416667,84.89036770833333
Acoustic Grand Piano,0,65,F4,127,0.10309266666666872,84.896811,84.99990366666667
Acoustic Grand Piano,0,71,B4,127,0.14819570833333273,84.896811,85.04500670833333
Acoustic Grand Piano,0,74,D5,127,0.14497406249999756,84.9064759375,85.05145
Acoustic Grand Piano,0,65,F4,127,0.04510304166667822,85.18353747916666,85.22864052083334
Acoustic Grand Piano,0,59,B3,127,0.23840179166667497,85.03534177083333,85.2737435625
Acoustic Grand Piano,0,71,B4,127,0.10953595833333907,85.3897228125,85.49925877083334
Acoustic Grand Piano,0,83,B5,127,0.1514173541666679,85.4283825625,85.57979991666667
Acoustic Grand Piano,0,84,C6,127,0.20296368750000227,85.41227433333333,85.61523802083333
Acoustic Grand Piano,0,55,G3,127,0.2673966041666631,85.380057875,85.64745447916667
Acoustic Grand Piano,0,72,C5,127,0.33182952083333817,85.3897228125,85.72155233333334
Acoustic Grand Piano,0,75,D#5,127,0.07087620833333119,85.6990008125,85.76987702083333
Acoustic Grand Piano,0,55,G3,127,0.20618533333333744,85.84075322916667,86.0469385625
Acoustic Grand Piano,0,84,C6,127,0.19329874999999674,85.86652639583333,86.05982514583333
Acoustic Grand Piano,0,72,C5,127,0.21907191666666392,85.84719652083334,86.0662684375
Acoustic Grand Piano,0,63,D#4,127,0.10309266666666872,86.14036629166667,86.24345895833333
Acoustic Grand Piano,0,72,C5,127,0.1288658333333359,86.14036629166667,86.269232125
Acoustic Grand Piano,0,75,D#5,127,0.16108229166667343,86.14036629166667,86.30144858333334
Acoustic Grand Piano,0,79,G5,127,0.20618533333333744,86.13070135416666,86.3368866875
Acoustic Grand Piano,0,60,C4,127,0.20618533333333744,86.13714464583333,86.34332997916667
Acoustic Grand Piano,0,55,G3,127,0.17719052083333509,86.443201,86.62039152083334
Acoustic Grand Piano,0,84,C6,127,0.19007710416666157,86.462530875,86.65260797916666
Acoustic Grand Piano,0,72,C5,127,0.2577316666666576,86.443201,86.70093266666666
Acoustic Grand Piano,0,79,G5,127,0.06765456249999602,86.79113875,86.8587933125
Acoustic Grand Piano,0,63,D#4,127,0.1288658333333359,86.752479,86.88134483333333
Acoustic Grand Piano,0,75,D#5,127,0.07087620833333119,86.907118,86.97799420833333
Acoustic Grand Piano,0,60,C4,127,0.048324687499999186,86.94255610416667,86.99088079166667
Acoustic Grand Piano,0,84,C6,127,0.14497406250001177,87.0520920625,87.197066125
Acoustic Grand Piano,0,72,C5,127,0.16108229166665922,87.061757,87.22283929166666
Acoustic Grand Piano,0,60,C4,127,0.25128837500000145,87.05531370833333,87.30660208333333
Acoustic Grand Piano,0,58,A#3,127,0.16108229166665922,87.3613700625,87.52245235416666
Acoustic Grand Piano,0,70,A#4,127,0.1643039374999944,87.3613700625,87.525674
Acoustic Grand Piano,0,82,A#5,127,0.15786064583332404,87.36781335416667,87.525674
Acoustic Grand Piano,0,79,G5,127,0.09987102083333355,87.71252945833334,87.81240047916667
Acoustic Grand Piano,0,81,A5,127,0.18363381250000543,87.70286452083333,87.88649833333334
Acoustic Grand Piano,0,57,A3,127,0.2448450833333311,87.67386970833333,87.91871479166666
Acoustic Grand Piano,0,69,A4,127,0.2545100208333366,87.67709135416666,87.931601375
Acoustic Grand Piano,0,63,D#4,127,0.14497406249999756,87.97670441666666,88.12167847916666
Acoustic Grand Piano,0,72,C5,127,0.13208747916667107,87.99603429166666,88.12812177083333
Acoustic Grand Piano,0,75,D#5,127,0.15463900000000308,87.9992559375,88.1538949375
Acoustic Grand Piano,0,60,C4,127,0.1997420416666671,87.95415289583333,88.1538949375
Acoustic Grand Piano,0,66,F#4,127,0.22873685416666945,88.298869,88.52760585416667
Acoustic Grand Piano,0,66,F#4,127,0.09664937500001258,88.6178119375,88.7144613125
Acoustic Grand Piano,0,54,F#3,127,0.4542520624999895,88.2892040625,88.743456125
Acoustic Grand Piano,0,69,A4,127,0.1385307708333272,88.61459029166667,88.7531210625
Acoustic Grand Piano,0,62,D4,127,0.16108229166667343,88.60170370833333,88.762786
Acoustic Grand Piano,0,79,G5,127,0.13530912499999204,88.95286310416667,89.08817222916666
Acoustic Grand Piano,0,55,G3,127,0.24162343750001014,88.917425,89.1590484375
Acoustic Grand Piano,0,67,G4,127,0.2448450833333311,88.92386829166666,89.168713375
Acoustic Grand Piano,0,74,D5,127,0.08376279166667189,89.26214110416666,89.34590389583333
Acoustic Grand Piano,0,62,D4,127,0.19652039583333192,89.2363679375,89.43288833333334
Acoustic Grand Piano,0,58,A#3,127,0.06121127083333988,89.3910069375,89.45221820833333
Acoustic Grand Piano,0,70,A#4,127,0.05798962500000471,89.39422858333333,89.45221820833333
Acoustic Grand Piano,0,67,G4,127,0.13530912499999204,89.555310875,89.69062
Acoustic Grand Piano,0,55,G3,127,0.18041216666667026,89.53920264583333,89.7196148125
Acoustic Grand Piano,0,80,G#5,127,0.10309266666665451,89.88069710416667,89.98378977083333
Acoustic Grand Piano,0,68,G#4,127,0.14175241666666238,89.84848064583333,89.9902330625
Acoustic Grand Piano,0,56,G#3,127,0.15463899999998887,89.85814558333334,90.01278458333333
Acoustic Grand Piano,0,69,A4,127,0.054767979166669534,90.1448720625,90.19964004166667
Acoustic Grand Piano,0,54,F#3,127,0.13530912499999204,90.2995110625,90.4348201875
Acoustic Grand Piano,0,69,A4,127,0.20296368750000227,90.2995110625,90.50247475
Acoustic Grand Piano,0,57,A3,127,0.1159792499999952,90.47025829166667,90.58623754166666
Acoustic Grand Piano,0,72,C5,127,0.1288658333333359,90.4734799375,90.60234577083334
Acoustic Grand Piano,0,62,D4,127,0.08698443750000706,90.58301589583333,90.67000033333333
Acoustic Grand Piano,0,75,D#5,127,0.05798962500000471,90.61523235416666,90.67322197916667
Acoustic Grand Piano,0,81,A5,127,0.19007710416666157,90.792422875,90.98249997916666
Acoustic Grand Piano,0,69,A4,127,0.2094069791666584,90.773093,90.98249997916666
Acoustic Grand Piano,0,54,F#3,127,0.23195850000000462,90.76020641666666,90.99216491666667
Acoustic Grand Piano,0,57,A3,127,0.09020608333334224,91.10492252083333,91.19512860416667
Acoustic Grand Piano,0,62,D4,127,0.12242254166667976,91.07914935416666,91.20157189583334
Acoustic Grand Piano,0,72,C5,127,0.12242254166666555,91.101700875,91.22412341666667
Acoustic Grand Piano,0,75,D#5,127,0.1288658333333359,91.10492252083333,91.23378835416666
Acoustic Grand Piano,0,69,A4,127,0.20296368750000227,91.40131393749999,91.604277625
Acoustic Grand Piano,0,54,F#3,127,0.2351801458333398,91.37876241666666,91.6139425625
Acoustic Grand Piano,0,75,D#5,127,0.07409785416666637,91.73636510416667,91.81046295833333
Acoustic Grand Piano,0,72,C5,127,0.06121127083333988,91.87489587499999,91.93610714583333
Acoustic Grand Piano,0,81,A5,127,0.07087620833333119,92.0778595625,92.14873577083333
Acoustic Grand Piano,0,69,A4,127,0.1868554583333264,92.0391998125,92.22605527083333
Acoustic Grand Piano,0,54,F#3,127,0.33505116666667334,92.010205,92.34525616666667
Acoustic Grand Piano,0,72,C5,127,0.20296368750000227,92.338812875,92.5417765625
Acoustic Grand Piano,0,75,D#5,127,0.21907191666666392,92.338812875,92.55788479166667
Acoustic Grand Piano,0,62,D4,127,0.09987102083333355,92.5031168125,92.60298783333333
Acoustic Grand Piano,0,60,C4,127,0.21907191666666392,92.7834,93.00247191666666
Acoustic Grand Piano,0,69,A4,127,0.22551520833333427,92.7834,93.00891520833333
Acoustic Grand Piano,0,66,F#4,127,0.22873685416666945,92.7834,93.01213685416667
Acoustic Grand Piano,0,72,C5,127,0.2448450833333311,92.7834,93.02824508333333
Acoustic Grand Piano,0,54,F#3,127,0.24806672916666628,92.7834,93.03146672916667
Acoustic Grand Piano,0,57,A3,127,0.2545100208333366,92.7834,93.03791002083334
Acoustic Grand Piano,0,50,D3,127,0.2545100208333366,92.7834,93.03791002083334
Acoustic Grand Piano,0,67,G4,127,0.1159792499999952,93.72412058333333,93.84009983333333
Acoustic Grand Piano,0,63,D#4,127,0.12564418750000073,93.72412058333333,93.84976477083333
Acoustic Grand Piano,0,51,D#3,127,0.13208747916667107,93.72412058333333,93.8562080625
Acoustic Grand Piano,0,58,A#3,127,0.13208747916667107,93.72412058333333,93.8562080625
Acoustic Grand Piano,0,70,A#4,127,0.13530912500000625,93.72412058333333,93.85942970833334
Acoustic Grand Piano,0,55,G3,127,0.1514173541666679,93.72412058333333,93.8755379375
Acoustic Grand Piano,0,50,D3,127,0.1868554583333264,94.078501625,94.26535708333333
Acoustic Grand Piano,0,57,A3,127,0.1997420416666671,94.078501625,94.27824366666667
Acoustic Grand Piano,0,54,F#3,127,0.2126286250000078,94.06561504166666,94.27824366666667
Acoustic Grand Piano,0,66,F#4,127,0.23518014583332558,94.078501625,94.31368177083333
Acoustic Grand Piano,0,60,C4,127,0.2545100208333366,94.06561504166666,94.3201250625
Acoustic Grand Piano,0,72,C5,127,0.33182952083332395,94.05595010416667,94.387779625
Acoustic Grand Piano,0,58,A#3,127,0.09664937499999837,94.948346,95.044995375
Acoustic Grand Piano,0,67,G4,127,0.09987102083333355,94.948346,95.04821702083333
Acoustic Grand Piano,0,70,A#4,127,0.06443291666667506,94.98700575,95.05143866666667
Acoustic Grand Piano,0,63,D#4,127,0.1063143125000039,94.948346,95.0546603125
Acoustic Grand Piano,0,51,D#3,127,0.09020608333332802,94.967675875,95.05788195833333
Acoustic Grand Piano,0,55,G3,127,0.1288658333333359,94.948346,95.07721183333334
Acoustic Grand Piano,0,50,D3,127,0.13530912500000625,95.2866188125,95.4219279375
Acoustic Grand Piano,0,60,C4,127,0.1385307708333272,95.29306210416667,95.43159287499999
Acoustic Grand Piano,0,66,F#4,127,0.14819570833333273,95.29306210416667,95.4412578125
Acoustic Grand Piano,0,54,F#3,127,0.16752558333334377,95.2866188125,95.45414439583334
Acoustic Grand Piano,0,57,A3,127,0.1643039374999944,95.29306210416667,95.45736604166666
Acoustic Grand Piano,0,60,C4,127,0.14175241666666238,95.91483975,96.05659216666666
Acoustic Grand Piano,0,50,D3,127,0.14497406249999756,95.91483975,96.0598138125
Acoustic Grand Piano,0,66,F#4,127,0.16108229166667343,95.91483975,96.07592204166667
Acoustic Grand Piano,0,69,A4,127,0.16752558333332956,95.91483975,96.08236533333333
Acoustic Grand Piano,0,54,F#3,127,0.17719052083333509,95.91161810416666,96.088808625
Acoustic Grand Piano,0,57,A3,127,0.17719052083333509,95.91483975,96.09203027083333
Acoustic Grand Piano,0,62,D4,127,0.12564418750000073,96.49795764583334,96.62360183333334
Acoustic Grand Piano,0,67,G4,127,0.1514173541666679,96.49795764583334,96.649375
Acoustic Grand Piano,0,50,D3,127,0.13208747916665686,96.5237308125,96.65581829166666
Acoustic Grand Piano,0,70,A#4,127,0.17719052083332087,96.49795764583334,96.67514816666666
Acoustic Grand Piano,0,58,A#3,127,0.15463899999998887,96.52050916666667,96.67514816666666
Acoustic Grand Piano,0,55,G3,127,0.2319584999999904,96.49795764583334,96.72991614583333
Acoustic Grand Piano,0,62,D4,127,0.10309266666666872,96.98120452083333,97.0842971875
Acoustic Grand Piano,0,67,G4,127,0.13530912500000625,96.97476122916666,97.11007035416667
Acoustic Grand Piano,0,55,G3,127,0.14819570833333273,96.97476122916666,97.12295693749999
Acoustic Grand Piano,0,58,A#3,127,0.14497406249999756,96.98120452083333,97.12617858333333
Acoustic Grand Piano,0,70,A#4,127,0.16108229166667343,96.98120452083333,97.1422868125
Acoustic Grand Piano,0,67,G4,127,0.31894293749999747,97.76406445833334,98.08300739583333
Acoustic Grand Piano,0,55,G3,127,0.3253862291666678,97.76406445833334,98.0894506875
Acoustic Grand Piano,0,74,D5,127,0.441365479166663,97.76406445833334,98.2054299375
Acoustic Grand Piano,0,70,A#4,127,0.4542520624999895,97.76406445833334,98.21831652083333
Acoustic Grand Piano,0,58,A#3,127,0.5154633333333294,97.76406445833334,98.27952779166667
Acoustic Grand Piano,0,62,D4,127,0.612112708333342,97.77695104166666,98.38906375
Acoustic Grand Piano,0,74,D5,127,0.283504833333339,98.42450185416666,98.7080066875
Acoustic Grand Piano,0,58,A#3,127,0.33505116666667334,98.42450185416666,98.75955302083334
Acoustic Grand Piano,0,66,F#4,127,0.3382728125000085,98.42450185416666,98.76277466666667
Acoustic Grand Piano,0,70,A#4,127,0.34471610416666465,98.42450185416666,98.76921795833333
Acoustic Grand Piano,0,54,F#3,127,0.42525725000000136,98.42450185416666,98.84975910416667
Acoustic Grand Piano,0,62,D4,127,0.5251282708333349,98.42450185416666,98.949630125
Acoustic Grand Piano,0,65,F4,127,0.7313136041666723,99.04305785416666,99.77437145833333
Acoustic Grand Piano,0,70,A#4,127,0.7409785416666637,99.04305785416666,99.78403639583333
Acoustic Grand Piano,0,74,D5,127,0.7538651250000044,99.04305785416666,99.79692297916667
Acoustic Grand Piano,0,53,F3,127,0.8795093125000051,99.03983620833333,99.91934552083333
Acoustic Grand Piano,0,58,A#3,127,0.8827309583333403,99.04305785416666,99.9257888125
Acoustic Grand Piano,0,62,D4,127,1.0824730000000073,99.04305785416666,100.12553085416667
Acoustic Grand Piano,0,55,G3,127,0.12564418749998651,100.206072,100.33171618749999
Acoustic Grand Piano,0,72,C5,127,0.14819570833333273,100.206072,100.35426770833334
Acoustic Grand Piano,0,84,C6,127,0.17074722916666474,100.206072,100.37681922916667
Acoustic Grand Piano,0,63,D#4,127,0.09020608333332802,100.51535,100.60555608333333
Acoustic Grand Piano,0,75,D#5,127,0.12242254166666555,100.50890670833333,100.63132925
Acoustic Grand Piano,0,79,G5,127,0.14497406250001177,100.50890670833333,100.65388077083334
Acoustic Grand Piano,0,60,C4,127,0.18041216666665605,100.50246341666667,100.68287558333333
Acoustic Grand Piano,0,55,G3,127,0.15463900000000308,100.84073622916667,100.99537522916667
Acoustic Grand Piano,0,72,C5,127,0.23195850000000462,100.84073622916667,101.07269472916667
Acoustic Grand Piano,0,75,D#5,127,0.1288658333333359,101.00504016666666,101.133906
Acoustic Grand Piano,0,60,C4,127,0.1997420416666671,100.98248864583333,101.1822306875
Acoustic Grand Piano,0,63,D#4,127,0.07409785416666637,101.133906,101.20800385416666
Acoustic Grand Piano,0,55,G3,127,0.17719052083333509,101.32076145833334,101.49795197916667
Acoustic Grand Piano,0,82,A#5,127,0.1739688749999999,101.33042639583333,101.50439527083333
Acoustic Grand Piano,0,70,A#4,127,0.20296368750000227,101.32076145833334,101.52372514583334
Acoustic Grand Piano,0,58,A#3,127,0.12564418750000073,101.62037452083334,101.74601870833334
Acoustic Grand Piano,0,62,D4,127,0.0934277291666632,101.75890529166666,101.85233302083333
Acoustic Grand Piano,0,70,A#4,127,0.15786064583333825,101.92965252083333,102.08751316666667
Acoustic Grand Piano,0,82,A#5,127,0.17074722916666474,101.92965252083333,102.10039975
Acoustic Grand Piano,0,55,G3,127,0.22551520833333427,101.91998758333334,102.14550279166667
Acoustic Grand Piano,0,70,A#4,127,0.07731950000000154,102.23893052083334,102.31625002083334
Acoustic Grand Piano,0,74,D5,127,0.10309266666666872,102.23893052083334,102.3420231875
Acoustic Grand Piano,0,70,A#4,127,0.09664937500001258,102.52243535416666,102.61908472916667
Acoustic Grand Piano,0,62,D4,127,0.283504833333339,102.37101799999999,102.65452283333333
Acoustic Grand Piano,0,69,A4,127,0.2545100208333366,102.70606916666667,102.9605791875
Acoustic Grand Piano,0,54,F#3,127,0.2931697708333303,102.67707435416666,102.970244125
Acoustic Grand Piano,0,69,A4,127,0.08698443749999285,103.01212552083334,103.09910995833333
Acoustic Grand Piano,0,72,C5,127,0.14819570833333273,102.989574,103.13776970833334
Acoustic Grand Piano,0,75,D#5,127,0.1385307708333272,103.00568222916667,103.144213
Acoustic Grand Piano,0,57,A3,127,0.25128837500000145,102.98313070833333,103.23441908333334
Acoustic Grand Piano,0,62,D4,127,0.2899481249999951,102.989574,103.279522125
Acoustic Grand Piano,0,69,A4,127,0.1417524166666766,103.46637758333333,103.60813
Acoustic Grand Piano,0,66,F#4,127,0.306056354166671,103.30207364583333,103.60813
Acoustic Grand Piano,0,62,D4,127,0.22551520833333427,103.46637758333333,103.69189279166666
Acoustic Grand Piano,0,67,G4,127,0.1997420416666671,103.782098875,103.98184091666667
Acoustic Grand Piano,0,55,G3,127,0.2094069791666584,103.782098875,103.99150585416666
Acoustic Grand Piano,0,62,D4,127,0.3640459791666757,104.08815522916666,104.45220120833334
Acoustic Grand Piano,0,55,G3,127,0.24806672916666628,104.39743322916667,104.64549995833333
Acoustic Grand Piano,0,65,F4,127,0.45103041666666854,104.41354145833333,104.864571875
Acoustic Grand Piano,0,71,B4,127,0.21262862499999358,104.7002679375,104.9128965625
Acoustic Grand Piano,0,74,D5,127,0.22873685416666945,104.7002679375,104.92900479166667
Acoustic Grand Piano,0,62,D4,127,0.283504833333339,104.87101516666667,105.15452
Acoustic Grand Piano,0,55,G3,127,0.21585027083334296,105.15774164583333,105.37359191666667
Acoustic Grand Piano,0,72,C5,127,0.26417495833332794,105.15452,105.41869495833333
Acoustic Grand Piano,0,72,C5,127,0.05798962500000471,105.48957116666666,105.54756079166667
Acoustic Grand Piano,0,63,D#4,127,0.1514173541666679,105.463798,105.61521535416666
Acoustic Grand Piano,0,60,C4,127,0.2126286250000078,105.463798,105.676426625
Acoustic Grand Piano,0,75,D#5,127,0.21585027083332875,105.463798,105.67964827083333
Acoustic Grand Piano,0,79,G5,127,0.21907191666666392,105.463798,105.68286991666666
Acoustic Grand Piano,0,72,C5,127,0.10953595833333907,105.94060158333333,106.05013754166667
Acoustic Grand Piano,0,55,G3,127,0.14175241666666238,105.94060158333333,106.082354
Acoustic Grand Piano,0,82,A#5,127,0.15786064583333825,106.2659878125,106.42384845833334
Acoustic Grand Piano,0,70,A#4,127,0.20618533333333744,106.236993,106.44317833333334
Acoustic Grand Piano,0,55,G3,127,0.24162343749999593,106.236993,106.4786164375
Acoustic Grand Piano,0,58,A#3,127,0.0934277291666632,106.60748227083333,106.70091
Acoustic Grand Piano,0,79,G5,127,0.10631431249998968,106.5945956875,106.70091
Acoustic Grand Piano,0,74,D5,127,0.11920089583333038,106.58170910416666,106.70091
Acoustic Grand Piano,0,62,D4,127,0.14175241666666238,106.57204416666667,106.71379658333333
Acoustic Grand Piano,0,82,A#5,127,0.13530912499999204,106.88776545833333,107.02307458333333
Acoustic Grand Piano,0,70,A#4,127,0.17074722916666474,106.87165722916667,107.04240445833334
Acoustic Grand Piano,0,55,G3,127,0.21585027083332875,106.88132216666666,107.09717243749999
Acoustic Grand Piano,0,74,D5,127,0.09987102083333355,107.19060016666667,107.2904711875
Acoustic Grand Piano,0,58,A#3,127,0.11920089583333038,107.28080625,107.40000714583333
Acoustic Grand Piano,0,70,A#4,127,0.06765456250001023,107.49987816666666,107.56753272916667
Acoustic Grand Piano,0,62,D4,127,0.1739688749999999,107.40967208333333,107.58364095833333
Acoustic Grand Piano,0,69,A4,127,0.22551520833333427,107.66096045833334,107.88647566666667
Acoustic Grand Piano,0,54,F#3,127,0.283504833333339,107.65451716666666,107.938022
Acoustic Grand Piano,0,57,A3,127,0.2222935624999991,107.938022,108.1603155625
Acoustic Grand Piano,0,72,C5,127,0.22551520833332006,107.94124364583334,108.16675885416666
Acoustic Grand Piano,0,75,D#5,127,0.26417495833332794,107.94124364583334,108.20541860416667
Acoustic Grand Piano,0,62,D4,127,0.37048927083333183,107.938022,108.30851127083334
Acoustic Grand Piano,0,66,F#4,127,0.13530912500000625,108.401939,108.537248125
Acoustic Grand Piano,0,54,F#3,127,0.19007710416667578,108.3922740625,108.58235116666667
Acoustic Grand Piano,0,55,G3,127,0.1997420416666671,108.711217,108.91095904166667
Acoustic Grand Piano,0,67,G4,127,0.2319584999999904,108.711217,108.9431755
Acoustic Grand Piano,0,74,D5,127,0.048324687499999186,109.05271145833333,109.10103614583333
Acoustic Grand Piano,0,62,D4,127,0.16752558333332956,109.020495,109.18802058333333
Acoustic Grand Piano,0,70,A#4,127,0.06765456249999602,109.175134,109.2427885625
Acoustic Grand Piano,0,58,A#3,127,0.07731950000000154,109.175134,109.2524535
Acoustic Grand Piano,0,67,G4,127,0.15463900000000308,109.34265958333333,109.49729858333333
Acoustic Grand Piano,0,55,G3,127,0.17074722916666474,109.329773,109.50052022916667
Acoustic Grand Piano,0,66,F#4,127,0.1288658333333359,109.64549429166667,109.774360125
Acoustic Grand Piano,0,54,F#3,127,0.15463900000000308,109.6487159375,109.8033549375
Acoustic Grand Piano,0,53,F3,127,0.18041216666667026,109.94510735416667,110.12551952083334
Acoustic Grand Piano,0,65,F4,127,0.21907191666666392,109.95155064583334,110.1706225625
Acoustic Grand Piano,0,72,C5,127,0.06121127083332567,110.27049358333333,110.33170485416666
Acoustic Grand Piano,0,57,A3,127,0.04188139583334305,110.412246,110.45412739583334
Acoustic Grand Piano,0,69,A4,127,0.05798962500000471,110.412246,110.470235625
Acoustic Grand Piano,0,60,C4,127,0.26417495833332794,110.25438535416667,110.5185603125
Acoustic Grand Piano,0,75,D#5,127,0.038659749999993664,110.61843133333333,110.65709108333333
Acoustic Grand Piano,0,63,D#4,127,0.10953595833333907,110.58299322916666,110.6925291875
Acoustic Grand Piano,0,51,D#3,127,0.1739688749999999,110.57977158333333,110.75374045833333
Acoustic Grand Piano,0,69,A4,127,0.15463899999998887,110.876163,111.030802
Acoustic Grand Piano,0,72,C5,127,0.14497406249999756,110.88904958333333,111.03402364583333
Acoustic Grand Piano,0,60,C4,127,0.14497406250001177,111.030802,111.1757760625
Acoustic Grand Piano,0,70,A#4,127,0.05798962500000471,111.34008,111.398069625
Acoustic Grand Piano,0,55,G3,127,0.06765456249999602,111.34008,111.4077345625
Acoustic Grand Piano,0,58,A#3,127,0.06765456249999602,111.34008,111.4077345625
Acoustic Grand Piano,0,62,D4,127,0.08376279166667189,111.34008,111.42384279166667
Acoustic Grand Piano,0,67,G4,127,0.08376279166667189,111.34008,111.42384279166667
Acoustic Grand Piano,0,58,A#3,127,0.07409785416666637,111.514048875,111.58814672916667
Acoustic Grand Piano,0,74,D5,127,0.07409785416666637,111.52049216666667,111.59459002083334
Acoustic Grand Piano,0,70,A#4,127,0.07731950000000154,111.52049216666667,111.59781166666667
Acoustic Grand Piano,0,62,D4,127,0.08376279166667189,111.514048875,111.59781166666667
Acoustic Grand Piano,0,67,G4,127,0.0934277291666632,111.52049216666667,111.61391989583333
Acoustic Grand Piano,0,55,G3,127,0.054767979166669534,111.83621345833333,111.8909814375
Acoustic Grand Piano,0,58,A#3,127,0.07731950000000154,111.83621345833333,111.91353295833333
Acoustic Grand Piano,0,70,A#4,127,0.08054114583333671,111.83621345833333,111.91675460416667
Acoustic Grand Piano,0,62,D4,127,0.08054114583333671,111.83621345833333,111.91675460416667
Acoustic Grand Piano,0,67,G4,127,0.08376279166667189,111.83621345833333,111.91997625
Acoustic Grand Piano,0,74,D5,127,0.08376279166667189,111.83621345833333,111.91997625
Acoustic Grand Piano,0,69,A4,127,0.24162343749999593,112.577192,112.81881543749999
Acoustic Grand Piano,0,53,F3,127,0.27706154166666863,112.577192,112.85425354166667
Acoustic Grand Piano,0,77,F5,127,0.12564418750000073,112.9154648125,113.041109
Acoustic Grand Piano,0,57,A3,127,0.19007710416666157,112.90257822916666,113.09265533333333
Acoustic Grand Piano,0,72,C5,127,0.19652039583333192,112.90257822916666,113.099098625
Acoustic Grand Piano,0,60,C4,127,0.27383989583333346,112.90257822916666,113.176418125
Acoustic Grand Piano,0,82,A#5,127,0.0805411458333225,113.38904675,113.46958789583333
Acoustic Grand Piano,0,70,A#4,127,0.10309266666666872,113.37293852083333,113.4760311875
Acoustic Grand Piano,0,58,A#3,127,0.14497406249999756,113.3793818125,113.524355875
Acoustic Grand Piano,0,81,A5,127,0.10953595833333907,113.70154639583333,113.81108235416667
Acoustic Grand Piano,0,57,A3,127,0.17719052083333509,113.67577322916667,113.85296375
Acoustic Grand Piano,0,69,A4,127,0.19652039583333192,113.67255158333333,113.86907197916666
Acoustic Grand Piano,0,72,C5,127,0.10309266666666872,114.00115945833333,114.104252125
Acoustic Grand Piano,0,60,C4,127,0.13208747916665686,113.98505122916667,114.11713870833333
Acoustic Grand Piano,0,77,F5,127,0.05154633333333436,114.11713870833333,114.16868504166666
Acoustic Grand Piano,0,65,F4,127,0.09664937499999837,114.123582,114.220231375
Acoustic Grand Piano,0,82,A#5,127,0.07087620833333119,114.3265456875,114.39742189583333
Acoustic Grand Piano,0,70,A#4,127,0.13208747916667107,114.30077252083333,114.43286
Acoustic Grand Piano,0,58,A#3,127,0.28672647916665994,114.30077252083333,114.587499
Acoustic Grand Piano,0,77,F5,127,0.10953595833333907,114.61005052083333,114.71958647916667
Acoustic Grand Piano,0,72,C5,127,0.1288658333333359,114.61005052083333,114.73891635416666
Acoustic Grand Piano,0,71,B4,127,0.012886583333326485,114.91932852083333,114.93221510416666
Acoustic Grand Piano,0,65,F4,127,0.2222935624999991,114.742138,114.9644315625
Acoustic Grand Piano,0,69,A4,127,0.09664937499999837,114.896777,114.993426375
Acoustic Grand Piano,0,67,G4,127,0.19329874999999674,115.09329739583333,115.28659614583333
Acoustic Grand Piano,0,79,G5,127,0.20618533333333744,115.09007575,115.29626108333333
Acoustic Grand Piano,0,55,G3,127,0.23840179166666076,115.07396752083334,115.3123693125
Acoustic Grand Piano,0,70,A#4,127,0.12564418750000073,115.38324552083333,115.50888970833333
Acoustic Grand Piano,0,62,D4,127,0.1739688749999999,115.360694,115.534662875
Acoustic Grand Piano,0,74,D5,127,0.15786064583333825,115.38324552083333,115.54110616666667
Acoustic Grand Piano,0,58,A#3,127,0.18363381250000543,115.360694,115.5443278125
Acoustic Grand Piano,0,67,G4,127,0.1514173541666537,115.80205947916667,115.95347683333333
Acoustic Grand Piano,0,55,G3,127,0.17074722916666474,115.80205947916667,115.97280670833334
Acoustic Grand Piano,0,79,G5,127,0.1643039375000086,115.81172441666666,115.97602835416667
Acoustic Grand Piano,0,67,G4,127,0.1288658333333359,116.12744570833333,116.25631154166666
Acoustic Grand Piano,0,79,G5,127,0.1417524166666766,116.12744570833333,116.269198125
Acoustic Grand Piano,0,55,G3,127,0.17719052083333509,116.12744570833333,116.30463622916666
Acoustic Grand Piano,0,62,D4,127,0.12564418750000073,116.42705877083333,116.55270295833333
Acoustic Grand Piano,0,70,A#4,127,0.08054114583333671,116.56558954166667,116.6461306875
Acoustic Grand Piano,0,65,F4,127,0.05154633333333436,116.7427800625,116.79432639583334
Acoustic Grand Piano,0,55,G3,127,0.11920089583333038,116.89419741666667,117.0133983125
Acoustic Grand Piano,0,67,G4,127,0.12242254166666555,116.89419741666667,117.01661995833334
Acoustic Grand Piano,0,74,D5,127,0.05154633333333436,117.061723,117.11326933333333
Acoustic Grand Piano,0,70,A#4,127,0.012886583333340695,117.20347541666666,117.216362
Acoustic Grand Piano,0,62,D4,127,0.19007710416666157,117.04561477083334,117.235691875
Acoustic Grand Piano,0,68,G#4,127,0.08698443750000706,117.351671125,117.4386555625
Acoustic Grand Piano,0,56,G#3,127,0.10309266666666872,117.34522783333333,117.4483205
Acoustic Grand Piano,0,69,A4,127,0.17074722916666474,117.55141316666666,117.72216039583333
Acoustic Grand Piano,0,57,A3,127,0.16108229166667343,117.58040797916667,117.74149027083334
Acoustic Grand Piano,0,65,F4,127,0.09987102083333355,117.84780458333333,117.94767560416666
Acoustic Grand Piano,0,72,C5,127,0.11920089583333038,117.82847470833333,117.94767560416666
Acoustic Grand Piano,0,60,C4,127,0.09987102083333355,117.85102622916666,117.95089725
Acoustic Grand Piano,0,77,F5,127,0.12564418750000073,117.834918,117.9605621875
Acoustic Grand Piano,0,81,A5,127,0.038659749999993664,118.33749475,118.3761545
Acoustic Grand Piano,0,69,A4,127,0.09020608333332802,118.3084999375,118.39870602083333
Acoustic Grand Piano,0,57,A3,127,0.0934277291666632,118.3084999375,118.40192766666667
Acoustic Grand Piano,0,81,A5,127,0.07731950000000154,118.63066452083334,118.70798402083334
Acoustic Grand Piano,0,57,A3,127,0.10309266666666872,118.627442875,118.73053554166667
Acoustic Grand Piano,0,69,A4,127,0.1385307708333272,118.608113,118.74664377083333
Acoustic Grand Piano,0,72,C5,127,0.09664937499999837,118.93027758333334,119.02692695833333
Acoustic Grand Piano,0,60,C4,127,0.13208747916667107,118.917391,119.04947847916667
Acoustic Grand Piano,0,77,F5,127,0.06121127083332567,119.0816949375,119.14290620833333
Acoustic Grand Piano,0,65,F4,127,0.06443291666666084,119.0816949375,119.14612785416666
Acoustic Grand Piano,0,69,A4,127,0.13208747916667107,119.245998875,119.37808635416667
Acoustic Grand Piano,0,81,A5,127,0.13208747916667107,119.24922052083333,119.381308
Acoustic Grand Piano,0,57,A3,127,0.2126286250000078,119.23633393749999,119.4489625625
Acoustic Grand Piano,0,72,C5,127,0.09987102083333355,119.535947,119.63581802083333
Acoustic Grand Piano,0,77,F5,127,0.11597925000000942,119.535947,119.65192625
Acoustic Grand Piano,0,60,C4,127,0.19652039583333192,119.68736435416666,119.88388474999999
Acoustic Grand Piano,0,72,C5,127,0.08698443750000706,119.8355600625,119.9225445
Acoustic Grand Piano,0,67,G4,127,0.19007710416667578,120.01275058333333,120.2028276875
Acoustic Grand Piano,0,79,G5,127,0.20296368750000227,119.999864,120.2028276875
Acoustic Grand Piano,0,55,G3,127,0.32216458333333264,119.999864,120.32202858333333
Acoustic Grand Piano,0,59,B3,127,0.08054114583333671,120.33491516666666,120.4154563125
Acoustic Grand Piano,0,70,A#4,127,0.0934277291666632,120.32525022916667,120.41867795833333
Acoustic Grand Piano,0,62,D4,127,0.13853077083334142,120.309142,120.44767277083334
Acoustic Grand Piano,0,74,D5,127,0.14819570833333273,120.309142,120.45733770833333
Acoustic Grand Piano,0,65,F4,127,0.06121127083333988,120.60553341666666,120.6667446875
Acoustic Grand Piano,0,79,G5,127,0.10953595833333907,120.792388875,120.90192483333334
Acoustic Grand Piano,0,67,G4,127,0.12242254166666555,120.7827239375,120.90514647916666
Acoustic Grand Piano,0,55,G3,127,0.1514173541666679,120.76983735416667,120.92125470833334
Acoustic Grand Piano,0,67,G4,127,0.1385307708333272,121.09522358333334,121.23375435416666
Acoustic Grand Piano,0,55,G3,127,0.13530912500000625,121.10166687499999,121.236976
Acoustic Grand Piano,0,79,G5,127,0.15463900000000308,121.10166687499999,121.256305875
Acoustic Grand Piano,0,62,D4,127,0.14819570833333273,121.391615,121.53981070833333
Acoustic Grand Piano,0,58,A#3,127,0.06443291666666084,121.546254,121.61068691666667
Acoustic Grand Piano,0,70,A#4,127,0.07087620833333119,121.546254,121.61713020833334
Acoustic Grand Piano,0,79,G5,127,0.06121127083333988,121.75243933333333,121.81365060416667
Acoustic Grand Piano,0,67,G4,127,0.15786064583333825,121.71377958333333,121.87164022916667
Acoustic Grand Piano,0,55,G3,127,0.24162343750001014,121.700893,121.9425164375
Acoustic Grand Piano,0,74,D5,127,0.10631431249998968,122.0198359375,122.12615025
Acoustic Grand Piano,0,70,A#4,127,0.1063143125000039,122.03272252083333,122.13903683333334
Acoustic Grand Piano,0,56,G#3,127,0.19329874999999674,122.16481,122.35810875
Acoustic Grand Piano,0,68,G#4,127,0.0579896249999905,122.319449,122.377438625
Acoustic Grand Piano,0,57,A3,127,0.09020608333334224,122.5030828125,122.59328889583334
Acoustic Grand Piano,0,69,A4,127,0.1514173541666679,122.474088,122.62550535416666
Acoustic Grand Piano,0,77,F5,127,0.08054114583333671,122.628727,122.70926814583333
Acoustic Grand Piano,0,65,F4,127,0.12242254166666555,122.628727,122.75114954166666
Acoustic Grand Piano,0,72,C5,127,0.07731950000000154,122.79625258333333,122.87357208333333
Acoustic Grand Piano,0,60,C4,127,0.08698443750000706,122.79625258333333,122.88323702083333
Acoustic Grand Piano,0,55,G3,127,0.13208747916665686,122.96377816666667,123.09586564583333
Acoustic Grand Piano,0,67,G4,127,0.1417524166666766,122.96699981249999,123.10875222916667
Acoustic Grand Piano,0,79,G5,127,0.1643039374999944,122.957334875,123.1216388125
Acoustic Grand Piano,0,70,A#4,127,0.09987102083333355,123.2762778125,123.37614883333333
Acoustic Grand Piano,0,82,A#5,127,0.09342772916667741,123.29238604166666,123.38581377083334
Acoustic Grand Piano,0,58,A#3,127,0.17074722916666474,123.26339122916667,123.43413845833334
Acoustic Grand Piano,0,81,A5,127,0.11275760416667424,123.59199910416666,123.70475670833333
Acoustic Grand Piano,0,69,A4,127,0.13853077083334142,123.57266922916666,123.7112
Acoustic Grand Piano,0,57,A3,127,0.1514173541666679,123.575890875,123.72730822916667
Acoustic Grand Piano,0,77,F5,127,0.06121127083332567,123.8561740625,123.91738533333333
Acoustic Grand Piano,0,65,F4,127,0.09987102083333355,123.865839,123.96571002083333
Acoustic Grand Piano,0,72,C5,127,0.0934277291666632,123.98181825,124.07524597916667
Acoustic Grand Piano,0,60,C4,127,0.07409785416666637,124.01403470833333,124.0881325625
Acoustic Grand Piano,0,69,A4,127,0.14497406249999756,124.16867370833333,124.31364777083333
Acoustic Grand Piano,0,81,A5,127,0.1514173541666679,124.16867370833333,124.3200910625
Acoustic Grand Piano,0,57,A3,127,0.23195850000000462,124.175117,124.4070755
Acoustic Grand Piano,0,77,F5,127,0.09020608333334224,124.48439499999999,124.57460108333333
Acoustic Grand Piano,0,72,C5,127,0.1063143125000039,124.4747300625,124.581044375
Acoustic Grand Piano,0,57,A3,127,0.17719052083332087,124.63259070833334,124.80978122916666
Acoustic Grand Piano,0,72,C5,127,0.08054114583333671,124.774343125,124.85488427083334
Acoustic Grand Piano,0,67,G4,127,0.1868554583333406,124.967641875,125.15449733333334
Acoustic Grand Piano,0,79,G5,127,0.19329875000001095,124.96119858333333,125.15449733333334
Acoustic Grand Piano,0,55,G3,127,0.4091490208333255,124.948312,125.35746102083333
Acoustic Grand Piano,0,70,A#4,127,0.1288658333333217,125.276919875,125.40578570833333
Acoustic Grand Piano,0,62,D4,127,0.1288658333333359,125.28336316666666,125.412229
Acoustic Grand Piano,0,74,D5,127,0.1643039375000086,125.26403329166666,125.42833722916667
Acoustic Grand Piano,0,58,A#3,127,0.16108229166665922,125.27047658333333,125.431558875
Acoustic Grand Piano,0,65,F4,127,0.0483246875000134,125.57975458333333,125.62807927083334
Acoustic Grand Piano,0,53,F3,127,0.048324687499999186,125.59264116666667,125.64096585416667
Acoustic Grand Piano,0,66,F#4,127,0.09987102083333355,125.74405852083333,125.84392954166667
Acoustic Grand Piano,0,54,F#3,127,0.13208747916667107,125.74405852083333,125.876146
Acoustic Grand Piano,0,78,F#5,127,0.11920089583334459,125.75694510416666,125.876146
Acoustic Grand Piano,0,67,G4,127,0.14175241666666238,126.0404499375,126.18220235416666
Acoustic Grand Piano,0,79,G5,127,0.15463900000000308,126.04367158333334,126.19831058333334
Acoustic Grand Piano,0,55,G3,127,0.19652039583333192,126.04367158333334,126.24019197916667
Acoustic Grand Piano,0,74,D5,127,0.04188139583332884,126.37227945833334,126.41416085416667
Acoustic Grand Piano,0,62,D4,127,0.14175241666666238,126.36261452083333,126.5043669375
Acoustic Grand Piano,0,70,A#4,127,0.05476797916665532,126.52047516666667,126.57524314583333
Acoustic Grand Piano,0,79,G5,127,0.1385307708333272,126.68477910416667,126.82330987499999
Acoustic Grand Piano,0,55,G3,127,0.18041216666667026,126.64934099999999,126.82975316666666
Acoustic Grand Piano,0,67,G4,127,0.15786064583333825,126.68477910416667,126.84263975
Acoustic Grand Piano,0,68,G#4,127,0.10309266666666872,126.9876138125,127.09070647916667
Acoustic Grand Piano,0,80,G#5,127,0.12242254166666555,126.9876138125,127.11003635416667
Acoustic Grand Piano,0,56,G#3,127,0.1288658333333359,126.98439216666667,127.113258
Acoustic Grand Piano,0,79,G5,127,0.08054114583333671,127.30977839583333,127.39031954166667
Acoustic Grand Piano,0,81,A5,127,0.13208747916665686,127.29044852083334,127.422536
Acoustic Grand Piano,0,69,A4,127,0.14819570833333273,127.27434029166666,127.422536
Acoustic Grand Piano,0,57,A3,127,0.1739688749999999,127.27434029166666,127.44830916666666
Acoustic Grand Piano,0,77,F5,127,0.17074722916666474,127.5868399375,127.75758716666667
Acoustic Grand Piano,0,60,C4,127,0.1739688749999999,127.59006158333334,127.76403045833334
Acoustic Grand Piano,0,72,C5,127,0.21585027083332875,127.577175,127.79302527083333
Acoustic Grand Piano,0,65,F4,127,0.34471610416666465,127.59006158333334,127.9347776875
Acoustic Grand Piano,0,81,A5,127,0.05154633333333436,127.93799933333334,127.98954566666667
Acoustic Grand Piano,0,70,A#4,127,0.10309266666666872,127.905782875,128.00887554166667
Acoustic Grand Piano,0,58,A#3,127,0.1643039375000086,127.886453,128.0507569375
Acoustic Grand Piano,0,70,A#4,127,0.07731949999998733,128.1860660625,128.2633855625
Acoustic Grand Piano,0,58,A#3,127,0.07409785416666637,128.195731,128.26982885416666
Acoustic Grand Piano,0,57,A3,127,0.06443291666667506,128.35037,128.41480291666667
Acoustic Grand Piano,0,81,A5,127,0.0708762083333454,128.35037,128.42124620833334
Acoustic Grand Piano,0,69,A4,127,0.08698443749997864,128.3407050625,128.42768949999999
Acoustic Grand Piano,0,57,A3,127,0.14175241666666238,128.505009,128.64676141666666
Acoustic Grand Piano,0,69,A4,127,0.18363381250000543,128.505009,128.6886428125
Acoustic Grand Piano,0,81,A5,127,0.19007710416667578,128.505009,128.69508610416668
Acoustic Grand Piano,0,72,C5,127,0.1063143125000181,128.833616875,128.9399311875
Acoustic Grand Piano,0,60,C4,127,0.13208747916667107,128.83039522916667,128.96248270833334
Acoustic Grand Piano,0,77,F5,127,0.06443291666667506,128.96570435416666,129.03013727083334
Acoustic Grand Piano,0,65,F4,127,0.08376279166665768,128.98503422916667,129.06879702083333
Acoustic Grand Piano,0,70,A#4,127,0.11275760416666003,129.14611652083335,129.258874125
Acoustic Grand Piano,0,82,A#5,127,0.13208747916667107,129.15578145833334,129.2878689375
Acoustic Grand Piano,0,58,A#3,127,0.1643039374999944,129.15578145833334,129.32008539583333
Acoustic Grand Piano,0,81,A5,127,0.10953595833333907,129.45539452083332,129.56493047916666
Acoustic Grand Piano,0,69,A4,127,0.1288658333333217,129.4425079375,129.57137377083333
Acoustic Grand Piano,0,57,A3,127,0.14497406249998335,129.4425079375,129.587482
Acoustic Grand Piano,0,67,G4,127,0.1643039374999944,129.7324560625,129.89676
Acoustic Grand Piano,0,79,G5,127,0.18363381250000543,129.7324560625,129.916089875
Acoustic Grand Piano,0,55,G3,127,0.20618533333333744,129.73567770833333,129.94186304166666
Acoustic Grand Piano,0,62,D4,127,0.13530912499999204,130.04495570833333,130.18026483333333
Acoustic Grand Piano,0,70,A#4,127,0.06765456250002444,130.1963730625,130.264027625
Acoustic Grand Piano,0,58,A#3,127,0.06121127083332567,130.206038,130.26724927083333
Acoustic Grand Piano,0,53,F3,127,0.14175241666666238,130.360677,130.50242941666667
Acoustic Grand Piano,0,65,F4,127,0.12564418750000073,130.380006875,130.5056510625
Acoustic Grand Piano,0,77,F5,127,0.1514173541666537,130.360677,130.51209435416666
Acoustic Grand Piano,0,66,F#4,127,0.07087620833331698,130.69572816666667,130.766604375
Acoustic Grand Piano,0,54,F#3,127,0.13208747916667107,130.67639829166666,130.80848577083333
Acoustic Grand Piano,0,78,F#5,127,0.10953595833333907,130.70217145833334,130.81170741666668
Acoustic Grand Piano,0,69,A4,127,0.08698443750000706,130.979233,131.0662174375
Acoustic Grand Piano,0,67,G4,127,0.12564418750000073,130.979233,131.1048771875
Acoustic Grand Piano,0,55,G3,127,0.14497406250001177,130.979233,131.1242070625
Acoustic Grand Piano,0,79,G5,127,0.14819570833333273,130.979233,131.12742870833333
Acoustic Grand Piano,0,62,D4,127,0.12564418750000073,131.288511,131.4141551875
Acoustic Grand Piano,0,58,A#3,127,0.06765456249999602,131.423820125,131.4914746875
Acoustic Grand Piano,0,70,A#4,127,0.0708762083333454,131.423820125,131.49469633333334
Acoustic Grand Piano,0,77,F5,127,0.07087620833331698,131.63322710416668,131.7041033125
Acoustic Grand Piano,0,67,G4,127,0.14497406249998335,131.597789,131.7427630625
Acoustic Grand Piano,0,79,G5,127,0.14819570833333273,131.597789,131.74598470833334
Acoustic Grand Piano,0,55,G3,127,0.2094069791666584,131.59134570833334,131.8007526875
Acoustic Grand Piano,0,70,A#4,127,0.10953595833331065,131.907067,132.01660295833332
Acoustic Grand Piano,0,74,D5,127,0.12242254166665134,131.89418041666667,132.01660295833332
Acoustic Grand Piano,0,56,G#3,127,0.161082291666645,132.05526270833334,132.216345
Acoustic Grand Piano,0,68,G#4,127,0.05798962500000471,132.19379347916666,132.25178310416666
Acoustic Grand Piano,0,69,A4,127,0.1514173541666537,132.3613190625,132.51273641666666
Acoustic Grand Piano,0,57,A3,127,0.2222935624999991,132.33554589583332,132.55783945833332
Acoustic Grand Piano,0,65,F4,127,0.11275760416666003,132.66737541666666,132.78013302083332
Acoustic Grand Piano,0,77,F5,127,0.13530912499999204,132.67381870833333,132.80912783333332
Acoustic Grand Piano,0,72,C5,127,0.14175241666666238,132.67381870833333,132.815571125
Acoustic Grand Piano,0,60,C4,127,0.16108229166667343,132.67381870833333,132.834901
Acoustic Grand Piano,0,70,A#4,127,0.09987102083334776,133.1345140625,133.23438508333334
Acoustic Grand Piano,0,82,A#5,127,0.09664937499999837,133.14095735416666,133.23760672916666
Acoustic Grand Piano,0,58,A#3,127,0.15463900000000308,133.12162747916668,133.27626647916668
Acoustic Grand Piano,0,57,A3,127,0.1643039374999944,133.44057041666667,133.60487435416667
Acoustic Grand Piano,0,69,A4,127,0.16752558333331535,133.44057041666667,133.608096
Acoustic Grand Piano,0,81,A5,127,0.1868554583333264,133.44701370833334,133.63386916666667
Acoustic Grand Piano,0,72,C5,127,0.11597925000000942,133.76917829166666,133.88515754166667
Acoustic Grand Piano,0,60,C4,127,0.15786064583332404,133.76917829166666,133.9270389375
Acoustic Grand Piano,0,77,F5,127,0.06443291666667506,133.917374,133.98180691666667
Acoustic Grand Piano,0,65,F4,127,0.06443291666667506,133.93992552083333,134.0043584375
Acoustic Grand Piano,0,70,A#4,127,0.12242254166667976,134.10422945833332,134.226652
Acoustic Grand Piano,0,82,A#5,127,0.12564418750000073,134.11711604166666,134.24276022916666
Acoustic Grand Piano,0,58,A#3,127,0.16108229166667343,134.09456452083333,134.2556468125
Acoustic Grand Piano,0,69,A4,127,0.12564418750000073,134.39739922916667,134.52304341666667
Acoustic Grand Piano,0,81,A5,127,0.13853077083334142,134.39739922916667,134.53593
Acoustic Grand Piano,0,57,A3,127,0.14497406250001177,134.3909559375,134.53593
Acoustic Grand Piano,0,55,G3,127,0.06443291666664663,134.68412570833334,134.748558625
Acoustic Grand Piano,0,79,G5,127,0.06443291666664663,134.690569,134.75500191666666
Acoustic Grand Piano,0,67,G4,127,0.07087620833331698,134.68412570833334,134.75500191666666
Acoustic Grand Piano,0,67,G4,127,0.13530912499999204,134.864537875,134.999847
Acoustic Grand Piano,0,79,G5,127,0.15463900000000308,134.864537875,135.019176875
Acoustic Grand Piano,0,55,G3,127,0.24162343750001014,134.864537875,135.1061613125
Acoustic Grand Piano,0,58,A#3,127,0.12242254166665134,135.15770764583334,135.2801301875
Acoustic Grand Piano,0,70,A#4,127,0.1288658333333501,135.154486,135.28335183333334
Acoustic Grand Piano,0,62,D4,127,0.12564418750000073,135.16737258333333,135.29301677083333
Acoustic Grand Piano,0,74,D5,127,0.1514173541666537,135.1448210625,135.29623841666665
Acoustic Grand Piano,0,65,F4,127,0.07409785416666637,135.463764,135.53786185416666
Acoustic Grand Piano,0,53,F3,127,0.06121127083332567,135.483093875,135.54430514583333
Acoustic Grand Piano,0,66,F#4,127,0.11275760416668845,135.65061945833332,135.7633770625
Acoustic Grand Piano,0,54,F#3,127,0.17074722916666474,135.64095452083333,135.81170175
Acoustic Grand Piano,0,67,G4,127,0.11920089583333038,135.9566758125,136.07587670833334
Acoustic Grand Piano,0,55,G3,127,0.16752558333331535,135.95023252083334,136.11775810416665
Acoustic Grand Piano,0,74,D5,127,0.02577316666668139,136.2659538125,136.29172697916667
Acoustic Grand Piano,0,62,D4,127,0.13530912499999204,136.25306722916667,136.38837635416667
Acoustic Grand Piano,0,58,A#3,127,0.06121127083335409,136.391598,136.45280927083334
Acoustic Grand Piano,0,70,A#4,127,0.06443291666664663,136.40770622916668,136.47213914583332
Acoustic Grand Piano,0,79,G5,127,0.07409785416666637,136.62033485416666,136.69443270833332
Acoustic Grand Piano,0,67,G4,127,0.13208747916664265,136.57845345833334,136.71054093749999
Acoustic Grand Piano,0,55,G3,127,0.21262862499997937,136.57201016666667,136.78463879166665
Acoustic Grand Piano,0,74,D5,127,0.09987102083331933,136.874844875,136.97471589583333
Acoustic Grand Piano,0,70,A#4,127,0.1030926666666403,136.88128816666668,136.98438083333332
Acoustic Grand Piano,0,56,G#3,127,0.19329874999999674,137.010154,137.20345275
Acoustic Grand Piano,0,68,G#4,127,0.04188139583334305,137.164793,137.20667439583335
Acoustic Grand Piano,0,57,A3,127,0.08698443750000706,137.338761875,137.4257463125
Acoustic Grand Piano,0,69,A4,127,0.13530912499999204,137.319432,137.454741125
Acoustic Grand Piano,0,77,F5,127,0.06121127083335409,137.45796277083332,137.51917404166667
Acoustic Grand Piano,0,65,F4,127,0.12242254166665134,137.474071,137.59649354166666
Acoustic Grand Piano,0,72,C5,127,0.05476797916665532,137.62871,137.68347797916667
Acoustic Grand Piano,0,60,C4,127,0.06443291666667506,137.65448316666667,137.71891608333334
Acoustic Grand Piano,0,81,A5,127,0.12242254166667976,137.802678875,137.92510141666668
Acoustic Grand Piano,0,69,A4,127,0.12242254166667976,137.80590052083332,137.9283230625
Acoustic Grand Piano,0,57,A3,127,0.14497406250001177,137.80590052083332,137.95087458333333
Acoustic Grand Piano,0,70,A#4,127,0.09342772916667741,138.11517852083333,138.20860625
Acoustic Grand Piano,0,82,A#5,127,0.11275760416666003,138.1216218125,138.23437941666666
Acoustic Grand Piano,0,58,A#3,127,0.14819570833333273,138.09907029166666,138.247266
Acoustic Grand Piano,0,71,B4,127,0.09020608333332802,138.42445652083333,138.51466260416666
Acoustic Grand Piano,0,81,A5,127,0.09664937499999837,138.43412145833332,138.53077083333332
Acoustic Grand Piano,0,69,A4,127,0.12564418750000073,138.4115699375,138.537214125
Acoustic Grand Piano,0,57,A3,127,0.1514173541666537,138.41479158333334,138.5662089375
Acoustic Grand Piano,0,77,F5,127,0.04188139583331463,138.71762629166668,138.7595076875
Acoustic Grand Piano,0,65,F4,127,0.115979249999981,138.72406958333335,138.84004883333333
Acoustic Grand Piano,0,72,C5,127,0.06121127083332567,138.865822,138.92703327083333
Acoustic Grand Piano,0,60,C4,127,0.06121127083332567,138.8948168125,138.95602808333334
Acoustic Grand Piano,0,81,A5,127,0.1288658333333217,139.020461,139.14932683333333
Acoustic Grand Piano,0,69,A4,127,0.138530770833313,139.020461,139.15899177083332
Acoustic Grand Piano,0,57,A3,127,0.1288658333333217,139.03656922916667,139.1654350625
Acoustic Grand Piano,0,70,A#4,127,0.038659749999993664,139.34262558333333,139.38128533333332
Acoustic Grand Piano,0,58,A#3,127,0.06443291666667506,139.329739,139.39417191666666
Acoustic Grand Piano,0,71,B4,127,0.03221645833335174,139.484378,139.51659445833334
Acoustic Grand Piano,0,69,A4,127,0.14497406250001177,139.484378,139.6293520625
Acoustic Grand Piano,0,81,A5,127,0.15463900000000308,139.484378,139.639017
Acoustic Grand Piano,0,57,A3,127,0.17074722916666474,139.48115635416667,139.65190358333334
Acoustic Grand Piano,0,67,G4,127,0.15141735416668212,139.79687764583332,139.948295
Acoustic Grand Piano,0,55,G3,127,0.15141735416668212,139.79687764583332,139.948295
Acoustic Grand Piano,0,79,G5,127,0.17719052083333509,139.793656,139.97084652083333
Acoustic Grand Piano,0,62,D4,127,0.13208747916667107,140.102934,140.23502147916668
Acoustic Grand Piano,0,70,A#4,127,0.13530912499999204,140.102934,140.238243125
Acoustic Grand Piano,0,58,A#3,127,0.14175241666666238,140.102934,140.24468641666667
Acoustic Grand Piano,0,74,D5,127,0.14175241666666238,140.102934,140.24468641666667
Acoustic Grand Piano,0,65,F4,127,0.08376279166665768,140.412212,140.49597479166667
Acoustic Grand Piano,0,66,F#4,127,0.11597925000000942,140.57973758333333,140.69571683333334
Acoustic Grand Piano,0,54,F#3,127,0.14175241666666238,140.57973758333333,140.72149
Acoustic Grand Piano,0,55,G3,127,0.14497406250001177,140.86968570833332,141.01465977083333
Acoustic Grand Piano,0,67,G4,127,0.14819570833333273,140.876129,141.02432470833332
Acoustic Grand Piano,0,74,D5,127,0.028994812500002354,141.19829358333334,141.22728839583334
Acoustic Grand Piano,0,62,D4,127,0.13208747916667107,141.18862864583332,141.320716125
Acoustic Grand Piano,0,70,A#4,127,0.05476797916665532,141.33360270833333,141.3883706875
Acoustic Grand Piano,0,58,A#3,127,0.04510304166666401,141.3497109375,141.39481397916666
Acoustic Grand Piano,0,67,G4,127,0.12564418750000073,141.50757158333334,141.63321577083335
Acoustic Grand Piano,0,55,G3,127,0.21585027083335717,141.49146335416665,141.707313625
Acoustic Grand Piano,0,74,D5,127,0.09342772916664899,141.803963,141.89739072916666
Acoustic Grand Piano,0,70,A#4,127,0.09342772916667741,141.8136279375,141.90705566666668
Acoustic Grand Piano,0,56,G#3,127,0.19007710416667578,141.9489370625,142.13901416666667
Acoustic Grand Piano,0,68,G#4,127,0.05154633333333436,142.1035760625,142.15512239583333
Acoustic Grand Piano,0,57,A3,127,0.07731949999998733,142.28076658333333,142.35808608333332
Acoustic Grand Piano,0,69,A4,127,0.1288658333333501,142.25177177083333,142.38063760416668
Acoustic Grand Piano,0,77,F5,127,0.038659749999993664,142.40641077083333,142.44507052083333
Acoustic Grand Piano,0,65,F4,127,0.1063143125000181,142.422519,142.5288333125
Acoustic Grand Piano,0,72,C5,127,0.054767979166683745,142.56427141666666,142.61903939583334
Acoustic Grand Piano,0,60,C4,127,0.04188139583334305,142.5868229375,142.62870433333333
Acoustic Grand Piano,0,81,A5,127,0.10953595833333907,142.72535370833333,142.83488966666667
Acoustic Grand Piano,0,69,A4,127,0.17074722916666474,142.72857535416668,142.89932258333334
Acoustic Grand Piano,0,57,A3,127,0.17074722916666474,142.72857535416668,142.89932258333334
Acoustic Grand Piano,0,58,A#3,127,0.05798962500000471,143.021745125,143.07973475
Acoustic Grand Piano,0,70,A#4,127,0.048324687499984975,143.03463170833334,143.08295639583332
Acoustic Grand Piano,0,57,A3,127,0.06765456249999602,143.18927070833334,143.25692527083334
Acoustic Grand Piano,0,69,A4,127,0.07731949999998733,143.195714,143.2730335
Acoustic Grand Piano,0,57,A3,127,0.13208747916667107,143.3600179375,143.49210541666667
Acoustic Grand Piano,0,81,A5,127,0.12242254166667976,143.37612616666667,143.49854870833335
Acoustic Grand Piano,0,69,A4,127,0.19007710416664736,143.350353,143.54043010416666
Acoustic Grand Piano,0,65,F4,127,0.10953595833333907,143.6886258125,143.79816177083333
Acoustic Grand Piano,0,72,C5,127,0.0483246875000134,143.83682152083333,143.88514620833334
Acoustic Grand Piano,0,60,C4,127,0.0354381041666727,143.8625946875,143.89803279166668
Acoustic Grand Piano,0,57,A3,127,0.13208747916664265,143.97213064583335,144.104218125
Acoustic Grand Piano,0,69,A4,127,0.14497406249998335,143.96568735416668,144.11066141666666
Acoustic Grand Piano,0,58,A#3,127,0.09664937499999837,144.123548,144.220197375
Acoustic Grand Piano,0,70,A#4,127,0.09664937499999837,144.12676964583332,144.22341902083332
Acoustic Grand Piano,0,69,A4,127,0.16108229166667343,144.258857125,144.41993941666667
Acoustic Grand Piano,0,57,A3,127,0.15786064583335246,144.27496535416665,144.432826
Acoustic Grand Piano,0,69,A4,127,0.09342772916667741,144.58424335416666,144.67767108333334
Acoustic Grand Piano,0,67,G4,127,0.14497406249998335,144.57457841666667,144.71955247916665
Acoustic Grand Piano,0,79,G5,127,0.14497406249998335,144.587465,144.7324390625
Acoustic Grand Piano,0,55,G3,127,0.14819570833333273,144.587465,144.73566070833334
Acoustic Grand Piano,0,74,D5,127,0.02577316666665297,144.91285122916668,144.93862439583333
Acoustic Grand Piano,0,62,D4,127,0.11275760416668845,144.90318629166666,145.01594389583335
Acoustic Grand Piano,0,58,A#3,127,0.038659749999993664,145.08359845833334,145.12225820833334
Acoustic Grand Piano,0,70,A#4,127,0.09020608333332802,145.04816035416667,145.1383664375
Acoustic Grand Piano,0,53,F3,127,0.1643039374999944,145.206021,145.3703249375
Acoustic Grand Piano,0,65,F4,127,0.18363381250000543,145.206021,145.3896548125
Acoustic Grand Piano,0,54,F#3,127,0.05476797916665532,145.51207735416668,145.56684533333333
Acoustic Grand Piano,0,66,F#4,127,0.06121127083332567,145.52818558333334,145.58939685416667
Acoustic Grand Piano,0,67,G4,127,0.06443291666667506,145.68604622916666,145.75047914583334
Acoustic Grand Piano,0,55,G3,127,0.12242254166665134,145.83746358333335,145.959886125
Acoustic Grand Piano,0,67,G4,127,0.14497406249998335,145.83102029166668,145.97599435416666
Acoustic Grand Piano,0,74,D5,127,0.04188139583334305,146.15962816666666,146.2015095625
Acoustic Grand Piano,0,62,D4,127,0.13208747916667107,146.1435199375,146.27560741666667
Acoustic Grand Piano,0,58,A#3,127,0.04188139583331463,146.30460222916668,146.346483625
Acoustic Grand Piano,0,70,A#4,127,0.06765456249999602,146.30138058333333,146.36903514583332
Acoustic Grand Piano,0,55,G3,127,0.14175241666666238,146.443133,146.58488541666665
Acoustic Grand Piano,0,79,G5,127,0.11920089583333038,146.4721278125,146.59132870833332
Acoustic Grand Piano,0,67,G4,127,0.12564418750000073,146.4721278125,146.597772
Acoustic Grand Piano,0,68,G#4,127,0.07409785416666637,146.76851922916666,146.84261708333332
Acoustic Grand Piano,0,80,G#5,127,0.10309266666666872,146.76851922916666,146.87161189583333
Acoustic Grand Piano,0,56,G#3,127,0.10631431249998968,146.76529758333334,146.87161189583333
Acoustic Grand Piano,0,57,A3,127,0.12564418750000073,147.06813229166667,147.19377647916667
Acoustic Grand Piano,0,81,A5,127,0.16752558333331535,147.06813229166667,147.235657875
Acoustic Grand Piano,0,69,A4,127,0.19007710416667578,147.05846735416665,147.24854445833333
Acoustic Grand Piano,0,77,F5,127,0.09664937499999837,147.370967,147.467616375
Acoustic Grand Piano,0,65,F4,127,0.10309266666666872,147.370967,147.47405966666668
Acoustic Grand Piano,0,72,C5,127,0.07087620833331698,147.525606,147.59648220833333
Acoustic Grand Piano,0,60,C4,127,0.07409785416666637,147.525606,147.59970385416668
Acoustic Grand Piano,0,81,A5,127,0.11275760416668845,147.68024499999999,147.79300260416667
Acoustic Grand Piano,0,57,A3,127,0.12564418750000073,147.68024499999999,147.8058891875
Acoustic Grand Piano,0,69,A4,127,0.1288658333333501,147.68024499999999,147.80911083333334
Acoustic Grand Piano,0,70,A#4,127,0.08698443749997864,147.99274464583334,148.07972908333332
Acoustic Grand Piano,0,82,A#5,127,0.10953595833331065,147.99274464583334,148.10228060416665
Acoustic Grand Piano,0,58,A#3,127,0.12564418750000073,147.989523,148.1151671875
Acoustic Grand Piano,0,57,A3,127,0.14819570833333273,148.28269277083334,148.43088847916667
Acoustic Grand Piano,0,69,A4,127,0.138530770833313,148.29557935416668,148.434110125
Acoustic Grand Piano,0,81,A5,127,0.14819570833333273,148.298801,148.44699670833333
Acoustic Grand Piano,0,65,F4,127,0.10953595833331065,148.61452229166667,148.72405824999998
Acoustic Grand Piano,0,72,C5,127,0.06765456249999602,148.743388125,148.8110426875
Acoustic Grand Piano,0,60,C4,127,0.05154633333333436,148.7723829375,148.82392927083333
Acoustic Grand Piano,0,81,A5,127,0.1288658333333217,148.917357,149.04622283333333
Acoustic Grand Piano,0,69,A4,127,0.13208747916667107,148.92057864583333,149.052666125
Acoustic Grand Piano,0,57,A3,127,0.14175241666666238,148.92057864583333,149.0623310625
Acoustic Grand Piano,0,82,A#5,127,0.09664937499999837,149.22019170833335,149.31684108333334
Acoustic Grand Piano,0,70,A#4,127,0.10631431249998968,149.22019170833335,149.32650602083334
Acoustic Grand Piano,0,58,A#3,127,0.14175241666666238,149.22019170833335,149.361944125
Acoustic Grand Piano,0,55,G3,127,0.14819570833333273,149.51980477083333,149.66800047916666
Acoustic Grand Piano,0,79,G5,127,0.1643039375000228,149.52302641666665,149.68733035416668
Acoustic Grand Piano,0,67,G4,127,0.16108229166667343,149.52946970833332,149.690552
Acoustic Grand Piano,0,74,D5,127,0.05476797916665532,149.83874770833333,149.89351568749998
Acoustic Grand Piano,0,62,D4,127,0.11920089583333038,149.845191,149.96439189583333
Acoustic Grand Piano,0,58,A#3,127,0.045103041666692434,149.99660835416665,150.04171139583335
Acoustic Grand Piano,0,70,A#4,127,0.0708762083333454,149.980500125,150.05137633333334
Acoustic Grand Piano,0,77,F5,127,0.13853077083334142,150.15124735416666,150.289778125
Acoustic Grand Piano,0,65,F4,127,0.13853077083334142,150.15769064583333,150.29622141666667
Acoustic Grand Piano,0,53,F3,127,0.15786064583332404,150.14158241666667,150.2994430625
Acoustic Grand Piano,0,66,F#4,127,0.07087620833331698,150.4734119375,150.54428814583332
Acoustic Grand Piano,0,54,F#3,127,0.09987102083331933,150.4734119375,150.57328295833332
Acoustic Grand Piano,0,78,F#5,127,0.10631431249998968,150.4734119375,150.57972625
Acoustic Grand Piano,0,55,G3,127,0.15786064583335246,150.773025,150.93088564583334
Acoustic Grand Piano,0,67,G4,127,0.18685545833335482,150.773025,150.95988045833334
Acoustic Grand Piano,0,79,G5,127,0.19007710416667578,150.773025,150.96310210416667
Acoustic Grand Piano,0,74,D5,127,0.02577316666668139,151.11451945833332,151.140292625
Acoustic Grand Piano,0,62,D4,127,0.08698443750000706,151.09841122916666,151.18539566666666
Acoustic Grand Piano,0,70,A#4,127,0.0708762083333454,151.236942,151.30781820833334
Acoustic Grand Piano,0,58,A#3,127,0.07409785416666637,151.236942,151.31103985416667
Acoustic Grand Piano,0,79,G5,127,0.13208747916667107,151.43024075,151.56232822916667
Acoustic Grand Piano,0,67,G4,127,0.14175241666666238,151.42379745833333,151.565549875
Acoustic Grand Piano,0,55,G3,127,0.14819570833333273,151.42379745833333,151.57199316666666
Acoustic Grand Piano,0,68,G#4,127,0.09664937499999837,151.73307545833333,151.82972483333333
Acoustic Grand Piano,0,80,G#5,127,0.10953595833333907,151.73629710416665,151.8458330625
Acoustic Grand Piano,0,56,G#3,127,0.1288658333333217,151.72341052083334,151.85227635416666
Acoustic Grand Piano,0,69,A4,127,0.05154633333333436,152.0004720625,152.05201839583333
Acoustic Grand Piano,0,69,A4,127,0.10953595833333907,152.164776,152.27431195833333
Acoustic Grand Piano,0,57,A3,127,0.10953595833333907,152.164776,152.27431195833333
Acoustic Grand Piano,0,77,F5,127,0.05798962500000471,152.319415,152.377404625
Acoustic Grand Piano,0,65,F4,127,0.11275760416666003,152.3097500625,152.42250766666666
Acoustic Grand Piano,0,72,C5,127,0.0354381041666727,152.474054,152.50949210416667
Acoustic Grand Piano,0,60,C4,127,0.08054114583333671,152.46761070833332,152.54815185416666
Acoustic Grand Piano,0,81,A5,127,0.11275760416666003,152.65124452083333,152.764002125
Acoustic Grand Piano,0,57,A3,127,0.11597925000000942,152.65124452083333,152.76722377083334
Acoustic Grand Piano,0,69,A4,127,0.12242254166667976,152.65124452083333,152.7736670625
Acoustic Grand Piano,0,70,A#4,127,0.09664937499999837,152.96052252083334,153.05717189583333
Acoustic Grand Piano,0,82,A#5,127,0.09342772916664899,152.97340910416668,153.06683683333333
Acoustic Grand Piano,0,58,A#3,127,0.1288658333333501,152.96374416666666,153.09261
Acoustic Grand Piano,0,81,A5,127,0.08698443750000706,153.27624381249998,153.36322825
Acoustic Grand Piano,0,57,A3,127,0.15463900000000308,153.24402735416666,153.39866635416666
Acoustic Grand Piano,0,69,A4,127,0.138530770833313,153.26335722916667,153.40188799999999
Acoustic Grand Piano,0,77,F5,127,0.028994812500002354,153.56941358333333,153.59840839583333
Acoustic Grand Piano,0,65,F4,127,0.08054114583333671,153.57907852083332,153.65961966666666
Acoustic Grand Piano,0,72,C5,127,0.05154633333333436,153.67250625,153.72405258333333
Acoustic Grand Piano,0,60,C4,127,0.10309266666666872,153.7015010625,153.80459372916667
Acoustic Grand Piano,0,81,A5,127,0.03221645833332332,153.82714525,153.85936170833332
Acoustic Grand Piano,0,69,A4,127,0.15786064583332404,153.79170714583333,153.94956779166665
Acoustic Grand Piano,0,57,A3,127,0.2996130624999864,153.78204220833334,154.08165527083332
Acoustic Grand Piano,0,77,F5,127,0.05798962500000471,154.17186135416665,154.22985097916666
Acoustic Grand Piano,0,72,C5,127,0.12564418750000073,154.175083,154.3007271875
Acoustic Grand Piano,0,57,A3,127,0.2222935624999991,154.32327870833333,154.54557227083333
Acoustic Grand Piano,0,67,G4,127,0.1739688749999857,154.639,154.812968875
Acoustic Grand Piano,0,55,G3,127,0.19007710416667578,154.64222164583333,154.83229875
Acoustic Grand Piano,0,79,G5,127,0.1965203958333177,154.639,154.83552039583333
Acoustic Grand Piano,0,62,D4,127,0.06443291666667506,154.948278,155.01271091666666
Acoustic Grand Piano,0,70,A#4,127,0.06443291666664663,154.96438622916668,155.02881914583332
Acoustic Grand Piano,0,77,F5,127,0.14175241666666238,155.11580358333333,155.257556
Acoustic Grand Piano,0,53,F3,127,0.1643039374999944,155.0932520625,155.257556
Acoustic Grand Piano,0,65,F4,127,0.14819570833333273,155.12869016666667,155.276885875
Acoustic Grand Piano,0,66,F#4,127,0.09987102083331933,155.42508158333334,155.52495260416666
Acoustic Grand Piano,0,54,F#3,127,0.1288658333333501,155.42830322916666,155.5571690625
Acoustic Grand Piano,0,78,F#5,127,0.1288658333333217,155.43796816666668,155.566834
Acoustic Grand Piano,0,67,G4,127,0.14175241666666238,155.721473,155.86322541666667
Acoustic Grand Piano,0,55,G3,127,0.15463900000000308,155.71825135416665,155.87289035416666
Acoustic Grand Piano,0,62,D4,127,0.06121127083332567,156.02752935416666,156.08874062499999
Acoustic Grand Piano,0,74,D5,127,0.06443291666667506,156.03397264583333,156.0984055625
Acoustic Grand Piano,0,70,A#4,127,0.07409785416666637,156.11129214583335,156.18539
Acoustic Grand Piano,0,58,A#3,127,0.1063143125000181,156.12417872916666,156.23049304166668
Acoustic Grand Piano,0,67,G4,127,0.20296368749998805,156.21116316666667,156.41412685416665
Acoustic Grand Piano,0,55,G3,127,0.3382728125000085,156.204719875,156.5429926875
Acoustic Grand Piano,0,74,D5,127,0.12564418750000073,156.63642041666665,156.76206460416665
Acoustic Grand Piano,0,70,A#4,127,0.1288658333333501,156.64286370833332,156.77172954166667
Acoustic Grand Piano,0,68,G#4,127,0.038659749999993664,156.95536335416668,156.99402310416667
Acoustic Grand Piano,0,56,G#3,127,0.24162343750001014,156.78783777083333,157.02946120833334
Acoustic Grand Piano,0,69,A4,127,0.16108229166667343,157.113224,157.27430629166668
Acoustic Grand Piano,0,57,A3,127,0.1965203958333177,157.113224,157.30974439583332
Acoustic Grand Piano,0,77,F5,127,0.13208747916667107,157.41928035416666,157.55136783333333
Acoustic Grand Piano,0,72,C5,127,0.13530912499999204,157.41928035416666,157.55458947916665
Acoustic Grand Piano,0,65,F4,127,0.17396887500001412,157.41928035416666,157.59324922916667
Acoustic Grand Piano,0,60,C4,127,0.20296368750001648,157.41928035416666,157.62224404166668
Acoustic Grand Piano,0,70,A#4,127,0.0708762083333454,157.89286229166666,157.9637385
Acoustic Grand Piano,0,82,A#5,127,0.07087620833331698,157.91219216666667,157.983068375
Acoustic Grand Piano,0,58,A#3,127,0.14497406250001177,157.87997570833332,158.02494977083333
Acoustic Grand Piano,0,69,A4,127,0.11920089583333038,158.195697,158.31489789583333
Acoustic Grand Piano,0,57,A3,127,0.13530912499999204,158.19247535416667,158.32778447916667
Acoustic Grand Piano,0,65,F4,127,0.08054114583333671,158.49208841666666,158.5726295625
Acoustic Grand Piano,0,77,F5,127,0.09020608333332802,158.485645125,158.57585120833332
Acoustic Grand Piano,0,72,C5,127,0.0708762083333454,158.57585120833332,158.64672741666666
Acoustic Grand Piano,0,60,C4,127,0.08054114583333671,158.61451095833334,158.69505210416668
Acoustic Grand Piano,0,69,A4,127,0.2577316666666718,158.678943875,158.93667554166666
Acoustic Grand Piano,0,57,A3,127,0.38015420833335156,158.64994906249999,159.03010327083334
Acoustic Grand Piano,0,72,C5,127,0.13208747916667107,159.06876302083333,159.2008505
Acoustic Grand Piano,0,57,A3,127,0.2480667291666805,159.21695872916666,159.46502545833334
Acoustic Grand Piano,0,79,G5,127,0.19007710416664736,159.58422635416667,159.77430345833332
Acoustic Grand Piano,0,67,G4,127,0.19652039583334613,159.58100470833332,159.77752510416667
Acoustic Grand Piano,0,55,G3,127,0.2190719166666497,159.58422635416667,159.80329827083332
Acoustic Grand Piano,0,62,D4,127,0.13530912499999204,159.88383941666666,160.01914854166665
Acoustic Grand Piano,0,70,A#4,127,0.11597925000000942,159.9063909375,160.0223701875
Acoustic Grand Piano,0,58,A#3,127,0.14497406250001177,159.88383941666666,160.02881347916667
Acoustic Grand Piano,0,74,D5,127,0.14175241666666238,159.896726,160.03847841666666
Acoustic Grand Piano,0,65,F4,127,0.06121127083332567,160.206004,160.26721527083333
Acoustic Grand Piano,0,53,F3,127,0.07731949999998733,160.19311741666667,160.27043691666665
Acoustic Grand Piano,0,66,F#4,127,0.13208747916667107,160.37675122916667,160.50883870833334
Acoustic Grand Piano,0,54,F#3,127,0.20296368750001648,160.35742135416666,160.56038504166668
Acoustic Grand Piano,0,55,G3,127,0.1288658333333217,160.69569416666667,160.82456
Acoustic Grand Piano,0,67,G4,127,0.13853077083334142,160.69569416666667,160.8342249375
Acoustic Grand Piano,0,74,D5,127,0.05154633333333436,160.98886393749999,161.04041027083332
Acoustic Grand Piano,0,62,D4,127,0.14175241666666238,160.99530722916666,161.13705964583332
Acoustic Grand Piano,0,70,A#4,127,0.06443291666664663,161.13061635416668,161.19504927083332
Acoustic Grand Piano,0,58,A#3,127,0.06443291666667506,161.13705964583332,161.2014925625
Acoustic Grand Piano,0,55,G3,127,0.13853077083334142,161.30458522916666,161.443116
Acoustic Grand Piano,0,67,G4,127,0.14175241666666238,161.30458522916666,161.44633764583332
Acoustic Grand Piano,0,79,G5,127,0.1643039374999944,161.30458522916666,161.46888916666666
Acoustic Grand Piano,0,68,G#4,127,0.08698443750000706,161.62352816666666,161.71051260416667
Acoustic Grand Piano,0,80,G#5,127,0.11920089583333038,161.62352816666666,161.7427290625
Acoustic Grand Piano,0,56,G#3,127,0.13208747916667107,161.62030652083334,161.752394
Acoustic Grand Piano,0,69,A4,127,0.02577316666665297,161.907033,161.93280616666667
Acoustic Grand Piano,0,57,A3,127,0.09987102083334776,162.061672,162.16154302083334
Acoustic Grand Piano,0,69,A4,127,0.12242254166665134,162.05522870833335,162.17765125
Acoustic Grand Piano,0,77,F5,127,0.0708762083333454,162.2066460625,162.27752227083334
Acoustic Grand Piano,0,65,F4,127,0.10309266666666872,162.216311,162.31940366666666
Acoustic Grand Piano,0,72,C5,127,0.05798962500000471,162.35484177083333,162.41283139583334
Acoustic Grand Piano,0,60,C4,127,0.05798962500000471,162.36772835416667,162.42571797916668
Acoustic Grand Piano,0,81,A5,127,0.11920089583333038,162.525589,162.64478989583333
Acoustic Grand Piano,0,57,A3,127,0.12242254166667976,162.525589,162.64801154166668
Acoustic Grand Piano,0,69,A4,127,0.13208747916667107,162.525589,162.65767647916667
Acoustic Grand Piano,0,82,A#5,127,0.07409785416666637,162.86708345833333,162.9411813125
Acoustic Grand Piano,0,70,A#4,127,0.09664937499999837,162.8445319375,162.9411813125
Acoustic Grand Piano,0,58,A#3,127,0.09342772916667741,162.85097522916666,162.94440295833334
Acoustic Grand Piano,0,69,A4,127,0.11275760416666003,163.144145,163.25690260416667
Acoustic Grand Piano,0,57,A3,127,0.115979249999981,163.144145,163.26012425
Acoustic Grand Piano,0,77,F5,127,0.05476797916665532,163.42764983333333,163.4824178125
Acoustic Grand Piano,0,65,F4,127,0.0708762083333454,163.43087147916665,163.5017476875
Acoustic Grand Piano,0,72,C5,127,0.08054114583333671,163.51463427083334,163.59517541666668
Acoustic Grand Piano,0,60,C4,127,0.04510304166666401,163.56295895833333,163.608062
Acoustic Grand Piano,0,69,A4,127,0.22873685416666945,163.5983970625,163.82713391666667
Acoustic Grand Piano,0,57,A3,127,0.3769325625000022,163.56618060416668,163.94311316666668
Acoustic Grand Piano,0,72,C5,127,0.09987102083334776,164.03009760416666,164.129968625
Acoustic Grand Piano,0,77,F5,127,0.10953595833333907,164.03009760416666,164.1396335625
Acoustic Grand Piano,0,57,A3,127,0.2319584999999904,164.18151495833334,164.41347345833333
Acoustic Grand Piano,0,67,G4,127,0.16752558333334377,164.5262310625,164.69375664583333
Acoustic Grand Piano,0,79,G5,127,0.18041216666665605,164.535896,164.71630816666666
Acoustic Grand Piano,0,55,G3,127,0.1965203958333177,164.535896,164.73241639583333
Acoustic Grand Piano,0,70,A#4,127,0.13530912500002046,164.845174,164.980483125
Acoustic Grand Piano,0,62,D4,127,0.14497406250001177,164.84195235416666,164.98692641666668
Acoustic Grand Piano,0,74,D5,127,0.15786064583332404,164.84195235416666,164.999813
Acoustic Grand Piano,0,58,A#3,127,0.15786064583332404,164.84195235416666,164.999813
Acoustic Grand Piano,0,65,F4,127,0.09987102083334776,165.154452,165.25432302083334
Acoustic Grand Piano,0,66,F#4,127,0.1643039375000228,165.3187559375,165.483059875
Acoustic Grand Piano,0,54,F#3,127,0.19007710416667578,165.3187559375,165.50883304166666
Acoustic Grand Piano,0,67,G4,127,0.14819570833333273,165.637698875,165.78589458333335
Acoustic Grand Piano,0,55,G3,127,0.1868554583333264,165.6280339375,165.81488939583332
Acoustic Grand Piano,0,62,D4,127,0.1288658333333217,165.927647,166.05651283333333
Acoustic Grand Piano,0,58,A#3,127,0.0354381041666727,166.09839422916667,166.13383233333334
Acoustic Grand Piano,0,70,A#4,127,0.07409785416666637,166.07584270833334,166.1499405625
Acoustic Grand Piano,0,65,F4,127,0.05476797916665532,166.2465899375,166.30135791666666
Acoustic Grand Piano,0,67,G4,127,0.13208747916667107,166.4012289375,166.53331641666668
Acoustic Grand Piano,0,55,G3,127,0.13208747916667107,166.4012289375,166.53331641666668
Acoustic Grand Piano,0,74,D5,127,0.0708762083333454,166.55908958333333,166.62996579166668
Acoustic Grand Piano,0,58,A#3,127,0.05798962500000471,166.700842,166.758831625
Acoustic Grand Piano,0,70,A#4,127,0.07731949999998733,166.69762035416667,166.77493985416666
Acoustic Grand Piano,0,62,D4,127,0.25451002083335084,166.546203,166.80071302083334
Acoustic Grand Piano,0,68,G#4,127,0.04188139583334305,166.8651459375,166.90702733333333
Acoustic Grand Piano,0,56,G#3,127,0.05476797916665532,166.86836758333334,166.9231355625
Acoustic Grand Piano,0,71,B4,127,0.11597925000000942,167.03267152083333,167.14865077083334
Acoustic Grand Piano,0,69,A4,127,0.1514173541666537,167.01012,167.16153735416665
Acoustic Grand Piano,0,57,A3,127,0.18685545833335482,167.01334164583332,167.20019710416668
Acoustic Grand Piano,0,77,F5,127,0.1739688749999857,167.319398,167.493366875
Acoustic Grand Piano,0,72,C5,127,0.17719052083333509,167.319398,167.49658852083334
Acoustic Grand Piano,0,65,F4,127,0.20618533333333744,167.319398,167.52558333333334
Acoustic Grand Piano,0,60,C4,127,0.2190719166666497,167.319398,167.53846991666666
Acoustic Grand Piano,0,69,A4,127,0.09664937499999837,167.81875310416666,167.91540247916666
Acoustic Grand Piano,0,81,A5,127,0.10309266666666872,167.81875310416666,167.92184577083333
Acoustic Grand Piano,0,57,A3,127,0.09987102083334776,167.82841804166665,167.9282890625
Acoustic Grand Piano,0,57,A3,127,0.14497406250001177,168.1215878125,168.266561875
Acoustic Grand Piano,0,69,A4,127,0.15463900000000308,168.11836616666668,168.27300516666668
Acoustic Grand Piano,0,81,A5,127,0.16752558333331535,168.12480945833335,168.29233504166666
Acoustic Grand Piano,0,72,C5,127,0.08054114583333671,168.43730910416667,168.51785025
Acoustic Grand Piano,0,60,C4,127,0.13530912499999204,168.421200875,168.55651
Acoustic Grand Piano,0,77,F5,127,0.0483246875000134,168.58228316666666,168.63060785416667
Acoustic Grand Piano,0,65,F4,127,0.0708762083333454,168.57583987499999,168.64671608333333
Acoustic Grand Piano,0,69,A4,127,0.14497406250001177,168.74336545833333,168.88833952083334
Acoustic Grand Piano,0,57,A3,127,0.16108229166667343,168.73370052083334,168.8947828125
Acoustic Grand Piano,0,81,A5,127,0.15463899999997466,168.74658710416668,168.90122610416665
Acoustic Grand Piano,0,72,C5,127,0.09020608333332802,169.04297852083334,169.13318460416667
Acoustic Grand Piano,0,60,C4,127,0.12564418750000073,169.03653522916667,169.16217941666667
Acoustic Grand Piano,0,77,F5,127,0.0483246875000134,169.175066,169.2233906875
Acoustic Grand Piano,0,65,F4,127,0.08698443750000706,169.20083916666667,169.28782360416668
Acoustic Grand Piano,0,81,A5,127,0.038659749999993664,169.36836475,169.4070245
Acoustic Grand Piano,0,69,A4,127,0.08698443750000706,169.34259158333333,169.42957602083334
Acoustic Grand Piano,0,67,G4,127,0.19329874999999674,169.5133388125,169.7066375625
Acoustic Grand Piano,0,79,G5,127,0.1965203958333177,169.51011716666667,169.7066375625
Acoustic Grand Piano,0,55,G3,127,0.2673966041666631,169.52622539583334,169.793622
Acoustic Grand Piano,0,70,A#4,127,0.12242254166665134,169.8226168125,169.94503935416665
Acoustic Grand Piano,0,74,D5,127,0.13853077083334142,169.80973022916666,169.948261
Acoustic Grand Piano,0,62,D4,127,0.13853077083334142,169.80973022916666,169.948261
Acoustic Grand Piano,0,58,A#3,127,0.15786064583332404,169.80973022916666,169.96759087499998
Acoustic Grand Piano,0,53,F3,127,0.08054114583333671,170.1029,170.18344114583334
Acoustic Grand Piano,0,65,F4,127,0.115979249999981,170.1029,170.21887925
Acoustic Grand Piano,0,66,F#4,127,0.15463900000000308,170.257539,170.412178
Acoustic Grand Piano,0,54,F#3,127,0.17396887500001412,170.25431735416666,170.42828622916667
Acoustic Grand Piano,0,55,G3,127,0.15463900000000308,170.566817,170.721456
Acoustic Grand Piano,0,67,G4,127,0.15463900000000308,170.566817,170.721456
Acoustic Grand Piano,0,74,D5,127,0.04510304166666401,170.88253829166666,170.92764133333333
Acoustic Grand Piano,0,62,D4,127,0.13530912499999204,170.88253829166666,171.01784741666665
Acoustic Grand Piano,0,70,A#4,127,0.06765456249999602,171.030734,171.0983885625
Acoustic Grand Piano,0,58,A#3,127,0.06121127083332567,171.04362058333334,171.10483185416666
Acoustic Grand Piano,0,67,G4,127,0.17074722916666474,171.19825958333334,171.3690068125
Acoustic Grand Piano,0,55,G3,127,0.22551520833332006,171.18215135416668,171.4076665625
Acoustic Grand Piano,0,70,A#4,127,0.09342772916667741,171.513980875,171.60740860416666
Acoustic Grand Piano,0,74,D5,127,0.1030926666666403,171.50753758333335,171.61063024999999
Acoustic Grand Piano,0,56,G#3,127,0.19007710416667578,171.63640341666667,171.82648052083334
Acoustic Grand Piano,0,68,G#4,127,0.038659749999993664,171.80715064583333,171.84581039583333
Acoustic Grand Piano,0,57,A3,127,0.09987102083334776,171.95856799999999,172.05843902083333
Acoustic Grand Piano,0,69,A4,127,0.15463900000000308,171.94245977083332,172.09709877083333
Acoustic Grand Piano,0,77,F5,127,0.08054114583330829,172.10032041666668,172.18086156249998
Acoustic Grand Piano,0,65,F4,127,0.11920089583333038,172.10032041666668,172.2195213125
Acoustic Grand Piano,0,72,C5,127,0.06443291666667506,172.267846,172.33227891666667
Acoustic Grand Piano,0,60,C4,127,0.08054114583333671,172.267846,172.34838714583333
Acoustic Grand Piano,0,79,G5,127,0.13208747916667107,172.422485,172.55457247916667
Acoustic Grand Piano,0,67,G4,127,0.13208747916664265,172.42570664583334,172.557794125
Acoustic Grand Piano,0,55,G3,127,0.1514173541666537,172.42570664583334,172.577124
Acoustic Grand Piano,0,68,G#4,127,0.07731949999998733,172.751092875,172.828412375
Acoustic Grand Piano,0,80,G#5,127,0.09987102083331933,172.751092875,172.85096389583333
Acoustic Grand Piano,0,56,G#3,127,0.11275760416666003,172.751092875,172.86385047916667
Acoustic Grand Piano,0,57,A3,127,0.11920089583333038,173.06681416666666,173.1860150625
Acoustic Grand Piano,0,69,A4,127,0.14497406250001177,173.0507059375,173.19568
Acoustic Grand Piano,0,77,F5,127,0.054767979166683745,173.35031899999998,173.40508697916667
Acoustic Grand Piano,0,65,F4,127,0.1288658333333501,173.35031899999998,173.47918483333333
Acoustic Grand Piano,0,72,C5,127,0.0708762083333454,173.48884977083333,173.55972597916667
Acoustic Grand Piano,0,60,C4,127,0.08376279166665768,173.50173635416667,173.58549914583332
Acoustic Grand Piano,0,81,A5,127,0.15463900000000308,173.659597,173.814236
Acoustic Grand Piano,0,69,A4,127,0.16752558333331535,173.6692619375,173.83678752083333
Acoustic Grand Piano,0,57,A3,127,0.18041216666665605,173.6692619375,173.84967410416667
Acoustic Grand Piano,0,80,G#5,127,0.09020608333332802,173.988204875,174.07841095833334
Acoustic Grand Piano,0,68,G#4,127,0.10309266666666872,173.9785399375,174.08163260416666
Acoustic Grand Piano,0,56,G#3,127,0.138530770833313,173.9592100625,174.09774083333332
Acoustic Grand Piano,0,67,G4,127,0.138530770833313,174.2684880625,174.40701883333332
Acoustic Grand Piano,0,79,G5,127,0.14819570833333273,174.2684880625,174.41668377083334
Acoustic Grand Piano,0,55,G3,127,0.18041216666668447,174.25237983333332,174.432792
Acoustic Grand Piano,0,74,D5,127,0.022551520833360428,174.59387429166665,174.6164258125
Acoustic Grand Piano,0,62,D4,127,0.14175241666666238,174.57454441666667,174.71629683333333
Acoustic Grand Piano,0,58,A#3,127,0.04510304166666401,174.74207,174.78717304166668
Acoustic Grand Piano,0,70,A#4,127,0.06765456249999602,174.72596177083332,174.79361633333332
Acoustic Grand Piano,0,77,F5,127,0.12242254166667976,174.896709,175.01913154166667
Acoustic Grand Piano,0,65,F4,127,0.1417524166666908,174.896709,175.03846141666668
Acoustic Grand Piano,0,53,F3,127,0.1643039374999944,174.877379125,175.0416830625
Acoustic Grand Piano,0,66,F#4,127,0.07409785416669479,175.21565193749998,175.28974979166668
Acoustic Grand Piano,0,54,F#3,127,0.0966493750000268,175.21565193749998,175.3123013125
Acoustic Grand Piano,0,78,F#5,127,0.1063143125000181,175.21565193749998,175.32196625
Acoustic Grand Piano,0,67,G4,127,0.1288658333333217,175.51204335416668,175.6409091875
Acoustic Grand Piano,0,79,G5,127,0.14497406249998335,175.51204335416668,175.65701741666666
Acoustic Grand Piano,0,55,G3,127,0.14497406249998335,175.51204335416668,175.65701741666666
Acoustic Grand Piano,0,62,D4,127,0.1514173541666537,175.824543,175.97596035416666
Acoustic Grand Piano,0,70,A#4,127,0.05798962500000471,175.99206858333332,176.05005820833333
Acoustic Grand Piano,0,53,F3,127,0.1288658333333217,176.14992922916667,176.2787950625
Acoustic Grand Piano,0,55,G3,127,0.14819570833333273,176.13704264583333,176.28523835416667
Acoustic Grand Piano,0,79,G5,127,0.13530912499999204,176.15637252083334,176.29168164583334
Acoustic Grand Piano,0,67,G4,127,0.14175241666666238,176.14992922916667,176.29168164583334
Acoustic Grand Piano,0,74,D5,127,0.1063143125000181,176.443099,176.5494133125
Acoustic Grand Piano,0,70,A#4,127,0.11275760416666003,176.44954229166666,176.56229989583332
Acoustic Grand Piano,0,68,G#4,127,0.054767979166683745,176.73949041666665,176.79425839583334
Acoustic Grand Piano,0,56,G#3,127,0.20940697916668682,176.59129470833332,176.8007016875
Acoustic Grand Piano,0,69,A4,127,0.138530770833313,176.91990258333334,177.05843335416665
Acoustic Grand Piano,0,57,A3,127,0.161082291666645,176.91990258333334,177.08098487499998
Acoustic Grand Piano,0,65,F4,127,0.09664937499999837,177.23884552083334,177.33549489583334
Acoustic Grand Piano,0,77,F5,127,0.1288658333333217,177.22273729166668,177.351603125
Acoustic Grand Piano,0,72,C5,127,0.13530912499999204,177.22273729166668,177.35804641666667
Acoustic Grand Piano,0,60,C4,127,0.14819570833333273,177.23884552083334,177.38704122916667
Acoustic Grand Piano,0,67,G4,127,0.09664937499999837,177.525572,177.622221375
Acoustic Grand Piano,0,55,G3,127,0.09987102083331933,177.525572,177.62544302083333
Acoustic Grand Piano,0,68,G#4,127,0.1514173541666537,177.67698935416666,177.82840670833332
Acoustic Grand Piano,0,56,G#3,127,0.15786064583332404,177.6898759375,177.84773658333333
Acoustic Grand Piano,0,69,A4,127,0.1417524166666908,178.00559722916665,178.14734964583334
Acoustic Grand Piano,0,57,A3,127,0.17396887500001412,177.989489,178.163457875
Acoustic Grand Piano,0,77,F5,127,0.06443291666667506,178.32131852083333,178.3857514375
Acoustic Grand Piano,0,65,F4,127,0.10631431249998968,178.3277618125,178.434076125
Acoustic Grand Piano,0,71,B4,127,0.054767979166683745,178.45662764583332,178.511395625
Acoustic Grand Piano,0,72,C5,127,0.06765456249999602,178.453406,178.5210605625
Acoustic Grand Piano,0,60,C4,127,0.04510304166666401,178.49850904166667,178.54361208333333
Acoustic Grand Piano,0,81,A5,127,0.12242254166667976,178.627374875,178.74979741666667
Acoustic Grand Piano,0,69,A4,127,0.14175241666666238,178.63059652083334,178.7723489375
Acoustic Grand Piano,0,57,A3,127,0.16752558333334377,178.627374875,178.79490045833333
Acoustic Grand Piano,0,68,G#4,127,0.09342772916667741,178.936652875,179.03008060416667
Acoustic Grand Piano,0,80,G#5,127,0.14819570833333273,178.92376629166665,179.07196199999998
Acoustic Grand Piano,0,56,G#3,127,0.14819570833333273,178.92376629166665,179.07196199999998
Acoustic Grand Piano,0,69,A4,127,0.09664937499999837,179.226601,179.323250375
Acoustic Grand Piano,0,67,G4,127,0.13530912499999204,179.22337935416667,179.35868847916666
Acoustic Grand Piano,0,55,G3,127,0.17074722916666474,179.20404947916666,179.37479670833332
Acoustic Grand Piano,0,79,G5,127,0.15786064583332404,179.22337935416667,179.38124
Acoustic Grand Piano,0,74,D5,127,0.0354381041666727,179.54232229166666,179.57776039583334
Acoustic Grand Piano,0,62,D4,127,0.11920089583333038,179.52943570833332,179.64863660416665
Acoustic Grand Piano,0,58,A#3,127,0.038659749999993664,179.68407470833333,179.72273445833332
Acoustic Grand Piano,0,70,A#4,127,0.0708762083333454,179.67763141666666,179.748507625
Acoustic Grand Piano,0,77,F5,127,0.13208747916667107,179.83227041666666,179.96435789583333
Acoustic Grand Piano,0,65,F4,127,0.13208747916667107,179.845157,179.97724447916667
Acoustic Grand Piano,0,53,F3,127,0.15786064583332404,179.82904877083334,179.98690941666666
Acoustic Grand Piano,0,66,F#4,127,0.08054114583333671,180.16732158333332,180.24786272916666
Acoustic Grand Piano,0,54,F#3,127,0.10953595833331065,180.16087829166668,180.27041425
Acoustic Grand Piano,0,78,F#5,127,0.1288658333333217,180.154435,180.28330083333333
Acoustic Grand Piano,0,67,G4,127,0.13208747916667107,180.46693464583333,180.599022125
Acoustic Grand Piano,0,79,G5,127,0.13530912499999204,180.46693464583333,180.60224377083333
Acoustic Grand Piano,0,55,G3,127,0.1514173541666537,180.46693464583333,180.618352
Acoustic Grand Piano,0,74,D5,127,0.04188139583334305,180.78587758333333,180.82775897916667
Acoustic Grand Piano,0,62,D4,127,0.13530912499999204,180.76976935416667,180.90507847916666
Acoustic Grand Piano,0,70,A#4,127,0.0708762083333454,180.91152177083333,180.98239797916668
Acoustic Grand Piano,0,58,A#3,127,0.0708762083333454,180.92763,180.99850620833334
Acoustic Grand Piano,0,55,G3,127,0.13530912500002046,181.0919339375,181.2272430625
Acoustic Grand Piano,0,79,G5,127,0.14497406250001177,181.0919339375,181.236908
Acoustic Grand Piano,0,67,G4,127,0.13530912499999204,181.101598875,181.236908
Acoustic Grand Piano,0,68,G#4,127,0.09342772916667741,181.4012119375,181.49463966666667
Acoustic Grand Piano,0,80,G#5,127,0.1288658333333501,181.4012119375,181.53007777083334
Acoustic Grand Piano,0,56,G#3,127,0.14497406249998335,181.391547,181.5365210625
Acoustic Grand Piano,0,69,A4,127,0.0483246875000134,181.68471677083332,181.73304145833333
Acoustic Grand Piano,0,57,A3,127,0.2094069791666584,181.855464,182.06487097916667
Acoustic Grand Piano,0,69,A4,127,0.2190719166666497,181.855464,182.07453591666666
Acoustic Grand Piano,0,77,F5,127,0.1514173541666537,182.15185541666668,182.30327277083333
Acoustic Grand Piano,0,60,C4,127,0.16752558333331535,182.15185541666668,182.319381
Acoustic Grand Piano,0,72,C5,127,0.19652039583334613,182.14863377083333,182.34515416666667
Acoustic Grand Piano,0,65,F4,127,0.24806672916665207,182.15185541666668,182.39992214583333
Acoustic Grand Piano,0,82,A#5,127,0.05154633333333436,182.52556633333333,182.57711266666666
Acoustic Grand Piano,0,70,A#4,127,0.11920089583333038,182.4836849375,182.60288583333332
Acoustic Grand Piano,0,58,A#3,127,0.30927800000000616,182.47402,182.783298
Acoustic Grand Piano,0,57,A3,127,0.17719052083333509,182.937937,183.11512752083334
Acoustic Grand Piano,0,69,A4,127,0.2190719166666497,182.937937,183.15700891666665
Acoustic Grand Piano,0,72,C5,127,0.10309266666666872,183.28909639583333,183.3921890625
Acoustic Grand Piano,0,60,C4,127,0.12242254166665134,183.27943145833333,183.401854
Acoustic Grand Piano,0,77,F5,127,0.06121127083332567,183.42762716666667,183.4888384375
Acoustic Grand Piano,0,65,F4,127,0.0708762083333454,183.42440552083332,183.49528172916666
Acoustic Grand Piano,0,69,A4,127,0.16752558333331535,183.58226616666667,183.74979174999999
Acoustic Grand Piano,0,57,A3,127,0.24806672916665207,183.57260122916668,183.82066795833333
Acoustic Grand Piano,0,77,F5,127,0.08698443749997864,183.885100875,183.97208531249998
Acoustic Grand Piano,0,72,C5,127,0.09987102083334776,183.88832252083333,183.98819354166667
Acoustic Grand Piano,0,57,A3,127,0.18363381250000543,184.03329658333334,184.21693039583334
Acoustic Grand Piano,0,72,C5,127,0.08376279166665768,184.16216241666666,184.24592520833332
Acoustic Grand Piano,0,79,G5,127,0.22551520833334848,184.32646635416666,184.5519815625
Acoustic Grand Piano,0,67,G4,127,0.22873685416666945,184.329688,184.55842485416667
Acoustic Grand Piano,0,55,G3,127,0.28350483333332477,184.329688,184.61319283333333
Acoustic Grand Piano,0,70,A#4,127,0.13530912500002046,184.65185258333332,184.78716170833334
Acoustic Grand Piano,0,62,D4,127,0.15786064583332404,184.638966,184.79682664583333
Acoustic Grand Piano,0,74,D5,127,0.15786064583332404,184.638966,184.79682664583333
Acoustic Grand Piano,0,58,A#3,127,0.19007710416664736,184.63252270833334,184.8225998125
Acoustic Grand Piano,0,65,F4,127,0.26095331249999276,184.96113058333333,185.22208389583332
Acoustic Grand Piano,0,77,F5,127,0.2931697708333445,184.96113058333333,185.25430035416667
Acoustic Grand Piano,0,53,F3,127,0.30927800000000616,184.96113058333333,185.27040858333334
Acoustic Grand Piano,0,79,G5,127,0.06121127083332567,185.45404239583334,185.51525366666667
Acoustic Grand Piano,0,55,G3,127,0.15786064583332404,185.412161,185.57002164583332
Acoustic Grand Piano,0,67,G4,127,0.15141735416668212,185.42826922916666,185.57968658333334
Acoustic Grand Piano,0,74,D5,127,0.0483246875000134,185.7311039375,185.779428625
Acoustic Grand Piano,0,62,D4,127,0.13853077083334142,185.721439,185.85996977083335
Acoustic Grand Piano,0,58,A#3,127,0.06121127083332567,185.86319141666667,185.9244026875
Acoustic Grand Piano,0,70,A#4,127,0.06765456250002444,185.8664130625,185.934067625
Acoustic Grand Piano,0,55,G3,127,0.0708762083333454,186.01460877083332,186.08548497916667
Acoustic Grand Piano,0,79,G5,127,0.048324687499984975,186.0403819375,186.088706625
Acoustic Grand Piano,0,67,G4,127,0.08376279166665768,186.011387125,186.09514991666666
Acoustic Grand Piano,0,67,G4,127,0.11920089583333038,186.17891270833334,186.29811360416667
Acoustic Grand Piano,0,55,G3,127,0.12242254166665134,186.17891270833334,186.30133525
Acoustic Grand Piano,0,79,G5,127,0.14497406249998335,186.17891270833334,186.32388677083333
Acoustic Grand Piano,0,65,F4,127,0.16752558333334377,186.494634,186.66215958333333
Acoustic Grand Piano,0,77,F5,127,0.23840179166668918,186.48819070833332,186.7265925
Acoustic Grand Piano,0,60,C4,127,0.3060563541666852,186.48819070833332,186.7942470625
Acoustic Grand Piano,0,72,C5,127,0.3898191458333429,186.48819070833332,186.87800985416666
Acoustic Grand Piano,0,69,A4,127,0.44136547916667723,186.48819070833332,186.9295561875
Acoustic Grand Piano,0,57,A3,127,0.6024477708333507,186.48819070833332,187.09063847916667
Acoustic Grand Piano,0,65,F4,127,0.09020608333332802,187.11641164583332,187.20661772916665
Acoustic Grand Piano,0,72,C5,127,0.10953595833333907,187.11641164583332,187.22594760416666
Acoustic Grand Piano,0,77,F5,127,0.12242254166667976,187.11641164583332,187.2388341875
Acoustic Grand Piano,0,81,A5,127,0.27383989583333346,187.4514628125,187.72530270833334
Acoustic Grand Piano,0,69,A4,127,0.2835048333333532,187.441797875,187.72530270833334
Acoustic Grand Piano,0,57,A3,127,0.28672647916667415,187.441797875,187.72852435416667
Acoustic Grand Piano,0,81,A5,127,0.06121127083332567,187.9153798125,187.97659108333332
Acoustic Grand Piano,0,57,A3,127,0.14497406250001177,187.886385,188.0313590625
Acoustic Grand Piano,0,69,A4,127,0.1643039374999944,187.886385,188.05068893749998
Acoustic Grand Piano,0,62,D4,127,0.022551520833332006,188.21821452083333,188.24076604166666
Acoustic Grand Piano,0,72,C5,127,0.09664937499999837,188.21177122916666,188.30842060416666
Acoustic Grand Piano,0,60,C4,127,0.1288658333333217,188.20854958333334,188.33741541666666
Acoustic Grand Piano,0,77,F5,127,0.06443291666664663,188.33419377083334,188.39862668749998
Acoustic Grand Piano,0,65,F4,127,0.0708762083333454,188.350302,188.42117820833334
Acoustic Grand Piano,0,81,A5,127,0.06121127083335409,188.50816264583332,188.56937391666668
Acoustic Grand Piano,0,69,A4,127,0.08054114583333671,188.49849770833333,188.57903885416667
Acoustic Grand Piano,0,81,A5,127,0.10953595833333907,188.65958,188.76911595833334
Acoustic Grand Piano,0,69,A4,127,0.1288658333333217,188.65958,188.78844583333333
Acoustic Grand Piano,0,57,A3,127,0.13530912499999204,188.65958,188.794889125
Acoustic Grand Piano,0,62,D4,127,0.10631431249998968,188.968858,189.0751723125
Acoustic Grand Piano,0,58,A#3,127,0.19329874999999674,188.968858,189.16215675
Acoustic Grand Piano,0,74,D5,127,0.07409785416666637,189.1138320625,189.18792991666666
Acoustic Grand Piano,0,70,A#4,127,0.3511593958333208,188.968858,189.32001739583333
Acoustic Grand Piano,0,67,G4,127,0.4284788958333081,188.968858,189.39733689583332
Acoustic Grand Piano,0,55,G3,127,0.6443291666666653,188.968858,189.61318716666668
Acoustic Grand Piano,0,58,A#3,127,0.1288658333333217,189.59063564583334,189.71950147916667
Acoustic Grand Piano,0,70,A#4,127,0.10953595833333907,189.60996552083333,189.71950147916667
Acoustic Grand Piano,0,62,D4,127,0.138530770833313,189.59063564583334,189.72916641666666
Acoustic Grand Piano,0,74,D5,127,0.1514173541666537,189.59063564583334,189.742053
Acoustic Grand Piano,0,65,F4,127,0.1514173541666537,189.90957858333334,190.0609959375
Acoustic Grand Piano,0,53,F3,127,0.2706182499999841,189.90957858333334,190.18019683333333
Acoustic Grand Piano,0,77,F5,127,0.2802831874999754,189.90957858333334,190.18986177083332
Acoustic Grand Piano,0,67,G4,127,0.15786064583332404,190.3702739375,190.52813458333333
Acoustic Grand Piano,0,55,G3,127,0.1739688749999857,190.360609,190.534577875
Acoustic Grand Piano,0,79,G5,127,0.1965203958333177,190.3702739375,190.56679433333332
Acoustic Grand Piano,0,62,D4,127,0.09987102083334776,190.68277358333333,190.78264460416668
Acoustic Grand Piano,0,58,A#3,127,0.05798962500000471,190.824526,190.882515625
Acoustic Grand Piano,0,70,A#4,127,0.06121127083335409,190.84063422916665,190.9018455
Acoustic Grand Piano,0,53,F3,127,0.1643039374999944,190.9695000625,191.133804
Acoustic Grand Piano,0,65,F4,127,0.1739688749999857,190.98238664583334,191.15635552083333
Acoustic Grand Piano,0,77,F5,127,0.2126286250000078,190.97272170833332,191.18535033333333
Acoustic Grand Piano,0,58,A#3,127,0.05476797916665532,191.288443,191.34321097916666
Acoustic Grand Piano,0,70,A#4,127,0.06443291666667506,191.29166464583332,191.3560975625
Acoustic Grand Piano,0,67,G4,127,0.11275760416668845,191.43986035416665,191.55261795833334
Acoustic Grand Piano,0,55,G3,127,0.14175241666666238,191.41730883333332,191.55906124999998
Acoustic Grand Piano,0,68,G#4,127,0.07087620833331698,191.597721,191.66859720833332
Acoustic Grand Piano,0,57,A3,127,0.11275760416666003,191.76846822916667,191.88122583333333
Acoustic Grand Piano,0,69,A4,127,0.1288658333333217,191.7620249375,191.89089077083332
Acoustic Grand Piano,0,77,F5,127,0.07731950000001575,191.91988558333333,191.99720508333334
Acoustic Grand Piano,0,65,F4,127,0.1192008958333588,191.90699899999998,192.02619989583334
Acoustic Grand Piano,0,72,C5,127,0.0708762083333454,192.061638,192.13251420833333
Acoustic Grand Piano,0,60,C4,127,0.09664937499999837,192.061638,192.158287375
Acoustic Grand Piano,0,55,G3,127,0.14497406250001177,192.216277,192.3612510625
Acoustic Grand Piano,0,67,G4,127,0.15463900000000308,192.216277,192.370916
Acoustic Grand Piano,0,68,G#4,127,0.09342772916664899,192.53844158333334,192.6318693125
Acoustic Grand Piano,0,56,G#3,127,0.09342772916667741,192.54810652083333,192.64153425
Acoustic Grand Piano,0,57,A3,127,0.16108229166667343,192.82838970833333,192.989472
Acoustic Grand Piano,0,69,A4,127,0.161082291666645,192.84771958333334,193.008801875
Acoustic Grand Piano,0,77,F5,127,0.08376279166665768,193.144111,193.22787379166667
Acoustic Grand Piano,0,65,F4,127,0.11275760416666003,193.14088935416666,193.25364695833332
Acoustic Grand Piano,0,60,C4,127,0.05476797916665532,193.29875,193.35351797916667
Acoustic Grand Piano,0,72,C5,127,0.07409785416666637,193.2890850625,193.36318291666666
Acoustic Grand Piano,0,69,A4,127,0.13208747916667107,193.453389,193.58547647916666
Acoustic Grand Piano,0,57,A3,127,0.2094069791666584,193.44694570833335,193.6563526875
Acoustic Grand Piano,0,72,C5,127,0.09664937499999837,193.74978041666665,193.84642979166665
Acoustic Grand Piano,0,77,F5,127,0.10953595833333907,193.74978041666665,193.859316375
Acoustic Grand Piano,0,57,A3,127,0.1965203958333177,193.89153283333334,194.08805322916666
Acoustic Grand Piano,0,72,C5,127,0.07731949999998733,194.0429501875,194.12026968749998
Acoustic Grand Piano,0,55,G3,127,0.183633812499977,194.2169190625,194.400552875
Acoustic Grand Piano,0,79,G5,127,0.19329874999999674,194.2169190625,194.4102178125
Acoustic Grand Piano,0,67,G4,127,0.19329875000002517,194.22336235416665,194.41666110416668
Acoustic Grand Piano,0,62,D4,127,0.15786064583332404,194.52941870833334,194.68727935416666
Acoustic Grand Piano,0,74,D5,127,0.15463900000000308,194.535862,194.690501
Acoustic Grand Piano,0,70,A#4,127,0.15463900000000308,194.535862,194.690501
Acoustic Grand Piano,0,58,A#3,127,0.17719052083333509,194.52941870833334,194.70660922916667
Acoustic Grand Piano,0,65,F4,127,0.10309266666666872,194.84836164583334,194.9514543125
Acoustic Grand Piano,0,53,F3,127,0.10953595833333907,194.84514,194.95467595833333
Acoustic Grand Piano,0,66,F#4,127,0.12564418750000073,195.019108875,195.1447530625
Acoustic Grand Piano,0,54,F#3,127,0.1643039374999944,195.0094439375,195.173747875
Acoustic Grand Piano,0,67,G4,127,0.13208747916667107,195.309057,195.44114447916667
Acoustic Grand Piano,0,55,G3,127,0.14819570833333273,195.30261370833333,195.45080941666666
Acoustic Grand Piano,0,74,D5,127,0.04510304166666401,195.6279999375,195.67310297916666
Acoustic Grand Piano,0,62,D4,127,0.13853077083334142,195.62155664583332,195.76008741666666
Acoustic Grand Piano,0,58,A#3,127,0.05476797916665532,195.772974,195.82774197916666
Acoustic Grand Piano,0,70,A#4,127,0.06765456249999602,195.76975235416666,195.83740691666665
Acoustic Grand Piano,0,55,G3,127,0.08054114583333671,195.908283125,195.98882427083333
Acoustic Grand Piano,0,79,G5,127,0.0708762083333454,195.9372779375,196.00815414583334
Acoustic Grand Piano,0,67,G4,127,0.09342772916667741,195.9179480625,196.01137579166667
Acoustic Grand Piano,0,67,G4,127,0.11920089583333038,196.082252,196.20145289583334
Acoustic Grand Piano,0,79,G5,127,0.11920089583333038,196.082252,196.20145289583334
Acoustic Grand Piano,0,55,G3,127,0.12242254166665134,196.082252,196.20467454166666
Acoustic Grand Piano,0,65,F4,127,0.2351801458333398,196.39153,196.62671014583333
Acoustic Grand Piano,0,77,F5,127,0.2706182500000125,196.39153,196.66214825
Acoustic Grand Piano,0,60,C4,127,0.3028347083333358,196.39153,196.69436470833332
Acoustic Grand Piano,0,72,C5,127,0.4123706666666749,196.39153,196.80390066666666
Acoustic Grand Piano,0,69,A4,127,0.43814383333335627,196.39153,196.82967383333335
Acoustic Grand Piano,0,57,A3,127,0.5927828333333309,196.39153,196.98431283333332
Acoustic Grand Piano,0,65,F4,127,0.08698443749997864,197.029415875,197.1164003125
Acoustic Grand Piano,0,72,C5,127,0.1030926666666403,197.029415875,197.13250854166665
Acoustic Grand Piano,0,60,C4,127,0.115979249999981,197.029415875,197.145395125
Acoustic Grand Piano,0,77,F5,127,0.1288658333333217,197.029415875,197.15828170833333
Acoustic Grand Piano,0,69,A4,127,0.14497406250001177,197.33225058333332,197.47722464583333
Acoustic Grand Piano,0,81,A5,127,0.25451002083335084,197.34513716666666,197.5996471875
Acoustic Grand Piano,0,57,A3,127,0.27383989583333346,197.33225058333332,197.60609047916665
Acoustic Grand Piano,0,57,A3,127,0.1063143125000181,197.783281,197.8895953125
Acoustic Grand Piano,0,81,A5,127,0.09020608333332802,197.802610875,197.89281695833333
Acoustic Grand Piano,0,69,A4,127,0.13530912500002046,197.783281,197.918590125
Acoustic Grand Piano,0,77,F5,127,0.05798962500000471,198.09900229166666,198.15699191666667
Acoustic Grand Piano,0,65,F4,127,0.09342772916667741,198.09900229166666,198.19243002083334
Acoustic Grand Piano,0,72,C5,127,0.06443291666667506,198.227868125,198.29230104166666
Acoustic Grand Piano,0,60,C4,127,0.07087620833331698,198.24397635416668,198.3148525625
Acoustic Grand Piano,0,81,A5,127,0.22873685416666945,198.3921720625,198.62090891666668
Acoustic Grand Piano,0,69,A4,127,0.24806672916665207,198.3921720625,198.64023879166666
Acoustic Grand Piano,0,57,A3,127,0.2641749583333137,198.3921720625,198.65634702083332
Acoustic Grand Piano,0,69,A4,127,0.05154633333333436,198.865754,198.91730033333334
Acoustic Grand Piano,0,67,G4,127,0.3962624375000132,198.8560890625,199.2523515
Acoustic Grand Piano,0,79,G5,127,0.4252572500000156,198.8560890625,199.2813463125
Acoustic Grand Piano,0,55,G3,127,0.6024477708333507,198.8560890625,199.45853683333334
Acoustic Grand Piano,0,70,A#4,127,0.15463900000000308,199.48431,199.638949
Acoustic Grand Piano,0,62,D4,127,0.15463900000000308,199.48431,199.638949
Acoustic Grand Piano,0,74,D5,127,0.1868554583333264,199.48431,199.67116545833332
Acoustic Grand Piano,0,58,A#3,127,0.19329874999999674,199.48431,199.67760875
Acoustic Grand Piano,0,65,F4,127,0.26095331249999276,199.8225828125,200.083536125
Acoustic Grand Piano,0,77,F5,127,0.29639141666666546,199.82902610416667,200.12541752083334
Acoustic Grand Piano,0,53,F3,127,0.3060563541666852,199.81936116666665,200.12541752083334
Acoustic Grand Piano,0,55,G3,127,0.13530912500002046,200.27039158333332,200.40570070833334
Acoustic Grand Piano,0,67,G4,127,0.13208747916667107,200.28005652083334,200.412144
Acoustic Grand Piano,0,79,G5,127,0.1739688749999857,200.28005652083334,200.45402539583333
Acoustic Grand Piano,0,74,D5,127,0.038659749999993664,200.60544275,200.6441025
Acoustic Grand Piano,0,62,D4,127,0.10631431249998968,200.58289122916668,200.68920554166667
Acoustic Grand Piano,0,58,A#3,127,0.06765456249999602,200.73430858333333,200.80196314583333
Acoustic Grand Piano,0,70,A#4,127,0.07409785416666637,200.740751875,200.81484972916667
Acoustic Grand Piano,0,65,F4,127,0.1739688749999857,200.895390875,201.06935975
Acoustic Grand Piano,0,77,F5,127,0.20618533333333744,200.88894758333333,201.09513291666667
Acoustic Grand Piano,0,53,F3,127,0.2222935624999991,200.876061,201.0983545625
Acoustic Grand Piano,0,58,A#3,127,0.05154633333333436,201.19822558333334,201.24977191666667
Acoustic Grand Piano,0,70,A#4,127,0.06765456249999602,201.204668875,201.2723234375
Acoustic Grand Piano,0,67,G4,127,0.13530912500002046,201.36575116666666,201.50106029166668
Acoustic Grand Piano,0,55,G3,127,0.1868554583333264,201.339978,201.52683345833333
Acoustic Grand Piano,0,55,G3,127,0.08698443749997864,201.649256,201.7362404375
Acoustic Grand Piano,0,62,D4,127,0.09342772916664899,201.649256,201.74268372916666
Acoustic Grand Piano,0,58,A#3,127,0.09342772916664899,201.649256,201.74268372916666
Acoustic Grand Piano,0,70,A#4,127,0.09342772916664899,201.649256,201.74268372916666
Acoustic Grand Piano,0,74,D5,127,0.09987102083331933,201.649256,201.74912702083333
Acoustic Grand Piano,0,67,G4,127,0.10309266666666872,201.649256,201.75234866666668
Acoustic Grand Piano,0,70,A#4,127,0.0708762083333454,201.98108552083332,202.05196172916666
Acoustic Grand Piano,0,58,A#3,127,0.0708762083333454,201.98108552083332,202.05196172916666
Acoustic Grand Piano,0,55,G3,127,0.0708762083333454,201.98108552083332,202.05196172916666
Acoustic Grand Piano,0,74,D5,127,0.07731950000001575,201.98108552083332,202.05840502083333
Acoustic Grand Piano,0,62,D4,127,0.07731950000001575,201.98108552083332,202.05840502083333
Acoustic Grand Piano,0,67,G4,127,0.09342772916667741,201.98108552083332,202.07451325
Acoustic Grand Piano,0,70,A#4,127,0.06443291666664663,202.27103364583334,202.3354665625
Acoustic Grand Piano,0,58,A#3,127,0.0708762083333454,202.267812,202.33868820833334
Acoustic Grand Piano,0,62,D4,127,0.07087620833331698,202.27103364583334,202.34190985416666
Acoustic Grand Piano,0,74,D5,127,0.07409785416666637,202.27103364583334,202.3451315
Acoustic Grand Piano,0,55,G3,127,0.07731950000001575,202.267812,202.3451315
Acoustic Grand Piano,0,67,G4,127,0.08698443749997864,202.27103364583334,202.35801808333332
Acoustic Grand Piano,0,62,D4,127,0.06121127083332567,202.441780875,202.50299214583333
Acoustic Grand Piano,0,58,A#3,127,0.06121127083332567,202.441780875,202.50299214583333
Acoustic Grand Piano,0,74,D5,127,0.08054114583333671,202.422451,202.50299214583333
Acoustic Grand Piano,0,70,A#4,127,0.08054114583333671,202.422451,202.50299214583333
Acoustic Grand Piano,0,55,G3,127,0.07087620833331698,202.441780875,202.51265708333332
Acoustic Grand Piano,0,67,G4,127,0.09342772916667741,202.422451,202.51587872916667
Acoustic Grand Piano,0,74,D5,127,0.04188139583334305,202.731729,202.77361039583334
Acoustic Grand Piano,0,55,G3,127,0.0483246875000134,202.72850735416665,202.77683204166667
Acoustic Grand Piano,0,62,D4,127,0.048324687499984975,202.731729,202.7800536875
Acoustic Grand Piano,0,70,A#4,127,0.054767979166683745,202.72850735416665,202.78327533333334
Acoustic Grand Piano,0,58,A#3,127,0.054767979166683745,202.72850735416665,202.78327533333334
Acoustic Grand Piano,0,67,G4,127,0.06443291666667506,202.72850735416665,202.79294027083333
Acoustic Grand Piano,0,78,F#5,127,0.012886583333340695,202.94757927083333,202.96046585416667
Acoustic Grand Piano,0,81,A5,127,0.22551520833332006,202.9153628125,203.14087802083333
Acoustic Grand Piano,0,69,A4,127,0.24162343750001014,202.905697875,203.1473213125
Acoustic Grand Piano,0,57,A3,127,0.27706154166668284,202.905697875,203.18275941666667
Acoustic Grand Piano,0,60,C4,127,0.03543810416664428,203.24074904166667,203.27618714583332
Acoustic Grand Piano,0,72,C5,127,0.07087620833331698,203.24074904166667,203.31162525
Acoustic Grand Piano,0,77,F5,127,0.10953595833333907,203.40505297916667,203.5145889375
Acoustic Grand Piano,0,55,G3,127,0.15786064583332404,203.39538804166668,203.5532486875
Acoustic Grand Piano,0,67,G4,127,0.1739688749999857,203.39538804166668,203.56935691666666
Acoustic Grand Piano,0,79,G5,127,0.17719052083330666,203.39538804166668,203.57257856249998
Acoustic Grand Piano,0,68,G#4,127,0.08698443749997864,203.71433097916668,203.80131541666665
Acoustic Grand Piano,0,56,G#3,127,0.138530770833313,203.69177945833334,203.83031022916666
Acoustic Grand Piano,0,80,G#5,127,0.11597925000000942,203.72399591666667,203.83997516666668
Acoustic Grand Piano,0,57,A3,127,0.15786064583332404,204.00427910416667,204.16213975
Acoustic Grand Piano,0,81,A5,127,0.1965203958333177,204.00427910416667,204.2007995
Acoustic Grand Piano,0,69,A4,127,0.20618533333333744,204.00427910416667,204.2104644375
Acoustic Grand Piano,0,77,F5,127,0.05798962500000471,204.32322204166667,204.38121166666667
Acoustic Grand Piano,0,65,F4,127,0.09342772916664899,204.32966533333334,204.4230930625
Acoustic Grand Piano,0,60,C4,127,0.045103041666692434,204.46819610416665,204.51329914583334
Acoustic Grand Piano,0,72,C5,127,0.06765456250002444,204.44564458333332,204.51329914583334
Acoustic Grand Piano,0,69,A4,127,0.1288658333333217,204.61317016666666,204.74203599999998
Acoustic Grand Piano,0,81,A5,127,0.13853077083334142,204.61317016666666,204.7517009375
Acoustic Grand Piano,0,57,A3,127,0.2094069791666584,204.61317016666666,204.82257714583332
Acoustic Grand Piano,0,72,C5,127,0.09020608333332802,204.90311829166666,204.993324375
Acoustic Grand Piano,0,77,F5,127,0.10309266666666872,204.90311829166666,205.00621095833333
Acoustic Grand Piano,0,57,A3,127,0.14497406249998335,205.0609789375,205.205953
Acoustic Grand Piano,0,72,C5,127,0.08054114583333671,205.18017983333334,205.26072097916668
Acoustic Grand Piano,0,55,G3,127,0.10953595833333907,205.34770541666666,205.457241375
Acoustic Grand Piano,0,67,G4,127,0.10631431249998968,205.360592,205.4669063125
Acoustic Grand Piano,0,74,D5,127,0.048324687499984975,205.52167429166667,205.56999897916666
Acoustic Grand Piano,0,62,D4,127,0.14819570833333273,205.49912277083334,205.64731847916667
Acoustic Grand Piano,0,70,A#4,127,0.06765456249999602,205.66342670833333,205.73108127083333
Acoustic Grand Piano,0,58,A#3,127,0.06765456249999602,205.66342670833333,205.73108127083333
Acoustic Grand Piano,0,65,F4,127,0.20618533333333744,205.81806570833334,206.02425104166667
Acoustic Grand Piano,0,53,F3,127,0.2126286250000078,205.81162241666667,206.02425104166667
Acoustic Grand Piano,0,66,F#4,127,0.12242254166665134,206.13700864583333,206.25943118749998
Acoustic Grand Piano,0,54,F#3,127,0.14819570833333273,206.13700864583333,206.28520435416667
Acoustic Grand Piano,0,55,G3,127,0.1643039374999944,206.42695677083333,206.59126070833332
Acoustic Grand Piano,0,67,G4,127,0.1868554583333264,206.43984335416667,206.6266988125
Acoustic Grand Piano,0,74,D5,127,0.03221645833335174,206.7620079375,206.79422439583334
Acoustic Grand Piano,0,62,D4,127,0.13208747916664265,206.74912135416668,206.88120883333332
Acoustic Grand Piano,0,58,A#3,127,0.04188139583334305,206.89409541666666,206.9359768125
Acoustic Grand Piano,0,70,A#4,127,0.06443291666667506,206.89409541666666,206.95852833333333
Acoustic Grand Piano,0,55,G3,127,0.17074722916666474,207.05839935416665,207.22914658333332
Acoustic Grand Piano,0,67,G4,127,0.18041216666668447,207.05839935416665,207.23881152083334
Acoustic Grand Piano,0,70,A#4,127,0.06765456249999602,207.40311545833333,207.47077002083333
Acoustic Grand Piano,0,55,G3,127,0.11597925000000942,207.50298647916665,207.61896572916666
Acoustic Grand Piano,0,67,G4,127,0.1288658333333217,207.5352029375,207.66406877083332
Acoustic Grand Piano,0,56,G#3,127,0.0483246875000134,207.680177,207.7285016875
Acoustic Grand Piano,0,68,G#4,127,0.0837627916666861,207.68662029166666,207.77038308333334
Acoustic Grand Piano,0,57,A3,127,0.11275760416666003,207.83803764583334,207.95079525
Acoustic Grand Piano,0,69,A4,127,0.12564418750000073,207.8638108125,207.989455
Acoustic Grand Piano,0,77,F5,127,0.06121127083335409,208.01200652083332,208.07321779166668
Acoustic Grand Piano,0,65,F4,127,0.11920089583333038,207.99589829166666,208.1150991875
Acoustic Grand Piano,0,72,C5,127,0.08698443750000706,208.12798577083333,208.21497020833334
Acoustic Grand Piano,0,69,A4,127,0.06765456249999602,208.298733,208.3663875625
Acoustic Grand Piano,0,67,G4,127,0.1643039374999944,208.29551135416668,208.45981529166667
Acoustic Grand Piano,0,55,G3,127,0.1643039374999944,208.31161958333334,208.47592352083333
Acoustic Grand Piano,0,68,G#4,127,0.12564418750000073,208.61123264583333,208.73687683333333
Acoustic Grand Piano,0,56,G#3,127,0.1288658333333217,208.62089758333335,208.74976341666667
Acoustic Grand Piano,0,57,A3,127,0.16752558333334377,208.89151583333333,209.05904141666667
Acoustic Grand Piano,0,69,A4,127,0.15463899999997466,208.917289,209.07192799999999
Acoustic Grand Piano,0,77,F5,127,0.048324687499984975,209.22978864583334,209.27811333333332
Acoustic Grand Piano,0,65,F4,127,0.10953595833333907,209.2169020625,209.32643802083334
Acoustic Grand Piano,0,60,C4,127,0.05798962500000471,209.37476270833332,209.43275233333333
Acoustic Grand Piano,0,72,C5,127,0.07731949999998733,209.3715410625,209.4488605625
Acoustic Grand Piano,0,69,A4,127,0.138530770833313,209.53262335416667,209.671154125
Acoustic Grand Piano,0,57,A3,127,0.20296368749998805,209.53262335416667,209.73558704166666
Acoustic Grand Piano,0,72,C5,127,0.10309266666666872,209.82901477083334,209.9321074375
Acoustic Grand Piano,0,77,F5,127,0.11275760416666003,209.82901477083334,209.941772375
Acoustic Grand Piano,0,57,A3,127,0.16752558333334377,209.980432125,210.14795770833334
Acoustic Grand Piano,0,72,C5,127,0.06765456249999602,210.1254061875,210.19306075
Acoustic Grand Piano,0,55,G3,127,0.10953595833333907,210.28326683333333,210.39280279166667
Acoustic Grand Piano,0,67,G4,127,0.10953595833333907,210.289710125,210.39924608333334
Acoustic Grand Piano,0,74,D5,127,0.06121127083332567,210.45723570833334,210.51844697916667
Acoustic Grand Piano,0,62,D4,127,0.12242254166667976,210.4540140625,210.57643660416667
Acoustic Grand Piano,0,70,A#4,127,0.06443291666667506,210.60220977083333,210.6666426875
Acoustic Grand Piano,0,65,F4,127,0.2094069791666584,210.74718383333334,210.9565908125
Acoustic Grand Piano,0,53,F3,127,0.2190719166666497,210.74718383333334,210.96625575
Acoustic Grand Piano,0,66,F#4,127,0.115979249999981,211.07901335416668,211.19499260416666
Acoustic Grand Piano,0,54,F#3,127,0.16752558333334377,211.08867829166667,211.256203875
Acoustic Grand Piano,0,55,G3,127,0.1643039374999944,211.391513,211.5558169375
Acoustic Grand Piano,0,67,G4,127,0.17074722916666474,211.391513,211.56226022916667
Acoustic Grand Piano,0,62,D4,127,0.11597925000000942,211.70723429166665,211.82321354166666
Acoustic Grand Piano,0,58,A#3,127,0.04188139583334305,211.86187329166665,211.9037546875
Acoustic Grand Piano,0,70,A#4,127,0.08054114583333671,211.85220835416666,211.9327495
Acoustic Grand Piano,0,67,G4,127,0.16752558333334377,212.010069,212.17759458333333
Acoustic Grand Piano,0,55,G3,127,0.20296368749998805,212.00362570833335,212.20658939583333
Acoustic Grand Piano,0,58,A#3,127,0.08054114583333671,212.31612535416667,212.3966665
Acoustic Grand Piano,0,70,A#4,127,0.06765456249999602,212.33545522916666,212.40310979166665
Acoustic Grand Piano,0,67,G4,127,0.11920089583333038,212.46754270833333,212.58674360416666
Acoustic Grand Piano,0,55,G3,127,0.14497406250001177,212.45143447916666,212.59640854166668
Acoustic Grand Piano,0,56,G#3,127,0.02577316666665297,212.647954875,212.67372804166666
Acoustic Grand Piano,0,68,G#4,127,0.07087620833331698,212.61251677083334,212.68339297916665
Acoustic Grand Piano,0,57,A3,127,0.14175241666666238,212.783264,212.92501641666667
Acoustic Grand Piano,0,69,A4,127,0.1514173541666537,212.783264,212.93468135416666
Acoustic Grand Piano,0,65,F4,127,0.10309266666666872,212.93468135416666,213.03777402083333
Acoustic Grand Piano,0,77,F5,127,0.09987102083331933,212.94434629166668,213.0442173125
Acoustic Grand Piano,0,62,D4,127,0.05476797916665532,213.1022069375,213.15697491666666
Acoustic Grand Piano,0,72,C5,127,0.06443291666667506,213.1022069375,213.16663985416668
Acoustic Grand Piano,0,60,C4,127,0.06443291666667506,213.1022069375,213.16663985416668
Acoustic Grand Piano,0,57,A3,127,0.04188139583334305,213.27939745833334,213.32127885416668
Acoustic Grand Piano,0,69,A4,127,0.05798962500000471,213.27939745833334,213.33738708333334
Acoustic Grand Piano,0,67,G4,127,0.11275760416666003,213.27295416666666,213.38571177083332
Acoustic Grand Piano,0,79,G5,127,0.12564418750000073,213.26328922916667,213.38893341666667
Acoustic Grand Piano,0,55,G3,127,0.1288658333333217,213.27295416666666,213.40182
Acoustic Grand Piano,0,68,G#4,127,0.05154633333333436,213.5854538125,213.63700014583333
Acoustic Grand Piano,0,80,G#5,127,0.07731949999998733,213.58223216666667,213.65955166666666
Acoustic Grand Piano,0,56,G#3,127,0.1514173541666537,213.55968064583334,213.711098
Acoustic Grand Piano,0,57,A3,127,0.13853077083334142,213.88828852083333,214.02681929166667
Acoustic Grand Piano,0,69,A4,127,0.13853077083334142,213.88828852083333,214.02681929166667
Acoustic Grand Piano,0,77,F5,127,0.045103041666692434,214.17179335416665,214.21689639583334
Acoustic Grand Piano,0,65,F4,127,0.09342772916667741,214.17179335416665,214.26522108333333
Acoustic Grand Piano,0,60,C4,127,0.04510304166666401,214.32643235416666,214.37153539583332
Acoustic Grand Piano,0,72,C5,127,0.07731950000001575,214.29743754166665,214.37475704166667
Acoustic Grand Piano,0,69,A4,127,0.14819570833333273,214.47784970833334,214.62604541666667
Acoustic Grand Piano,0,81,A5,127,0.17074722916666474,214.47784970833334,214.6485969375
Acoustic Grand Piano,0,57,A3,127,0.24162343749998172,214.47784970833334,214.71947314583332
Acoustic Grand Piano,0,72,C5,127,0.13853077083334142,214.7839060625,214.92243683333334
Acoustic Grand Piano,0,77,F5,127,0.14175241666666238,214.7839060625,214.92565847916666
Acoustic Grand Piano,0,68,G#4,127,0.06765456249999602,215.07707583333334,215.14473039583334
Acoustic Grand Piano,0,56,G#3,127,0.20296368749998805,214.94498835416667,215.14795204166666
Acoustic Grand Piano,0,57,A3,127,0.09987102083334776,215.28970445833332,215.38957547916667
Acoustic Grand Piano,0,67,G4,127,0.15786064583332404,215.26070964583334,215.41857029166667
Acoustic Grand Piano,0,55,G3,127,0.17719052083330666,215.26070964583334,215.43790016666665
Acoustic Grand Piano,0,79,G5,127,0.17719052083330666,215.26070964583334,215.43790016666665
Acoustic Grand Piano,0,62,D4,127,0.05798962500000471,215.56998764583332,215.62797727083333
Acoustic Grand Piano,0,70,A#4,127,0.07409785416666637,215.58287422916666,215.65697208333333
Acoustic Grand Piano,0,77,F5,127,0.14175241666666238,215.73429158333334,215.876044
Acoustic Grand Piano,0,65,F4,127,0.1514173541666537,215.74395652083334,215.895373875
Acoustic Grand Piano,0,53,F3,127,0.1868554583333264,215.721405,215.90826045833333
Acoustic Grand Piano,0,66,F#4,127,0.0837627916666861,216.05967781249998,216.14344060416667
Acoustic Grand Piano,0,78,F#5,127,0.11597925000000942,216.05967781249998,216.1756570625
Acoustic Grand Piano,0,54,F#3,127,0.12564418750000073,216.06934275,216.1949869375
Acoustic Grand Piano,0,69,A4,127,0.012886583333312274,216.37217745833334,216.38506404166665
Acoustic Grand Piano,0,55,G3,127,0.15786064583332404,216.35606922916668,216.513929875
Acoustic Grand Piano,0,67,G4,127,0.15786064583332404,216.359290875,216.51715152083332
Acoustic Grand Piano,0,79,G5,127,0.19007710416667578,216.359290875,216.54936797916668
Acoustic Grand Piano,0,62,D4,127,0.1288658333333501,216.65890393749999,216.78776977083334
Acoustic Grand Piano,0,58,A#3,127,0.04188139583331463,216.81676458333334,216.85864597916665
Acoustic Grand Piano,0,70,A#4,127,0.07731949999998733,216.803878,216.88119749999998
Acoustic Grand Piano,0,77,F5,127,0.10309266666666872,216.99073345833332,217.093826125
Acoustic Grand Piano,0,67,G4,127,0.13530912499999204,216.977846875,217.113156
Acoustic Grand Piano,0,79,G5,127,0.15786064583332404,216.97140358333334,217.12926422916667
Acoustic Grand Piano,0,55,G3,127,0.22551520833332006,216.958517,217.18403220833332
Acoustic Grand Piano,0,74,D5,127,0.14819570833333273,217.2581300625,217.40632577083332
Acoustic Grand Piano,0,70,A#4,127,0.14819570833333273,217.267795,217.41599070833334
Acoustic Grand Piano,0,68,G#4,127,0.07409785416666637,217.56418641666667,217.63828427083334
Acoustic Grand Piano,0,56,G#3,127,0.22873685416664102,217.422434,217.65117085416665
Acoustic Grand Piano,0,69,A4,127,0.14819570833333273,217.731712,217.87990770833332
Acoustic Grand Piano,0,57,A3,127,0.17074722916666474,217.73493364583334,217.905680875
Acoustic Grand Piano,0,65,F4,127,0.13530912499999204,218.04099,218.17629912499999
Acoustic Grand Piano,0,72,C5,127,0.15786064583335246,218.02810341666665,218.1859640625
Acoustic Grand Piano,0,77,F5,127,0.16752558333334377,218.02810341666665,218.195629
Acoustic Grand Piano,0,60,C4,127,0.19007710416667578,218.04099,218.23106710416667
Acoustic Grand Piano,0,67,G4,127,0.04510304166666401,218.369597875,218.41470091666667
Acoustic Grand Piano,0,81,A5,127,0.1063143125000181,218.50812864583332,218.61444295833334
Acoustic Grand Piano,0,69,A4,127,0.11920089583333038,218.504907,218.62410789583333
Acoustic Grand Piano,0,57,A3,127,0.13530912500002046,218.50812864583332,218.64343777083334
Acoustic Grand Piano,0,69,A4,127,0.14497406250001177,218.81096335416666,218.95593741666667
Acoustic Grand Piano,0,57,A3,127,0.14819570833333273,218.81096335416666,218.9591590625
Acoustic Grand Piano,0,81,A5,127,0.15463900000000308,218.814185,218.968824
Acoustic Grand Piano,0,77,F5,127,0.04188139583334305,219.123463,219.16534439583333
Acoustic Grand Piano,0,65,F4,127,0.09342772916664899,219.1331279375,219.22655566666666
Acoustic Grand Piano,0,72,C5,127,0.0708762083333454,219.2491071875,219.31998339583333
Acoustic Grand Piano,0,60,C4,127,0.06121127083335409,219.278102,219.33931327083334
Acoustic Grand Piano,0,57,A3,127,0.09987102083331933,219.42951935416667,219.529390375
Acoustic Grand Piano,0,81,A5,127,0.11920089583333038,219.41663277083333,219.53583366666666
Acoustic Grand Piano,0,69,A4,127,0.12242254166667976,219.41663277083333,219.5390553125
Acoustic Grand Piano,0,67,G4,127,0.40592737500000453,219.877328125,220.2832555
Acoustic Grand Piano,0,79,G5,127,0.4091490208333255,219.87410647916667,220.2832555
Acoustic Grand Piano,0,55,G3,127,0.6797672708333096,219.8869930625,220.56676033333332
Acoustic Grand Piano,0,70,A#4,127,0.14175241666666238,220.50877070833334,220.650523125
Acoustic Grand Piano,0,74,D5,127,0.16752558333331535,220.50232741666667,220.669853
Acoustic Grand Piano,0,62,D4,127,0.17719052083333509,220.50232741666667,220.6795179375
Acoustic Grand Piano,0,58,A#3,127,0.1997420416666671,220.49910577083332,220.6988478125
Acoustic Grand Piano,0,65,F4,127,0.25128837500000145,220.84060022916665,221.09188860416666
Acoustic Grand Piano,0,53,F3,127,0.26739660416669153,220.84060022916665,221.10799683333335
Acoustic Grand Piano,0,77,F5,127,0.27383989583333346,220.84060022916665,221.114440125
Acoustic Grand Piano,0,67,G4,127,0.13208747916667107,221.288409,221.42049647916667
Acoustic Grand Piano,0,55,G3,127,0.1514173541666537,221.28196570833333,221.43338306249998
Acoustic Grand Piano,0,79,G5,127,0.17396887500001412,221.28518735416665,221.45915622916667
Acoustic Grand Piano,0,74,D5,127,0.028994812499973932,221.6266818125,221.65567662499998
Acoustic Grand Piano,0,62,D4,127,0.11275760416666003,221.597687,221.71044460416667
Acoustic Grand Piano,0,58,A#3,127,0.057989624999976286,221.752326,221.810315625
Acoustic Grand Piano,0,70,A#4,127,0.06765456249999602,221.752326,221.8199805625
Acoustic Grand Piano,0,65,F4,127,0.13530912499999204,221.926294875,222.061604
Acoustic Grand Piano,0,53,F3,127,0.161082291666645,221.90052170833334,222.061604
Acoustic Grand Piano,0,77,F5,127,0.17074722916666474,221.90374335416666,222.07449058333333
Acoustic Grand Piano,0,70,A#4,127,0.04510304166666401,222.2452378125,222.29034085416666
Acoustic Grand Piano,0,58,A#3,127,0.06443291666664663,222.2259079375,222.29034085416666
Acoustic Grand Piano,0,67,G4,127,0.13530912500002046,222.38699022916666,222.52229935416668
Acoustic Grand Piano,0,55,G3,127,0.1643039374999944,222.3612170625,222.525521
Acoustic Grand Piano,0,56,G#3,127,0.06443291666667506,222.525521,222.58995391666667
Acoustic Grand Piano,0,68,G#4,127,0.07409785416666637,222.5158560625,222.58995391666667
Acoustic Grand Piano,0,69,A4,127,0.11275760416666003,222.69304658333334,222.8058041875
Acoustic Grand Piano,0,57,A3,127,0.11275760416668845,222.70593316666665,222.81869077083334
Acoustic Grand Piano,0,65,F4,127,0.0837627916666861,223.008767875,223.09253066666668
Acoustic Grand Piano,0,72,C5,127,0.11275760416666003,222.9991029375,223.11186054166666
Acoustic Grand Piano,0,77,F5,127,0.1063143125000181,223.008767875,223.1150821875
Acoustic Grand Piano,0,60,C4,127,0.11920089583333038,223.008767875,223.12796877083332
Acoustic Grand Piano,0,55,G3,127,0.0966493750000268,223.29871599999998,223.395365375
Acoustic Grand Piano,0,67,G4,127,0.1192008958333588,223.29871599999998,223.41791689583334
Acoustic Grand Piano,0,68,G#4,127,0.15786064583335246,223.45979829166666,223.6176589375
Acoustic Grand Piano,0,56,G#3,127,0.1997420416666671,223.44046841666668,223.64021045833334
Acoustic Grand Piano,0,69,A4,127,0.13530912499999204,223.781962875,223.917272
Acoustic Grand Piano,0,57,A3,127,0.16108229166667343,223.762633,223.92371529166667
Acoustic Grand Piano,0,65,F4,127,0.13530912500002046,224.07513264583332,224.21044177083334
Acoustic Grand Piano,0,72,C5,127,0.06765456249999602,224.25232316666666,224.31997772916665
Acoustic Grand Piano,0,60,C4,127,0.08698443749997864,224.23943658333334,224.32642102083332
Acoustic Grand Piano,0,57,A3,127,0.17719052083333509,224.39407558333332,224.57126610416665
Acoustic Grand Piano,0,69,A4,127,0.19007710416667578,224.400518875,224.59059597916666
Acoustic Grand Piano,0,58,A#3,127,0.07087620833331698,224.67758041666667,224.748456625
Acoustic Grand Piano,0,70,A#4,127,0.09342772916667741,224.70335358333332,224.7967813125
Acoustic Grand Piano,0,69,A4,127,0.15786064583332404,224.87087916666667,225.0287398125
Acoustic Grand Piano,0,57,A3,127,0.19007710416667578,224.845106,225.03518310416666
Acoustic Grand Piano,0,67,G4,127,0.17074722916666474,225.17049222916665,225.34123945833332
Acoustic Grand Piano,0,55,G3,127,0.2094069791666584,225.15760564583334,225.367012625
Acoustic Grand Piano,0,58,A#3,127,0.048324687499984975,225.46044035416668,225.50876504166666
Acoustic Grand Piano,0,70,A#4,127,0.08376279166665768,225.47010529166667,225.55386808333333
Acoustic Grand Piano,0,65,F4,127,0.15463899999997466,225.63118758333334,225.78582658333332
Acoustic Grand Piano,0,53,F3,127,0.17074722916666474,225.61507935416665,225.78582658333332
Acoustic Grand Piano,0,66,F#4,127,0.06443291666664663,225.9565738125,226.02100672916666
Acoustic Grand Piano,0,78,F#5,127,0.09664937499999837,225.96946039583332,226.06610977083332
Acoustic Grand Piano,0,54,F#3,127,0.17074722916666474,225.94046558333332,226.11121281249999
Acoustic Grand Piano,0,67,G4,127,0.1288658333333501,226.24974358333333,226.37860941666668
Acoustic Grand Piano,0,55,G3,127,0.16752558333334377,226.24330029166666,226.410825875
Acoustic Grand Piano,0,74,D5,127,0.02577316666665297,226.57190816666667,226.59768133333333
Acoustic Grand Piano,0,62,D4,127,0.10631431249998968,226.5751298125,226.68144412499998
Acoustic Grand Piano,0,70,A#4,127,0.06121127083332567,226.70721729166667,226.7684285625
Acoustic Grand Piano,0,65,F4,127,0.13208747916664265,226.874742875,227.00683035416665
Acoustic Grand Piano,0,53,F3,127,0.1643039374999944,226.8457480625,227.010052
Acoustic Grand Piano,0,77,F5,127,0.138530770833313,226.874742875,227.01327364583332
Acoustic Grand Piano,0,58,A#3,127,0.0708762083333454,227.19046416666666,227.261340375
Acoustic Grand Piano,0,70,A#4,127,0.09020608333332802,227.18079922916667,227.2710053125
Acoustic Grand Piano,0,55,G3,127,0.1288658333333501,227.30322177083332,227.43208760416667
Acoustic Grand Piano,0,67,G4,127,0.1288658333333501,227.33221658333332,227.46108241666667
Acoustic Grand Piano,0,56,G#3,127,0.07409785416666637,227.47074735416666,227.54484520833333
Acoustic Grand Piano,0,68,G#4,127,0.0837627916666861,227.48685558333332,227.570618375
Acoustic Grand Piano,0,57,A3,127,0.08698443750000706,227.65438116666667,227.74136560416667
Acoustic Grand Piano,0,69,A4,127,0.11597925000000942,227.65115952083332,227.76713877083333
Acoustic Grand Piano,0,77,F5,127,0.08054114583333671,227.7929119375,227.87345308333335
Acoustic Grand Piano,0,65,F4,127,0.11275760416666003,227.7929119375,227.90566954166667
Acoustic Grand Piano,0,72,C5,127,0.0837627916666861,227.937886,228.02164879166668
Acoustic Grand Piano,0,67,G4,127,0.1288658333333217,228.111854875,228.24072070833333
Acoustic Grand Piano,0,55,G3,127,0.14819570833333273,228.09896829166667,228.247164
Acoustic Grand Piano,0,68,G#4,127,0.08698443749997864,228.421132875,228.5081173125
Acoustic Grand Piano,0,56,G#3,127,0.161082291666645,228.421132875,228.58221516666666
Acoustic Grand Piano,0,69,A4,127,0.13853077083334142,228.72718922916667,228.86572
Acoustic Grand Piano,0,57,A3,127,0.15463900000000308,228.711081,228.86572
Acoustic Grand Piano,0,77,F5,127,0.06121127083332567,229.01391570833334,229.07512697916667
Acoustic Grand Piano,0,65,F4,127,0.11275760416666003,229.01391570833334,229.1266733125
Acoustic Grand Piano,0,72,C5,127,0.045103041666692434,229.16855470833332,229.21365775
Acoustic Grand Piano,0,67,G4,127,0.13853077083334142,229.32641535416667,229.464946125
Acoustic Grand Piano,0,55,G3,127,0.2577316666666718,229.32641535416667,229.58414702083334
Acoustic Grand Piano,0,77,F5,127,0.09664937499999837,229.63247170833333,229.72912108333333
Acoustic Grand Piano,0,72,C5,127,0.09664937499999837,229.638915,229.735564375
Acoustic Grand Piano,0,57,A3,127,0.1739688749999857,229.7838890625,229.9578579375
Acoustic Grand Piano,0,72,C5,127,0.08698443750000706,229.92241983333332,230.00940427083333
Acoustic Grand Piano,0,55,G3,127,0.11275760416668845,230.09961035416666,230.21236795833335
Acoustic Grand Piano,0,67,G4,127,0.13853077083334142,230.09961035416666,230.238141125
Acoustic Grand Piano,0,74,D5,127,0.04188139583334305,230.2671359375,230.30901733333334
Acoustic Grand Piano,0,62,D4,127,0.13208747916664265,230.257471,230.38955847916665
Acoustic Grand Piano,0,58,A#3,127,0.04188139583334305,230.41210999999998,230.45399139583333
Acoustic Grand Piano,0,70,A#4,127,0.09020608333332802,230.4024450625,230.49265114583332
Acoustic Grand Piano,0,53,F3,127,0.1643039374999944,230.5570840625,230.721388
Acoustic Grand Piano,0,65,F4,127,0.19329874999999674,230.56030570833335,230.75360445833334
Acoustic Grand Piano,0,66,F#4,127,0.11275760416668845,230.88569193749998,230.99844954166667
Acoustic Grand Piano,0,54,F#3,127,0.14497406250001177,230.88569193749998,231.030666
Acoustic Grand Piano,0,55,G3,127,0.1288658333333217,231.17886170833333,231.30772754166665
Acoustic Grand Piano,0,67,G4,127,0.15463900000000308,231.185305,231.339944
Acoustic Grand Piano,0,74,D5,127,0.03221645833335174,231.50746958333332,231.53968604166667
Acoustic Grand Piano,0,62,D4,127,0.05154633333333436,231.5042479375,231.55579427083333
Acoustic Grand Piano,0,70,A#4,127,0.0708762083333454,231.6588869375,231.72976314583335
Acoustic Grand Piano,0,65,F4,127,0.2094069791666584,231.803861,232.01326797916667
Acoustic Grand Piano,0,53,F3,127,0.2222935624999991,231.80063935416666,232.02293291666666
Acoustic Grand Piano,0,58,A#3,127,0.054767979166683745,232.113139,232.16790697916667
Acoustic Grand Piano,0,70,A#4,127,0.08054114583330829,232.1228039375,232.20334508333332
Acoustic Grand Piano,0,67,G4,127,0.1739688749999857,232.27099964583334,232.44496852083333
Acoustic Grand Piano,0,55,G3,127,0.21585027083332875,232.267778,232.48362827083332
Acoustic Grand Piano,0,57,A3,127,0.17074722916666474,232.61249410416667,232.78324133333334
Acoustic Grand Piano,0,69,A4,127,0.18685545833335482,232.60927245833332,232.79612791666668
Acoustic Grand Piano,0,81,A5,127,0.17719052083333509,232.62215904166666,232.7993495625
Acoustic Grand Piano,0,65,F4,127,0.11275760416666003,232.90244222916667,233.01519983333333
Acoustic Grand Piano,0,77,F5,127,0.15141735416668212,232.91210716666666,233.06352452083334
Acoustic Grand Piano,0,72,C5,127,0.1643039374999944,232.90244222916667,233.06674616666666
Acoustic Grand Piano,0,60,C4,127,0.17396887500001412,232.89922058333332,233.07318945833333
Acoustic Grand Piano,0,67,G4,127,0.05798962500000471,233.22460681249999,233.2825964375
Acoustic Grand Piano,0,68,G#4,127,0.12242254166665134,233.3599159375,233.48233847916666
Acoustic Grand Piano,0,56,G#3,127,0.17396887500001412,233.369580875,233.54354975
Acoustic Grand Piano,0,71,B4,127,0.11275760416666003,233.67241558333333,233.7851731875
Acoustic Grand Piano,0,57,A3,127,0.16752558333334377,233.659529,233.82705458333334
Acoustic Grand Piano,0,69,A4,127,0.1868554583333264,233.659529,233.84638445833332
Acoustic Grand Piano,0,77,F5,127,0.07731949999998733,233.96558535416668,234.04290485416666
Acoustic Grand Piano,0,65,F4,127,0.09987102083331933,233.98169358333334,234.08156460416666
Acoustic Grand Piano,0,60,C4,127,0.05154633333333436,234.1331109375,234.18465727083333
Acoustic Grand Piano,0,72,C5,127,0.07409785416666637,234.11700270833333,234.1911005625
Acoustic Grand Piano,0,81,A5,127,0.13853077083334142,234.27486335416665,234.413394125
Acoustic Grand Piano,0,69,A4,127,0.14819570833333273,234.27486335416665,234.4230590625
Acoustic Grand Piano,0,57,A3,127,0.2319584999999904,234.27164170833333,234.50360020833332
Acoustic Grand Piano,0,72,C5,127,0.11275760416666003,234.5776980625,234.69045566666665
Acoustic Grand Piano,0,77,F5,127,0.14819570833333273,234.568033125,234.71622883333333
Acoustic Grand Piano,0,57,A3,127,0.19652039583334613,234.7323370625,234.92885745833334
Acoustic Grand Piano,0,72,C5,127,0.08054114583333671,234.88053277083333,234.96107391666666
Acoustic Grand Piano,0,67,G4,127,0.14175241666666238,235.070609875,235.21236229166666
Acoustic Grand Piano,0,79,G5,127,0.20618533333333744,235.05128,235.25746533333333
Acoustic Grand Piano,0,55,G3,127,0.26095331249999276,235.05128,235.31223331249998
Acoustic Grand Piano,0,70,A#4,127,0.14175241666666238,235.360558,235.50231041666666
Acoustic Grand Piano,0,62,D4,127,0.14175241666666238,235.360558,235.50231041666666
Acoustic Grand Piano,0,74,D5,127,0.15463900000000308,235.360558,235.515197
Acoustic Grand Piano,0,58,A#3,127,0.17719052083333509,235.35733635416668,235.534526875
Acoustic Grand Piano,0,65,F4,127,0.06765456249999602,235.669836,235.7374905625
Acoustic Grand Piano,0,70,A#4,127,0.11275760416666003,235.81803170833334,235.9307893125
Acoustic Grand Piano,0,58,A#3,127,0.15463900000000308,235.78903689583333,235.94367589583334
Acoustic Grand Piano,0,62,D4,127,0.08054114583333671,235.95334083333333,236.03388197916667
Acoustic Grand Piano,0,67,G4,127,0.17074722916666474,236.12730970833334,236.2980569375
Acoustic Grand Piano,0,55,G3,127,0.1868554583333264,236.12086641666667,236.307721875
Acoustic Grand Piano,0,79,G5,127,0.18685545833335482,236.13375299999998,236.32060845833334
Acoustic Grand Piano,0,74,D5,127,0.022551520833332006,236.48491239583333,236.50746391666667
Acoustic Grand Piano,0,62,D4,127,0.09020608333332802,236.45591758333333,236.54612366666666
Acoustic Grand Piano,0,58,A#3,127,0.06121127083335409,236.61377822916666,236.6749895
Acoustic Grand Piano,0,70,A#4,127,0.06121127083332567,236.62988645833335,236.69109772916667
Acoustic Grand Piano,0,53,F3,127,0.048324687499984975,236.76519558333334,236.81352027083332
Acoustic Grand Piano,0,65,F4,127,0.06121127083332567,236.76519558333334,236.82640685416666
Acoustic Grand Piano,0,67,G4,127,0.11275760416666003,236.906948,237.01970560416666
Acoustic Grand Piano,0,55,G3,127,0.13208747916667107,236.906948,237.03903547916667
Acoustic Grand Piano,0,79,G5,127,0.13853077083334142,236.906948,237.04547877083334
Acoustic Grand Piano,0,81,A5,127,0.4220356041666662,237.21944764583333,237.64148325
Acoustic Grand Piano,0,69,A4,127,0.4639169999999808,237.216226,237.680143
Acoustic Grand Piano,0,57,A3,127,0.5057983958333239,237.216226,237.72202439583333
Acoustic Grand Piano,0,67,G4,127,0.08376279166665768,237.83156035416667,237.91532314583333
Acoustic Grand Piano,0,65,F4,127,0.09342772916664899,237.83156035416667,237.92498808333332
Acoustic Grand Piano,0,62,D4,127,0.10953595833333907,237.834782,237.94431795833333
Acoustic Grand Piano,0,72,C5,127,0.12242254166665134,237.83156035416667,237.95398289583332
Acoustic Grand Piano,0,60,C4,127,0.13530912499999204,237.83156035416667,237.96686947916666
Acoustic Grand Piano,0,77,F5,127,0.14497406249998335,237.83156035416667,237.97653441666665
Acoustic Grand Piano,0,69,A4,127,0.11920089583333038,238.16016822916666,238.279369125
Acoustic Grand Piano,0,81,A5,127,0.2706182500000125,238.16016822916666,238.43078647916667
Acoustic Grand Piano,0,57,A3,127,0.2835048333333532,238.16016822916666,238.4436730625
Acoustic Grand Piano,0,81,A5,127,0.08698443750000706,238.63052852083334,238.71751295833334
Acoustic Grand Piano,0,57,A3,127,0.14175241666666238,238.607977,238.74972941666667
Acoustic Grand Piano,0,69,A4,127,0.13853077083334142,238.6176419375,238.75617270833334
Acoustic Grand Piano,0,77,F5,127,0.05154633333333436,238.92047664583333,238.97202297916667
Acoustic Grand Piano,0,65,F4,127,0.10631431249998968,238.92047664583333,239.02679095833332
Acoustic Grand Piano,0,72,C5,127,0.06443291666667506,239.05578577083332,239.1202186875
Acoustic Grand Piano,0,60,C4,127,0.05154633333333436,239.071894,239.12344033333332
Acoustic Grand Piano,0,57,A3,127,0.038659750000022086,239.226533,239.26519275
Acoustic Grand Piano,0,69,A4,127,0.06765456249999602,239.2168680625,239.284522625
Acoustic Grand Piano,0,81,A5,127,0.07731949999998733,239.2168680625,239.29418756249999
Acoustic Grand Piano,0,69,A4,127,0.1288658333333217,239.37795035416667,239.5068161875
Acoustic Grand Piano,0,81,A5,127,0.138530770833313,239.37795035416667,239.51648112499998
Acoustic Grand Piano,0,57,A3,127,0.14819570833333273,239.37795035416667,239.5261460625
Acoustic Grand Piano,0,67,G4,127,0.3833758541666725,239.70333658333334,240.0867124375
Acoustic Grand Piano,0,79,G5,127,0.40270572916665515,239.70333658333334,240.1060423125
Acoustic Grand Piano,0,55,G3,127,0.5444581458333175,239.70333658333334,240.24779472916666
Acoustic Grand Piano,0,70,A#4,127,0.12242254166665134,240.309006,240.43142854166666
Acoustic Grand Piano,0,62,D4,127,0.13530912499999204,240.30578435416666,240.44109347916665
Acoustic Grand Piano,0,74,D5,127,0.13530912499999204,240.309006,240.444315125
Acoustic Grand Piano,0,58,A#3,127,0.16752558333334377,240.30578435416666,240.4733099375
Acoustic Grand Piano,0,65,F4,127,0.11597925000000942,240.61506235416667,240.73104160416668
Acoustic Grand Piano,0,53,F3,127,0.12564418750000073,240.6086190625,240.73426325
Acoustic Grand Piano,0,54,F#3,127,0.1643039374999944,240.7632580625,240.927562
Acoustic Grand Piano,0,55,G3,127,0.17719052083333509,241.03709795833333,241.21428847916667
Acoustic Grand Piano,0,67,G4,127,0.16752558333334377,241.05964947916667,241.2271750625
Acoustic Grand Piano,0,74,D5,127,0.038659749999993664,241.41725216666666,241.45591191666665
Acoustic Grand Piano,0,62,D4,127,0.10953595833333907,241.40758722916667,241.5171231875
Acoustic Grand Piano,0,58,A#3,127,0.054767979166683745,241.57189116666666,241.62665914583334
Acoustic Grand Piano,0,70,A#4,127,0.07409785416666637,241.56222622916667,241.63632408333334
Acoustic Grand Piano,0,52,E3,127,0.07731950000001575,241.72653016666666,241.80384966666668
Acoustic Grand Piano,0,65,F4,127,0.13208747916664265,241.72330852083334,241.85539599999998
Acoustic Grand Piano,0,53,F3,127,0.138530770833313,241.71686522916667,241.85539599999998
Acoustic Grand Piano,0,70,A#4,127,0.0354381041666727,242.029364875,242.06480297916667
Acoustic Grand Piano,0,67,G4,127,0.13853077083334142,242.18078222916665,242.319313
Acoustic Grand Piano,0,55,G3,127,0.15786064583332404,242.16145235416667,242.319313
Acoustic Grand Piano,0,62,D4,127,0.3479377499999998,242.473952,242.82188975
Acoustic Grand Piano,0,74,D5,127,0.36726762500001087,242.473952,242.841219625
Acoustic Grand Piano,0,70,A#4,127,0.37048927083333183,242.473952,242.84444127083333
Acoustic Grand Piano,0,58,A#3,127,0.3737109166666812,242.473952,242.84766291666668
Acoustic Grand Piano,0,55,G3,127,0.3833758541666725,242.473952,242.85732785416667
Acoustic Grand Piano,0,67,G4,127,0.3898191458333429,242.473952,242.86377114583334
Acoustic Grand Piano,0,64,E4,127,0.06765456250002444,242.97975039583332,243.04740495833335
Acoustic Grand Piano,0,62,D4,127,0.1063143125000181,242.97975039583332,243.08606470833334
Acoustic Grand Piano,0,55,G3,127,0.12242254166667976,242.97975039583332,243.1021729375
Acoustic Grand Piano,0,58,A#3,127,0.13208747916667107,242.97975039583332,243.111837875
Acoustic Grand Piano,0,70,A#4,127,0.13530912500002046,242.97975039583332,243.11505952083334
Acoustic Grand Piano,0,67,G4,127,0.15141735416668212,242.97975039583332,243.13116775
Acoustic Grand Piano,0,74,D5,127,0.15786064583335246,242.97975039583332,243.13761104166667
Acoustic Grand Piano,0,69,A4,127,0.11920089583333038,243.711064,243.83026489583332
Acoustic Grand Piano,0,57,A3,127,0.2899481249999951,243.711064,244.001012125
Acoustic Grand Piano,0,65,F4,127,0.07087620833331698,244.0106770625,244.08155327083333
Acoustic Grand Piano,0,72,C5,127,0.08054114583333671,244.0106770625,244.09121820833334
Acoustic Grand Piano,0,55,G3,127,0.183633812499977,244.18786758333334,244.37150139583332
Acoustic Grand Piano,0,67,G4,127,0.1997420416666671,244.18786758333334,244.387609625
Acoustic Grand Piano,0,70,A#4,127,0.14819570833333273,244.50036722916667,244.6485629375
Acoustic Grand Piano,0,58,A#3,127,0.18363381250000543,244.49714558333332,244.68077939583333
Acoustic Grand Piano,0,57,A3,127,0.1997420416666671,244.793537,244.99327904166665
Acoustic Grand Piano,0,69,A4,127,0.2126286250000078,244.793537,245.006165625
Acoustic Grand Piano,0,77,F5,127,0.05798962500000471,245.11892322916665,245.17691285416666
Acoustic Grand Piano,0,65,F4,127,0.10953595833333907,245.10925829166666,245.21879425
Acoustic Grand Piano,0,72,C5,127,0.07409785416666637,245.257454,245.33155185416666
Acoustic Grand Piano,0,60,C4,127,0.0708762083333454,245.2671189375,245.33799514583333
Acoustic Grand Piano,0,69,A4,127,0.15463899999997466,245.40887135416668,245.56351035416665
Acoustic Grand Piano,0,57,A3,127,0.2577316666666718,245.4217579375,245.67948960416666
Acoustic Grand Piano,0,72,C5,127,0.10309266666666872,245.72459264583333,245.8276853125
Acoustic Grand Piano,0,77,F5,127,0.13530912499999204,245.72459264583333,245.85990177083332
Acoustic Grand Piano,0,57,A3,127,0.21585027083335717,245.85990177083332,246.07575204166668
Acoustic Grand Piano,0,72,C5,127,0.0837627916666861,246.00809747916665,246.09186027083334
Acoustic Grand Piano,0,67,G4,127,0.10309266666666872,246.16917977083332,246.2722724375
Acoustic Grand Piano,0,79,G5,127,0.10953595833333907,246.165958125,246.27549408333334
Acoustic Grand Piano,0,55,G3,127,0.11597925000000942,246.1756230625,246.2916023125
Acoustic Grand Piano,0,74,D5,127,0.054767979166683745,246.35603522916665,246.41080320833333
Acoustic Grand Piano,0,62,D4,127,0.14175241666666238,246.3302620625,246.47201447916666
Acoustic Grand Piano,0,58,A#3,127,0.038659749999993664,246.47845777083333,246.51711752083332
Acoustic Grand Piano,0,70,A#4,127,0.06443291666667506,246.47845777083333,246.5428906875
Acoustic Grand Piano,0,65,F4,127,0.14497406249998335,246.6395400625,246.784514125
Acoustic Grand Piano,0,53,F3,127,0.16108229166667343,246.63631841666665,246.79740070833333
Acoustic Grand Piano,0,77,F5,127,0.1739688749999857,246.62343183333334,246.79740070833333
Acoustic Grand Piano,0,66,F#4,127,0.09342772916664899,246.9488180625,247.04224579166666
Acoustic Grand Piano,0,78,F#5,127,0.12564418750000073,246.95203970833333,247.07768389583333
Acoustic Grand Piano,0,54,F#3,127,0.14175241666666238,246.958483,247.10023541666666
Acoustic Grand Piano,0,67,G4,127,0.15786064583335246,247.25165277083332,247.40951341666667
Acoustic Grand Piano,0,79,G5,127,0.19652039583334613,247.25165277083332,247.44817316666666
Acoustic Grand Piano,0,55,G3,127,0.1997420416666671,247.26131770833334,247.46105975
Acoustic Grand Piano,0,58,A#3,127,0.05154633333333436,247.55126583333333,247.60281216666667
Acoustic Grand Piano,0,62,D4,127,0.06765456249999602,247.55126583333333,247.61892039583333
Acoustic Grand Piano,0,81,A5,127,0.0483246875000134,247.57381735416666,247.62214204166668
Acoustic Grand Piano,0,69,A4,127,0.06765456250002444,247.55448747916665,247.62214204166668
Acoustic Grand Piano,0,58,A#3,127,0.0708762083333454,247.70912647916666,247.7800026875
Acoustic Grand Piano,0,62,D4,127,0.07087620833331698,247.712348125,247.78322433333332
Acoustic Grand Piano,0,81,A5,127,0.09020608333332802,247.712348125,247.80255420833333
Acoustic Grand Piano,0,69,A4,127,0.09664937499999837,247.70912647916666,247.80577585416665
Acoustic Grand Piano,0,62,D4,127,0.10309266666666872,247.88953864583334,247.9926313125
Acoustic Grand Piano,0,69,A4,127,0.1288658333333217,247.88953864583334,248.01840447916666
Acoustic Grand Piano,0,58,A#3,127,0.13530912500002046,247.886317,248.021626125
Acoustic Grand Piano,0,81,A5,127,0.14819570833333273,247.88953864583334,248.03773435416667
Acoustic Grand Piano,0,58,A#3,127,0.04510304166666401,248.195595,248.24069804166666
Acoustic Grand Piano,0,69,A4,127,0.05154633333333436,248.2052599375,248.25680627083332
Acoustic Grand Piano,0,62,D4,127,0.07087620833331698,248.19237335416668,248.2632495625
Acoustic Grand Piano,0,81,A5,127,0.3898191458333429,248.350234,248.74005314583334
Acoustic Grand Piano,0,69,A4,127,0.4220356041666662,248.350234,248.77226960416667
Acoustic Grand Piano,0,57,A3,127,0.5766746041666693,248.350234,248.92690860416667
Acoustic Grand Piano,0,65,F4,127,0.1063143125000181,248.9977848125,249.104099125
Acoustic Grand Piano,0,72,C5,127,0.12564418750000073,248.988119875,249.1137640625
Acoustic Grand Piano,0,77,F5,127,0.13530912499999204,248.99456316666667,249.12987229166666
Acoustic Grand Piano,0,60,C4,127,0.15463900000000308,249.00744975,249.16208875
Acoustic Grand Piano,0,69,A4,127,0.08698443749997864,249.30384116666667,249.39082560416665
Acoustic Grand Piano,0,57,A3,127,0.11275760416666003,249.31028445833334,249.4230420625
Acoustic Grand Piano,0,72,C5,127,0.09987102083334776,249.44881522916666,249.54868625
Acoustic Grand Piano,0,60,C4,127,0.12564418750000073,249.44881522916666,249.57445941666666
Acoustic Grand Piano,0,77,F5,127,0.06765456249999602,249.587346,249.6550005625
Acoustic Grand Piano,0,65,F4,127,0.07409785416666637,249.587346,249.66144385416666
Acoustic Grand Piano,0,69,A4,127,0.19329874999999674,249.74520664583332,249.93850539583332
Acoustic Grand Piano,0,81,A5,127,0.20618533333333744,249.74520664583332,249.95139197916666
Acoustic Grand Piano,0,57,A3,127,0.2222935624999991,249.74520664583332,249.96750020833332
Acoustic Grand Piano,0,77,F5,127,0.038659749999993664,250.07703616666666,250.11569591666665
Acoustic Grand Piano,0,65,F4,127,0.09987102083334776,250.06414958333332,250.16402060416667
Acoustic Grand Piano,0,60,C4,127,0.06121127083335409,250.21234529166665,250.2735565625
Acoustic Grand Piano,0,72,C5,127,0.0708762083333454,250.20268035416666,250.2735565625
Acoustic Grand Piano,0,57,A3,127,0.20618533333330902,250.35409770833334,250.56028304166665
Acoustic Grand Piano,0,69,A4,127,0.2706182499999841,250.35409770833334,250.62471595833333
Acoustic Grand Piano,0,81,A5,127,0.28350483333332477,250.3508760625,250.63438089583332
Acoustic Grand Piano,0,62,D4,127,0.32216458333334685,250.81157141666665,251.133736
Acoustic Grand Piano,0,81,A5,127,0.4349221875000069,250.81157141666665,251.24649360416666
Acoustic Grand Piano,0,69,A4,127,0.43814383333335627,250.81157141666665,251.24971525
Acoustic Grand Piano,0,58,A#3,127,0.747421833333334,250.81157141666665,251.55899325
Acoustic Grand Piano,0,70,A#4,127,0.11920089583333038,251.462343875,251.58154477083332
Acoustic Grand Piano,0,74,D5,127,0.12242254166665134,251.4720088125,251.59443135416666
Acoustic Grand Piano,0,62,D4,127,0.17719052083333509,251.4526789375,251.62986945833333
Acoustic Grand Piano,0,67,G4,127,0.08698443750000706,251.76517858333332,251.85216302083333
Acoustic Grand Piano,0,55,G3,127,0.09987102083331933,251.75551364583333,251.85538466666665
Acoustic Grand Piano,0,74,D5,127,0.06121127083335409,251.906931,251.96814227083334
Acoustic Grand Piano,0,62,D4,127,0.14175241666666238,251.90048770833334,252.042240125
Acoustic Grand Piano,0,58,A#3,127,0.05476797916665532,252.042240125,252.09700810416666
Acoustic Grand Piano,0,70,A#4,127,0.0708762083333454,252.05512670833332,252.12600291666666
Acoustic Grand Piano,0,67,G4,127,0.18363381250000543,252.20976570833332,252.39339952083333
Acoustic Grand Piano,0,79,G5,127,0.20618533333333744,252.20976570833332,252.41595104166666
Acoustic Grand Piano,0,55,G3,127,0.22551520833334848,252.20976570833332,252.43528091666667
Acoustic Grand Piano,0,74,D5,127,0.038659750000022086,252.5351519375,252.5738116875
Acoustic Grand Piano,0,62,D4,127,0.1288658333333501,252.5351519375,252.66401777083334
Acoustic Grand Piano,0,58,A#3,127,0.05476797916665532,252.680126,252.73489397916666
Acoustic Grand Piano,0,70,A#4,127,0.06765456249999602,252.6704610625,252.738115625
Acoustic Grand Piano,0,55,G3,127,0.15463900000000308,252.834765,252.989404
Acoustic Grand Piano,0,67,G4,127,0.15463900000000308,252.83798664583333,252.99262564583333
Acoustic Grand Piano,0,79,G5,127,0.1965203958333177,252.834765,253.03128539583332
Acoustic Grand Piano,0,68,G#4,127,0.08054114583333671,253.16981616666666,253.2503573125
Acoustic Grand Piano,0,80,G#5,127,0.11920089583333038,253.16981616666666,253.2890170625
Acoustic Grand Piano,0,56,G#3,127,0.1514173541666537,253.16015122916667,253.31156858333333
Acoustic Grand Piano,0,69,A4,127,0.15786064583335246,253.453321,253.61118164583334
Acoustic Grand Piano,0,81,A5,127,0.18041216666668447,253.453321,253.63373316666667
Acoustic Grand Piano,0,57,A3,127,0.183633812499977,253.4629859375,253.64661974999999
Acoustic Grand Piano,0,77,F5,127,0.057989624999976286,253.76582064583334,253.82381027083332
Acoustic Grand Piano,0,65,F4,127,0.10631431249998968,253.76582064583334,253.87213495833333
Acoustic Grand Piano,0,72,C5,127,0.0708762083333454,253.917238,253.98811420833334
Acoustic Grand Piano,0,60,C4,127,0.0708762083333454,253.917238,253.98811420833334
Acoustic Grand Piano,0,67,G4,127,0.14497406249998335,254.071877,254.21685106249998
Acoustic Grand Piano,0,55,G3,127,0.15463900000000308,254.071877,254.226516
Acoustic Grand Piano,0,79,G5,127,0.15786064583332404,254.071877,254.22973764583332
Acoustic Grand Piano,0,58,A#3,127,0.0483246875000134,254.37793335416666,254.42625804166667
Acoustic Grand Piano,0,70,A#4,127,0.04188139583334305,254.3908199375,254.43270133333334
Acoustic Grand Piano,0,57,A3,127,0.04510304166666401,254.555123875,254.60022691666666
Acoustic Grand Piano,0,69,A4,127,0.07087620833331698,254.535794,254.60667020833333
Acoustic Grand Piano,0,69,A4,127,0.13853077083334142,254.70331958333333,254.84185035416667
Acoustic Grand Piano,0,57,A3,127,0.14175241666666238,254.70331958333333,254.845072
Acoustic Grand Piano,0,81,A5,127,0.18363381250000543,254.69043299999998,254.8740668125
Acoustic Grand Piano,0,77,F5,127,0.04188139583334305,254.999711,255.04159239583333
Acoustic Grand Piano,0,65,F4,127,0.09987102083334776,254.999711,255.09958202083334
Acoustic Grand Piano,0,72,C5,127,0.06765456249999602,255.13179847916666,255.19945304166666
Acoustic Grand Piano,0,60,C4,127,0.06765456249999602,255.1446850625,255.212339625
Acoustic Grand Piano,0,69,A4,127,0.15141735416668212,255.30254570833333,255.4539630625
Acoustic Grand Piano,0,81,A5,127,0.15786064583332404,255.30254570833333,255.46040635416665
Acoustic Grand Piano,0,57,A3,127,0.23840179166666076,255.30254570833333,255.5409475
Acoustic Grand Piano,0,72,C5,127,0.09987102083331933,255.618267,255.71813802083332
Acoustic Grand Piano,0,77,F5,127,0.12564418750000073,255.618267,255.7439111875
Acoustic Grand Piano,0,72,C5,127,0.08698443750000706,255.89532854166666,255.98231297916666
Acoustic Grand Piano,0,57,A3,127,0.2190719166666497,255.76646270833334,255.98553462499999
Acoustic Grand Piano,0,67,G4,127,0.19652039583337455,256.082184,256.27870439583336
Acoustic Grand Piano,0,79,G5,127,0.20618533333333744,256.082184,256.2883693333333
Acoustic Grand Piano,0,55,G3,127,0.28994812500002354,256.082184,256.372132125
Acoustic Grand Piano,0,70,A#4,127,0.14819570833333273,256.40757022916665,256.5557659375
Acoustic Grand Piano,0,74,D5,127,0.17719052083333509,256.40434858333333,256.58153910416667
Acoustic Grand Piano,0,62,D4,127,0.18041216666665605,256.40434858333333,256.58476075
Acoustic Grand Piano,0,58,A#3,127,0.2094069791666584,256.40434858333333,256.6137555625
Acoustic Grand Piano,0,65,F4,127,0.0676545624999676,256.71362658333334,256.7812811458333
Acoustic Grand Piano,0,53,F3,127,0.09342772916664899,256.71362658333334,256.8070543125
Acoustic Grand Piano,0,66,F#4,127,0.15141735416671054,256.8682655833333,257.0196829375
Acoustic Grand Piano,0,54,F#3,127,0.1997420416666955,256.8682655833333,257.068007625
Acoustic Grand Piano,0,55,G3,127,0.1288658333333501,257.19043016666666,257.319296
Acoustic Grand Piano,0,67,G4,127,0.1288658333333501,257.19043016666666,257.319296
Acoustic Grand Piano,0,74,D5,127,0.04510304166666401,257.4868215833333,257.531924625
Acoustic Grand Piano,0,62,D4,127,0.138530770833313,257.4835999375,257.6221307083333
Acoustic Grand Piano,0,58,A#3,127,0.0676545624999676,257.6156874166667,257.68334197916664
Acoustic Grand Piano,0,70,A#4,127,0.0708762083333454,257.6221307083333,257.69300691666666
Acoustic Grand Piano,0,67,G4,127,0.09020608333332802,257.783213,257.8734190833333
Acoustic Grand Piano,0,55,G3,127,0.09342772916664899,257.783213,257.87664072916664
Acoustic Grand Piano,0,79,G5,127,0.0966493750000268,257.7864346458333,257.88308402083334
Acoustic Grand Piano,0,67,G4,127,0.11275760416663161,257.9539602291667,258.0667178333333
Acoustic Grand Piano,0,55,G3,127,0.12886583333329327,257.9539602291667,258.0828260625
Acoustic Grand Piano,0,79,G5,127,0.16108229166667343,257.94429529166666,258.10537758333334
Acoustic Grand Piano,0,81,A5,127,0.33505116666668755,258.24712999999997,258.58218116666666
Acoustic Grand Piano,0,69,A4,127,0.4155923125000527,258.24712999999997,258.6627223125
Acoustic Grand Piano,0,57,A3,127,0.4832468750000203,258.24712999999997,258.730376875
Acoustic Grand Piano,0,65,F4,127,0.11597925000000942,258.8753509375,258.9913301875
Acoustic Grand Piano,0,72,C5,127,0.15786064583335246,258.86246435416666,259.020325
Acoustic Grand Piano,0,77,F5,127,0.17719052083333509,258.86246435416666,259.039654875
Acoustic Grand Piano,0,60,C4,127,0.1804121666667129,258.88179422916664,259.06220639583336
Acoustic Grand Piano,0,69,A4,127,0.08054114583336514,259.174964,259.25550514583335
Acoustic Grand Piano,0,57,A3,127,0.10309266666666872,259.19107222916665,259.2941648958333
Acoustic Grand Piano,0,72,C5,127,0.11275760416668845,259.3199380625,259.4326956666667
Acoustic Grand Piano,0,60,C4,127,0.14175241666663396,259.329603,259.47135541666665
Acoustic Grand Piano,0,65,F4,127,0.06121127083332567,259.484242,259.5454532708333
Acoustic Grand Piano,0,77,F5,127,0.06121127083332567,259.484242,259.5454532708333
Acoustic Grand Piano,0,69,A4,127,0.17396887500001412,259.63888099999997,259.812849875
Acoustic Grand Piano,0,81,A5,127,0.19652039583337455,259.63888099999997,259.83540139583334
Acoustic Grand Piano,0,57,A3,127,0.19652039583337455,259.63888099999997,259.83540139583334
Acoustic Grand Piano,0,77,F5,127,0.05798962500000471,259.9610455833333,260.0190352083333
Acoustic Grand Piano,0,65,F4,127,0.08698443750000706,259.967488875,260.0544733125
Acoustic Grand Piano,0,60,C4,127,0.0676545624999676,260.102798,260.1704525625
Acoustic Grand Piano,0,72,C5,127,0.0676545624999676,260.102798,260.1704525625
Acoustic Grand Piano,0,57,A3,127,0.1965203958333177,260.25421535416666,260.45073575
Acoustic Grand Piano,0,69,A4,127,0.3124996458333271,260.25421535416666,260.566715
Acoustic Grand Piano,0,81,A5,127,0.3157212916666481,260.25421535416666,260.5699366458333
Acoustic Grand Piano,0,58,A#3,127,0.1965203958333177,260.721354,260.91787439583334
Acoustic Grand Piano,0,62,D4,127,0.26095331249996434,260.70524577083336,260.9661990833333
Acoustic Grand Piano,0,81,A5,127,0.35438104166667017,260.721354,261.0757350416667
Acoustic Grand Piano,0,69,A4,127,0.3865974999999935,260.721354,261.1079515
Acoustic Grand Piano,0,55,G3,127,0.6346642291666171,260.70524577083336,261.33991
Acoustic Grand Piano,0,62,D4,127,0.1417524166666908,261.33991,261.48166241666667
Acoustic Grand Piano,0,70,A#4,127,0.15141735416671054,261.33991,261.4913273541667
Acoustic Grand Piano,0,74,D5,127,0.17074722916669316,261.33991,261.51065722916667
Acoustic Grand Piano,0,58,A#3,127,0.17396887500001412,261.33991,261.513878875
Acoustic Grand Piano,0,67,G4,127,0.09342772916664899,261.6588529375,261.75228066666665
Acoustic Grand Piano,0,55,G3,127,0.1675255833333722,261.649188,261.81671358333335
Acoustic Grand Piano,0,70,A#4,127,0.07731949999998733,261.8006053541667,261.8779248541667
Acoustic Grand Piano,0,58,A#3,127,0.14175241666663396,261.78771877083335,261.9294711875
Acoustic Grand Piano,0,74,D5,127,0.054767979166683745,261.958466,262.01323397916667
Acoustic Grand Piano,0,62,D4,127,0.07409785416666637,261.9423577708333,262.016455625
Acoustic Grand Piano,0,55,G3,127,0.20618533333333744,262.1066617083333,262.31284704166666
Acoustic Grand Piano,0,79,G5,127,0.21262862499997937,262.113105,262.325733625
Acoustic Grand Piano,0,67,G4,127,0.21585027083330033,262.113105,262.3289552708333
Acoustic Grand Piano,0,70,A#4,127,0.06121127083332567,262.441712875,262.50292414583333
Acoustic Grand Piano,0,58,A#3,127,0.0708762083333454,262.44815616666665,262.519032375
Acoustic Grand Piano,0,74,D5,127,0.048324687499984975,262.58990858333334,262.6382332708333
Acoustic Grand Piano,0,62,D4,127,0.08054114583330829,262.57057870833336,262.65111985416667
Acoustic Grand Piano,0,67,G4,127,0.138530770833313,262.73488264583335,262.87341341666666
Acoustic Grand Piano,0,55,G3,127,0.15141735416671054,262.731661,262.8830783541667
Acoustic Grand Piano,0,58,A#3,127,0.04188139583334305,263.00550089583334,263.0473822916667
Acoustic Grand Piano,0,62,D4,127,0.03221645833332332,263.0248307708333,263.05704722916664
Acoustic Grand Piano,0,70,A#4,127,0.06443291666670348,263.0248307708333,263.0892636875
Acoustic Grand Piano,0,67,G4,127,0.13208747916667107,263.17946977083335,263.31155725
Acoustic Grand Piano,0,55,G3,127,0.183633812499977,263.15369660416667,263.33733041666665
Acoustic Grand Piano,0,70,A#4,127,0.07409785416666637,263.504856,263.5789538541667
Acoustic Grand Piano,0,74,D5,127,0.07409785416666637,263.504856,263.5789538541667
Acoustic Grand Piano,0,58,A#3,127,0.08376279166662925,263.504856,263.58861879166665
Acoustic Grand Piano,0,62,D4,127,0.08376279166662925,263.504856,263.58861879166665
Acoustic Grand Piano,0,67,G4,127,0.08376279166662925,263.504856,263.58861879166665
Acoustic Grand Piano,0,55,G3,127,0.08376279166662925,263.504856,263.58861879166665
Acoustic Grand Piano,0,62,D4,127,0.10953595833331065,263.814134,263.92366995833333
Acoustic Grand Piano,0,70,A#4,127,0.11275760416663161,263.814134,263.92689160416666
Acoustic Grand Piano,0,74,D5,127,0.11275760416663161,263.814134,263.92689160416666
Acoustic Grand Piano,0,58,A#3,127,0.12242254166665134,263.814134,263.9365565416667
Acoustic Grand Piano,0,67,G4,127,0.12242254166665134,263.814134,263.9365565416667
Acoustic Grand Piano,0,55,G3,127,0.13208747916667107,263.8044690625,263.9365565416667
Acoustic Grand Piano,0,57,A3,127,0.04832468750004182,264.1073037708333,264.15562845833335
Acoustic Grand Piano,0,72,C5,127,0.0547679791666269,264.1105254166667,264.1652933958333
Acoustic Grand Piano,0,69,A4,127,0.06443291666670348,264.1073037708333,264.1717366875
Acoustic Grand Piano,0,53,F3,127,0.06443291666670348,264.1073037708333,264.1717366875
Acoustic Grand Piano,0,60,C4,127,0.0708762083333454,264.1073037708333,264.17817997916666
Acoustic Grand Piano,0,65,F4,127,0.07731950000004417,264.1073037708333,264.18462327083336
Acoustic Grand Piano,0,61,C#4,127,0.048324687499984975,264.278051,264.3263756875
Acoustic Grand Piano,0,74,D5,127,0.0837627916666861,264.278051,264.3618137916667
Acoustic Grand Piano,0,55,G3,127,0.09342772916664899,264.278051,264.37147872916665
Acoustic Grand Piano,0,67,G4,127,0.09987102083334776,264.278051,264.37792202083335
Acoustic Grand Piano,0,70,A#4,127,0.09987102083334776,264.278051,264.37792202083335
Acoustic Grand Piano,0,62,D4,127,0.09987102083334776,264.278051,264.37792202083335
Acoustic Grand Piano,0,58,A#3,127,0.11275760416663161,264.278051,264.39080860416664
Acoustic Grand Piano,0,77,F5,127,0.0547679791666269,265.2348798125,265.28964779166665
Acoustic Grand Piano,0,67,G4,127,0.2609533125000212,265.23165816666665,265.49261147916667
Acoustic Grand Piano,0,65,F4,127,0.29639141666666546,265.23165816666665,265.5280495833333
Acoustic Grand Piano,0,69,A4,127,0.30927800000000616,265.23165816666665,265.54093616666665
Acoustic Grand Piano,0,72,C5,127,0.3286078749999888,265.23165816666665,265.56026604166664
Acoustic Grand Piano,0,57,A3,127,0.3414944583333295,265.23165816666665,265.573152625
Acoustic Grand Piano,0,60,C4,127,0.3414944583333295,265.23165816666665,265.573152625
Acoustic Grand Piano,0,53,F3,127,0.3511593958333492,265.23165816666665,265.5828175625
Acoustic Grand Piano,0,55,G3,127,0.11275760416668845,265.669802,265.7825596041667
Acoustic Grand Piano,0,67,G4,127,0.11597925000000942,265.669802,265.78578125
Acoustic Grand Piano,0,62,D4,127,0.11597925000000942,265.669802,265.78578125
Acoustic Grand Piano,0,58,A#3,127,0.12242254166665134,265.669802,265.79222454166666
Acoustic Grand Piano,0,70,A#4,127,0.1288658333333501,265.669802,265.79866783333335
Acoustic Grand Piano,0,74,D5,127,0.1288658333333501,265.669802,265.79866783333335
Acoustic Grand Piano,0,70,A#4,127,0.23840179166666076,266.307687875,266.54608966666666
Acoustic Grand Piano,0,67,G4,127,0.2480667291666805,266.307687875,266.5557546041667
Acoustic Grand Piano,0,74,D5,127,0.2577316666666434,266.307687875,266.56541954166664
Acoustic Grand Piano,0,62,D4,127,0.2706182499999841,266.307687875,266.578306125
Acoustic Grand Piano,0,58,A#3,127,0.2706182499999841,266.307687875,266.578306125
Trumpet,56,79,G5,127,0.2190719166666666,4.948448,5.1675199166666665
Trumpet,56,67,G4,127,0.22873685416666678,4.948448,5.177184854166667
Trumpet,56,79,G5,127,0.08698443749999996,5.412365,5.4993494375
Trumpet,56,67,G4,127,0.09020608333333335,5.412365,5.502571083333334
Trumpet,56,79,G5,127,0.14497406250000022,5.567004,5.7119780625
Trumpet,56,67,G4,127,0.15141735416666702,5.567004,5.718421354166667
Trumpet,56,77,F5,127,0.7635300625000001,5.876282,6.6398120625
Trumpet,56,65,F4,127,0.8118547500000002,5.876282,6.68813675
Trumpet,56,74,D5,127,0.14819570833333362,6.804116,6.952311708333333
Trumpet,56,62,D4,127,0.2029636875000005,6.804116,7.0070796875
Trumpet,56,77,F5,127,0.14819570833333362,6.958755,7.106950708333334
Trumpet,56,65,F4,127,0.16108229166666632,6.958755,7.119837291666666
Trumpet,56,79,G5,127,0.15463900000000042,7.268033,7.422672
Trumpet,56,67,G4,127,0.15463900000000042,7.268033,7.422672
Trumpet,56,79,G5,127,0.1771905208333333,14.999983,15.177173520833334
Trumpet,56,67,G4,127,0.2029636874999987,14.999983,15.202946687499999
Trumpet,56,79,G5,127,0.09342772916666675,17.783485,17.876912729166666
Trumpet,56,67,G4,127,0.09987102083333355,17.783485,17.883356020833332
Trumpet,56,67,G4,127,0.3382728125000014,17.938124,18.2763968125
Trumpet,56,79,G5,127,0.34149445833333303,17.938124,18.27961845833333
Trumpet,56,77,F5,127,0.09020608333333158,18.402041,18.492247083333332
Trumpet,56,65,F4,127,0.09342772916666675,18.402041,18.495468729166667
Trumpet,56,77,F5,127,0.5798962500000009,18.55668,19.13657625
Trumpet,56,65,F4,127,0.5895611874999993,18.55668,19.1462411875
Trumpet,56,77,F5,127,0.09987102083333355,19.175235999999998,19.27510702083333
Trumpet,56,65,F4,127,0.11597925000000231,19.175235999999998,19.29121525
Trumpet,56,62,D4,127,0.19974204166666354,19.329875,19.529617041666665
Trumpet,56,74,D5,127,0.19974204166666354,19.329875,19.529617041666665
Trumpet,56,77,F5,127,0.10953595833333196,19.639153,19.748688958333332
Trumpet,56,65,F4,127,0.13853077083333432,19.639153,19.777683770833335
Trumpet,56,67,G4,127,0.2158502708333323,19.793792,20.009642270833332
Trumpet,56,79,G5,127,0.2222935624999991,19.793792,20.0160855625
Trumpet,56,79,G5,127,0.16108229166666632,20.257709,20.418791291666665
Trumpet,56,67,G4,127,0.16752558333333312,20.257709,20.42523458333333
Trumpet,56,69,A4,127,0.15786064583333115,29.845327,30.003187645833332
Trumpet,56,81,A5,127,0.15786064583333115,29.845327,30.003187645833332
Trumpet,56,79,G5,127,0.11920089583333393,29.999966,30.119166895833335
Trumpet,56,67,G4,127,0.16108229166666632,29.999966,30.161048291666667
Trumpet,56,81,A5,127,0.41881395833333457,30.154605,30.573418958333335
Trumpet,56,69,A4,127,0.41881395833333457,30.154605,30.573418958333335
Trumpet,56,81,A5,127,0.22551520833333427,30.618522,30.844037208333333
Trumpet,56,69,A4,127,0.23840179166666786,30.618522,30.856923791666667
Trumpet,56,79,G5,127,0.17719052083333153,30.9278,31.104990520833333
Trumpet,56,67,G4,127,0.19007710416666512,30.9278,31.117877104166666
Trumpet,56,79,G5,127,0.1385307708333272,39.742223,39.88075377083333
Trumpet,56,67,G4,127,0.14497406249999756,39.742223,39.8871970625
Trumpet,56,67,G4,127,0.10309266666666161,40.051501,40.15459366666666
Trumpet,56,79,G5,127,0.12242254166666555,40.051501,40.17392354166667
Trumpet,56,67,G4,127,0.07731950000000154,40.360779,40.4380985
Trumpet,56,79,G5,127,0.09020608333333513,40.360779,40.450985083333336
Trumpet,56,67,G4,127,0.11597925000000231,40.515418,40.63139725
Trumpet,56,79,G5,127,0.11920089583333748,40.515418,40.634618895833334
Trumpet,56,67,G4,127,0.09020608333332802,40.824696,40.91490208333333
Trumpet,56,79,G5,127,0.10953595833333196,40.824696,40.934231958333335
Trumpet,56,67,G4,127,0.11275760416666714,44.999949,45.11270660416667
Trumpet,56,79,G5,127,0.11920089583333038,44.999949,45.11914989583333
Trumpet,56,67,G4,127,0.3865975000000006,45.154588,45.5411855
Trumpet,56,79,G5,127,0.39304079166667094,45.154588,45.54762879166667
Trumpet,56,65,F4,127,0.09020608333333513,45.618505,45.708711083333334
Trumpet,56,77,F5,127,0.0934277291666703,45.618505,45.71193272916667
Trumpet,56,65,F4,127,0.4703602916666654,45.773144,46.24350429166667
Trumpet,56,77,F5,127,0.4703602916666654,45.773144,46.24350429166667
Trumpet,56,77,F5,127,0.08698443749999996,46.3917,46.4786844375
Trumpet,56,65,F4,127,0.09020608333333513,46.3917,46.481906083333335
Trumpet,56,74,D5,127,0.17396887500000702,46.546338999999996,46.720307875
Trumpet,56,62,D4,127,0.2094069791666726,46.546338999999996,46.75574597916667
Trumpet,56,77,F5,127,0.10631431249999679,46.855617,46.9619313125
Trumpet,56,65,F4,127,0.1288658333333288,46.855617,46.98448283333333
Trumpet,56,67,G4,127,0.19007710416666868,47.010256,47.20033310416667
Trumpet,56,79,G5,127,0.19652039583333192,47.010256,47.20677639583333
Trumpet,56,79,G5,127,0.17719052083333509,47.474173,47.651363520833335
Trumpet,56,67,G4,127,0.1997420416666671,47.474173,47.67391504166667
Trumpet,56,81,A5,127,0.14497406249999756,57.061791,57.2067650625
Trumpet,56,69,A4,127,0.17074722916666474,57.061791,57.232538229166664
Trumpet,56,79,G5,127,0.10309266666666161,57.21643,57.319522666666664
Trumpet,56,67,G4,127,0.1385307708333272,57.21643,57.35496077083333
Trumpet,56,69,A4,127,0.396262437499999,57.371069,57.7673314375
Trumpet,56,81,A5,127,0.4059273749999974,57.371069,57.776996374999996
Trumpet,56,69,A4,127,0.21262862500000068,57.834986,58.047614625
Trumpet,56,81,A5,127,0.21262862500000068,57.834986,58.047614625
Trumpet,56,67,G4,127,0.2094069791666655,58.144264,58.353670979166665
Trumpet,56,79,G5,127,0.2094069791666655,58.144264,58.353670979166665
Trumpet,56,79,G5,127,0.1063143125000039,66.958687,67.0650013125
Trumpet,56,67,G4,127,0.12242254166666555,66.958687,67.08110954166666
Trumpet,56,67,G4,127,0.10953595833332486,67.267965,67.37750095833333
Trumpet,56,79,G5,127,0.1159792499999952,67.267965,67.38394425
Trumpet,56,67,G4,127,0.07409785416666637,67.577243,67.65134085416666
Trumpet,56,79,G5,127,0.08376279166667189,67.577243,67.66100579166667
Trumpet,56,67,G4,127,0.09664937499999837,67.731882,67.828531375
Trumpet,56,79,G5,127,0.09987102083333355,67.731882,67.83175302083333
Trumpet,56,67,G4,127,0.10631431249998968,68.04116,68.1474743125
Trumpet,56,79,G5,127,0.11275760416666003,68.04116,68.15391760416667
Trumpet,56,79,G5,127,0.09664937499999837,72.216413,72.313062375
Trumpet,56,67,G4,127,0.09987102083333355,72.216413,72.31628402083334
Trumpet,56,79,G5,127,0.3608243333333263,72.371052,72.73187633333333
Trumpet,56,67,G4,127,0.3608243333333263,72.371052,72.73187633333333
Trumpet,56,67,G4,127,0.1063143125000039,72.834969,72.9412833125
Trumpet,56,79,G5,127,0.11920089583333038,72.834969,72.95416989583333
Trumpet,56,77,F5,127,0.48324687499999186,72.989608,73.472854875
Trumpet,56,65,F4,127,0.48646852083332703,72.989608,73.47607652083333
Trumpet,56,77,F5,127,0.11275760416666003,73.608164,73.72092160416666
Trumpet,56,65,F4,127,0.13530912499999204,73.608164,73.743473125
Trumpet,56,62,D4,127,0.2094069791666584,73.762803,73.97220997916666
Trumpet,56,74,D5,127,0.2222935624999991,73.762803,73.9850965625
Trumpet,56,67,G4,127,0.07731950000000154,74.072081,74.1494005
Trumpet,56,77,F5,127,0.10953595833333907,74.072081,74.18161695833334
Trumpet,56,65,F4,127,0.11275760416667424,74.072081,74.18483860416667
Trumpet,56,67,G4,127,0.19329874999999674,74.22672,74.42001875
Trumpet,56,79,G5,127,0.19652039583333192,74.22672,74.42324039583333
Trumpet,56,79,G5,127,0.18041216666667026,74.690637,74.87104916666667
Trumpet,56,67,G4,127,0.19007710416667578,74.690637,74.88071410416667
Trumpet,56,79,G5,127,0.07087620833333119,84.123616,84.19449220833333
Trumpet,56,67,G4,127,0.07409785416666637,84.123616,84.19771385416666
Trumpet,56,79,G5,127,0.06121127083332567,84.278255,84.33946627083333
Trumpet,56,67,G4,127,0.06443291666666084,84.278255,84.34268791666666
Trumpet,56,79,G5,127,0.06443291666666084,84.432894,84.49732691666667
Trumpet,56,67,G4,127,0.06765456249999602,84.432894,84.5005485625
Trumpet,56,79,G5,127,0.08698443750000706,84.587533,84.6745174375
Trumpet,56,67,G4,127,0.09020608333334224,84.587533,84.67773908333334
Trumpet,56,67,G4,127,0.019329874999996832,92.319483,92.338812875
Trumpet,56,69,A4,127,0.28350483333332477,92.319483,92.60298783333333
Trumpet,56,70,A#4,127,0.1868554583333406,92.474122,92.66097745833333
Trumpet,56,72,C5,127,0.13530912500000625,92.628761,92.764070125
Trumpet,56,74,D5,127,0.15786064583333825,92.7834,92.94126064583334
Trumpet,56,62,D4,127,0.19007710416666157,92.7834,92.97347710416666
Trumpet,56,77,F5,127,0.14819570833333273,93.711234,93.85942970833334
Trumpet,56,65,F4,127,0.15463899999998887,93.711234,93.865873
Trumpet,56,74,D5,127,0.17074722916666474,94.020512,94.19125922916666
Trumpet,56,62,D4,127,0.18363381250000543,94.020512,94.2041458125
Trumpet,56,65,F4,127,0.14497406249999756,94.948346,95.0933200625
Trumpet,56,77,F5,127,0.14819570833333273,94.948346,95.09654170833333
Trumpet,56,74,D5,127,0.13530912500000625,95.25762399999999,95.392933125
Trumpet,56,62,D4,127,0.14819570833333273,95.25762399999999,95.40581970833333
Trumpet,56,74,D5,127,0.13208747916665686,95.87618,96.00826747916666
Trumpet,56,62,D4,127,0.1643039374999944,95.87618,96.0404839375
Trumpet,56,79,G5,127,0.283504833333339,96.958653,97.24215783333334
Trumpet,56,67,G4,127,0.2931697708333303,96.958653,97.25182277083333
Trumpet,56,67,G4,127,0.18041216666665605,106.546271,106.72668316666666
Trumpet,56,79,G5,127,0.1868554583333264,106.546271,106.73312645833333
Trumpet,56,79,G5,127,0.10309266666666872,109.329773,109.43286566666667
Trumpet,56,67,G4,127,0.10631431249998968,109.329773,109.43608731249999
Trumpet,56,67,G4,127,0.38015420833332314,109.484412,109.86456620833333
Trumpet,56,79,G5,127,0.39948408333332,109.484412,109.88389608333333
Trumpet,56,77,F5,127,0.09664937499999837,109.948329,110.044978375
Trumpet,56,65,F4,127,0.10309266666666872,109.948329,110.05142166666667
Trumpet,56,77,F5,127,0.4929118124999974,110.102968,110.5958798125
Trumpet,56,65,F4,127,0.5122416874999942,110.102968,110.6152096875
Trumpet,56,77,F5,127,0.11920089583333038,110.721524,110.84072489583333
Trumpet,56,65,F4,127,0.13530912499999204,110.721524,110.856833125
Trumpet,56,74,D5,127,0.22873685416665523,110.876163,111.10489985416666
Trumpet,56,62,D4,127,0.23840179166666076,110.876163,111.11456479166667
Trumpet,56,77,F5,127,0.1159792499999952,111.185441,111.30142024999999
Trumpet,56,65,F4,127,0.16108229166667343,111.185441,111.34652329166667
Trumpet,56,79,G5,127,0.15786064583333825,111.34008,111.49794064583334
Trumpet,56,67,G4,127,0.16752558333332956,111.34008,111.50760558333333
Trumpet,56,77,F5,127,0.18363381249999122,111.494719,111.6783528125
Trumpet,56,65,F4,127,0.19329874999999674,111.494719,111.68801775
Trumpet,56,67,G4,127,0.20296368750000227,111.803997,112.0069606875
Trumpet,56,79,G5,127,0.22873685416666945,111.803997,112.03273385416666
Trumpet,56,77,F5,127,0.2899481250000093,112.577192,112.867140125
Trumpet,56,65,F4,127,0.3640459791666757,112.577192,112.94123797916667
Trumpet,56,76,E5,127,0.06443291666666084,112.88647,112.95090291666666
Trumpet,56,64,E4,127,0.06765456249999602,112.88647,112.9541245625
Trumpet,56,72,C5,127,0.07087620833333119,112.88647,112.95734620833333
Trumpet,56,74,D5,127,0.07409785416666637,112.88647,112.96056785416667
Trumpet,56,69,A4,127,0.04188139583332884,113.041109,113.08299039583333
Trumpet,56,60,C4,127,0.06765456249999602,113.041109,113.1087635625
Trumpet,56,71,B4,127,0.07087620833333119,113.041109,113.11198520833334
Trumpet,56,62,D4,127,0.07731949999998733,113.041109,113.1184285
Trumpet,56,65,F4,127,0.06443291666667506,152.319415,152.38384791666667
Trumpet,56,77,F5,127,0.08054114583333671,152.319415,152.39995614583333
Trumpet,56,77,F5,127,0.12242254166667976,152.474054,152.59647654166668
Trumpet,56,65,F4,127,0.16752558333334377,152.474054,152.64157958333334
Trumpet,56,79,G5,127,0.08054114583333671,152.783332,152.86387314583334
Trumpet,56,67,G4,127,0.11275760416666003,152.783332,152.89608960416666
Trumpet,56,81,A5,127,0.14497406249998335,152.937971,153.0829450625
Trumpet,56,69,A4,127,0.17719052083333509,152.937971,153.11516152083334
Trumpet,56,72,C5,127,0.21262862499997937,153.247249,153.459877625
Trumpet,56,84,C6,127,0.2222935624999991,153.247249,153.4695425625
Trumpet,56,79,G5,127,0.09020608333332802,155.566834,155.65704008333333
Trumpet,56,67,G4,127,0.09664937499999837,155.566834,155.663483375
Trumpet,56,79,G5,127,0.11920089583333038,155.721473,155.84067389583333
Trumpet,56,67,G4,127,0.12564418750000073,155.721473,155.8471171875
Trumpet,56,84,C6,127,0.09987102083334776,156.340029,156.43990002083333
Trumpet,56,72,C5,127,0.10309266666666872,156.340029,156.44312166666666
Trumpet,56,84,C6,127,0.09342772916667741,156.494668,156.58809572916667
Trumpet,56,72,C5,127,0.09664937499999837,156.494668,156.591317375
Trumpet,56,84,C6,127,0.08054114583333671,156.649307,156.72984814583333
Trumpet,56,72,C5,127,0.0837627916666861,156.649307,156.73306979166668
Trumpet,56,72,C5,127,0.10953595833333907,156.803946,156.91348195833334
Trumpet,56,84,C6,127,0.13530912499999204,156.803946,156.939255125
Trumpet,56,76,E5,127,0.048324687499984975,157.267863,157.3161876875
Trumpet,56,77,F5,127,0.07409785416666637,157.267863,157.34196085416667
Trumpet,56,65,F4,127,0.08376279166665768,157.267863,157.35162579166666
Trumpet,56,77,F5,127,0.13530912499999204,157.422502,157.557811125
Trumpet,56,65,F4,127,0.17074722916666474,157.422502,157.59324922916667
Trumpet,56,79,G5,127,0.10309266666666872,157.73178,157.83487266666666
Trumpet,56,67,G4,127,0.13853077083334142,157.73178,157.87031077083333
Trumpet,56,81,A5,127,0.12242254166667976,157.886419,158.00884154166667
Trumpet,56,69,A4,127,0.13853077083334142,157.886419,158.02494977083333
Trumpet,56,84,C6,127,0.19652039583334613,158.195697,158.39221739583334
Trumpet,56,72,C5,127,0.2126286250000078,158.195697,158.408325625
Trumpet,56,65,F4,127,0.022551520833360428,160.51528199999998,160.53783352083335
Trumpet,56,67,G4,127,0.08054114583333671,160.51528199999998,160.59582314583332
Trumpet,56,79,G5,127,0.0837627916666861,160.51528199999998,160.59904479166667
Trumpet,56,79,G5,127,0.10309266666666872,160.669921,160.77301366666666
Trumpet,56,67,G4,127,0.13853077083334142,160.669921,160.80845177083333
Trumpet,56,72,C5,127,0.08376279166665768,161.288477,161.37223979166666
Trumpet,56,84,C6,127,0.09020608333332802,161.288477,161.37868308333333
Trumpet,56,84,C6,127,0.08698443750000706,161.443116,161.5301004375
Trumpet,56,72,C5,127,0.09664937499999837,161.443116,161.539765375
Trumpet,56,84,C6,127,0.08054114583333671,161.597755,161.67829614583334
Trumpet,56,72,C5,127,0.08698443749997864,161.597755,161.68473943749999
Trumpet,56,84,C6,127,0.08054114583330829,161.752394,161.83293514583332
Trumpet,56,72,C5,127,0.09664937499999837,161.752394,161.849043375
Trumpet,56,79,G5,127,0.1997420416666671,165.618369,165.81811104166667
Trumpet,56,67,G4,127,0.2094069791666584,165.618369,165.82777597916666
Trumpet,56,81,A5,127,0.2094069791666584,165.927647,166.13705397916667
Trumpet,56,69,A4,127,0.23518014583331137,165.927647,166.16282714583332
Trumpet,56,82,A#5,127,0.21585027083335717,166.23692499999999,166.45277527083334
Trumpet,56,70,A#4,127,0.22551520833334848,166.23692499999999,166.46244020833333
Trumpet,56,81,A5,127,0.13208747916667107,166.546203,166.67829047916666
Trumpet,56,69,A4,127,0.13853077083334142,166.546203,166.68473377083333
Trumpet,56,79,G5,127,0.12242254166667976,166.700842,166.82326454166667
Trumpet,56,67,G4,127,0.14175241666666238,166.700842,166.84259441666666
Trumpet,56,77,F5,127,0.8859526041666754,166.855481,167.74143360416667
Trumpet,56,65,F4,127,0.9278339999999901,166.855481,167.783315
Trumpet,56,81,A5,127,0.18041216666668447,167.783315,167.96372716666667
Trumpet,56,69,A4,127,0.19329875000002517,167.783315,167.97661375
Trumpet,56,72,C5,127,1.0502565416666698,168.092593,169.14284954166666
Trumpet,56,84,C6,127,1.0566998333333402,168.092593,169.14929283333333
Trumpet,56,79,G5,127,0.09020608333332802,169.638983,169.72918908333332
Trumpet,56,67,G4,127,0.09342772916667741,169.638983,169.73241072916667
Trumpet,56,79,G5,127,0.11275760416666003,169.793622,169.90637960416666
Trumpet,56,67,G4,127,0.1288658333333217,169.793622,169.92248783333332
Trumpet,56,79,G5,127,0.07409785416666637,170.1029,170.17699785416667
Trumpet,56,67,G4,127,0.07731949999998733,170.1029,170.1802195
Trumpet,56,79,G5,127,0.09987102083331933,170.257539,170.35741002083333
Trumpet,56,67,G4,127,0.11275760416666003,170.257539,170.37029660416667
Trumpet,56,79,G5,127,0.06765456250002444,170.566817,170.6344715625
Trumpet,56,67,G4,127,0.07731950000001575,170.566817,170.6441365
Trumpet,56,79,G5,127,0.2126286250000078,170.721456,170.934084625
Trumpet,56,67,G4,127,0.2222935624999991,170.721456,170.9437495625
Trumpet,56,82,A#5,127,0.12564418750000073,171.030734,171.1563781875
Trumpet,56,70,A#4,127,0.13530912499999204,171.030734,171.166043125
Trumpet,56,72,C5,127,0.4123706666666749,171.185373,171.59774366666667
Trumpet,56,84,C6,127,0.4123706666666749,171.185373,171.59774366666667
Trumpet,56,77,F5,127,0.08054114583333671,171.95856799999999,172.03910914583332
Trumpet,56,65,F4,127,0.08698443750000706,171.95856799999999,172.0455524375
Trumpet,56,77,F5,127,0.1288658333333501,172.113207,172.24207283333334
Trumpet,56,65,F4,127,0.15463900000000308,172.113207,172.267846
Trumpet,56,79,G5,127,0.09342772916664899,174.432792,174.52621972916666
Trumpet,56,67,G4,127,0.09664937499999837,174.432792,174.529441375
Trumpet,56,79,G5,127,0.11920089583333038,174.587431,174.70663189583334
Trumpet,56,67,G4,127,0.138530770833313,174.587431,174.72596177083332
Trumpet,56,67,G4,127,0.15786064583332404,175.515265,175.67312564583332
Trumpet,56,79,G5,127,0.16108229166667343,175.515265,175.67634729166667
Trumpet,56,81,A5,127,0.17719052083333509,175.824543,176.00173352083334
Trumpet,56,69,A4,127,0.21262862499997937,175.824543,176.03717162499998
Trumpet,56,71,B4,127,0.08376279166665768,176.133821,176.21758379166667
Trumpet,56,70,A#4,127,0.19329874999999674,176.133821,176.32711975
Trumpet,56,82,A#5,127,0.20618533333330902,176.133821,176.34000633333332
Trumpet,56,81,A5,127,0.12564418750000073,176.443099,176.5687431875
Trumpet,56,69,A4,127,0.14175241666666238,176.443099,176.58485141666665
Trumpet,56,67,G4,127,0.13853077083334142,176.597738,176.73626877083333
Trumpet,56,79,G5,127,0.15141735416668212,176.597738,176.74915535416667
Trumpet,56,77,F5,127,0.8440712083333324,176.752377,177.59644820833333
Trumpet,56,65,F4,127,0.8891742499999964,176.752377,177.64155125
Trumpet,56,81,A5,127,0.18685545833335482,177.68021099999999,177.86706645833334
Trumpet,56,69,A4,127,0.20618533333333744,177.68021099999999,177.88639633333332
Trumpet,56,72,C5,127,1.0728080625000018,177.989489,179.0622970625
Trumpet,56,84,C6,127,1.1082461666666745,177.989489,179.09773516666667
Trumpet,56,79,G5,127,0.1063143125000181,179.535879,179.6421933125
Trumpet,56,67,G4,127,0.10953595833333907,179.535879,179.64541495833333
Trumpet,56,79,G5,127,0.10953595833333907,179.690518,179.80005395833334
Trumpet,56,67,G4,127,0.13853077083334142,179.690518,179.82904877083334
Trumpet,56,67,G4,127,0.07731949999998733,179.999796,180.0771155
Trumpet,56,79,G5,127,0.07731949999998733,179.999796,180.0771155
Trumpet,56,79,G5,127,0.10631431249998968,180.154435,180.2607493125
Trumpet,56,67,G4,127,0.10953595833333907,180.154435,180.26397095833335
Trumpet,56,79,G5,127,0.06765456250002444,180.46371299999998,180.5313675625
Trumpet,56,67,G4,127,0.0708762083333454,180.46371299999998,180.53458920833333
Trumpet,56,79,G5,127,0.10309266666666872,180.618352,180.72144466666666
Trumpet,56,67,G4,127,0.1063143125000181,180.618352,180.7246663125
Trumpet,56,79,G5,127,0.09664937499999837,180.92763,181.024279375
Trumpet,56,67,G4,127,0.10309266666666872,180.92763,181.03072266666666
Trumpet,56,72,C5,127,0.11597925000000942,181.082269,181.19824825
Trumpet,56,84,C6,127,0.13853077083334142,181.082269,181.22079977083334
Trumpet,56,72,C5,127,0.07731949999998733,181.391547,181.4688665
Trumpet,56,84,C6,127,0.08054114583333671,181.391547,181.47208814583334
Trumpet,56,72,C5,127,0.11275760416666003,181.546186,181.65894360416667
Trumpet,56,84,C6,127,0.12564418750000073,181.546186,181.6718301875
Trumpet,56,77,F5,127,0.3124996458333271,181.855464,182.16796364583334
Trumpet,56,72,C5,127,0.08054114583333671,182.164742,182.24528314583333
Trumpet,56,74,D5,127,0.09020608333332802,182.164742,182.25494808333332
Trumpet,56,76,E5,127,0.09342772916667741,182.164742,182.25816972916667
Trumpet,56,65,F4,127,0.4059273749999761,181.855464,182.261391375
Trumpet,56,59,B3,127,0.04188139583334305,182.319381,182.36126239583334
Trumpet,56,67,G4,127,0.0483246875000134,182.319381,182.3677056875
Trumpet,56,64,E4,127,0.05798962500000471,182.319381,182.377370625
Trumpet,56,62,D4,127,0.06121127083332567,182.319381,182.38059227083332
Trumpet,56,69,A4,127,0.06443291666667506,182.319381,182.38381391666667
Trumpet,56,71,B4,127,0.0708762083333454,182.319381,182.39025720833334
Trumpet,56,60,C4,127,0.0708762083333454,182.319381,182.39025720833334
Trumpet,56,65,F4,127,0.02577316666668139,182.47402,182.49979316666668
Trumpet,56,69,A4,127,0.2835048333333532,186.494634,186.77813883333334
Trumpet,56,57,A3,127,0.3382728125000085,186.494634,186.8329068125
Trumpet,56,53,F3,127,0.038659749999993664,186.803912,186.84257175
Trumpet,56,65,F4,127,0.04188139583334305,186.803912,186.84579339583334
Trumpet,56,67,G4,127,0.04188139583334305,186.803912,186.84579339583334
Trumpet,56,64,E4,127,0.0483246875000134,186.803912,186.8522366875
Trumpet,56,62,D4,127,0.05476797916665532,186.803912,186.85867997916665
Trumpet,56,69,A4,127,0.11275760416666003,187.577107,187.68986460416667
Trumpet,56,57,A3,127,0.183633812499977,187.577107,187.7607408125
Trumpet,56,72,C5,127,0.10953595833333907,187.731746,187.84128195833333
Trumpet,56,60,C4,127,0.1192008958333588,187.731746,187.85094689583335
Trumpet,56,65,F4,127,0.11920089583333038,187.886385,188.00558589583332
Trumpet,56,77,F5,127,0.17074722916666474,187.886385,188.05713222916665
Trumpet,56,64,E4,127,0.09987102083334776,188.195663,188.29553402083334
Trumpet,56,65,F4,127,0.11597925000000942,188.195663,188.31164225
Trumpet,56,77,F5,127,0.17396887500001412,188.195663,188.369631875
Trumpet,56,63,D#4,127,0.3608243333333405,188.504941,188.86576533333334
Trumpet,56,75,D#5,127,0.3769325625000022,188.504941,188.8818735625
Trumpet,56,70,A#4,127,0.10631431249998968,190.051331,190.1576453125
Trumpet,56,58,A#3,127,0.14175241666666238,190.051331,190.19308341666667
Trumpet,56,74,D5,127,0.10309266666666872,190.20597,190.30906266666668
Trumpet,56,62,D4,127,0.13530912499999204,190.20597,190.341279125
Trumpet,56,79,G5,127,0.1643039374999944,190.360609,190.5249129375
Trumpet,56,67,G4,127,0.1739688749999857,190.360609,190.534577875
Trumpet,56,70,A#4,127,0.06443291666667506,190.979165,191.04359791666667
Trumpet,56,58,A#3,127,0.06443291666667506,190.979165,191.04359791666667
Trumpet,56,70,A#4,127,0.0708762083333454,191.133804,191.20468020833334
Trumpet,56,58,A#3,127,0.07409785416666637,191.133804,191.20790185416666
Trumpet,56,58,A#3,127,0.08376279166665768,191.288443,191.37220579166666
Trumpet,56,70,A#4,127,0.09020608333332802,191.288443,191.37864908333333
Trumpet,56,69,A4,127,0.20296368749998805,191.75236,191.9553236875
Trumpet,56,57,A3,127,0.2319584999999904,191.75236,191.9843185
Trumpet,56,69,A4,127,0.26417495833334215,196.39153,196.65570495833333
Trumpet,56,57,A3,127,0.32216458333334685,196.39153,196.71369458333334
Trumpet,56,64,E4,127,0.05798962500000471,196.700808,196.758797625
Trumpet,56,67,G4,127,0.06443291666667506,196.700808,196.76524091666667
Trumpet,56,65,F4,127,0.0708762083333454,196.700808,196.77168420833334
Trumpet,56,53,F3,127,0.10953595833333907,196.700808,196.81034395833333
Trumpet,56,55,G3,127,0.14497406250001177,196.700808,196.8457820625
Trumpet,56,69,A4,127,0.10309266666666872,197.474003,197.57709566666668
Trumpet,56,57,A3,127,0.1739688749999857,197.474003,197.647971875
Trumpet,56,72,C5,127,0.10309266666666872,197.62864199999999,197.73173466666665
Trumpet,56,60,C4,127,0.12564418750000073,197.62864199999999,197.75428618749999
Trumpet,56,65,F4,127,0.12242254166667976,197.783281,197.90570354166667
Trumpet,56,77,F5,127,0.15141735416668212,197.783281,197.93469835416667
Trumpet,56,65,F4,127,0.1643039374999944,198.092559,198.2568629375
Trumpet,56,77,F5,127,0.17719052083333509,198.092559,198.26974952083333
Trumpet,56,75,D#5,127,0.26095331249999276,198.401837,198.6627903125
Trumpet,56,63,D#4,127,0.2770615416666544,198.401837,198.67889854166665
Trumpet,56,70,A#4,127,0.08376279166665768,199.948227,200.03198979166666
Trumpet,56,58,A#3,127,0.1739688749999857,199.948227,200.122195875
Trumpet,56,74,D5,127,0.10309266666666872,200.102866,200.20595866666667
Trumpet,56,62,D4,127,0.138530770833313,200.102866,200.24139677083332
Trumpet,56,79,G5,127,0.18041216666665605,200.257505,200.43791716666667
Trumpet,56,67,G4,127,0.2448450833333311,200.257505,200.50235008333334
Trumpet,56,58,A#3,127,0.05798962500000471,200.876061,200.934050625
Trumpet,56,70,A#4,127,0.06443291666667506,200.876061,200.94049391666667
Trumpet,56,70,A#4,127,0.06443291666667506,201.0307,201.09513291666667
Trumpet,56,58,A#3,127,0.07731950000001575,201.0307,201.1080195
Trumpet,56,70,A#4,127,0.08698443750000706,201.185339,201.2723234375
Trumpet,56,58,A#3,127,0.09020608333332802,201.185339,201.27554508333333
Trumpet,56,79,G5,127,0.08376279166665768,201.649256,201.73301879166667
Trumpet,56,67,G4,127,0.08698443749997864,201.649256,201.7362404375
Trumpet,56,79,G5,127,0.11275760416668845,201.958534,202.07129160416667
Trumpet,56,67,G4,127,0.1288658333333501,201.958534,202.08739983333334
Trumpet,56,79,G5,127,0.09020608333332802,202.267812,202.35801808333332
Trumpet,56,67,G4,127,0.09342772916667741,202.267812,202.36123972916667
Trumpet,56,79,G5,127,0.13208747916667107,202.422451,202.55453847916667
Trumpet,56,67,G4,127,0.13853077083334142,202.422451,202.56098177083334
Trumpet,56,67,G4,127,0.11597925000000942,202.731729,202.84770825
Trumpet,56,79,G5,127,0.11597925000000942,202.731729,202.84770825
Trumpet,56,79,G5,127,0.15463900000000308,202.886368,203.041007
Trumpet,56,77,F5,127,0.2673966041666631,202.886368,203.15376460416667
Trumpet,56,65,F4,127,0.3028347083333358,202.886368,203.18920270833334
Trumpet,56,64,E4,123,0.04188139583331463,203.195646,203.23752739583333
Trumpet,56,62,D4,127,0.048324687499984975,203.195646,203.2439706875
Trumpet,56,74,D5,127,0.08054114583330829,203.195646,203.27618714583332
Trumpet,56,72,C5,127,0.09020608333332802,203.195646,203.28585208333334
Trumpet,56,76,E5,127,0.09664937499999837,203.195646,203.292295375
Trumpet,56,69,A4,127,0.06121127083335409,203.35028499999999,203.41149627083334
Trumpet,56,60,C4,127,0.06765456250002444,203.35028499999999,203.4179395625
Trumpet,56,71,B4,127,0.09020608333335645,203.35028499999999,203.44049108333334
Trumpet,56,76,E5,127,0.09020608333332802,207.989455,208.07966108333332
Trumpet,56,77,F5,127,0.2673966041666631,207.834816,208.10221260416665
Trumpet,56,64,E4,124,0.12564418750000073,207.989455,208.1150991875
Trumpet,56,65,F4,127,0.2802831875000038,207.834816,208.1150991875
Trumpet,56,71,B4,127,0.0708762083333454,208.144094,208.21497020833334
Trumpet,56,72,C5,127,0.08054114583333671,208.144094,208.22463514583333
Trumpet,56,74,D5,127,0.09020608333332802,208.144094,208.23430008333332
Trumpet,56,62,D4,127,0.13853077083334142,208.144094,208.28262477083334
Trumpet,56,69,A4,127,0.0483246875000134,208.298733,208.3470576875
Trumpet,56,69,A4,127,0.3124996458333271,215.876044,216.18854364583333
Trumpet,56,81,A5,127,0.3253862291666678,215.876044,216.20143022916668
Trumpet,56,79,G5,127,0.11597925000000942,216.18532199999999,216.30130125
Trumpet,56,67,G4,127,0.13853077083334142,216.18532199999999,216.32385277083333
Trumpet,56,69,A4,127,0.28350483333332477,217.113156,217.39666083333333
Trumpet,56,81,A5,127,0.3124996458333271,217.113156,217.42565564583333
Trumpet,56,79,G5,127,0.15463899999997466,217.422434,217.57707299999998
Trumpet,56,67,G4,127,0.15786064583332404,217.422434,217.58029464583333
Trumpet,56,69,A4,127,0.2802831875000038,220.824492,221.1047751875
Trumpet,56,81,A5,127,0.3157212916666765,220.824492,221.14021329166667
Trumpet,56,65,F4,127,0.10631431249998968,221.13377,221.2400843125
Trumpet,56,67,G4,127,0.14497406250001177,221.13377,221.2787440625
Trumpet,56,79,G5,127,0.15786064583332404,221.13377,221.29163064583332
Trumpet,56,69,A4,127,0.3060563541666852,222.061604,222.36766035416667
Trumpet,56,81,A5,127,0.33182952083333817,222.061604,222.39343352083333
Trumpet,56,79,G5,127,0.12564418750000073,222.370882,222.4965261875
Trumpet,56,67,G4,127,0.13853077083334142,222.370882,222.50941277083334
Trumpet,56,77,F5,127,0.2996130624999864,222.68016,222.9797730625
Trumpet,56,64,E4,125,0.02577316666665297,222.989438,223.01521116666666
Trumpet,56,65,F4,127,0.3479377499999998,222.68016,223.02809775
Trumpet,56,72,C5,127,0.07409785416666637,222.989438,223.06353585416667
Trumpet,56,74,D5,127,0.08054114583333671,222.989438,223.06997914583334
Trumpet,56,76,E5,127,0.09020608333332802,222.989438,223.07964408333333
Trumpet,56,69,A4,127,0.04510304166666401,223.144077,223.18918004166667
Trumpet,56,71,B4,127,0.06765456249999602,223.144077,223.2117315625
Trumpet,56,77,F5,127,0.3286078750000172,227.62860799999999,227.957215875
Trumpet,56,65,F4,127,0.33182952083333817,227.62860799999999,227.96043752083332
Trumpet,56,74,D5,127,0.06765456249999602,227.937886,228.0055405625
Trumpet,56,62,D4,127,0.07731950000001575,227.937886,228.0152055
Trumpet,56,76,E5,121,0.08698443750000706,227.937886,228.0248704375
Trumpet,56,64,E4,127,0.09664937499999837,227.937886,228.034535375
Trumpet,56,71,B4,127,0.019329875000011043,228.092525,228.111854875
Trumpet,56,69,A4,127,0.02577316666668139,228.092525,228.11829816666668
Trumpet,56,72,C5,127,0.0354381041666727,228.092525,228.12796310416667
Trumpet,56,60,C4,127,0.09020608333332802,228.092525,228.18273108333332
Trumpet,56,69,A4,127,0.2996130624999864,235.669836,235.9694490625
Trumpet,56,81,A5,127,0.33182952083333817,235.669836,236.00166552083334
Trumpet,56,79,G5,127,0.12564418750000073,235.979114,236.1047581875
Trumpet,56,67,G4,127,0.14175241666666238,235.979114,236.12086641666667
Trumpet,56,69,A4,127,0.29639141666666546,236.906948,237.20333941666667
Trumpet,56,81,A5,127,0.3286078749999888,236.906948,237.235555875
Trumpet,56,79,G5,127,0.12564418750000073,237.216226,237.3418701875
Trumpet,56,67,G4,127,0.14497406249998335,237.216226,237.3612000625
Trumpet,56,69,A4,127,0.2931697708333445,240.618284,240.91145377083333
Trumpet,56,81,A5,127,0.31249964583335554,240.618284,240.93078364583334
Trumpet,56,67,G4,127,0.13208747916667107,240.927562,241.05964947916667
Trumpet,56,79,G5,127,0.13530912499999204,240.927562,241.062871125
Trumpet,56,69,A4,127,0.3060563541666852,241.85539599999998,242.16145235416667
Trumpet,56,81,A5,127,0.32216458333334685,241.85539599999998,242.17756058333333
Trumpet,56,67,G4,127,0.13853077083334142,242.164674,242.30320477083333
Trumpet,56,79,G5,127,0.14175241666666238,242.164674,242.30642641666665
Trumpet,56,79,G5,127,0.33505116666665913,242.473952,242.80900316666666
Trumpet,56,67,G4,127,0.3382728125000085,242.473952,242.8122248125
Trumpet,56,67,G4,127,0.17719052083333509,242.937869,243.11505952083334
Trumpet,56,79,G5,127,0.19329874999999674,242.937869,243.13116775
Trumpet,56,77,F5,127,0.3769325625000022,243.711064,244.0879965625
Trumpet,56,74,D5,127,0.09342772916667741,244.020342,244.11376972916668
Trumpet,56,76,E5,118,0.10631431249998968,244.020342,244.1266563125
Trumpet,56,65,F4,127,0.44136547916667723,243.711064,244.15242947916667
Trumpet,56,64,E4,126,0.21585027083332875,244.020342,244.23619227083333
Trumpet,56,71,B4,127,0.06765456249999602,244.174981,244.2426355625
Trumpet,56,72,C5,127,0.08698443750000706,244.174981,244.2619654375
Trumpet,56,69,A4,127,0.04510304166666401,244.32962,244.37472304166667
Trumpet,56,69,A4,127,0.3028347083333358,248.350234,248.65306870833334
Trumpet,56,57,A3,127,0.30927800000000616,248.350234,248.659512
Trumpet,56,65,F4,127,0.07409785416666637,248.659512,248.73360985416667
Trumpet,56,67,G4,127,0.07409785416666637,248.659512,248.73360985416667
Trumpet,56,53,F3,127,0.13530912499999204,248.659512,248.794821125
Trumpet,56,55,G3,125,0.138530770833313,248.659512,248.79804277083332
Trumpet,56,62,D4,127,0.038659749999993664,248.814151,248.85281075
Trumpet,56,64,E4,127,0.07087620833331698,248.814151,248.88502720833333
Trumpet,56,69,A4,127,0.11597925000000942,249.432707,249.54868625
Trumpet,56,57,A3,127,0.16752558333334377,249.432707,249.60023258333334
Trumpet,56,72,C5,127,0.11275760416666003,249.587346,249.70010360416666
Trumpet,56,60,C4,127,0.13530912499999204,249.587346,249.722655125
Trumpet,56,65,F4,127,0.11597925000000942,249.741985,249.85796425
Trumpet,56,77,F5,127,0.15786064583332404,249.741985,249.89984564583332
Trumpet,56,65,F4,127,0.18041216666665605,250.051263,250.23167516666666
Trumpet,56,77,F5,127,0.2094069791666584,250.051263,250.26066997916666
Trumpet,56,75,D#5,127,0.3028347083333074,250.360541,250.66337570833332
Trumpet,56,63,D#4,127,0.3157212916666481,250.360541,250.67626229166666
Trumpet,56,70,A#4,127,0.06443291666667506,251.906931,251.97136391666666
Trumpet,56,58,A#3,127,0.1417524166666908,251.906931,252.04868341666668
Trumpet,56,74,D5,127,0.10309266666666872,252.06157,252.16466266666666
Trumpet,56,62,D4,127,0.14497406250001177,252.06157,252.2065440625
Trumpet,56,77,F5,127,0.07409785416666637,252.216209,252.29030685416666
Trumpet,56,79,G5,127,0.1868554583333264,252.216209,252.40306445833332
Trumpet,56,67,G4,127,0.22873685416666945,252.216209,252.44494585416666
Trumpet,56,58,A#3,127,0.06121127083332567,252.834765,252.89597627083333
Trumpet,56,70,A#4,127,0.06765456249999602,252.834765,252.9024195625
Trumpet,56,70,A#4,127,0.07087620833331698,252.989404,253.06028020833332
Trumpet,56,58,A#3,127,0.08376279166665768,252.989404,253.07316679166667
Trumpet,56,70,A#4,127,0.08054114583330829,253.144043,253.22458414583332
Trumpet,56,58,A#3,127,0.09342772916664899,253.144043,253.23747072916666
Trumpet,56,69,A4,127,0.3737109166666812,253.60796,253.98167091666667
Trumpet,56,57,A3,127,0.40270572916668357,253.60796,254.01066572916667
Trumpet,56,53,F3,127,0.04510304166666401,254.071877,254.11698004166666
Trumpet,56,55,G3,127,0.048324687499984975,254.071877,254.12020168749999
Trumpet,56,67,G4,127,0.048324687499984975,254.071877,254.12020168749999
Trumpet,56,65,F4,127,0.05798962500000471,254.071877,254.129866625
Trumpet,56,62,D4,127,0.06121127083332567,254.071877,254.13308827083333
Trumpet,56,64,E4,127,0.06765456249999602,254.071877,254.1395315625
Trumpet,56,52,E3,127,0.022551520833332006,254.226516,254.24906752083334
Trumpet,56,60,C4,127,0.04510304166666401,254.226516,254.27161904166667
Trumpet,56,69,A4,127,0.26739660416671995,258.24712999999997,258.5145266041667
Trumpet,56,57,A3,127,0.3189429375000259,258.24712999999997,258.5660729375
Trumpet,56,67,G4,127,0.04510304166666401,258.556408,258.60151104166664
Trumpet,56,55,G3,119,0.054767979166683745,258.556408,258.61117597916666
Trumpet,56,65,F4,127,0.06443291666670348,258.556408,258.6208409166667
Trumpet,56,53,F3,127,0.06443291666670348,258.556408,258.6208409166667
Trumpet,56,62,D4,127,0.0708762083333454,258.556408,258.6272842083333
Trumpet,56,64,E4,127,0.07409785416666637,258.556408,258.63050585416664
Trumpet,56,60,C4,127,0.054767979166683745,258.711047,258.7658149791667
Trumpet,56,69,A4,127,0.10309266666666872,259.329603,259.4326956666667
Trumpet,56,57,A3,127,0.15463899999997466,259.329603,259.484242
Trumpet,56,72,C5,127,0.09987102083334776,259.484242,259.58411302083334
Trumpet,56,60,C4,127,0.10953595833331065,259.484242,259.5937779583333
Trumpet,56,65,F4,127,0.10309266666666872,259.63888099999997,259.74197366666664
Trumpet,56,77,F5,127,0.13853077083336984,259.63888099999997,259.77741177083334
Trumpet,56,65,F4,127,0.12242254166670818,259.948159,260.0705815416667
Trumpet,56,77,F5,127,0.16108229166667343,259.948159,260.10924129166665
Trumpet,56,75,D#5,127,0.2673966041666631,260.257437,260.52483360416664
Trumpet,56,63,D#4,127,0.2673966041666631,260.257437,260.52483360416664
Trumpet,56,70,A#4,127,0.09020608333332802,261.803827,261.89403308333334
Trumpet,56,58,A#3,127,0.1514173541666537,261.803827,261.95524435416667
Trumpet,56,74,D5,127,0.09987102083334776,261.958466,262.05833702083333
Trumpet,56,62,D4,127,0.11920089583333038,261.958466,262.0776668958333
Trumpet,56,79,G5,127,0.16108229166667343,262.113105,262.2741872916667
Trumpet,56,67,G4,127,0.19974204166663867,262.113105,262.31284704166666
Trumpet,56,58,A#3,127,0.05798962500000471,262.731661,262.789650625
Trumpet,56,70,A#4,127,0.06765456250002444,262.731661,262.7993155625
Trumpet,56,70,A#4,127,0.13530912499999204,262.8863,263.021609125
Trumpet,56,58,A#3,127,0.1514173541666537,262.8863,263.03771735416666
Trumpet,56,79,G5,127,0.07409785416666637,263.504856,263.5789538541667
Trumpet,56,67,G4,127,0.08376279166662925,263.504856,263.58861879166665
Trumpet,56,79,G5,127,0.13208747916661423,263.814134,263.94622147916664
Trumpet,56,67,G4,127,0.16752558333331535,263.814134,263.98165958333334
Trumpet,56,77,F5,127,0.13530912500004888,264.123412,264.258721125
Trumpet,56,65,F4,127,0.2126286250000362,264.123412,264.336040625
Trumpet,56,79,G5,127,0.14497406250001177,264.278051,264.4230250625
Trumpet,56,67,G4,127,0.1643039374999944,264.278051,264.4423549375
Trumpet,56,82,A#5,127,0.3286078749999888,265.205885,265.534492875
Trumpet,56,70,A#4,127,0.3479377499999714,265.205885,265.55382275
Trumpet,56,72,C5,127,0.15786064583335246,265.669802,265.82766264583336
Trumpet,56,84,C6,127,0.1643039374999944,265.669802,265.8341059375
Trumpet,56,77,F5,127,0.08698443750000706,266.442997,266.5299814375
Trumpet,56,79,G5,127,0.277061541666626,266.288358,266.56541954166664
Trumpet,56,67,G4,127,0.34471610416665044,266.288358,266.63307410416667
Trumpet,56,62,D4,127,0.0547679791666269,266.597636,266.65240397916665
Trumpet,56,65,F4,120,0.0547679791666269,266.597636,266.65240397916665
Trumpet,56,64,E4,127,0.07087620833328856,266.597636,266.6685122083333
Trumpet,56,71,B4,127,0.07087620833328856,266.597636,266.6685122083333
Trumpet,56,72,C5,127,0.07731949999998733,266.597636,266.6749555
Trumpet,56,74,D5,127,0.08054114583330829,266.597636,266.67817714583333
Trumpet,56,76,E5,127,0.08376279166662925,266.597636,266.68139879166665
Trumpet,56,59,B3,127,0.022551520833360428,266.752275,266.77482652083336
Trumpet,56,60,C4,127,0.048324687499984975,266.752275,266.8005996875
Trumpet,56,65,F4,127,0.05798962500000471,266.752275,266.810264625
Trumpet,56,69,A4,127,0.06765456250002444,266.752275,266.8199295625
Trumpet,56,67,G4,127,0.0708762083333454,266.752275,266.82315120833334
Trumpet,56,64,E4,127,0.03221645833338016,266.906914,266.93913045833335
Trombone,57,58,A#3,127,0.2512883749999997,4.948448,5.199736375
Trombone,57,58,A#3,127,0.07731949999999976,5.412365,5.4896845
Trombone,57,58,A#3,127,0.14819570833333362,5.567004,5.7151997083333335
Trombone,57,57,A3,127,0.7474218333333331,5.876282,6.623703833333333
Trombone,57,53,F3,127,0.2029636875000005,6.804116,7.0070796875
Trombone,57,57,A3,127,0.1965203958333328,6.958755,7.155275395833333
Trombone,57,58,A#3,127,0.29639141666666635,7.268033,7.564424416666666
Trombone,57,58,A#3,127,0.14819570833333273,12.525759,12.673954708333333
Trombone,57,62,D4,127,0.7248703125000002,12.835037,13.5599073125
Trombone,57,58,A#3,127,0.09664937500000015,14.999983,15.096632375
Trombone,57,58,A#3,127,0.07731950000000154,17.783485,17.8608045
Trombone,57,58,A#3,127,0.3543810416666666,17.938124,18.292505041666665
Trombone,57,58,A#3,127,0.09342772916666675,18.402041,18.495468729166667
Trombone,57,57,A3,127,0.5283499166666665,18.55668,19.085029916666667
Trombone,57,53,F3,127,0.09987102083333355,19.175235999999998,19.27510702083333
Trombone,57,57,A3,127,0.11920089583333038,19.329875,19.44907589583333
Trombone,57,57,A3,127,0.07087620833333119,19.639153,19.71002920833333
Trombone,57,58,A#3,127,0.15463899999999953,19.793792,19.948431
Trombone,57,58,A#3,127,0.20296368750000227,20.257709,20.4606726875
Trombone,57,62,D4,127,1.317653145833333,27.680381,28.998034145833333
Trombone,57,58,A#3,127,0.15141735416666435,29.845327,29.996744354166665
Trombone,57,57,A3,127,0.10953595833333196,29.999966,30.109501958333333
Trombone,57,58,A#3,127,0.3769325624999986,30.154605,30.5315375625
Trombone,57,58,A#3,127,0.1353091250000027,30.618522,30.753831125
Trombone,57,58,A#3,127,0.1868554583333335,30.9278,31.114655458333335
Trombone,57,60,C4,127,0.1739688749999999,34.793775,34.967743875
Trombone,57,63,D#4,127,0.09020608333333513,34.948414,35.038620083333335
Trombone,57,67,G4,127,0.21907191666666392,35.103053,35.32212491666667
Trombone,57,67,G4,127,0.16752558333332956,35.412331,35.57985658333333
Trombone,57,63,D#4,127,0.2545100208333366,35.56697,35.821480020833334
Trombone,57,60,C4,127,0.15463900000000308,35.876248,36.030887
Trombone,57,60,C4,127,0.10953595833333196,39.742223,39.851758958333335
Trombone,57,60,C4,127,0.10631431249999679,40.051501,40.1578153125
Trombone,57,60,C4,127,0.07731950000000154,40.360779,40.4380985
Trombone,57,60,C4,127,0.10309266666666872,40.515418,40.618510666666666
Trombone,57,60,C4,127,0.1739688749999999,40.824696,40.998664875
Trombone,57,58,A#3,127,0.08376279166666478,44.999949,45.083711791666666
Trombone,57,58,A#3,127,0.3608243333333334,45.154588,45.51541233333333
Trombone,57,58,A#3,127,0.09987102083333355,45.618505,45.71837602083333
Trombone,57,57,A3,127,0.4896901666666622,45.773144,46.262834166666664
Trombone,57,57,A3,127,0.09664937499999837,46.3917,46.488349375
Trombone,57,53,F3,127,0.19007710416666868,46.546338999999996,46.736416104166665
Trombone,57,57,A3,127,0.0934277291666632,46.855617,46.949044729166665
Trombone,57,58,A#3,127,0.15463900000000308,47.010256,47.164895
Trombone,57,58,A#3,127,0.21262862500000068,47.474173,47.686801625
Trombone,57,62,D4,127,0.38981914583333577,54.896845,55.286664145833335
Trombone,57,60,C4,127,0.08698443749999996,55.206123,55.2931074375
Trombone,57,62,D4,127,0.7893032291666628,55.360762,56.150065229166664
Trombone,57,58,A#3,127,0.12242254166666555,57.061791,57.184213541666665
Trombone,57,57,A3,127,0.08376279166666478,57.21643,57.30019279166667
Trombone,57,58,A#3,127,0.35760268749999824,57.371069,57.7286716875
Trombone,57,58,A#3,127,0.1288658333333288,57.834986,57.96385183333333
Trombone,57,58,A#3,127,0.17074722916666474,58.144264,58.315011229166664
Trombone,57,60,C4,127,0.13853077083333432,62.010239,62.14876977083333
Trombone,57,63,D#4,127,0.11275760416666714,62.164878,62.27763560416667
Trombone,57,67,G4,127,0.24162343750000304,62.319517,62.5611404375
Trombone,57,67,G4,127,0.1739688749999999,62.628795,62.802763875
Trombone,57,63,D#4,127,0.22873685416666945,62.783434,63.01217085416667
Trombone,57,60,C4,127,0.2448450833333311,63.092712,63.33755708333333
Trombone,57,58,A#3,127,0.14497406249999756,66.958687,67.1036610625
Trombone,57,58,A#3,127,0.10953595833332486,67.267965,67.37750095833333
Trombone,57,58,A#3,127,0.07087620833333119,67.577243,67.64811920833333
Trombone,57,58,A#3,127,0.1159792499999952,67.731882,67.84786125
Trombone,57,60,C4,127,0.20296368749998805,68.04116,68.2441236875
Trombone,57,58,A#3,127,0.08054114583333671,72.216413,72.29695414583334
Trombone,57,58,A#3,127,0.3286078749999888,72.371052,72.699659875
Trombone,57,58,A#3,127,0.1063143125000039,72.834969,72.9412833125
Trombone,57,57,A3,127,0.46069535416665985,72.989608,73.45030335416666
Trombone,57,57,A3,127,0.10309266666666872,73.608164,73.71125666666667
Trombone,57,53,F3,127,0.21262862499999358,73.762803,73.975431625
Trombone,57,57,A3,127,0.09020608333334224,74.072081,74.16228708333334
Trombone,57,58,A#3,127,0.1385307708333272,74.22672,74.36525077083333
Trombone,57,58,A#3,127,0.13853077083334142,74.690637,74.82916777083334
Trombone,57,55,G3,127,0.1643039374999944,79.329807,79.4941109375
Trombone,57,58,A#3,127,0.09987102083333355,79.484446,79.58431702083334
Trombone,57,62,D4,127,0.46391700000000924,79.639085,80.103002
Trombone,57,55,G3,127,0.06765456249999602,84.123616,84.1912705625
Trombone,57,55,G3,127,0.06765456249999602,84.278255,84.3459095625
Trombone,57,55,G3,127,0.06121127083332567,84.432894,84.49410527083333
Trombone,57,55,G3,127,0.09020608333334224,84.587533,84.67773908333334
Trombone,57,60,C4,127,0.14175241666666238,85.824645,85.96639741666667
Trombone,57,63,D#4,127,0.44136547916667723,85.97928399999999,86.42064947916667
Trombone,57,60,C4,127,0.12242254166666555,87.061757,87.18417954166667
Trombone,57,63,D#4,127,0.42847889583333654,87.216396,87.64487489583334
Trombone,57,60,C4,127,0.11275760416667424,88.298869,88.41162660416667
Trombone,57,63,D#4,127,0.37048927083333183,88.453508,88.82399727083333
Trombone,57,58,A#3,127,0.08698443750000706,89.53598099999999,89.6229654375
Trombone,57,62,D4,127,0.3640459791666757,89.69062,90.05466597916667
Trombone,57,57,A3,127,0.16752558333332956,92.7834,92.95092558333333
Trombone,57,58,A#3,127,0.14175241666666238,93.711234,93.85298641666667
Trombone,57,57,A3,127,0.20618533333333744,94.020512,94.22669733333333
Trombone,57,58,A#3,127,0.12564418750000073,94.948346,95.0739901875
Trombone,57,57,A3,127,0.12242254166667976,95.25762399999999,95.38004654166667
Trombone,57,57,A3,127,0.1385307708333272,95.87618,96.01471077083333
Trombone,57,58,A#3,127,0.27706154166666863,96.958653,97.23571454166667
Trombone,57,58,A#3,127,0.18363381250000543,104.072047,104.2556808125
Trombone,57,62,D4,127,0.6636590416666621,104.381325,105.04498404166667
Trombone,57,58,A#3,127,0.11275760416666003,106.546271,106.65902860416666
Trombone,57,58,A#3,127,0.0805411458333225,109.329773,109.41031414583333
Trombone,57,58,A#3,127,0.3253862291666536,109.484412,109.80979822916666
Trombone,57,58,A#3,127,0.0934277291666632,109.948329,110.04175672916666
Trombone,57,57,A3,127,0.4768035833333215,110.102968,110.57977158333333
Trombone,57,57,A3,127,0.09987102083333355,110.721524,110.82139502083334
Trombone,57,53,F3,127,0.1739688749999999,110.876163,111.050131875
Trombone,57,57,A3,127,0.08054114583333671,111.185441,111.26598214583333
Trombone,57,58,A#3,127,0.06121127083332567,111.34008,111.40129127083333
Trombone,57,57,A3,127,0.16752558333332956,111.494719,111.66224458333333
Trombone,57,58,A#3,127,0.14819570833333273,111.803997,111.95219270833333
Trombone,57,57,A3,127,0.3640459791666757,112.577192,112.94123797916667
Trombone,57,53,F3,127,0.08054114583333671,112.88647,112.96701114583334
Trombone,57,55,G3,127,0.0934277291666632,112.88647,112.97989772916667
Trombone,57,48,C3,127,0.06443291666666084,113.041109,113.10554191666667
Trombone,57,50,D3,127,0.06765456249999602,113.041109,113.1087635625
Trombone,57,52,E3,127,0.07087620833333119,113.041109,113.11198520833334
Trombone,57,47,B2,127,0.019329875000011043,113.195748,113.215077875
Trombone,57,60,C4,127,0.16108229166667343,153.556527,153.71760929166666
Trombone,57,63,D#4,127,0.16752558333334377,153.865805,154.03333058333334
Trombone,57,65,F4,127,0.10309266666666872,154.175083,154.27817566666667
Trombone,57,67,G4,127,0.1739688749999857,154.329722,154.503690875
Trombone,57,58,A#3,127,0.34471610416665044,154.639,154.98371610416666
Trombone,57,62,D4,127,0.2448450833333311,154.948278,155.19312308333332
Trombone,57,60,C4,127,0.1643039374999944,158.504975,158.6692789375
Trombone,57,63,D#4,127,0.15786064583332404,158.814253,158.97211364583333
Trombone,57,65,F4,127,0.09342772916667741,159.12353099999999,159.21695872916666
Trombone,57,67,G4,127,0.17396887500001412,159.27817,159.452138875
Trombone,57,58,A#3,127,0.35760268749999113,159.587448,159.9450506875
Trombone,57,62,D4,127,0.26095331249999276,159.896726,160.1576793125
Trombone,57,53,F3,127,0.09987102083334776,162.216311,162.31618202083334
Trombone,57,57,A3,127,0.11920089583333038,162.37095,162.49015089583332
Trombone,57,60,C4,127,0.11920089583333038,162.680228,162.79942889583333
Trombone,57,64,E4,127,0.01610822916666166,162.834867,162.85097522916666
Trombone,57,65,F4,127,0.18041216666665605,162.834867,163.01527916666666
Trombone,57,63,D#4,127,0.17719052083333509,163.144145,163.32133552083334
Trombone,57,57,A3,127,0.1417524166666908,163.453423,163.59517541666668
Trombone,57,60,C4,127,0.17074722916666474,163.762701,163.93344822916666
Trombone,57,53,F3,127,0.11920089583333038,164.071979,164.19117989583333
Trombone,57,57,A3,127,0.12564418750000073,164.226618,164.3522621875
Trombone,57,55,G3,127,0.17719052083330666,164.690535,164.86772552083332
Trombone,57,58,A#3,127,0.1288658333333501,164.845174,164.97403983333334
Trombone,57,62,D4,127,0.11275760416666003,165.154452,165.26720960416665
Trombone,57,69,A4,127,0.3962624375000132,165.309091,165.7053534375
Trombone,57,67,G4,125,0.11275760416666003,165.618369,165.73112660416666
Trombone,57,65,F4,127,0.12564418750000073,165.773008,165.8986521875
Trombone,57,64,E4,127,0.13530912499999204,165.773008,165.908317125
Trombone,57,60,C4,123,0.05154633333333436,165.927647,165.97919333333334
Trombone,57,62,D4,126,0.10953595833331065,165.927647,166.03718295833332
Trombone,57,53,F3,127,0.16752558333331535,167.164759,167.33228458333332
Trombone,57,57,A3,127,0.15463900000000308,167.319398,167.474037
Trombone,57,60,C4,127,0.1192008958333588,167.62867599999998,167.74787689583334
Trombone,57,65,F4,127,0.18363381250000543,167.783315,167.9669488125
Trombone,57,63,D#4,127,0.19007710416667578,168.092593,168.28267010416667
Trombone,57,57,A3,127,0.18041216666665605,168.401871,168.58228316666666
Trombone,57,60,C4,127,0.1643039374999944,168.711149,168.8754529375
Trombone,57,53,F3,127,0.09987102083331933,169.020427,169.12029802083333
Trombone,57,57,A3,127,0.15141735416668212,169.175066,169.32648335416667
Trombone,57,62,D4,127,0.08376279166665768,169.638983,169.72274579166665
Trombone,57,62,D4,127,0.11597925000000942,169.793622,169.90960125
Trombone,57,62,D4,127,0.07087620833331698,170.1029,170.17377620833332
Trombone,57,62,D4,127,0.09987102083331933,170.257539,170.35741002083333
Trombone,57,62,D4,127,0.08054114583333671,170.566817,170.64735814583332
Trombone,57,62,D4,127,0.08698443750000706,170.721456,170.8084404375
Trombone,57,62,D4,127,0.08698443750000706,171.030734,171.1177184375
Trombone,57,67,G4,127,0.3833758541666725,171.185373,171.56874885416667
Trombone,57,65,F4,127,0.01932987499998262,171.64929,171.668619875
Trombone,57,53,F3,127,0.07409785416666637,172.113207,172.18730485416665
Trombone,57,57,A3,127,0.10953595833333907,172.267846,172.37738195833333
Trombone,57,60,C4,127,0.10309266666666872,172.577124,172.68021666666667
Trombone,57,65,F4,127,0.1868554583333264,172.731763,172.91861845833333
Trombone,57,63,D#4,127,0.1868554583333264,173.041041,173.22789645833333
Trombone,57,57,A3,127,0.1417524166666908,173.35031899999998,173.49207141666668
Trombone,57,60,C4,127,0.15463900000000308,173.659597,173.814236
Trombone,57,53,F3,127,0.08054114583333671,173.968875,174.04941614583333
Trombone,57,55,G3,127,0.10631431249998968,174.123514,174.2298283125
Trombone,57,57,A3,127,0.12242254166665134,174.123514,174.24593654166665
Trombone,57,55,G3,127,0.10309266666666872,174.587431,174.69052366666668
Trombone,57,58,A#3,127,0.10953595833331065,174.74207,174.85160595833332
Trombone,57,62,D4,127,0.1063143125000181,175.051348,175.1576623125
Trombone,57,69,A4,127,0.3060563541666852,175.205987,175.51204335416668
Trombone,57,65,F4,125,0.12564418750000073,175.515265,175.6409091875
Trombone,57,67,G4,127,0.13853077083334142,175.515265,175.65379577083334
Trombone,57,62,D4,124,0.06765456249999602,175.669904,175.7375585625
Trombone,57,64,E4,127,0.10309266666666872,175.669904,175.77299666666667
Trombone,57,60,C4,125,0.048324687499984975,175.824543,175.8728676875
Trombone,57,53,F3,127,0.09020608333332802,177.061655,177.15186108333333
Trombone,57,57,A3,127,0.1288658333333217,177.216294,177.34515983333333
Trombone,57,60,C4,127,0.11275760416666003,177.525572,177.63832960416667
Trombone,57,65,F4,127,0.19007710416667578,177.68021099999999,177.87028810416666
Trombone,57,63,D#4,127,0.1868554583333264,177.989489,178.17634445833332
Trombone,57,57,A3,127,0.16752558333334377,178.298767,178.46629258333334
Trombone,57,60,C4,127,0.17074722916666474,178.608045,178.77879222916667
Trombone,57,53,F3,127,0.09342772916664899,178.917323,179.01075072916666
Trombone,57,57,A3,127,0.16108229166667343,179.07196199999998,179.23304429166666
Trombone,57,62,D4,127,0.08054114583333671,179.535879,179.61642014583333
Trombone,57,62,D4,127,0.09987102083334776,179.690518,179.79038902083335
Trombone,57,62,D4,127,0.08054114583333671,179.999796,180.08033714583334
Trombone,57,62,D4,127,0.12242254166665134,180.154435,180.27685754166666
Trombone,57,62,D4,127,0.0708762083333454,180.46371299999998,180.53458920833333
Trombone,57,62,D4,127,0.10953595833333907,180.618352,180.72788795833333
Trombone,57,62,D4,127,0.09987102083334776,180.92763,181.02750102083334
Trombone,57,67,G4,127,0.14819570833333273,181.082269,181.23046470833333
Trombone,57,67,G4,127,0.06443291666667506,181.391547,181.45597991666668
Trombone,57,67,G4,127,0.1288658333333217,181.546186,181.67505183333333
Trombone,57,65,F4,127,0.3479377499999998,181.855464,182.20340175
Trombone,57,62,D4,127,0.05798962500000471,182.164742,182.222731625
Trombone,57,64,E4,127,0.0708762083333454,182.164742,182.23561820833334
Trombone,57,57,A3,127,0.012886583333340695,182.319381,182.33226758333333
Trombone,57,59,B3,127,0.0483246875000134,182.319381,182.3677056875
Trombone,57,60,C4,127,0.06121127083332567,182.319381,182.38059227083332
Trombone,57,57,A3,127,0.30927800000000616,186.494634,186.803912
Trombone,57,52,E3,127,0.08698443750000706,186.803912,186.8908964375
Trombone,57,53,F3,127,0.09342772916667741,186.803912,186.89733972916667
Trombone,57,55,G3,127,0.09664937499999837,186.803912,186.900561375
Trombone,57,48,C3,127,0.05154633333333436,186.958551,187.01009733333333
Trombone,57,50,D3,127,0.07731949999998733,186.958551,187.0358705
Trombone,57,57,A3,127,0.11920089583333038,187.577107,187.69630789583334
Trombone,57,60,C4,127,0.09664937499999837,187.731746,187.82839537499999
Trombone,57,65,F4,127,0.14497406250001177,187.886385,188.0313590625
Trombone,57,65,F4,127,0.18363381250000543,188.195663,188.3792968125
Trombone,57,63,D#4,127,0.28672647916667415,188.504941,188.79166747916668
Trombone,57,58,A#3,127,0.08376279166665768,190.051331,190.13509379166666
Trombone,57,62,D4,127,0.09664937499999837,190.20597,190.302619375
Trombone,57,67,G4,127,0.1997420416666671,190.360609,190.56035104166668
Trombone,57,58,A#3,127,0.07409785416666637,190.979165,191.05326285416666
Trombone,57,58,A#3,127,0.09987102083334776,191.133804,191.23367502083335
Trombone,57,57,A3,127,0.2931697708333161,191.75236,192.04552977083333
Trombone,57,52,E3,127,0.05798962500000471,192.061638,192.119627625
Trombone,57,53,F3,127,0.06121127083335409,192.061638,192.12284927083334
Trombone,57,55,G3,127,0.07731950000001575,192.061638,192.1389575
Trombone,57,48,C3,127,0.04188139583334305,192.216277,192.25815839583333
Trombone,57,50,D3,127,0.054767979166683745,192.216277,192.27104497916667
Trombone,57,57,A3,127,0.33505116666668755,196.39153,196.72658116666668
Trombone,57,53,F3,127,0.07409785416666637,196.700808,196.77490585416666
Trombone,57,55,G3,127,0.09342772916667741,196.700808,196.79423572916667
Trombone,57,52,E3,127,0.0483246875000134,196.855447,196.9037716875
Trombone,57,57,A3,127,0.15786064583332404,197.474003,197.63186364583333
Trombone,57,60,C4,127,0.1063143125000181,197.62864199999999,197.7349563125
Trombone,57,65,F4,127,0.15786064583335246,197.783281,197.94114164583334
Trombone,57,65,F4,127,0.19007710416667578,198.092559,198.28263610416667
Trombone,57,63,D#4,127,0.2351801458333398,198.401837,198.63701714583334
Trombone,57,58,A#3,127,0.07409785416666637,199.948227,200.02232485416667
Trombone,57,62,D4,127,0.09342772916664899,200.102866,200.19629372916665
Trombone,57,67,G4,127,0.19329874999999674,200.257505,200.45080375
Trombone,57,58,A#3,127,0.07409785416666637,200.876061,200.95015885416666
Trombone,57,58,A#3,127,0.12564418750000073,201.0307,201.1563441875
Trombone,57,58,A#3,127,0.003221645833320963,201.649256,201.65247764583333
Trombone,57,62,D4,127,0.057989624999976286,201.649256,201.70724562499998
Trombone,57,58,A#3,127,0.07731950000001575,201.958534,202.0358535
Trombone,57,62,D4,127,0.0837627916666861,201.958534,202.04229679166667
Trombone,57,58,A#3,127,0.07409785416666637,202.267812,202.34190985416666
Trombone,57,62,D4,127,0.08054114583333671,202.267812,202.34835314583333
Trombone,57,58,A#3,127,0.07409785416666637,202.422451,202.49654885416666
Trombone,57,62,D4,127,0.09020608333332802,202.422451,202.51265708333332
Trombone,57,58,A#3,127,0.06443291666667506,202.731729,202.79616191666668
Trombone,57,62,D4,127,0.07409785416666637,202.731729,202.80582685416667
Trombone,57,60,C4,127,0.2126286250000078,202.886368,203.098996625
Trombone,57,57,A3,127,0.32216458333331843,202.886368,203.20853258333332
Trombone,57,55,G3,127,0.06121127083332567,203.195646,203.25685727083334
Trombone,57,53,F3,127,0.06443291666664663,203.195646,203.26007891666666
Trombone,57,52,E3,127,0.038659750000022086,203.35028499999999,203.38894475
Trombone,57,60,C4,127,0.1997420416666671,207.834816,208.03455804166666
Trombone,57,57,A3,127,0.28672647916667415,207.834816,208.12154247916666
Trombone,57,53,F3,127,0.06443291666667506,208.144094,208.20852691666667
Trombone,57,55,G3,127,0.0708762083333454,208.144094,208.21497020833334
Trombone,57,50,D3,127,0.02577316666665297,208.298733,208.32450616666665
Trombone,57,52,E3,127,0.05476797916665532,208.298733,208.35350097916665
Trombone,57,57,A3,127,0.32216458333331843,215.876044,216.19820858333333
Trombone,57,55,G3,127,0.14497406250001177,216.18532199999999,216.3302960625
Trombone,57,57,A3,127,0.30927800000000616,217.113156,217.422434
Trombone,57,55,G3,127,0.1643039374999944,217.422434,217.5867379375
Trombone,57,57,A3,127,0.33182952083333817,220.824492,221.15632152083333
Trombone,57,55,G3,127,0.20296368749998805,221.13377,221.3367336875
Trombone,57,57,A3,127,0.3479377499999998,222.061604,222.40954175
Trombone,57,55,G3,127,0.15463900000000308,222.370882,222.525521
Trombone,57,53,F3,127,0.22551520833332006,222.68016,222.90567520833332
Trombone,57,53,F3,127,0.3060563541666852,227.62860799999999,227.93466435416667
Trombone,57,50,D3,127,0.06765456249999602,227.937886,228.0055405625
Trombone,57,52,E3,127,0.0708762083333454,227.937886,228.00876220833334
Trombone,57,48,C3,127,0.0354381041666727,228.092525,228.12796310416667
Trombone,57,57,A3,127,0.3382728125000085,235.669836,236.0081088125
Trombone,57,55,G3,127,0.138530770833313,235.979114,236.11764477083332
Trombone,57,57,A3,127,0.31894293749999747,236.906948,237.2258909375
Trombone,57,55,G3,127,0.14175241666666238,237.216226,237.35797841666667
Trombone,57,57,A3,127,0.3286078750000172,240.618284,240.946891875
Trombone,57,55,G3,127,0.11597925000000942,240.927562,241.04354125
Trombone,57,57,A3,127,0.3286078750000172,241.85539599999998,242.184003875
Trombone,57,55,G3,127,0.10309266666666872,242.164674,242.26776666666666
Trombone,57,55,G3,127,0.36726762500001087,242.473952,242.841219625
Trombone,57,55,G3,127,0.161082291666645,242.937869,243.09895129166665
Trombone,57,57,A3,127,0.37048927083333183,243.711064,244.08155327083333
Trombone,57,55,G3,120,0.0708762083333454,244.020342,244.09121820833334
Trombone,57,52,E3,127,0.028994812500002354,244.174981,244.2039758125
Trombone,57,53,F3,127,0.048324687499984975,244.174981,244.2233056875
Trombone,57,57,A3,127,0.34471610416665044,248.350234,248.69495010416665
Trombone,57,53,F3,127,0.07731949999998733,248.659512,248.7368315
Trombone,57,55,G3,127,0.10631431249998968,248.659512,248.7658263125
Trombone,57,52,E3,127,0.06765456249999602,248.814151,248.8818055625
Trombone,57,57,A3,127,0.10953595833333907,249.432707,249.54224295833333
Trombone,57,60,C4,127,0.10309266666666872,249.587346,249.69043866666667
Trombone,57,65,F4,127,0.14497406250001177,249.741985,249.8869590625
Trombone,57,65,F4,127,0.18363381250000543,250.051263,250.2348968125
Trombone,57,63,D#4,127,0.3479377499999998,250.360541,250.70847875
Trombone,57,58,A#3,127,0.08054114583333671,251.906931,251.98747214583332
Trombone,57,62,D4,127,0.09020608333332802,252.06157,252.15177608333332
Trombone,57,67,G4,127,0.20618533333333744,252.216209,252.42239433333333
Trombone,57,58,A#3,127,0.07409785416666637,252.834765,252.90886285416667
Trombone,57,58,A#3,127,0.10631431249998968,252.989404,253.0957183125
Trombone,57,57,A3,127,0.30927800000000616,253.60796,253.917238
Trombone,57,53,F3,127,0.06443291666667506,253.917238,253.98167091666667
Trombone,57,55,G3,127,0.07409785416666637,253.917238,253.99133585416666
Trombone,57,48,C3,127,0.038659749999993664,254.071877,254.11053675
Trombone,57,50,D3,127,0.06121127083332567,254.071877,254.13308827083333
Trombone,57,52,E3,127,0.06121127083332567,254.071877,254.13308827083333
Trombone,57,57,A3,127,0.4606953541667167,258.24712999999997,258.7078253541667
Trombone,57,53,F3,127,0.04188139583334305,258.711047,258.75292839583335
Trombone,57,55,G3,120,0.0676545624999676,258.711047,258.7787015625
Trombone,57,52,E3,127,0.03543810416670112,258.865686,258.9011241041667
Trombone,57,57,A3,127,0.14819570833333273,259.329603,259.47779870833335
Trombone,57,60,C4,127,0.07409785416666637,259.484242,259.55833985416666
Trombone,57,65,F4,127,0.12564418750002915,259.63888099999997,259.7645251875
Trombone,57,65,F4,127,0.18363381250003386,259.948159,260.1317928125
Trombone,57,63,D#4,127,0.2931697708333445,260.257437,260.5506067708333
Trombone,57,58,A#3,127,0.0708762083333454,261.803827,261.87470320833336
Trombone,57,62,D4,127,0.09342772916664899,261.958466,262.05189372916664
Trombone,57,67,G4,127,0.29639141666666546,262.113105,262.4094964166667
Trombone,57,58,A#3,127,0.09342772916670583,262.731661,262.8250887291667
Trombone,57,58,A#3,127,0.15463899999997466,262.8863,263.040939
Trombone,57,62,D4,127,0.003221645833320963,263.504856,263.50807764583334
Trombone,57,62,D4,127,0.1514173541666537,263.814134,263.9655513541667
Trombone,57,60,C4,127,0.15141735416671054,264.123412,264.2748293541667
Trombone,57,62,D4,127,0.11920089583333038,264.278051,264.39725189583334
Trombone,57,62,D4,127,0.38981914583331445,265.205885,265.59570414583334
Trombone,57,67,G4,127,0.17074722916663632,265.669802,265.84054922916664
Trombone,57,64,E4,127,0.057989624999947864,266.597636,266.65562562499997
Trombone,57,65,F4,127,0.07087620833328856,266.597636,266.6685122083333
Trombone,57,67,G4,127,0.3865974999999935,266.288358,266.6749555
Trombone,57,59,B3,127,0.028994812500002354,266.752275,266.7812698125
Trombone,57,60,C4,127,0.04510304166666401,266.752275,266.79737804166666
Trombone,57,62,D4,127,0.05154633333330594,266.752275,266.8038213333333
Acoustic Bass,32,43,G2,127,0.27383989583333346,4.948448,5.222287895833333
Acoustic Bass,32,43,G2,127,0.08698443749999996,5.412365,5.4993494375
Acoustic Bass,32,43,G2,127,0.11920089583333304,5.567004,5.686204895833333
Acoustic Bass,32,41,F2,127,0.13208747916666663,5.876282,6.008369479166666
Acoustic Bass,32,38,D2,127,0.1707472291666674,6.804116,6.974863229166667
Acoustic Bass,32,41,F2,127,0.1804121666666667,6.958755,7.139167166666667
Acoustic Bass,32,43,G2,127,0.28672647916666705,7.268033,7.554759479166667
Acoustic Bass,32,36,C2,127,0.4349221874999998,8.659784,9.0947061875
Acoustic Bass,32,48,C3,127,0.4188139583333328,9.123701,9.542514958333333
Acoustic Bass,32,43,G2,127,0.7764166458333346,9.587617999999999,10.364034645833334
Acoustic Bass,32,50,D3,127,0.4027057291666658,10.360813,10.763518729166666
Acoustic Bass,32,45,A2,127,0.24162343749999948,10.82473,11.0663534375
Acoustic Bass,32,38,D2,127,0.4317005416666664,11.134008,11.565708541666666
Acoustic Bass,32,50,D3,127,0.3769325625000004,11.597925,11.9748575625
Acoustic Bass,32,43,G2,127,0.7474218333333322,12.061842,12.809263833333333
Acoustic Bass,32,38,D2,127,0.4155923124999994,12.835037,13.2506293125
Acoustic Bass,32,43,G2,127,0.2061853333333339,13.298954,13.505139333333334
Acoustic Bass,32,36,C2,127,0.46391700000000036,13.608232,14.072149
Acoustic Bass,32,48,C3,127,0.3576026875,14.072149,14.4297516875
Acoustic Bass,32,43,G2,127,0.8247413333333338,14.536066,15.360807333333334
Acoustic Bass,32,50,D3,127,0.49613345833333433,15.309261,15.805394458333334
Acoustic Bass,32,45,A2,127,0.2512883749999997,15.773178,16.024466375
Acoustic Bass,32,38,D2,127,0.4220356041666662,16.082456,16.504491604166667
Acoustic Bass,32,45,A2,127,0.351159395833335,16.546373,16.897532395833334
Acoustic Bass,32,43,G2,127,0.6443291666666653,17.01029,17.654619166666667
Acoustic Bass,32,50,D3,127,0.1707472291666683,17.628846,17.799593229166668
Acoustic Bass,32,38,D2,127,0.5476797916666669,17.783485,18.331164791666666
Acoustic Bass,32,50,D3,127,0.2158502708333323,18.247402,18.463252270833333
Acoustic Bass,32,41,F2,127,0.29961306250000064,18.55668,18.8562930625
Acoustic Bass,32,47,B2,127,0.1449740625000011,18.865958,19.0109320625
Acoustic Bass,32,48,C3,127,0.1514173541666679,18.865958,19.017375354166667
Acoustic Bass,32,38,D2,127,0.48002522916666734,19.020597,19.500622229166666
Acoustic Bass,32,48,C3,127,0.15463899999999953,19.484514,19.639153
Acoustic Bass,32,43,G2,127,0.29316977083333384,19.793792,20.086961770833334
Acoustic Bass,32,43,G2,127,0.23518014583333624,20.257709,20.492889145833335
Acoustic Bass,32,43,G2,127,0.3898191458333322,21.030904,21.420723145833332
Acoustic Bass,32,50,D3,127,0.42203560416666974,21.494820999999998,21.916856604166668
Acoustic Bass,32,43,G2,127,0.8150763958333336,21.958738,22.773814395833334
Acoustic Bass,32,50,D3,127,0.4252572499999978,22.731933,23.15719025
Acoustic Bass,32,38,D2,127,0.36404597916666503,23.19585,23.559895979166665
Acoustic Bass,32,43,G2,127,0.3479377499999998,23.505128,23.85306575
Acoustic Bass,32,39,D#2,127,0.38659749999999704,23.969045,24.3556425
Acoustic Bass,32,38,D2,127,0.6733239791666676,24.432962,25.106285979166667
Acoustic Bass,32,33,A1,127,0.4413654791666666,25.206157,25.647522479166668
Acoustic Bass,32,38,D2,127,0.8150763958333336,25.670074,26.485150395833333
Acoustic Bass,32,45,A2,127,0.3865975000000006,26.443269,26.8298665
Acoustic Bass,32,38,D2,127,0.7055404375000016,26.907186,27.6127264375
Acoustic Bass,32,33,A1,127,0.35760268749999824,27.680381,28.0379836875
Acoustic Bass,32,33,A1,127,0.26739660416666666,28.144298,28.411694604166666
Acoustic Bass,32,38,D2,127,0.4349221874999998,28.453575999999998,28.888498187499998
Acoustic Bass,32,45,A2,127,0.4027057291666658,28.917493,29.320198729166666
Acoustic Bass,32,43,G2,127,0.724870312500002,29.38141,30.1062803125
Acoustic Bass,32,38,D2,127,0.35760268749999824,30.154605,30.5122076875
Acoustic Bass,32,38,D2,127,0.3092780000000026,30.618522,30.9278
Acoustic Bass,32,43,G2,127,0.396262437499999,30.9278,31.3240624375
Acoustic Bass,32,50,D3,127,0.3930407916666674,31.391717,31.784757791666667
Acoustic Bass,32,43,G2,127,0.7442001875000024,31.855634,32.5998341875
Acoustic Bass,32,38,D2,127,0.3124996458333271,32.628829,32.94132864583333
Acoustic Bass,32,38,D2,127,0.26417495833333504,33.092746,33.35692095833333
Acoustic Bass,32,43,G2,127,0.34471610416667176,33.402024,33.74674010416667
Acoustic Bass,32,41,F2,127,0.38015420833333025,33.865941,34.24609520833333
Acoustic Bass,32,36,C2,127,0.8054114583333316,34.329858,35.13526945833333
Acoustic Bass,32,43,G2,127,0.41559231249999584,35.103053,35.5186453125
Acoustic Bass,32,36,C2,127,0.2545100208333366,35.56697,35.821480020833334
Acoustic Bass,32,36,C2,127,0.4317005416666717,35.876248,36.30794854166667
Acoustic Bass,32,39,D#2,127,0.3124996458333342,36.340165,36.65266464583333
Acoustic Bass,32,43,G2,127,0.7764166458333293,36.804082,37.58049864583333
Acoustic Bass,32,50,D3,127,0.42847889583332943,37.577277,38.00575589583333
Acoustic Bass,32,45,A2,127,0.7409785416666708,38.041194,38.78217254166667
Acoustic Bass,32,38,D2,127,0.4349221874999998,38.814389,39.2493111875
Acoustic Bass,32,43,G2,127,0.6668806874999973,39.278306,39.9451866875
Acoustic Bass,32,41,F2,127,0.3640459791666615,40.051501,40.41554697916666
Acoustic Bass,32,36,C2,127,0.7087620833333332,40.515418,41.22418008333333
Acoustic Bass,32,36,C2,127,0.33505116666666623,41.288613,41.623664166666664
Acoustic Bass,32,43,G2,127,0.7055404374999981,41.75253,42.4580704375
Acoustic Bass,32,43,G2,127,0.35760268749999824,42.525725,42.8833276875
Acoustic Bass,32,45,A2,127,0.7506434791666692,42.989641999999996,43.740285479166666
Acoustic Bass,32,38,D2,127,0.36726762500000376,43.762837,44.130104625
Acoustic Bass,32,38,D2,127,0.2577316666666647,44.226754,44.484485666666664
Acoustic Bass,32,43,G2,127,0.26417495833333504,44.536032,44.800206958333334
Acoustic Bass,32,50,D3,127,0.1643039375000015,44.84531,45.0096139375
Acoustic Bass,32,38,D2,127,0.5637880208333286,44.999949,45.56373702083333
Acoustic Bass,32,50,D3,127,0.2094069791666655,45.463866,45.67327297916667
Acoustic Bass,32,41,F2,127,0.2899481249999951,45.773144,46.063092125
Acoustic Bass,32,48,C3,127,0.13530912499999914,46.082422,46.217731125
Acoustic Bass,32,38,D2,127,0.40270572916666936,46.237061,46.639766729166666
Acoustic Bass,32,48,C3,127,0.1288658333333359,46.700978,46.829843833333335
Acoustic Bass,32,43,G2,127,0.3253862291666678,47.010256,47.335642229166666
Acoustic Bass,32,43,G2,127,0.21585027083333586,47.474173,47.690023270833336
Acoustic Bass,32,43,G2,127,0.4059273749999974,48.247368,48.653295375
Acoustic Bass,32,50,D3,127,0.35438104166667017,48.711285,49.06566604166667
Acoustic Bass,32,43,G2,127,0.70231879166667,49.175202,49.87752079166667
Acoustic Bass,32,38,D2,127,0.3865975000000006,49.948397,50.3349945
Acoustic Bass,32,43,G2,127,0.7087620833333332,50.412314,51.121076083333335
Acoustic Bass,32,43,G2,127,0.37048927083333894,51.185508999999996,51.555998270833335
Acoustic Bass,32,38,D2,127,0.724870312500002,51.649426,52.3742963125
Acoustic Bass,32,45,A2,127,0.36726762499999666,52.422621,52.789888624999996
Acoustic Bass,32,38,D2,127,0.6088910624999997,52.886538,53.4954290625
Acoustic Bass,32,33,A1,127,0.35760268749999824,53.659733,54.0173356875
Acoustic Bass,32,38,D2,127,0.769973354166666,54.12365,54.893623354166664
Acoustic Bass,32,33,A1,127,0.418813958333331,54.896845,55.31565895833333
Acoustic Bass,32,38,D2,127,0.6829889166666661,55.360762,56.04375091666667
Acoustic Bass,32,38,D2,127,0.29961306250000064,56.133957,56.4335700625
Acoustic Bass,32,43,G2,127,0.6829889166666661,56.597874,57.28086291666666
Acoustic Bass,32,38,D2,127,0.37048927083333183,57.371069,57.74155827083333
Acoustic Bass,32,43,G2,127,0.7152053749999965,57.834986,58.550191375
Acoustic Bass,32,50,D3,127,0.33505116666666623,58.608181,58.94323216666667
Acoustic Bass,32,43,G2,127,0.7087620833333332,59.072098,59.78086008333333
Acoustic Bass,32,38,D2,127,0.4091490208333326,59.845293,60.25444202083333
Acoustic Bass,32,43,G2,127,0.7216486666666668,60.30921,61.03085866666667
Acoustic Bass,32,43,G2,127,0.1739688749999999,61.082405,61.256373875
Acoustic Bass,32,41,F2,127,0.3640459791666615,61.082405,61.44645097916666
Acoustic Bass,32,36,C2,127,0.7216486666666668,61.546321999999996,62.26797066666666
Acoustic Bass,32,43,G2,127,0.3414944583333366,62.319517,62.661011458333334
Acoustic Bass,32,36,C2,127,0.7184270208333317,62.783434,63.50186102083333
Acoustic Bass,32,36,C2,127,0.33182952083333106,63.556629,63.88845852083333
Acoustic Bass,32,43,G2,127,0.6829889166666732,64.020546,64.70353491666667
Acoustic Bass,32,43,G2,127,0.351159395833335,64.793741,65.14490039583333
Acoustic Bass,32,45,A2,127,0.728091958333323,65.257658,65.98574995833333
Acoustic Bass,32,38,D2,127,0.3865975000000077,66.030853,66.4174505
Acoustic Bass,32,43,G2,127,0.6701023333333325,66.49477,67.16487233333334
Acoustic Bass,32,43,G2,127,0.33182952083332395,67.267965,67.59979452083333
Acoustic Bass,32,36,C2,127,0.7087620833333403,67.731882,68.44064408333334
Acoustic Bass,32,36,C2,127,0.35438104166667017,68.505077,68.85945804166667
Acoustic Bass,32,43,G2,127,0.7087620833333403,68.968994,69.67775608333334
Acoustic Bass,32,39,D#2,127,0.3253862291666678,69.742189,70.06757522916666
Acoustic Bass,32,38,D2,127,0.7538651249999901,70.206106,70.959971125
Acoustic Bass,32,45,A2,127,0.351159395833335,70.97930099999999,71.33046039583333
Acoustic Bass,32,38,D2,127,0.26095331249999276,71.443218,71.7041713125
Acoustic Bass,32,43,G2,127,0.283504833333339,71.752496,72.03600083333333
Acoustic Bass,32,50,D3,127,0.09987102083333355,72.061774,72.16164502083333
Acoustic Bass,32,50,D3,127,0.20618533333333744,72.68033,72.88651533333334
Acoustic Bass,32,38,D2,127,0.6862105624999941,72.216413,72.9026235625
Acoustic Bass,32,41,F2,127,0.26095331249999276,72.989608,73.2505613125
Acoustic Bass,32,48,C3,127,0.12564418750000073,73.298886,73.4245301875
Acoustic Bass,32,38,D2,127,0.49613345833333256,73.453525,73.94965845833333
Acoustic Bass,32,48,C3,127,0.12564418750000073,73.917442,74.0430861875
Acoustic Bass,32,43,G2,127,0.2673966041666631,74.22672,74.49411660416666
Acoustic Bass,32,43,G2,127,0.19329875000001095,74.690637,74.88393575
Acoustic Bass,32,36,C2,127,0.3994840833333342,75.463832,75.86331608333333
Acoustic Bass,32,43,G2,127,0.4059273749999903,75.927749,76.333676375
Acoustic Bass,32,48,C3,127,0.7828599374999925,76.391666,77.1745259375
Acoustic Bass,32,43,G2,127,0.38981914583332866,77.164861,77.55468014583333
Acoustic Bass,32,36,C2,127,0.7055404375000052,77.628778,78.3343184375
Acoustic Bass,32,48,C3,127,0.38981914583332866,78.401973,78.79179214583333
Acoustic Bass,32,43,G2,127,0.7216486666666668,78.86589,79.58753866666666
Acoustic Bass,32,38,D2,127,0.45103041666666854,79.639085,80.09011541666666
Acoustic Bass,32,43,G2,127,0.24806672916666628,80.103002,80.35106872916667
Acoustic Bass,32,45,A2,127,0.40592737500000453,80.41228,80.818207375
Acoustic Bass,32,39,D#2,127,0.33505116666665913,80.876197,81.21124816666666
Acoustic Bass,32,38,D2,127,0.7764166458333364,81.340114,82.11653064583334
Acoustic Bass,32,45,A2,127,0.373710916666667,82.113309,82.48701991666667
Acoustic Bass,32,50,D3,127,0.2448450833333311,82.577226,82.82207108333333
Acoustic Bass,32,50,D3,127,0.41559231249999584,82.886504,83.3020963125
Acoustic Bass,32,45,A2,127,0.32216458333333264,83.350421,83.67258558333333
Acoustic Bass,32,43,G2,127,0.7570867708333395,83.81433799999999,84.57142477083333
Acoustic Bass,32,38,D2,127,0.46069535416667406,84.587533,85.04822835416667
Acoustic Bass,32,43,G2,127,0.2222935624999991,85.05145,85.2737435625
Acoustic Bass,32,36,C2,127,0.43814383333334206,85.360728,85.79887183333334
Acoustic Bass,32,43,G2,127,0.3865974999999935,85.824645,86.2112425
Acoustic Bass,32,48,C3,127,0.7313136041666723,86.288562,87.01987560416667
Acoustic Bass,32,43,G2,127,0.38981914583332866,87.061757,87.45157614583333
Acoustic Bass,32,36,C2,127,0.1997420416666671,87.525674,87.72541604166666
Acoustic Bass,32,36,C2,127,0.41237066666666067,87.834952,88.24732266666666
Acoustic Bass,32,48,C3,127,0.43814383333334206,88.298869,88.73701283333334
Acoustic Bass,32,43,G2,127,0.7119837291666613,88.762786,89.47476972916667
Acoustic Bass,32,38,D2,127,0.3865975000000077,89.53598099999999,89.9225785
Acoustic Bass,32,43,G2,127,0.23840179166666076,89.999898,90.23829979166666
Acoustic Bass,32,45,A2,127,0.38015420833333735,90.309176,90.68933020833333
Acoustic Bass,32,39,D#2,127,0.35438104166665596,90.773093,91.12747404166666
Acoustic Bass,32,38,D2,127,0.7893032291666628,91.23701,92.02631322916666
Acoustic Bass,32,45,A2,127,0.35438104166667017,92.010205,92.36458604166667
Acoustic Bass,32,39,D#2,127,0.10309266666666872,92.474122,92.57721466666666
Acoustic Bass,32,38,D2,127,0.24806672916666628,92.7834,93.03146672916667
Acoustic Bass,32,39,D#2,127,0.18041216666665605,93.711234,93.89164616666666
Acoustic Bass,32,38,D2,127,0.2222935624999991,94.020512,94.2428055625
Acoustic Bass,32,39,D#2,127,0.15786064583333825,94.948346,95.10620664583334
Acoustic Bass,32,38,D2,127,0.17719052083333509,95.25762399999999,95.43481452083333
Acoustic Bass,32,38,D2,127,0.21907191666666392,95.87618,96.09525191666667
Acoustic Bass,32,43,G2,127,0.14497406249999756,96.494736,96.6397100625
Acoustic Bass,32,43,G2,127,0.1997420416666671,96.958653,97.15839504166667
Acoustic Bass,32,38,D2,127,0.28350483333332477,97.983136375,98.26664120833333
Acoustic Bass,32,43,G2,127,0.18041216666667026,98.195765,98.37617716666666
Acoustic Bass,32,46,A#2,127,0.22551520833333427,98.40517197916667,98.6306871875
Acoustic Bass,32,43,G2,127,0.24806672916666628,98.60491402083333,98.85298075
Acoustic Bass,32,46,A#2,127,0.17074722916666474,98.82076429166666,98.99151152083333
Acoustic Bass,32,50,D3,127,0.7184270208333459,99.03983620833333,99.75826322916667
Acoustic Bass,32,48,C3,127,0.48646852083332703,100.206072,100.69254052083333
Acoustic Bass,32,41,F2,127,0.3769325625000022,100.669989,101.0469215625
Acoustic Bass,32,43,G2,127,0.6668806874999973,101.133906,101.8007866875
Acoustic Bass,32,39,D#2,127,0.32216458333333264,101.907101,102.22926558333333
Acoustic Bass,32,38,D2,127,0.7377568958333427,102.37101799999999,103.10877489583333
Acoustic Bass,32,45,A2,127,0.1063143125000039,103.144213,103.2505273125
Acoustic Bass,32,45,A2,127,0.2351801458333398,103.298852,103.53403214583334
Acoustic Bass,32,43,G2,127,0.7377568958333285,103.60813,104.34588689583333
Acoustic Bass,32,38,D2,127,0.48324687499999186,104.381325,104.864571875
Acoustic Bass,32,43,G2,127,0.29639141666666546,104.845242,105.14163341666666
Acoustic Bass,32,48,C3,127,0.5509014374999879,105.15452,105.7054214375
Acoustic Bass,32,41,F2,127,0.38981914583332866,105.618437,106.00825614583333
Acoustic Bass,32,43,G2,127,0.7055404375000052,106.082354,106.7878944375
Acoustic Bass,32,39,D#2,127,0.31894293749999747,106.855549,107.1744919375
Acoustic Bass,32,38,D2,127,0.7764166458333221,107.319466,108.09588264583333
Acoustic Bass,32,45,A2,127,0.3833758541666725,108.09266099999999,108.47603685416667
Acoustic Bass,32,43,G2,127,0.7409785416666637,108.556578,109.29755654166667
Acoustic Bass,32,50,D3,127,0.45103041666666854,109.329773,109.78080341666667
Acoustic Bass,32,43,G2,127,0.21585027083332875,109.79369,110.00954027083333
Acoustic Bass,32,41,F2,127,0.28350483333332477,110.102968,110.38647283333333
Acoustic Bass,32,47,B2,127,0.08054114583333671,110.412246,110.49278714583333
Acoustic Bass,32,48,C3,127,0.13853077083334142,110.412246,110.55077677083334
Acoustic Bass,32,36,C2,127,0.4768035833333357,110.566885,111.04368858333333
Acoustic Bass,32,48,C3,127,0.14819570833333273,111.030802,111.17899770833333
Acoustic Bass,32,43,G2,127,0.08698443749999285,111.34008,111.4270644375
Acoustic Bass,32,41,F2,127,0.14175241666666238,111.494719,111.63647141666667
Acoustic Bass,32,43,G2,127,0.11597925000000942,111.803997,111.91997625
Acoustic Bass,32,41,F2,127,0.42847889583333654,112.577192,113.00567089583333
Acoustic Bass,32,48,C3,127,0.0934277291666632,113.041109,113.13453672916667
Acoustic Bass,32,48,C3,127,0.26417495833334215,113.195748,113.45992295833334
Acoustic Bass,32,41,F2,127,0.6990971458333348,113.505026,114.20412314583334
Acoustic Bass,32,36,C2,127,0.4317005416666575,114.278221,114.70992154166666
Acoustic Bass,32,41,F2,127,0.18363381250000543,114.742138,114.9257718125
Acoustic Bass,32,43,G2,127,0.41237066666666067,115.051416,115.46378666666666
Acoustic Bass,32,50,D3,127,0.0934277291666632,115.515333,115.60876072916666
Acoustic Bass,32,50,D3,127,0.28350483333332477,115.669972,115.95347683333333
Acoustic Bass,32,43,G2,127,0.7087620833333403,115.97925,116.68801208333333
Acoustic Bass,32,38,D2,127,0.4768035833333357,116.752445,117.22924858333333
Acoustic Bass,32,43,G2,127,0.2094069791666584,117.216362,117.42576897916666
Acoustic Bass,32,41,F2,127,0.396262437499999,117.52564,117.9219024375
Acoustic Bass,32,48,C3,127,0.07409785416666637,117.989557,118.06365485416667
Acoustic Bass,32,48,C3,127,0.24484508333334531,118.144196,118.38904108333334
Acoustic Bass,32,41,F2,127,0.7216486666666668,118.453474,119.17512266666667
Acoustic Bass,32,36,C2,127,0.42525725000000136,119.226669,119.65192625
Acoustic Bass,32,41,F2,127,0.19007710416667578,119.690586,119.88066310416667
Acoustic Bass,32,43,G2,127,0.418813958333331,119.999864,120.41867795833333
Acoustic Bass,32,50,D3,127,0.10309266666666872,120.463781,120.56687366666667
Acoustic Bass,32,50,D3,127,0.25128837500000145,120.61842,120.869708375
Acoustic Bass,32,43,G2,127,0.7119837291666755,120.92769799999999,121.63968172916667
Acoustic Bass,32,38,D2,127,0.4091490208333397,121.700893,122.11004202083333
Acoustic Bass,32,43,G2,127,0.21262862499999358,122.16481,122.377438625
Acoustic Bass,32,41,F2,127,0.4123706666666749,122.474088,122.88645866666667
Acoustic Bass,32,48,C3,127,0.0805411458333225,122.938005,123.01854614583333
Acoustic Bass,32,48,C3,127,0.2963914166666797,123.09264399999999,123.38903541666667
Acoustic Bass,32,41,F2,127,0.7119837291666613,123.401922,124.11390572916666
Acoustic Bass,32,36,C2,127,0.4574737083333389,124.175117,124.63259070833334
Acoustic Bass,32,41,F2,127,0.19329874999999674,124.639034,124.83233274999999
Acoustic Bass,32,43,G2,127,0.40592737500000453,124.948312,125.354239375
Acoustic Bass,32,50,D3,127,0.08698443750000706,125.412229,125.4992134375
Acoustic Bass,32,50,D3,127,0.27383989583333346,125.566868,125.84070789583333
Acoustic Bass,32,43,G2,127,0.7152053749999965,125.876146,126.591351375
Acoustic Bass,32,38,D2,127,0.4768035833333357,126.64934099999999,127.12614458333333
Acoustic Bass,32,43,G2,127,0.21262862499999358,127.113258,127.325886625
Acoustic Bass,32,41,F2,127,0.40592737500000453,127.422536,127.828463375
Acoustic Bass,32,36,C2,127,0.41559231250001005,127.886453,128.3020453125
Acoustic Bass,32,41,F2,127,0.7796382916666573,128.35037,129.13000829166666
Acoustic Bass,32,36,C2,127,0.40270572916668357,129.12356499999999,129.52627072916667
Acoustic Bass,32,41,F2,127,0.18041216666668447,129.587482,129.76789416666668
Acoustic Bass,32,43,G2,127,0.3962624374999848,129.89676,130.29302243749999
Acoustic Bass,32,50,D3,127,0.07731949999998733,130.360677,130.4379965
Acoustic Bass,32,50,D3,127,0.2706182499999841,130.515316,130.78593425
Acoustic Bass,32,43,G2,127,0.7345352500000217,130.824594,131.55912925
Acoustic Bass,32,38,D2,127,0.41237066666664646,131.597789,132.01015966666665
Acoustic Bass,32,43,G2,127,0.20618533333333744,132.061706,132.26789133333332
Acoustic Bass,32,41,F2,127,0.40592737500000453,132.370984,132.776911375
Acoustic Bass,32,36,C2,127,0.10631431249998968,132.834901,132.9412153125
Acoustic Bass,32,36,C2,127,0.2545100208333224,132.98954,133.24405002083333
Acoustic Bass,32,41,F2,127,0.7538651249999759,133.298818,134.052683125
Acoustic Bass,32,48,C3,127,0.4220356041666662,134.072013,134.49404860416666
Acoustic Bass,32,43,G2,127,0.7216486666666526,134.53593,135.25757866666666
Acoustic Bass,32,50,D3,127,0.09020608333332802,135.309125,135.39933108333332
Acoustic Bass,32,50,D3,127,0.2351801458333398,135.463764,135.69894414583334
Acoustic Bass,32,43,G2,127,0.705540437499991,135.773042,136.4785824375
Acoustic Bass,32,38,D2,127,0.43814383333332785,136.546237,136.98438083333332
Acoustic Bass,32,43,G2,127,0.2351801458333398,137.010154,137.24533414583334
Acoustic Bass,32,41,F2,127,0.4091490208333255,137.319432,137.72858102083333
Acoustic Bass,32,48,C3,127,0.0837627916666861,137.783349,137.86711179166667
Acoustic Bass,32,48,C3,127,0.28672647916667415,137.937988,138.22471447916666
Acoustic Bass,32,41,F2,127,0.699097145833349,138.247266,138.94636314583335
Acoustic Bass,32,36,C2,127,0.3833758541666441,139.020461,139.40383685416666
Acoustic Bass,32,41,F2,127,0.19007710416667578,139.484378,139.67445510416667
Acoustic Bass,32,43,G2,127,0.40270572916665515,139.793656,140.19636172916665
Acoustic Bass,32,50,D3,127,0.08376279166665768,140.257573,140.34133579166667
Acoustic Bass,32,50,D3,127,0.2641749583333137,140.412212,140.67638695833332
Acoustic Bass,32,43,G2,127,0.7152053750000107,140.72149,141.436695375
Acoustic Bass,32,38,D2,127,0.4671386458333302,141.494685,141.96182364583333
Acoustic Bass,32,43,G2,127,0.2577316666666718,141.95860199999998,142.21633366666666
Acoustic Bass,32,41,F2,127,0.40592737500000453,142.26788,142.673807375
Acoustic Bass,32,48,C3,127,0.08376279166665768,142.731797,142.81555979166666
Acoustic Bass,32,48,C3,127,0.2931697708333161,142.886436,143.17960577083332
Acoustic Bass,32,41,F2,127,0.6862105624999799,143.195714,143.8819245625
Acoustic Bass,32,35,B1,127,0.21585027083332875,143.968909,144.18475927083333
Acoustic Bass,32,36,C2,127,0.48646852083334124,143.968909,144.45537752083334
Acoustic Bass,32,41,F2,127,0.2222935624999991,144.432826,144.6551195625
Acoustic Bass,32,43,G2,127,0.4188139583333168,144.742104,145.16091795833333
Acoustic Bass,32,50,D3,127,0.09664937499999837,145.206021,145.302670375
Acoustic Bass,32,50,D3,127,0.26417495833334215,145.36066,145.62483495833334
Acoustic Bass,32,43,G2,127,0.7087620833333403,145.669938,146.37870008333334
Acoustic Bass,32,38,D2,127,0.43814383333335627,146.443133,146.88127683333335
Acoustic Bass,32,43,G2,127,0.21907191666667813,146.90705,147.12612191666668
Acoustic Bass,32,41,F2,127,0.41559231249999584,147.216328,147.6319203125
Acoustic Bass,32,48,C3,127,0.08054114583333671,147.68024499999999,147.76078614583332
Acoustic Bass,32,48,C3,127,0.2706182500000125,147.834884,148.10550225
Acoustic Bass,32,41,F2,127,0.721648666666681,148.144162,148.86581066666668
Acoustic Bass,32,36,C2,127,0.4091490208333255,148.917357,149.32650602083334
Acoustic Bass,32,41,F2,127,0.20296368750001648,149.381274,149.5842376875
Acoustic Bass,32,43,G2,127,0.41559231249999584,149.690552,150.1061443125
Acoustic Bass,32,50,D3,127,0.08054114583333671,150.154469,150.23501014583334
Acoustic Bass,32,50,D3,127,0.2706182499999841,150.309108,150.57972625
Acoustic Bass,32,43,G2,127,0.7280919583333514,150.618386,151.34647795833334
Acoustic Bass,32,38,D2,127,0.44136547916667723,151.391581,151.83294647916668
Acoustic Bass,32,43,G2,127,0.1997420416666671,151.855498,152.05524004166668
Acoustic Bass,32,41,F2,127,0.38015420833335156,152.164776,152.54493020833334
Acoustic Bass,32,48,C3,127,0.05154633333333436,152.628693,152.68023933333333
Acoustic Bass,32,48,C3,127,0.2673966041666631,152.783332,153.05072860416666
Acoustic Bass,32,41,F2,127,0.6990971458333206,153.09261,153.79170714583333
Acoustic Bass,32,36,C2,127,0.45103041666666854,153.865805,154.31683541666666
Acoustic Bass,32,41,F2,127,0.21585027083332875,154.329722,154.54557227083333
Acoustic Bass,32,43,G2,127,0.4317005416666575,154.639,155.07070054166667
Acoustic Bass,32,50,D3,127,0.08054114583333671,155.102917,155.18345814583333
Acoustic Bass,32,50,D3,127,0.27383989583333346,155.257556,155.53139589583333
Acoustic Bass,32,43,G2,127,0.728091958333323,155.566834,156.29492595833332
Acoustic Bass,32,38,D2,127,0.4800252291666709,156.340029,156.82005422916666
Acoustic Bass,32,43,G2,127,0.20618533333333744,156.803946,157.01013133333333
Acoustic Bass,32,41,F2,127,0.3833758541666725,157.113224,157.49659985416667
Acoustic Bass,32,48,C3,127,0.07087620833331698,157.577141,157.64801720833333
Acoustic Bass,32,48,C3,127,0.2351801458333398,157.73178,157.96696014583333
Acoustic Bass,32,41,F2,127,0.7538651250000044,158.041058,158.794923125
Acoustic Bass,32,36,C2,127,0.4188139583333168,158.814253,159.23306695833332
Acoustic Bass,32,41,F2,127,0.1997420416666671,159.27817,159.47791204166666
Acoustic Bass,32,43,G2,127,0.4478087708333476,159.587448,160.03525677083334
Acoustic Bass,32,50,D3,127,0.07409785416666637,160.051365,160.12546285416667
Acoustic Bass,32,50,D3,127,0.2899481249999951,160.206004,160.495952125
Acoustic Bass,32,43,G2,127,0.6829889166666874,160.51528199999998,161.19827091666667
Acoustic Bass,32,38,D2,127,0.5219066249999855,161.288477,161.810383625
Acoustic Bass,32,43,G2,127,0.1965203958333177,161.752394,161.94891439583333
Acoustic Bass,32,41,F2,127,0.4671386458333586,162.061672,162.52881064583335
Acoustic Bass,32,48,C3,127,0.3833758541666725,162.525589,162.90896485416667
Acoustic Bass,32,41,F2,127,0.7313136041666723,162.989506,163.72081960416668
Acoustic Bass,32,36,C2,127,0.4445871249999982,163.762701,164.207288125
Acoustic Bass,32,41,F2,127,0.19329874999999674,164.226618,164.41991675
Acoustic Bass,32,43,G2,127,0.4896901666666622,164.535896,165.02558616666667
Acoustic Bass,32,50,D3,127,0.41559231249999584,164.999813,165.41540531249998
Acoustic Bass,32,43,G2,127,0.6862105625000083,165.46373,166.1499405625
Acoustic Bass,32,38,D2,127,0.4832468750000203,166.23692499999999,166.720171875
Acoustic Bass,32,43,G2,127,0.19652039583334613,166.700842,166.89736239583334
Acoustic Bass,32,41,F2,127,0.3962624374999848,167.01012,167.40638243749999
Acoustic Bass,32,48,C3,127,0.35438104166664175,167.474037,167.82841804166665
Acoustic Bass,32,41,F2,127,0.6443291666666653,167.937954,168.58228316666666
Acoustic Bass,32,36,C2,127,0.5347932083333262,168.711149,169.24594220833333
Acoustic Bass,32,41,F2,127,0.19652039583334613,169.175066,169.37158639583333
Acoustic Bass,32,43,G2,127,0.3962624375000132,169.484344,169.8806064375
Acoustic Bass,32,50,D3,127,0.3994840833333342,169.948261,170.34774508333334
Acoustic Bass,32,43,G2,127,0.6733239791666676,170.412178,171.08550197916668
Acoustic Bass,32,38,D2,127,0.45103041666666854,171.185373,171.63640341666667
Acoustic Bass,32,43,G2,127,0.21262862499997937,171.64929,171.861918625
Acoustic Bass,32,41,F2,127,0.3865975000000219,171.95856799999999,172.3451655
Acoustic Bass,32,48,C3,127,0.09664937499999837,172.422485,172.519134375
Acoustic Bass,32,48,C3,127,0.27383989583333346,172.577124,172.85096389583333
Acoustic Bass,32,41,F2,127,0.7216486666666526,172.886402,173.60805066666666
Acoustic Bass,32,36,C2,127,0.40592737500000453,173.659597,174.065524375
Acoustic Bass,32,41,F2,127,0.19007710416667578,174.123514,174.31359110416668
Acoustic Bass,32,43,G2,127,0.40270572916665515,174.432792,174.83549772916666
Acoustic Bass,32,50,D3,127,0.3833758541666725,174.896709,175.28008485416666
Acoustic Bass,32,43,G2,127,0.7603084166666747,175.360626,176.12093441666667
Acoustic Bass,32,38,D2,127,0.4317005416666575,176.133821,176.56552154166667
Acoustic Bass,32,43,G2,127,0.21585027083332875,176.597738,176.81358827083332
Acoustic Bass,32,41,F2,127,0.4349221875000069,176.907016,177.3419381875
Acoustic Bass,32,45,A2,127,0.3737109166666528,177.370933,177.74464391666666
Acoustic Bass,32,48,C3,127,0.7055404375000194,177.83485,178.5403904375
Acoustic Bass,32,41,F2,127,0.3833758541666725,178.608045,178.99142085416668
Acoustic Bass,32,50,D3,127,0.1643039375000228,179.07196199999998,179.2362659375
Acoustic Bass,32,48,C3,127,0.28672647916667415,179.07196199999998,179.35868847916666
Acoustic Bass,32,43,G2,127,0.4188139583333452,179.38124,179.80005395833334
Acoustic Bass,32,50,D3,127,0.10631431249998968,179.845157,179.9514713125
Acoustic Bass,32,50,D3,127,0.2770615416666544,179.999796,180.27685754166666
Acoustic Bass,32,43,G2,127,0.7087620833333119,180.309074,181.01783608333332
Acoustic Bass,32,50,D3,127,0.2222935624999991,181.082269,181.3045625625
Acoustic Bass,32,43,G2,127,0.35760268749999113,181.236908,181.5945106875
Acoustic Bass,32,50,D3,127,0.2190719166666497,181.546186,181.76525791666666
Acoustic Bass,32,41,F2,127,0.4317005416666575,181.855464,182.28716454166667
Acoustic Bass,32,36,C2,127,0.40270572916668357,182.319381,182.72208672916668
Acoustic Bass,32,41,F2,127,0.7538651250000044,182.783298,183.537163125
Acoustic Bass,32,48,C3,127,0.5090200416666733,183.556493,184.06551304166666
Acoustic Bass,32,41,F2,127,0.20296368749998805,184.02041,184.2233736875
Acoustic Bass,32,43,G2,127,0.4542520624999895,184.329688,184.7839400625
Acoustic Bass,32,38,D2,127,0.3737109166666812,184.79360499999999,185.16731591666667
Acoustic Bass,32,43,G2,127,0.7345352499999933,185.257522,185.99205725
Acoustic Bass,32,38,D2,127,0.3608243333333121,186.030717,186.39154133333332
Acoustic Bass,32,41,F2,127,0.7538651250000044,186.494634,187.248499125
Acoustic Bass,32,36,C2,127,0.42847889583333654,187.267829,187.69630789583334
Acoustic Bass,32,41,F2,127,0.6668806874999973,187.731746,188.39862668749998
Acoustic Bass,32,36,C2,127,0.29639141666666546,188.504941,188.80133241666667
Acoustic Bass,32,43,G2,127,0.7377568958333143,188.968858,189.70661489583333
Acoustic Bass,32,38,D2,127,0.3994840833333342,189.742053,190.14153708333333
Acoustic Bass,32,43,G2,127,0.7184270208333317,190.20597,190.92439702083334
Acoustic Bass,32,38,D2,127,0.40270572916668357,190.979165,191.38187072916668
Acoustic Bass,32,41,F2,127,0.747421833333334,191.443082,192.19050383333334
Acoustic Bass,32,36,C2,127,0.3769325625000022,192.216277,192.5932095625
Acoustic Bass,32,41,F2,127,0.7635300624999957,192.680194,193.4437240625
Acoustic Bass,32,36,C2,127,0.3994840833333342,193.453389,193.85287308333332
Acoustic Bass,32,43,G2,127,0.6507724583333356,193.917306,194.56807845833333
Acoustic Bass,32,38,D2,127,0.33505116666665913,194.690501,195.02555216666667
Acoustic Bass,32,43,G2,127,0.6636590416666763,195.154418,195.81807704166667
Acoustic Bass,32,38,D2,127,0.38981914583331445,195.927613,196.31743214583332
Acoustic Bass,32,41,F2,127,0.699097145833349,196.39153,197.09062714583334
Acoustic Bass,32,36,C2,127,0.35760268749999113,197.164725,197.5223276875
Acoustic Bass,32,41,F2,127,0.699097145833349,197.62864199999999,198.32773914583333
Acoustic Bass,32,48,C3,127,0.4317005416666575,198.401837,198.83353754166666
Acoustic Bass,32,43,G2,127,0.6894322083333293,198.865754,199.55518620833334
Acoustic Bass,32,38,D2,127,0.3833758541666725,199.638949,200.02232485416667
Acoustic Bass,32,43,G2,127,0.747421833333334,200.102866,200.85028783333334
Acoustic Bass,32,38,D2,127,0.4896901666666622,200.876061,201.36575116666666
Acoustic Bass,32,45,A2,127,0.17074722916666474,201.339978,201.51072522916667
Acoustic Bass,32,43,G2,127,0.19007710416667578,201.339978,201.53005510416668
Acoustic Bass,32,43,G2,127,0.10309266666666872,201.649256,201.75234866666668
Acoustic Bass,32,43,G2,127,0.1063143125000181,201.958534,202.0648483125
Acoustic Bass,32,43,G2,127,0.09020608333332802,202.267812,202.35801808333332
Acoustic Bass,32,43,G2,127,0.09987102083334776,202.422451,202.52232202083334
Acoustic Bass,32,43,G2,127,0.09020608333332802,202.731729,202.82193508333333
Acoustic Bass,32,43,G2,127,0.1288658333333217,202.886368,203.01523383333333
Acoustic Bass,32,41,F2,127,0.37048927083333183,202.886368,203.25685727083334
Acoustic Bass,32,36,C2,127,0.3608243333333405,203.35028499999999,203.71110933333333
Acoustic Bass,32,41,F2,127,0.6701023333333467,203.814202,204.48430433333334
Acoustic Bass,32,36,C2,127,0.3414944583333295,204.587397,204.92889145833334
Acoustic Bass,32,41,F2,127,0.22873685416666945,205.051314,205.28005085416666
Acoustic Bass,32,43,G2,127,0.3414944583333295,205.360592,205.70208645833333
Acoustic Bass,32,38,D2,127,0.3124996458333271,205.824509,206.13700864583333
Acoustic Bass,32,43,G2,127,0.7087620833333403,206.288426,206.99718808333333
Acoustic Bass,32,38,D2,127,0.4091490208333255,207.061621,207.47077002083333
Acoustic Bass,32,43,G2,127,0.19007710416664736,207.525538,207.71561510416666
Acoustic Bass,32,41,F2,127,0.3865975000000219,207.834816,208.2214135
Acoustic Bass,32,36,C2,127,0.36726762500001087,208.298733,208.666000625
Acoustic Bass,32,41,F2,127,0.7377568958333143,208.76265,209.50040689583332
Acoustic Bass,32,36,C2,127,0.3414944583333295,209.535845,209.87733945833332
Acoustic Bass,32,41,F2,127,0.2351801458333398,209.999762,210.23494214583334
Acoustic Bass,32,43,G2,127,0.3737109166666528,210.30904,210.68275091666666
Acoustic Bass,32,38,D2,127,0.36726762500001087,210.772957,211.140224625
Acoustic Bass,32,43,G2,127,0.6733239791666676,211.236874,211.91019797916667
Acoustic Bass,32,50,D3,127,0.4445871249999982,212.010069,212.45465612499999
Acoustic Bass,32,43,G2,127,0.21907191666667813,212.473986,212.69305791666667
Acoustic Bass,32,41,F2,127,0.3994840833333342,212.783264,213.18274808333334
Acoustic Bass,32,36,C2,127,0.39304079166666384,213.247181,213.64022179166668
Acoustic Bass,32,41,F2,127,0.7280919583333514,213.711098,214.43918995833334
Acoustic Bass,32,48,C3,127,0.42847889583333654,214.484293,214.91277189583334
Acoustic Bass,32,41,F2,127,0.22551520833334848,214.94821,215.17372520833334
Acoustic Bass,32,43,G2,127,0.40592737500000453,215.257488,215.663415375
Acoustic Bass,32,38,D2,127,0.4091490208333255,215.721405,216.13055402083333
Acoustic Bass,32,43,G2,127,0.7345352500000217,216.18532199999999,216.91985725
Acoustic Bass,32,50,D3,127,0.10953595833333907,216.958517,217.06805295833334
Acoustic Bass,32,50,D3,127,0.28350483333332477,217.113156,217.39666083333333
Acoustic Bass,32,43,G2,127,0.1997420416666671,217.422434,217.62217604166668
Acoustic Bass,32,41,F2,127,0.34471610416667886,217.731712,218.07642810416667
Acoustic Bass,32,36,C2,127,0.3608243333333405,218.195629,218.55645333333334
Acoustic Bass,32,41,F2,127,0.705540437499991,218.659546,219.3650864375
Acoustic Bass,32,48,C3,127,0.08698443750000706,219.432741,219.5197254375
Acoustic Bass,32,48,C3,127,0.2480667291666805,219.58738,219.83544672916668
Acoustic Bass,32,41,F2,127,0.20618533333333744,219.896658,220.10284333333334
Acoustic Bass,32,43,G2,127,0.4220356041666662,220.205936,220.62797160416667
Acoustic Bass,32,38,D2,127,0.39304079166666384,220.669853,221.06289379166665
Acoustic Bass,32,43,G2,127,0.728091958333323,221.13377,221.86186195833332
Acoustic Bass,32,50,D3,127,0.10309266666666872,221.90696499999999,222.01005766666665
Acoustic Bass,32,50,D3,127,0.25451002083335084,222.061604,222.31611402083334
Acoustic Bass,32,43,G2,127,0.19329874999999674,222.370882,222.56418075
Acoustic Bass,32,41,F2,127,0.3511593958333208,222.68016,223.03131939583332
Acoustic Bass,32,36,C2,127,0.38981914583331445,223.144077,223.53389614583332
Acoustic Bass,32,41,F2,127,0.7409785416666637,223.607994,224.34897254166665
Acoustic Bass,32,36,C2,127,0.36726762499998244,224.381189,224.748456625
Acoustic Bass,32,41,F2,127,0.21585027083335717,224.845106,225.06095627083334
Acoustic Bass,32,43,G2,127,0.36726762500001087,225.154384,225.521651625
Acoustic Bass,32,38,D2,127,0.3737109166666528,225.618301,225.99201191666666
Acoustic Bass,32,43,G2,127,0.6990971458333206,226.082218,226.78131514583333
Acoustic Bass,32,38,D2,127,0.3253862291666678,226.855413,227.18079922916667
Acoustic Bass,32,43,G2,127,0.17074722916666474,227.31933,227.49007722916667
Acoustic Bass,32,41,F2,127,0.3189429375000259,227.62860799999999,227.9475509375
Acoustic Bass,32,36,C2,127,0.3286078750000172,228.092525,228.421132875
Acoustic Bass,32,41,F2,127,0.7087620833333403,228.556442,229.26520408333334
Acoustic Bass,32,36,C2,127,0.3253862291666678,229.329637,229.65502322916666
Acoustic Bass,32,41,F2,127,0.2545100208333224,229.793554,230.04806402083332
Acoustic Bass,32,43,G2,127,0.3286078749999888,230.102832,230.431439875
Acoustic Bass,32,38,D2,127,0.3511593958333492,230.566749,230.91790839583334
Acoustic Bass,32,43,G2,127,0.6926538541666787,231.030666,231.72331985416668
Acoustic Bass,32,38,D2,127,0.33182952083330974,231.803861,232.13569052083332
Acoustic Bass,32,43,G2,127,0.18363381250000543,232.267778,232.4514118125
Acoustic Bass,32,41,F2,127,0.38015420833332314,232.577056,232.95721020833332
Acoustic Bass,32,48,C3,127,0.07731949999998733,233.040973,233.1182925
Acoustic Bass,32,48,C3,127,0.2545100208333224,233.195612,233.45012202083333
Acoustic Bass,32,41,F2,127,0.653994104166685,233.50489,234.15888410416667
Acoustic Bass,32,36,C2,127,0.34471610416665044,234.278085,234.62280110416665
Acoustic Bass,32,41,F2,127,0.19652039583334613,234.74200199999999,234.93852239583333
Acoustic Bass,32,43,G2,127,0.35760268750001956,235.05128,235.4088826875
Acoustic Bass,32,38,D2,127,0.3414944583333295,235.515197,235.85669145833333
Acoustic Bass,32,43,G2,127,0.6668806874999973,235.979114,236.6459946875
Acoustic Bass,32,50,D3,127,0.09664937499999837,236.752309,236.848958375
Acoustic Bass,32,50,D3,127,0.2448450833333311,236.906948,237.15179308333333
Acoustic Bass,32,41,F2,127,0.6926538541666503,237.216226,237.90887985416666
Acoustic Bass,32,36,C2,127,0.3962624375000132,237.989421,238.3856834375
Acoustic Bass,32,41,F2,127,0.705540437499991,238.453338,239.1588784375
Acoustic Bass,32,48,C3,127,0.10309266666666872,239.226533,239.32962566666666
Acoustic Bass,32,48,C3,127,0.2835048333333532,239.381172,239.66467683333335
Acoustic Bass,32,43,G2,127,0.679767270833338,239.69045,240.37021727083334
Acoustic Bass,32,38,D2,127,0.3414944583333579,240.46364499999999,240.80513945833334
Acoustic Bass,32,43,G2,127,0.7184270208333317,240.927562,241.64598902083333
Acoustic Bass,32,38,D2,127,0.45103041666666854,241.700757,242.15178741666668
Acoustic Bass,32,43,G2,127,0.2126286250000078,242.164674,242.377302625
Acoustic Bass,32,43,G2,127,0.3737109166666812,242.473952,242.84766291666668
Acoustic Bass,32,43,G2,127,0.1868554583333264,242.937869,243.12472445833333
Acoustic Bass,32,41,F2,127,0.4445871249999982,243.711064,244.155651125
Acoustic Bass,32,48,C3,127,0.3769325625000022,244.174981,244.5519135625
Acoustic Bass,32,41,F2,127,0.682988916666659,244.638898,245.32188691666667
Acoustic Bass,32,36,C2,127,0.46391700000000924,245.412093,245.87601
Acoustic Bass,32,41,F2,127,0.19329874999999674,245.87601,246.06930875
Acoustic Bass,32,43,G2,127,0.4445871249999982,246.18528799999999,246.62987512499998
Acoustic Bass,32,50,D3,127,0.39304079166666384,246.649205,247.04224579166666
Acoustic Bass,32,43,G2,127,0.70231879166667,247.113122,247.81544079166667
Acoustic Bass,32,38,D2,127,0.2222935624999991,247.886317,248.1086105625
Acoustic Bass,32,43,G2,127,0.19007710416667578,248.040956,248.23103310416667
Acoustic Bass,32,41,F2,127,0.682988916666659,248.350234,249.03322291666666
Acoustic Bass,32,36,C2,127,0.3962624375000132,249.123429,249.5196914375
Acoustic Bass,32,41,F2,127,0.6314425833333246,249.587346,250.21878858333332
Acoustic Bass,32,48,C3,127,0.2448450833333311,250.360541,250.60538608333334
Acoustic Bass,32,41,F2,127,0.26417495833334215,250.51518,250.77935495833333
Acoustic Bass,32,43,G2,127,0.6636590416666763,250.824458,251.48811704166667
Acoustic Bass,32,38,D2,127,0.3157212916666481,251.597653,251.91337429166666
Acoustic Bass,32,43,G2,127,0.7731950000000154,252.06157,252.834765
Acoustic Bass,32,48,C3,127,0.09020608333332802,252.834765,252.92497108333333
Acoustic Bass,32,50,D3,127,0.4349221875000069,252.834765,253.2696871875
Acoustic Bass,32,43,G2,127,0.20296368750001648,253.29868199999999,253.5016456875
Acoustic Bass,32,41,F2,127,0.3286078750000172,253.60796,253.936567875
Acoustic Bass,32,36,C2,127,0.3640459791666615,254.071877,254.43592297916666
Acoustic Bass,32,41,F2,127,0.6572157499999776,254.535794,255.19300975
Acoustic Bass,32,48,C3,127,0.4445871249999982,255.308989,255.753576125
Acoustic Bass,32,41,F2,127,0.18041216666665605,255.772906,255.95331816666666
Acoustic Bass,32,43,G2,127,0.36726762500001087,256.082184,256.449451625
Acoustic Bass,32,38,D2,127,0.3962624374999564,256.546101,256.9423634375
Acoustic Bass,32,43,G2,127,0.6378858749999949,257.010018,257.647903875
Acoustic Bass,32,50,D3,127,0.13208747916667107,257.783213,257.91530047916666
Acoustic Bass,32,43,G2,127,0.13530912499999204,257.937852,258.073161125
Acoustic Bass,32,41,F2,127,0.679767270833338,258.24712999999997,258.9268972708333
Acoustic Bass,32,36,C2,127,0.3608243333333121,259.020325,259.3811493333333
Acoustic Bass,32,41,F2,127,0.7377568958333427,259.484242,260.22199889583334
Acoustic Bass,32,48,C3,127,0.2738398958333619,260.257437,260.53127689583334
Acoustic Bass,32,41,F2,127,0.20296368749995963,260.412076,260.6150396875
Acoustic Bass,32,43,G2,127,0.6701023333333183,260.721354,261.39145633333334
Acoustic Bass,32,38,D2,127,0.35760268749999113,261.494549,261.8521516875
Acoustic Bass,32,43,G2,127,0.7087620833333403,261.958466,262.6672280833333
Acoustic Bass,32,38,D2,127,0.4574737083333389,262.731661,263.1891347083333
Acoustic Bass,32,43,G2,127,0.10631431249998968,263.195578,263.3018923125
Acoustic Bass,32,43,G2,127,0.1256441874999723,263.504856,263.6305001875
Acoustic Bass,32,43,G2,127,0.11275760416663161,263.814134,263.92689160416666
Acoustic Bass,32,43,G2,127,0.0837627916666861,264.123412,264.20717479166666
Acoustic Bass,32,43,G2,127,0.09987102083334776,264.278051,264.37792202083335
Acoustic Bass,32,41,F2,127,0.3350511666666307,265.205885,265.54093616666665
Acoustic Bass,32,43,G2,127,0.138530770833313,265.669802,265.8083327708333
Acoustic Bass,32,43,G2,127,0.4091490208332971,266.288358,266.6975070208333
Acoustic Grand Piano,0,62,D4,127,0.08376279166666656,7.284141229166667,7.3679040208333335
Acoustic Grand Piano,0,62,D4,127,0.11597925000000053,8.962618708333332,9.078597958333333
Acoustic Grand Piano,0,62,D4,127,0.061211270833332776,9.123701,9.184912270833333
Acoustic Grand Piano,0,62,D4,127,0.05798962499999938,9.304113166666667,9.362102791666667
Acoustic Grand Piano,0,62,D4,127,0.08698443749999996,9.439422291666666,9.526406729166666
Acoustic Grand Piano,0,62,D4,127,0.10631431250000034,10.057978291666666,10.164292604166667
Acoustic Grand Piano,0,62,D4,127,0.06765456249999957,10.1965090625,10.264163625
Acoustic Grand Piano,0,64,E4,127,0.08376279166666656,10.364034645833334,10.4477974375
Acoustic Grand Piano,0,64,E4,127,0.09342772916666675,10.534781875,10.628209604166667
Acoustic Grand Piano,0,62,D4,127,0.10309266666666694,10.689420875,10.792513541666667
Acoustic Grand Piano,0,62,D4,127,0.07409785416666637,11.137229645833333,11.2113275
Acoustic Grand Piano,0,62,D4,127,0.10953595833333196,11.446507645833334,11.556043604166666
Acoustic Grand Piano,0,62,D4,127,0.025773166666665404,11.623698166666667,11.649471333333333
Acoustic Grand Piano,0,62,D4,127,0.051546333333332583,11.788002104166667,11.8395484375
Acoustic Grand Piano,0,62,D4,127,0.09020608333333335,11.923311229166666,12.0135173125
Acoustic Grand Piano,0,62,D4,127,0.09342772916666675,12.522537354166667,12.615965083333334
Acoustic Grand Piano,0,62,D4,127,0.05798962499999938,12.661068125,12.71905775
Acoustic Grand Piano,0,64,E4,127,0.07087620833333297,12.835037,12.905913208333333
Acoustic Grand Piano,0,64,E4,127,0.09020608333333335,13.009005875,13.099211958333333
Acoustic Grand Piano,0,62,D4,127,0.09987102083333355,13.157201583333332,13.257072604166666
Acoustic Grand Piano,0,62,D4,127,0.07731950000000154,13.608232,13.6855515
Acoustic Grand Piano,0,62,D4,127,0.08698443749999996,13.778979229166666,13.865963666666666
Acoustic Grand Piano,0,62,D4,127,0.09987102083333355,13.936839875,14.036710895833334
Acoustic Grand Piano,0,62,D4,127,0.05476797916666598,14.1011438125,14.155911791666666
Acoustic Grand Piano,0,62,D4,127,0.06443291666666617,14.2557828125,14.320215729166666
Acoustic Grand Piano,0,62,D4,127,0.09987102083333177,14.3910919375,14.490962958333332
Acoustic Grand Piano,0,62,D4,127,0.10631431250000034,15.006426291666667,15.112740604166667
Acoustic Grand Piano,0,62,D4,127,0.06765456249999957,15.141735416666666,15.209389979166666
Acoustic Grand Piano,0,64,E4,127,0.07087620833333297,15.325369229166666,15.3962454375
Acoustic Grand Piano,0,64,E4,127,0.09020608333333335,15.486451520833333,15.576657604166666
Acoustic Grand Piano,0,62,D4,127,0.10631431250000034,15.624982291666667,15.731296604166667
Acoustic Grand Piano,0,62,D4,127,0.0644329166666644,16.076012708333334,16.140445624999998
Acoustic Grand Piano,0,62,D4,127,0.07409785416666637,16.243538291666667,16.317636145833333
Acoustic Grand Piano,0,62,D4,127,0.09020608333333158,16.388512354166668,16.4787184375
Acoustic Grand Piano,0,62,D4,127,0.057989625000001155,16.546373,16.604362625
Acoustic Grand Piano,0,62,D4,127,0.048324687499999186,16.720341875,16.768666562499998
Acoustic Grand Piano,0,62,D4,127,0.09664937500000192,16.855650999999998,16.952300375
Acoustic Grand Piano,0,62,D4,127,0.10953595833333196,17.480650291666667,17.59018625
Acoustic Grand Piano,0,62,D4,127,0.048324687499999186,17.606294479166667,17.654619166666667
Acoustic Grand Piano,0,64,E4,127,0.06765456249999957,17.780263354166667,17.847917916666667
Acoustic Grand Piano,0,64,E4,127,0.10631431250000034,17.938124,18.0444383125
Acoustic Grand Piano,0,62,D4,127,0.10631431249999679,18.09920629166667,18.205520604166665
Acoustic Grand Piano,0,62,D4,127,0.06443291666666795,18.55668,18.621112916666668
Acoustic Grand Piano,0,62,D4,127,0.0934277291666632,18.7209839375,18.814411666666665
Acoustic Grand Piano,0,62,D4,127,0.13208747916666752,18.865958,18.998045479166667
Acoustic Grand Piano,0,62,D4,127,0.07087620833333119,19.036705229166667,19.1075814375
Acoustic Grand Piano,0,62,D4,127,0.0644329166666644,19.210674104166667,19.27510702083333
Acoustic Grand Piano,0,62,D4,127,0.09020608333333513,19.349204874999998,19.439410958333333
Acoustic Grand Piano,0,62,D4,127,0.09020608333333513,19.642374645833332,19.732580729166667
Acoustic Grand Piano,0,64,E4,127,0.14819570833333273,19.793792,19.941987708333333
Acoustic Grand Piano,0,64,E4,127,0.09020608333333513,20.289925458333332,20.380131541666668
Acoustic Grand Piano,0,62,D4,127,0.11275760416666714,21.362733520833334,21.475491125
Acoustic Grand Piano,0,62,D4,127,0.0579896249999976,21.536702395833334,21.59469202083333
Acoustic Grand Piano,0,62,D4,127,0.032216458333333975,21.68167645833333,21.713892916666666
Acoustic Grand Piano,0,62,D4,127,0.09987102083333355,21.810542291666668,21.9104133125
Acoustic Grand Piano,0,62,D4,127,0.11275760416666714,22.422655,22.535412604166666
Acoustic Grand Piano,0,62,D4,127,0.048324687499999186,22.561185770833333,22.609510458333332
Acoustic Grand Piano,0,64,E4,127,0.061211270833332776,22.731933,22.793144270833334
Acoustic Grand Piano,0,64,E4,127,0.09020608333333513,22.883350354166666,22.9735564375
Acoustic Grand Piano,0,62,D4,127,0.10631431250000034,23.015437833333333,23.121752145833334
Acoustic Grand Piano,0,62,D4,127,0.06765456249999957,23.492241416666666,23.559895979166665
Acoustic Grand Piano,0,62,D4,127,0.09342772916666675,23.6501020625,23.743529791666667
Acoustic Grand Piano,0,62,D4,127,0.10631431249999679,23.801519416666668,23.907833729166665
Acoustic Grand Piano,0,62,D4,127,0.061211270833332776,23.969045,24.030256270833334
Acoustic Grand Piano,0,62,D4,127,0.05154633333333436,24.126905645833332,24.178451979166667
Acoustic Grand Piano,0,62,D4,127,0.10309266666666872,24.2686580625,24.371750729166667
Acoustic Grand Piano,0,62,D4,127,0.11597924999999876,24.871105833333335,24.987085083333334
Acoustic Grand Piano,0,62,D4,127,0.08698443749999996,25.025744833333334,25.112729270833334
Acoustic Grand Piano,0,62,D4,127,0.041881395833335944,25.190048770833332,25.231930166666668
Acoustic Grand Piano,0,62,D4,127,0.05476797916666598,25.347909416666667,25.402677395833333
Acoustic Grand Piano,0,62,D4,127,0.09987102083333355,25.489661833333333,25.589532854166666
Acoustic Grand Piano,0,62,D4,127,0.06443291666666795,25.979352,26.043784916666667
Acoustic Grand Piano,0,62,D4,127,0.09020608333333513,26.146877583333332,26.237083666666667
Acoustic Grand Piano,0,62,D4,127,0.10631431250000034,26.266078479166666,26.372392791666666
Acoustic Grand Piano,0,62,D4,127,0.061211270833332776,26.436825708333334,26.498036979166667
Acoustic Grand Piano,0,62,D4,127,0.05476797916666598,26.604351291666667,26.659119270833333
Acoustic Grand Piano,0,62,D4,127,0.08376279166666833,26.746103708333333,26.8298665
Acoustic Grand Piano,0,62,D4,127,0.09342772916666675,27.38398958333333,27.4774173125
Acoustic Grand Piano,0,62,D4,127,0.10309266666666517,27.506412125,27.609504791666666
Acoustic Grand Piano,0,62,D4,127,0.07087620833333119,27.680381,27.75125720833333
Acoustic Grand Piano,0,62,D4,127,0.061211270833332776,27.851128229166665,27.912339499999998
Acoustic Grand Piano,0,62,D4,127,0.09664937500000192,27.983215708333333,28.079865083333335
Acoustic Grand Piano,0,62,D4,127,0.08054114583333316,28.453575999999998,28.53411714583333
Acoustic Grand Piano,0,62,D4,127,0.07409785416666637,28.6372098125,28.711307666666666
Acoustic Grand Piano,0,62,D4,127,0.09664937499999837,28.756410708333334,28.853060083333332
Acoustic Grand Piano,0,62,D4,127,0.057989625000001155,28.940044520833332,28.998034145833333
Acoustic Grand Piano,0,62,D4,127,0.0644329166666644,29.097905166666667,29.16233808333333
Acoustic Grand Piano,0,62,D4,127,0.09664937499999837,29.242879229166668,29.339528604166667
Acoustic Grand Piano,0,62,D4,127,0.06765456249999957,29.706796229166667,29.774450791666666
Acoustic Grand Piano,0,62,D4,127,0.08054114583333316,29.880765104166667,29.96130625
Acoustic Grand Piano,0,62,D4,127,0.10309266666666517,29.999966,30.103058666666666
Acoustic Grand Piano,0,62,D4,127,0.07087620833333474,30.154605,30.225481208333335
Acoustic Grand Piano,0,62,D4,127,0.07409785416666637,30.315687291666666,30.389785145833333
Acoustic Grand Piano,0,62,D4,127,0.09664937499999837,30.4542180625,30.5508674375
Acoustic Grand Piano,0,62,D4,127,0.07731949999999799,30.921356708333334,30.998676208333332
Acoustic Grand Piano,0,62,D4,127,0.08698443749999996,31.098547229166666,31.185531666666666
Acoustic Grand Piano,0,62,D4,127,0.09020608333333513,31.2467429375,31.336949020833334
Acoustic Grand Piano,0,62,D4,127,0.07409785416666637,31.385273708333333,31.4593715625
Acoustic Grand Piano,0,62,D4,127,0.07087620833333474,31.552799291666666,31.6236755
Acoustic Grand Piano,0,62,D4,127,0.10309266666666872,31.688108416666665,31.791201083333334
Acoustic Grand Piano,0,62,D4,127,0.07087620833333119,32.1552470625,32.226123270833334
Acoustic Grand Piano,0,62,D4,127,0.08054114583332961,32.3292159375,32.40975708333333
Acoustic Grand Piano,0,62,D4,127,0.09987102083333355,32.45163847916667,32.5515095
Acoustic Grand Piano,0,62,D4,127,0.07731950000000154,32.62560735416667,32.70292685416667
Acoustic Grand Piano,0,62,D4,127,0.06443291666666795,32.783468,32.84790091666667
Acoustic Grand Piano,0,62,D4,127,0.1063143125000039,32.93166370833333,33.037978020833336
Acoustic Grand Piano,0,62,D4,127,0.07409785416666637,33.402024,33.476121854166664
Acoustic Grand Piano,0,62,D4,127,0.08054114583333671,33.57921452083333,33.65975566666667
Acoustic Grand Piano,0,62,D4,127,0.10309266666666161,33.70808035416667,33.81117302083333
Acoustic Grand Piano,0,62,D4,127,0.07731950000000154,33.8756059375,33.9529254375
Acoustic Grand Piano,0,62,D4,127,0.06443291666666795,34.039909875,34.10434279166667
Acoustic Grand Piano,0,62,D4,127,0.08698443749999996,34.18810558333333,34.27509002083333
Acoustic Grand Piano,0,62,D4,127,0.07731950000000154,34.639136,34.7164555
Acoustic Grand Piano,0,62,D4,127,0.0934277291666703,34.80666158333333,34.9000893125
Acoustic Grand Piano,0,62,D4,127,0.09987102083333355,34.948414,35.04828502083333
Acoustic Grand Piano,0,62,D4,127,0.07731950000000154,35.122382875,35.199702375
Acoustic Grand Piano,0,62,D4,127,0.061211270833332776,35.283465166666666,35.3446764375
Acoustic Grand Piano,0,62,D4,127,0.09664937500000548,35.42843922916666,35.52508860416667
Acoustic Grand Piano,0,62,D4,127,0.07731950000000154,35.88913458333333,35.96645408333333
Acoustic Grand Piano,0,62,D4,127,0.09020608333333513,36.066325104166665,36.1565311875
Acoustic Grand Piano,0,62,D4,127,0.09020608333333513,36.1951909375,36.28539702083334
Acoustic Grand Piano,0,62,D4,127,0.0579896249999976,36.365938166666666,36.423927791666664
Acoustic Grand Piano,0,62,D4,127,0.06765456249999602,36.5044689375,36.5721235
Acoustic Grand Piano,0,62,D4,127,0.09020608333333513,36.659107937499996,36.74931402083333
Acoustic Grand Piano,0,62,D4,127,0.07409785416666637,37.11336,37.18745785416667
Acoustic Grand Piano,0,62,D4,127,0.0934277291666632,37.287328875,37.38075660416666
Acoustic Grand Piano,0,62,D4,127,0.0934277291666632,37.416194708333336,37.5096224375
Acoustic Grand Piano,0,62,D4,127,0.06765456250000312,37.593385229166664,37.66103979166667
Acoustic Grand Piano,0,62,D4,127,0.06443291666666795,37.7415809375,37.806013854166665
Acoustic Grand Piano,0,62,D4,127,0.09664937499999837,37.886555,37.983204375
Acoustic Grand Piano,0,62,D4,127,0.07731950000000154,38.34402870833333,38.421348208333335
Acoustic Grand Piano,0,62,D4,127,0.08054114583333671,38.5147759375,38.595317083333335
Acoustic Grand Piano,0,62,D4,127,0.09664937500000548,38.63719847916666,38.73384785416667
Acoustic Grand Piano,0,62,D4,127,0.07409785416666637,38.795059125,38.86915697916667
Acoustic Grand Piano,0,62,D4,127,0.07731950000000154,38.96258470833333,39.03990420833333
Acoustic Grand Piano,0,62,D4,127,0.0934277291666632,39.12044535416667,39.21387308333333
Acoustic Grand Piano,0,62,D4,127,0.07087620833333119,39.574697416666666,39.645573625
Acoustic Grand Piano,0,62,D4,127,0.09020608333332802,39.742223,39.83242908333333
Acoustic Grand Piano,0,62,D4,127,0.09987102083333355,39.8871970625,39.987068083333334
Acoustic Grand Piano,0,62,D4,127,0.07731949999999443,40.051501,40.128820499999996
Acoustic Grand Piano,0,62,D4,127,0.08698443749999996,40.199696708333335,40.286681145833334
Acoustic Grand Piano,0,62,D4,127,0.09664937499999837,40.360779,40.457428375
Acoustic Grand Piano,0,62,D4,127,0.06765456250000312,40.81825270833333,40.885907270833336
Acoustic Grand Piano,0,62,D4,127,0.08376279166666478,40.99222158333333,41.075984375
Acoustic Grand Piano,0,62,D4,127,0.09020608333332802,41.146860583333336,41.237066666666664
Acoustic Grand Piano,0,62,D4,127,0.06765456250000312,41.30149958333333,41.369154145833335
Acoustic Grand Piano,0,62,D4,127,0.06765456250000312,41.4529169375,41.5205715
Acoustic Grand Piano,0,62,D4,127,0.0934277291666703,41.597891,41.69131872916667
Acoustic Grand Piano,0,62,D4,127,0.07087620833333119,42.061808,42.13268420833333
Acoustic Grand Piano,0,62,D4,127,0.08698443749999996,42.235776875,42.3227613125
Acoustic Grand Piano,0,62,D4,127,0.10309266666666872,42.35497777083333,42.4580704375
Acoustic Grand Piano,0,62,D4,127,0.061211270833332776,42.525725,42.586936270833334
Acoustic Grand Piano,0,62,D4,127,0.07087620833333119,42.68680729166667,42.7576835
Acoustic Grand Piano,0,62,D4,127,0.09664937500000548,42.82855970833333,42.925209083333336
Acoustic Grand Piano,0,62,D4,127,0.07409785416666637,43.29892,43.37301785416667
Acoustic Grand Piano,0,62,D4,127,0.08054114583332961,43.472888875,43.55343002083333
Acoustic Grand Piano,0,62,D4,127,0.09664937499999837,43.608198,43.704847375
Acoustic Grand Piano,0,62,D4,127,0.0708762083333383,43.762837,43.833713208333336
Acoustic Grand Piano,0,62,D4,127,0.07087620833333119,43.917476,43.98835220833333
Acoustic Grand Piano,0,62,D4,127,0.11275760416666714,44.056006770833335,44.168764375
Acoustic Grand Piano,0,62,D4,127,0.06765456249999602,44.529588708333335,44.59724327083333
Acoustic Grand Piano,0,62,D4,127,0.07409785416666637,44.703557583333335,44.7776554375
Acoustic Grand Piano,0,62,D4,127,0.09020608333332802,44.84208835416667,44.9322944375
Acoustic Grand Piano,0,62,D4,127,0.07731950000000154,44.999949,45.0772685
Acoustic Grand Piano,0,62,D4,127,0.08054114583333671,45.154588,45.23512914583333
Acoustic Grand Piano,0,62,D4,127,0.10309266666666872,45.3188919375,45.42198460416667
Acoustic Grand Piano,0,62,D4,127,0.06765456249999602,45.773144,45.8407985625
Acoustic Grand Piano,0,62,D4,127,0.09020608333333513,45.937447937499996,46.02765402083333
Acoustic Grand Piano,0,62,D4,127,0.08698443749999996,46.101751875,46.1887363125
Acoustic Grand Piano,0,62,D4,127,0.06765456250000312,46.24994758333333,46.317602145833334
Acoustic Grand Piano,0,62,D4,127,0.08054114583332961,46.40780822916667,46.488349375
Acoustic Grand Piano,0,62,D4,127,0.0708762083333383,46.54956064583333,46.62043685416667
Acoustic Grand Piano,0,62,D4,127,0.07731950000000154,46.85883864583333,46.93615814583333
Acoustic Grand Piano,0,64,E4,127,0.10953595833333196,47.0392508125,47.14878677083333
Acoustic Grand Piano,0,64,E4,127,0.09664937499999837,47.49028122916667,47.58693060416667
Acoustic Grand Piano,0,62,D4,127,0.10309266666666872,48.556646,48.65973866666667
Acoustic Grand Piano,0,62,D4,127,0.06443291666666795,48.74994475,48.814377666666665
Acoustic Grand Piano,0,62,D4,127,0.04832468750000629,48.885253875,48.9335785625
Acoustic Grand Piano,0,62,D4,127,0.09987102083333355,49.020563,49.120434020833336
Acoustic Grand Piano,0,62,D4,127,0.06443291666666795,49.494144937499996,49.558577854166664
Acoustic Grand Piano,0,62,D4,127,0.08054114583332961,49.67777875,49.75831989583333
Acoustic Grand Piano,0,62,D4,127,0.0934277291666632,49.787314708333334,49.8807424375
Acoustic Grand Piano,0,62,D4,127,0.07409785416666637,49.948397,50.022494854166666
Acoustic Grand Piano,0,62,D4,127,0.054767979166669534,50.12880916666666,50.18357714583333
Acoustic Grand Piano,0,62,D4,127,0.09020608333333513,50.27056158333333,50.36076766666667
Acoustic Grand Piano,0,62,D4,127,0.07087620833333119,50.721592,50.79246820833333
Acoustic Grand Piano,0,62,D4,127,0.08698443749999996,50.892339229166666,50.979323666666666
Acoustic Grand Piano,0,62,D4,127,0.10309266666666872,51.011540124999996,51.114632791666665
Acoustic Grand Piano,0,62,D4,127,0.08054114583333671,51.19839558333333,51.27893672916667
Acoustic Grand Piano,0,62,D4,127,0.061211270833332776,51.35303458333333,51.414245854166666
Acoustic Grand Piano,0,62,D4,127,0.09987102083333355,51.5044519375,51.604322958333334
Acoustic Grand Piano,0,62,D4,127,0.06443291666666795,51.9490390625,52.01347197916667
Acoustic Grand Piano,0,62,D4,127,0.08698443749999996,52.1230079375,52.209992375
Acoustic Grand Piano,0,62,D4,127,0.08698443749999996,52.26153870833333,52.34852314583333
Acoustic Grand Piano,0,62,D4,127,0.07731950000000154,52.4129560625,52.4902755625
Acoustic Grand Piano,0,62,D4,127,0.06443291666666795,52.5869249375,52.65135785416667
Acoustic Grand Piano,0,62,D4,127,0.09020608333332802,52.725455708333335,52.81566179166666
Acoustic Grand Piano,0,62,D4,127,0.06443291666666795,53.195816,53.26024891666667
Acoustic Grand Piano,0,62,D4,127,0.08698443749999996,53.35367664583333,53.44066108333333
Acoustic Grand Piano,0,62,D4,127,0.0934277291666632,53.505094,53.59852172916666
Acoustic Grand Piano,0,62,D4,127,0.07731949999999443,53.659733,53.7370525
Acoustic Grand Piano,0,62,D4,127,0.06443291666666084,53.82081529166667,53.88524820833333
Acoustic Grand Piano,0,62,D4,127,0.08698443749999996,53.96578935416667,54.05277379166667
Acoustic Grand Piano,0,62,D4,127,0.06443291666666795,54.432928,54.497360916666665
Acoustic Grand Piano,0,62,D4,127,0.09987102083333355,54.587567,54.68743802083333
Acoustic Grand Piano,0,62,D4,127,0.0934277291666632,54.72931941666667,54.82274714583333
Acoustic Grand Piano,0,62,D4,127,0.07409785416666637,54.896845,54.970942854166665
Acoustic Grand Piano,0,62,D4,127,0.0579896249999976,55.064370583333336,55.12236020833333
Acoustic Grand Piano,0,62,D4,127,0.08054114583332961,55.21256629166667,55.2931074375
Acoustic Grand Piano,0,62,D4,127,0.07731950000000154,55.67004,55.7473595
Acoustic Grand Piano,0,62,D4,127,0.07409785416666637,55.86333875,55.93743660416666
Acoustic Grand Piano,0,62,D4,127,0.08376279166666478,55.972874708333336,56.0566375
Acoustic Grand Piano,0,62,D4,127,0.06765456249999602,56.133957,56.2016115625
Acoustic Grand Piano,0,62,D4,127,0.061211270833332776,56.30148258333333,56.362693854166665
Acoustic Grand Piano,0,62,D4,127,0.0934277291666703,56.449678291666665,56.543106020833335
Acoustic Grand Piano,0,62,D4,127,0.06765456250000312,56.907151999999996,56.9748065625
Acoustic Grand Piano,0,62,D4,127,0.08376279166667189,57.081120874999996,57.16488366666667
Acoustic Grand Piano,0,62,D4,127,0.08376279166666478,57.21643,57.30019279166667
Acoustic Grand Piano,0,62,D4,127,0.07409785416666637,57.371069,57.445166854166665
Acoustic Grand Piano,0,62,D4,127,0.08054114583333671,57.516043062499996,57.59658420833333
Acoustic Grand Piano,0,62,D4,127,0.08698443749999996,57.68356864583333,57.77055308333333
Acoustic Grand Piano,0,62,D4,127,0.061211270833332776,58.141042354166665,58.202253625
Acoustic Grand Piano,0,62,D4,127,0.09020608333332802,58.321454520833335,58.41166060416666
Acoustic Grand Piano,0,62,D4,127,0.09020608333333513,58.46965022916667,58.5598563125
Acoustic Grand Piano,0,62,D4,127,0.07409785416666637,58.630732520833334,58.704830375
Acoustic Grand Piano,0,62,D4,127,0.07087620833333119,58.77892822916667,58.8498044375
Acoustic Grand Piano,0,62,D4,127,0.09020608333333513,58.930345583333335,59.02055166666667
Acoustic Grand Piano,0,62,D4,127,0.06765456249999602,59.381376,59.4490305625
Acoustic Grand Piano,0,62,D4,127,0.08698443749999996,59.561788166666666,59.648772604166666
Acoustic Grand Piano,0,62,D4,127,0.09987102083333355,59.709983875,59.80985489583333
Acoustic Grand Piano,0,62,D4,127,0.0708762083333383,59.880731104166664,59.9516073125
Acoustic Grand Piano,0,62,D4,127,0.07087620833333119,60.02570516666667,60.096581375
Acoustic Grand Piano,0,62,D4,127,0.07731950000000154,60.19000910416666,60.267328604166664
Acoustic Grand Piano,0,62,D4,127,0.08376279166666478,60.618488,60.702250791666664
Acoustic Grand Piano,0,62,D4,127,0.08698443749999996,60.8021218125,60.88910625
Acoustic Grand Piano,0,62,D4,127,0.08698443749999996,60.9374309375,61.024415375
Acoustic Grand Piano,0,62,D4,127,0.07731949999999443,61.095291583333335,61.17261108333333
Acoustic Grand Piano,0,62,D4,127,0.05154633333333436,61.25959552083333,61.311141854166664
Acoustic Grand Piano,0,62,D4,127,0.09664937499999837,61.394904645833336,61.491554020833334
Acoustic Grand Piano,0,62,D4,127,0.06765456250000312,61.862043291666666,61.92969785416667
Acoustic Grand Piano,0,62,D4,127,0.08698443749999996,62.0392338125,62.12621825
Acoustic Grand Piano,0,62,D4,127,0.09020608333333513,62.18098622916666,62.2711923125
Acoustic Grand Piano,0,62,D4,127,0.08376279166666478,62.32273864583333,62.4065014375
Acoustic Grand Piano,0,62,D4,127,0.061211270833332776,62.50637245833333,62.567583729166664
Acoustic Grand Piano,0,62,D4,127,0.10309266666666161,62.651346520833336,62.7544391875
Acoustic Grand Piano,0,62,D4,127,0.0708762083333383,63.1023769375,63.173253145833336
Acoustic Grand Piano,0,62,D4,127,0.08698443749999996,63.27956745833333,63.36655189583333
Acoustic Grand Piano,0,62,D4,127,0.09020608333332802,63.421319875,63.51152595833333
Acoustic Grand Piano,0,62,D4,127,0.06765456250000312,63.575958875,63.6436134375
Acoustic Grand Piano,0,62,D4,127,0.06443291666666084,63.733819520833336,63.7982524375
Acoustic Grand Piano,0,62,D4,127,0.09020608333332802,63.88201522916667,63.9722213125
Acoustic Grand Piano,0,62,D4,127,0.07409785416666637,64.3394889375,64.41358679166666
Acoustic Grand Piano,0,62,D4,127,0.08698443750000706,64.5134578125,64.60044225
Acoustic Grand Piano,0,62,D4,127,0.08698443749999285,64.65198858333333,64.73897302083333
Acoustic Grand Piano,0,62,D4,127,0.06121127083332567,64.80984922916667,64.8710605
Acoustic Grand Piano,0,62,D4,127,0.06765456250001023,64.96448822916666,65.03214279166667
Acoustic Grand Piano,0,62,D4,127,0.09664937499999837,65.11590558333333,65.21255495833333
Acoustic Grand Piano,0,62,D4,127,0.08054114583333671,65.566936,65.64747714583334
Acoustic Grand Piano,0,62,D4,127,0.09020608333332802,65.74412652083333,65.83433260416666
Acoustic Grand Piano,0,62,D4,127,0.08698443750000706,65.8665490625,65.9535335
Acoustic Grand Piano,0,62,D4,127,0.07409785416666637,66.04696122916667,66.12105908333334
Acoustic Grand Piano,0,62,D4,127,0.07409785416666637,66.19193529166667,66.26603314583333
Acoustic Grand Piano,0,62,D4,127,0.0934277291666632,66.359460875,66.45288860416666
Acoustic Grand Piano,0,62,D4,127,0.08054114583333671,66.804048,66.88458914583333
Acoustic Grand Piano,0,62,D4,127,0.08376279166667189,66.98446016666666,67.06822295833334
Acoustic Grand Piano,0,62,D4,127,0.09020608333332802,67.113326,67.20353208333333
Acoustic Grand Piano,0,62,D4,127,0.07409785416666637,67.267965,67.34206285416667
Acoustic Grand Piano,0,62,D4,127,0.07409785416666637,67.441933875,67.51603172916667
Acoustic Grand Piano,0,62,D4,127,0.10309266666666872,67.577243,67.68033566666666
Acoustic Grand Piano,0,62,D4,127,0.06765456249999602,68.04116,68.1088145625
Acoustic Grand Piano,0,62,D4,127,0.07731950000000154,68.215128875,68.292448375
Acoustic Grand Piano,0,62,D4,127,0.08376279166667189,68.369767875,68.45353066666667
Acoustic Grand Piano,0,62,D4,127,0.07731950000000154,68.505077,68.5823965
Acoustic Grand Piano,0,62,D4,127,0.06443291666666084,68.68548916666667,68.74992208333333
Acoustic Grand Piano,0,62,D4,127,0.09342772916667741,68.82079829166666,68.91422602083334
Acoustic Grand Piano,0,62,D4,127,0.06765456249999602,69.27182870833333,69.33948327083333
Acoustic Grand Piano,0,62,D4,127,0.07731950000000154,69.452240875,69.529560375
Acoustic Grand Piano,0,62,D4,127,0.0934277291666632,69.58110670833334,69.6745344375
Acoustic Grand Piano,0,62,D4,127,0.06765456249999602,69.75829722916667,69.82595179166667
Acoustic Grand Piano,0,62,D4,127,0.07409785416666637,69.9064929375,69.98059079166667
Acoustic Grand Piano,0,62,D4,127,0.0934277291666632,70.06757522916666,70.16100295833333
Acoustic Grand Piano,0,62,D4,127,0.08054114583333671,70.515384,70.59592514583333
Acoustic Grand Piano,0,62,D4,127,0.08376279166667189,70.689352875,70.77311566666667
Acoustic Grand Piano,0,62,D4,127,0.09987102083333355,70.8149970625,70.91486808333333
Acoustic Grand Piano,0,62,D4,127,0.08054114583333671,70.98574429166666,71.0662854375
Acoustic Grand Piano,0,62,D4,127,0.07409785416668058,71.15326987499999,71.22736772916667
Acoustic Grand Piano,0,62,D4,127,0.10309266666666872,71.2982439375,71.40133660416667
Acoustic Grand Piano,0,62,D4,127,0.08054114583333671,71.752496,71.83303714583333
Acoustic Grand Piano,0,62,D4,127,0.08376279166665768,71.9167999375,72.00056272916666
Acoustic Grand Piano,0,62,D4,127,0.0934277291666632,72.05533070833333,72.14875843749999
Acoustic Grand Piano,0,62,D4,127,0.08698443750000706,72.2067480625,72.2937325
Acoustic Grand Piano,0,62,D4,127,0.08376279166665768,72.371052,72.45481479166666
Acoustic Grand Piano,0,62,D4,127,0.09020608333332802,72.54179922916667,72.6320053125
Acoustic Grand Piano,0,62,D4,127,0.07087620833333119,72.98316470833333,73.05404091666666
Acoustic Grand Piano,0,62,D4,127,0.08054114583333671,73.15713358333333,73.23767472916667
Acoustic Grand Piano,0,62,D4,127,0.0934277291666632,73.3085509375,73.40197866666666
Acoustic Grand Piano,0,62,D4,127,0.0708762083333454,73.46963322916666,73.5405094375
Acoustic Grand Piano,0,62,D4,127,0.09987102083333355,73.608164,73.70803502083334
Acoustic Grand Piano,0,62,D4,127,0.07409785416666637,73.76602464583333,73.84012249999999
Acoustic Grand Piano,0,62,D4,127,0.07409785416666637,74.08818922916667,74.16228708333334
Acoustic Grand Piano,0,64,E4,127,0.10631431249998968,74.2557148125,74.36202912499999
Acoustic Grand Piano,0,64,E4,127,0.09664937499999837,74.71318852083333,74.80983789583333
Acoustic Grand Piano,0,62,D4,127,0.10309266666666872,75.7827749375,75.88586760416666
Acoustic Grand Piano,0,62,D4,127,0.07409785416666637,75.947078875,76.02117672916667
Acoustic Grand Piano,0,62,D4,127,0.07087620833333119,76.09849622916667,76.1693724375
Acoustic Grand Piano,0,62,D4,127,0.10309266666666872,76.25313522916666,76.35622789583333
Acoustic Grand Piano,0,62,D4,127,0.06765456250001023,76.70094399999999,76.7685985625
Acoustic Grand Piano,0,62,D4,127,0.08698443749999285,76.86846958333334,76.95545402083333
Acoustic Grand Piano,0,62,D4,127,0.09020608333334224,77.00700035416666,77.0972064375
Acoustic Grand Piano,0,62,D4,127,0.06765456250001023,77.17774758333333,77.24540214583334
Acoustic Grand Piano,0,62,D4,127,0.06443291666666084,77.338829875,77.40326279166666
Acoustic Grand Piano,0,62,D4,127,0.09987102083333355,77.47736064583333,77.57723166666666
Acoustic Grand Piano,0,62,D4,127,0.07731950000000154,77.938056,78.0153755
Acoustic Grand Piano,0,62,D4,127,0.09020608333332802,78.10880322916667,78.1990093125
Acoustic Grand Piano,0,62,D4,127,0.09987102083333355,78.24089070833334,78.34076172916667
Acoustic Grand Piano,0,62,D4,127,0.08054114583333671,78.401973,78.48251414583333
Acoustic Grand Piano,0,62,D4,127,0.06443291666666084,78.57916352083333,78.6435964375
Acoustic Grand Piano,0,62,D4,127,0.0934277291666632,78.70802935416667,78.80145708333333
Acoustic Grand Piano,0,62,D4,127,0.0708762083333454,79.1655030625,79.23637927083334
Acoustic Grand Piano,0,62,D4,127,0.07731950000000154,79.34269358333333,79.42001308333333
Acoustic Grand Piano,0,62,D4,127,0.0934277291666632,79.484446,79.57787372916667
Acoustic Grand Piano,0,62,D4,127,0.06765456249999602,79.65519322916667,79.72284779166667
Acoustic Grand Piano,0,62,D4,127,0.07087620833333119,79.81949716666666,79.890373375
Acoustic Grand Piano,0,62,D4,127,0.09987102083333355,79.96447122916666,80.06434225
Acoustic Grand Piano,0,62,D4,127,0.06765456250001023,80.41228,80.4799345625
Acoustic Grand Piano,0,62,D4,127,0.08376279166667189,80.586248875,80.67001166666667
Acoustic Grand Piano,0,62,D4,127,0.10309266666666872,80.721558,80.82465066666667
Acoustic Grand Piano,0,62,D4,127,0.07087620833333119,80.895526875,80.96640308333333
Acoustic Grand Piano,0,62,D4,127,0.08054114583333671,81.0405009375,81.12104208333334
Acoustic Grand Piano,0,62,D4,127,0.09664937499999837,81.19836158333334,81.29501095833334
Acoustic Grand Piano,0,62,D4,127,0.06765456249999602,81.66550022916667,81.73315479166666
Acoustic Grand Piano,0,62,D4,127,0.07731950000000154,81.84269075,81.92001025
Acoustic Grand Piano,0,62,D4,127,0.09987102083333355,81.95544835416666,82.055319375
Acoustic Grand Piano,0,62,D4,127,0.06765456249999602,82.13908216666667,82.20673672916666
Acoustic Grand Piano,0,62,D4,127,0.08054114583333671,82.26472635416667,82.3452675
Acoustic Grand Piano,0,62,D4,127,0.0934277291666632,82.441916875,82.53534460416667
Acoustic Grand Piano,0,62,D4,127,0.08376279166665768,82.886504,82.97026679166666
Acoustic Grand Piano,0,62,D4,127,0.08054114583333671,83.0701378125,83.15067895833333
Acoustic Grand Piano,0,62,D4,127,0.09664937499999837,83.18289541666667,83.27954479166667
Acoustic Grand Piano,0,62,D4,127,0.07731950000000154,83.36330758333334,83.44062708333334
Acoustic Grand Piano,0,62,D4,127,0.0805411458333225,83.51150329166667,83.5920444375
Acoustic Grand Piano,0,62,D4,127,0.09342772916667741,83.6693639375,83.76279166666667
Acoustic Grand Piano,0,62,D4,127,0.08054114583333671,84.123616,84.20415714583334
Acoustic Grand Piano,0,62,D4,127,0.09664937499999837,84.28469829166667,84.38134766666667
Acoustic Grand Piano,0,62,D4,127,0.0934277291666632,84.42000741666666,84.51343514583333
Acoustic Grand Piano,0,62,D4,127,0.07409785416666637,84.58431135416667,84.65840920833334
Acoustic Grand Piano,0,62,D4,127,0.08054114583333671,84.742172,84.82271314583333
Acoustic Grand Piano,0,62,D4,127,0.0934277291666632,84.896811,84.99023872916666
Acoustic Grand Piano,0,62,D4,127,0.0805411458333225,85.35428470833334,85.43482585416666
Acoustic Grand Piano,0,62,D4,127,0.09342772916667741,85.53147522916666,85.62490295833334
Acoustic Grand Piano,0,62,D4,127,0.09664937499999837,85.66678435416667,85.76343372916666
Acoustic Grand Piano,0,62,D4,127,0.07731950000000154,85.84075322916667,85.91807272916667
Acoustic Grand Piano,0,62,D4,127,0.07731949999998733,86.00183552083334,86.07915502083333
Acoustic Grand Piano,0,62,D4,127,0.1063143125000039,86.1435879375,86.24990225
Acoustic Grand Piano,0,62,D4,127,0.07731950000000154,86.61394822916667,86.69126772916667
Acoustic Grand Piano,0,62,D4,127,0.07731950000000154,86.7814738125,86.8587933125
Acoustic Grand Piano,0,62,D4,127,0.0934277291666632,86.907118,87.00054572916666
Acoustic Grand Piano,0,62,D4,127,0.07409785416666637,87.081086875,87.15518472916666
Acoustic Grand Piano,0,62,D4,127,0.07409785416666637,87.2453908125,87.31948866666667
Acoustic Grand Piano,0,62,D4,127,0.0934277291666632,87.38714322916667,87.48057095833333
Acoustic Grand Piano,0,62,D4,127,0.07731950000000154,87.84783858333333,87.92515808333333
Acoustic Grand Piano,0,62,D4,127,0.08698443749999285,88.01536416666667,88.10234860416666
Acoustic Grand Piano,0,62,D4,127,0.09342772916667741,88.14423,88.23765772916667
Acoustic Grand Piano,0,62,D4,127,0.08376279166667189,88.298869,88.38263179166667
Acoustic Grand Piano,0,62,D4,127,0.07731950000000154,88.46639458333333,88.54371408333333
Acoustic Grand Piano,0,62,D4,127,0.09664937500001258,88.6178119375,88.7144613125
Acoustic Grand Piano,0,62,D4,127,0.06765456250001023,89.06884235416666,89.13649691666667
Acoustic Grand Piano,0,62,D4,127,0.09342772916667741,89.23958958333333,89.3330173125
Acoustic Grand Piano,0,62,D4,127,0.09664937499999837,89.3910069375,89.4876563125
Acoustic Grand Piano,0,62,D4,127,0.07409785416666637,89.555310875,89.62940872916667
Acoustic Grand Piano,0,62,D4,127,0.07087620833333119,89.71639316666666,89.787269375
Acoustic Grand Piano,0,62,D4,127,0.0934277291666632,89.85814558333334,89.9515733125
Acoustic Grand Piano,0,62,D4,127,0.07731950000000154,90.309176,90.3864955
Acoustic Grand Piano,0,62,D4,127,0.08054114583333671,90.4928098125,90.57335095833334
Acoustic Grand Piano,0,62,D4,127,0.08376279166667189,90.64100552083333,90.7247683125
Acoustic Grand Piano,0,62,D4,127,0.07409785416666637,90.7827579375,90.85685579166666
Acoustic Grand Piano,0,62,D4,127,0.07409785416666637,90.94384022916667,91.01793808333333
Acoustic Grand Piano,0,62,D4,127,0.0934277291666632,91.0920359375,91.18546366666666
Acoustic Grand Piano,0,62,D4,127,0.07087620833333119,91.565617875,91.63649408333333
Acoustic Grand Piano,0,62,D4,127,0.07409785416666637,91.73636510416667,91.81046295833333
Acoustic Grand Piano,0,62,D4,127,0.08376279166665768,91.86845258333334,91.952215375
Acoustic Grand Piano,0,62,D4,127,0.08054114583333671,92.010205,92.09074614583334
Acoustic Grand Piano,0,62,D4,127,0.0805411458333225,92.17128729166667,92.2518284375
Acoustic Grand Piano,0,62,D4,127,0.09020608333334224,92.3291479375,92.41935402083334
Acoustic Grand Piano,0,62,D4,127,0.006443291666670348,92.77695670833333,92.7834
Acoustic Grand Piano,0,62,D4,127,0.07731950000000154,92.9283740625,93.0056935625
Acoustic Grand Piano,0,62,D4,127,0.09020608333334224,93.09912129166666,93.189327375
Acoustic Grand Piano,0,62,D4,127,0.06765456249999602,93.25376029166667,93.32141485416666
Acoustic Grand Piano,0,62,D4,127,0.07409785416666637,93.4309508125,93.50504866666667
Acoustic Grand Piano,0,62,D4,127,0.08698443750000706,93.575924875,93.6629093125
Acoustic Grand Piano,0,62,D4,127,0.08376279166667189,94.02373364583333,94.1074964375
Acoustic Grand Piano,0,62,D4,127,0.08376279166667189,94.21381075,94.29757354166667
Acoustic Grand Piano,0,62,D4,127,0.0934277291666632,94.34589822916666,94.43932595833333
Acoustic Grand Piano,0,62,D4,127,0.0708762083333454,94.5134238125,94.58430002083334
Acoustic Grand Piano,0,62,D4,127,0.07731950000000154,94.67450610416667,94.75182560416667
Acoustic Grand Piano,0,62,D4,127,0.09664937499999837,94.8227018125,94.9193511875
Acoustic Grand Piano,0,62,D4,127,0.07087620833333119,95.276953875,95.34783008333333
Acoustic Grand Piano,0,62,D4,127,0.07731950000000154,95.45092275,95.52824225
Acoustic Grand Piano,0,62,D4,127,0.09020608333334224,95.60556174999999,95.69576783333333
Acoustic Grand Piano,0,62,D4,127,0.07409785416666637,95.75375745833334,95.8278553125
Acoustic Grand Piano,0,62,D4,127,0.08698443749999285,95.90195316666667,95.98893760416667
Acoustic Grand Piano,0,62,D4,127,0.07409785416666637,96.05659216666666,96.13069002083333
Acoustic Grand Piano,0,62,D4,127,0.05154633333333436,96.35298358333333,96.40452991666666
Acoustic Grand Piano,0,64,E4,127,0.10953595833332486,96.52050916666667,96.630045125
Acoustic Grand Piano,0,64,E4,127,0.09020608333334224,96.95543135416666,97.0456374375
Acoustic Grand Piano,0,62,D4,127,0.10953595833333907,100.51535,100.62488595833334
Acoustic Grand Piano,0,62,D4,127,0.06121127083332567,100.69254052083333,100.75375179166666
Acoustic Grand Piano,0,62,D4,127,0.07731950000000154,100.85684445833333,100.93416395833333
Acoustic Grand Piano,0,62,D4,127,0.07731949999998733,101.00181852083334,101.07913802083333
Acoustic Grand Piano,0,62,D4,127,0.10309266666666872,101.62037452083334,101.7234671875
Acoustic Grand Piano,0,62,D4,127,0.06765456249999602,101.7621269375,101.8297815
Acoustic Grand Piano,0,62,D4,127,0.06443291666667506,101.92320922916666,101.98764214583333
Acoustic Grand Piano,0,62,D4,127,0.05798962500000471,102.07784822916666,102.13583785416667
Acoustic Grand Piano,0,62,D4,127,0.09987102083333355,102.216379,102.31625002083334
Acoustic Grand Piano,0,62,D4,127,0.05154633333333436,102.72539904166666,102.776945375
Acoustic Grand Piano,0,62,D4,127,0.09020608333334224,102.87037310416666,102.9605791875
Acoustic Grand Piano,0,62,D4,127,0.10309266666666872,103.01212552083334,103.1152181875
Acoustic Grand Piano,0,62,D4,127,0.05798962500000471,103.18287275,103.240862375
Acoustic Grand Piano,0,62,D4,127,0.06443291666667506,103.34073339583333,103.4051663125
Acoustic Grand Piano,0,62,D4,127,0.09020608333332802,103.4824858125,103.57269189583333
Acoustic Grand Piano,0,62,D4,127,0.08698443749999285,104.10748510416667,104.19446954166666
Acoustic Grand Piano,0,62,D4,127,0.09664937499999837,104.226686,104.323335375
Acoustic Grand Piano,0,62,D4,127,0.05798962500000471,104.39743322916667,104.45542285416667
Acoustic Grand Piano,0,62,D4,127,0.07087620833333119,104.55207222916667,104.6229484375
Acoustic Grand Piano,0,62,D4,127,0.08698443749999285,104.7002679375,104.787252375
Acoustic Grand Piano,0,62,D4,127,0.04188139583334305,105.23828279166666,105.2801641875
Acoustic Grand Piano,0,62,D4,127,0.05798962500000471,105.40580837499999,105.463798
Acoustic Grand Piano,0,62,D4,127,0.09342772916667741,105.50567939583333,105.599107125
Acoustic Grand Piano,0,62,D4,127,0.05154633333333436,105.65065345833334,105.70219979166667
Acoustic Grand Piano,0,62,D4,127,0.08054114583333671,105.792405875,105.87294702083334
Acoustic Grand Piano,0,62,D4,127,0.0934277291666632,105.94060158333333,106.0340293125
Acoustic Grand Piano,0,62,D4,127,0.0934277291666632,106.546271,106.63969872916667
Acoustic Grand Piano,0,62,D4,127,0.10953595833333907,106.70091,106.81044595833333
Acoustic Grand Piano,0,62,D4,127,0.07409785416666637,106.855549,106.92964685416666
Acoustic Grand Piano,0,62,D4,127,0.08376279166667189,107.029517875,107.11328066666667
Acoustic Grand Piano,0,62,D4,127,0.09664937499999837,107.18093522916666,107.27758460416666
Acoustic Grand Piano,0,62,D4,127,0.022551520833332006,107.7060635,107.72861502083333
Acoustic Grand Piano,0,62,D4,127,0.08376279166667189,107.85425920833333,107.938022
Acoustic Grand Piano,0,62,D4,127,0.09987102083333355,107.96379516666667,108.0636661875
Acoustic Grand Piano,0,62,D4,127,0.05154633333333436,108.12487745833333,108.17642379166666
Acoustic Grand Piano,0,62,D4,127,0.08054114583333671,108.28273810416667,108.36327925
Acoustic Grand Piano,0,62,D4,127,0.09987102083331933,108.41482558333334,108.51469660416666
Acoustic Grand Piano,0,62,D4,127,0.0934277291666632,109.04304652083333,109.13647424999999
Acoustic Grand Piano,0,62,D4,127,0.1063143125000039,109.17191235416666,109.27822666666667
Acoustic Grand Piano,0,62,D4,127,0.0579896249999905,109.329773,109.387762625
Acoustic Grand Piano,0,62,D4,127,0.0934277291666632,109.484412,109.57783972916667
Acoustic Grand Piano,0,62,D4,127,0.10953595833332486,109.65193758333334,109.76147354166666
Acoustic Grand Piano,0,62,D4,127,0.06765456249999602,110.102968,110.1706225625
Acoustic Grand Piano,0,62,D4,127,0.09020608333334224,110.26405029166666,110.354256375
Acoustic Grand Piano,0,62,D4,127,0.11275760416666003,110.4025810625,110.51533866666666
Acoustic Grand Piano,0,62,D4,127,0.07731950000000154,110.55077677083334,110.62809627083334
Acoustic Grand Piano,0,62,D4,127,0.09020608333332802,110.71508070833333,110.80528679166666
Acoustic Grand Piano,0,62,D4,127,0.07409785416666637,110.876163,110.95026085416667
Acoustic Grand Piano,0,62,D4,127,0.08054114583333671,111.15966783333333,111.24020897916667
Acoustic Grand Piano,0,64,E4,127,0.1063143125000039,111.34008,111.4463943125
Acoustic Grand Piano,0,64,E4,127,0.07731950000000154,111.53660039583333,111.61391989583333
Acoustic Grand Piano,0,64,E4,127,0.09987102083333355,111.803997,111.90386802083333
Acoustic Grand Piano,0,62,D4,127,0.06443291666667506,112.751160875,112.81559379166667
Acoustic Grand Piano,0,62,D4,127,0.1063143125000039,112.92190810416666,113.02822241666667
Acoustic Grand Piano,0,62,D4,127,0.08054114583333671,113.07332545833333,113.15386660416667
Acoustic Grand Piano,0,62,D4,127,0.07409785416666637,113.22796445833333,113.3020623125
Acoustic Grand Piano,0,62,D4,127,0.10309266666665451,113.36327358333334,113.46636625
Acoustic Grand Piano,0,62,D4,127,0.09987102083333355,113.96572135416666,114.065592375
Acoustic Grand Piano,0,62,D4,127,0.11275760416666003,114.10103047916667,114.21378808333333
Acoustic Grand Piano,0,62,D4,127,0.07731950000000154,114.278221,114.3555405
Acoustic Grand Piano,0,62,D4,127,0.08698443749999285,114.44896822916667,114.53595266666666
Acoustic Grand Piano,0,62,D4,127,0.11275760416666003,114.5971639375,114.70992154166666
Acoustic Grand Piano,0,62,D4,127,0.022551520833332006,115.09007575,115.11262727083333
Acoustic Grand Piano,0,62,D4,127,0.09987102083333355,115.21249829166666,115.3123693125
Acoustic Grand Piano,0,62,D4,127,0.11920089583334459,115.35747235416666,115.47667325
Acoustic Grand Piano,0,62,D4,127,0.07409785416666637,115.51211135416666,115.58620920833333
Acoustic Grand Piano,0,62,D4,127,0.08376279166667189,115.68608022916666,115.76984302083333
Acoustic Grand Piano,0,62,D4,127,0.11275760416667424,115.82783264583333,115.94059025
Acoustic Grand Piano,0,62,D4,127,0.1063143125000039,116.4528319375,116.55914625
Acoustic Grand Piano,0,62,D4,127,0.1063143125000039,116.59136270833334,116.69767702083334
Acoustic Grand Piano,0,62,D4,127,0.08054114583333671,116.7621099375,116.84265108333334
Acoustic Grand Piano,0,62,D4,127,0.08698443750000706,116.92319222916666,117.01017666666667
Acoustic Grand Piano,0,62,D4,127,0.09987102083333355,117.07783122916666,117.17770225
Acoustic Grand Piano,0,62,D4,127,0.06765456249999602,117.53852658333334,117.60618114583333
Acoustic Grand Piano,0,62,D4,127,0.09342772916667741,117.69316558333333,117.7865933125
Acoustic Grand Piano,0,62,D4,127,0.10953595833332486,117.83813964583334,117.94767560416666
Acoustic Grand Piano,0,62,D4,127,0.06765456249999602,118.01210852083334,118.07976308333333
Acoustic Grand Piano,0,62,D4,127,0.06765456250001023,118.16996916666666,118.23762372916667
Acoustic Grand Piano,0,62,D4,127,0.09987102083331933,118.31494322916667,118.41481424999999
Acoustic Grand Piano,0,62,D4,127,0.09987102083333355,118.93994252083333,119.03981354166666
Acoustic Grand Piano,0,62,D4,127,0.10953595833333907,119.06236506249999,119.17190102083333
Acoustic Grand Piano,0,62,D4,127,0.06121127083333988,119.245998875,119.30721014583334
Acoustic Grand Piano,0,62,D4,127,0.07087620833333119,119.400637875,119.47151408333333
Acoustic Grand Piano,0,62,D4,127,0.09020608333332802,119.54883358333333,119.63903966666666
Acoustic Grand Piano,0,62,D4,127,0.06121127083333988,120.019193875,120.08040514583334
Acoustic Grand Piano,0,62,D4,127,0.08054114583333671,120.17061122916667,120.251152375
Acoustic Grand Piano,0,62,D4,127,0.1063143125000039,120.30592035416666,120.41223466666666
Acoustic Grand Piano,0,62,D4,127,0.06443291666667506,120.46055935416666,120.52499227083334
Acoustic Grand Piano,0,62,D4,127,0.07409785416666637,120.6280849375,120.70218279166667
Acoustic Grand Piano,0,62,D4,127,0.10309266666666872,120.76983735416667,120.87293002083334
Acoustic Grand Piano,0,62,D4,127,0.11275760416667424,121.37550677083333,121.488264375
Acoustic Grand Piano,0,62,D4,127,0.06121127083332567,121.52048083333334,121.58169210416666
Acoustic Grand Piano,0,64,E4,127,0.06765456250001023,121.700893,121.7685475625
Acoustic Grand Piano,0,64,E4,127,0.08698443749999285,121.86841858333334,121.95540302083333
Acoustic Grand Piano,0,62,D4,127,0.09664937499999837,122.00372770833333,122.10037708333333
Acoustic Grand Piano,0,62,D4,127,0.10309266666666872,122.29689747916666,122.39999014583333
Acoustic Grand Piano,0,62,D4,127,0.0708762083333454,122.64483522916666,122.7157114375
Acoustic Grand Piano,0,62,D4,127,0.10309266666666872,122.79303093749999,122.89612360416666
Acoustic Grand Piano,0,62,D4,127,0.07087620833333119,122.96055652083334,123.03143272916667
Acoustic Grand Piano,0,62,D4,127,0.08376279166667189,123.12808210416667,123.21184489583334
Acoustic Grand Piano,0,62,D4,127,0.09987102083333355,123.26983452083333,123.36970554166666
Acoustic Grand Piano,0,62,D4,127,0.10309266666666872,123.88839052083333,123.9914831875
Acoustic Grand Piano,0,62,D4,127,0.10953595833333907,124.020478,124.13001395833334
Acoustic Grand Piano,0,62,D4,127,0.06765456249999602,124.175117,124.2427715625
Acoustic Grand Piano,0,62,D4,127,0.08376279166665768,124.32653435416667,124.41029714583333
Acoustic Grand Piano,0,62,D4,127,0.1159792499999952,124.48117335416667,124.59715260416667
Acoustic Grand Piano,0,62,D4,127,0.06443291666666084,124.967641875,125.03207479166666
Acoustic Grand Piano,0,62,D4,127,0.10309266666666872,125.10939429166666,125.21248695833333
Acoustic Grand Piano,0,62,D4,127,0.10953595833333907,125.25759,125.36712595833333
Acoustic Grand Piano,0,62,D4,127,0.07409785416666637,125.40578570833333,125.47988356249999
Acoustic Grand Piano,0,62,D4,127,0.06765456249999602,125.59264116666667,125.66029572916666
Acoustic Grand Piano,0,62,D4,127,0.12242254166666555,125.72472864583334,125.8471511875
Acoustic Grand Piano,0,62,D4,127,0.10953595833333907,126.34972793749999,126.45926389583333
Acoustic Grand Piano,0,62,D4,127,0.06443291666667506,126.47859377083333,126.5430266875
Acoustic Grand Piano,0,64,E4,127,0.06443291666666084,126.6590059375,126.72343885416666
Acoustic Grand Piano,0,64,E4,127,0.09987102083333355,126.81686658333334,126.91673760416667
Acoustic Grand Piano,0,62,D4,127,0.1063143125000039,126.958619,127.0649333125
Acoustic Grand Piano,0,62,D4,127,0.06443291666667506,127.403206125,127.46763904166667
Acoustic Grand Piano,0,62,D4,127,0.11920089583334459,127.54495854166666,127.6641594375
Acoustic Grand Piano,0,62,D4,127,0.10953595833333907,127.731814,127.84134995833334
Acoustic Grand Piano,0,62,D4,127,0.07409785416666637,127.905782875,127.97988072916667
Acoustic Grand Piano,0,62,D4,127,0.0708762083333454,128.06364352083332,128.13451972916667
Acoustic Grand Piano,0,62,D4,127,0.10953595833333907,128.195731,128.30526695833333
Acoustic Grand Piano,0,62,D4,127,0.09987102083334776,128.81106535416666,128.910936375
Acoustic Grand Piano,0,62,D4,127,0.0708762083333454,128.93670954166666,129.00758575
Acoustic Grand Piano,0,64,E4,127,0.0708762083333454,129.12356499999999,129.19444120833333
Acoustic Grand Piano,0,64,E4,127,0.08698443749997864,129.2878689375,129.374853375
Acoustic Grand Piano,0,62,D4,127,0.1030926666666403,129.41995641666668,129.52304908333332
Acoustic Grand Piano,0,62,D4,127,0.06765456249999602,129.89031670833333,129.95797127083333
Acoustic Grand Piano,0,62,D4,127,0.09020608333335645,130.04817735416665,130.1383834375
Acoustic Grand Piano,0,62,D4,127,0.10309266666666872,130.206038,130.30913066666668
Acoustic Grand Piano,0,62,D4,127,0.048324687499984975,130.3896718125,130.4379965
Acoustic Grand Piano,0,62,D4,127,0.06443291666664663,130.53786752083334,130.6023004375
Acoustic Grand Piano,0,62,D4,127,0.09664937499999837,130.6796199375,130.7762693125
Acoustic Grand Piano,0,62,D4,127,0.09987102083334776,131.28206770833333,131.38193872916668
Acoustic Grand Piano,0,62,D4,127,0.05476797916665532,131.42059847916667,131.47536645833333
Acoustic Grand Piano,0,64,E4,127,0.05798962500000471,131.61389722916667,131.67188685416667
Acoustic Grand Piano,0,64,E4,127,0.09342772916667741,131.76531458333332,131.8587423125
Acoustic Grand Piano,0,62,D4,127,0.09987102083331933,131.907067,132.00693802083333
Acoustic Grand Piano,0,62,D4,127,0.06765456249999602,132.3613190625,132.428973625
Acoustic Grand Piano,0,62,D4,127,0.11275760416666003,132.4966281875,132.60938579166665
Acoustic Grand Piano,0,62,D4,127,0.11920089583333038,132.680262,132.79946289583333
Acoustic Grand Piano,0,62,D4,127,0.0708762083333454,132.86067416666666,132.931550375
Acoustic Grand Piano,0,62,D4,127,0.06765456249999602,133.0185348125,133.086189375
Acoustic Grand Piano,0,62,D4,127,0.1030926666666403,133.15062229166668,133.25371495833332
Acoustic Grand Piano,0,62,D4,127,0.1288658333333501,133.762735,133.89160083333334
Acoustic Grand Piano,0,62,D4,127,0.1256441874999723,133.898044125,134.02368831249998
Acoustic Grand Piano,0,62,D4,127,0.06443291666667506,134.09456452083333,134.1589974375
Acoustic Grand Piano,0,62,D4,127,0.07731949999998733,134.24920352083333,134.32652302083332
Acoustic Grand Piano,0,62,D4,127,0.10309266666666872,134.39739922916667,134.50049189583333
Acoustic Grand Piano,0,62,D4,127,0.048324687499984975,134.87742445833334,134.92574914583332
Acoustic Grand Piano,0,62,D4,127,0.09020608333332802,135.05461497916667,135.1448210625
Acoustic Grand Piano,0,64,E4,127,0.06443291666664663,135.36389297916668,135.42832589583332
Acoustic Grand Piano,0,64,E4,127,0.08376279166665768,135.50564539583334,135.5894081875
Acoustic Grand Piano,0,62,D4,127,0.09987102083334776,135.63451122916666,135.73438225
Acoustic Grand Piano,0,62,D4,127,0.05798962500000471,136.062990125,136.12097975
Acoustic Grand Piano,0,62,D4,127,0.09664937499999837,136.23373735416666,136.33038672916666
Acoustic Grand Piano,0,62,D4,127,0.09664937499999837,136.391598,136.488247375
Acoustic Grand Piano,0,62,D4,127,0.06121127083332567,136.565566875,136.62677814583333
Acoustic Grand Piano,0,62,D4,127,0.05476797916665532,136.72664916666668,136.78141714583333
Acoustic Grand Piano,0,62,D4,127,0.09664937499999837,136.8651799375,136.9618293125
Acoustic Grand Piano,0,62,D4,127,0.09664937499999837,137.47729264583333,137.57394202083333
Acoustic Grand Piano,0,62,D4,127,0.06765456249999602,137.60293683333333,137.67059139583333
Acoustic Grand Piano,0,64,E4,127,0.06121127083332567,137.7930139375,137.85422520833333
Acoustic Grand Piano,0,64,E4,127,0.08698443750000706,137.95409622916665,138.04108066666666
Acoustic Grand Piano,0,62,D4,127,0.09664937499999837,138.0829620625,138.1796114375
Acoustic Grand Piano,0,62,D4,127,0.0708762083333454,138.537214125,138.60809033333334
Acoustic Grand Piano,0,62,D4,127,0.10309266666666872,138.71440464583333,138.8174973125
Acoustic Grand Piano,0,62,D4,127,0.09987102083331933,138.865822,138.96569302083333
Acoustic Grand Piano,0,62,D4,127,0.07087620833331698,139.03656922916667,139.1074454375
Acoustic Grand Piano,0,62,D4,127,0.06765456249999602,139.20087316666667,139.26852772916666
Acoustic Grand Piano,0,62,D4,127,0.09664937499999837,139.33618229166666,139.43283166666666
Acoustic Grand Piano,0,62,D4,127,0.10309266666666872,139.93540841666666,140.03850108333333
Acoustic Grand Piano,0,62,D4,127,0.06121127083335409,140.07716083333332,140.13837210416668
Acoustic Grand Piano,0,64,E4,127,0.06121127083335409,140.27045958333332,140.33167085416667
Acoustic Grand Piano,0,64,E4,127,0.07731950000001575,140.42509858333332,140.50241808333334
Acoustic Grand Piano,0,62,D4,127,0.09987102083334776,140.56362935416666,140.663500375
Acoustic Grand Piano,0,62,D4,127,0.07731950000001575,141.01788141666665,141.09520091666667
Acoustic Grand Piano,0,62,D4,127,0.08376279166665768,141.20795852083333,141.2917213125
Acoustic Grand Piano,0,62,D4,127,0.09342772916667741,141.34326764583332,141.436695375
Acoustic Grand Piano,0,62,D4,127,0.06121127083335409,141.514014875,141.57522614583334
Acoustic Grand Piano,0,62,D4,127,0.05476797916665532,141.67187552083334,141.7266435
Acoustic Grand Piano,0,62,D4,127,0.09342772916667741,141.8136279375,141.90705566666668
Acoustic Grand Piano,0,62,D4,127,0.09342772916667741,142.42896229166666,142.52239002083334
Acoustic Grand Piano,0,62,D4,127,0.06121127083332567,142.56104977083334,142.62226104166666
Acoustic Grand Piano,0,64,E4,127,0.06765456250002444,142.73501864583332,142.80267320833335
Acoustic Grand Piano,0,64,E4,127,0.09020608333332802,142.886436,142.97664208333333
Acoustic Grand Piano,0,62,D4,127,0.09664937499999837,143.0314100625,143.12805943749999
Acoustic Grand Piano,0,62,D4,127,0.0708762083333454,143.50177035416667,143.5726465625
Acoustic Grand Piano,0,62,D4,127,0.08376279166665768,143.678960875,143.76272366666666
Acoustic Grand Piano,0,62,D4,127,0.11275760416666003,143.81427,143.92702760416665
Acoustic Grand Piano,0,62,D4,127,0.07087620833331698,143.99468216666668,144.065558375
Acoustic Grand Piano,0,62,D4,127,0.08376279166665768,144.142877875,144.22664066666667
Acoustic Grand Piano,0,62,D4,127,0.09020608333335645,144.30396016666666,144.39416625
Acoustic Grand Piano,0,62,D4,127,0.0966493750000268,144.91929452083332,145.01594389583335
Acoustic Grand Piano,0,62,D4,127,0.054767979166683745,145.03527377083333,145.09004175
Acoustic Grand Piano,0,64,E4,127,0.05798962500000471,145.225350875,145.2833405
Acoustic Grand Piano,0,64,E4,127,0.07087620833331698,145.379989875,145.45086608333332
Acoustic Grand Piano,0,62,D4,127,0.08698443750000706,145.52174229166667,145.60872672916668
Acoustic Grand Piano,0,62,D4,127,0.07087620833331698,145.97277270833334,146.04364891666665
Acoustic Grand Piano,0,62,D4,127,0.08376279166665768,146.15962816666666,146.24339095833332
Acoustic Grand Piano,0,62,D4,127,0.0966493750000268,146.288494,146.385143375
Acoustic Grand Piano,0,62,D4,127,0.05476797916665532,146.45924122916668,146.51400920833333
Acoustic Grand Piano,0,62,D4,127,0.06443291666664663,146.62354516666667,146.68797808333332
Acoustic Grand Piano,0,62,D4,127,0.09664937499999837,146.76851922916666,146.86516860416666
Acoustic Grand Piano,0,62,D4,127,0.09342772916664899,147.370967,147.46439472916666
Acoustic Grand Piano,0,62,D4,127,0.06443291666667506,147.49338954166666,147.55782245833333
Acoustic Grand Piano,0,64,E4,127,0.06121127083335409,147.68024499999999,147.74145627083334
Acoustic Grand Piano,0,64,E4,127,0.06765456249999602,147.854213875,147.9218684375
Acoustic Grand Piano,0,62,D4,127,0.08698443750000706,147.98630135416667,148.07328579166668
Acoustic Grand Piano,0,62,D4,127,0.06765456250002444,148.45666164583332,148.52431620833335
Acoustic Grand Piano,0,62,D4,127,0.07731950000001575,148.63385216666666,148.71117166666667
Acoustic Grand Piano,0,62,D4,127,0.09020608333332802,148.7337231875,148.82392927083333
Acoustic Grand Piano,0,62,D4,127,0.06121127083332567,148.92057864583333,148.98178991666666
Acoustic Grand Piano,0,62,D4,127,0.07731949999998733,149.071996,149.1493155
Acoustic Grand Piano,0,62,D4,127,0.09664937499999837,149.226635,149.323284375
Acoustic Grand Piano,0,62,D4,127,0.09342772916664899,149.82908277083334,149.9225105
Acoustic Grand Piano,0,62,D4,127,0.05154633333333436,149.94828366666667,149.99983
Acoustic Grand Piano,0,64,E4,127,0.05798962500000471,150.14158241666667,150.19957204166667
Acoustic Grand Piano,0,64,E4,127,0.08376279166665768,150.309108,150.39287079166667
Acoustic Grand Piano,0,62,D4,127,0.09987102083331933,150.45086041666667,150.5507314375
Acoustic Grand Piano,0,62,D4,127,0.05798962500000471,150.927664,150.985653625
Acoustic Grand Piano,0,62,D4,127,0.08698443750000706,151.08874629166667,151.17573072916667
Acoustic Grand Piano,0,62,D4,127,0.10631431249998968,151.2272770625,151.333591375
Acoustic Grand Piano,0,62,D4,127,0.07409785416666637,151.391581,151.46567885416667
Acoustic Grand Piano,0,62,D4,127,0.07731949999998733,151.54622,151.6235395
Acoustic Grand Piano,0,62,D4,127,0.09020608333332802,151.69763735416666,151.7878434375
Acoustic Grand Piano,0,62,D4,127,0.11275760416666003,152.319415,152.43217260416665
Acoustic Grand Piano,0,62,D4,127,0.06121127083335409,152.46116741666665,152.5223786875
Acoustic Grand Piano,0,64,E4,127,0.06765456249999602,152.64480122916666,152.71245579166666
Acoustic Grand Piano,0,64,E4,127,0.07731950000001575,152.80910516666665,152.88642466666667
Acoustic Grand Piano,0,62,D4,127,0.09987102083331933,152.937971,153.03784202083332
Acoustic Grand Piano,0,62,D4,127,0.0354381041666727,153.43410445833334,153.4695425625
Acoustic Grand Piano,0,62,D4,127,0.08698443749997864,153.59518675,153.6821711875
Acoustic Grand Piano,0,62,D4,127,0.08376279166665768,153.730495875,153.81425866666666
Acoustic Grand Piano,0,62,D4,127,0.06765456250002444,153.89802145833332,153.96567602083334
Acoustic Grand Piano,0,62,D4,127,0.06121127083332567,154.04299552083333,154.10420679166666
Acoustic Grand Piano,0,62,D4,127,0.09664937499999837,154.19119122916666,154.28784060416666
Acoustic Grand Piano,0,62,D4,127,0.0837627916666861,154.7839740625,154.86773685416668
Acoustic Grand Piano,0,62,D4,127,0.06443291666667506,154.91928318749999,154.98371610416666
Acoustic Grand Piano,0,64,E4,127,0.06121127083335409,155.11902522916665,155.1802365
Acoustic Grand Piano,0,64,E4,127,0.0837627916666861,155.28010752083333,155.3638703125
Acoustic Grand Piano,0,62,D4,127,0.08698443749997864,155.40897335416668,155.49595779166665
Acoustic Grand Piano,0,62,D4,127,0.06765456249999602,155.876112,155.9437665625
Acoustic Grand Piano,0,62,D4,127,0.09664937499999837,156.0597458125,156.1563951875
Acoustic Grand Piano,0,62,D4,127,0.09342772916667741,156.204719875,156.29814760416667
Acoustic Grand Piano,0,62,D4,127,0.06765456249999602,156.35613722916668,156.42379179166667
Acoustic Grand Piano,0,62,D4,127,0.07087620833331698,156.52044116666667,156.591317375
Acoustic Grand Piano,0,62,D4,127,0.08698443750000706,156.69118839583334,156.77817283333334
Acoustic Grand Piano,0,62,D4,127,0.07731949999998733,157.1808785625,157.25819806249999
Acoustic Grand Piano,0,62,D4,127,0.0708762083333454,157.35162579166666,157.422502
Acoustic Grand Piano,0,62,D4,127,0.09664937499999837,157.47404833333334,157.57069770833334
Acoustic Grand Piano,0,62,D4,127,0.06443291666667506,157.635130625,157.69956354166666
Acoustic Grand Piano,0,62,D4,127,0.054767979166683745,157.78332633333332,157.8380943125
Acoustic Grand Piano,0,62,D4,127,0.09020608333335645,157.90897052083332,157.99917660416668
Acoustic Grand Piano,0,62,D4,127,0.09987102083331933,158.504975,158.60484602083332
Acoustic Grand Piano,0,62,D4,127,0.06121127083335409,158.64994906249999,158.71116033333334
Acoustic Grand Piano,0,64,E4,127,0.06121127083335409,158.82713958333332,158.88835085416667
Acoustic Grand Piano,0,64,E4,127,0.07731949999998733,158.968892,159.0462115
Acoustic Grand Piano,0,62,D4,127,0.09020608333332802,159.1138660625,159.20407214583332
Acoustic Grand Piano,0,62,D4,127,0.07409785416666637,159.5777830625,159.65188091666667
Acoustic Grand Piano,0,62,D4,127,0.09020608333335645,159.7517519375,159.84195802083335
Acoustic Grand Piano,0,62,D4,127,0.08698443750000706,159.92249916666665,160.00948360416666
Acoustic Grand Piano,0,62,D4,127,0.06121127083332567,160.08680310416668,160.148014375
Acoustic Grand Piano,0,62,D4,127,0.0483246875000134,160.23822045833333,160.28654514583334
Acoustic Grand Piano,0,62,D4,127,0.08698443750000706,160.37352958333332,160.46051402083333
Acoustic Grand Piano,0,62,D4,127,0.09664937499999837,160.979199,161.075848375
Acoustic Grand Piano,0,62,D4,127,0.0483246875000134,161.11128647916667,161.15961116666668
Acoustic Grand Piano,0,64,E4,127,0.05798962500000471,161.288477,161.346466625
Acoustic Grand Piano,0,64,E4,127,0.08376279166665768,161.443116,161.52687879166666
Acoustic Grand Piano,0,62,D4,127,0.09342772916667741,161.5880900625,161.68151779166666
Acoustic Grand Piano,0,62,D4,127,0.07087620833331698,162.05522870833335,162.12610491666666
Acoustic Grand Piano,0,62,D4,127,0.08698443750000706,162.235640875,162.3226253125
Acoustic Grand Piano,0,62,D4,127,0.09020608333335645,162.38705822916666,162.4772643125
Acoustic Grand Piano,0,62,D4,127,0.07087620833331698,162.55136216666668,162.622238375
Acoustic Grand Piano,0,62,D4,127,0.05798962500000471,162.7092228125,162.7672124375
Acoustic Grand Piano,0,62,D4,127,0.09664937499999837,162.8445319375,162.9411813125
Acoustic Grand Piano,0,62,D4,127,0.09020608333332802,163.45020135416667,163.5404074375
Acoustic Grand Piano,0,62,D4,127,0.05798962500000471,163.59195377083333,163.64994339583333
Acoustic Grand Piano,0,64,E4,127,0.05798962500000471,163.762701,163.820690625
Acoustic Grand Piano,0,64,E4,127,0.08054114583330829,163.92056164583335,164.00110279166665
Acoustic Grand Piano,0,62,D4,127,0.09987102083331933,164.06875735416668,164.168628375
Acoustic Grand Piano,0,62,D4,127,0.07731950000001575,164.5262310625,164.6035505625
Acoustic Grand Piano,0,62,D4,127,0.10631431249998968,164.690535,164.7968493125
Acoustic Grand Piano,0,62,D4,127,0.1063143125000181,164.845174,164.9514883125
Acoustic Grand Piano,0,62,D4,127,0.06765456250002444,165.02236452083332,165.09001908333335
Acoustic Grand Piano,0,62,D4,127,0.06121127083332567,165.18989010416666,165.251101375
Acoustic Grand Piano,0,62,D4,127,0.10631431249998968,165.32197758333334,165.42829189583333
Acoustic Grand Piano,0,62,D4,127,0.10631431249998968,165.927647,166.0339613125
Acoustic Grand Piano,0,62,D4,127,0.06443291666664663,166.05973447916668,166.12416739583333
Acoustic Grand Piano,0,64,E4,127,0.057989624999976286,166.25303322916668,166.31102285416665
Acoustic Grand Piano,0,64,E4,127,0.08054114583333671,166.410893875,166.49143502083334
Acoustic Grand Piano,0,62,D4,127,0.10309266666666872,166.546203,166.64929566666666
Acoustic Grand Piano,0,62,D4,127,0.06443291666664663,167.029449875,167.09388279166666
Acoustic Grand Piano,0,62,D4,127,0.09020608333332802,167.20019710416668,167.2904031875
Acoustic Grand Piano,0,62,D4,127,0.1063143125000181,167.32261964583333,167.42893395833335
Acoustic Grand Piano,0,62,D4,127,0.054767979166683745,167.50947510416665,167.56424308333334
Acoustic Grand Piano,0,62,D4,127,0.03221645833335174,167.67055739583333,167.70277385416668
Acoustic Grand Piano,0,62,D4,127,0.09664937499999837,167.79620158333333,167.89285095833333
Acoustic Grand Piano,0,62,D4,127,0.09020608333332802,168.40831429166667,168.498520375
Acoustic Grand Piano,0,62,D4,127,0.04188139583334305,168.55651,168.59839139583335
Acoustic Grand Piano,0,64,E4,127,0.05476797916665532,168.73370052083334,168.7884685
Acoustic Grand Piano,0,64,E4,127,0.0837627916666861,168.885117875,168.96888066666668
Acoustic Grand Piano,0,62,D4,127,0.09987102083334776,169.03331358333332,169.13318460416667
Acoustic Grand Piano,0,62,D4,127,0.0708762083333454,169.50045222916665,169.5713284375
Acoustic Grand Piano,0,62,D4,127,0.10631431249998968,169.66153452083333,169.76784883333332
Acoustic Grand Piano,0,62,D4,127,0.11275760416666003,169.793622,169.90637960416666
Acoustic Grand Piano,0,62,D4,127,0.04188139583334305,169.97403416666666,170.0159155625
Acoustic Grand Piano,0,62,D4,127,0.038659750000022086,170.1512246875,170.1898844375
Acoustic Grand Piano,0,62,D4,127,0.09987102083331933,170.27364722916667,170.37351825
Acoustic Grand Piano,0,62,D4,127,0.09987102083331933,170.87287335416667,170.972744375
Acoustic Grand Piano,0,62,D4,127,0.045103041666692434,171.01140412499998,171.05650716666668
Acoustic Grand Piano,0,64,E4,127,0.06121127083332567,171.185373,171.24658427083332
Acoustic Grand Piano,0,64,E4,127,0.07409785416666637,171.359341875,171.43343972916668
Acoustic Grand Piano,0,62,D4,127,0.09342772916664899,171.494651,171.58807872916665
Acoustic Grand Piano,0,62,D4,127,0.07409785416666637,171.95212470833334,172.0262225625
Acoustic Grand Piano,0,62,D4,127,0.09020608333335645,172.13575852083332,172.22596460416668
Acoustic Grand Piano,0,62,D4,127,0.09020608333335645,172.28395422916665,172.3741603125
Acoustic Grand Piano,0,62,D4,127,0.05476797916665532,172.441814875,172.49658285416666
Acoustic Grand Piano,0,62,D4,127,0.06121127083332567,172.577124,172.63833527083332
Acoustic Grand Piano,0,62,D4,127,0.09020608333335645,172.73498464583332,172.82519072916668
Acoustic Grand Piano,0,62,D4,127,0.09020608333332802,173.34387570833334,173.43408179166667
Acoustic Grand Piano,0,62,D4,127,0.05154633333333436,173.47274154166666,173.524287875
Acoustic Grand Piano,0,64,E4,127,0.05154633333333436,173.659597,173.71114333333333
Acoustic Grand Piano,0,64,E4,127,0.08054114583333671,173.814236,173.89477714583333
Acoustic Grand Piano,0,62,D4,127,0.10309266666666872,173.9592100625,174.06230272916667
Acoustic Grand Piano,0,62,D4,127,0.07409785416666637,174.41990541666667,174.49400327083333
Acoustic Grand Piano,0,62,D4,127,0.09987102083334776,174.58420935416666,174.684080375
Acoustic Grand Piano,0,62,D4,127,0.10631431249998968,174.74207,174.8483843125
Acoustic Grand Piano,0,62,D4,127,0.05798962500000471,174.90959558333333,174.96758520833333
Acoustic Grand Piano,0,62,D4,127,0.06121127083332567,175.07712116666667,175.1383324375
Acoustic Grand Piano,0,62,D4,127,0.09987102083331933,175.20276535416667,175.302636375
Acoustic Grand Piano,0,62,D4,127,0.09987102083334776,175.805213125,175.90508414583334
Acoustic Grand Piano,0,62,D4,127,0.06121127083332567,175.93407895833334,175.99529022916667
Acoustic Grand Piano,0,64,E4,127,0.05476797916665532,176.13059935416666,176.18536733333332
Acoustic Grand Piano,0,64,E4,127,0.07731949999998733,176.28523835416667,176.36255785416665
Acoustic Grand Piano,0,62,D4,127,0.10309266666666872,176.42699077083333,176.5300834375
Acoustic Grand Piano,0,62,D4,127,0.07731949999998733,176.907016,176.9843355
Acoustic Grand Piano,0,62,D4,127,0.09987102083334776,177.08098487499998,177.18085589583333
Acoustic Grand Piano,0,62,D4,127,0.09664937499999837,177.22273729166668,177.31938666666667
Acoustic Grand Piano,0,62,D4,127,0.06121127083335409,177.390262875,177.45147414583334
Acoustic Grand Piano,0,62,D4,127,0.05476797916665532,177.55778845833333,177.6125564375
Acoustic Grand Piano,0,62,D4,127,0.09664937499999837,177.6898759375,177.7865253125
Acoustic Grand Piano,0,62,D4,127,0.08698443750000706,178.28588041666666,178.37286485416666
Acoustic Grand Piano,0,62,D4,127,0.0483246875000134,178.434076125,178.4824008125
Acoustic Grand Piano,0,64,E4,127,0.05798962500000471,178.62415322916667,178.68214285416667
Acoustic Grand Piano,0,64,E4,127,0.08376279166665768,178.7723489375,178.85611172916666
Acoustic Grand Piano,0,62,D4,127,0.09987102083334776,178.9076580625,179.00752908333334
Acoustic Grand Piano,0,62,D4,127,0.07409785416666637,179.38124,179.45533785416666
Acoustic Grand Piano,0,62,D4,127,0.09020608333332802,179.5648738125,179.65507989583332
Acoustic Grand Piano,0,62,D4,127,0.09987102083334776,179.69373964583332,179.79361066666667
Acoustic Grand Piano,0,62,D4,127,0.07409785416666637,179.845157,179.91925485416667
Acoustic Grand Piano,0,62,D4,127,0.06121127083332567,180.01590422916667,180.0771155
Acoustic Grand Piano,0,62,D4,127,0.10309266666666872,180.154435,180.25752766666668
Acoustic Grand Piano,0,62,D4,127,0.09664937499999837,180.7633260625,180.8599754375
Acoustic Grand Piano,0,62,D4,127,0.06121127083332567,180.88897025,180.95018152083333
Acoustic Grand Piano,0,64,E4,127,0.06121127083332567,181.082269,181.14348027083332
Acoustic Grand Piano,0,64,E4,127,0.08698443749997864,181.24979458333334,181.33677902083332
Acoustic Grand Piano,0,62,D4,127,0.09987102083334776,181.38832535416665,181.488196375
Acoustic Grand Piano,0,62,D4,127,0.09342772916664899,181.700825,181.79425272916666
Acoustic Grand Piano,0,64,E4,127,0.08698443749997864,181.855464,181.9424484375
Acoustic Grand Piano,0,62,D4,127,0.06443291666667506,182.05198439583333,182.1164173125
Acoustic Grand Piano,0,62,D4,127,0.09987102083334776,182.18729352083332,182.28716454166667
Acoustic Grand Piano,0,62,D4,127,0.0708762083333454,182.319381,182.39025720833334
Acoustic Grand Piano,0,62,D4,127,0.048324687499984975,182.49979316666668,182.54811785416666
Acoustic Grand Piano,0,62,D4,127,0.09020608333332802,182.628659,182.71886508333333
Acoustic Grand Piano,0,62,D4,127,0.09342772916664899,183.23432841666667,183.32775614583332
Acoustic Grand Piano,0,62,D4,127,0.05798962500000471,183.38896741666667,183.44695704166668
Acoustic Grand Piano,0,64,E4,127,0.057989624999976286,183.57260122916668,183.63059085416666
Acoustic Grand Piano,0,64,E4,127,0.08376279166665768,183.72401858333333,183.807781375
Acoustic Grand Piano,0,62,D4,127,0.09664937499999837,183.87221429166667,183.96886366666666
Acoustic Grand Piano,0,62,D4,127,0.08698443750000706,184.329688,184.4166724375
Acoustic Grand Piano,0,62,D4,127,0.10631431249998968,184.5133218125,184.619636125
Acoustic Grand Piano,0,62,D4,127,0.09987102083331933,184.66151752083334,184.76138854166666
Acoustic Grand Piano,0,62,D4,127,0.0708762083333454,184.82904310416666,184.8999193125
Acoustic Grand Piano,0,62,D4,127,0.07731950000001575,184.96113058333333,185.03845008333334
Acoustic Grand Piano,0,62,D4,127,0.09987102083331933,185.0932180625,185.19308908333332
Acoustic Grand Piano,0,62,D4,127,0.09987102083331933,185.70533077083334,185.80520179166666
Acoustic Grand Piano,0,62,D4,127,0.05154633333330594,185.85996977083335,185.91151610416665
Acoustic Grand Piano,0,64,E4,127,0.057989624999976286,186.030717,186.088706625
Acoustic Grand Piano,0,64,E4,127,0.08698443750000706,186.18857764583333,186.27556208333334
Acoustic Grand Piano,0,62,D4,127,0.09342772916664899,186.320665125,186.41409285416665
Acoustic Grand Piano,0,62,D4,127,0.0708762083333454,186.79746870833333,186.86834491666667
Acoustic Grand Piano,0,62,D4,127,0.10631431249998968,186.958551,187.0648653125
Acoustic Grand Piano,0,62,D4,127,0.10309266666666872,187.12929822916666,187.23239089583333
Acoustic Grand Piano,0,62,D4,127,0.06443291666667506,187.29360216666666,187.35803508333333
Acoustic Grand Piano,0,62,D4,127,0.05154633333333436,187.4514628125,187.50300914583335
Acoustic Grand Piano,0,62,D4,127,0.10631431249998968,187.577107,187.6834213125
Acoustic Grand Piano,0,62,D4,127,0.2577316666666718,188.195663,188.45339466666667
Acoustic Grand Piano,0,62,D4,127,0.07409785416666637,188.52427087499998,188.59836872916665
Acoustic Grand Piano,0,62,D4,127,0.0708762083333454,188.678909875,188.74978608333333
Acoustic Grand Piano,0,62,D4,127,0.09020608333332802,188.83032722916667,188.9205333125
Acoustic Grand Piano,0,64,E4,127,0.07409785416666637,189.00751775,189.08161560416667
Acoustic Grand Piano,0,62,D4,127,0.13208747916667107,189.47787804166666,189.60996552083333
Acoustic Grand Piano,0,62,D4,127,0.10953595833333907,189.61963045833332,189.72916641666666
Acoustic Grand Piano,0,62,D4,127,0.038659749999993664,189.78071275,189.8193725
Acoustic Grand Piano,0,62,D4,127,0.038659749999993664,189.94823833333334,189.98689808333333
Acoustic Grand Piano,0,62,D4,127,0.09664937499999837,190.06421758333335,190.16086695833334
Acoustic Grand Piano,0,62,D4,127,0.10953595833333907,190.67633029166666,190.78586625
Acoustic Grand Piano,0,62,D4,127,0.05154633333333436,190.81808270833332,190.86962904166666
Acoustic Grand Piano,0,64,E4,127,0.07409785416666637,190.98238664583334,191.0564845
Acoustic Grand Piano,0,64,E4,127,0.0966493750000268,191.13702564583332,191.23367502083335
Acoustic Grand Piano,0,62,D4,127,0.1063143125000181,191.29166464583332,191.39797895833334
Acoustic Grand Piano,0,62,D4,127,0.09020608333332802,191.7426950625,191.83290114583332
Acoustic Grand Piano,0,62,D4,127,0.10953595833331065,191.92955052083335,192.03908647916666
Acoustic Grand Piano,0,62,D4,127,0.10953595833333907,192.061638,192.17117395833333
Acoustic Grand Piano,0,62,D4,127,0.06121127083332567,192.235606875,192.29681814583333
Acoustic Grand Piano,0,62,D4,127,0.054767979166683745,192.38702422916666,192.44179220833334
Acoustic Grand Piano,0,62,D4,127,0.09342772916664899,192.52233335416668,192.61576108333333
Acoustic Grand Piano,0,62,D4,127,0.09664937499999837,193.13122441666667,193.22787379166667
Acoustic Grand Piano,0,62,D4,127,0.05798962500000471,193.27619847916665,193.33418810416666
Acoustic Grand Piano,0,64,E4,127,0.05798962500000471,193.453389,193.511378625
Acoustic Grand Piano,0,64,E4,127,0.0837627916666861,193.608028,193.69179079166668
Acoustic Grand Piano,0,62,D4,127,0.10631431249998968,193.74011547916666,193.84642979166665
Acoustic Grand Piano,0,62,D4,127,0.07731949999998733,194.2169190625,194.2942385625
Acoustic Grand Piano,0,62,D4,127,0.10953595833333907,194.381223,194.49075895833334
Acoustic Grand Piano,0,62,D4,127,0.10309266666666872,194.535862,194.63895466666668
Acoustic Grand Piano,0,62,D4,127,0.08376279166665768,194.690501,194.77426379166667
Acoustic Grand Piano,0,62,D4,127,0.05476797916665532,194.864469875,194.91923785416665
Acoustic Grand Piano,0,62,D4,127,0.11597925000000942,194.999779,195.11575825
Acoustic Grand Piano,0,62,D4,127,0.13208747916664265,195.6086700625,195.74075754166665
Acoustic Grand Piano,0,62,D4,127,0.08698443750000706,195.76008741666666,195.84707185416667
Acoustic Grand Piano,0,62,D4,127,0.11275760416668845,195.9179480625,196.03070566666668
Acoustic Grand Piano,0,62,D4,127,0.09987102083334776,196.11124681249999,196.21111783333333
Acoustic Grand Piano,0,64,E4,127,0.09020608333335645,196.39153,196.48173608333335
Acoustic Grand Piano,0,62,D4,127,0.2931697708333161,196.83933877083334,197.13250854166665
Acoustic Grand Piano,0,62,D4,127,0.0354381041666727,197.20660639583332,197.2420445
Acoustic Grand Piano,0,62,D4,127,0.045103041666692434,197.35480210416665,197.39990514583334
Acoustic Grand Piano,0,62,D4,127,0.09342772916667741,197.4836679375,197.57709566666668
Acoustic Grand Piano,0,62,D4,127,0.09664937499999837,198.092559,198.189208375
Acoustic Grand Piano,0,62,D4,127,0.05798962500000471,198.227868125,198.28585775
Acoustic Grand Piano,0,64,E4,127,0.05476797916665532,198.42438852083333,198.4791565
Acoustic Grand Piano,0,64,E4,127,0.07409785416666637,198.58224916666666,198.65634702083332
Acoustic Grand Piano,0,64,E4,127,0.09342772916664899,198.865754,198.95918172916666
Acoustic Grand Piano,0,62,D4,127,0.09664937499999837,199.329671,199.426320375
Acoustic Grand Piano,0,62,D4,127,0.09987102083334776,199.48431,199.58418102083334
Acoustic Grand Piano,0,62,D4,127,0.054767979166683745,199.65505722916666,199.70982520833334
Acoustic Grand Piano,0,62,D4,127,0.045103041666692434,199.81936116666665,199.86446420833335
Acoustic Grand Piano,0,62,D4,127,0.10309266666666872,199.94500535416665,200.04809802083332
Acoustic Grand Piano,0,62,D4,127,0.09987102083331933,200.56356135416667,200.66343237499999
Acoustic Grand Piano,0,62,D4,127,0.08376279166665768,200.70853541666668,200.79229820833334
Acoustic Grand Piano,0,62,D4,127,0.10309266666666872,200.86961770833332,200.972710375
Acoustic Grand Piano,0,64,E4,127,0.09342772916667741,201.04680822916666,201.14023595833334
Acoustic Grand Piano,0,62,D4,127,0.09342772916667741,201.1950039375,201.28843166666667
Acoustic Grand Piano,0,62,D4,127,0.08698443750000706,201.51072522916667,201.59770966666667
Acoustic Grand Piano,0,64,E4,127,0.08376279166665768,201.649256,201.73301879166667
Acoustic Grand Piano,0,64,E4,127,0.0708762083333454,201.98108552083332,202.05196172916666
Acoustic Grand Piano,0,64,E4,127,0.07731950000001575,202.267812,202.3451315
Acoustic Grand Piano,0,64,E4,127,0.09342772916664899,202.441780875,202.53520860416666
Acoustic Grand Piano,0,64,E4,127,0.09342772916667741,202.731729,202.82515672916668
Acoustic Grand Piano,0,64,E4,127,0.09342772916664899,202.9153628125,203.00879054166666
Acoustic Grand Piano,0,62,D4,127,0.11597925000000942,213.11831516666666,213.23429441666667
Acoustic Grand Piano,0,62,D4,127,0.06765456249999602,213.27295416666666,213.34060872916666
Acoustic Grand Piano,0,62,D4,127,0.06765456249999602,213.4308148125,213.49846937499998
Acoustic Grand Piano,0,62,D4,127,0.10953595833333907,213.56934558333333,213.67888154166667
Acoustic Grand Piano,0,62,D4,127,0.1192008958333588,214.17179335416665,214.29099425
Acoustic Grand Piano,0,62,D4,127,0.06121127083332567,214.310324125,214.37153539583332
Acoustic Grand Piano,0,64,E4,127,0.06443291666667506,214.50040122916667,214.56483414583334
Acoustic Grand Piano,0,64,E4,127,0.08698443750000706,214.65181858333332,214.73880302083333
Acoustic Grand Piano,0,62,D4,127,0.10953595833333907,214.793571,214.90310695833332
Acoustic Grand Piano,0,62,D4,127,0.08376279166665768,215.2478230625,215.33158585416666
Acoustic Grand Piano,0,62,D4,127,0.13530912499999204,215.38635383333335,215.52166295833334
Acoustic Grand Piano,0,62,D4,127,0.10631431249998968,215.566766,215.6730803125
Acoustic Grand Piano,0,62,D4,127,0.06443291666664663,215.721405,215.78583791666665
Acoustic Grand Piano,0,62,D4,127,0.06121127083332567,215.89215222916667,215.9533635
Acoustic Grand Piano,0,62,D4,127,0.10309266666666872,216.0210180625,216.12411072916666
Acoustic Grand Piano,0,62,D4,127,0.10631431249998968,216.65246064583334,216.75877495833333
Acoustic Grand Piano,0,62,D4,127,0.05798962500000471,216.77166154166667,216.82965116666668
Acoustic Grand Piano,0,64,E4,127,0.06121127083332567,216.958517,217.01972827083333
Acoustic Grand Piano,0,64,E4,127,0.09342772916667741,217.11637764583332,217.209805375
Acoustic Grand Piano,0,62,D4,127,0.09987102083331933,217.267795,217.36766602083333
Acoustic Grand Piano,0,62,D4,127,0.08054114583333671,217.75748516666667,217.8380263125
Acoustic Grand Piano,0,62,D4,127,0.09987102083331933,217.92823239583333,218.02810341666665
Acoustic Grand Piano,0,62,D4,127,0.09342772916667741,218.06354152083333,218.15696925
Acoustic Grand Piano,0,62,D4,127,0.06765456249999602,218.2246238125,218.292278375
Acoustic Grand Piano,0,62,D4,127,0.05154633333333436,218.36315458333334,218.41470091666667
Acoustic Grand Piano,0,62,D4,127,0.10309266666666872,218.51135029166667,218.61444295833334
Acoustic Grand Piano,0,62,D4,127,0.10309266666666872,219.123463,219.22655566666666
Acoustic Grand Piano,0,62,D4,127,0.05798962500000471,219.258772125,219.31676175
Acoustic Grand Piano,0,64,E4,127,0.054767979166683745,219.44240593749998,219.49717391666667
Acoustic Grand Piano,0,64,E4,127,0.09342772916664899,219.59060164583335,219.684029375
Acoustic Grand Piano,0,62,D4,127,0.10631431249998968,219.73557570833333,219.84189002083332
Acoustic Grand Piano,0,62,D4,127,0.08376279166665768,220.205936,220.28969879166667
Acoustic Grand Piano,0,62,D4,127,0.1063143125000181,220.37346158333332,220.47977589583334
Acoustic Grand Piano,0,62,D4,127,0.09020608333332802,220.52810058333333,220.61830666666665
Acoustic Grand Piano,0,62,D4,127,0.06765456249999602,220.68273958333333,220.75039414583333
Acoustic Grand Piano,0,62,D4,127,0.07409785416666637,220.824492,220.89858985416666
Acoustic Grand Piano,0,62,D4,127,0.11275760416666003,220.97268770833332,221.08544531249998
Acoustic Grand Piano,0,62,D4,127,0.09664937499999837,221.59446535416666,221.69111472916666
Acoustic Grand Piano,0,62,D4,127,0.05476797916665532,221.73943941666667,221.79420739583333
Acoustic Grand Piano,0,64,E4,127,0.05798962500000471,221.91985158333333,221.97784120833333
Acoustic Grand Piano,0,64,E4,127,0.09987102083331933,222.06482564583334,222.16469666666666
Acoustic Grand Piano,0,55,G3,127,0.028994812500002354,222.2452378125,222.274232625
Acoustic Grand Piano,0,62,D4,127,0.08698443749997864,222.21946464583334,222.30644908333332
Acoustic Grand Piano,0,62,D4,127,0.08376279166665768,222.544850875,222.62861366666667
Acoustic Grand Piano,0,64,E4,127,0.09987102083334776,222.68338164583332,222.78325266666667
Acoustic Grand Piano,0,64,E4,127,0.20296368750001648,227.62860799999999,227.8315716875
Acoustic Grand Piano,0,62,D4,127,0.10309266666666872,232.89922058333332,233.00231325
Acoustic Grand Piano,0,62,D4,127,0.06765456249999602,233.06674616666666,233.13440072916666
Acoustic Grand Piano,0,62,D4,127,0.0708762083333454,233.22460681249999,233.29548302083333
Acoustic Grand Piano,0,62,D4,127,0.09664937499999837,233.369580875,233.46623025
Acoustic Grand Piano,0,62,D4,127,0.10631431249998968,233.968807,234.0751213125
Acoustic Grand Piano,0,62,D4,127,0.05798962500000471,234.11700270833333,234.17499233333334
Acoustic Grand Piano,0,64,E4,127,0.06121127083332567,234.3070798125,234.36829108333333
Acoustic Grand Piano,0,64,E4,127,0.08054114583333671,234.45849716666666,234.5390383125
Acoustic Grand Piano,0,62,D4,127,0.09342772916667741,234.59380629166665,234.68723402083333
Acoustic Grand Piano,0,62,D4,127,0.0708762083333454,235.06738822916665,235.1382644375
Acoustic Grand Piano,0,62,D4,127,0.08698443749997864,235.225248875,235.31223331249998
Acoustic Grand Piano,0,62,D4,127,0.10631431249998968,235.3508930625,235.457207375
Acoustic Grand Piano,0,62,D4,127,0.06765456249999602,235.52808358333334,235.59573814583334
Acoustic Grand Piano,0,62,D4,127,0.05154633333333436,235.70849575,235.76004208333333
Acoustic Grand Piano,0,62,D4,127,0.08698443750000706,235.84058322916667,235.92756766666668
Acoustic Grand Piano,0,62,D4,127,0.10631431249998968,236.44625264583334,236.55256695833333
Acoustic Grand Piano,0,62,D4,127,0.05798962500000471,236.58478341666665,236.64277304166666
Acoustic Grand Piano,0,64,E4,127,0.06443291666664663,236.76519558333334,236.82962849999998
Acoustic Grand Piano,0,64,E4,127,0.10631431249998968,236.906948,237.0132623125
Acoustic Grand Piano,0,62,D4,127,0.10309266666666872,237.06480864583332,237.1679013125
Acoustic Grand Piano,0,62,D4,127,0.07409785416666637,237.53839058333332,237.6124884375
Acoustic Grand Piano,0,62,D4,127,0.09342772916667741,237.7091378125,237.80256554166667
Acoustic Grand Piano,0,62,D4,127,0.10953595833333907,237.834782,237.94431795833333
Acoustic Grand Piano,0,62,D4,127,0.07409785416666637,238.00552922916665,238.07962708333332
Acoustic Grand Piano,0,62,D4,127,0.05798962500000471,238.17627645833332,238.23426608333332
Acoustic Grand Piano,0,62,D4,127,0.09987102083331933,238.30514229166667,238.4050133125
Acoustic Grand Piano,0,62,D4,127,0.11275760416666003,238.917255,239.03001260416667
Acoustic Grand Piano,0,62,D4,127,0.05798962500000471,239.04289918749998,239.1008888125
Acoustic Grand Piano,0,64,E4,127,0.06443291666667506,239.226533,239.29096591666666
Acoustic Grand Piano,0,64,E4,127,0.09342772916667741,239.381172,239.47459972916667
Acoustic Grand Piano,0,62,D4,127,0.09664937499999837,239.5261460625,239.6227954375
Acoustic Grand Piano,0,62,D4,127,0.07731950000001575,239.99006306249998,240.0673825625
Acoustic Grand Piano,0,62,D4,127,0.11275760416666003,240.17047522916667,240.28323283333333
Acoustic Grand Piano,0,62,D4,127,0.10953595833331065,240.309006,240.41854195833332
Acoustic Grand Piano,0,62,D4,127,0.06121127083332567,240.482974875,240.54418614583332
Acoustic Grand Piano,0,62,D4,127,0.05154633333333436,240.65372210416666,240.7052684375
Acoustic Grand Piano,0,62,D4,127,0.09664937499999837,240.77936629166666,240.87601566666666
Acoustic Grand Piano,0,62,D4,127,0.10953595833331065,241.39792229166667,241.50745824999998
Acoustic Grand Piano,0,62,D4,127,0.05476797916665532,241.53323141666667,241.58799939583332
Acoustic Grand Piano,0,64,E4,127,0.06443291666667506,241.71364358333332,241.7780765
Acoustic Grand Piano,0,64,E4,127,0.07731949999998733,241.88116916666667,241.95848866666665
Acoustic Grand Piano,0,62,D4,127,0.09342772916664899,242.01325664583334,242.106684375
Acoustic Grand Piano,0,62,D4,127,0.07409785416666637,242.31286970833332,242.3869675625
Acoustic Grand Piano,0,64,E4,127,0.11275760416666003,242.473952,242.58670960416666
Acoustic Grand Piano,0,64,E4,127,0.08376279166665768,242.937869,243.02163179166666
Acoustic Grand Piano,0,62,D4,127,0.12564418750000073,244.0106770625,244.13632125
Acoustic Grand Piano,0,62,D4,127,0.07731949999998733,244.174981,244.2523005
Acoustic Grand Piano,0,62,D4,127,0.08698443749997864,244.32962,244.41660443749998
Acoustic Grand Piano,0,62,D4,127,0.11275760416666003,244.47137241666667,244.58413002083333
Acoustic Grand Piano,0,62,D4,127,0.10309266666666872,245.08670677083333,245.1897994375
Acoustic Grand Piano,0,62,D4,127,0.06121127083332567,245.22523754166667,245.2864488125
Acoustic Grand Piano,0,64,E4,127,0.07409785416666637,245.4024280625,245.47652591666667
Acoustic Grand Piano,0,64,E4,127,0.09342772916664899,245.566732,245.66015972916665
Acoustic Grand Piano,0,62,D4,127,0.11275760416666003,245.70848441666666,245.82124202083332
Acoustic Grand Piano,0,62,D4,127,0.08698443750000706,246.18528799999999,246.2722724375
Acoustic Grand Piano,0,62,D4,127,0.08376279166665768,246.3495919375,246.43335472916667
Acoustic Grand Piano,0,62,D4,127,0.10309266666666872,246.49134435416667,246.59443702083334
Acoustic Grand Piano,0,62,D4,127,0.06765456249999602,246.649205,246.7168595625
Acoustic Grand Piano,0,62,D4,127,0.06765456249999602,246.823173875,246.8908284375
Acoustic Grand Piano,0,62,D4,127,0.09020608333332802,246.958483,247.04868908333333
Acoustic Grand Piano,0,62,D4,127,0.09342772916664899,247.56415241666667,247.65758014583332
Acoustic Grand Piano,0,62,D4,127,0.06443291666667506,247.70912647916666,247.77355939583333
Acoustic Grand Piano,0,64,E4,127,0.06765456249999602,247.88953864583334,247.95719320833334
Acoustic Grand Piano,0,64,E4,127,0.08054114583333671,248.05384258333333,248.13438372916667
Acoustic Grand Piano,0,64,E4,127,0.09342772916667741,248.34379070833333,248.4372184375
Acoustic Grand Piano,0,62,D4,127,0.10953595833333907,248.96878999999998,249.07832595833332
Acoustic Grand Piano,0,62,D4,127,0.06121127083332567,249.13631558333333,249.19752685416665
Acoustic Grand Piano,0,62,D4,127,0.07409785416666637,249.278068,249.35216585416666
Acoustic Grand Piano,0,62,D4,127,0.08698443750000706,249.432707,249.5196914375
Acoustic Grand Piano,0,62,D4,127,0.08376279166665768,250.03515477083334,250.1189175625
Acoustic Grand Piano,0,60,C4,127,0.022551520833332006,250.18979377083332,250.21234529166665
Acoustic Grand Piano,0,62,D4,127,0.05154633333333436,250.186572125,250.23811845833333
Acoustic Grand Piano,0,64,E4,127,0.06121127083332567,250.360541,250.42175227083334
Acoustic Grand Piano,0,64,E4,127,0.07731950000001575,250.51518,250.5924995
Acoustic Grand Piano,0,64,E4,127,0.09664937499999837,250.824458,250.921107375
Acoustic Grand Piano,0,62,D4,127,0.1063143125000181,251.462343875,251.5686581875
Acoustic Grand Piano,0,62,D4,127,0.05798962500000471,251.62342616666666,251.68141579166667
Acoustic Grand Piano,0,62,D4,127,0.0708762083333454,251.77806516666666,251.848941375
Acoustic Grand Piano,0,62,D4,127,0.09664937499999837,251.91337429166666,252.01002366666665
Acoustic Grand Piano,0,62,D4,127,0.09664937499999837,252.53193029166667,252.62857966666667
Acoustic Grand Piano,0,62,D4,127,0.06765456249999602,252.6704610625,252.738115625
Acoustic Grand Piano,0,64,E4,127,0.06765456249999602,252.85731652083334,252.92497108333333
Acoustic Grand Piano,0,64,E4,127,0.09342772916664899,253.0183988125,253.11182654166666
Acoustic Grand Piano,0,62,D4,127,0.11275760416668845,253.15692958333332,253.2696871875
Acoustic Grand Piano,0,62,D4,127,0.07409785416666637,253.60473835416667,253.67883620833334
Acoustic Grand Piano,0,62,D4,127,0.10953595833333907,253.74971241666665,253.859248375
Acoustic Grand Piano,0,62,D4,127,0.1063143125000181,253.93334622916666,254.03966054166668
Acoustic Grand Piano,0,62,D4,127,0.08698443750000706,254.071877,254.1588614375
Acoustic Grand Piano,0,62,D4,127,0.0708762083333454,254.25228916666666,254.323165375
Acoustic Grand Piano,0,62,D4,127,0.09987102083331933,254.3908199375,254.49069095833332
Acoustic Grand Piano,0,62,D4,127,0.09664937499999837,254.9900460625,255.0866954375
Acoustic Grand Piano,0,62,D4,127,0.06443291666667506,255.1253551875,255.18978810416667
Acoustic Grand Piano,0,64,E4,127,0.06765456249999602,255.32509722916666,255.39275179166665
Acoustic Grand Piano,0,64,E4,127,0.08054114583330829,255.482957875,255.56349902083332
Acoustic Grand Piano,0,62,D4,127,0.10953595833333907,255.61504535416665,255.7245813125
Acoustic Grand Piano,0,62,D4,127,0.06765456250002444,256.0854056458333,256.15306020833333
Acoustic Grand Piano,0,62,D4,127,0.09342772916664899,256.24326629166666,256.3366940208333
Acoustic Grand Piano,0,62,D4,127,0.0966493750000268,256.40434858333333,256.50099795833336
Acoustic Grand Piano,0,62,D4,127,0.061211270833382514,256.5589875833333,256.6201988541667
Acoustic Grand Piano,0,62,D4,127,0.0708762083333454,256.71362658333334,256.7845027916667
Acoustic Grand Piano,0,62,D4,127,0.10309266666666872,256.8457140625,256.9488067291667
Acoustic Grand Piano,0,62,D4,127,0.09020608333332802,257.4642700625,257.55447614583335
Acoustic Grand Piano,0,62,D4,127,0.06121127083332567,257.5963575416667,257.6575688125
Acoustic Grand Piano,0,64,E4,127,0.06443291666670348,257.783213,257.8476459166667
Acoustic Grand Piano,0,64,E4,127,0.07731950000004417,257.9507385833333,258.02805808333335
Acoustic Grand Piano,0,64,E4,127,0.10631431250004653,258.24712999999997,258.3534443125
Acoustic Grand Piano,0,62,D4,127,0.15463899999997466,258.6208409166667,258.77547991666665
Acoustic Grand Piano,0,62,D4,127,0.09987102083334776,258.85279941666664,258.9526704375
Acoustic Grand Piano,0,62,D4,127,0.06121127083332567,259.0074384166667,259.0686496875
Acoustic Grand Piano,0,62,D4,127,0.06121127083332567,259.17174235416667,259.232953625
Acoustic Grand Piano,0,62,D4,127,0.09664937499996995,259.3167164166667,259.41336579166665
Acoustic Grand Piano,0,62,D4,127,0.08054114583330829,259.9352724166667,260.0158135625
Acoustic Grand Piano,0,62,D4,127,0.06765456250002444,260.0931330625,260.160787625
Acoustic Grand Piano,0,64,E4,127,0.09664937499996995,260.7084674166667,260.80511679166665
Acoustic Grand Piano,0,62,D4,127,0.09664937499996995,261.3302450625,261.4268944375
Acoustic Grand Piano,0,62,D4,127,0.0837627916666861,261.4977706458333,261.5815334375
Acoustic Grand Piano,0,62,D4,127,0.08054114583330829,261.64274470833334,261.72328585416665
Acoustic Grand Piano,0,62,D4,127,0.11597925000000942,261.80704864583333,261.92302789583334
Acoustic Grand Piano,0,62,D4,127,0.10631431249998968,262.4320479375,262.53836225
Acoustic Grand Piano,0,62,D4,127,0.09020608333332802,262.58346529166664,262.67367137499997
Acoustic Grand Piano,0,62,D4,127,0.12242254166670818,262.789650625,262.9120731666667
Acoustic Grand Piano,0,62,D4,127,0.2351801458333398,262.9378463333333,263.17302647916665
Acoustic Grand Piano,0,64,E4,127,0.06443291666664663,263.504856,263.56928891666666
Acoustic Grand Piano,0,64,E4,127,0.08376279166662925,263.81735564583335,263.9011184375
Acoustic Grand Piano,0,64,E4,127,0.054767979166683745,264.1073037708333,264.16207175
Acoustic Grand Piano,0,64,E4,127,0.08698443750000706,264.278051,264.3650354375
Acoustic Grand Piano,0,64,E4,127,0.11275760416663161,265.2348798125,265.34763741666666
Acoustic Grand Piano,0,64,E4,127,0.09342772916670583,265.6601370625,265.7535647916667
Acoustic Grand Piano,0,64,E4,127,0.10309266666666872,266.307687875,266.41078054166667
Acoustic Grand Piano,0,74,D5,127,0.1804121666666667,8.659784,8.840196166666667
Acoustic Grand Piano,0,74,D5,127,0.15463899999999953,9.27834,9.432979
Acoustic Grand Piano,0,74,D5,127,0.15786064583333292,9.896896,10.054756645833333
Acoustic Grand Piano,0,74,D5,127,0.15141735416666613,10.515452,10.666869354166666
Acoustic Grand Piano,0,74,D5,127,0.13208747916666752,11.134008,11.266095479166667
Acoustic Grand Piano,0,74,D5,127,0.15141735416666613,11.752564,11.903981354166666
Acoustic Grand Piano,0,74,D5,127,0.1546390000000013,12.37112,12.525759
Acoustic Grand Piano,0,74,D5,127,0.1514173541666679,12.989676,13.141093354166667
Acoustic Grand Piano,0,74,D5,127,0.1449740625000011,13.608232,13.7532060625
Acoustic Grand Piano,0,74,D5,127,0.1514173541666679,14.226787999999999,14.378205354166667
Acoustic Grand Piano,0,74,D5,127,0.16430393749999972,14.845344,15.0096479375
Acoustic Grand Piano,0,74,D5,127,0.16430393749999972,15.4639,15.6282039375
Acoustic Grand Piano,0,74,D5,127,0.18363381249999833,16.082456,16.2660898125
Acoustic Grand Piano,0,74,D5,127,0.17719052083333509,16.701012,16.878202520833334
Acoustic Grand Piano,0,74,D5,127,0.1514173541666679,17.319568,17.470985354166668
Acoustic Grand Piano,0,74,D5,127,0.16108229166666987,17.938124,18.09920629166667
Acoustic Grand Piano,0,74,D5,127,0.1643039375000015,18.55668,18.7209839375
Acoustic Grand Piano,0,74,D5,127,0.16752558333333667,19.175235999999998,19.342761583333335
Acoustic Grand Piano,0,74,D5,127,0.17719052083333509,21.030904,21.208094520833335
Acoustic Grand Piano,0,74,D5,127,0.1804121666666667,21.64946,21.829872166666668
Acoustic Grand Piano,0,74,D5,127,0.17719052083333509,22.268016,22.445206520833334
Acoustic Grand Piano,0,74,D5,127,0.17719052083333153,22.886572,23.063762520833333
Acoustic Grand Piano,0,74,D5,127,0.19652039583333547,23.505128,23.701648395833335
Acoustic Grand Piano,0,74,D5,127,0.16752558333333312,24.123684,24.291209583333334
Acoustic Grand Piano,0,74,D5,127,0.1643039375000015,24.74224,24.9065439375
Acoustic Grand Piano,0,74,D5,127,0.1739688749999999,25.360796,25.534764875
Acoustic Grand Piano,0,74,D5,127,0.1643039375000015,25.979352,26.1436559375
Acoustic Grand Piano,0,74,D5,127,0.16752558333333312,26.597908,26.765433583333333
Acoustic Grand Piano,0,74,D5,127,0.1643039375000015,27.216464,27.3807679375
Acoustic Grand Piano,0,74,D5,127,0.17074722916666474,27.83502,28.005767229166665
Acoustic Grand Piano,0,74,D5,127,0.1804121666666667,28.453575999999998,28.633988166666665
Acoustic Grand Piano,0,74,D5,127,0.16108229166666632,29.072132,29.233214291666666
Acoustic Grand Piano,0,74,D5,127,0.1739688749999999,29.690688,29.864656875
Acoustic Grand Piano,0,74,D5,127,0.16108229166666632,30.309244,30.470326291666666
Acoustic Grand Piano,0,74,D5,127,0.16108229166666632,30.9278,31.088882291666668
Acoustic Grand Piano,0,74,D5,127,0.14819570833333273,31.546356,31.694551708333332
Acoustic Grand Piano,0,74,D5,127,0.1643039375000015,32.164912,32.3292159375
Acoustic Grand Piano,0,74,D5,127,0.16108229166666632,32.783468,32.944550291666665
Acoustic Grand Piano,0,74,D5,127,0.17074722916667184,33.402024,33.57277122916667
Acoustic Grand Piano,0,74,D5,127,0.16108229166666632,34.02058,34.18166229166667
Acoustic Grand Piano,0,74,D5,127,0.1739688749999999,34.639136,34.813104875
Acoustic Grand Piano,0,74,D5,127,0.17074722916666474,35.257692,35.42843922916666
Acoustic Grand Piano,0,74,D5,127,0.15786064583333825,35.876248,36.034108645833335
Acoustic Grand Piano,0,74,D5,127,0.16752558333332956,36.494804,36.66232958333333
Acoustic Grand Piano,0,74,D5,127,0.16752558333332956,37.11336,37.28088558333333
Acoustic Grand Piano,0,74,D5,127,0.17074722916666474,37.731916,37.90266322916666
Acoustic Grand Piano,0,74,D5,127,0.17074722916667184,38.350471999999996,38.52121922916667
Acoustic Grand Piano,0,74,D5,127,0.16108229166666632,38.969028,39.13011029166667
Acoustic Grand Piano,0,74,D5,127,0.1643039375000015,39.587584,39.7518879375
Acoustic Grand Piano,0,74,D5,127,0.15786064583333825,40.20614,40.364000645833336
Acoustic Grand Piano,0,74,D5,127,0.17074722916666474,40.824696,40.99544322916667
Acoustic Grand Piano,0,74,D5,127,0.1514173541666679,41.443252,41.59466935416667
Acoustic Grand Piano,0,74,D5,127,0.15463900000000308,42.061808,42.216447
Acoustic Grand Piano,0,74,D5,127,0.1643039375000015,42.680364,42.8446679375
Acoustic Grand Piano,0,74,D5,127,0.16108229166666632,43.29892,43.46000229166667
Acoustic Grand Piano,0,74,D5,127,0.15463899999999597,43.917476,44.072115
Acoustic Grand Piano,0,74,D5,127,0.17074722916666474,44.536032,44.70677922916666
Acoustic Grand Piano,0,74,D5,127,0.15786064583333825,45.154588,45.312448645833335
Acoustic Grand Piano,0,74,D5,127,0.14819570833333273,45.773144,45.921339708333335
Acoustic Grand Piano,0,74,D5,127,0.18041216666666315,46.3917,46.57211216666666
Acoustic Grand Piano,0,74,D5,127,0.13530912499999914,46.855617,46.990926125
Acoustic Grand Piano,0,74,D5,127,0.1739688749999999,48.247368,48.421336875
Acoustic Grand Piano,0,74,D5,127,0.16752558333333667,48.865924,49.033449583333336
Acoustic Grand Piano,0,74,D5,127,0.1868554583333335,49.48448,49.67133545833333
Acoustic Grand Piano,0,74,D5,127,0.17074722916666474,50.103036,50.27378322916667
Acoustic Grand Piano,0,74,D5,127,0.19007710416666157,50.721592,50.91166910416666
Acoustic Grand Piano,0,74,D5,127,0.19652039583333192,51.340148,51.53666839583333
Acoustic Grand Piano,0,74,D5,127,0.15463900000000308,51.958704,52.113343
Acoustic Grand Piano,0,74,D5,127,0.1739688749999999,52.57726,52.751228875
Acoustic Grand Piano,0,74,D5,127,0.1514173541666679,53.195816,53.34723335416667
Acoustic Grand Piano,0,74,D5,127,0.1417524166666695,53.814372,53.95612441666667
Acoustic Grand Piano,0,74,D5,127,0.1643039375000015,54.432928,54.5972319375
Acoustic Grand Piano,0,74,D5,127,0.1514173541666608,55.051484,55.20290135416666
Acoustic Grand Piano,0,74,D5,127,0.1643039375000015,55.67004,55.8343439375
Acoustic Grand Piano,0,74,D5,127,0.16752558333333667,56.288596,56.456121583333335
Acoustic Grand Piano,0,74,D5,127,0.15786064583333825,56.907151999999996,57.065012645833335
Acoustic Grand Piano,0,74,D5,127,0.16108229166666632,57.525708,57.68679029166667
Acoustic Grand Piano,0,74,D5,127,0.15786064583333115,58.144264,58.30212464583333
Acoustic Grand Piano,0,74,D5,127,0.15786064583333825,58.76282,58.920680645833336
Acoustic Grand Piano,0,74,D5,127,0.15786064583333115,59.381376,59.539236645833334
Acoustic Grand Piano,0,74,D5,127,0.15786064583333115,59.999932,60.15779264583333
Acoustic Grand Piano,0,74,D5,127,0.15786064583333115,60.618488,60.77634864583333
Acoustic Grand Piano,0,74,D5,127,0.15463900000000308,61.237044,61.391683
Acoustic Grand Piano,0,74,D5,127,0.16752558333332956,61.8556,62.02312558333333
Acoustic Grand Piano,0,74,D5,127,0.17074722916666474,62.474156,62.644903229166665
Acoustic Grand Piano,0,74,D5,127,0.17074722916666474,63.092712,63.26345922916666
Acoustic Grand Piano,0,74,D5,127,0.1643039375000015,63.711268,63.8755719375
Acoustic Grand Piano,0,74,D5,127,0.17719052083333509,64.329824,64.50701452083334
Acoustic Grand Piano,0,74,D5,127,0.1643039374999944,64.94838,65.1126839375
Acoustic Grand Piano,0,74,D5,127,0.17074722916666474,65.566936,65.73768322916666
Acoustic Grand Piano,0,74,D5,127,0.15786064583333825,66.185492,66.34335264583333
Acoustic Grand Piano,0,74,D5,127,0.18041216666667026,66.804048,66.98446016666666
Acoustic Grand Piano,0,74,D5,127,0.15786064583333825,67.42260399999999,67.58046464583333
Acoustic Grand Piano,0,74,D5,127,0.16752558333332956,68.04116,68.20868558333333
Acoustic Grand Piano,0,74,D5,127,0.16108229166665922,68.659716,68.82079829166666
Acoustic Grand Piano,0,74,D5,127,0.1514173541666679,69.278272,69.42968935416667
Acoustic Grand Piano,0,74,D5,127,0.14819570833333273,69.896828,70.04502370833333
Acoustic Grand Piano,0,74,D5,127,0.1643039375000086,70.515384,70.6796879375
Acoustic Grand Piano,0,74,D5,127,0.1643039375000086,71.13394,71.2982439375
Acoustic Grand Piano,0,74,D5,127,0.1643039375000086,71.752496,71.9167999375
Acoustic Grand Piano,0,74,D5,127,0.1643039374999944,72.371052,72.5353559375
Acoustic Grand Piano,0,74,D5,127,0.15463899999998887,72.989608,73.144247
Acoustic Grand Piano,0,74,D5,127,0.16752558333332956,73.608164,73.77568958333333
Acoustic Grand Piano,0,74,D5,127,0.2706182499999983,74.22672,74.49733825
Acoustic Grand Piano,0,74,D5,127,0.1288658333333359,74.690637,74.81950283333333
Acoustic Grand Piano,0,74,D5,127,0.1997420416666671,75.463832,75.66357404166666
Acoustic Grand Piano,0,74,D5,127,0.17074722916666474,76.082388,76.25313522916666
Acoustic Grand Piano,0,74,D5,127,0.1643039375000086,76.70094399999999,76.8652479375
Acoustic Grand Piano,0,74,D5,127,0.14497406249999756,77.3195,77.4644740625
Acoustic Grand Piano,0,74,D5,127,0.14819570833333273,77.938056,78.08625170833334
Acoustic Grand Piano,0,74,D5,127,0.15786064583333825,78.556612,78.71447264583334
Acoustic Grand Piano,0,74,D5,127,0.15786064583333825,79.175168,79.33302864583334
Acoustic Grand Piano,0,74,D5,127,0.17074722916666474,79.793724,79.96447122916666
Acoustic Grand Piano,0,74,D5,127,0.15463900000000308,80.41228,80.566919
Acoustic Grand Piano,0,74,D5,127,0.15786064583333825,81.030836,81.18869664583333
Acoustic Grand Piano,0,74,D5,127,0.1643039374999944,81.649392,81.8136959375
Acoustic Grand Piano,0,74,D5,127,0.14497406249999756,82.267948,82.4129220625
Acoustic Grand Piano,0,74,D5,127,0.15786064583332404,82.886504,83.04436464583333
Acoustic Grand Piano,0,74,D5,127,0.13530912499999204,83.50506,83.64036912499999
Acoustic Grand Piano,0,74,D5,127,0.1643039374999944,84.123616,84.28791993749999
Acoustic Grand Piano,0,74,D5,127,0.15463900000000308,84.742172,84.896811
Acoustic Grand Piano,0,74,D5,127,0.15463900000000308,85.360728,85.515367
Acoustic Grand Piano,0,74,D5,127,0.1417524166666766,85.97928399999999,86.12103641666667
Acoustic Grand Piano,0,74,D5,127,0.1514173541666679,86.59784,86.74925735416667
Acoustic Grand Piano,0,74,D5,127,0.16108229166665922,87.216396,87.37747829166666
Acoustic Grand Piano,0,74,D5,127,0.1643039374999944,87.834952,87.9992559375
Acoustic Grand Piano,0,74,D5,127,0.1514173541666679,88.453508,88.60492535416667
Acoustic Grand Piano,0,74,D5,127,0.14497406249999756,89.072064,89.2170380625
Acoustic Grand Piano,0,74,D5,127,0.14819570833333273,89.69062,89.83881570833333
Acoustic Grand Piano,0,74,D5,127,0.14819570833333273,90.309176,90.45737170833333
Acoustic Grand Piano,0,74,D5,127,0.14497406249999756,90.927732,91.0727060625
Acoustic Grand Piano,0,74,D5,127,0.1514173541666679,91.546288,91.69770535416667
Acoustic Grand Piano,0,74,D5,127,0.1514173541666679,92.164844,92.31626135416667
Acoustic Grand Piano,0,74,D5,127,0.16108229166665922,92.7834,92.94448229166666
Acoustic Grand Piano,0,74,D5,127,0.14175241666666238,93.401956,93.54370841666666
Acoustic Grand Piano,0,74,D5,127,0.1643039375000086,94.020512,94.1848159375
Acoustic Grand Piano,0,74,D5,127,0.14819570833333273,94.639068,94.78726370833333
Acoustic Grand Piano,0,74,D5,127,0.1514173541666679,95.25762399999999,95.40904135416666
Acoustic Grand Piano,0,74,D5,127,0.16108229166665922,95.87618,96.03726229166666
Acoustic Grand Piano,0,74,D5,127,0.11920089583333038,96.340097,96.45929789583333
Acoustic Grand Piano,0,74,D5,127,0.1868554583333264,100.206072,100.39292745833333
Acoustic Grand Piano,0,74,D5,127,0.17074722916666474,100.824628,100.99537522916667
Acoustic Grand Piano,0,74,D5,127,0.15463900000000308,101.443184,101.597823
Acoustic Grand Piano,0,74,D5,127,0.16108229166665922,102.06174,102.22282229166666
Acoustic Grand Piano,0,74,D5,127,0.17074722916666474,102.680296,102.85104322916666
Acoustic Grand Piano,0,74,D5,127,0.14819570833333273,103.298852,103.44704770833333
Acoustic Grand Piano,0,74,D5,127,0.15463900000000308,103.917408,104.072047
Acoustic Grand Piano,0,74,D5,127,0.1417524166666766,104.53596399999999,104.67771641666667
Acoustic Grand Piano,0,74,D5,127,0.16108229166665922,105.15452,105.31560229166666
Acoustic Grand Piano,0,74,D5,127,0.14497406249999756,105.773076,105.9180500625
Acoustic Grand Piano,0,74,D5,127,0.14819570833333273,106.391632,106.53982770833333
Acoustic Grand Piano,0,74,D5,127,0.15463900000000308,107.010188,107.164827
Acoustic Grand Piano,0,74,D5,127,0.15463900000000308,107.628744,107.783383
Acoustic Grand Piano,0,74,D5,127,0.14819570833333273,108.2473,108.39549570833333
Acoustic Grand Piano,0,74,D5,127,0.15463900000000308,108.865856,109.020495
Acoustic Grand Piano,0,74,D5,127,0.14819570833333273,109.484412,109.63260770833334
Acoustic Grand Piano,0,74,D5,127,0.15463899999998887,110.102968,110.257607
Acoustic Grand Piano,0,74,D5,127,0.15463900000000308,110.721524,110.876163
Acoustic Grand Piano,0,74,D5,127,0.1739688749999999,112.577192,112.751160875
Acoustic Grand Piano,0,74,D5,127,0.16108229166667343,113.195748,113.35683029166667
Acoustic Grand Piano,0,74,D5,127,0.1868554583333406,113.81430399999999,114.00115945833333
Acoustic Grand Piano,0,74,D5,127,0.16752558333332956,114.43286,114.60038558333333
Acoustic Grand Piano,0,74,D5,127,0.16752558333332956,115.051416,115.21894158333333
Acoustic Grand Piano,0,74,D5,127,0.14497406249999756,115.669972,115.8149460625
Acoustic Grand Piano,0,74,D5,127,0.1739688749999999,116.288528,116.462496875
Acoustic Grand Piano,0,74,D5,127,0.17074722916666474,116.907084,117.07783122916666
Acoustic Grand Piano,0,74,D5,127,0.1739688749999999,117.52564,117.699608875
Acoustic Grand Piano,0,74,D5,127,0.16752558333334377,118.144196,118.31172158333334
Acoustic Grand Piano,0,74,D5,127,0.18363381249999122,118.762752,118.9463858125
Acoustic Grand Piano,0,74,D5,127,0.16108229166665922,119.381308,119.54239029166666
Acoustic Grand Piano,0,74,D5,127,0.15786064583332404,119.999864,120.15772464583333
Acoustic Grand Piano,0,74,D5,127,0.16752558333332956,120.61842,120.78594558333333
Acoustic Grand Piano,0,74,D5,127,0.16108229166667343,121.236976,121.39805829166667
Acoustic Grand Piano,0,74,D5,127,0.15463900000000308,121.855532,122.010171
Acoustic Grand Piano,0,74,D5,127,0.15786064583333825,122.474088,122.63194864583333
Acoustic Grand Piano,0,74,D5,127,0.15463900000000308,123.09264399999999,123.247283
Acoustic Grand Piano,0,74,D5,127,0.15786064583332404,123.7112,123.86906064583333
Acoustic Grand Piano,0,74,D5,127,0.1514173541666679,124.329756,124.48117335416667
Acoustic Grand Piano,0,74,D5,127,0.15463900000000308,124.948312,125.102951
Acoustic Grand Piano,0,74,D5,127,0.15463900000000308,125.566868,125.721507
Acoustic Grand Piano,0,74,D5,127,0.1514173541666679,126.185424,126.33684135416667
Acoustic Grand Piano,0,74,D5,127,0.1739688749999999,126.80398,126.977948875
Acoustic Grand Piano,0,74,D5,127,0.16752558333334377,127.422536,127.59006158333334
Acoustic Grand Piano,0,74,D5,127,0.14497406250001177,128.041092,128.1860660625
Acoustic Grand Piano,0,74,D5,127,0.14497406249998335,128.659648,128.8046220625
Acoustic Grand Piano,0,74,D5,127,0.15141735416668212,129.278204,129.42962135416667
Acoustic Grand Piano,0,74,D5,127,0.1514173541666537,129.89676,130.04817735416665
Acoustic Grand Piano,0,74,D5,127,0.1514173541666537,130.515316,130.66673335416667
Acoustic Grand Piano,0,74,D5,127,0.14175241666666238,131.133872,131.27562441666666
Acoustic Grand Piano,0,74,D5,127,0.15463900000000308,131.752428,131.907067
Acoustic Grand Piano,0,74,D5,127,0.14819570833333273,132.370984,132.51917970833333
Acoustic Grand Piano,0,74,D5,127,0.17074722916666474,132.98954,133.16028722916667
Acoustic Grand Piano,0,74,D5,127,0.16108229166667343,133.608096,133.76917829166666
Acoustic Grand Piano,0,74,D5,127,0.1643039374999944,134.226652,134.3909559375
Acoustic Grand Piano,0,74,D5,127,0.13853077083334142,134.84520799999999,134.98373877083333
Acoustic Grand Piano,0,74,D5,127,0.15786064583332404,135.463764,135.62162464583332
Acoustic Grand Piano,0,74,D5,127,0.17074722916666474,136.08232,136.25306722916667
Acoustic Grand Piano,0,74,D5,127,0.16108229166667343,136.700876,136.86195829166667
Acoustic Grand Piano,0,74,D5,127,0.15786064583332404,137.319432,137.47729264583333
Acoustic Grand Piano,0,74,D5,127,0.16752558333334377,137.937988,138.10551358333333
Acoustic Grand Piano,0,74,D5,127,0.1514173541666537,138.556544,138.70796135416666
Acoustic Grand Piano,0,74,D5,127,0.16108229166667343,139.1751,139.33618229166666
Acoustic Grand Piano,0,74,D5,127,0.16752558333334377,139.793656,139.96118158333334
Acoustic Grand Piano,0,74,D5,127,0.18041216666665605,140.412212,140.59262416666667
Acoustic Grand Piano,0,74,D5,127,0.17074722916666474,141.030768,141.20151522916666
Acoustic Grand Piano,0,74,D5,127,0.19007710416664736,141.649324,141.83940110416665
Acoustic Grand Piano,0,74,D5,127,0.16752558333334377,142.26788,142.43540558333333
Acoustic Grand Piano,0,74,D5,127,0.1643039374999944,142.886436,143.0507399375
Acoustic Grand Piano,0,74,D5,127,0.15786064583335246,143.504992,143.66285264583334
Acoustic Grand Piano,0,74,D5,127,0.16108229166667343,144.123548,144.28463029166667
Acoustic Grand Piano,0,74,D5,127,0.161082291666645,144.742104,144.90318629166666
Acoustic Grand Piano,0,74,D5,127,0.15786064583332404,145.36066,145.51852064583332
Acoustic Grand Piano,0,74,D5,127,0.17074722916666474,145.979216,146.14996322916667
Acoustic Grand Piano,0,74,D5,127,0.16752558333334377,146.597772,146.76529758333334
Acoustic Grand Piano,0,74,D5,127,0.16752558333331535,147.216328,147.38385358333332
Acoustic Grand Piano,0,74,D5,127,0.17396887500001412,147.834884,148.008852875
Acoustic Grand Piano,0,74,D5,127,0.15463900000000308,148.45344,148.608079
Acoustic Grand Piano,0,74,D5,127,0.1739688749999857,149.071996,149.245964875
Acoustic Grand Piano,0,74,D5,127,0.16752558333334377,149.690552,149.85807758333334
Acoustic Grand Piano,0,74,D5,127,0.18041216666665605,150.309108,150.48952016666667
Acoustic Grand Piano,0,74,D5,127,0.18363381250000543,150.927664,151.1112978125
Acoustic Grand Piano,0,74,D5,127,0.16108229166667343,151.54622,151.70730229166668
Acoustic Grand Piano,0,74,D5,127,0.15141735416668212,152.164776,152.31619335416667
Acoustic Grand Piano,0,74,D5,127,0.1514173541666537,152.783332,152.93474935416666
Acoustic Grand Piano,0,74,D5,127,0.15463900000000308,153.40188799999999,153.556527
Acoustic Grand Piano,0,74,D5,127,0.1643039374999944,154.020444,154.1847479375
Acoustic Grand Piano,0,74,D5,127,0.15786064583332404,154.639,154.79686064583333
Acoustic Grand Piano,0,74,D5,127,0.15463900000000308,155.257556,155.412195
Acoustic Grand Piano,0,74,D5,127,0.17074722916666474,155.876112,156.04685922916667
Acoustic Grand Piano,0,74,D5,127,0.17074722916666474,156.494668,156.66541522916665
Acoustic Grand Piano,0,74,D5,127,0.14497406249998335,157.113224,157.25819806249999
Acoustic Grand Piano,0,74,D5,127,0.15463900000000308,157.73178,157.886419
Acoustic Grand Piano,0,74,D5,127,0.17074722916666474,158.350336,158.52108322916666
Acoustic Grand Piano,0,74,D5,127,0.1643039374999944,158.968892,159.1331959375
Acoustic Grand Piano,0,74,D5,127,0.14497406250001177,159.587448,159.7324220625
Acoustic Grand Piano,0,74,D5,127,0.1514173541666537,160.206004,160.35742135416666
Acoustic Grand Piano,0,74,D5,127,0.15786064583335246,160.82456,160.98242064583334
Acoustic Grand Piano,0,74,D5,127,0.18041216666665605,161.443116,161.62352816666666
Acoustic Grand Piano,0,74,D5,127,0.20618533333333744,162.061672,162.26785733333332
Acoustic Grand Piano,0,74,D5,127,0.17074722916666474,162.680228,162.85097522916666
Acoustic Grand Piano,0,74,D5,127,0.15786064583332404,163.298784,163.45664464583334
Acoustic Grand Piano,0,74,D5,127,0.15786064583332404,163.91734,164.07520064583332
Acoustic Grand Piano,0,74,D5,127,0.1739688749999857,164.535896,164.709864875
Acoustic Grand Piano,0,74,D5,127,0.16752558333334377,165.154452,165.32197758333334
Acoustic Grand Piano,0,74,D5,127,0.16752558333331535,165.773008,165.94053358333332
Acoustic Grand Piano,0,74,D5,127,0.15786064583335246,166.391564,166.54942464583334
Acoustic Grand Piano,0,74,D5,127,0.15786064583332404,167.01012,167.16798064583332
Acoustic Grand Piano,0,74,D5,127,0.15141735416668212,167.62867599999998,167.78009335416667
Acoustic Grand Piano,0,74,D5,127,0.17719052083333509,168.247232,168.42442252083333
Acoustic Grand Piano,0,74,D5,127,0.17719052083333509,168.865788,169.04297852083334
Acoustic Grand Piano,0,74,D5,127,0.15141735416668212,169.484344,169.63576135416668
Acoustic Grand Piano,0,74,D5,127,0.1643039374999944,170.1029,170.2672039375
Acoustic Grand Piano,0,74,D5,127,0.16108229166667343,170.721456,170.88253829166666
Acoustic Grand Piano,0,74,D5,127,0.1739688749999857,171.340012,171.513980875
Acoustic Grand Piano,0,74,D5,127,0.15786064583335246,171.95856799999999,172.11642864583334
Acoustic Grand Piano,0,74,D5,127,0.1643039374999944,172.577124,172.7414279375
Acoustic Grand Piano,0,74,D5,127,0.15786064583332404,173.19568,173.35354064583333
Acoustic Grand Piano,0,74,D5,127,0.15141735416668212,173.814236,173.96565335416668
Acoustic Grand Piano,0,74,D5,127,0.15463900000000308,174.432792,174.587431
Acoustic Grand Piano,0,74,D5,127,0.13853077083334142,175.051348,175.18987877083333
Acoustic Grand Piano,0,74,D5,127,0.14819570833333273,175.669904,175.81809970833334
Acoustic Grand Piano,0,74,D5,127,0.14497406250001177,176.28846,176.4334340625
Acoustic Grand Piano,0,74,D5,127,0.1514173541666537,176.907016,177.05843335416665
Acoustic Grand Piano,0,74,D5,127,0.1514173541666537,177.525572,177.67698935416666
Acoustic Grand Piano,0,74,D5,127,0.17074722916666474,178.144128,178.31487522916666
Acoustic Grand Piano,0,74,D5,127,0.17719052083333509,178.762684,178.93987452083334
Acoustic Grand Piano,0,74,D5,127,0.14819570833333273,179.38124,179.52943570833332
Acoustic Grand Piano,0,74,D5,127,0.15786064583332404,179.999796,180.15765664583333
Acoustic Grand Piano,0,74,D5,127,0.14497406250001177,180.618352,180.7633260625
Acoustic Grand Piano,0,74,D5,127,0.16752558333334377,181.236908,181.40443358333334
Acoustic Grand Piano,0,74,D5,127,0.161082291666645,181.855464,182.01654629166666
Acoustic Grand Piano,0,74,D5,127,0.17074722916666474,182.47402,182.64476722916666
Acoustic Grand Piano,0,74,D5,127,0.1514173541666537,183.092576,183.24399335416666
Acoustic Grand Piano,0,74,D5,127,0.16108229166667343,183.711132,183.87221429166667
Acoustic Grand Piano,0,74,D5,127,0.15463900000000308,184.329688,184.484327
Acoustic Grand Piano,0,74,D5,127,0.16108229166667343,184.948244,185.10932629166666
Acoustic Grand Piano,0,74,D5,127,0.18363381250000543,185.5668,185.7504338125
Acoustic Grand Piano,0,74,D5,127,0.17074722916669316,186.18535599999998,186.35610322916668
Acoustic Grand Piano,0,74,D5,127,0.17719052083333509,186.803912,186.98110252083333
Acoustic Grand Piano,0,74,D5,127,0.1739688749999857,187.422468,187.596436875
Acoustic Grand Piano,0,74,D5,127,0.17074722916666474,188.041024,188.21177122916666
Acoustic Grand Piano,0,74,D5,127,0.16752558333331535,188.65958,188.82710558333332
Acoustic Grand Piano,0,74,D5,127,0.15463900000000308,189.278136,189.432775
Acoustic Grand Piano,0,74,D5,127,0.17074722916666474,189.896692,190.06743922916667
Acoustic Grand Piano,0,74,D5,127,0.16752558333334377,190.51524799999999,190.68277358333333
Acoustic Grand Piano,0,74,D5,127,0.18363381250000543,191.133804,191.3174378125
Acoustic Grand Piano,0,74,D5,127,0.15463899999997466,191.75236,191.90699899999998
Acoustic Grand Piano,0,74,D5,127,0.14497406250001177,192.370916,192.5158900625
Acoustic Grand Piano,0,74,D5,127,0.14497406249998335,192.989472,193.1344460625
Acoustic Grand Piano,0,74,D5,127,0.15463900000000308,193.608028,193.762667
Acoustic Grand Piano,0,74,D5,127,0.15463900000000308,194.226584,194.381223
Acoustic Grand Piano,0,74,D5,127,0.15463900000000308,194.84514,194.999779
Acoustic Grand Piano,0,74,D5,127,0.15786064583332404,195.463696,195.62155664583332
Acoustic Grand Piano,0,74,D5,127,0.1643039374999944,196.082252,196.2465559375
Acoustic Grand Piano,0,74,D5,127,0.15786064583332404,196.700808,196.85866864583332
Acoustic Grand Piano,0,74,D5,127,0.14819570833333273,197.319364,197.46755970833334
Acoustic Grand Piano,0,74,D5,127,0.17074722916666474,197.93792,198.10866722916666
Acoustic Grand Piano,0,74,D5,127,0.16108229166667343,198.556476,198.71755829166668
Acoustic Grand Piano,0,74,D5,127,0.1643039375000228,199.175032,199.3393359375
Acoustic Grand Piano,0,74,D5,127,0.16108229166667343,199.793588,199.95467029166667
Acoustic Grand Piano,0,74,D5,127,0.15786064583332404,200.412144,200.57000464583334
Acoustic Grand Piano,0,74,D5,127,0.21585027083332875,201.0307,201.24655027083332
Acoustic Grand Piano,0,74,D5,127,0.2319584999999904,202.886368,203.1183265
Acoustic Grand Piano,0,74,D5,127,0.18041216666668447,203.504924,203.68533616666667
Acoustic Grand Piano,0,74,D5,127,0.16108229166667343,204.12348,204.28456229166667
Acoustic Grand Piano,0,74,D5,127,0.16752558333334377,204.74203599999998,204.90956158333333
Acoustic Grand Piano,0,74,D5,127,0.16752558333334377,205.360592,205.52811758333334
Acoustic Grand Piano,0,74,D5,127,0.17719052083333509,205.979148,206.15633852083334
Acoustic Grand Piano,0,74,D5,127,0.15786064583335246,206.597704,206.75556464583335
Acoustic Grand Piano,0,74,D5,127,0.15786064583332404,207.21626,207.37412064583333
Acoustic Grand Piano,0,74,D5,127,0.15786064583335246,207.834816,207.99267664583334
Acoustic Grand Piano,0,74,D5,127,0.13530912499999204,208.453372,208.588681125
Acoustic Grand Piano,0,74,D5,127,0.15141735416668212,209.07192799999999,209.22334535416667
Acoustic Grand Piano,0,74,D5,127,0.14497406250001177,209.690484,209.8354580625
Acoustic Grand Piano,0,74,D5,127,0.138530770833313,210.30904,210.44757077083332
Acoustic Grand Piano,0,74,D5,127,0.13530912499999204,210.927596,211.062905125
Acoustic Grand Piano,0,74,D5,127,0.14175241666666238,211.546152,211.68790441666667
Acoustic Grand Piano,0,74,D5,127,0.15786064583335246,212.164708,212.32256864583334
Acoustic Grand Piano,0,74,D5,127,0.15786064583332404,212.783264,212.94112464583333
Acoustic Grand Piano,0,74,D5,127,0.1417524166666908,213.40182,213.54357241666668
Acoustic Grand Piano,0,74,D5,127,0.14497406250001177,214.020376,214.1653500625
Acoustic Grand Piano,0,74,D5,127,0.14497406249998335,214.638932,214.7839060625
Acoustic Grand Piano,0,74,D5,127,0.15141735416668212,215.257488,215.40890535416668
Acoustic Grand Piano,0,74,D5,127,0.161082291666645,215.876044,216.03712629166665
Acoustic Grand Piano,0,74,D5,127,0.14819570833333273,216.4946,216.64279570833332
Acoustic Grand Piano,0,74,D5,127,0.14819570833333273,217.113156,217.26135170833334
Acoustic Grand Piano,0,74,D5,127,0.15141735416668212,217.731712,217.88312935416667
Acoustic Grand Piano,0,74,D5,127,0.14819570833333273,218.350268,218.49846370833333
Acoustic Grand Piano,0,74,D5,127,0.14175241666666238,218.968824,219.11057641666667
Acoustic Grand Piano,0,74,D5,127,0.13208747916667107,219.58738,219.71946747916667
Acoustic Grand Piano,0,74,D5,127,0.15463900000000308,220.205936,220.360575
Acoustic Grand Piano,0,74,D5,127,0.14819570833333273,220.824492,220.97268770833332
Acoustic Grand Piano,0,74,D5,127,0.15463900000000308,221.443048,221.597687
Acoustic Grand Piano,0,74,D5,127,0.14497406250001177,222.061604,222.2065780625
Acoustic Grand Piano,0,74,D5,127,0.14497406249998335,222.68016,222.82513406249998
Acoustic Grand Piano,0,74,D5,127,0.15786064583335246,223.29871599999998,223.45657664583334
Acoustic Grand Piano,0,74,D5,127,0.13530912499999204,223.917272,224.052581125
Acoustic Grand Piano,0,74,D5,127,0.15463899999997466,224.535828,224.69046699999998
Acoustic Grand Piano,0,74,D5,127,0.15141735416668212,225.154384,225.30580135416668
Acoustic Grand Piano,0,74,D5,127,0.13208747916667107,225.77294,225.90502747916668
Acoustic Grand Piano,0,74,D5,127,0.15141735416668212,226.391496,226.54291335416667
Acoustic Grand Piano,0,74,D5,127,0.15786064583332404,227.010052,227.16791264583333
Acoustic Grand Piano,0,74,D5,127,0.1643039375000228,227.62860799999999,227.7929119375
Acoustic Grand Piano,0,74,D5,127,0.1514173541666537,228.247164,228.39858135416665
Acoustic Grand Piano,0,74,D5,127,0.14819570833333273,228.86572,229.01391570833334
Acoustic Grand Piano,0,74,D5,127,0.15786064583332404,229.484276,229.64213664583332
Acoustic Grand Piano,0,74,D5,127,0.15786064583332404,230.102832,230.26069264583333
Acoustic Grand Piano,0,74,D5,127,0.14175241666666238,230.721388,230.86314041666665
Acoustic Grand Piano,0,74,D5,127,0.15463900000000308,231.339944,231.494583
Acoustic Grand Piano,0,74,D5,127,0.15463900000000308,231.9585,232.113139
Acoustic Grand Piano,0,74,D5,127,0.14819570833333273,232.577056,232.72525170833333
Acoustic Grand Piano,0,74,D5,127,0.14819570833333273,233.195612,233.34380770833334
Acoustic Grand Piano,0,74,D5,127,0.15141735416668212,233.814168,233.96558535416668
Acoustic Grand Piano,0,74,D5,127,0.161082291666645,234.432724,234.59380629166665
Acoustic Grand Piano,0,74,D5,127,0.14497406250001177,235.05128,235.1962540625
Acoustic Grand Piano,0,74,D5,127,0.15786064583332404,235.669836,235.82769664583333
Acoustic Grand Piano,0,74,D5,127,0.1417524166666908,236.288392,236.43014441666668
Acoustic Grand Piano,0,74,D5,127,0.14819570833333273,236.906948,237.05514370833333
Acoustic Grand Piano,0,74,D5,127,0.161082291666645,237.525504,237.68658629166666
Acoustic Grand Piano,0,74,D5,127,0.15463900000000308,238.14406,238.298699
Acoustic Grand Piano,0,74,D5,127,0.15463900000000308,238.762616,238.917255
Acoustic Grand Piano,0,74,D5,127,0.15463900000000308,239.381172,239.535811
Acoustic Grand Piano,0,74,D5,127,0.18041216666665605,239.999728,240.18014016666666
Acoustic Grand Piano,0,74,D5,127,0.16752558333334377,240.618284,240.78580958333333
Acoustic Grand Piano,0,74,D5,127,0.2802831875000038,241.23684,241.5171231875
Acoustic Grand Piano,0,74,D5,127,0.2351801458333398,241.89083410416666,242.12601425
Acoustic Grand Piano,0,74,D5,127,0.23195850000001883,243.711064,243.9430225
Acoustic Grand Piano,0,74,D5,127,0.1739688749999857,244.35217152083334,244.52614039583332
Acoustic Grand Piano,0,74,D5,127,0.183633812499977,244.93528941666668,245.11892322916665
Acoustic Grand Piano,0,74,D5,127,0.183633812499977,245.55062377083334,245.73425758333332
Acoustic Grand Piano,0,74,D5,127,0.18041216666668447,246.16917977083332,246.3495919375
Acoustic Grand Piano,0,74,D5,127,0.1643039374999944,246.803844,246.9681479375
Acoustic Grand Piano,0,74,D5,127,0.1643039374999944,247.4224,247.5867039375
Acoustic Grand Piano,0,74,D5,127,0.15463900000000308,248.03451270833332,248.18915170833333
Acoustic Grand Piano,0,74,D5,127,0.17719052083333509,248.659512,248.83670252083334
Acoustic Grand Piano,0,74,D5,127,0.17719052083333509,249.27162470833332,249.44881522916666
Acoustic Grand Piano,0,74,D5,127,0.17719052083333509,249.896624,250.07381452083334
Acoustic Grand Piano,0,74,D5,127,0.161082291666645,250.50873670833334,250.669819
Acoustic Grand Piano,0,74,D5,127,0.20296368749998805,251.1240710625,251.32703475
Acoustic Grand Piano,0,74,D5,127,0.16752558333334377,251.74907035416666,251.9165959375
Acoustic Grand Piano,0,74,D5,127,0.17074722916666474,252.3805129375,252.55126016666665
Acoustic Grand Piano,0,74,D5,127,0.1868554583333264,252.989404,253.17625945833333
Acoustic Grand Piano,0,74,D5,127,0.20296368750001648,253.60796,253.8109236875
Acoustic Grand Piano,0,74,D5,127,0.20618533333333744,254.226516,254.43270133333334
Acoustic Grand Piano,0,74,D5,127,0.18041216666668447,254.85151529166666,255.03192745833334
Acoustic Grand Piano,0,74,D5,127,0.183633812499977,255.47651458333334,255.66014839583332
Acoustic Grand Piano,0,74,D5,127,0.18685545833335482,256.082184,256.26903945833334
Acoustic Grand Piano,0,74,D5,127,0.18041216666665605,256.72329152083336,256.9037036875
Acoustic Grand Piano,0,74,D5,127,0.2094069791666584,257.319296,257.52870297916667
Acoustic Grand Piano,0,74,D5,127,0.2351801458333398,257.9314087083333,258.16658885416666
Acoustic Grand Piano,0,74,D5,127,0.18685545833329797,258.5918461041667,258.7787015625
Acoustic Grand Piano,0,74,D5,127,0.1997420416666955,259.174964,259.3747060416667
Acoustic Grand Piano,0,74,D5,127,0.17719052083333509,259.7902983541667,259.967488875
Acoustic Grand Piano,0,74,D5,127,0.17074722916663632,260.3991894166667,260.5699366458333
Acoustic Grand Piano,0,74,D5,127,0.1804121666667129,261.0145237708333,261.1949359375
Acoustic Grand Piano,0,74,D5,127,0.17719052083333509,261.64596635416666,261.823156875
Acoustic Grand Piano,0,74,D5,127,0.18041216666665605,262.267744,262.44815616666665
Acoustic Grand Piano,0,74,D5,127,0.1965203958333177,262.8863,263.0828203958333
Acoustic Grand Piano,0,56,G#3,127,0.10631431250000034,8.969062,9.0753763125
Acoustic Grand Piano,0,56,G#3,127,0.06443291666666617,9.432979,9.497411916666666
Acoustic Grand Piano,0,56,G#3,127,0.05476797916666776,9.587617999999999,9.642385979166667
Acoustic Grand Piano,0,56,G#3,127,0.051546333333332583,9.742257,9.793803333333333
Acoustic Grand Piano,0,56,G#3,127,0.05476797916666598,10.206174,10.260941979166667
Acoustic Grand Piano,0,56,G#3,127,0.09987102083333355,10.360813,10.460684020833334
Acoustic Grand Piano,0,56,G#3,127,0.0322164583333322,10.82473,10.856946458333333
Acoustic Grand Piano,0,56,G#3,127,0.09664937500000015,10.979369,11.076018375
Acoustic Grand Piano,0,56,G#3,127,0.08698443749999996,11.443286,11.5302704375
Acoustic Grand Piano,0,56,G#3,127,0.025773166666665404,12.061842,12.087615166666666
Acoustic Grand Piano,0,56,G#3,127,0.13853077083333254,12.216481,12.355011770833332
Acoustic Grand Piano,0,56,G#3,127,0.07087620833333297,12.680398,12.751274208333333
Acoustic Grand Piano,0,56,G#3,127,0.14819570833333273,12.835037,12.983232708333333
Acoustic Grand Piano,0,56,G#3,127,0.061211270833332776,13.298954,13.360165270833333
Acoustic Grand Piano,0,56,G#3,127,0.09664937500000015,13.453593,13.550242375
Acoustic Grand Piano,0,56,G#3,127,0.12242254166666733,13.91751,14.039932541666667
Acoustic Grand Piano,0,56,G#3,127,0.04510304166666579,14.381427,14.426530041666666
Acoustic Grand Piano,0,56,G#3,127,0.05476797916666598,14.536066,14.590833979166666
Acoustic Grand Piano,0,56,G#3,127,0.09664937500000015,14.690705,14.787354375
Acoustic Grand Piano,0,56,G#3,127,0.09664937500000015,15.309261,15.405910375
Acoustic Grand Piano,0,56,G#3,127,0.028994812500000577,15.773178,15.8021728125
Acoustic Grand Piano,0,56,G#3,127,0.13853077083333254,15.927817,16.06634777083333
Acoustic Grand Piano,0,56,G#3,127,0.11275760416666714,16.391734,16.504491604166667
Acoustic Grand Piano,0,56,G#3,127,0.0644329166666644,17.01029,17.074722916666666
Acoustic Grand Piano,0,56,G#3,127,0.17074722916666474,17.164929,17.335676229166666
Acoustic Grand Piano,0,56,G#3,127,0.045103041666667565,17.628846,17.673949041666667
Acoustic Grand Piano,0,56,G#3,127,0.11920089583333393,17.783485,17.902685895833333
Acoustic Grand Piano,0,56,G#3,127,0.04188139583333239,18.247402,18.289283395833333
Acoustic Grand Piano,0,56,G#3,127,0.08054114583333316,18.402041,18.482582145833334
Acoustic Grand Piano,0,56,G#3,127,0.09987102083333355,18.865958,18.965829020833333
Acoustic Grand Piano,0,56,G#3,127,0.035438104166665596,19.484514,19.519952104166666
Acoustic Grand Piano,0,56,G#3,127,0.05154633333333436,19.639153,19.690699333333335
Acoustic Grand Piano,0,56,G#3,127,0.05476797916665532,100.206072,100.26083997916666
Acoustic Grand Piano,0,56,G#3,127,0.07409785416666637,100.360711,100.43480885416666
Acoustic Grand Piano,0,56,G#3,127,0.07409785416666637,100.51535,100.58944785416666
Acoustic Grand Piano,0,56,G#3,127,0.06443291666666084,100.669989,100.73442191666666
Acoustic Grand Piano,0,56,G#3,127,0.08376279166665768,100.824628,100.90839079166666
Acoustic Grand Piano,0,56,G#3,127,0.06121127083333988,101.133906,101.19511727083334
Acoustic Grand Piano,0,56,G#3,127,0.06765456249999602,101.288545,101.3561995625
Acoustic Grand Piano,0,56,G#3,127,0.07087620833333119,101.443184,101.51406020833333
Acoustic Grand Piano,0,56,G#3,127,0.1063143125000039,101.752462,101.8587763125
Acoustic Grand Piano,0,56,G#3,127,0.06765456249999602,102.06174,102.1293945625
Acoustic Grand Piano,0,56,G#3,127,0.06765456249999602,102.216379,102.2840335625
Acoustic Grand Piano,0,56,G#3,127,0.0708762083333454,102.37101799999999,102.44189420833334
Acoustic Grand Piano,0,56,G#3,127,0.05798962500000471,102.525657,102.583646625
Acoustic Grand Piano,0,56,G#3,127,0.06121127083333988,102.680296,102.74150727083334
Acoustic Grand Piano,0,56,G#3,127,0.06121127083332567,102.834935,102.89614627083333
Acoustic Grand Piano,0,56,G#3,127,0.048324687499999186,102.989574,103.0378986875
Acoustic Grand Piano,0,56,G#3,127,0.05798962500000471,103.144213,103.202202625
Acoustic Grand Piano,0,56,G#3,127,0.06121127083333988,103.298852,103.36006327083334
Acoustic Grand Piano,0,56,G#3,127,0.0579896249999905,103.60813,103.666119625
Acoustic Grand Piano,0,56,G#3,127,0.048324687499999186,103.762769,103.8110936875
Acoustic Grand Piano,0,56,G#3,127,0.06443291666667506,103.917408,103.98184091666667
Acoustic Grand Piano,0,56,G#3,127,0.08054114583333671,104.226686,104.30722714583334
Acoustic Grand Piano,0,56,G#3,127,0.06121127083333988,104.53596399999999,104.59717527083333
Acoustic Grand Piano,0,56,G#3,127,0.06121127083333988,104.690603,104.75181427083334
Acoustic Grand Piano,0,56,G#3,127,0.06765456249999602,104.845242,104.9128965625
Acoustic Grand Piano,0,56,G#3,127,0.0934277291666632,104.999881,105.09330872916667
Acoustic Grand Piano,0,56,G#3,127,0.054767979166669534,105.309159,105.36392697916666
Acoustic Grand Piano,0,56,G#3,127,0.054767979166669534,105.463798,105.51856597916667
Acoustic Grand Piano,0,56,G#3,127,0.06443291666666084,105.618437,105.68286991666666
Acoustic Grand Piano,0,56,G#3,127,0.09020608333332802,105.773076,105.86328208333333
Acoustic Grand Piano,0,56,G#3,127,0.06121127083333988,106.082354,106.14356527083334
Acoustic Grand Piano,0,56,G#3,127,0.06443291666666084,106.236993,106.30142591666666
Acoustic Grand Piano,0,56,G#3,127,0.06443291666666084,106.391632,106.45606491666666
Acoustic Grand Piano,0,56,G#3,127,0.09987102083333355,106.70091,106.80078102083333
Acoustic Grand Piano,0,56,G#3,127,0.04188139583332884,107.010188,107.05206939583333
Acoustic Grand Piano,0,56,G#3,127,0.06443291666666084,107.164827,107.22925991666666
Acoustic Grand Piano,0,56,G#3,127,0.06121127083332567,107.319466,107.38067727083333
Acoustic Grand Piano,0,56,G#3,127,0.09664937499999837,107.474105,107.57075437499999
Acoustic Grand Piano,0,56,G#3,127,0.05798962500000471,107.783383,107.841372625
Acoustic Grand Piano,0,56,G#3,127,0.06121127083332567,107.938022,107.99923327083333
Acoustic Grand Piano,0,56,G#3,127,0.07409785416666637,108.09266099999999,108.16675885416666
Acoustic Grand Piano,0,56,G#3,127,0.11275760416667424,108.2473,108.36005760416667
Acoustic Grand Piano,0,56,G#3,127,0.06443291666666084,108.556578,108.62101091666666
Acoustic Grand Piano,0,56,G#3,127,0.07409785416666637,108.711217,108.78531485416667
Acoustic Grand Piano,0,56,G#3,127,0.08376279166667189,108.865856,108.94961879166667
Acoustic Grand Piano,0,56,G#3,127,0.09020608333332802,109.175134,109.26534008333333
Acoustic Grand Piano,0,56,G#3,127,0.0579896249999905,109.484412,109.542401625
Acoustic Grand Piano,0,56,G#3,127,0.06121127083333988,109.639051,109.70026227083333
Acoustic Grand Piano,0,56,G#3,127,0.06443291666666084,109.79369,109.85812291666666
Acoustic Grand Piano,0,56,G#3,127,0.1063143125000039,109.948329,110.0546433125
Acoustic Grand Piano,0,56,G#3,127,0.04510304166667822,110.257607,110.30271004166667
Acoustic Grand Piano,0,56,G#3,127,0.054767979166669534,110.412246,110.46701397916667
Acoustic Grand Piano,0,56,G#3,127,0.07087620833333119,110.566885,110.63776120833333
Acoustic Grand Piano,0,56,G#3,127,0.07731950000000154,110.721524,110.7988435
Acoustic Grand Piano,0,56,G#3,127,0.04188139583334305,111.030802,111.07268339583334
Acoustic Grand Piano,0,56,G#3,127,0.06121127083333988,111.185441,111.24665227083334
Acoustic Grand Piano,0,56,G#3,127,0.01610822916667587,112.577192,112.59330022916667
Acoustic Grand Piano,0,56,G#3,127,0.048324687499999186,112.731831,112.7801556875
Acoustic Grand Piano,0,56,G#3,127,0.03543810416665849,112.88647,112.92190810416666
Acoustic Grand Piano,0,56,G#3,127,0.04510304166666401,113.041109,113.08621204166667
Acoustic Grand Piano,0,56,G#3,127,0.019329874999996832,113.505026,113.524355875
Acoustic Grand Piano,0,56,G#3,127,0.06121127083332567,113.659665,113.72087627083333
Acoustic Grand Piano,0,56,G#3,127,0.05154633333333436,114.123582,114.17512833333333
Acoustic Grand Piano,0,56,G#3,127,0.019329875000011043,114.587499,114.606828875
Acoustic Grand Piano,0,56,G#3,127,0.04510304166666401,114.742138,114.78724104166666
Acoustic Grand Piano,0,56,G#3,127,0.06121127083332567,114.896777,114.95798827083333
Acoustic Grand Piano,0,56,G#3,127,0.019329874999996832,115.360694,115.38002387499999
Acoustic Grand Piano,0,56,G#3,127,0.06443291666666084,115.515333,115.57976591666666
Acoustic Grand Piano,0,56,G#3,127,0.019329875000011043,115.97925,115.998579875
Acoustic Grand Piano,0,56,G#3,127,0.06443291666667506,116.133889,116.19832191666667
Acoustic Grand Piano,0,56,G#3,127,0.07409785416666637,116.597806,116.67190385416667
Acoustic Grand Piano,0,56,G#3,127,0.019329874999996832,117.061723,117.081052875
Acoustic Grand Piano,0,56,G#3,127,0.03543810416665849,117.216362,117.25180010416666
Acoustic Grand Piano,0,56,G#3,127,0.06765456250001023,117.37100099999999,117.4386555625
Acoustic Grand Piano,0,56,G#3,127,0.02577316666666718,117.834918,117.86069116666667
Acoustic Grand Piano,0,56,G#3,127,0.05154633333333436,117.989557,118.04110333333334
Acoustic Grand Piano,0,56,G#3,127,0.028994812500002354,118.453474,118.4824688125
Acoustic Grand Piano,0,56,G#3,127,0.06765456249999602,118.608113,118.6757675625
Acoustic Grand Piano,0,56,G#3,127,0.06121127083333988,119.07203,119.13324127083334
Acoustic Grand Piano,0,56,G#3,127,0.019329875000011043,119.535947,119.555276875
Acoustic Grand Piano,0,56,G#3,127,0.028994812500002354,119.690586,119.7195808125
Acoustic Grand Piano,0,56,G#3,127,0.06121127083333988,119.845225,119.90643627083334
Acoustic Grand Piano,0,56,G#3,127,0.03221645833333753,120.309142,120.34135845833333
Acoustic Grand Piano,0,56,G#3,127,0.054767979166669534,120.463781,120.51854897916667
Acoustic Grand Piano,0,56,G#3,127,0.022551520833346217,120.92769799999999,120.95024952083334
Acoustic Grand Piano,0,56,G#3,127,0.054767979166669534,121.082337,121.13710497916666
Acoustic Grand Piano,0,56,G#3,127,0.05476797916665532,121.546254,121.60102197916666
Acoustic Grand Piano,0,56,G#3,127,0.01610822916666166,122.010171,122.02627922916666
Acoustic Grand Piano,0,56,G#3,127,0.02577316666666718,122.16481,122.19058316666667
Acoustic Grand Piano,0,56,G#3,127,0.05476797916665532,122.319449,122.37421697916666
Acoustic Grand Piano,0,56,G#3,127,0.022551520833332006,122.783366,122.80591752083333
Acoustic Grand Piano,0,56,G#3,127,0.028994812499988143,122.938005,122.96699981249999
Acoustic Grand Piano,0,56,G#3,127,0.04510304166667822,123.09264399999999,123.13774704166667
Acoustic Grand Piano,0,56,G#3,127,0.019329874999996832,123.401922,123.421251875
Acoustic Grand Piano,0,56,G#3,127,0.05154633333333436,123.556561,123.60810733333334
Acoustic Grand Piano,0,56,G#3,127,0.05154633333333436,124.020478,124.07202433333333
Acoustic Grand Piano,0,56,G#3,127,0.019329875000011043,124.48439499999999,124.503724875
Acoustic Grand Piano,0,56,G#3,127,0.02577316666666718,124.639034,124.66480716666666
Acoustic Grand Piano,0,56,G#3,127,0.048324687499999186,124.793673,124.8419976875
Acoustic Grand Piano,0,56,G#3,127,0.028994812500002354,125.25759,125.2865848125
Acoustic Grand Piano,0,56,G#3,127,0.054767979166669534,125.412229,125.46699697916667
Acoustic Grand Piano,0,56,G#3,127,0.02577316666665297,125.876146,125.90191916666666
Acoustic Grand Piano,0,56,G#3,127,0.05798962500000471,126.030785,126.088774625
Acoustic Grand Piano,0,56,G#3,127,0.048324687499999186,126.494702,126.5430266875
Acoustic Grand Piano,0,56,G#3,127,0.019329874999996832,126.958619,126.977948875
Acoustic Grand Piano,0,56,G#3,127,0.02577316666666718,127.113258,127.13903116666667
Acoustic Grand Piano,0,56,G#3,127,0.07409785416666637,127.267897,127.34199485416667
Acoustic Grand Piano,0,56,G#3,127,0.019329874999996832,127.731814,127.751143875
Acoustic Grand Piano,0,56,G#3,127,0.06121127083332567,127.886453,127.94766427083333
Acoustic Grand Piano,0,56,G#3,127,0.028994812500002354,128.35037,128.3793648125
Acoustic Grand Piano,0,56,G#3,127,0.05798962500000471,128.505009,128.562998625
Acoustic Grand Piano,0,56,G#3,127,0.05154633333333436,128.968926,129.02047233333334
Acoustic Grand Piano,0,56,G#3,127,0.022551520833332006,129.432843,129.45539452083332
Acoustic Grand Piano,0,56,G#3,127,0.028994812500002354,129.587482,129.6164768125
Acoustic Grand Piano,0,56,G#3,127,0.038659749999993664,129.742121,129.78078075
Acoustic Grand Piano,0,56,G#3,127,0.022551520833332006,130.206038,130.22858952083334
Acoustic Grand Piano,0,56,G#3,127,0.057989624999976286,130.360677,130.418666625
Acoustic Grand Piano,0,56,G#3,127,0.019329875000011043,130.824594,130.843923875
Acoustic Grand Piano,0,56,G#3,127,0.0483246875000134,130.979233,131.0275576875
Acoustic Grand Piano,0,56,G#3,127,0.05798962500000471,131.44315,131.501139625
Acoustic Grand Piano,0,56,G#3,127,0.01932987499998262,131.907067,131.926396875
Acoustic Grand Piano,0,56,G#3,127,0.019329875000011043,132.061706,132.081035875
Acoustic Grand Piano,0,56,G#3,127,0.0483246875000134,132.216345,132.2646696875
Acoustic Grand Piano,0,56,G#3,127,0.012886583333340695,132.680262,132.69314858333334
Acoustic Grand Piano,0,56,G#3,127,0.06765456249999602,132.834901,132.9025555625
Acoustic Grand Piano,0,56,G#3,127,0.01932987499998262,133.298818,133.318147875
Acoustic Grand Piano,0,56,G#3,127,0.07409785416666637,133.453457,133.52755485416665
Acoustic Grand Piano,0,56,G#3,127,0.0708762083333454,133.917374,133.98825020833334
Acoustic Grand Piano,0,56,G#3,127,0.022551520833332006,134.381291,134.40384252083334
Acoustic Grand Piano,0,56,G#3,127,0.028994812500002354,134.53593,134.5649248125
Acoustic Grand Piano,0,56,G#3,127,0.06765456249999602,134.690569,134.7582235625
Acoustic Grand Piano,0,56,G#3,127,0.01610822916666166,135.154486,135.17059422916665
Acoustic Grand Piano,0,56,G#3,127,0.06121127083332567,135.309125,135.37033627083332
Acoustic Grand Piano,0,56,G#3,127,0.022551520833332006,135.773042,135.79559352083334
Acoustic Grand Piano,0,56,G#3,127,0.06121127083332567,135.927681,135.98889227083333
Acoustic Grand Piano,0,56,G#3,127,0.06121127083335409,136.391598,136.45280927083334
Acoustic Grand Piano,0,56,G#3,127,0.022551520833332006,136.855515,136.87806652083333
Acoustic Grand Piano,0,56,G#3,127,0.04188139583334305,137.010154,137.05203539583334
Acoustic Grand Piano,0,56,G#3,127,0.06121127083332567,137.164793,137.22600427083333
Acoustic Grand Piano,0,56,G#3,127,0.022551520833332006,137.62871,137.65126152083334
Acoustic Grand Piano,0,56,G#3,127,0.06443291666667506,137.783349,137.84778191666666
Acoustic Grand Piano,0,56,G#3,127,0.022551520833332006,138.247266,138.26981752083333
Acoustic Grand Piano,0,56,G#3,127,0.07409785416666637,138.401905,138.47600285416667
Acoustic Grand Piano,0,56,G#3,127,0.09020608333332802,138.865822,138.95602808333334
Acoustic Grand Piano,0,56,G#3,127,0.02577316666668139,139.329739,139.35551216666667
Acoustic Grand Piano,0,56,G#3,127,0.0354381041666727,139.484378,139.51981610416667
Acoustic Grand Piano,0,56,G#3,127,0.06765456249999602,139.639017,139.7066715625
Acoustic Grand Piano,0,56,G#3,127,0.022551520833332006,140.102934,140.12548552083334
Acoustic Grand Piano,0,56,G#3,127,0.08376279166665768,140.257573,140.34133579166667
Acoustic Grand Piano,0,56,G#3,127,0.02577316666668139,140.72149,140.74726316666667
Acoustic Grand Piano,0,56,G#3,127,0.07731950000001575,140.876129,140.9534485
Acoustic Grand Piano,0,56,G#3,127,0.07409785416666637,141.340046,141.41414385416667
Acoustic Grand Piano,0,56,G#3,127,0.022551520833332006,141.803963,141.82651452083334
Acoustic Grand Piano,0,56,G#3,127,0.028994812500002354,141.95860199999998,141.9875968125
Acoustic Grand Piano,0,56,G#3,127,0.0708762083333454,142.113241,142.18411720833333
Acoustic Grand Piano,0,56,G#3,127,0.028994812500002354,142.577158,142.6061528125
Acoustic Grand Piano,0,56,G#3,127,0.08054114583333671,142.731797,142.81233814583334
Acoustic Grand Piano,0,56,G#3,127,0.02577316666665297,143.195714,143.22148716666666
Acoustic Grand Piano,0,56,G#3,127,0.06765456249999602,143.350353,143.4180075625
Acoustic Grand Piano,0,56,G#3,127,0.05798962500000471,143.81427,143.872259625
Acoustic Grand Piano,0,56,G#3,127,0.02577316666665297,144.278187,144.30396016666666
Acoustic Grand Piano,0,56,G#3,127,0.048324687499984975,144.432826,144.4811506875
Acoustic Grand Piano,0,56,G#3,127,0.05154633333333436,144.587465,144.63901133333334
Acoustic Grand Piano,0,56,G#3,127,0.02577316666668139,145.051382,145.07715516666667
Acoustic Grand Piano,0,56,G#3,127,0.05798962500000471,145.206021,145.264010625
Acoustic Grand Piano,0,56,G#3,127,0.022551520833332006,145.669938,145.69248952083333
Acoustic Grand Piano,0,56,G#3,127,0.06121127083332567,145.824577,145.88578827083333
Acoustic Grand Piano,0,56,G#3,127,0.05798962500000471,146.288494,146.346483625
Acoustic Grand Piano,0,56,G#3,127,0.022551520833332006,146.752411,146.77496252083333
Acoustic Grand Piano,0,56,G#3,127,0.0354381041666727,146.90705,146.94248810416667
Acoustic Grand Piano,0,56,G#3,127,0.07087620833331698,147.061689,147.13256520833332
Acoustic Grand Piano,0,56,G#3,127,0.028994812500002354,147.525606,147.5546008125
Acoustic Grand Piano,0,56,G#3,127,0.0708762083333454,147.68024499999999,147.75112120833333
Acoustic Grand Piano,0,56,G#3,127,0.02577316666668139,148.144162,148.16993516666668
Acoustic Grand Piano,0,56,G#3,127,0.08698443750000706,148.298801,148.3857854375
Acoustic Grand Piano,0,56,G#3,127,0.09020608333332802,148.762718,148.85292408333333
Acoustic Grand Piano,0,56,G#3,127,0.028994812500002354,149.226635,149.2556298125
Acoustic Grand Piano,0,56,G#3,127,0.054767979166683745,149.381274,149.43604197916667
Acoustic Grand Piano,0,56,G#3,127,0.08054114583333671,149.535913,149.61645414583333
Acoustic Grand Piano,0,56,G#3,127,0.02577316666665297,149.99983,150.02560316666666
Acoustic Grand Piano,0,56,G#3,127,0.09342772916664899,150.154469,150.24789672916665
Acoustic Grand Piano,0,56,G#3,127,0.019329875000011043,150.618386,150.637715875
Acoustic Grand Piano,0,56,G#3,127,0.07409785416666637,150.773025,150.84712285416666
Acoustic Grand Piano,0,56,G#3,127,0.06443291666667506,151.236942,151.30137491666667
Acoustic Grand Piano,0,56,G#3,127,0.02577316666665297,151.700859,151.72663216666666
Acoustic Grand Piano,0,56,G#3,127,0.022551520833332006,151.855498,151.87804952083334
Acoustic Grand Piano,0,56,G#3,127,0.08054114583333671,152.010137,152.09067814583332
Acoustic Grand Piano,0,56,G#3,127,0.04188139583334305,152.474054,152.51593539583334
Acoustic Grand Piano,0,56,G#3,127,0.10631431249998968,152.628693,152.7350073125
Acoustic Grand Piano,0,56,G#3,127,0.03221645833332332,153.09261,153.12482645833333
Acoustic Grand Piano,0,56,G#3,127,0.12564418750000073,153.247249,153.3728931875
Acoustic Grand Piano,0,56,G#3,127,0.12564418750000073,153.711166,153.8368101875
Acoustic Grand Piano,0,56,G#3,127,0.02577316666665297,154.329722,154.35549516666666
Acoustic Grand Piano,0,56,G#3,127,0.12564418750000073,154.484361,154.6100051875
Acoustic Grand Piano,0,56,G#3,127,0.0483246875000134,154.948278,154.9966026875
Acoustic Grand Piano,0,56,G#3,127,0.18685545833335482,155.102917,155.28977245833335
Acoustic Grand Piano,0,56,G#3,127,0.048324687499984975,155.566834,155.61515868749999
Acoustic Grand Piano,0,56,G#3,127,0.10309266666666872,155.721473,155.82456566666667
Acoustic Grand Piano,0,56,G#3,127,0.10953595833331065,156.18539,156.29492595833332
Acoustic Grand Piano,0,56,G#3,127,0.04188139583334305,156.649307,156.69118839583334
Acoustic Grand Piano,0,56,G#3,127,0.04510304166666401,156.803946,156.84904904166666
Acoustic Grand Piano,0,56,G#3,127,0.08054114583333671,156.958585,157.03912614583334
Acoustic Grand Piano,0,56,G#3,127,0.04188139583331463,157.422502,157.46438339583332
Acoustic Grand Piano,0,56,G#3,127,0.09020608333332802,157.577141,157.66734708333334
Acoustic Grand Piano,0,56,G#3,127,0.028994812500002354,158.041058,158.0700528125
Acoustic Grand Piano,0,56,G#3,127,0.09342772916667741,158.195697,158.28912472916667
Acoustic Grand Piano,0,56,G#3,127,0.09020608333332802,158.659614,158.74982008333333
Acoustic Grand Piano,0,56,G#3,127,0.04188139583334305,159.12353099999999,159.16541239583333
Acoustic Grand Piano,0,56,G#3,127,0.04510304166666401,159.27817,159.32327304166665
Acoustic Grand Piano,0,56,G#3,127,0.0708762083333454,159.432809,159.50368520833334
Acoustic Grand Piano,0,56,G#3,127,0.028994812500002354,159.896726,159.9257208125
Acoustic Grand Piano,0,56,G#3,127,0.08376279166665768,160.051365,160.13512779166666
Acoustic Grand Piano,0,56,G#3,127,0.028994812500002354,160.51528199999998,160.5442768125
Acoustic Grand Piano,0,56,G#3,127,0.0708762083333454,160.669921,160.74079720833333
Acoustic Grand Piano,0,56,G#3,127,0.07409785416666637,161.133838,161.20793585416666
Acoustic Grand Piano,0,56,G#3,127,0.04188139583331463,161.597755,161.63963639583332
Acoustic Grand Piano,0,56,G#3,127,0.048324687499984975,161.752394,161.8007186875
Acoustic Grand Piano,0,56,G#3,127,0.08054114583330829,161.907033,161.98757414583332
Acoustic Grand Piano,0,56,G#3,127,0.02577316666668139,162.37095,162.39672316666667
Acoustic Grand Piano,0,56,G#3,127,0.09020608333332802,162.525589,162.61579508333332
Acoustic Grand Piano,0,56,G#3,127,0.02577316666665297,162.989506,163.01527916666666
Acoustic Grand Piano,0,56,G#3,127,0.08376279166665768,163.144145,163.22790779166667
Acoustic Grand Piano,0,56,G#3,127,0.08054114583333671,163.608062,163.68860314583333
Acoustic Grand Piano,0,56,G#3,127,0.03221645833332332,164.071979,164.10419545833332
Acoustic Grand Piano,0,56,G#3,127,0.05476797916665532,164.226618,164.28138597916666
Acoustic Grand Piano,0,56,G#3,127,0.08054114583333671,164.381257,164.46179814583334
Acoustic Grand Piano,0,56,G#3,127,0.022551520833332006,164.845174,164.86772552083332
Acoustic Grand Piano,0,56,G#3,127,0.09342772916667741,164.999813,165.09324072916667
Acoustic Grand Piano,0,56,G#3,127,0.04188139583334305,165.46373,165.50561139583334
Acoustic Grand Piano,0,56,G#3,127,0.08054114583333671,165.618369,165.69891014583334
Acoustic Grand Piano,0,56,G#3,127,0.07087620833331698,166.082286,166.15316220833333
Acoustic Grand Piano,0,56,G#3,127,0.028994812500002354,166.546203,166.5751978125
Acoustic Grand Piano,0,56,G#3,127,0.0354381041666727,166.700842,166.73628010416667
Acoustic Grand Piano,0,56,G#3,127,0.06765456249999602,166.855481,166.9231355625
Acoustic Grand Piano,0,56,G#3,127,0.01610822916666166,167.319398,167.33550622916667
Acoustic Grand Piano,0,56,G#3,127,0.06765456249999602,167.474037,167.5416915625
Acoustic Grand Piano,0,56,G#3,127,0.02577316666668139,167.937954,167.96372716666667
Acoustic Grand Piano,0,56,G#3,127,0.07731950000001575,168.092593,168.1699125
Acoustic Grand Piano,0,56,G#3,127,0.07409785416666637,168.55651,168.63060785416667
Acoustic Grand Piano,0,56,G#3,127,0.04510304166666401,169.020427,169.06553004166668
Acoustic Grand Piano,0,56,G#3,127,0.04188139583334305,169.175066,169.21694739583333
Acoustic Grand Piano,0,56,G#3,127,0.07731950000001575,169.329705,169.4070245
Acoustic Grand Piano,0,56,G#3,127,0.03221645833332332,169.793622,169.82583845833332
Acoustic Grand Piano,0,56,G#3,127,0.08054114583333671,169.948261,170.02880214583334
Acoustic Grand Piano,0,56,G#3,127,0.04188139583331463,170.412178,170.45405939583333
Acoustic Grand Piano,0,56,G#3,127,0.07409785416666637,170.566817,170.64091485416665
Acoustic Grand Piano,0,56,G#3,127,0.10309266666666872,171.030734,171.13382666666666
Acoustic Grand Piano,0,56,G#3,127,0.048324687499984975,171.494651,171.5429756875
Acoustic Grand Piano,0,56,G#3,127,0.06443291666664663,171.64929,171.71372291666665
Acoustic Grand Piano,0,56,G#3,127,0.08376279166665768,171.803929,171.88769179166667
Acoustic Grand Piano,0,56,G#3,127,0.054767979166683745,172.267846,172.32261397916668
Acoustic Grand Piano,0,56,G#3,127,0.10309266666666872,172.422485,172.52557766666666
Acoustic Grand Piano,0,56,G#3,127,0.05476797916665532,172.886402,172.94116997916666
Acoustic Grand Piano,0,56,G#3,127,0.09664937499999837,173.041041,173.137690375
Acoustic Grand Piano,0,56,G#3,127,0.09664937499999837,173.504958,173.601607375
Acoustic Grand Piano,0,56,G#3,127,0.028994812500002354,173.968875,173.9978698125
Acoustic Grand Piano,0,56,G#3,127,0.05154633333333436,174.123514,174.17506033333333
Acoustic Grand Piano,0,56,G#3,127,0.09342772916664899,174.278153,174.37158072916665
Acoustic Grand Piano,0,56,G#3,127,0.05476797916665532,174.74207,174.79683797916667
Acoustic Grand Piano,0,56,G#3,127,0.09664937499999837,174.896709,174.99335837499999
Acoustic Grand Piano,0,56,G#3,127,0.05154633333333436,175.360626,175.41217233333333
Acoustic Grand Piano,0,56,G#3,127,0.09342772916667741,175.515265,175.60869272916668
Acoustic Grand Piano,0,56,G#3,127,0.07087620833331698,175.979182,176.05005820833333
Acoustic Grand Piano,0,56,G#3,127,0.028994812500002354,176.443099,176.4720938125
Acoustic Grand Piano,0,56,G#3,127,0.04510304166666401,176.597738,176.64284104166666
Acoustic Grand Piano,0,56,G#3,127,0.09664937499999837,176.752377,176.849026375
Acoustic Grand Piano,0,56,G#3,127,0.04188139583331463,177.216294,177.25817539583332
Acoustic Grand Piano,0,56,G#3,127,0.09987102083331933,177.370933,177.47080402083333
Acoustic Grand Piano,0,56,G#3,127,0.0354381041666727,177.83485,177.87028810416666
Acoustic Grand Piano,0,56,G#3,127,0.10953595833333907,177.989489,178.09902495833333
Acoustic Grand Piano,0,56,G#3,127,0.09342772916667741,178.453406,178.54683372916668
Acoustic Grand Piano,0,56,G#3,127,0.048324687499984975,178.917323,178.9656476875
Acoustic Grand Piano,0,56,G#3,127,0.05154633333333436,179.07196199999998,179.12350833333332
Acoustic Grand Piano,0,56,G#3,127,0.09664937499999837,179.226601,179.323250375
Acoustic Grand Piano,0,56,G#3,127,0.04510304166666401,179.690518,179.73562104166666
Acoustic Grand Piano,0,56,G#3,127,0.10953595833333907,179.845157,179.95469295833334
Acoustic Grand Piano,0,56,G#3,127,0.038659749999993664,180.309074,180.34773375
Acoustic Grand Piano,0,56,G#3,127,0.08698443750000706,180.46371299999998,180.5506974375
Acoustic Grand Piano,0,56,G#3,127,0.10309266666666872,180.92763,181.03072266666666
Acoustic Grand Piano,0,56,G#3,127,0.02577316666665297,181.391547,181.41732016666666
Acoustic Grand Piano,0,56,G#3,127,0.04510304166666401,181.546186,181.59128904166667
Acoustic Grand Piano,0,56,G#3,127,0.10631431249998968,181.700825,181.8071393125
Acoustic Grand Piano,0,56,G#3,127,0.02577316666668139,182.164742,182.19051516666667
Acoustic Grand Piano,0,56,G#3,127,0.10953595833333907,182.319381,182.42891695833333
Acoustic Grand Piano,0,56,G#3,127,0.03221645833332332,182.783298,182.81551445833333
Acoustic Grand Piano,0,56,G#3,127,0.10309266666666872,182.937937,183.04102966666667
Acoustic Grand Piano,0,56,G#3,127,0.09342772916667741,183.401854,183.49528172916666
Acoustic Grand Piano,0,56,G#3,127,0.028994812500002354,183.865771,183.8947658125
Acoustic Grand Piano,0,56,G#3,127,0.0483246875000134,184.02041,184.0687346875
Acoustic Grand Piano,0,56,G#3,127,0.11275760416666003,184.175049,184.28780660416666
Acoustic Grand Piano,0,56,G#3,127,0.022551520833332006,184.638966,184.66151752083334
Acoustic Grand Piano,0,56,G#3,127,0.12564418750000073,184.79360499999999,184.9192491875
Acoustic Grand Piano,0,56,G#3,127,0.02577316666668139,185.257522,185.28329516666668
Acoustic Grand Piano,0,56,G#3,127,0.11275760416666003,185.412161,185.52491860416666
Acoustic Grand Piano,0,56,G#3,127,0.09987102083331933,185.876078,185.97594902083333
Acoustic Grand Piano,0,56,G#3,127,0.02577316666668139,186.339995,186.36576816666667
Acoustic Grand Piano,0,56,G#3,127,0.054767979166683745,186.494634,186.54940197916667
Acoustic Grand Piano,0,56,G#3,127,0.12242254166667976,186.649273,186.77169554166667
Acoustic Grand Piano,0,56,G#3,127,0.03221645833332332,187.11319,187.14540645833333
Acoustic Grand Piano,0,56,G#3,127,0.10953595833333907,187.267829,187.37736495833335
Acoustic Grand Piano,0,56,G#3,127,0.02577316666668139,187.731746,187.75751916666667
Acoustic Grand Piano,0,56,G#3,127,0.1063143125000181,187.886385,187.9926993125
Acoustic Grand Piano,0,56,G#3,127,0.09664937499999837,188.350302,188.446951375
Acoustic Grand Piano,0,56,G#3,127,0.03221645833332332,188.814219,188.84643545833333
Acoustic Grand Piano,0,56,G#3,127,0.038659749999993664,188.968858,189.00751775
Acoustic Grand Piano,0,56,G#3,127,0.09020608333335645,189.123497,189.21370308333334
Acoustic Grand Piano,0,56,G#3,127,0.028994812500002354,189.587414,189.6164088125
Acoustic Grand Piano,0,56,G#3,127,0.09987102083331933,189.742053,189.84192402083332
Acoustic Grand Piano,0,56,G#3,127,0.022551520833332006,190.20597,190.22852152083334
Acoustic Grand Piano,0,56,G#3,127,0.10631431249998968,190.360609,190.4669233125
Acoustic Grand Piano,0,56,G#3,127,0.0837627916666861,190.824526,190.90828879166668
Acoustic Grand Piano,0,56,G#3,127,0.022551520833332006,191.288443,191.31099452083333
Acoustic Grand Piano,0,56,G#3,127,0.04510304166666401,191.443082,191.48818504166667
Acoustic Grand Piano,0,56,G#3,127,0.09020608333332802,191.597721,191.68792708333334
Acoustic Grand Piano,0,56,G#3,127,0.02577316666668139,192.061638,192.08741116666667
Acoustic Grand Piano,0,56,G#3,127,0.10309266666666872,192.216277,192.31936966666666
Acoustic Grand Piano,0,56,G#3,127,0.03221645833332332,192.680194,192.71241045833332
Acoustic Grand Piano,0,56,G#3,127,0.09020608333332802,192.834833,192.92503908333333
Acoustic Grand Piano,0,56,G#3,127,0.08054114583330829,193.29875,193.37929114583332
Acoustic Grand Piano,0,56,G#3,127,0.028994812500002354,193.762667,193.7916618125
Acoustic Grand Piano,0,56,G#3,127,0.038659749999993664,193.917306,193.95596575
Acoustic Grand Piano,0,56,G#3,127,0.09342772916667741,194.071945,194.16537272916668
Acoustic Grand Piano,0,56,G#3,127,0.04188139583331463,194.535862,194.57774339583332
Acoustic Grand Piano,0,56,G#3,127,0.09020608333332802,194.690501,194.78070708333334
Acoustic Grand Piano,0,56,G#3,127,0.022551520833332006,195.154418,195.17696952083332
Acoustic Grand Piano,0,56,G#3,127,0.07731950000001575,195.309057,195.3863765
Acoustic Grand Piano,0,56,G#3,127,0.07731949999998733,195.772974,195.8502935
Acoustic Grand Piano,0,56,G#3,127,0.02577316666668139,196.23689099999999,196.26266416666667
Acoustic Grand Piano,0,56,G#3,127,0.05154633333333436,196.39153,196.44307633333332
Acoustic Grand Piano,0,56,G#3,127,0.05798962500000471,196.546169,196.604158625
Acoustic Grand Piano,0,56,G#3,127,0.04510304166666401,197.010086,197.05518904166667
Acoustic Grand Piano,0,56,G#3,127,0.08054114583333671,197.164725,197.24526614583334
Acoustic Grand Piano,0,56,G#3,127,0.0354381041666727,197.62864199999999,197.66408010416666
Acoustic Grand Piano,0,56,G#3,127,0.08698443750000706,197.783281,197.8702654375
Acoustic Grand Piano,0,56,G#3,127,0.08376279166665768,198.247198,198.33096079166666
Acoustic Grand Piano,0,56,G#3,127,0.02577316666665297,198.711115,198.73688816666666
Acoustic Grand Piano,0,56,G#3,127,0.05154633333333436,198.865754,198.91730033333334
Acoustic Grand Piano,0,56,G#3,127,0.09342772916667741,199.02039299999998,199.11382072916666
Acoustic Grand Piano,0,56,G#3,127,0.022551520833332006,199.48431,199.50686152083333
Acoustic Grand Piano,0,56,G#3,127,0.09342772916667741,199.638949,199.73237672916667
Acoustic Grand Piano,0,56,G#3,127,0.04188139583331463,200.102866,200.14474739583332
Acoustic Grand Piano,0,56,G#3,127,0.08054114583333671,200.257505,200.33804614583335
Acoustic Grand Piano,0,56,G#3,127,0.07409785416666637,200.721422,200.79551985416666
Acoustic Grand Piano,0,56,G#3,127,0.04510304166666401,201.185339,201.23044204166666
Acoustic Grand Piano,0,56,G#3,127,0.04188139583334305,201.339978,201.38185939583335
Acoustic Grand Piano,0,56,G#3,127,0.06121127083332567,201.494617,201.55582827083333
Acoustic Grand Piano,0,56,G#3,127,0.0354381041666727,213.40182,213.43725810416666
Acoustic Grand Piano,0,56,G#3,127,0.054767979166683745,213.556459,213.61122697916667
Acoustic Grand Piano,0,56,G#3,127,0.05154633333333436,213.711098,213.76264433333333
Acoustic Grand Piano,0,56,G#3,127,0.09664937499999837,213.865737,213.962386375
Acoustic Grand Piano,0,56,G#3,127,0.0354381041666727,214.175015,214.21045310416667
Acoustic Grand Piano,0,56,G#3,127,0.05798962500000471,214.329654,214.387643625
Acoustic Grand Piano,0,56,G#3,127,0.057989624999976286,214.484293,214.54228262499998
Acoustic Grand Piano,0,56,G#3,127,0.08698443749997864,214.638932,214.7259164375
Acoustic Grand Piano,0,56,G#3,127,0.03221645833335174,215.102849,215.13506545833334
Acoustic Grand Piano,0,56,G#3,127,0.06765456249999602,215.257488,215.3251425625
Acoustic Grand Piano,0,56,G#3,127,0.09342772916667741,215.566766,215.66019372916668
Acoustic Grand Piano,0,56,G#3,127,0.028994812500002354,216.18532199999999,216.2143168125
Acoustic Grand Piano,0,56,G#3,127,0.1063143125000181,216.339961,216.4462753125
Acoustic Grand Piano,0,56,G#3,127,0.038659749999993664,216.803878,216.84253775
Acoustic Grand Piano,0,56,G#3,127,0.1288658333333217,216.958517,217.08738283333332
Acoustic Grand Piano,0,56,G#3,127,0.04188139583331463,217.422434,217.46431539583332
Acoustic Grand Piano,0,56,G#3,127,0.11275760416668845,217.57707299999998,217.68983060416667
Acoustic Grand Piano,0,56,G#3,127,0.13530912499999204,218.04099,218.17629912499999
Acoustic Grand Piano,0,56,G#3,127,0.03221645833332332,218.504907,218.53712345833333
Acoustic Grand Piano,0,56,G#3,127,0.04510304166666401,218.659546,218.70464904166667
Acoustic Grand Piano,0,56,G#3,127,0.11275760416666003,218.814185,218.92694260416667
Acoustic Grand Piano,0,56,G#3,127,0.038659750000022086,219.278102,219.31676175
Acoustic Grand Piano,0,56,G#3,127,0.11920089583333038,219.432741,219.55194189583332
Acoustic Grand Piano,0,56,G#3,127,0.028994812500002354,219.896658,219.9256528125
Acoustic Grand Piano,0,56,G#3,127,0.10631431249998968,220.051297,220.1576113125
Acoustic Grand Piano,0,56,G#3,127,0.1288658333333501,220.515214,220.64407983333334
Acoustic Grand Piano,0,56,G#3,127,0.02577316666668139,220.979131,221.00490416666668
Acoustic Grand Piano,0,56,G#3,127,0.038659749999993664,221.13377,221.17242975
Acoustic Grand Piano,0,56,G#3,127,0.10631431249998968,221.288409,221.3947233125
Acoustic Grand Piano,0,56,G#3,127,0.04188139583331463,221.752326,221.79420739583333
Acoustic Grand Piano,0,56,G#3,127,0.09342772916667741,221.90696499999999,222.00039272916666
Acoustic Grand Piano,0,56,G#3,127,0.04188139583334305,222.370882,222.41276339583334
Acoustic Grand Piano,0,56,G#3,127,0.06121127083332567,222.525521,222.58673227083332
Acoustic Grand Piano,0,56,G#3,127,0.05476797916665532,232.577056,232.63182397916665
Acoustic Grand Piano,0,56,G#3,127,0.11920089583333038,232.886334,233.00553489583334
Acoustic Grand Piano,0,56,G#3,127,0.0483246875000134,233.350251,233.3985756875
Acoustic Grand Piano,0,56,G#3,127,0.0483246875000134,233.50489,233.5532146875
Acoustic Grand Piano,0,56,G#3,127,0.11275760416666003,233.659529,233.77228660416665
Acoustic Grand Piano,0,56,G#3,127,0.0354381041666727,234.123446,234.15888410416667
Acoustic Grand Piano,0,56,G#3,127,0.1288658333333217,234.278085,234.40695083333333
Acoustic Grand Piano,0,56,G#3,127,0.04188139583334305,234.74200199999999,234.78388339583333
Acoustic Grand Piano,0,56,G#3,127,0.11597925000000942,234.896641,235.01262025
Acoustic Grand Piano,0,56,G#3,127,0.1868554583333264,235.360558,235.54741345833332
Acoustic Grand Piano,0,56,G#3,127,0.05476797916665532,235.979114,236.03388197916667
Acoustic Grand Piano,0,56,G#3,127,0.11275760416668845,236.13375299999998,236.24651060416667
Acoustic Grand Piano,0,56,G#3,127,0.05798962500000471,236.59767,236.655659625
Acoustic Grand Piano,0,56,G#3,127,0.10631431249998968,236.752309,236.8586233125
Acoustic Grand Piano,0,56,G#3,127,0.05154633333333436,237.216226,237.26777233333334
Acoustic Grand Piano,0,56,G#3,127,0.09664937499999837,237.370865,237.467514375
Acoustic Grand Piano,0,56,G#3,127,0.17396887500001412,237.834782,238.008750875
Acoustic Grand Piano,0,56,G#3,127,0.04510304166666401,238.14406,238.18916304166666
Acoustic Grand Piano,0,56,G#3,127,0.05154633333333436,238.298699,238.35024533333333
Acoustic Grand Piano,0,56,G#3,127,0.05476797916665532,238.453338,238.50810597916666
Acoustic Grand Piano,0,56,G#3,127,0.10953595833333907,238.607977,238.71751295833334
Acoustic Grand Piano,0,56,G#3,127,0.028994812500002354,239.071894,239.1008888125
Acoustic Grand Piano,0,56,G#3,127,0.08698443750000706,239.226533,239.3135174375
Acoustic Grand Piano,0,56,G#3,127,0.04510304166666401,239.69045,239.73555304166666
Acoustic Grand Piano,0,56,G#3,127,0.08698443750000706,239.845089,239.9320734375
Acoustic Grand Piano,0,56,G#3,127,0.09342772916664899,240.309006,240.40243372916666
Acoustic Grand Piano,0,56,G#3,127,0.04188139583334305,240.927562,240.96944339583334
Acoustic Grand Piano,0,56,G#3,127,0.08376279166665768,241.082201,241.16596379166666
Acoustic Grand Piano,0,56,G#3,127,0.028994812499973932,241.700757,241.72975181249998
Acoustic Grand Piano,0,56,G#3,127,0.08054114583333671,241.85539599999998,241.93593714583332
Acoustic Grand Piano,0,56,G#3,127,0.0483246875000134,242.164674,242.2129986875
Acoustic Grand Piano,0,56,G#3,127,0.04510304166666401,242.319313,242.36441604166666
Acoustic Grand Piano,0,56,G#3,127,0.08698443750000706,244.020342,244.1073264375
Acoustic Grand Piano,0,56,G#3,127,0.048324687499984975,244.484259,244.5325836875
Acoustic Grand Piano,0,56,G#3,127,0.048324687499984975,244.638898,244.6872226875
Acoustic Grand Piano,0,56,G#3,127,0.12564418750000073,244.793537,244.9191811875
Acoustic Grand Piano,0,56,G#3,127,0.04510304166666401,245.257454,245.30255704166666
Acoustic Grand Piano,0,56,G#3,127,0.0708762083333454,245.412093,245.48296920833334
Acoustic Grand Piano,0,56,G#3,127,0.01932987499998262,245.87601,245.895339875
Acoustic Grand Piano,0,56,G#3,127,0.05476797916665532,246.030649,246.08541697916667
Acoustic Grand Piano,0,56,G#3,127,0.0708762083333454,246.18528799999999,246.25616420833333
Acoustic Grand Piano,0,56,G#3,127,0.10309266666666872,246.494566,246.59765866666666
Acoustic Grand Piano,0,56,G#3,127,0.038659749999993664,246.958483,246.99714275
Acoustic Grand Piano,0,56,G#3,127,0.06121127083332567,247.113122,247.17433327083333
Acoustic Grand Piano,0,56,G#3,127,0.07409785416666637,247.267761,247.34185885416667
Acoustic Grand Piano,0,56,G#3,127,0.022551520833360428,247.57703899999998,247.59959052083335
Acoustic Grand Piano,0,56,G#3,127,0.0483246875000134,247.731678,247.7800026875
Acoustic Grand Piano,0,56,G#3,127,0.0483246875000134,247.886317,247.9346416875
Acoustic Grand Piano,0,56,G#3,127,0.08054114583333671,248.040956,248.12149714583333
Acoustic Grand Piano,0,56,G#3,127,0.05476797916665532,248.350234,248.40500197916666
Acoustic Grand Piano,0,56,G#3,127,0.06121127083332567,248.504873,248.56608427083333
Acoustic Grand Piano,0,56,G#3,127,0.09020608333335645,248.96878999999998,249.05899608333334
Acoustic Grand Piano,0,56,G#3,127,0.0354381041666727,249.278068,249.31350610416666
Acoustic Grand Piano,0,56,G#3,127,0.04188139583334305,249.432707,249.47458839583334
Acoustic Grand Piano,0,56,G#3,127,0.05154633333333436,249.587346,249.63889233333333
Acoustic Grand Piano,0,56,G#3,127,0.08054114583333671,249.741985,249.82252614583334
Acoustic Grand Piano,0,56,G#3,127,0.03221645833332332,250.205902,250.23811845833333
Acoustic Grand Piano,0,56,G#3,127,0.1030926666666403,250.360541,250.46363366666665
Acoustic Grand Piano,0,56,G#3,127,0.0483246875000134,250.824458,250.8727826875
Acoustic Grand Piano,0,56,G#3,127,0.08376279166665768,250.979097,251.06285979166665
Acoustic Grand Piano,0,56,G#3,127,0.09664937499999837,251.443014,251.539663375
Acoustic Grand Piano,0,56,G#3,127,0.04188139583334305,252.06157,252.10345139583333
Acoustic Grand Piano,0,56,G#3,127,0.14819570833333273,252.216209,252.36440470833332
Acoustic Grand Piano,0,56,G#3,127,0.06443291666667506,252.680126,252.74455891666668
Acoustic Grand Piano,0,56,G#3,127,0.07731949999998733,252.834765,252.9120845
Acoustic Grand Piano,0,56,G#3,127,0.04188139583334305,253.29868199999999,253.34056339583333
Acoustic Grand Piano,0,56,G#3,127,0.08698443750000706,253.453321,253.5403054375
Acoustic Grand Piano,0,56,G#3,127,0.10309266666666872,253.917238,254.02033066666667
Acoustic Grand Piano,0,56,G#3,127,0.01932987499998262,254.226516,254.245845875
Acoustic Grand Piano,0,56,G#3,127,0.048324687499984975,254.381155,254.4294796875
Acoustic Grand Piano,0,56,G#3,127,0.057989624999976286,254.535794,254.593783625
Acoustic Grand Piano,0,56,G#3,127,0.1063143125000181,254.69043299999998,254.7967473125
Acoustic Grand Piano,0,56,G#3,127,0.0483246875000134,255.15435,255.2026746875
Acoustic Grand Piano,0,56,G#3,127,0.11597925000000942,255.308989,255.42496825
Acoustic Grand Piano,0,56,G#3,127,0.04510304166666401,255.772906,255.81800904166667
Acoustic Grand Piano,0,56,G#3,127,0.09664937499996995,255.927545,256.024194375
Acoustic Grand Piano,0,56,G#3,127,0.10309266666666872,256.391462,256.49455466666666
Acoustic Grand Piano,0,56,G#3,127,0.03543810416670112,256.85537899999997,256.8908171041667
Acoustic Grand Piano,0,56,G#3,127,0.054767979166683745,257.010018,257.0647859791667
Acoustic Grand Piano,0,56,G#3,127,0.12564418750002915,257.164657,257.2903011875
Acoustic Grand Piano,0,56,G#3,127,0.028994812500002354,257.628574,257.6575688125
Acoustic Grand Piano,0,56,G#3,127,0.11597925000000942,257.783213,257.89919225
Acoustic Grand Piano,0,56,G#3,127,0.028994812500002354,258.24712999999997,258.2761248125
Acoustic Grand Piano,0,56,G#3,127,0.09020608333332802,258.401769,258.49197508333333
Acoustic Grand Piano,0,56,G#3,127,0.09020608333332802,258.865686,258.9558920833333
Acoustic Grand Piano,0,56,G#3,127,0.048324687499984975,259.329603,259.3779276875
Acoustic Grand Piano,0,56,G#3,127,0.054767979166683745,259.484242,259.5390099791667
Acoustic Grand Piano,0,56,G#3,127,0.09987102083334776,259.63888099999997,259.7387520208333
Acoustic Grand Piano,0,56,G#3,127,0.028994812500002354,260.102798,260.1317928125
Acoustic Grand Piano,0,56,G#3,127,0.09342772916670583,260.257437,260.3508647291667
Acoustic Grand Piano,0,56,G#3,127,0.025773166666624547,260.721354,260.74712716666664
Acoustic Grand Piano,0,56,G#3,127,0.08698443750000706,260.875993,260.9629774375
Acoustic Grand Piano,0,56,G#3,127,0.0708762083333454,261.33991,261.4107862083333
Acoustic Grand Piano,0,56,G#3,127,0.028994812500002354,261.649188,261.6781828125
Acoustic Grand Piano,0,56,G#3,127,0.0547679791666269,261.803827,261.85859497916664
Acoustic Grand Piano,0,56,G#3,127,0.054767979166683745,261.958466,262.01323397916667
Acoustic Grand Piano,0,56,G#3,127,0.07409785416666637,262.113105,262.1872028541667
Acoustic Grand Piano,0,56,G#3,127,0.028994812500002354,262.577022,262.6060168125
Acoustic Grand Piano,0,56,G#3,127,0.054767979166683745,262.731661,262.78642897916666
Acoustic Grand Piano,0,56,G#3,127,0.04510304166666401,263.195578,263.2406810416667
Acoustic Grand Piano,0,56,G#3,127,0.02577316666668139,263.350217,263.37599016666667
Acoustic Grand Piano,0,57,A3,127,0.09342772916666675,19.793792,19.887219729166667
Acoustic Grand Piano,0,62,D4,127,0.08376279166666833,20.289925458333332,20.37368825
Acoustic Grand Piano,0,57,A3,127,0.11275760416666003,40.824696,40.93745360416666
Acoustic Grand Piano,0,57,A3,127,0.1739688749999999,47.49028122916667,47.66425010416667
Acoustic Grand Piano,0,57,A3,123,0.038659749999993664,58.28601641666667,58.32467616666666
Acoustic Grand Piano,0,57,A3,127,0.11597925000000942,68.12170114583333,68.23768039583334
Acoustic Grand Piano,0,57,A3,127,0.12242254166666555,74.68741535416666,74.80983789583333
Acoustic Grand Piano,0,57,A3,127,0.23840179166666076,100.206072,100.44447379166667
Acoustic Grand Piano,0,63,D#4,127,0.003221645833335174,111.34008,111.34330164583334
Acoustic Grand Piano,0,63,D#4,127,0.07731950000000154,111.49149735416667,111.56881685416667
Acoustic Grand Piano,0,63,D#4,127,0.08698443750000706,111.803997,111.8909814375
Acoustic Grand Piano,0,59,B3,127,0.022551520833332006,112.62873833333333,112.65128985416666
Acoustic Grand Piano,0,57,A3,127,0.08698443750000706,112.62873833333333,112.71572277083334
Acoustic Grand Piano,0,57,A3,127,0.05798962500000471,158.195697,158.253686625
Acoustic Grand Piano,0,57,A3,127,0.05476797916665532,161.752394,161.80716197916666
Acoustic Grand Piano,0,57,A3,127,0.054767979166683745,171.28524402083332,171.340012
Acoustic Grand Piano,0,57,A3,127,0.003221645833320963,181.855464,181.85868564583333
Acoustic Grand Piano,0,57,A3,127,0.07731950000001575,186.47208247916666,186.54940197916667
Acoustic Grand Piano,0,57,A3,127,0.07409785416666637,188.99785281249999,189.07195066666665
Acoustic Grand Piano,0,57,A3,127,0.07731950000001575,191.7426950625,191.8200145625
Acoustic Grand Piano,0,59,B3,127,0.0032216458333493847,196.39153,196.39475164583334
Acoustic Grand Piano,0,57,A3,127,0.0837627916666861,196.39153,196.47529279166667
Acoustic Grand Piano,0,57,A3,127,0.09664937499999837,198.865754,198.962403375
Acoustic Grand Piano,0,57,A3,127,0.12564418750000073,202.886368,203.0120121875
Acoustic Grand Piano,0,57,A3,127,0.12242254166667976,207.834816,207.95723854166667
Acoustic Grand Piano,0,59,B3,127,0.04510304166666401,212.841253625,212.88635666666667
Acoustic Grand Piano,0,57,A3,127,0.09020608333332802,222.68016,222.77036608333333
Acoustic Grand Piano,0,57,A3,127,0.1063143125000181,227.62860799999999,227.7349223125
Acoustic Grand Piano,0,57,A3,127,0.07409785416666637,242.9668638125,243.04096166666668
Acoustic Grand Piano,0,57,A3,127,0.07409785416666637,248.350234,248.42433185416667
Acoustic Grand Piano,0,57,A3,127,0.08054114583333671,250.824458,250.90499914583333
Acoustic Grand Piano,0,57,A3,127,0.06765456250002444,258.27290316666665,258.3405577291667
Acoustic Grand Piano,0,57,A3,127,0.0708762083333454,260.75357045833334,260.8244466666667
Acoustic Grand Piano,0,61,C#4,127,0.09664937500000192,21.936186479166665,22.032835854166667
Acoustic Grand Piano,0,60,C4,127,0.10309266666666872,22.577294,22.680386666666667
Acoustic Grand Piano,0,61,C#4,127,0.08376279166666478,23.179741770833335,23.2635045625
Acoustic Grand Piano,0,60,C4,127,0.08698443749999996,23.778967895833333,23.865952333333333
Acoustic Grand Piano,0,61,C#4,127,0.08376279166666833,24.420075416666666,24.503838208333335
Acoustic Grand Piano,0,60,C4,127,0.09664937500000192,24.896879,24.993528375
Acoustic Grand Piano,0,60,C4,127,0.08698443749999996,25.341466125,25.4284505625
Acoustic Grand Piano,0,60,C4,127,0.08376279166666478,25.802161479166667,25.885924270833332
Acoustic Grand Piano,0,61,C#4,127,0.07409785416666637,25.9696870625,26.043784916666667
Acoustic Grand Piano,0,61,C#4,127,0.08054114583333316,26.256413541666667,26.3369546875
Acoustic Grand Piano,0,61,C#4,127,0.05476797916666598,26.726773833333333,26.7815418125
Acoustic Grand Piano,0,61,C#4,127,0.08054114583333316,26.894299416666666,26.9748405625
Acoustic Grand Piano,0,60,C4,127,0.08054114583333316,27.058603354166667,27.1391445
Acoustic Grand Piano,0,60,C4,127,0.09020608333333158,28.021875458333334,28.112081541666665
Acoustic Grand Piano,0,61,C#4,127,0.057989625000001155,28.176514458333333,28.234504083333334
Acoustic Grand Piano,0,61,C#4,127,0.06765456250000312,28.453575999999998,28.5212305625
Acoustic Grand Piano,0,61,C#4,127,0.06765456249999957,28.775740583333334,28.843395145833334
Acoustic Grand Piano,0,61,C#4,127,0.035438104166665596,29.097905166666667,29.133343270833333
Acoustic Grand Piano,0,61,C#4,127,0.07731950000000154,29.268652395833332,29.345971895833333
Acoustic Grand Piano,0,61,C#4,127,0.07409785416666637,29.568265458333332,29.6423633125
Acoustic Grand Piano,0,60,C4,127,0.08698443749999996,30.496099458333333,30.583083895833333
Acoustic Grand Piano,0,60,C4,127,0.07731950000000154,30.65718175,30.73450125
Acoustic Grand Piano,0,60,C4,127,0.07731950000000154,30.818264041666666,30.895583541666667
Acoustic Grand Piano,0,61,C#4,127,0.07409785416666637,30.9761246875,31.050222541666667
Acoustic Grand Piano,0,61,C#4,127,0.07409785416666637,31.2660728125,31.340170666666666
Acoustic Grand Piano,0,60,C4,127,0.08698443749999996,31.713881583333333,31.800866020833332
Acoustic Grand Piano,0,61,C#4,127,0.07731949999999799,31.858855645833334,31.93617514583333
Acoustic Grand Piano,0,60,C4,127,0.07731949999999443,32.628829,32.7061485
Acoustic Grand Piano,0,60,C4,127,0.0579896249999976,32.92522041666667,32.983210041666666
Acoustic Grand Piano,0,60,C4,127,0.0934277291666703,33.23127677083333,33.3247045
Acoustic Grand Piano,0,61,C#4,127,0.1063143125000039,33.402024,33.5083383125
Acoustic Grand Piano,0,60,C4,127,0.10631431249999679,33.70808035416667,33.814394666666665
Acoustic Grand Piano,0,61,C#4,127,0.09987102083333355,33.89815745833333,33.99802847916666
Acoustic Grand Piano,0,60,C4,127,0.09987102083333355,34.18810558333333,34.287976604166666
Acoustic Grand Piano,0,61,C#4,127,0.10309266666666872,34.349187875,34.45228054166667
Acoustic Grand Piano,0,60,C4,127,0.10631431249999679,34.652022583333334,34.75833689583333
Acoustic Grand Piano,0,61,C#4,127,0.11920089583333748,34.819548166666664,34.9387490625
Acoustic Grand Piano,0,60,C4,127,0.09987102083333355,35.119161229166664,35.21903225
Acoustic Grand Piano,0,61,C#4,127,0.05476797916666243,35.38977947916667,35.44454745833333
Acoustic Grand Piano,0,61,C#4,127,0.06443291666666795,35.4799855625,35.544418479166666
Acoustic Grand Piano,0,61,C#4,127,0.04510304166667112,35.58952152083333,35.6346245625
Acoustic Grand Piano,0,62,D4,127,0.061211270833332776,35.599186458333335,35.66039772916667
Acoustic Grand Piano,0,61,C#4,127,0.06443291666666795,35.740938875,35.805371791666666
Acoustic Grand Piano,0,61,C#4,127,0.06765456250000312,35.9052428125,35.972897375
Acoustic Grand Piano,0,61,C#4,127,0.07731950000000154,36.191969291666666,36.26928879166667
Acoustic Grand Piano,0,60,C4,127,0.05476797916666243,37.1423548125,37.197122791666665
Acoustic Grand Piano,0,60,C4,127,0.07409785416666637,37.2390041875,37.31310204166667
Acoustic Grand Piano,0,60,C4,127,0.07409785416666637,37.34854014583333,37.422638
Acoustic Grand Piano,0,60,C4,127,0.08376279166666478,37.4516328125,37.535395604166666
Acoustic Grand Piano,0,60,C4,127,0.07409785416666637,37.57083370833333,37.6449315625
Acoustic Grand Piano,0,60,C4,127,0.08054114583332961,37.69003460416667,37.77057575
Acoustic Grand Piano,0,60,C4,127,0.06765456249999602,37.80279220833334,37.87044677083333
Acoustic Grand Piano,0,61,C#4,127,0.09664937500000548,38.350471999999996,38.447121375
Acoustic Grand Piano,0,61,C#4,127,0.08054114583332961,38.64686341666667,38.7274045625
Acoustic Grand Piano,0,61,C#4,127,0.048324687499999186,39.1526618125,39.2009865
Acoustic Grand Piano,0,61,C#4,127,0.0708762083333383,39.31052245833333,39.38139866666667
Acoustic Grand Piano,0,60,C4,127,0.09020608333333513,39.43938829166667,39.529594375
Acoustic Grand Piano,0,61,C#4,127,0.07409785416666637,39.587584,39.661681854166666
Acoustic Grand Piano,0,61,C#4,127,0.07409785416666637,39.8871970625,39.96129491666667
Acoustic Grand Piano,0,60,C4,127,0.0934277291666632,40.364000645833336,40.457428375
Acoustic Grand Piano,0,61,C#4,127,0.08698443749999996,40.8536908125,40.94067525
Acoustic Grand Piano,0,60,C4,127,0.0934277291666703,41.12753070833333,41.2209584375
Acoustic Grand Piano,0,61,C#4,127,0.06765456250000312,41.31116452083333,41.37881908333333
Acoustic Grand Piano,0,61,C#4,127,0.05476797916666243,41.6075559375,41.662323916666665
Acoustic Grand Piano,0,61,C#4,127,0.07087620833333119,41.77830316666667,41.849179375
Acoustic Grand Piano,0,60,C4,127,0.08376279166666478,41.926498875,42.010261666666665
Acoustic Grand Piano,0,60,C4,127,0.0934277291666632,42.82211641666667,42.91554414583333
Acoustic Grand Piano,0,61,C#4,127,0.06765456249999602,43.32469316666667,43.392347729166666
Acoustic Grand Piano,0,61,C#4,127,0.08376279166666478,43.608198,43.691960791666666
Acoustic Grand Piano,0,61,C#4,127,0.05798962500000471,44.072115,44.130104625
Acoustic Grand Piano,0,61,C#4,127,0.08054114583332961,44.23964058333333,44.32018172916666
Acoustic Grand Piano,0,60,C4,127,0.0934277291666632,44.381393,44.474820729166666
Acoustic Grand Piano,0,61,C#4,127,0.07731949999999443,44.54247529166667,44.61979479166666
Acoustic Grand Piano,0,60,C4,127,0.08376279166666478,44.829201770833336,44.9129645625
Acoustic Grand Piano,0,61,C#4,127,0.06765456250000312,45.02250052083333,45.090155083333336
Acoustic Grand Piano,0,61,C#4,127,0.061211270833332776,45.306005354166665,45.367216625
Acoustic Grand Piano,0,61,C#4,127,0.07731950000000154,45.479974229166665,45.557293729166666
Acoustic Grand Piano,0,60,C4,127,0.09664937499999837,45.612061708333336,45.708711083333334
Acoustic Grand Piano,0,61,C#4,127,0.07731950000000154,45.8021388125,45.8794583125
Acoustic Grand Piano,0,60,C4,127,0.08698443749999996,46.079200354166666,46.166184791666666
Acoustic Grand Piano,0,61,C#4,127,0.054767979166669534,46.3240454375,46.37881341666667
Acoustic Grand Piano,0,61,C#4,127,0.028994812500002354,46.649431666666665,46.67842647916667
Acoustic Grand Piano,0,61,C#4,127,0.054767979166669534,46.8846118125,46.93937979166667
Acoustic Grand Piano,0,61,C#4,127,0.061211270833332776,47.06502397916667,47.12623525
Acoustic Grand Piano,0,61,C#4,127,0.06443291666666795,47.51283275,47.57726566666667
Acoustic Grand Piano,0,61,C#4,127,0.07087620833333119,48.27958445833333,48.35046066666666
Acoustic Grand Piano,0,61,C#4,127,0.07731950000000154,48.5663109375,48.6436304375
Acoustic Grand Piano,0,60,C4,127,0.08054114583333671,49.02378464583333,49.10432579166667
Acoustic Grand Piano,0,60,C4,127,0.06765456249999602,49.18164529166667,49.249299854166665
Acoustic Grand Piano,0,60,C4,127,0.10309266666666161,49.31695441666667,49.42004708333333
Acoustic Grand Piano,0,60,C4,127,0.08376279166667189,49.494144937499996,49.57790772916667
Acoustic Grand Piano,0,61,C#4,127,0.041881395833335944,49.9194021875,49.96128358333333
Acoustic Grand Piano,0,61,C#4,127,0.05476797916666243,49.999943333333334,50.0547113125
Acoustic Grand Piano,0,61,C#4,127,0.07731950000000154,50.0933710625,50.1706905625
Acoustic Grand Piano,0,61,C#4,127,0.06765456249999602,50.238345125,50.3059996875
Acoustic Grand Piano,0,60,C4,127,0.08698443749999996,50.566953,50.6539374375
Acoustic Grand Piano,0,61,C#4,127,0.10631431249999679,50.721592,50.8279063125
Acoustic Grand Piano,0,60,C4,127,0.0934277291666632,51.00831847916667,51.10174620833333
Acoustic Grand Piano,0,61,C#4,127,0.11920089583333038,51.17262241666667,51.2918233125
Acoustic Grand Piano,0,60,C4,127,0.09664937500000548,51.4851220625,51.5817714375
Acoustic Grand Piano,0,61,C#4,127,0.08376279166667189,51.63331777083333,51.7170805625
Acoustic Grand Piano,0,61,C#4,127,0.06765456249999602,51.952260708333334,52.01991527083333
Acoustic Grand Piano,0,61,C#4,127,0.08376279166667189,52.245430479166664,52.329193270833336
Acoustic Grand Piano,0,61,C#4,127,0.048324687499999186,52.73834229166667,52.78666697916667
Acoustic Grand Piano,0,61,C#4,127,0.07731950000000154,52.8962029375,52.9735224375
Acoustic Grand Piano,0,60,C4,127,0.10309266666666161,53.04762029166667,53.15071295833333
Acoustic Grand Piano,0,61,C#4,127,0.06443291666666795,53.215145875,53.279578791666665
Acoustic Grand Piano,0,61,C#4,127,0.07087620833333119,53.505094,53.57597020833333
Acoustic Grand Piano,0,60,C4,127,0.12564418750000073,53.97223264583333,54.09787683333333
Acoustic Grand Piano,0,61,C#4,127,0.13208747916667107,54.432928,54.56501547916667
Acoustic Grand Piano,0,60,C4,127,0.09987102083333355,54.726097770833334,54.82596879166667
Acoustic Grand Piano,0,61,C#4,127,0.10953595833333196,54.896845,55.00638095833333
Acoustic Grand Piano,0,60,C4,127,0.10953595833333907,55.2157879375,55.325323895833336
Acoustic Grand Piano,0,61,C#4,127,0.11275760416666714,55.380091875,55.492849479166665
Acoustic Grand Piano,0,61,C#4,127,0.07409785416666637,55.721586333333335,55.7956841875
Acoustic Grand Piano,0,61,C#4,127,0.10309266666666872,55.99220458333333,56.09529725
Acoustic Grand Piano,0,61,C#4,127,0.04510304166667112,56.30148258333333,56.346585625
Acoustic Grand Piano,0,61,C#4,127,0.06121127083333988,56.44645664583333,56.50766791666667
Acoustic Grand Piano,0,61,C#4,127,0.08698443749999996,56.617203875,56.7041883125
Acoustic Grand Piano,0,60,C4,127,0.10953595833333196,56.76862122916667,56.8781571875
Acoustic Grand Piano,0,61,C#4,127,0.04188139583332884,56.968363270833336,57.010244666666665
Acoustic Grand Piano,0,61,C#4,127,0.05154633333333436,57.522486354166666,57.5740326875
Acoustic Grand Piano,0,61,C#4,127,0.0579896249999976,57.68356864583333,57.74155827083333
Acoustic Grand Piano,0,61,C#4,127,0.06765456249999602,57.834986,57.9026405625
Acoustic Grand Piano,0,61,C#4,127,0.07731949999999443,57.9992899375,58.0766094375
Acoustic Grand Piano,0,60,C4,127,0.1288658333333288,58.147485645833335,58.276351479166664
Acoustic Grand Piano,0,61,C#4,127,0.06765456249999602,58.46965022916667,58.537304791666664
Acoustic Grand Piano,0,61,C#4,127,0.02577316666666718,58.81758797916667,58.843361145833335
Acoustic Grand Piano,0,60,C4,127,0.1063143125000039,58.946453812499996,59.052768125
Acoustic Grand Piano,0,61,C#4,127,0.07087620833333119,59.42325739583333,59.49413360416666
Acoustic Grand Piano,0,61,C#4,127,0.07731950000000154,59.706762229166664,59.784081729166665
Acoustic Grand Piano,0,61,C#4,127,0.05476797916666243,60.177122520833336,60.2318905
Acoustic Grand Piano,0,61,C#4,127,0.07087620833333119,60.34786975,60.41874595833333
Acoustic Grand Piano,0,60,C4,127,0.1063143125000039,60.48962216666666,60.59593647916667
Acoustic Grand Piano,0,61,C#4,127,0.18363381249999833,60.653926104166665,60.83755991666666
Acoustic Grand Piano,0,60,C4,127,0.12564418750000073,60.94387422916667,61.06951841666667
Acoustic Grand Piano,0,61,C#4,127,0.08698443749999996,61.09851322916666,61.18549766666666
Acoustic Grand Piano,0,61,C#4,127,0.048324687499999186,61.40779122916667,61.45611591666667
Acoustic Grand Piano,0,61,C#4,127,0.07409785416666637,61.568873520833336,61.642971375
Acoustic Grand Piano,0,60,C4,127,0.10953595833333196,61.71706922916667,61.8266051875
Acoustic Grand Piano,0,61,C#4,127,0.07087620833333119,61.88781645833333,61.958692666666664
Acoustic Grand Piano,0,61,C#4,127,0.06443291666666795,62.164878,62.22931091666667
Acoustic Grand Piano,0,61,C#4,127,0.035438104166665596,62.4644910625,62.49992916666667
Acoustic Grand Piano,0,61,C#4,127,0.06765456249999602,62.57724866666667,62.644903229166665
Acoustic Grand Piano,0,60,C4,127,0.07731950000000154,62.683562979166666,62.76088247916667
Acoustic Grand Piano,0,61,C#4,127,0.048324687499999186,62.786655645833335,62.834980333333334
Acoustic Grand Piano,0,61,C#4,127,0.07087620833333119,62.905856541666665,62.97673275
Acoustic Grand Piano,0,60,C4,127,0.08698443749999996,63.0153925,63.1023769375
Acoustic Grand Piano,0,61,C#4,127,0.061211270833332776,63.1410366875,63.20224795833333
Acoustic Grand Piano,0,61,C#4,127,0.02577316666666718,63.71771129166667,63.743484458333334
Acoustic Grand Piano,0,61,C#4,127,0.0579896249999976,63.82724725,63.885236875
Acoustic Grand Piano,0,60,C4,127,0.08376279166666478,63.92067497916667,64.00443777083333
Acoustic Grand Piano,0,61,C#4,127,0.04510304166666401,64.020546,64.06564904166666
Acoustic Grand Piano,0,61,C#4,127,0.07409785416666637,64.13008195833334,64.2041798125
Acoustic Grand Piano,0,60,C4,127,0.09664937500001258,64.23961791666666,64.33626729166667
Acoustic Grand Piano,0,61,C#4,127,0.06443291666666084,64.36204045833334,64.426473375
Acoustic Grand Piano,0,61,C#4,127,0.06443291666666084,64.6487669375,64.71319985416666
Acoustic Grand Piano,0,61,C#4,127,0.06765456249999602,64.94515835416667,65.01281291666666
Acoustic Grand Piano,0,60,C4,127,0.08698443749999285,65.09979735416667,65.18678179166666
Acoustic Grand Piano,0,60,C4,127,0.07409785416666637,65.25121470833334,65.3253125625
Acoustic Grand Piano,0,61,C#4,127,0.07087620833333119,65.73446158333333,65.80533779166666
Acoustic Grand Piano,0,61,C#4,127,0.07409785416666637,65.86977070833333,65.9438685625
Acoustic Grand Piano,0,61,C#4,127,0.06443291666666084,66.20160022916667,66.26603314583333
Acoustic Grand Piano,0,60,C4,127,0.1063143125000039,66.630079125,66.7363934375
Acoustic Grand Piano,0,61,C#4,127,0.06121127083333988,66.804048,66.86525927083333
Acoustic Grand Piano,0,61,C#4,127,0.06121127083332567,67.11976929166667,67.1809805625
Acoustic Grand Piano,0,61,C#4,127,0.038659750000007875,67.59979452083333,67.63845427083334
Acoustic Grand Piano,0,61,C#4,127,0.0579896249999905,67.76409845833334,67.82208808333333
Acoustic Grand Piano,0,60,C4,127,0.08698443749999285,67.90907252083333,67.99605695833333
Acoustic Grand Piano,0,61,C#4,127,0.06121127083333988,68.07659810416666,68.137809375
Acoustic Grand Piano,0,61,C#4,127,0.06443291666667506,68.369767875,68.43420079166667
Acoustic Grand Piano,0,61,C#4,127,0.0708762083333454,68.81757664583333,68.88845285416667
Acoustic Grand Piano,0,61,C#4,127,0.06765456250001023,69.29438022916666,69.36203479166667
Acoustic Grand Piano,0,60,C4,127,0.0805411458333225,69.58110670833334,69.66164785416666
Acoustic Grand Piano,0,61,C#4,127,0.06443291666666084,69.75829722916667,69.82273014583333
Acoustic Grand Piano,0,61,C#4,127,0.048324687499999186,70.051467,70.0997916875
Acoustic Grand Piano,0,61,C#4,127,0.06765456249999602,70.206106,70.2737605625
Acoustic Grand Piano,0,60,C4,127,0.09342772916667741,70.360745,70.45417272916667
Acoustic Grand Piano,0,61,C#4,127,0.07409785416666637,70.515384,70.58948185416666
Acoustic Grand Piano,0,61,C#4,127,0.06121127083332567,70.824662,70.88587327083333
Acoustic Grand Piano,0,60,C4,127,0.028994812500002354,71.13394,71.1629348125
Acoustic Grand Piano,0,60,C4,127,0.05798962500000471,71.2402543125,71.2982439375
Acoustic Grand Piano,0,60,C4,127,0.08376279166665768,71.346568625,71.43033141666666
Acoustic Grand Piano,0,60,C4,127,0.07409785416666637,71.443218,71.51731585416667
Acoustic Grand Piano,0,60,C4,127,0.08698443750000706,71.5881920625,71.6751765
Acoustic Grand Piano,0,61,C#4,127,0.08054114583333671,71.752496,71.83303714583333
Acoustic Grand Piano,0,60,C4,127,0.08698443750000706,72.04888741666666,72.13587185416667
Acoustic Grand Piano,0,61,C#4,127,0.06443291666667506,72.23252122916666,72.29695414583334
Acoustic Grand Piano,0,61,C#4,127,0.054767979166669534,72.525691,72.58045897916666
Acoustic Grand Piano,0,61,C#4,127,0.07409785416666637,72.68033,72.75442785416666
Acoustic Grand Piano,0,60,C4,127,0.10309266666666872,72.834969,72.93806166666667
Acoustic Grand Piano,0,61,C#4,127,0.07409785416666637,73.0186028125,73.09270066666667
Acoustic Grand Piano,0,60,C4,127,0.0934277291666632,73.3085509375,73.40197866666666
Acoustic Grand Piano,0,61,C#4,127,0.06443291666666084,73.4825198125,73.54695272916666
Acoustic Grand Piano,0,61,C#4,127,0.05154633333333436,73.77568958333333,73.82723591666667
Acoustic Grand Piano,0,61,C#4,127,0.06443291666666084,73.93355022916667,73.99798314583333
Acoustic Grand Piano,0,60,C4,127,0.07731950000000154,74.1010758125,74.1783953125
Acoustic Grand Piano,0,61,C#4,127,0.0934277291666632,74.25893645833334,74.3523641875
Acoustic Grand Piano,0,61,C#4,127,0.06443291666667506,74.76473485416666,74.82916777083334
Acoustic Grand Piano,0,61,C#4,127,0.08376279166667189,75.463832,75.54759479166667
Acoustic Grand Piano,0,61,C#4,127,0.0708762083333454,75.7827749375,75.85365114583334
Acoustic Grand Piano,0,61,C#4,127,0.048324687499999186,76.24347029166667,76.29179497916667
Acoustic Grand Piano,0,61,C#4,127,0.07731950000000154,76.391666,76.4689855
Acoustic Grand Piano,0,60,C4,127,0.08698443750000706,76.5559699375,76.642954375
Acoustic Grand Piano,0,61,C#4,127,0.07409785416666637,77.03277352083333,77.106871375
Acoustic Grand Piano,0,61,C#4,127,0.05154633333333436,77.48058229166666,77.532128625
Acoustic Grand Piano,0,61,C#4,127,0.07087620833333119,77.628778,77.69965420833333
Acoustic Grand Piano,0,60,C4,127,0.09987102083333355,77.78986029166667,77.8897313125
Acoustic Grand Piano,0,61,C#4,127,0.08698443749999285,77.96382916666667,78.05081360416666
Acoustic Grand Piano,0,60,C4,127,0.09020608333332802,78.24089070833334,78.33109679166667
Acoustic Grand Piano,0,61,C#4,127,0.06121127083333988,78.421302875,78.48251414583333
Acoustic Grand Piano,0,61,C#4,127,0.06121127083332567,78.730580875,78.79179214583333
Acoustic Grand Piano,0,61,C#4,127,0.07087620833333119,79.04630216666666,79.117178375
Acoustic Grand Piano,0,60,C4,127,0.08698443750000706,79.3394719375,79.426456375
Acoustic Grand Piano,0,60,C4,127,0.07087620833333119,79.4941109375,79.56498714583333
Acoustic Grand Piano,0,61,C#4,127,0.06443291666666084,79.948363,80.01279591666666
Acoustic Grand Piano,0,61,C#4,127,0.06765456249999602,80.09978035416667,80.16743491666666
Acoustic Grand Piano,0,61,C#4,127,0.06765456249999602,80.25119770833334,80.31885227083333
Acoustic Grand Piano,0,61,C#4,127,0.06765456249999602,80.42516658333334,80.49282114583333
Acoustic Grand Piano,0,61,C#4,127,0.06765456249999602,80.72800129166667,80.79565585416667
Acoustic Grand Piano,0,60,C4,127,0.0805411458333225,81.1758100625,81.25635120833333
Acoustic Grand Piano,0,60,C4,127,0.07731950000000154,81.33367070833333,81.41099020833333
Acoustic Grand Piano,0,61,C#4,127,0.11275760416666003,81.7943660625,81.90712366666666
Acoustic Grand Piano,0,60,C4,127,0.08054114583333671,82.132638875,82.21318002083333
Acoustic Grand Piano,0,60,C4,127,0.06765456249999602,82.3162726875,82.38392725
Acoustic Grand Piano,0,61,C#4,127,0.1159792499999952,82.712535125,82.828514375
Acoustic Grand Piano,0,60,C4,127,0.07731950000000154,83.0121481875,83.0894676875
Acoustic Grand Piano,0,60,C4,127,0.07087620833333119,83.18933870833334,83.26021491666667
Acoustic Grand Piano,0,61,C#4,127,0.11275760416667424,83.64359077083333,83.756348375
Acoustic Grand Piano,0,59,B3,127,0.003221645833335174,83.96575535416666,83.968977
Acoustic Grand Piano,0,60,C4,127,0.07731950000000154,83.95609041666667,84.03340991666667
Acoustic Grand Piano,0,60,C4,127,0.09020608333332802,84.123616,84.21382208333333
Acoustic Grand Piano,0,61,C#4,127,0.06443291666666084,84.62297110416667,84.68740402083333
Acoustic Grand Piano,0,61,C#4,127,0.05154633333333436,84.91291922916666,84.9644655625
Acoustic Grand Piano,0,61,C#4,127,0.07087620833333119,85.06755822916666,85.1384344375
Acoustic Grand Piano,0,60,C4,127,0.08054114583333671,85.225418875,85.30596002083334
Acoustic Grand Piano,0,61,C#4,127,0.06443291666667506,85.3897228125,85.45415572916667
Acoustic Grand Piano,0,61,C#4,127,0.05476797916665532,85.6796709375,85.73443891666666
Acoustic Grand Piano,0,60,C4,127,0.054767979166669534,86.0855983125,86.14036629166667
Acoustic Grand Piano,0,60,C4,127,0.07409785416666637,86.18869097916667,86.26278883333333
Acoustic Grand Piano,0,60,C4,127,0.048324687499999186,86.29178364583333,86.34010833333333
Acoustic Grand Piano,0,60,C4,127,0.08054114583333671,86.3948763125,86.47541745833334
Acoustic Grand Piano,0,60,C4,127,0.08376279166667189,86.51407720833333,86.59784
Acoustic Grand Piano,0,60,C4,127,0.07087620833333119,86.63005645833333,86.70093266666666
Acoustic Grand Piano,0,61,C#4,127,0.028994812500002354,87.235725875,87.2647206875
Acoustic Grand Piano,0,61,C#4,127,0.06443291666666084,87.3420401875,87.40647310416666
Acoustic Grand Piano,0,61,C#4,127,0.06765456249999602,87.44191120833334,87.50956577083333
Acoustic Grand Piano,0,61,C#4,127,0.05154633333332015,87.545003875,87.59655020833333
Acoustic Grand Piano,0,61,C#4,127,0.06765456249999602,87.65776147916667,87.72541604166666
Acoustic Grand Piano,0,61,C#4,127,0.07087620833333119,87.73508097916667,87.8059571875
Acoustic Grand Piano,0,61,C#4,127,0.06443291666666084,87.88649833333334,87.95093125
Acoustic Grand Piano,0,61,C#4,127,0.07087620833333119,88.15711658333333,88.22799279166667
Acoustic Grand Piano,0,61,C#4,127,0.02577316666666718,88.63069852083333,88.6564716875
Acoustic Grand Piano,0,61,C#4,127,0.06765456249999602,88.7724509375,88.84010549999999
Acoustic Grand Piano,0,60,C4,127,0.09664937499999837,88.917425,89.01407437499999
Acoustic Grand Piano,0,61,C#4,127,0.08054114583333671,89.08817222916666,89.168713375
Acoustic Grand Piano,0,60,C4,127,0.10309266666666872,89.381342,89.48443466666667
Acoustic Grand Piano,0,61,C#4,127,0.06443291666666084,89.55208922916667,89.61652214583333
Acoustic Grand Piano,0,61,C#4,127,0.048324687499999186,89.85814558333334,89.90647027083334
Acoustic Grand Piano,0,61,C#4,127,0.07731950000000154,90.01278458333333,90.09010408333333
Acoustic Grand Piano,0,60,C4,127,0.09987102083333355,90.17064522916667,90.27051625
Acoustic Grand Piano,0,61,C#4,127,0.05154633333333436,90.34461410416667,90.3961604375
Acoustic Grand Piano,0,61,C#4,127,0.06765456249999602,90.618454,90.6861085625
Acoustic Grand Piano,0,61,C#4,127,0.04510304166667822,91.07914935416666,91.12425239583334
Acoustic Grand Piano,0,61,C#4,127,0.05476797916665532,91.2466749375,91.30144291666666
Acoustic Grand Piano,0,61,C#4,127,0.07087620833333119,91.38520570833333,91.45608191666666
Acoustic Grand Piano,0,60,C4,127,0.09020608333334224,91.57850445833333,91.66871054166667
Acoustic Grand Piano,0,61,C#4,127,0.04188139583332884,91.71381358333333,91.75569497916666
Acoustic Grand Piano,0,61,C#4,127,0.07731950000000154,91.87489587499999,91.952215375
Acoustic Grand Piano,0,60,C4,127,0.09987102083333355,92.02309158333333,92.12296260416666
Acoustic Grand Piano,0,61,C#4,127,0.06443291666666084,92.18739552083333,92.2518284375
Acoustic Grand Piano,0,60,C4,127,0.0934277291666632,92.3291479375,92.42257566666666
Acoustic Grand Piano,0,60,C4,127,0.09664937499999837,92.65131252083333,92.74796189583333
Acoustic Grand Piano,0,61,C#4,127,0.07409785416666637,92.7834,92.85749785416667
Acoustic Grand Piano,0,61,C#4,127,0.06443291666666084,93.08623470833334,93.150667625
Acoustic Grand Piano,0,61,C#4,127,0.04510304166667822,93.44383739583333,93.4889404375
Acoustic Grand Piano,0,61,C#4,127,0.06765456250001023,93.59203310416666,93.65968766666667
Acoustic Grand Piano,0,60,C4,127,0.09987102083333355,93.711234,93.81110502083334
Acoustic Grand Piano,0,61,C#4,127,0.05154633333333436,93.88198122916667,93.9335275625
Acoustic Grand Piano,0,61,C#4,127,0.04188139583332884,94.19770252083333,94.23958391666666
Acoustic Grand Piano,0,61,C#4,127,0.07087620833333119,94.35234152083333,94.42321772916667
Acoustic Grand Piano,0,61,C#4,127,0.07409785416666637,94.66161952083333,94.735717375
Acoustic Grand Piano,0,61,C#4,127,0.06443291666666084,94.948346,95.01277891666666
Acoustic Grand Piano,0,60,C4,127,0.10309266666666872,95.14164475,95.24473741666667
Acoustic Grand Piano,0,61,C#4,127,0.09987102083333355,95.2866188125,95.38648983333333
Acoustic Grand Piano,0,60,C4,127,0.10309266666665451,95.57978858333334,95.68288125
Acoustic Grand Piano,0,61,C#4,127,0.06121127083333988,95.740870875,95.80208214583334
Acoustic Grand Piano,0,61,C#4,127,0.038659750000007875,96.03404064583333,96.07270039583334
Acoustic Grand Piano,0,61,C#4,127,0.07409785416666637,96.16934977083334,96.243447625
Acoustic Grand Piano,0,60,C4,127,0.09987102083333355,96.31754547916667,96.4174165
Acoustic Grand Piano,0,61,C#4,127,0.06443291666666084,96.49151435416667,96.55594727083333
Acoustic Grand Piano,0,61,C#4,127,0.054767979166669534,96.804014,96.85878197916666
