instrumento,nota,volumen,dura,empieza,termina
-1.0,42.0,127.0,0.0644330208333333,0.0,0.0644330208333333
-1.0,-1.0,0.0,0.5541239791666668,0.0644330208333333,0.618557
-1.0,42.0,127.0,0.0644330208333332,0.618557,0.6829900208333333
-1.0,-1.0,0.0,0.5541239791666668,0.6829900208333333,1.237114
-1.0,42.0,127.0,0.0644330208333332,1.237114,1.3015470208333333
-1.0,-1.0,0.0,0.24484547916666655,1.3015470208333333,1.5463924999999998
-1.0,42.0,127.0,0.0644330208333334,1.5463924999999998,1.6108255208333333
-1.0,-1.0,0.0,0.24484547916666677,1.6108255208333333,1.855671
-1.0,42.0,127.0,0.0644330208333334,1.855671,1.920104020833333
-1.0,-1.0,0.0,0.244845479166667,1.920104020833333,2.1649495
-1.0,42.0,127.0,0.064433020833333,2.1649495,2.229382520833333
-1.0,-1.0,0.0,0.244845479166667,2.229382520833333,2.474228
-1.0,58.0,115.0,0.0563788932291662,2.474228,2.5306068932291663
-1.0,-1.0,0.0,0.09826035677083356,2.5306068932291663,2.62886725
-1.0,57.0,111.0,0.0644330208333334,2.62886725,2.6933002708333333
-1.0,-1.0,0.0,0.09020622916666676,2.6933002708333333,2.7835065
-1.0,58.0,115.0,0.0644330208333334,2.7835065,2.8479395208333336
-1.0,-1.0,0.0,0.09020622916666632,2.8479395208333336,2.93814575
-1.0,57.0,111.0,0.0644330208333334,2.93814575,3.0025787708333334
-1.0,-1.0,0.0,0.09020622916666765,3.0025787708333334,3.092785000000001
-1.0,57.0,111.0,0.0644330208333334,3.092785000000001,3.157218020833334
-1.0,-1.0,0.0,0.09020622916666587,3.157218020833334,3.24742425
-1.0,57.0,111.0,0.0644330208333334,3.24742425,3.3118572708333334
-1.0,-1.0,0.0,0.09020622916666676,3.3118572708333334,3.4020635
-1.0,59.0,119.0,0.0644330208333334,3.4020635,3.4664965208333336
-1.0,-1.0,0.0,0.09020622916666632,3.4664965208333336,3.55670275
-1.0,58.0,127.0,0.064433020833333,3.55670275,3.621135770833333
-1.0,-1.0,0.0,0.0902062291666672,3.621135770833333,3.711342
-1.0,57.0,111.0,0.0644330208333334,3.711342,3.7757750208333336
-1.0,-1.0,0.0,0.09020622916666632,3.7757750208333336,3.86598125
-1.0,57.0,111.0,0.064433020833333,3.86598125,3.930414270833333
-1.0,-1.0,0.0,0.09020622916666676,3.930414270833333,4.0206205
-1.0,58.0,115.0,0.0644330208333334,4.0206205,4.085053520833333
-1.0,-1.0,0.0,0.0902062291666672,4.085053520833333,4.17525975
-1.0,57.0,111.0,0.0644330208333334,4.17525975,4.239692770833334
-1.0,-1.0,0.0,0.09020622916666632,4.239692770833334,4.329899
-1.0,57.0,111.0,0.0644330208333325,4.329899,4.394332020833333
-1.0,-1.0,0.0,0.0902062291666672,4.394332020833333,4.48453825
-1.0,57.0,111.0,0.0644330208333334,4.48453825,4.548971270833333
-1.0,-1.0,0.0,0.09020622916666632,4.548971270833333,4.6391775
-1.0,59.0,119.0,0.0644330208333334,4.6391775,4.703610520833333
-1.0,-1.0,0.0,0.0902062291666672,4.703610520833333,4.79381675
-1.0,58.0,127.0,0.0644330208333334,4.79381675,4.858249770833334
-1.0,-1.0,0.0,0.09020622916666632,4.858249770833334,4.948456
-1.0,57.0,111.0,0.0644330208333325,4.948456,5.012889020833333
-1.0,-1.0,0.0,0.0902062291666672,5.012889020833333,5.10309525
-1.0,57.0,111.0,0.0644330208333334,5.10309525,5.167528270833333
-1.0,-1.0,0.0,0.09020622916666632,5.167528270833333,5.2577345
-1.0,58.0,115.0,0.0644330208333334,5.2577345,5.322167520833333
-1.0,-1.0,0.0,0.0902062291666672,5.322167520833333,5.41237375
-1.0,57.0,111.0,0.0644330208333334,5.41237375,5.476806770833334
-1.0,-1.0,0.0,0.09020622916666543,5.476806770833334,5.567012999999999
-1.0,57.0,111.0,0.0644330208333334,5.567012999999999,5.631446020833333
-1.0,-1.0,0.0,0.0902062291666681,5.631446020833333,5.721652250000001
-1.0,57.0,111.0,0.0644330208333334,5.721652250000001,5.786085270833334
-1.0,-1.0,0.0,0.09020622916666543,5.786085270833334,5.8762915
-1.0,59.0,119.0,0.0644330208333334,5.8762915,5.940724520833333
-1.0,-1.0,0.0,0.09020622916666632,5.940724520833333,6.03093075
-1.0,58.0,127.0,0.0644330208333334,6.03093075,6.095363770833333
-1.0,-1.0,0.0,0.09020622916666632,6.095363770833333,6.185569999999999
-1.0,57.0,111.0,0.0644330208333334,6.185569999999999,6.250003020833333
-1.0,-1.0,0.0,0.0902062291666672,6.250003020833333,6.34020925
-1.0,57.0,111.0,0.0644330208333325,6.34020925,6.404642270833333
-1.0,-1.0,0.0,0.0902062291666672,6.404642270833333,6.4948485
-1.0,58.0,115.0,0.0644330208333334,6.4948485,6.559281520833333
-1.0,-1.0,0.0,0.09020622916666632,6.559281520833333,6.64948775
-1.0,57.0,111.0,0.0644330208333334,6.64948775,6.713920770833333
-1.0,-1.0,0.0,0.09020622916666632,6.713920770833333,6.804126999999999
-1.0,57.0,111.0,0.0644330208333334,6.804126999999999,6.868560020833332
-1.0,-1.0,0.0,0.0902062291666681,6.868560020833332,6.95876625
-1.0,57.0,111.0,0.0644330208333325,6.95876625,7.023199270833333
-1.0,-1.0,0.0,0.0902062291666672,7.023199270833333,7.1134055
-1.0,59.0,119.0,0.0644330208333334,7.1134055,7.177838520833333
-1.0,-1.0,0.0,0.09020622916666543,7.177838520833333,7.268044749999999
-1.0,58.0,127.0,0.0644330208333334,7.268044749999999,7.332477770833332
-1.0,-1.0,0.0,0.0902062291666672,7.332477770833332,7.422683999999999
-1.0,57.0,111.0,0.0644330208333334,7.422683999999999,7.487117020833333
-1.0,-1.0,0.0,0.09020622916666632,7.487117020833333,7.577323249999999
-1.0,57.0,111.0,0.0644330208333334,7.577323249999999,7.641756270833333
-1.0,-1.0,0.0,0.0902062291666672,7.641756270833333,7.7319625
-1.0,58.0,115.0,0.0644330208333334,7.7319625,7.796395520833333
-1.0,-1.0,0.0,0.09020622916666632,7.796395520833333,7.88660175
-1.0,57.0,111.0,0.0644330208333334,7.88660175,7.951034770833333
-1.0,-1.0,0.0,0.09020622916666632,7.951034770833333,8.041241
-1.0,57.0,111.0,0.0644330208333343,8.041241,8.105674020833334
-1.0,-1.0,0.0,0.09020622916666632,8.105674020833334,8.19588025
-1.0,57.0,111.0,0.0644330208333325,8.19588025,8.260313270833333
-1.0,-1.0,0.0,0.09020622916666632,8.260313270833333,8.350519499999999
-1.0,59.0,119.0,0.0644330208333343,8.350519499999999,8.414952520833333
-1.0,-1.0,0.0,0.09020622916666632,8.414952520833333,8.50515875
-1.0,58.0,127.0,0.0644330208333325,8.50515875,8.569591770833332
-1.0,-1.0,0.0,0.0902062291666681,8.569591770833332,8.659798
-1.0,57.0,111.0,0.0644330208333325,8.659798,8.724231020833333
-1.0,-1.0,0.0,0.09020622916666632,8.724231020833333,8.81443725
-1.0,57.0,111.0,0.0644330208333343,8.81443725,8.878870270833334
-1.0,-1.0,0.0,0.09020622916666632,8.878870270833334,8.9690765
-1.0,58.0,115.0,0.0644330208333325,8.9690765,9.033509520833332
-1.0,-1.0,0.0,0.0902062291666681,9.033509520833332,9.12371575
-1.0,57.0,111.0,0.0644330208333343,9.12371575,9.188148770833337
-1.0,-1.0,0.0,0.09020622916666277,9.188148770833337,9.278355
-1.0,57.0,111.0,0.0644330208333325,9.278355,9.342788020833332
-1.0,-1.0,0.0,0.0902062291666681,9.342788020833332,9.43299425
-1.0,57.0,111.0,0.0644330208333325,9.43299425,9.497427270833333
-1.0,-1.0,0.0,0.0902062291666681,9.497427270833333,9.5876335
-1.0,59.0,119.0,0.0644330208333343,9.5876335,9.652066520833335
-1.0,-1.0,0.0,0.09020622916666454,9.652066520833335,9.74227275
-1.0,58.0,127.0,0.0644330208333325,9.74227275,9.806705770833332
-1.0,-1.0,0.0,0.0902062291666681,9.806705770833332,9.896912
-1.0,57.0,111.0,0.0644330208333325,9.896912,9.961345020833331
-1.0,-1.0,0.0,0.0902062291666681,9.961345020833331,10.05155125
-1.0,57.0,111.0,0.0644330208333343,10.05155125,10.115984270833334
-1.0,-1.0,0.0,0.09020622916666632,10.115984270833334,10.2061905
-1.0,58.0,115.0,0.0644330208333325,10.2061905,10.270623520833333
-1.0,-1.0,0.0,0.0902062291666681,10.270623520833333,10.36082975
-1.0,57.0,111.0,0.0644330208333343,10.36082975,10.425262770833337
-1.0,-1.0,0.0,0.09020622916666277,10.425262770833337,10.515469
-1.0,57.0,111.0,0.0644330208333325,10.515469,10.579902020833332
-1.0,-1.0,0.0,0.0902062291666681,10.579902020833332,10.67010825
-1.0,57.0,111.0,0.0644330208333325,10.67010825,10.734541270833333
-1.0,-1.0,0.0,0.0902062291666681,10.734541270833333,10.8247475
-1.0,59.0,119.0,0.0644330208333343,10.8247475,10.889180520833335
-1.0,-1.0,0.0,0.09020622916666277,10.889180520833335,10.979386749999998
-1.0,58.0,127.0,0.0644330208333325,10.979386749999998,11.04381977083333
-1.0,-1.0,0.0,0.09020622916666987,11.04381977083333,11.134026
-1.0,57.0,111.0,0.0644330208333343,11.134026,11.198459020833337
-1.0,-1.0,0.0,0.09020622916666277,11.198459020833337,11.28866525
-1.0,57.0,111.0,0.0644330208333325,11.28866525,11.353098270833332
-1.0,-1.0,0.0,0.0902062291666681,11.353098270833332,11.4433045
-1.0,58.0,115.0,0.0644330208333325,11.4433045,11.507737520833333
-1.0,-1.0,0.0,0.0902062291666681,11.507737520833333,11.59794375
-1.0,57.0,111.0,0.0644330208333343,11.59794375,11.662376770833337
-1.0,-1.0,0.0,0.09020622916666277,11.662376770833337,11.752583
-1.0,57.0,111.0,0.0644330208333325,11.752583,11.817016020833332
-1.0,-1.0,0.0,0.09020622916666632,11.817016020833332,11.907222249999998
-1.0,57.0,111.0,0.0644330208333325,11.907222249999998,11.971655270833333
-1.0,-1.0,0.0,0.09020622916666632,11.971655270833333,12.0618615
-1.0,59.0,119.0,0.0644330208333343,12.0618615,12.126294520833332
-1.0,-1.0,0.0,0.0902062291666681,12.126294520833332,12.21650075
-1.0,58.0,127.0,0.0644330208333325,12.21650075,12.280933770833332
-1.0,-1.0,0.0,0.09020622916666987,12.280933770833332,12.371140000000002
-1.0,57.0,111.0,0.0644330208333343,12.371140000000002,12.435573020833337
-1.0,-1.0,0.0,0.09020622916666277,12.435573020833337,12.52577925
-1.0,57.0,111.0,0.0644330208333325,12.52577925,12.590212270833332
-1.0,-1.0,0.0,0.0902062291666681,12.590212270833332,12.6804185
-1.0,58.0,115.0,0.0644330208333325,12.6804185,12.744851520833333
-1.0,-1.0,0.0,0.0902062291666681,12.744851520833333,12.83505775
-1.0,57.0,111.0,0.0644330208333343,12.83505775,12.899490770833332
-1.0,-1.0,0.0,0.0902062291666681,12.899490770833332,12.989697
-1.0,57.0,111.0,0.0644330208333325,12.989697,13.054130020833332
-1.0,-1.0,0.0,0.0902062291666681,13.054130020833332,13.14433625
-1.0,57.0,111.0,0.0644330208333343,13.14433625,13.208769270833336
-1.0,-1.0,0.0,0.09020622916666277,13.208769270833336,13.2989755
-1.0,59.0,119.0,0.0644330208333343,13.2989755,13.363408520833334
-1.0,-1.0,0.0,0.09020622916666632,13.363408520833334,13.45361475
-1.0,58.0,127.0,0.0644330208333325,13.45361475,13.518047770833332
-1.0,-1.0,0.0,0.0902062291666681,13.518047770833332,13.608254
-1.0,57.0,111.0,0.0644330208333343,13.608254,13.672687020833337
-1.0,-1.0,0.0,0.09020622916666277,13.672687020833337,13.76289325
-1.0,57.0,111.0,0.0644330208333325,13.76289325,13.827326270833332
-1.0,-1.0,0.0,0.0902062291666681,13.827326270833332,13.9175325
-1.0,58.0,115.0,0.0644330208333325,13.9175325,13.981965520833333
-1.0,-1.0,0.0,0.0902062291666681,13.981965520833333,14.07217175
-1.0,57.0,111.0,0.0644330208333343,14.07217175,14.136604770833337
-1.0,-1.0,0.0,0.09020622916666277,14.136604770833337,14.226811
-1.0,57.0,111.0,0.0644330208333325,14.226811,14.291244020833332
-1.0,-1.0,0.0,0.0902062291666681,14.291244020833332,14.38145025
-1.0,57.0,111.0,0.0644330208333343,14.38145025,14.445883270833336
-1.0,-1.0,0.0,0.09020622916666277,14.445883270833336,14.5360895
-1.0,59.0,119.0,0.0644330208333325,14.5360895,14.600522520833332
-1.0,-1.0,0.0,0.0902062291666681,14.600522520833332,14.69072875
-1.0,58.0,127.0,0.0644330208333325,14.69072875,14.755161770833332
-1.0,-1.0,0.0,0.0902062291666681,14.755161770833332,14.845368
-1.0,57.0,111.0,0.0644330208333343,14.845368,14.909801020833337
-1.0,-1.0,0.0,0.09020622916666277,14.909801020833337,15.00000725
-1.0,57.0,111.0,0.0644330208333325,15.00000725,15.064440270833334
-1.0,-1.0,0.0,0.09020622916666454,15.064440270833334,15.154646499999998
-1.0,58.0,115.0,0.0644330208333343,15.154646499999998,15.219079520833333
-1.0,-1.0,0.0,0.0902062291666681,15.219079520833333,15.30928575
-1.0,57.0,111.0,0.0644330208333343,15.30928575,15.373718770833335
-1.0,-1.0,0.0,0.09020622916666277,15.373718770833335,15.463924999999998
-1.0,57.0,111.0,0.0644330208333325,15.463924999999998,15.52835802083333
-1.0,-1.0,0.0,0.09020622916666987,15.52835802083333,15.61856425
-1.0,57.0,111.0,0.0644330208333343,15.61856425,15.682997270833337
-1.0,-1.0,0.0,0.09020622916666277,15.682997270833337,15.7732035
-1.0,59.0,119.0,0.0644330208333325,15.7732035,15.837636520833332
-1.0,-1.0,0.0,0.09020622916666987,15.837636520833332,15.927842750000002
-1.0,58.0,127.0,0.0644330208333325,15.927842750000002,15.992275770833334
-1.0,-1.0,0.0,0.09020622916666454,15.992275770833334,16.082482
-1.0,57.0,111.0,0.0644330208333343,16.082482,16.146915020833333
-1.0,-1.0,0.0,0.09020622916666454,16.146915020833333,16.237121249999998
-1.0,57.0,111.0,0.0644330208333343,16.237121249999998,16.301554270833332
-1.0,-1.0,0.0,0.0902062291666681,16.301554270833332,16.3917605
-1.0,58.0,115.0,0.0644330208333308,16.3917605,16.45619352083333
-1.0,-1.0,0.0,0.0902062291666681,16.45619352083333,16.54639975
-1.0,57.0,111.0,0.0644330208333343,16.54639975,16.610832770833333
-1.0,-1.0,0.0,0.09020622916666454,16.610832770833333,16.701038999999998
-1.0,57.0,111.0,0.0644330208333343,16.701038999999998,16.765472020833332
-1.0,-1.0,0.0,0.0902062291666681,16.765472020833332,16.85567825
-1.0,57.0,111.0,0.0644330208333308,16.85567825,16.92011127083333
-1.0,-1.0,0.0,0.0902062291666681,16.92011127083333,17.0103175
-1.0,59.0,119.0,0.0644330208333343,17.0103175,17.074750520833334
-1.0,-1.0,0.0,0.09020622916666454,17.074750520833334,17.164956749999998
-1.0,58.0,127.0,0.0644330208333343,17.164956749999998,17.229389770833333
-1.0,-1.0,0.0,0.0902062291666681,17.229389770833333,17.319596
-1.0,57.0,111.0,0.0644330208333308,17.319596,17.38402902083333
-1.0,-1.0,0.0,0.0902062291666681,17.38402902083333,17.47423525
-1.0,57.0,111.0,0.0644330208333343,17.47423525,17.538668270833334
-1.0,-1.0,0.0,0.09020622916666454,17.538668270833334,17.6288745
-1.0,58.0,115.0,0.0644330208333343,17.6288745,17.693307520833333
-1.0,-1.0,0.0,0.09020622916666454,17.693307520833333,17.783513749999997
-1.0,57.0,111.0,0.0644330208333343,17.783513749999997,17.84794677083333
-1.0,-1.0,0.0,0.0902062291666681,17.84794677083333,17.938153
-1.0,57.0,111.0,0.0644330208333343,17.938153,18.002586020833334
-1.0,-1.0,0.0,0.09020622916666454,18.002586020833334,18.09279225
-1.0,57.0,111.0,0.0644330208333343,18.09279225,18.157225270833333
-1.0,-1.0,0.0,0.0902062291666681,18.157225270833333,18.2474315
-1.0,59.0,119.0,0.0644330208333343,18.2474315,18.311864520833332
-1.0,-1.0,0.0,0.0902062291666681,18.311864520833332,18.40207075
-1.0,58.0,127.0,0.0644330208333308,18.40207075,18.46650377083333
-1.0,-1.0,0.0,0.0902062291666681,18.46650377083333,18.55671
-1.0,57.0,111.0,0.0644330208333343,18.55671,18.621143020833333
-1.0,-1.0,0.0,0.0902062291666681,18.621143020833333,18.71134925
-1.0,57.0,111.0,0.0644330208333343,18.71134925,18.775782270833336
-1.0,-1.0,0.0,0.09020622916666454,18.775782270833336,18.8659885
-1.0,58.0,115.0,0.0644330208333308,18.8659885,18.93042152083333
-1.0,-1.0,0.0,0.0902062291666681,18.93042152083333,19.02062775
-1.0,57.0,111.0,0.0644330208333343,19.02062775,19.085060770833334
-1.0,-1.0,0.0,0.0902062291666681,19.085060770833334,19.175267
-1.0,57.0,111.0,0.0644330208333343,19.175267,19.239700020833336
-1.0,-1.0,0.0,0.09020622916666454,19.239700020833336,19.32990625
-1.0,57.0,111.0,0.0644330208333308,19.32990625,19.39433927083333
-1.0,-1.0,0.0,0.0902062291666681,19.39433927083333,19.4845455
-1.0,59.0,119.0,0.0644330208333343,19.4845455,19.548978520833334
-1.0,-1.0,0.0,0.09020622916666454,19.548978520833334,19.63918475
-1.0,58.0,127.0,0.0644330208333343,19.63918475,19.703617770833333
-1.0,-1.0,0.0,0.0902062291666681,19.703617770833333,19.793824
-1.0,57.0,111.0,0.0644330208333308,19.793824,19.85825702083333
-1.0,-1.0,0.0,0.0902062291666681,19.85825702083333,19.94846325
-1.0,57.0,111.0,0.0644330208333343,19.94846325,20.01289627083333
-1.0,-1.0,0.0,0.0902062291666681,20.01289627083333,20.1031025
-1.0,58.0,115.0,0.0644330208333343,20.1031025,20.167535520833333
-1.0,-1.0,0.0,0.0902062291666681,20.167535520833333,20.25774175
-1.0,57.0,111.0,0.0644330208333343,20.25774175,20.322174770833332
-1.0,-1.0,0.0,0.0902062291666681,20.322174770833332,20.412381
-1.0,57.0,111.0,0.0644330208333308,20.412381,20.47681402083333
-1.0,-1.0,0.0,0.0902062291666681,20.47681402083333,20.56702025
-1.0,57.0,111.0,0.0644330208333343,20.56702025,20.631453270833333
-1.0,-1.0,0.0,0.0902062291666681,20.631453270833333,20.7216595
-1.0,59.0,119.0,0.0644330208333343,20.7216595,20.786092520833336
-1.0,-1.0,0.0,0.09020622916666454,20.786092520833336,20.87629875
-1.0,58.0,127.0,0.0644330208333308,20.87629875,20.94073177083333
-1.0,-1.0,0.0,0.0902062291666681,20.94073177083333,21.030938
-1.0,57.0,111.0,0.0644330208333343,21.030938,21.095371020833333
-1.0,-1.0,0.0,0.0902062291666681,21.095371020833333,21.18557725
-1.0,57.0,111.0,0.0644330208333343,21.18557725,21.250010270833336
-1.0,-1.0,0.0,0.09020622916666454,21.250010270833336,21.3402165
-1.0,58.0,115.0,0.0644330208333308,21.3402165,21.40464952083333
-1.0,-1.0,0.0,0.0902062291666681,21.40464952083333,21.49485575
-1.0,57.0,111.0,0.0644330208333343,21.49485575,21.559288770833334
-1.0,-1.0,0.0,0.0902062291666681,21.559288770833334,21.649495
-1.0,57.0,111.0,0.0644330208333343,21.649495,21.713928020833336
-1.0,-1.0,0.0,0.09020622916666454,21.713928020833336,21.80413425
-1.0,57.0,111.0,0.0644330208333308,21.80413425,21.86856727083333
-1.0,-1.0,0.0,0.0902062291666681,21.86856727083333,21.9587735
-1.0,59.0,119.0,0.0644330208333343,21.9587735,22.02320652083333
-1.0,-1.0,0.0,0.0902062291666681,22.02320652083333,22.11341275
-1.0,58.0,127.0,0.0644330208333343,22.11341275,22.177845770833333
-1.0,-1.0,0.0,0.0902062291666681,22.177845770833333,22.268052
-1.0,57.0,111.0,0.0644330208333343,22.268052,22.33248502083333
-1.0,-1.0,0.0,0.0902062291666681,22.33248502083333,22.42269125
-1.0,57.0,111.0,0.0644330208333308,22.42269125,22.48712427083333
-1.0,-1.0,0.0,0.0902062291666681,22.48712427083333,22.5773305
-1.0,58.0,115.0,0.0644330208333343,22.5773305,22.641763520833333
-1.0,-1.0,0.0,0.0902062291666681,22.641763520833333,22.73196975
-1.0,57.0,111.0,0.0644330208333343,22.73196975,22.796402770833332
-1.0,-1.0,0.0,0.09020622916667165,22.796402770833332,22.886609000000004
-1.0,57.0,111.0,0.0644330208333308,22.886609000000004,22.95104202083333
-1.0,-1.0,0.0,0.0902062291666681,22.95104202083333,23.04124825
-1.0,57.0,111.0,0.0644330208333343,23.04124825,23.105681270833333
-1.0,-1.0,0.0,0.0902062291666681,23.105681270833333,23.1958875
-1.0,59.0,119.0,0.0644330208333343,23.1958875,23.260320520833336
-1.0,-1.0,0.0,0.09020622916666454,23.260320520833336,23.35052675
-1.0,58.0,127.0,0.0644330208333308,23.35052675,23.41495977083333
-1.0,-1.0,0.0,0.0902062291666681,23.41495977083333,23.505166
-1.0,57.0,111.0,0.0644330208333343,23.505166,23.569599020833333
-1.0,-1.0,0.0,0.0902062291666681,23.569599020833333,23.65980525
-1.0,57.0,111.0,0.0644330208333343,23.65980525,23.724238270833336
-1.0,-1.0,0.0,0.09020622916666454,23.724238270833336,23.8144445
-1.0,58.0,115.0,0.0644330208333308,23.8144445,23.87887752083333
-1.0,-1.0,0.0,0.0902062291666681,23.87887752083333,23.96908375
-1.0,57.0,111.0,0.0644330208333343,23.96908375,24.033516770833334
-1.0,-1.0,0.0,0.09020622916666454,24.033516770833334,24.123723
-1.0,57.0,111.0,0.0644330208333343,24.123723,24.188156020833333
-1.0,-1.0,0.0,0.0902062291666681,24.188156020833333,24.27836225
-1.0,57.0,111.0,0.0644330208333343,24.27836225,24.34279527083333
-1.0,-1.0,0.0,0.0902062291666681,24.34279527083333,24.4330015
-1.0,59.0,119.0,0.0644330208333308,24.4330015,24.49743452083333
-1.0,-1.0,0.0,0.0902062291666681,24.49743452083333,24.58764075
-1.0,58.0,127.0,0.0644330208333343,24.58764075,24.652073770833336
-1.0,-1.0,0.0,0.0902062291666681,24.652073770833336,24.742280000000004
-1.0,57.0,111.0,0.0429553472222228,24.742280000000004,24.785235347222223
-1.0,-1.0,0.0,0.11168390277777718,24.785235347222223,24.89691925
-1.0,57.0,111.0,0.0429553472222216,24.89691925,24.93987459722222
-1.0,-1.0,0.0,0.11168390277777718,24.93987459722222,25.0515585
-1.0,58.0,115.0,0.0483247656250006,25.0515585,25.099883265625
-1.0,-1.0,0.0,0.10631448437500168,25.099883265625,25.20619775
-1.0,57.0,111.0,0.0429553472222228,25.20619775,25.249153097222223
-1.0,-1.0,0.0,0.11168390277777718,25.249153097222223,25.360837
-1.0,57.0,111.0,0.0429553472222193,25.360837,25.40379234722222
-1.0,-1.0,0.0,0.11168390277777718,25.40379234722222,25.515476249999995
-1.0,57.0,111.0,0.0429553472222228,25.515476249999995,25.558431597222217
-1.0,-1.0,0.0,0.11168390277778784,25.558431597222217,25.670115500000005
-1.0,53.0,108.0,0.0590636024305564,25.670115500000005,25.72917910243056
-1.0,-1.0,0.0,1.1780503975694394,25.72917910243056,26.9072295
-1.0,65.0,127.0,0.0644330208333308,26.9072295,26.97166252083333
-1.0,-1.0,0.0,0.24484547916667054,26.97166252083333,27.216508
-1.0,58.0,115.0,0.0563788932291675,27.216508,27.272886893229167
-1.0,-1.0,0.0,0.09826035677083311,27.272886893229167,27.37114725
-1.0,57.0,111.0,0.0644330208333308,27.37114725,27.435580270833327
-1.0,-1.0,0.0,0.09020622916667165,27.435580270833327,27.5257865
-1.0,58.0,115.0,0.0644330208333343,27.5257865,27.590219520833333
-1.0,-1.0,0.0,0.0902062291666681,27.590219520833333,27.68042575
-1.0,57.0,111.0,0.0644330208333343,27.68042575,27.744858770833336
-1.0,-1.0,0.0,0.09020622916666454,27.744858770833336,27.835065
-1.0,57.0,111.0,0.0644330208333308,27.835065,27.89949802083333
-1.0,-1.0,0.0,0.0902062291666681,27.89949802083333,27.98970425
-1.0,57.0,111.0,0.0644330208333343,27.98970425,28.054137270833333
-1.0,-1.0,0.0,0.0902062291666681,28.054137270833333,28.1443435
-1.0,59.0,119.0,0.0644330208333343,28.1443435,28.208776520833336
-1.0,-1.0,0.0,0.0902062291666681,28.208776520833336,28.298982750000004
-1.0,58.0,127.0,0.0644330208333343,28.298982750000004,28.36341577083334
-1.0,-1.0,0.0,0.09020622916666099,28.36341577083334,28.453622
-1.0,57.0,111.0,0.0644330208333308,28.453622,28.51805502083333
-1.0,-1.0,0.0,0.09020622916667165,28.51805502083333,28.60826125
-1.0,57.0,111.0,0.0644330208333343,28.60826125,28.672694270833336
-1.0,-1.0,0.0,0.09020622916666454,28.672694270833336,28.7629005
-1.0,58.0,115.0,0.0644330208333343,28.7629005,28.82733352083333
-1.0,-1.0,0.0,0.0902062291666681,28.82733352083333,28.91753975
-1.0,57.0,111.0,0.0644330208333308,28.91753975,28.98197277083333
-1.0,-1.0,0.0,0.09020622916666454,28.98197277083333,29.072178999999995
-1.0,57.0,111.0,0.0644330208333343,29.072178999999995,29.13661202083333
-1.0,-1.0,0.0,0.09020622916667165,29.13661202083333,29.22681825
-1.0,57.0,111.0,0.0644330208333343,29.22681825,29.29125127083333
-1.0,-1.0,0.0,0.0902062291666681,29.29125127083333,29.3814575
-1.0,59.0,119.0,0.0644330208333308,29.3814575,29.44589052083333
-1.0,-1.0,0.0,0.0902062291666681,29.44589052083333,29.53609675
-1.0,58.0,127.0,0.0644330208333343,29.53609675,29.600529770833333
-1.0,-1.0,0.0,0.0902062291666681,29.600529770833333,29.690736
-1.0,57.0,111.0,0.0644330208333343,29.690736,29.755169020833332
-1.0,-1.0,0.0,0.0902062291666681,29.755169020833332,29.84537525
-1.0,57.0,111.0,0.0644330208333308,29.84537525,29.90980827083333
-1.0,-1.0,0.0,0.0902062291666681,29.90980827083333,30.0000145
-1.0,58.0,115.0,0.0644330208333343,30.0000145,30.064447520833333
-1.0,-1.0,0.0,0.09020622916667165,30.064447520833333,30.154653750000005
-1.0,57.0,111.0,0.0644330208333343,30.154653750000005,30.21908677083334
-1.0,-1.0,0.0,0.09020622916666099,30.21908677083334,30.309293
-1.0,57.0,111.0,0.0644330208333343,30.309293,30.37372602083333
-1.0,-1.0,0.0,0.0902062291666681,30.37372602083333,30.46393225
-1.0,57.0,111.0,0.0644330208333343,30.46393225,30.528365270833334
-1.0,-1.0,0.0,0.0902062291666681,30.528365270833334,30.6185715
-1.0,59.0,119.0,0.0644330208333343,30.6185715,30.683004520833336
-1.0,-1.0,0.0,0.09020622916666454,30.683004520833336,30.77321075
-1.0,58.0,127.0,0.0644330208333343,30.77321075,30.83764377083333
-1.0,-1.0,0.0,0.0902062291666681,30.83764377083333,30.92785
-1.0,57.0,111.0,0.0644330208333308,30.92785,30.992283020833327
-1.0,-1.0,0.0,0.09020622916667165,30.992283020833327,31.08248925
-1.0,57.0,111.0,0.0644330208333343,31.08248925,31.146922270833333
-1.0,-1.0,0.0,0.0902062291666681,31.146922270833333,31.2371285
-1.0,58.0,115.0,0.0644330208333343,31.2371285,31.30156152083333
-1.0,-1.0,0.0,0.0902062291666681,31.30156152083333,31.39176775
-1.0,57.0,111.0,0.0644330208333308,31.39176775,31.45620077083333
-1.0,-1.0,0.0,0.0902062291666681,31.45620077083333,31.546407
-1.0,57.0,111.0,0.0644330208333343,31.546407,31.610840020833333
-1.0,-1.0,0.0,0.0902062291666681,31.610840020833333,31.70104625
-1.0,57.0,111.0,0.0644330208333343,31.70104625,31.765479270833332
-1.0,-1.0,0.0,0.0902062291666681,31.765479270833332,31.8556855
-1.0,59.0,119.0,0.0644330208333308,31.8556855,31.92011852083333
-1.0,-1.0,0.0,0.09020622916666454,31.92011852083333,32.010324749999995
-1.0,58.0,127.0,0.0644330208333343,32.010324749999995,32.07475777083333
-1.0,-1.0,0.0,0.0902062291666681,32.07475777083333,32.164964
-1.0,57.0,111.0,0.0644330208333343,32.164964,32.22939702083333
-1.0,-1.0,0.0,0.0902062291666681,32.22939702083333,32.31960325
-1.0,57.0,111.0,0.0644330208333343,32.31960325,32.384036270833334
-1.0,-1.0,0.0,0.09020622916666099,32.384036270833334,32.474242499999995
-1.0,58.0,115.0,0.0644330208333343,32.474242499999995,32.53867552083333
-1.0,-1.0,0.0,0.0902062291666681,32.53867552083333,32.62888175
-1.0,57.0,111.0,0.0644330208333343,32.62888175,32.69331477083333
-1.0,-1.0,0.0,0.0902062291666681,32.69331477083333,32.783521
-1.0,57.0,111.0,0.0644330208333343,32.783521,32.847954020833335
-1.0,-1.0,0.0,0.0902062291666681,32.847954020833335,32.93816025
-1.0,57.0,111.0,0.0644330208333343,32.93816025,33.00259327083334
-1.0,-1.0,0.0,0.09020622916666099,33.00259327083334,33.0927995
-1.0,59.0,119.0,0.0644330208333343,33.0927995,33.15723252083333
-1.0,-1.0,0.0,0.0902062291666681,33.15723252083333,33.24743875
-1.0,58.0,127.0,0.0644330208333343,33.24743875,33.311871770833335
-1.0,-1.0,0.0,0.0902062291666681,33.311871770833335,33.402078
-1.0,57.0,111.0,0.0644330208333343,33.402078,33.46651102083334
-1.0,-1.0,0.0,0.09020622916666099,33.46651102083334,33.55671725
-1.0,57.0,111.0,0.0644330208333343,33.55671725,33.62115027083333
-1.0,-1.0,0.0,0.0902062291666681,33.62115027083333,33.7113565
-1.0,58.0,115.0,0.0644330208333272,33.7113565,33.77578952083333
-1.0,-1.0,0.0,0.0902062291666752,33.77578952083333,33.86599575
-1.0,57.0,111.0,0.0644330208333343,33.86599575,33.93042877083334
-1.0,-1.0,0.0,0.09020622916666099,33.93042877083334,34.020635
-1.0,57.0,111.0,0.0644330208333343,34.020635,34.08506802083333
-1.0,-1.0,0.0,0.0902062291666681,34.08506802083333,34.17527425
-1.0,57.0,111.0,0.0644330208333272,34.17527425,34.23970727083333
-1.0,-1.0,0.0,0.0902062291666752,34.23970727083333,34.3299135
-1.0,59.0,119.0,0.0644330208333343,34.3299135,34.39434652083334
-1.0,-1.0,0.0,0.09020622916666099,34.39434652083334,34.48455275
-1.0,58.0,127.0,0.0644330208333343,34.48455275,34.54898577083333
-1.0,-1.0,0.0,0.0902062291666681,34.54898577083333,34.639192
-1.0,51.0,115.0,0.0644330208333272,34.639192,34.70362502083333
-1.0,-1.0,0.0,2.1005164791666715,34.70362502083333,36.8041415
-1.0,65.0,127.0,0.0644330208333343,36.8041415,36.86857452083333
-1.0,-1.0,0.0,0.24484547916667054,36.86857452083333,37.11342
-1.0,57.0,111.0,0.0644330208333343,37.11342,37.17785302083333
-1.0,-1.0,0.0,0.0902062291666681,37.17785302083333,37.26805925
-1.0,57.0,111.0,0.0644330208333343,37.26805925,37.332492270833335
-1.0,-1.0,0.0,0.0902062291666681,37.332492270833335,37.4226985
-1.0,58.0,115.0,0.0644330208333343,37.4226985,37.48713152083334
-1.0,-1.0,0.0,0.09020622916666099,37.48713152083334,37.57733775
-1.0,57.0,111.0,0.0644330208333343,37.57733775,37.64177077083333
-1.0,-1.0,0.0,0.0902062291666681,37.64177077083333,37.731977
-1.0,57.0,111.0,0.0644330208333343,37.731977,37.796410020833335
-1.0,-1.0,0.0,0.0902062291666681,37.796410020833335,37.88661625
-1.0,57.0,111.0,0.0644330208333343,37.88661625,37.95104927083334
-1.0,-1.0,0.0,0.09020622916666099,37.95104927083334,38.0412555
-1.0,59.0,119.0,0.0644330208333343,38.0412555,38.10568852083333
-1.0,-1.0,0.0,0.0902062291666681,38.10568852083333,38.19589475
-1.0,58.0,127.0,0.0644330208333272,38.19589475,38.26032777083333
-1.0,-1.0,0.0,0.0902062291666752,38.26032777083333,38.350534
-1.0,57.0,111.0,0.0644330208333343,38.350534,38.41496702083334
-1.0,-1.0,0.0,0.09020622916666099,38.41496702083334,38.50517325
-1.0,57.0,111.0,0.0644330208333343,38.50517325,38.56960627083333
-1.0,-1.0,0.0,0.0902062291666681,38.56960627083333,38.6598125
-1.0,58.0,115.0,0.0644330208333272,38.6598125,38.72424552083333
-1.0,-1.0,0.0,0.0902062291666752,38.72424552083333,38.81445175
-1.0,57.0,111.0,0.0644330208333343,38.81445175,38.87888477083334
-1.0,-1.0,0.0,0.09020622916666099,38.87888477083334,38.969091
-1.0,57.0,111.0,0.0644330208333343,38.969091,39.03352402083333
-1.0,-1.0,0.0,0.0902062291666681,39.03352402083333,39.12373025
-1.0,57.0,111.0,0.0644330208333272,39.12373025,39.18816327083333
-1.0,-1.0,0.0,0.0902062291666681,39.18816327083333,39.2783695
-1.0,59.0,119.0,0.0644330208333343,39.2783695,39.34280252083333
-1.0,-1.0,0.0,0.0902062291666681,39.34280252083333,39.43300875
-1.0,58.0,127.0,0.0644330208333343,39.43300875,39.49744177083333
-1.0,-1.0,0.0,0.0902062291666681,39.49744177083333,39.587648
-1.0,57.0,111.0,0.0644330208333272,39.587648,39.65208102083333
-1.0,-1.0,0.0,0.0902062291666681,39.65208102083333,39.74228725
-1.0,57.0,111.0,0.0644330208333343,39.74228725,39.80672027083333
-1.0,-1.0,0.0,0.0902062291666681,39.80672027083333,39.8969265
-1.0,58.0,115.0,0.0644330208333343,39.8969265,39.96135952083333
-1.0,-1.0,0.0,0.0902062291666752,39.96135952083333,40.05156575
-1.0,57.0,111.0,0.0644330208333343,40.05156575,40.115998770833336
-1.0,-1.0,0.0,0.09020622916666099,40.115998770833336,40.206205
-1.0,57.0,111.0,0.0644330208333343,40.206205,40.27063802083333
-1.0,-1.0,0.0,0.0902062291666681,40.27063802083333,40.36084425
-1.0,57.0,111.0,0.0644330208333343,40.36084425,40.42527727083333
-1.0,-1.0,0.0,0.0902062291666752,40.42527727083333,40.5154835
-1.0,59.0,119.0,0.0644330208333343,40.5154835,40.579916520833336
-1.0,-1.0,0.0,0.09020622916666099,40.579916520833336,40.67012275
-1.0,58.0,127.0,0.0644330208333343,40.67012275,40.73455577083333
-1.0,-1.0,0.0,0.0902062291666681,40.73455577083333,40.824762
-1.0,57.0,111.0,0.0644330208333343,40.824762,40.88919502083333
-1.0,-1.0,0.0,0.0902062291666752,40.88919502083333,40.97940125
-1.0,57.0,111.0,0.0644330208333343,40.97940125,41.04383427083334
-1.0,-1.0,0.0,0.09020622916666099,41.04383427083334,41.1340405
-1.0,58.0,115.0,0.0644330208333343,41.1340405,41.19847352083333
-1.0,-1.0,0.0,0.0902062291666681,41.19847352083333,41.28867975
-1.0,57.0,111.0,0.0644330208333343,41.28867975,41.35311277083333
-1.0,-1.0,0.0,0.0902062291666752,41.35311277083333,41.443319
-1.0,57.0,111.0,0.0644330208333343,41.443319,41.50775202083334
-1.0,-1.0,0.0,0.09020622916666099,41.50775202083334,41.59795825
-1.0,57.0,111.0,0.0644330208333343,41.59795825,41.66239127083333
-1.0,-1.0,0.0,0.0902062291666681,41.66239127083333,41.7525975
-1.0,59.0,119.0,0.0644330208333343,41.7525975,41.817030520833335
-1.0,-1.0,0.0,0.0902062291666681,41.817030520833335,41.90723675
-1.0,58.0,127.0,0.0644330208333343,41.90723675,41.97166977083334
-1.0,-1.0,0.0,0.09020622916666099,41.97166977083334,42.061876
-1.0,57.0,111.0,0.0644330208333343,42.061876,42.12630902083333
-1.0,-1.0,0.0,0.0902062291666681,42.12630902083333,42.21651525
-1.0,57.0,111.0,0.0644330208333272,42.21651525,42.28094827083333
-1.0,-1.0,0.0,0.0902062291666752,42.28094827083333,42.3711545
-1.0,58.0,115.0,0.0644330208333343,42.3711545,42.43558752083334
-1.0,-1.0,0.0,0.09020622916666099,42.43558752083334,42.52579375
-1.0,57.0,111.0,0.0644330208333343,42.52579375,42.59022677083333
-1.0,-1.0,0.0,0.0902062291666681,42.59022677083333,42.680433
-1.0,57.0,111.0,0.0644330208333272,42.680433,42.74486602083333
-1.0,-1.0,0.0,0.0902062291666752,42.74486602083333,42.83507225
-1.0,57.0,111.0,0.0644330208333343,42.83507225,42.89950527083334
-1.0,-1.0,0.0,0.09020622916666099,42.89950527083334,42.9897115
-1.0,59.0,119.0,0.0644330208333343,42.9897115,43.05414452083333
-1.0,-1.0,0.0,0.0902062291666681,43.05414452083333,43.14435075
-1.0,58.0,127.0,0.0644330208333272,43.14435075,43.20878377083333
-1.0,-1.0,0.0,0.0902062291666752,43.20878377083333,43.29899
-1.0,57.0,111.0,0.0644330208333343,43.29899,43.36342302083334
-1.0,-1.0,0.0,0.09020622916666099,43.36342302083334,43.45362925
-1.0,57.0,111.0,0.0644330208333343,43.45362925,43.51806227083333
-1.0,-1.0,0.0,0.0902062291666681,43.51806227083333,43.6082685
-1.0,58.0,115.0,0.0644330208333272,43.6082685,43.67270152083333
-1.0,-1.0,0.0,0.09020622916666099,43.67270152083333,43.76290774999999
-1.0,57.0,111.0,0.0644330208333343,43.76290774999999,43.82734077083333
-1.0,-1.0,0.0,0.09020622916666099,43.82734077083333,43.91754699999999
-1.0,57.0,111.0,0.0644330208333343,43.91754699999999,43.981980020833326
-1.0,-1.0,0.0,0.0902062291666752,43.981980020833326,44.07218625
-1.0,57.0,111.0,0.0644330208333343,44.07218625,44.13661927083333
-1.0,-1.0,0.0,0.0902062291666681,44.13661927083333,44.2268255
-1.0,59.0,119.0,0.0644330208333343,44.2268255,44.29125852083333
-1.0,-1.0,0.0,0.0902062291666681,44.29125852083333,44.38146475
-1.0,58.0,127.0,0.0644330208333343,44.38146475,44.44589777083333
-1.0,-1.0,0.0,0.0902062291666752,44.44589777083333,44.536104
-1.0,57.0,111.0,0.0644330208333343,44.536104,44.600537020833336
-1.0,-1.0,0.0,0.09020622916666099,44.600537020833336,44.69074325
-1.0,57.0,111.0,0.0644330208333343,44.69074325,44.75517627083333
-1.0,-1.0,0.0,0.0902062291666681,44.75517627083333,44.8453825
-1.0,58.0,115.0,0.0644330208333343,44.8453825,44.90981552083333
-1.0,-1.0,0.0,0.0902062291666752,44.90981552083333,45.00002175
-1.0,57.0,111.0,0.0644330208333343,45.00002175,45.064454770833336
-1.0,-1.0,0.0,0.09020622916666099,45.064454770833336,45.154661
-1.0,57.0,111.0,0.0644330208333343,45.154661,45.21909402083333
-1.0,-1.0,0.0,0.0902062291666681,45.21909402083333,45.30930025
-1.0,57.0,111.0,0.0644330208333343,45.30930025,45.37373327083333
-1.0,-1.0,0.0,0.0902062291666752,45.37373327083333,45.4639395
-1.0,59.0,119.0,0.0644330208333343,45.4639395,45.52837252083334
-1.0,-1.0,0.0,0.0902062291666681,45.52837252083334,45.618578750000005
-1.0,58.0,127.0,0.0644330208333343,45.618578750000005,45.68301177083334
-1.0,-1.0,0.0,0.0902062291666681,45.68301177083334,45.77321800000001
-1.0,57.0,111.0,0.0644330208333343,45.77321800000001,45.83765102083334
-1.0,-1.0,0.0,0.0902062291666681,45.83765102083334,45.92785725000001
-1.0,57.0,111.0,0.0644330208333343,45.92785725000001,45.992290270833344
-1.0,-1.0,0.0,0.09020622916665388,45.992290270833344,46.0824965
-1.0,58.0,115.0,0.0644330208333343,46.0824965,46.14692952083333
-1.0,-1.0,0.0,0.0902062291666681,46.14692952083333,46.23713575
-1.0,57.0,111.0,0.0644330208333272,46.23713575,46.30156877083333
-1.0,-1.0,0.0,0.0902062291666752,46.30156877083333,46.391775
-1.0,57.0,111.0,0.0644330208333343,46.391775,46.45620802083334
-1.0,-1.0,0.0,0.09020622916666099,46.45620802083334,46.54641425
-1.0,57.0,111.0,0.0644330208333343,46.54641425,46.61084727083333
-1.0,-1.0,0.0,0.0902062291666681,46.61084727083333,46.7010535
-1.0,59.0,119.0,0.0644330208333272,46.7010535,46.76548652083333
-1.0,-1.0,0.0,0.0902062291666752,46.76548652083333,46.85569275
-1.0,58.0,127.0,0.0644330208333343,46.85569275,46.92012577083334
-1.0,-1.0,0.0,0.09020622916666099,46.92012577083334,47.010332
-1.0,57.0,111.0,0.0644330208333343,47.010332,47.07476502083333
-1.0,-1.0,0.0,0.0902062291666681,47.07476502083333,47.16497125
-1.0,57.0,111.0,0.0644330208333272,47.16497125,47.22940427083333
-1.0,-1.0,0.0,0.0902062291666752,47.22940427083333,47.3196105
-1.0,58.0,115.0,0.0644330208333343,47.3196105,47.38404352083334
-1.0,-1.0,0.0,0.09020622916665388,47.38404352083334,47.47424974999999
-1.0,57.0,111.0,0.0644330208333343,47.47424974999999,47.538682770833326
-1.0,-1.0,0.0,0.0902062291666752,47.538682770833326,47.628889
-1.0,57.0,111.0,0.0644330208333272,47.628889,47.69332202083332
-1.0,-1.0,0.0,0.0902062291666823,47.69332202083332,47.78352825
-1.0,57.0,111.0,0.0644330208333343,47.78352825,47.84796127083333
-1.0,-1.0,0.0,0.0902062291666681,47.84796127083333,47.9381675
-1.0,59.0,119.0,0.0644330208333343,47.9381675,48.00260052083333
-1.0,-1.0,0.0,0.0902062291666681,48.00260052083333,48.09280675
-1.0,58.0,127.0,0.0644330208333343,48.09280675,48.157239770833336
-1.0,-1.0,0.0,0.09020622916666099,48.157239770833336,48.247446
-1.0,57.0,111.0,0.0644330208333343,48.247446,48.31187902083333
-1.0,-1.0,0.0,0.0902062291666681,48.31187902083333,48.40208525
-1.0,57.0,111.0,0.0644330208333343,48.40208525,48.46651827083333
-1.0,-1.0,0.0,0.0902062291666681,48.46651827083333,48.5567245
-1.0,58.0,115.0,0.0644330208333343,48.5567245,48.621157520833336
-1.0,-1.0,0.0,0.09020622916666099,48.621157520833336,48.71136375
-1.0,57.0,111.0,0.0644330208333343,48.71136375,48.77579677083333
-1.0,-1.0,0.0,0.0902062291666681,48.77579677083333,48.866003
-1.0,57.0,111.0,0.0644330208333343,48.866003,48.93043602083333
-1.0,-1.0,0.0,0.0902062291666681,48.93043602083333,49.02064225
-1.0,57.0,111.0,0.0644330208333343,49.02064225,49.085075270833336
-1.0,-1.0,0.0,0.09020622916666099,49.085075270833336,49.1752815
-1.0,59.0,119.0,0.0644330208333343,49.1752815,49.23971452083333
-1.0,-1.0,0.0,0.0902062291666752,49.23971452083333,49.32992075000001
-1.0,58.0,127.0,0.0644330208333343,49.32992075000001,49.39435377083334
-1.0,-1.0,0.0,0.0902062291666681,49.39435377083334,49.48456000000001
-1.0,57.0,111.0,0.0644330208333343,49.48456000000001,49.54899302083334
-1.0,-1.0,0.0,0.09020622916665388,49.54899302083334,49.63919925
-1.0,57.0,111.0,0.0644330208333343,49.63919925,49.70363227083333
-1.0,-1.0,0.0,0.0902062291666681,49.70363227083333,49.7938385
-1.0,58.0,115.0,0.0644330208333343,49.7938385,49.85827152083333
-1.0,-1.0,0.0,0.0902062291666752,49.85827152083333,49.94847775
-1.0,57.0,111.0,0.0644330208333343,49.94847775,50.01291077083334
-1.0,-1.0,0.0,0.09020622916666099,50.01291077083334,50.103117
-1.0,57.0,111.0,0.0644330208333343,50.103117,50.16755002083333
-1.0,-1.0,0.0,0.0902062291666681,50.16755002083333,50.25775625
-1.0,57.0,111.0,0.0644330208333343,50.25775625,50.32218927083333
-1.0,-1.0,0.0,0.0902062291666752,50.32218927083333,50.4123955
-1.0,59.0,119.0,0.0644330208333343,50.4123955,50.47682852083334
-1.0,-1.0,0.0,0.09020622916666099,50.47682852083334,50.56703475
-1.0,58.0,127.0,0.0644330208333343,50.56703475,50.63146777083333
-1.0,-1.0,0.0,0.0902062291666681,50.63146777083333,50.721674
-1.0,57.0,111.0,0.0644330208333272,50.721674,50.78610702083333
-1.0,-1.0,0.0,0.0902062291666752,50.78610702083333,50.87631325
-1.0,57.0,111.0,0.0644330208333343,50.87631325,50.94074627083334
-1.0,-1.0,0.0,0.09020622916666099,50.94074627083334,51.0309525
-1.0,58.0,115.0,0.0644330208333343,51.0309525,51.09538552083333
-1.0,-1.0,0.0,0.09020622916666099,51.09538552083333,51.18559174999999
-1.0,57.0,111.0,0.0644330208333272,51.18559174999999,51.25002477083332
-1.0,-1.0,0.0,0.0902062291666823,51.25002477083332,51.340231
-1.0,57.0,111.0,0.0644330208333343,51.340231,51.40466402083333
-1.0,-1.0,0.0,0.0902062291666681,51.40466402083333,51.49487025
-1.0,57.0,111.0,0.0644330208333343,51.49487025,51.55930327083333
-1.0,-1.0,0.0,0.0902062291666681,51.55930327083333,51.6495095
-1.0,59.0,119.0,0.0644330208333272,51.6495095,51.71394252083333
-1.0,-1.0,0.0,0.0902062291666752,51.71394252083333,51.80414875
-1.0,58.0,127.0,0.0644330208333343,51.80414875,51.86858177083334
-1.0,-1.0,0.0,0.09020622916666099,51.86858177083334,51.958788
-1.0,57.0,111.0,0.0644330208333343,51.958788,52.02322102083333
-1.0,-1.0,0.0,0.0902062291666681,52.02322102083333,52.11342725
-1.0,57.0,111.0,0.0644330208333343,52.11342725,52.177860270833335
-1.0,-1.0,0.0,0.0902062291666681,52.177860270833335,52.2680665
-1.0,58.0,115.0,0.0644330208333343,52.2680665,52.33249952083334
-1.0,-1.0,0.0,0.09020622916666099,52.33249952083334,52.42270575
-1.0,57.0,111.0,0.0644330208333343,52.42270575,52.48713877083333
-1.0,-1.0,0.0,0.0902062291666681,52.48713877083333,52.577345
-1.0,57.0,111.0,0.0644330208333343,52.577345,52.641778020833335
-1.0,-1.0,0.0,0.09020622916666099,52.641778020833335,52.73198425
-1.0,57.0,111.0,0.0644330208333343,52.73198425,52.79641727083334
-1.0,-1.0,0.0,0.09020622916666099,52.79641727083334,52.8866235
-1.0,59.0,119.0,0.0644330208333343,52.8866235,52.95105652083333
-1.0,-1.0,0.0,0.0902062291666752,52.95105652083333,53.04126275000001
-1.0,58.0,127.0,0.0644330208333343,53.04126275000001,53.10569577083334
-1.0,-1.0,0.0,0.09020622916665388,53.10569577083334,53.195902
-1.0,57.0,111.0,0.0644330208333343,53.195902,53.26033502083333
-1.0,-1.0,0.0,0.0902062291666681,53.26033502083333,53.35054125
-1.0,57.0,111.0,0.0644330208333343,53.35054125,53.41497427083333
-1.0,-1.0,0.0,0.0902062291666681,53.41497427083333,53.5051805
-1.0,58.0,115.0,0.0644330208333343,53.5051805,53.569613520833336
-1.0,-1.0,0.0,0.09020622916666099,53.569613520833336,53.65981975
-1.0,57.0,111.0,0.0644330208333343,53.65981975,53.72425277083333
-1.0,-1.0,0.0,0.0902062291666681,53.72425277083333,53.814459
-1.0,57.0,111.0,0.0644330208333343,53.814459,53.87889202083333
-1.0,-1.0,0.0,0.0902062291666752,53.87889202083333,53.96909825
-1.0,57.0,111.0,0.0644330208333343,53.96909825,54.033531270833336
-1.0,-1.0,0.0,0.09020622916666099,54.033531270833336,54.1237375
-1.0,59.0,119.0,0.0644330208333343,54.1237375,54.18817052083333
-1.0,-1.0,0.0,0.0902062291666681,54.18817052083333,54.27837675
-1.0,58.0,127.0,0.0644330208333343,54.27837675,54.34280977083333
-1.0,-1.0,0.0,0.0902062291666752,54.34280977083333,54.433016
-1.0,57.0,111.0,0.0644330208333343,54.433016,54.497449020833336
-1.0,-1.0,0.0,0.09020622916665388,54.497449020833336,54.58765524999999
-1.0,57.0,111.0,0.0644330208333343,54.58765524999999,54.652088270833325
-1.0,-1.0,0.0,0.0902062291666752,54.652088270833325,54.7422945
-1.0,58.0,115.0,0.0644330208333272,54.7422945,54.80672752083333
-1.0,-1.0,0.0,0.0902062291666752,54.80672752083333,54.89693375
-1.0,57.0,111.0,0.0644330208333343,54.89693375,54.96136677083333
-1.0,-1.0,0.0,0.0902062291666681,54.96136677083333,55.051573
-1.0,57.0,111.0,0.0644330208333343,55.051573,55.11600602083333
-1.0,-1.0,0.0,0.0902062291666681,55.11600602083333,55.20621225
-1.0,57.0,111.0,0.0644330208333272,55.20621225,55.27064527083333
-1.0,-1.0,0.0,0.0902062291666752,55.27064527083333,55.3608515
-1.0,59.0,119.0,0.0644330208333343,55.3608515,55.42528452083334
-1.0,-1.0,0.0,0.09020622916666099,55.42528452083334,55.51549075
-1.0,58.0,127.0,0.0644330208333343,55.51549075,55.57992377083333
-1.0,-1.0,0.0,0.0902062291666681,55.57992377083333,55.67013
-1.0,57.0,111.0,0.0644330208333272,55.67013,55.73456302083333
-1.0,-1.0,0.0,0.0902062291666752,55.73456302083333,55.82476925
-1.0,57.0,111.0,0.0644330208333343,55.82476925,55.88920227083334
-1.0,-1.0,0.0,0.09020622916666099,55.88920227083334,55.9794085
-1.0,58.0,115.0,0.0644330208333343,55.9794085,56.04384152083333
-1.0,-1.0,0.0,0.0902062291666681,56.04384152083333,56.13404775
-1.0,57.0,111.0,0.0644330208333272,56.13404775,56.19848077083333
-1.0,-1.0,0.0,0.0902062291666752,56.19848077083333,56.288687
-1.0,57.0,111.0,0.0644330208333343,56.288687,56.35312002083334
-1.0,-1.0,0.0,0.0902062291666681,56.35312002083334,56.443326250000005
-1.0,57.0,111.0,0.0644330208333343,56.443326250000005,56.50775927083334
-1.0,-1.0,0.0,0.09020622916666099,56.50775927083334,56.5979655
-1.0,59.0,119.0,0.0644330208333343,56.5979655,56.662398520833335
-1.0,-1.0,0.0,0.0902062291666752,56.662398520833335,56.75260475000001
-1.0,58.0,127.0,0.0644330208333343,56.75260475000001,56.81703777083335
-1.0,-1.0,0.0,0.09020622916664678,56.81703777083335,56.907244
-1.0,57.0,111.0,0.0644330208333343,56.907244,56.97167702083333
-1.0,-1.0,0.0,0.0902062291666681,56.97167702083333,57.06188325
-1.0,57.0,111.0,0.0644330208333343,57.06188325,57.126316270833335
-1.0,-1.0,0.0,0.0902062291666681,57.126316270833335,57.2165225
-1.0,58.0,115.0,0.0644330208333343,57.2165225,57.28095552083334
-1.0,-1.0,0.0,0.09020622916666099,57.28095552083334,57.37116175
-1.0,57.0,111.0,0.0644330208333343,57.37116175,57.43559477083333
-1.0,-1.0,0.0,0.0902062291666681,57.43559477083333,57.525801
-1.0,57.0,111.0,0.0644330208333343,57.525801,57.590234020833336
-1.0,-1.0,0.0,0.09020622916666099,57.590234020833336,57.68044025
-1.0,57.0,111.0,0.0644330208333343,57.68044025,57.74487327083333
-1.0,-1.0,0.0,0.0902062291666681,57.74487327083333,57.8350795
-1.0,59.0,119.0,0.0644330208333343,57.8350795,57.89951252083333
-1.0,-1.0,0.0,0.0902062291666681,57.89951252083333,57.98971875
-1.0,58.0,127.0,0.0644330208333343,57.98971875,58.054151770833336
-1.0,-1.0,0.0,0.09020622916665388,58.054151770833336,58.14435799999999
-1.0,57.0,111.0,0.0644330208333343,58.14435799999999,58.20879102083333
-1.0,-1.0,0.0,0.09020622916666099,58.20879102083333,58.29899724999999
-1.0,57.0,111.0,0.0644330208333343,58.29899724999999,58.36343027083333
-1.0,-1.0,0.0,0.0902062291666752,58.36343027083333,58.4536365
-1.0,58.0,115.0,0.0644330208333343,58.4536365,58.518069520833336
-1.0,-1.0,0.0,0.09020622916666099,58.518069520833336,58.60827575
-1.0,57.0,111.0,0.0644330208333343,58.60827575,58.67270877083333
-1.0,-1.0,0.0,0.0902062291666681,58.67270877083333,58.762915
-1.0,57.0,111.0,0.0644330208333272,58.762915,58.82734802083333
-1.0,-1.0,0.0,0.0902062291666752,58.82734802083333,58.91755425
-1.0,57.0,111.0,0.0644330208333343,58.91755425,58.981987270833336
-1.0,-1.0,0.0,0.09020622916666099,58.981987270833336,59.0721935
-1.0,59.0,119.0,0.0644330208333343,59.0721935,59.13662652083333
-1.0,-1.0,0.0,0.0902062291666681,59.13662652083333,59.22683275
-1.0,58.0,127.0,0.0644330208333272,59.22683275,59.29126577083333
-1.0,-1.0,0.0,0.0902062291666752,59.29126577083333,59.381472
-1.0,57.0,111.0,0.0644330208333343,59.381472,59.44590502083334
-1.0,-1.0,0.0,0.09020622916666099,59.44590502083334,59.53611125
-1.0,57.0,111.0,0.0644330208333343,59.53611125,59.60054427083333
-1.0,-1.0,0.0,0.0902062291666681,59.60054427083333,59.6907505
-1.0,58.0,115.0,0.0644330208333272,59.6907505,59.75518352083333
-1.0,-1.0,0.0,0.0902062291666752,59.75518352083333,59.84538975
-1.0,57.0,111.0,0.0644330208333343,59.84538975,59.90982277083334
-1.0,-1.0,0.0,0.0902062291666681,59.90982277083334,60.000029000000005
-1.0,57.0,111.0,0.0644330208333343,60.000029000000005,60.06446202083334
-1.0,-1.0,0.0,0.0902062291666681,60.06446202083334,60.15466825000001
-1.0,57.0,111.0,0.0644330208333272,60.15466825000001,60.219101270833335
-1.0,-1.0,0.0,0.0902062291666681,60.219101270833335,60.3093075
-1.0,59.0,119.0,0.0644330208333343,60.3093075,60.37374052083334
-1.0,-1.0,0.0,0.09020622916666099,60.37374052083334,60.46394675
-1.0,58.0,127.0,0.0644330208333343,60.46394675,60.52837977083333
-1.0,-1.0,0.0,0.09020622916666099,60.52837977083333,60.61858599999999
-1.0,57.0,111.0,0.0644330208333343,60.61858599999999,60.68301902083333
-1.0,-1.0,0.0,0.0902062291666752,60.68301902083333,60.77322525
-1.0,57.0,111.0,0.0644330208333343,60.77322525,60.83765827083334
-1.0,-1.0,0.0,0.09020622916666099,60.83765827083334,60.9278645
-1.0,58.0,115.0,0.0644330208333343,60.9278645,60.99229752083333
-1.0,-1.0,0.0,0.0902062291666681,60.99229752083333,61.08250375
-1.0,57.0,111.0,0.0644330208333343,61.08250375,61.146936770833335
-1.0,-1.0,0.0,0.0902062291666681,61.146936770833335,61.237143
-1.0,57.0,111.0,0.0644330208333343,61.237143,61.30157602083334
-1.0,-1.0,0.0,0.09020622916666099,61.30157602083334,61.39178225
-1.0,57.0,111.0,0.0644330208333343,61.39178225,61.45621527083333
-1.0,-1.0,0.0,0.0902062291666681,61.45621527083333,61.5464215
-1.0,59.0,119.0,0.0644330208333343,61.5464215,61.610854520833335
-1.0,-1.0,0.0,0.0902062291666681,61.610854520833335,61.70106075
-1.0,58.0,127.0,0.0644330208333343,61.70106075,61.76549377083334
-1.0,-1.0,0.0,0.09020622916665388,61.76549377083334,61.85569999999999
-1.0,57.0,111.0,0.0644330208333343,61.85569999999999,61.920133020833326
-1.0,-1.0,0.0,0.0902062291666752,61.920133020833326,62.01033925
-1.0,57.0,111.0,0.0644330208333343,62.01033925,62.07477227083333
-1.0,-1.0,0.0,0.0902062291666681,62.07477227083333,62.1649785
-1.0,58.0,115.0,0.0644330208333343,62.1649785,62.22941152083333
-1.0,-1.0,0.0,0.0902062291666681,62.22941152083333,62.31961775
-1.0,57.0,111.0,0.0644330208333343,62.31961775,62.38405077083333
-1.0,-1.0,0.0,0.0902062291666681,62.38405077083333,62.474257
-1.0,57.0,111.0,0.0644330208333343,62.474257,62.538690020833336
-1.0,-1.0,0.0,0.09020622916666099,62.538690020833336,62.62889625
-1.0,57.0,111.0,0.0644330208333343,62.62889625,62.69332927083333
-1.0,-1.0,0.0,0.0902062291666681,62.69332927083333,62.7835355
-1.0,59.0,119.0,0.0644330208333343,62.7835355,62.84796852083333
-1.0,-1.0,0.0,0.0902062291666752,62.84796852083333,62.93817475
-1.0,58.0,127.0,0.0644330208333343,62.93817475,63.002607770833336
-1.0,-1.0,0.0,0.09020622916666099,63.002607770833336,63.092814
-1.0,57.0,111.0,0.0644330208333343,63.092814,63.15724702083333
-1.0,-1.0,0.0,0.0902062291666681,63.15724702083333,63.24745325
-1.0,57.0,111.0,0.0644330208333272,63.24745325,63.31188627083333
-1.0,-1.0,0.0,0.0902062291666752,63.31188627083333,63.4020925
-1.0,58.0,115.0,0.0644330208333343,63.4020925,63.466525520833336
-1.0,-1.0,0.0,0.09020622916666099,63.466525520833336,63.55673175
-1.0,57.0,111.0,0.0644330208333343,63.55673175,63.62116477083334
-1.0,-1.0,0.0,0.0902062291666681,63.62116477083334,63.71137100000001
-1.0,57.0,111.0,0.0644330208333272,63.71137100000001,63.77580402083333
-1.0,-1.0,0.0,0.0902062291666823,63.77580402083333,63.86601025000001
-1.0,57.0,111.0,0.0644330208333343,63.86601025000001,63.930443270833344
-1.0,-1.0,0.0,0.09020622916664678,63.930443270833344,64.02064949999999
-1.0,59.0,119.0,0.0644330208333343,64.02064949999999,64.08508252083332
-1.0,-1.0,0.0,0.0902062291666681,64.08508252083332,64.17528874999999
-1.0,58.0,127.0,0.0644330208333343,64.17528874999999,64.23972177083333
-1.0,-1.0,0.0,0.0902062291666681,64.23972177083333,64.329928
-1.0,57.0,111.0,0.0644330208333343,64.329928,64.39436102083333
-1.0,-1.0,0.0,0.0902062291666681,64.39436102083333,64.48456725
-1.0,57.0,111.0,0.0644330208333343,64.48456725,64.54900027083333
-1.0,-1.0,0.0,0.0902062291666681,64.54900027083333,64.6392065
-1.0,58.0,115.0,0.0644330208333343,64.6392065,64.70363952083333
-1.0,-1.0,0.0,0.0902062291666681,64.70363952083333,64.79384575
-1.0,57.0,111.0,0.0644330208333343,64.79384575,64.85827877083334
-1.0,-1.0,0.0,0.09020622916665388,64.85827877083334,64.94848499999999
-1.0,57.0,111.0,0.0644330208333343,64.94848499999999,65.01291802083333
-1.0,-1.0,0.0,0.0902062291666681,65.01291802083333,65.10312425
-1.0,57.0,111.0,0.0644330208333343,65.10312425,65.16755727083333
-1.0,-1.0,0.0,0.0902062291666681,65.16755727083333,65.2577635
-1.0,59.0,119.0,0.0644330208333343,65.2577635,65.32219652083333
-1.0,-1.0,0.0,0.0902062291666681,65.32219652083333,65.41240275
-1.0,58.0,127.0,0.0644330208333343,65.41240275,65.47683577083333
-1.0,-1.0,0.0,0.0902062291666681,65.47683577083333,65.567042
-1.0,57.0,111.0,0.0644330208333343,65.567042,65.63147502083334
-1.0,-1.0,0.0,0.0902062291666681,65.63147502083334,65.72168125
-1.0,57.0,111.0,0.0644330208333201,65.72168125,65.78611427083332
-1.0,-1.0,0.0,0.0902062291666681,65.78611427083332,65.87632049999999
-1.0,58.0,115.0,0.0644330208333343,65.87632049999999,65.94075352083333
-1.0,-1.0,0.0,0.0902062291666681,65.94075352083333,66.03095975
-1.0,57.0,111.0,0.0644330208333343,66.03095975,66.09539277083333
-1.0,-1.0,0.0,0.0902062291666681,66.09539277083333,66.185599
-1.0,57.0,111.0,0.0644330208333343,66.185599,66.25003202083333
-1.0,-1.0,0.0,0.0902062291666681,66.25003202083333,66.34023825
-1.0,57.0,111.0,0.0644330208333343,66.34023825,66.40467127083333
-1.0,-1.0,0.0,0.0902062291666681,66.40467127083333,66.4948775
-1.0,59.0,119.0,0.0644330208333343,66.4948775,66.55931052083334
-1.0,-1.0,0.0,0.0902062291666681,66.55931052083334,66.64951675
-1.0,58.0,127.0,0.0644330208333201,66.64951675,66.71394977083332
-1.0,-1.0,0.0,0.0902062291666681,66.71394977083332,66.80415599999999
-1.0,57.0,111.0,0.0644330208333343,66.80415599999999,66.86858902083333
-1.0,-1.0,0.0,0.0902062291666681,66.86858902083333,66.95879525
-1.0,57.0,111.0,0.0644330208333343,66.95879525,67.02322827083333
-1.0,-1.0,0.0,0.0902062291666681,67.02322827083333,67.1134345
-1.0,58.0,115.0,0.0644330208333343,67.1134345,67.17786752083333
-1.0,-1.0,0.0,0.0902062291666681,67.17786752083333,67.26807375
-1.0,57.0,111.0,0.0644330208333343,67.26807375,67.33250677083333
-1.0,-1.0,0.0,0.0902062291666681,67.33250677083333,67.422713
-1.0,57.0,111.0,0.0644330208333343,67.422713,67.48714602083334
-1.0,-1.0,0.0,0.09020622916665388,67.48714602083334,67.57735224999999
-1.0,57.0,111.0,0.0644330208333343,67.57735224999999,67.64178527083332
-1.0,-1.0,0.0,0.0902062291666681,67.64178527083332,67.73199149999999
-1.0,59.0,119.0,0.0644330208333343,67.73199149999999,67.79642452083333
-1.0,-1.0,0.0,0.0902062291666681,67.79642452083333,67.88663075
-1.0,58.0,127.0,0.0644330208333343,67.88663075,67.95106377083333
-1.0,-1.0,0.0,0.0902062291666681,67.95106377083333,68.04127
-1.0,57.0,111.0,0.0644330208333343,68.04127,68.10570302083333
-1.0,-1.0,0.0,0.0902062291666681,68.10570302083333,68.19590925
-1.0,57.0,111.0,0.0644330208333343,68.19590925,68.26034227083333
-1.0,-1.0,0.0,0.0902062291666681,68.26034227083333,68.3505485
-1.0,58.0,115.0,0.0644330208333343,68.3505485,68.41498152083334
-1.0,-1.0,0.0,0.09020622916665388,68.41498152083334,68.50518774999999
-1.0,57.0,111.0,0.0644330208333343,68.50518774999999,68.56962077083332
-1.0,-1.0,0.0,0.0902062291666681,68.56962077083332,68.65982699999999
-1.0,57.0,111.0,0.0644330208333343,68.65982699999999,68.72426002083333
-1.0,-1.0,0.0,0.0902062291666681,68.72426002083333,68.81446625
-1.0,57.0,111.0,0.0644330208333343,68.81446625,68.87889927083333
-1.0,-1.0,0.0,0.0902062291666681,68.87889927083333,68.9691055
-1.0,59.0,119.0,0.0644330208333343,68.9691055,69.03353852083333
-1.0,-1.0,0.0,0.0902062291666681,69.03353852083333,69.12374475
-1.0,58.0,127.0,0.0644330208333343,69.12374475,69.18817777083333
-1.0,-1.0,0.0,0.0902062291666681,69.18817777083333,69.278384
-1.0,57.0,111.0,0.0644330208333201,69.278384,69.34281702083332
-1.0,-1.0,0.0,0.0902062291666681,69.34281702083332,69.43302324999999
-1.0,57.0,111.0,0.0644330208333343,69.43302324999999,69.49745627083333
-1.0,-1.0,0.0,0.0902062291666681,69.49745627083333,69.5876625
-1.0,58.0,115.0,0.0644330208333343,69.5876625,69.65209552083333
-1.0,-1.0,0.0,0.0902062291666681,69.65209552083333,69.74230175
-1.0,57.0,111.0,0.0644330208333343,69.74230175,69.80673477083333
-1.0,-1.0,0.0,0.0902062291666681,69.80673477083333,69.896941
-1.0,57.0,111.0,0.0644330208333343,69.896941,69.96137402083333
-1.0,-1.0,0.0,0.0902062291666681,69.96137402083333,70.05158025
-1.0,57.0,111.0,0.0644330208333343,70.05158025,70.11601327083334
-1.0,-1.0,0.0,0.0902062291666681,70.11601327083334,70.2062195
-1.0,59.0,119.0,0.0644330208333201,70.2062195,70.27065252083332
-1.0,-1.0,0.0,0.0902062291666681,70.27065252083332,70.36085874999999
-1.0,58.0,127.0,0.0644330208333343,70.36085874999999,70.42529177083333
-1.0,-1.0,0.0,0.0902062291666681,70.42529177083333,70.515498
-1.0,57.0,111.0,0.0644330208333343,70.515498,70.57993102083333
-1.0,-1.0,0.0,0.0902062291666681,70.57993102083333,70.67013725
-1.0,57.0,111.0,0.0644330208333343,70.67013725,70.73457027083333
-1.0,-1.0,0.0,0.0902062291666681,70.73457027083333,70.8247765
-1.0,58.0,115.0,0.0644330208333343,70.8247765,70.88920952083333
-1.0,-1.0,0.0,0.0902062291666681,70.88920952083333,70.97941575
-1.0,57.0,111.0,0.0644330208333343,70.97941575,71.04384877083334
-1.0,-1.0,0.0,0.09020622916665388,71.04384877083334,71.13405499999999
-1.0,57.0,111.0,0.0644330208333343,71.13405499999999,71.19848802083332
-1.0,-1.0,0.0,0.0902062291666681,71.19848802083332,71.28869424999999
-1.0,57.0,111.0,0.0644330208333343,71.28869424999999,71.35312727083333
-1.0,-1.0,0.0,0.0902062291666681,71.35312727083333,71.4433335
-1.0,59.0,119.0,0.0644330208333343,71.4433335,71.50776652083333
-1.0,-1.0,0.0,0.0902062291666681,71.50776652083333,71.59797275
-1.0,58.0,127.0,0.0644330208333343,71.59797275,71.66240577083333
-1.0,-1.0,0.0,0.0902062291666681,71.66240577083333,71.752612
-1.0,57.0,111.0,0.0644330208333343,71.752612,71.81704502083333
-1.0,-1.0,0.0,0.0902062291666681,71.81704502083333,71.90725125
-1.0,57.0,111.0,0.0644330208333343,71.90725125,71.97168427083334
-1.0,-1.0,0.0,0.09020622916665388,71.97168427083334,72.06189049999999
-1.0,58.0,115.0,0.0644330208333343,72.06189049999999,72.12632352083332
-1.0,-1.0,0.0,0.0902062291666681,72.12632352083332,72.21652974999999
-1.0,57.0,111.0,0.0644330208333343,72.21652974999999,72.28096277083333
-1.0,-1.0,0.0,0.0902062291666681,72.28096277083333,72.371169
-1.0,57.0,111.0,0.0644330208333343,72.371169,72.43560202083333
-1.0,-1.0,0.0,0.0902062291666681,72.43560202083333,72.52580825
-1.0,57.0,111.0,0.0644330208333343,72.52580825,72.59024127083333
-1.0,-1.0,0.0,0.0902062291666681,72.59024127083333,72.6804475
-1.0,59.0,119.0,0.0644330208333343,72.6804475,72.74488052083333
-1.0,-1.0,0.0,0.0902062291666681,72.74488052083333,72.83508675
-1.0,58.0,127.0,0.0644330208333343,72.83508675,72.89951977083334
-1.0,-1.0,0.0,0.09020622916665388,72.89951977083334,72.98972599999999
-1.0,57.0,111.0,0.0644330208333343,72.98972599999999,73.05415902083332
-1.0,-1.0,0.0,0.0902062291666681,73.05415902083332,73.14436524999999
-1.0,57.0,111.0,0.0644330208333343,73.14436524999999,73.20879827083333
-1.0,-1.0,0.0,0.0902062291666681,73.20879827083333,73.2990045
-1.0,58.0,115.0,0.0644330208333343,73.2990045,73.36343752083333
-1.0,-1.0,0.0,0.0902062291666681,73.36343752083333,73.45364375
-1.0,57.0,111.0,0.0644330208333343,73.45364375,73.51807677083333
-1.0,-1.0,0.0,0.0902062291666681,73.51807677083333,73.608283
-1.0,57.0,111.0,0.0644330208333343,73.608283,73.67271602083333
-1.0,-1.0,0.0,0.0902062291666681,73.67271602083333,73.76292225
-1.0,57.0,111.0,0.0644330208333201,73.76292225,73.82735527083332
-1.0,-1.0,0.0,0.0902062291666681,73.82735527083332,73.91756149999999
-1.0,59.0,119.0,0.0644330208333343,73.91756149999999,73.98199452083333
-1.0,-1.0,0.0,0.0902062291666681,73.98199452083333,74.07220075
-1.0,58.0,127.0,0.0644330208333343,74.07220075,74.13663377083333
-1.0,-1.0,0.0,0.0902062291666681,74.13663377083333,74.22684
-1.0,57.0,111.0,0.0644330208333343,74.22684,74.29127302083333
-1.0,-1.0,0.0,0.0902062291666681,74.29127302083333,74.38147925
-1.0,57.0,111.0,0.0644330208333343,74.38147925,74.44591227083333
-1.0,-1.0,0.0,0.0902062291666681,74.44591227083333,74.5361185
-1.0,58.0,115.0,0.0644330208333343,74.5361185,74.60055152083333
-1.0,-1.0,0.0,0.0902062291666681,74.60055152083333,74.69075775
-1.0,57.0,111.0,0.0644330208333201,74.69075775,74.75519077083332
-1.0,-1.0,0.0,0.0902062291666681,74.75519077083332,74.84539699999999
-1.0,57.0,111.0,0.0644330208333343,74.84539699999999,74.90983002083333
-1.0,-1.0,0.0,0.0902062291666681,74.90983002083333,75.00003625
-1.0,57.0,111.0,0.0644330208333343,75.00003625,75.06446927083333
-1.0,-1.0,0.0,0.0902062291666681,75.06446927083333,75.1546755
-1.0,59.0,119.0,0.0644330208333343,75.1546755,75.21910852083333
-1.0,-1.0,0.0,0.0902062291666681,75.21910852083333,75.30931475
-1.0,58.0,127.0,0.0644330208333343,75.30931475,75.37374777083333
-1.0,-1.0,0.0,0.0902062291666681,75.37374777083333,75.463954
-1.0,57.0,111.0,0.0644330208333343,75.463954,75.52838702083334
-1.0,-1.0,0.0,0.09020622916665388,75.52838702083334,75.61859324999999
-1.0,57.0,111.0,0.0644330208333343,75.61859324999999,75.68302627083332
-1.0,-1.0,0.0,0.0902062291666681,75.68302627083332,75.77323249999999
-1.0,58.0,115.0,0.0644330208333343,75.77323249999999,75.83766552083333
-1.0,-1.0,0.0,0.0902062291666681,75.83766552083333,75.92787175
-1.0,57.0,111.0,0.0644330208333343,75.92787175,75.99230477083333
-1.0,-1.0,0.0,0.0902062291666681,75.99230477083333,76.082511
-1.0,57.0,111.0,0.0644330208333343,76.082511,76.14694402083333
-1.0,-1.0,0.0,0.0902062291666681,76.14694402083333,76.23715025
-1.0,57.0,111.0,0.0644330208333343,76.23715025,76.30158327083333
-1.0,-1.0,0.0,0.0902062291666681,76.30158327083333,76.3917895
-1.0,59.0,119.0,0.0644330208333343,76.3917895,76.45622252083334
-1.0,-1.0,0.0,0.09020622916665388,76.45622252083334,76.54642874999999
-1.0,58.0,127.0,0.0644330208333343,76.54642874999999,76.61086177083332
-1.0,-1.0,0.0,0.0902062291666681,76.61086177083332,76.70106799999999
-1.0,57.0,111.0,0.0644330208333343,76.70106799999999,76.76550102083333
-1.0,-1.0,0.0,0.0902062291666681,76.76550102083333,76.85570725
-1.0,57.0,111.0,0.0644330208333343,76.85570725,76.92014027083333
-1.0,-1.0,0.0,0.0902062291666681,76.92014027083333,77.0103465
-1.0,58.0,115.0,0.0644330208333343,77.0103465,77.07477952083333
-1.0,-1.0,0.0,0.0902062291666681,77.07477952083333,77.16498575
-1.0,57.0,111.0,0.0644330208333343,77.16498575,77.22941877083333
-1.0,-1.0,0.0,0.0902062291666681,77.22941877083333,77.319625
-1.0,57.0,111.0,0.0644330208333343,77.319625,77.38405802083334
-1.0,-1.0,0.0,0.09020622916665388,77.38405802083334,77.47426424999999
-1.0,57.0,111.0,0.0644330208333343,77.47426424999999,77.53869727083332
-1.0,-1.0,0.0,0.0902062291666681,77.53869727083332,77.62890349999999
-1.0,59.0,119.0,0.0644330208333343,77.62890349999999,77.69333652083333
-1.0,-1.0,0.0,0.0902062291666681,77.69333652083333,77.78354275
-1.0,58.0,127.0,0.0644330208333343,77.78354275,77.84797577083333
-1.0,-1.0,0.0,0.0902062291666681,77.84797577083333,77.938182
-1.0,57.0,111.0,0.0644330208333343,77.938182,78.00261502083333
-1.0,-1.0,0.0,0.0902062291666681,78.00261502083333,78.09282125
-1.0,57.0,111.0,0.0644330208333343,78.09282125,78.15725427083333
-1.0,-1.0,0.0,0.0902062291666681,78.15725427083333,78.2474605
-1.0,58.0,115.0,0.0644330208333201,78.2474605,78.31189352083332
-1.0,-1.0,0.0,0.0902062291666681,78.31189352083332,78.40209974999999
-1.0,57.0,111.0,0.0644330208333343,78.40209974999999,78.46653277083333
-1.0,-1.0,0.0,0.0902062291666681,78.46653277083333,78.556739
-1.0,57.0,111.0,0.0644330208333343,78.556739,78.62117202083333
-1.0,-1.0,0.0,0.0902062291666681,78.62117202083333,78.71137825
-1.0,57.0,111.0,0.0644330208333343,78.71137825,78.77581127083333
-1.0,-1.0,0.0,0.0902062291666681,78.77581127083333,78.8660175
-1.0,59.0,119.0,0.0644330208333343,78.8660175,78.93045052083333
-1.0,-1.0,0.0,0.0902062291666681,78.93045052083333,79.02065675
-1.0,58.0,127.0,0.0644330208333343,79.02065675,79.08508977083333
-1.0,-1.0,0.0,0.0902062291666681,79.08508977083333,79.175296
-1.0,57.0,111.0,0.0644330208333201,79.175296,79.23972902083332
-1.0,-1.0,0.0,0.0902062291666681,79.23972902083332,79.32993524999999
-1.0,57.0,111.0,0.0644330208333343,79.32993524999999,79.39436827083333
-1.0,-1.0,0.0,0.0902062291666681,79.39436827083333,79.4845745
-1.0,58.0,115.0,0.0644330208333343,79.4845745,79.54900752083333
-1.0,-1.0,0.0,0.0902062291666681,79.54900752083333,79.63921375
-1.0,57.0,111.0,0.0644330208333343,79.63921375,79.70364677083333
-1.0,-1.0,0.0,0.0902062291666681,79.70364677083333,79.793853
-1.0,57.0,111.0,0.0644330208333343,79.793853,79.85828602083333
-1.0,-1.0,0.0,0.0902062291666681,79.85828602083333,79.94849225
-1.0,57.0,111.0,0.0644330208333343,79.94849225,80.01292527083334
-1.0,-1.0,0.0,0.09020622916665388,80.01292527083334,80.10313149999999
-1.0,59.0,119.0,0.0644330208333343,80.10313149999999,80.16756452083332
-1.0,-1.0,0.0,0.0902062291666681,80.16756452083332,80.25777074999999
-1.0,58.0,127.0,0.0644330208333343,80.25777074999999,80.32220377083333
-1.0,-1.0,0.0,0.0902062291666681,80.32220377083333,80.41241
-1.0,57.0,111.0,0.0644330208333343,80.41241,80.47684302083333
-1.0,-1.0,0.0,0.0902062291666681,80.47684302083333,80.56704925
-1.0,57.0,111.0,0.0644330208333343,80.56704925,80.63148227083333
-1.0,-1.0,0.0,0.0902062291666681,80.63148227083333,80.7216885
-1.0,58.0,115.0,0.0644330208333343,80.7216885,80.78612152083333
-1.0,-1.0,0.0,0.0902062291666681,80.78612152083333,80.87632775
-1.0,57.0,111.0,0.0644330208333343,80.87632775,80.94076077083334
-1.0,-1.0,0.0,0.09020622916665388,80.94076077083334,81.03096699999999
-1.0,57.0,111.0,0.0644330208333343,81.03096699999999,81.09540002083332
-1.0,-1.0,0.0,0.0902062291666681,81.09540002083332,81.18560624999999
-1.0,57.0,111.0,0.0644330208333343,81.18560624999999,81.25003927083333
-1.0,-1.0,0.0,0.0902062291666681,81.25003927083333,81.3402455
-1.0,59.0,119.0,0.0644330208333343,81.3402455,81.40467852083333
-1.0,-1.0,0.0,0.0902062291666681,81.40467852083333,81.49488475
-1.0,58.0,127.0,0.0644330208333343,81.49488475,81.55931777083333
-1.0,-1.0,0.0,0.0902062291666681,81.55931777083333,81.649524
-1.0,57.0,111.0,0.0644330208333343,81.649524,81.71395702083333
-1.0,-1.0,0.0,0.0902062291666681,81.71395702083333,81.80416325
-1.0,57.0,111.0,0.0644330208333201,81.80416325,81.86859627083332
-1.0,-1.0,0.0,0.0902062291666681,81.86859627083332,81.95880249999999
-1.0,58.0,115.0,0.0644330208333343,81.95880249999999,82.02323552083332
-1.0,-1.0,0.0,0.0902062291666681,82.02323552083332,82.11344174999999
-1.0,57.0,111.0,0.0644330208333343,82.11344174999999,82.17787477083333
-1.0,-1.0,0.0,0.0902062291666681,82.17787477083333,82.268081
-1.0,57.0,111.0,0.0644330208333343,82.268081,82.33251402083333
-1.0,-1.0,0.0,0.0902062291666681,82.33251402083333,82.42272025
-1.0,57.0,111.0,0.0644330208333343,82.42272025,82.48715327083333
-1.0,-1.0,0.0,0.0902062291666681,82.48715327083333,82.5773595
-1.0,59.0,119.0,0.0644330208333343,82.5773595,82.64179252083333
-1.0,-1.0,0.0,0.0902062291666681,82.64179252083333,82.73199875
-1.0,58.0,127.0,0.0644330208333201,82.73199875,82.79643177083332
-1.0,-1.0,0.0,0.0902062291666681,82.79643177083332,82.88663799999999
-1.0,57.0,111.0,0.0644330208333343,82.88663799999999,82.95107102083333
-1.0,-1.0,0.0,0.0902062291666681,82.95107102083333,83.04127725
-1.0,57.0,111.0,0.0644330208333343,83.04127725,83.10571027083333
-1.0,-1.0,0.0,0.0902062291666681,83.10571027083333,83.1959165
-1.0,58.0,115.0,0.0644330208333343,83.1959165,83.26034952083333
-1.0,-1.0,0.0,0.0902062291666681,83.26034952083333,83.35055575
-1.0,57.0,111.0,0.0644330208333343,83.35055575,83.41498877083333
-1.0,-1.0,0.0,0.0902062291666681,83.41498877083333,83.505195
-1.0,57.0,111.0,0.0644330208333343,83.505195,83.56962802083333
-1.0,-1.0,0.0,0.09020622916665388,83.56962802083333,83.65983424999999
-1.0,57.0,111.0,0.0644330208333343,83.65983424999999,83.72426727083332
-1.0,-1.0,0.0,0.0902062291666681,83.72426727083332,83.81447349999999
-1.0,59.0,119.0,0.0644330208333343,83.81447349999999,83.87890652083333
-1.0,-1.0,0.0,0.0902062291666681,83.87890652083333,83.96911275
-1.0,58.0,127.0,0.0644330208333343,83.96911275,84.03354577083333
-1.0,-1.0,0.0,0.0902062291666681,84.03354577083333,84.123752
-1.0,57.0,111.0,0.0644330208333343,84.123752,84.18818502083333
-1.0,-1.0,0.0,0.0902062291666681,84.18818502083333,84.27839125
-1.0,57.0,111.0,0.0644330208333343,84.27839125,84.34282427083333
-1.0,-1.0,0.0,0.0902062291666681,84.34282427083333,84.4330305
-1.0,58.0,115.0,0.0644330208333343,84.4330305,84.49746352083334
-1.0,-1.0,0.0,0.09020622916665388,84.49746352083334,84.58766974999999
-1.0,57.0,111.0,0.0644330208333343,84.58766974999999,84.65210277083332
-1.0,-1.0,0.0,0.0902062291666681,84.65210277083332,84.74230899999999
-1.0,57.0,111.0,0.0644330208333343,84.74230899999999,84.80674202083333
-1.0,-1.0,0.0,0.0902062291666681,84.80674202083333,84.89694825
-1.0,57.0,111.0,0.0644330208333343,84.89694825,84.96138127083333
-1.0,-1.0,0.0,0.0902062291666681,84.96138127083333,85.0515875
-1.0,59.0,119.0,0.0644330208333343,85.0515875,85.11602052083333
-1.0,-1.0,0.0,0.0902062291666681,85.11602052083333,85.20622675
-1.0,58.0,127.0,0.0644330208333343,85.20622675,85.27065977083333
-1.0,-1.0,0.0,0.0902062291666681,85.27065977083333,85.360866
-1.0,57.0,111.0,0.0644330208333343,85.360866,85.42529902083334
-1.0,-1.0,0.0,0.09020622916665388,85.42529902083334,85.51550524999999
-1.0,57.0,111.0,0.0644330208333343,85.51550524999999,85.57993827083332
-1.0,-1.0,0.0,0.0902062291666681,85.57993827083332,85.67014449999999
-1.0,58.0,115.0,0.0644330208333343,85.67014449999999,85.73457752083333
-1.0,-1.0,0.0,0.0902062291666681,85.73457752083333,85.82478375
-1.0,57.0,111.0,0.0644330208333343,85.82478375,85.88921677083333
-1.0,-1.0,0.0,0.0902062291666681,85.88921677083333,85.979423
-1.0,57.0,111.0,0.0644330208333343,85.979423,86.04385602083333
-1.0,-1.0,0.0,0.0902062291666681,86.04385602083333,86.13406225
-1.0,57.0,111.0,0.0644330208333343,86.13406225,86.19849527083333
-1.0,-1.0,0.0,0.0902062291666681,86.19849527083333,86.2887015
-1.0,59.0,119.0,0.0644330208333201,86.2887015,86.35313452083332
-1.0,-1.0,0.0,0.0902062291666681,86.35313452083332,86.44334074999999
-1.0,58.0,127.0,0.0644330208333343,86.44334074999999,86.50777377083332
-1.0,-1.0,0.0,0.0902062291666681,86.50777377083332,86.59797999999999
-1.0,57.0,111.0,0.0644330208333343,86.59797999999999,86.66241302083333
-1.0,-1.0,0.0,0.0902062291666681,86.66241302083333,86.75261925
-1.0,57.0,111.0,0.0644330208333343,86.75261925,86.81705227083333
-1.0,-1.0,0.0,0.0902062291666681,86.81705227083333,86.9072585
-1.0,58.0,115.0,0.0644330208333343,86.9072585,86.97169152083333
-1.0,-1.0,0.0,0.0902062291666681,86.97169152083333,87.06189775
-1.0,57.0,111.0,0.0644330208333343,87.06189775,87.12633077083333
-1.0,-1.0,0.0,0.0902062291666681,87.12633077083333,87.216537
-1.0,57.0,111.0,0.0644330208333201,87.216537,87.28097002083332
-1.0,-1.0,0.0,0.0902062291666823,87.28097002083332,87.37117625
-1.0,57.0,111.0,0.0644330208333343,87.37117625,87.43560927083334
-1.0,-1.0,0.0,0.09020622916665388,87.43560927083334,87.5258155
-1.0,59.0,119.0,0.0644330208333343,87.5258155,87.59024852083333
-1.0,-1.0,0.0,0.0902062291666823,87.59024852083333,87.68045475000001
-1.0,58.0,127.0,0.0644330208333343,87.68045475000001,87.74488777083334
-1.0,-1.0,0.0,0.09020622916663967,87.74488777083334,87.83509399999998
-1.0,57.0,111.0,0.0644330208333343,87.83509399999998,87.89952702083332
-1.0,-1.0,0.0,0.09020622916669652,87.89952702083332,87.98973325000001
-1.0,57.0,111.0,0.0644330208333343,87.98973325000001,88.05416627083335
-1.0,-1.0,0.0,0.09020622916663967,88.05416627083335,88.14437249999999
-1.0,58.0,115.0,0.0644330208333343,88.14437249999999,88.20880552083332
-1.0,-1.0,0.0,0.0902062291666681,88.20880552083332,88.29901174999999
-1.0,57.0,111.0,0.0644330208333343,88.29901174999999,88.36344477083333
-1.0,-1.0,0.0,0.0902062291666681,88.36344477083333,88.453651
-1.0,57.0,111.0,0.0644330208333343,88.453651,88.51808402083333
-1.0,-1.0,0.0,0.0902062291666681,88.51808402083333,88.60829025
-1.0,57.0,111.0,0.0644330208333343,88.60829025,88.67272327083333
-1.0,-1.0,0.0,0.0902062291666681,88.67272327083333,88.7629295
-1.0,59.0,119.0,0.0644330208333343,88.7629295,88.82736252083333
-1.0,-1.0,0.0,0.0902062291666681,88.82736252083333,88.91756875
-1.0,58.0,127.0,0.0644330208333343,88.91756875,88.98200177083334
-1.0,-1.0,0.0,0.09020622916665388,88.98200177083334,89.07220799999999
-1.0,57.0,111.0,0.0644330208333343,89.07220799999999,89.13664102083332
-1.0,-1.0,0.0,0.0902062291666681,89.13664102083332,89.22684724999999
-1.0,57.0,111.0,0.0644330208333343,89.22684724999999,89.29128027083333
-1.0,-1.0,0.0,0.0902062291666681,89.29128027083333,89.3814865
-1.0,58.0,115.0,0.0644330208333343,89.3814865,89.44591952083333
-1.0,-1.0,0.0,0.0902062291666681,89.44591952083333,89.53612575
-1.0,57.0,111.0,0.0644330208333343,89.53612575,89.60055877083333
-1.0,-1.0,0.0,0.0902062291666681,89.60055877083333,89.690765
-1.0,57.0,111.0,0.0644330208333343,89.690765,89.75519802083333
-1.0,-1.0,0.0,0.0902062291666681,89.75519802083333,89.84540425
-1.0,57.0,111.0,0.0644330208333343,89.84540425,89.90983727083334
-1.0,-1.0,0.0,0.09020622916665388,89.90983727083334,90.00004349999999
-1.0,59.0,119.0,0.0644330208333343,90.00004349999999,90.06447652083332
-1.0,-1.0,0.0,0.0902062291666823,90.06447652083332,90.15468275
-1.0,58.0,127.0,0.0644330208333343,90.15468275,90.21911577083334
-1.0,-1.0,0.0,0.09020622916665388,90.21911577083334,90.309322
-1.0,57.0,111.0,0.0644330208333343,90.309322,90.37375502083331
-1.0,-1.0,0.0,0.0902062291666823,90.37375502083331,90.46396125
-1.0,57.0,111.0,0.0644330208333343,90.46396125,90.52839427083332
-1.0,-1.0,0.0,0.0902062291666823,90.52839427083332,90.6186005
-1.0,58.0,115.0,0.0644330208333343,90.6186005,90.68303352083332
-1.0,-1.0,0.0,0.0902062291666823,90.68303352083332,90.77323975
-1.0,57.0,111.0,0.0644330208333201,90.77323975,90.83767277083332
-1.0,-1.0,0.0,0.0902062291666823,90.83767277083332,90.927879
-1.0,57.0,111.0,0.0644330208333343,90.927879,90.99231202083334
-1.0,-1.0,0.0,0.0902062291666681,90.99231202083334,91.08251825
-1.0,57.0,111.0,0.0644330208333343,91.08251825,91.14695127083334
-1.0,-1.0,0.0,0.09020622916665388,91.14695127083334,91.2371575
-1.0,59.0,119.0,0.0644330208333343,91.2371575,91.30159052083332
-1.0,-1.0,0.0,0.0902062291666681,91.30159052083332,91.39179674999998
-1.0,58.0,127.0,0.0644330208333343,91.39179674999998,91.45622977083332
-1.0,-1.0,0.0,0.0902062291666823,91.45622977083332,91.546436
-1.0,57.0,111.0,0.0644330208333343,91.546436,91.61086902083336
-1.0,-1.0,0.0,0.09020622916663967,91.61086902083336,91.70107525
-1.0,57.0,111.0,0.0644330208333343,91.70107525,91.76550827083332
-1.0,-1.0,0.0,0.0902062291666823,91.76550827083332,91.8557145
-1.0,58.0,115.0,0.0644330208333343,91.8557145,91.92014752083334
-1.0,-1.0,0.0,0.09020622916665388,91.92014752083334,92.01035375
-1.0,57.0,111.0,0.0644330208333343,92.01035375,92.07478677083331
-1.0,-1.0,0.0,0.0902062291666823,92.07478677083331,92.164993
-1.0,57.0,111.0,0.0644330208333343,92.164993,92.22942602083332
-1.0,-1.0,0.0,0.0902062291666823,92.22942602083332,92.31963225
-1.0,57.0,111.0,0.0644330208333343,92.31963225,92.38406527083332
-1.0,-1.0,0.0,0.0902062291666823,92.38406527083332,92.4742715
-1.0,59.0,119.0,0.0644330208333343,92.4742715,92.53870452083332
-1.0,-1.0,0.0,0.0902062291666823,92.53870452083332,92.62891075
-1.0,58.0,127.0,0.0644330208333343,92.62891075,92.69334377083334
-1.0,-1.0,0.0,0.0902062291666681,92.69334377083334,92.78355
-1.0,57.0,111.0,0.0644330208333343,92.78355,92.84798302083334
-1.0,-1.0,0.0,0.09020622916665388,92.84798302083334,92.93818925
-1.0,57.0,111.0,0.0644330208333343,92.93818925,93.00262227083331
-1.0,-1.0,0.0,0.0902062291666823,93.00262227083331,93.0928285
-1.0,58.0,115.0,0.0644330208333343,93.0928285,93.15726152083332
-1.0,-1.0,0.0,0.0902062291666823,93.15726152083332,93.24746775
-1.0,57.0,111.0,0.0644330208333343,93.24746775,93.31190077083332
-1.0,-1.0,0.0,0.0902062291666823,93.31190077083332,93.402107
-1.0,57.0,111.0,0.0644330208333343,93.402107,93.46654002083334
-1.0,-1.0,0.0,0.0902062291666681,93.46654002083334,93.55674625
-1.0,57.0,111.0,0.0644330208333343,93.55674625,93.62117927083334
-1.0,-1.0,0.0,0.0902062291666681,93.62117927083334,93.7113855
-1.0,59.0,119.0,0.0644330208333343,93.7113855,93.77581852083334
-1.0,-1.0,0.0,0.09020622916665388,93.77581852083334,93.86602475
-1.0,58.0,127.0,0.0644330208333343,93.86602475,93.93045777083331
-1.0,-1.0,0.0,0.0902062291666823,93.93045777083331,94.020664
-1.0,57.0,111.0,0.0644330208333343,94.020664,94.08509702083332
-1.0,-1.0,0.0,0.0902062291666823,94.08509702083332,94.17530325
-1.0,57.0,111.0,0.0644330208333343,94.17530325,94.23973627083332
-1.0,-1.0,0.0,0.0902062291666823,94.23973627083332,94.3299425
-1.0,58.0,115.0,0.0644330208333201,94.3299425,94.39437552083332
-1.0,-1.0,0.0,0.0902062291666823,94.39437552083332,94.48458175
-1.0,57.0,111.0,0.0644330208333343,94.48458175,94.54901477083334
-1.0,-1.0,0.0,0.0902062291666681,94.54901477083334,94.639221
-1.0,57.0,111.0,0.0644330208333343,94.639221,94.70365402083334
-1.0,-1.0,0.0,0.09020622916665388,94.70365402083334,94.79386025
-1.0,57.0,111.0,0.0644330208333343,94.79386025,94.85829327083334
-1.0,-1.0,0.0,0.09020622916665388,94.85829327083334,94.9484995
-1.0,59.0,119.0,0.0644330208333343,94.9484995,95.01293252083332
-1.0,-1.0,0.0,0.0902062291666823,95.01293252083332,95.10313875
-1.0,58.0,127.0,0.0644330208333343,95.10313875,95.16757177083336
-1.0,-1.0,0.0,0.09020622916663967,95.16757177083336,95.257778
-1.0,57.0,111.0,0.0644330208333201,95.257778,95.32221102083332
-1.0,-1.0,0.0,0.09020622916669652,95.32221102083332,95.41241725000002
-1.0,57.0,111.0,0.0644330208333343,95.41241725000002,95.47685027083337
-1.0,-1.0,0.0,0.09020622916663967,95.47685027083337,95.5670565
-1.0,58.0,115.0,0.0644330208333343,95.5670565,95.63148952083334
-1.0,-1.0,0.0,0.09020622916665388,95.63148952083334,95.72169575
-1.0,57.0,111.0,0.0644330208333343,95.72169575,95.78612877083332
-1.0,-1.0,0.0,0.0902062291666823,95.78612877083332,95.876335
-1.0,57.0,111.0,0.0644330208333343,95.876335,95.94076802083332
-1.0,-1.0,0.0,0.0902062291666823,95.94076802083332,96.03097425
-1.0,57.0,111.0,0.0644330208333343,96.03097425,96.09540727083332
-1.0,-1.0,0.0,0.0902062291666823,96.09540727083332,96.1856135
-1.0,59.0,119.0,0.0644330208333343,96.1856135,96.25004652083334
-1.0,-1.0,0.0,0.0902062291666681,96.25004652083334,96.34025275
-1.0,58.0,127.0,0.0644330208333343,96.34025275,96.40468577083334
-1.0,-1.0,0.0,0.09020622916665388,96.40468577083334,96.494892
-1.0,57.0,111.0,0.0644330208333343,96.494892,96.55932502083331
-1.0,-1.0,0.0,0.0902062291666823,96.55932502083331,96.64953125
-1.0,57.0,111.0,0.0644330208333343,96.64953125,96.71396427083332
-1.0,-1.0,0.0,0.0902062291666823,96.71396427083332,96.8041705
-1.0,58.0,115.0,0.0644330208333343,96.8041705,96.86860352083332
-1.0,-1.0,0.0,0.0902062291666823,96.86860352083332,96.95880975
-1.0,57.0,111.0,0.0644330208333343,96.95880975,97.02324277083332
-1.0,-1.0,0.0,0.0902062291666823,97.02324277083332,97.113449
-1.0,57.0,111.0,0.0644330208333343,97.113449,97.17788202083334
-1.0,-1.0,0.0,0.0902062291666681,97.17788202083334,97.26808825
-1.0,57.0,111.0,0.0644330208333343,97.26808825,97.33252127083334
-1.0,-1.0,0.0,0.09020622916665388,97.33252127083334,97.4227275
-1.0,59.0,119.0,0.0644330208333343,97.4227275,97.48716052083331
-1.0,-1.0,0.0,0.0902062291666823,97.48716052083331,97.57736675
-1.0,58.0,127.0,0.0644330208333343,97.57736675,97.64179977083332
-1.0,-1.0,0.0,0.0902062291666823,97.64179977083332,97.732006
-1.0,57.0,111.0,0.0644330208333343,97.732006,97.79643902083332
-1.0,-1.0,0.0,0.0902062291666823,97.79643902083332,97.88664525
-1.0,57.0,111.0,0.0644330208333343,97.88664525,97.95107827083334
-1.0,-1.0,0.0,0.0902062291666681,97.95107827083334,98.0412845
-1.0,58.0,115.0,0.0644330208333343,98.0412845,98.10571752083334
-1.0,-1.0,0.0,0.0902062291666681,98.10571752083334,98.19592375
-1.0,57.0,111.0,0.0644330208333343,98.19592375,98.26035677083334
-1.0,-1.0,0.0,0.09020622916665388,98.26035677083334,98.350563
-1.0,57.0,111.0,0.0644330208333343,98.350563,98.41499602083334
-1.0,-1.0,0.0,0.09020622916663967,98.41499602083334,98.50520224999998
-1.0,57.0,111.0,0.0644330208333343,98.50520224999998,98.56963527083332
-1.0,-1.0,0.0,0.0902062291666823,98.56963527083332,98.6598415
-1.0,59.0,119.0,0.0644330208333343,98.6598415,98.72427452083332
-1.0,-1.0,0.0,0.0902062291666823,98.72427452083332,98.81448075
-1.0,58.0,127.0,0.0644330208333201,98.81448075,98.87891377083332
-1.0,-1.0,0.0,0.09020622916669652,98.87891377083332,98.96912000000002
-1.0,57.0,111.0,0.0644330208333343,98.96912000000002,99.03355302083337
-1.0,-1.0,0.0,0.09020622916663967,99.03355302083337,99.12375925
-1.0,57.0,111.0,0.0644330208333343,99.12375925,99.18819227083333
-1.0,-1.0,0.0,0.0902062291666681,99.18819227083333,99.2783985
-1.0,58.0,115.0,0.0644330208333343,99.2783985,99.34283152083331
-1.0,-1.0,0.0,0.0902062291666823,99.34283152083331,99.43303775
-1.0,57.0,111.0,0.0644330208333343,99.43303775,99.49747077083332
-1.0,-1.0,0.0,0.0902062291666823,99.49747077083332,99.587677
-1.0,57.0,111.0,0.0644330208333343,99.587677,99.65211002083332
-1.0,-1.0,0.0,0.0902062291666823,99.65211002083332,99.74231625
-1.0,57.0,111.0,0.0644330208333201,99.74231625,99.80674927083332
-1.0,-1.0,0.0,0.0902062291666823,99.80674927083332,99.8969555
-1.0,59.0,119.0,0.0644330208333343,99.8969555,99.96138852083334
-1.0,-1.0,0.0,0.0902062291666681,99.96138852083334,100.05159475
-1.0,58.0,127.0,0.0644330208333343,100.05159475,100.11602777083334
-1.0,-1.0,0.0,0.09020622916665388,100.11602777083334,100.206234
-1.0,57.0,111.0,0.0644330208333343,100.206234,100.27066702083332
-1.0,-1.0,0.0,0.0902062291666823,100.27066702083332,100.36087325
-1.0,57.0,111.0,0.0644330208333343,100.36087325,100.42530627083332
-1.0,-1.0,0.0,0.0902062291666823,100.42530627083332,100.5155125
-1.0,58.0,115.0,0.0644330208333343,100.5155125,100.57994552083332
-1.0,-1.0,0.0,0.0902062291666823,100.57994552083332,100.67015175
-1.0,57.0,111.0,0.0644330208333343,100.67015175,100.73458477083334
-1.0,-1.0,0.0,0.0902062291666681,100.73458477083334,100.824791
-1.0,57.0,111.0,0.0644330208333343,100.824791,100.88922402083334
-1.0,-1.0,0.0,0.09020622916665388,100.88922402083334,100.97943025
-1.0,57.0,111.0,0.0644330208333343,100.97943025,101.04386327083331
-1.0,-1.0,0.0,0.0902062291666823,101.04386327083331,101.1340695
-1.0,59.0,119.0,0.0644330208333343,101.1340695,101.19850252083332
-1.0,-1.0,0.0,0.0902062291666823,101.19850252083332,101.28870875
-1.0,58.0,127.0,0.0644330208333343,101.28870875,101.35314177083332
-1.0,-1.0,0.0,0.0902062291666823,101.35314177083332,101.443348
-1.0,57.0,111.0,0.0644330208333343,101.443348,101.50778102083332
-1.0,-1.0,0.0,0.0902062291666823,101.50778102083332,101.59798725
-1.0,57.0,111.0,0.0644330208333343,101.59798725,101.66242027083334
-1.0,-1.0,0.0,0.0902062291666681,101.66242027083334,101.7526265
-1.0,58.0,115.0,0.0644330208333343,101.7526265,101.81705952083334
-1.0,-1.0,0.0,0.09020622916665388,101.81705952083334,101.90726575
-1.0,57.0,111.0,0.0644330208333343,101.90726575,101.97169877083334
-1.0,-1.0,0.0,0.09020622916663967,101.97169877083334,102.06190499999998
-1.0,57.0,111.0,0.0644330208333343,102.06190499999998,102.12633802083332
-1.0,-1.0,0.0,0.0902062291666823,102.12633802083332,102.21654425
-1.0,57.0,111.0,0.0644330208333343,102.21654425,102.28097727083336
-1.0,-1.0,0.0,0.09020622916663967,102.28097727083336,102.3711835
-1.0,59.0,119.0,0.0644330208333343,102.3711835,102.43561652083334
-1.0,-1.0,0.0,0.0902062291666823,102.43561652083334,102.52582275000002
-1.0,58.0,127.0,0.0644330208333343,102.52582275000002,102.59025577083337
-1.0,-1.0,0.0,0.09020622916663967,102.59025577083337,102.680462
-1.0,57.0,111.0,0.0644330208333343,102.680462,102.74489502083333
-1.0,-1.0,0.0,0.0902062291666681,102.74489502083333,102.83510125
-1.0,57.0,111.0,0.0644330208333343,102.83510125,102.89953427083331
-1.0,-1.0,0.0,0.0902062291666823,102.89953427083331,102.9897405
-1.0,58.0,115.0,0.0644330208333343,102.9897405,103.05417352083332
-1.0,-1.0,0.0,0.0902062291666823,103.05417352083332,103.14437975
-1.0,57.0,111.0,0.0644330208333343,103.14437975,103.20881277083332
-1.0,-1.0,0.0,0.0902062291666823,103.20881277083332,103.299019
-1.0,57.0,111.0,0.0644330208333201,103.299019,103.36345202083332
-1.0,-1.0,0.0,0.0902062291666823,103.36345202083332,103.45365825
-1.0,57.0,111.0,0.0644330208333343,103.45365825,103.51809127083334
-1.0,-1.0,0.0,0.0902062291666681,103.51809127083334,103.6082975
-1.0,59.0,119.0,0.0644330208333343,103.6082975,103.67273052083334
-1.0,-1.0,0.0,0.09020622916665388,103.67273052083334,103.76293675
-1.0,58.0,127.0,0.0644330208333343,103.76293675,103.82736977083331
-1.0,-1.0,0.0,0.0902062291666823,103.82736977083331,103.917576
-1.0,57.0,111.0,0.0644330208333343,103.917576,103.98200902083332
-1.0,-1.0,0.0,0.0902062291666823,103.98200902083332,104.07221525
-1.0,57.0,111.0,0.0644330208333343,104.07221525,104.13664827083332
-1.0,-1.0,0.0,0.0902062291666823,104.13664827083332,104.2268545
-1.0,58.0,115.0,0.0644330208333343,104.2268545,104.29128752083334
-1.0,-1.0,0.0,0.0902062291666681,104.29128752083334,104.38149375
-1.0,57.0,111.0,0.0644330208333343,104.38149375,104.44592677083334
-1.0,-1.0,0.0,0.0902062291666681,104.44592677083334,104.536133
-1.0,57.0,111.0,0.0644330208333343,104.536133,104.60056602083334
-1.0,-1.0,0.0,0.09020622916665388,104.60056602083334,104.69077225
-1.0,57.0,111.0,0.0644330208333343,104.69077225,104.75520527083332
-1.0,-1.0,0.0,0.0902062291666823,104.75520527083332,104.8454115
-1.0,59.0,119.0,0.0644330208333343,104.8454115,104.90984452083332
-1.0,-1.0,0.0,0.0902062291666823,104.90984452083332,105.00005075
-1.0,58.0,127.0,0.0644330208333343,105.00005075,105.06448377083332
-1.0,-1.0,0.0,0.0902062291666823,105.06448377083332,105.15469
-1.0,57.0,111.0,0.0644330208333343,105.15469,105.21912302083334
-1.0,-1.0,0.0,0.0902062291666681,105.21912302083334,105.30932925
-1.0,57.0,111.0,0.0644330208333343,105.30932925,105.37376227083334
-1.0,-1.0,0.0,0.09020622916665388,105.37376227083334,105.4639685
-1.0,58.0,115.0,0.0644330208333343,105.4639685,105.52840152083331
-1.0,-1.0,0.0,0.0902062291666681,105.52840152083331,105.61860774999998
-1.0,57.0,111.0,0.0644330208333343,105.61860774999998,105.68304077083332
-1.0,-1.0,0.0,0.0902062291666823,105.68304077083332,105.773247
-1.0,57.0,111.0,0.0644330208333343,105.773247,105.83768002083336
-1.0,-1.0,0.0,0.09020622916663967,105.83768002083336,105.92788625
-1.0,57.0,111.0,0.0644330208333343,105.92788625,105.99231927083332
-1.0,-1.0,0.0,0.0902062291666823,105.99231927083332,106.0825255
-1.0,59.0,119.0,0.0644330208333343,106.0825255,106.14695852083334
-1.0,-1.0,0.0,0.0902062291666681,106.14695852083334,106.23716475
-1.0,58.0,127.0,0.0644330208333343,106.23716475,106.30159777083333
-1.0,-1.0,0.0,0.0902062291666681,106.30159777083333,106.391804
-1.0,57.0,111.0,0.0644330208333343,106.391804,106.45623702083331
-1.0,-1.0,0.0,0.0902062291666823,106.45623702083331,106.54644325
-1.0,57.0,111.0,0.0644330208333343,106.54644325,106.61087627083332
-1.0,-1.0,0.0,0.0902062291666823,106.61087627083332,106.7010825
-1.0,58.0,115.0,0.0644330208333343,106.7010825,106.76551552083332
-1.0,-1.0,0.0,0.0902062291666823,106.76551552083332,106.85572175
-1.0,57.0,111.0,0.0644330208333201,106.85572175,106.92015477083332
-1.0,-1.0,0.0,0.0902062291666823,106.92015477083332,107.010361
-1.0,57.0,111.0,0.0644330208333343,107.010361,107.07479402083334
-1.0,-1.0,0.0,0.0902062291666681,107.07479402083334,107.16500025
-1.0,57.0,111.0,0.0644330208333343,107.16500025,107.22943327083334
-1.0,-1.0,0.0,0.09020622916665388,107.22943327083334,107.3196395
-1.0,59.0,119.0,0.0644330208333343,107.3196395,107.38407252083331
-1.0,-1.0,0.0,0.0902062291666823,107.38407252083331,107.47427875
-1.0,58.0,127.0,0.0644330208333343,107.47427875,107.53871177083332
-1.0,-1.0,0.0,0.0902062291666823,107.53871177083332,107.628918
-1.0,57.0,111.0,0.0644330208333343,107.628918,107.69335102083332
-1.0,-1.0,0.0,0.0902062291666823,107.69335102083332,107.78355725
-1.0,57.0,111.0,0.0644330208333201,107.78355725,107.84799027083332
-1.0,-1.0,0.0,0.0902062291666823,107.84799027083332,107.9381965
-1.0,58.0,115.0,0.0644330208333343,107.9381965,108.00262952083334
-1.0,-1.0,0.0,0.0902062291666681,108.00262952083334,108.09283575
-1.0,57.0,111.0,0.0644330208333343,108.09283575,108.15726877083334
-1.0,-1.0,0.0,0.09020622916665388,108.15726877083334,108.247475
-1.0,57.0,111.0,0.0644330208333343,108.247475,108.31190802083331
-1.0,-1.0,0.0,0.0902062291666823,108.31190802083331,108.40211425
-1.0,57.0,111.0,0.0644330208333343,108.40211425,108.46654727083332
-1.0,-1.0,0.0,0.0902062291666823,108.46654727083332,108.5567535
-1.0,59.0,119.0,0.0644330208333343,108.5567535,108.62118652083332
-1.0,-1.0,0.0,0.0902062291666823,108.62118652083332,108.71139275
-1.0,58.0,127.0,0.0644330208333343,108.71139275,108.77582577083334
-1.0,-1.0,0.0,0.0902062291666681,108.77582577083334,108.866032
-1.0,57.0,111.0,0.0644330208333343,108.866032,108.93046502083334
-1.0,-1.0,0.0,0.0902062291666681,108.93046502083334,109.02067125
-1.0,57.0,111.0,0.0644330208333343,109.02067125,109.08510427083334
-1.0,-1.0,0.0,0.09020622916665388,109.08510427083334,109.1753105
-1.0,58.0,115.0,0.0644330208333343,109.1753105,109.23974352083331
-1.0,-1.0,0.0,0.0902062291666823,109.23974352083331,109.32994975
-1.0,57.0,111.0,0.0644330208333343,109.32994975,109.39438277083336
-1.0,-1.0,0.0,0.09020622916663967,109.39438277083336,109.484589
-1.0,57.0,111.0,0.0644330208333343,109.484589,109.54902202083332
-1.0,-1.0,0.0,0.09020622916669652,109.54902202083332,109.63922825000002
-1.0,57.0,111.0,0.0644330208333343,109.63922825000002,109.70366127083336
-1.0,-1.0,0.0,0.09020622916663967,109.70366127083336,109.7938675
-1.0,59.0,119.0,0.0644330208333343,109.7938675,109.85830052083334
-1.0,-1.0,0.0,0.0902062291666823,109.85830052083334,109.94850675000002
-1.0,58.0,127.0,0.0644330208333343,109.94850675000002,110.01293977083336
-1.0,-1.0,0.0,0.09020622916663967,110.01293977083336,110.103146
-1.0,57.0,111.0,0.0644330208333343,110.103146,110.16757902083332
-1.0,-1.0,0.0,0.0902062291666823,110.16757902083332,110.25778525
-1.0,57.0,111.0,0.0644330208333343,110.25778525,110.32221827083332
-1.0,-1.0,0.0,0.0902062291666823,110.32221827083332,110.4124245
-1.0,58.0,115.0,0.0644330208333343,110.4124245,110.47685752083332
-1.0,-1.0,0.0,0.0902062291666823,110.47685752083332,110.56706375
-1.0,57.0,111.0,0.0644330208333343,110.56706375,110.63149677083334
-1.0,-1.0,0.0,0.0902062291666681,110.63149677083334,110.721703
-1.0,57.0,111.0,0.0644330208333343,110.721703,110.78613602083334
-1.0,-1.0,0.0,0.09020622916665388,110.78613602083334,110.87634225
-1.0,57.0,111.0,0.0644330208333343,110.87634225,110.94077527083331
-1.0,-1.0,0.0,0.0902062291666823,110.94077527083331,111.0309815
-1.0,59.0,119.0,0.0644330208333343,111.0309815,111.09541452083332
-1.0,-1.0,0.0,0.0902062291666823,111.09541452083332,111.18562075
-1.0,58.0,127.0,0.0644330208333343,111.18562075,111.25005377083332
-1.0,-1.0,0.0,0.0902062291666823,111.25005377083332,111.34026
-1.0,57.0,111.0,0.0644330208333201,111.34026,111.40469302083332
-1.0,-1.0,0.0,0.0902062291666823,111.40469302083332,111.49489925
-1.0,57.0,111.0,0.0644330208333343,111.49489925,111.55933227083334
-1.0,-1.0,0.0,0.0902062291666681,111.55933227083334,111.6495385
-1.0,58.0,115.0,0.0644330208333343,111.6495385,111.71397152083334
-1.0,-1.0,0.0,0.09020622916665388,111.71397152083334,111.80417775
-1.0,57.0,111.0,0.0644330208333343,111.80417775,111.86861077083331
-1.0,-1.0,0.0,0.0902062291666823,111.86861077083331,111.958817
-1.0,57.0,111.0,0.0644330208333343,111.958817,112.02325002083332
-1.0,-1.0,0.0,0.0902062291666823,112.02325002083332,112.11345625
-1.0,57.0,111.0,0.0644330208333343,112.11345625,112.17788927083332
-1.0,-1.0,0.0,0.0902062291666823,112.17788927083332,112.2680955
-1.0,58.0,107.0,0.0644330208333201,112.2680955,112.33252852083332
-1.0,-1.0,0.0,0.0902062291666823,112.33252852083332,112.42273475
-1.0,52.0,115.0,0.0644330208333343,112.42273475,112.48716777083334
-1.0,-1.0,0.0,1.3273202291666593,112.48716777083334,113.814488
-1.0,57.0,111.0,0.0644330208333343,113.814488,113.87892102083332
-1.0,-1.0,0.0,0.0902062291666823,113.87892102083332,113.96912725
-1.0,57.0,111.0,0.0644330208333343,113.96912725,114.03356027083332
-1.0,-1.0,0.0,0.0902062291666823,114.03356027083332,114.1237665
-1.0,58.0,115.0,0.0644330208333343,114.1237665,114.18819952083334
-1.0,-1.0,0.0,0.0902062291666681,114.18819952083334,114.27840575
-1.0,57.0,111.0,0.0644330208333343,114.27840575,114.34283877083334
-1.0,-1.0,0.0,0.0902062291666681,114.34283877083334,114.433045
-1.0,57.0,111.0,0.0644330208333343,114.433045,114.49747802083334
-1.0,-1.0,0.0,0.09020622916665388,114.49747802083334,114.58768425
-1.0,57.0,111.0,0.0644330208333343,114.58768425,114.65211727083332
-1.0,-1.0,0.0,0.0902062291666823,114.65211727083332,114.7423235
-1.0,59.0,119.0,0.0644330208333343,114.7423235,114.80675652083332
-1.0,-1.0,0.0,0.0902062291666823,114.80675652083332,114.89696275
-1.0,58.0,127.0,0.0644330208333201,114.89696275,114.96139577083332
-1.0,-1.0,0.0,0.0902062291666823,114.96139577083332,115.051602
-1.0,57.0,111.0,0.0644330208333343,115.051602,115.11603502083334
-1.0,-1.0,0.0,0.0902062291666681,115.11603502083334,115.20624125
-1.0,57.0,111.0,0.0644330208333343,115.20624125,115.27067427083334
-1.0,-1.0,0.0,0.09020622916665388,115.27067427083334,115.3608805
-1.0,58.0,115.0,0.0644330208333343,115.3608805,115.42531352083331
-1.0,-1.0,0.0,0.0902062291666823,115.42531352083331,115.51551975
-1.0,57.0,111.0,0.0644330208333343,115.51551975,115.57995277083332
-1.0,-1.0,0.0,0.0902062291666823,115.57995277083332,115.670159
-1.0,57.0,111.0,0.0644330208333343,115.670159,115.73459202083332
-1.0,-1.0,0.0,0.0902062291666823,115.73459202083332,115.82479825
-1.0,57.0,111.0,0.0644330208333201,115.82479825,115.88923127083332
-1.0,-1.0,0.0,0.0902062291666823,115.88923127083332,115.9794375
-1.0,59.0,119.0,0.0644330208333343,115.9794375,116.04387052083334
-1.0,-1.0,0.0,0.0902062291666681,116.04387052083334,116.13407675
-1.0,52.0,119.0,0.0644330208333343,116.13407675,116.19850977083334
-1.0,-1.0,0.0,0.24484547916665633,116.19850977083334,116.44335525
-1.0,53.0,117.0,0.0644330208333343,116.44335525,116.50778827083332
-1.0,-1.0,0.0,0.24484547916668475,116.50778827083332,116.75263375
-1.0,53.0,117.0,0.0644330208333343,116.75263375,116.81706677083334
-1.0,-1.0,0.0,0.24484547916667054,116.81706677083334,117.06191225
-1.0,53.0,117.0,0.0644330208333343,117.06191225,117.12634527083334
-1.0,-1.0,0.0,0.24484547916665633,117.12634527083334,117.37119075
-1.0,53.0,117.0,0.0644330208333343,117.37119075,117.43562377083336
-1.0,-1.0,0.0,1.005155124999959,117.43562377083336,118.44077889583332
-1.0,65.0,120.0,0.0451031145833269,118.44077889583332,118.48588201041665
-1.0,-1.0,0.0,0.27706198958335904,118.48588201041665,118.762944
-1.0,58.0,115.0,0.0531572421875025,118.762944,118.8161012421875
-1.0,-1.0,0.0,0.10148200781250694,118.8161012421875,118.91758325
-1.0,57.0,111.0,0.0644330208333343,118.91758325,118.98201627083334
-1.0,-1.0,0.0,0.09020622916665388,118.98201627083334,119.0722225
-1.0,58.0,115.0,0.0644330208333343,119.0722225,119.13665552083332
-1.0,-1.0,0.0,0.0902062291666823,119.13665552083332,119.22686175
-1.0,57.0,111.0,0.0644330208333343,119.22686175,119.29129477083332
-1.0,-1.0,0.0,0.0902062291666823,119.29129477083332,119.381501
-1.0,57.0,111.0,0.0644330208333201,119.381501,119.44593402083332
-1.0,-1.0,0.0,0.0902062291666823,119.44593402083332,119.53614025
-1.0,57.0,111.0,0.0644330208333343,119.53614025,119.60057327083334
-1.0,-1.0,0.0,0.0902062291666681,119.60057327083334,119.6907795
-1.0,59.0,119.0,0.0644330208333343,119.6907795,119.75521252083334
-1.0,-1.0,0.0,0.09020622916663967,119.75521252083334,119.84541874999998
-1.0,58.0,127.0,0.0644330208333343,119.84541874999998,119.90985177083331
-1.0,-1.0,0.0,0.0902062291666823,119.90985177083331,120.000058
-1.0,57.0,111.0,0.0644330208333343,120.000058,120.06449102083334
-1.0,-1.0,0.0,0.09020622916663967,120.06449102083334,120.15469724999998
-1.0,57.0,111.0,0.0644330208333343,120.15469724999998,120.21913027083332
-1.0,-1.0,0.0,0.0902062291666823,120.21913027083332,120.3093365
-1.0,58.0,115.0,0.0644330208333201,120.3093365,120.37376952083332
-1.0,-1.0,0.0,0.0902062291666823,120.37376952083332,120.46397575
-1.0,57.0,111.0,0.0644330208333343,120.46397575,120.52840877083332
-1.0,-1.0,0.0,0.09020622916669652,120.52840877083332,120.61861500000002
-1.0,57.0,111.0,0.0644330208333343,120.61861500000002,120.68304802083335
-1.0,-1.0,0.0,0.09020622916663967,120.68304802083335,120.77325425
-1.0,57.0,111.0,0.0644330208333343,120.77325425,120.83768727083331
-1.0,-1.0,0.0,0.0902062291666823,120.83768727083331,120.9278935
-1.0,59.0,119.0,0.0644330208333343,120.9278935,120.99232652083332
-1.0,-1.0,0.0,0.0902062291666823,120.99232652083332,121.08253275
-1.0,58.0,127.0,0.0644330208333343,121.08253275,121.14696577083332
-1.0,-1.0,0.0,0.0902062291666823,121.14696577083332,121.237172
-1.0,57.0,111.0,0.0644330208333343,121.237172,121.30160502083334
-1.0,-1.0,0.0,0.0902062291666681,121.30160502083334,121.39181125
-1.0,57.0,111.0,0.0644330208333343,121.39181125,121.45624427083334
-1.0,-1.0,0.0,0.0902062291666681,121.45624427083334,121.5464505
-1.0,58.0,115.0,0.0644330208333343,121.5464505,121.61088352083334
-1.0,-1.0,0.0,0.09020622916665388,121.61088352083334,121.70108975
-1.0,57.0,111.0,0.0644330208333343,121.70108975,121.76552277083331
-1.0,-1.0,0.0,0.0902062291666823,121.76552277083331,121.855729
-1.0,57.0,111.0,0.0644330208333343,121.855729,121.92016202083332
-1.0,-1.0,0.0,0.0902062291666823,121.92016202083332,122.01036825
-1.0,57.0,111.0,0.0644330208333343,122.01036825,122.07480127083332
-1.0,-1.0,0.0,0.0902062291666823,122.07480127083332,122.1650075
-1.0,59.0,119.0,0.0644330208333343,122.1650075,122.22944052083334
-1.0,-1.0,0.0,0.0902062291666681,122.22944052083334,122.31964675
-1.0,58.0,127.0,0.0644330208333343,122.31964675,122.38407977083334
-1.0,-1.0,0.0,0.0902062291666681,122.38407977083334,122.474286
-1.0,57.0,111.0,0.0644330208333343,122.474286,122.53871902083334
-1.0,-1.0,0.0,0.09020622916665388,122.53871902083334,122.62892525
-1.0,57.0,111.0,0.0644330208333343,122.62892525,122.69335827083331
-1.0,-1.0,0.0,0.0902062291666823,122.69335827083331,122.7835645
-1.0,58.0,115.0,0.0644330208333343,122.7835645,122.84799752083332
-1.0,-1.0,0.0,0.0902062291666823,122.84799752083332,122.93820375
-1.0,57.0,111.0,0.0644330208333343,122.93820375,123.00263677083332
-1.0,-1.0,0.0,0.0902062291666823,123.00263677083332,123.092843
-1.0,57.0,111.0,0.0644330208333343,123.092843,123.15727602083334
-1.0,-1.0,0.0,0.0902062291666681,123.15727602083334,123.24748225
-1.0,57.0,111.0,0.0644330208333343,123.24748225,123.31191527083334
-1.0,-1.0,0.0,0.0902062291666681,123.31191527083334,123.4021215
-1.0,59.0,119.0,0.0644330208333343,123.4021215,123.46655452083334
-1.0,-1.0,0.0,0.09020622916665388,123.46655452083334,123.55676075
-1.0,58.0,127.0,0.0644330208333343,123.55676075,123.62119377083334
-1.0,-1.0,0.0,0.09020622916663967,123.62119377083334,123.71139999999998
-1.0,57.0,111.0,0.0644330208333343,123.71139999999998,123.77583302083332
-1.0,-1.0,0.0,0.0902062291666823,123.77583302083332,123.86603925
-1.0,57.0,111.0,0.0644330208333201,123.86603925,123.93047227083332
-1.0,-1.0,0.0,0.0902062291666823,123.93047227083332,124.0206785
-1.0,58.0,115.0,0.0644330208333343,124.0206785,124.08511152083334
-1.0,-1.0,0.0,0.0902062291666823,124.08511152083334,124.17531775000002
-1.0,57.0,111.0,0.0644330208333343,124.17531775000002,124.23975077083335
-1.0,-1.0,0.0,0.09020622916663967,124.23975077083335,124.329957
-1.0,57.0,111.0,0.0644330208333343,124.329957,124.39439002083331
-1.0,-1.0,0.0,0.0902062291666823,124.39439002083331,124.48459625
-1.0,57.0,111.0,0.0644330208333343,124.48459625,124.54902927083332
-1.0,-1.0,0.0,0.0902062291666823,124.54902927083332,124.6392355
-1.0,59.0,119.0,0.0644330208333343,124.6392355,124.70366852083332
-1.0,-1.0,0.0,0.0902062291666823,124.70366852083332,124.79387475
-1.0,58.0,127.0,0.0644330208333201,124.79387475,124.85830777083332
-1.0,-1.0,0.0,0.0902062291666823,124.85830777083332,124.948514
-1.0,57.0,111.0,0.0644330208333343,124.948514,125.01294702083334
-1.0,-1.0,0.0,0.0902062291666681,125.01294702083334,125.10315325
-1.0,57.0,111.0,0.0644330208333343,125.10315325,125.16758627083334
-1.0,-1.0,0.0,0.09020622916665388,125.16758627083334,125.2577925
-1.0,58.0,115.0,0.0644330208333343,125.2577925,125.32222552083331
-1.0,-1.0,0.0,0.0902062291666823,125.32222552083331,125.41243175
-1.0,57.0,111.0,0.0644330208333343,125.41243175,125.47686477083332
-1.0,-1.0,0.0,0.0902062291666823,125.47686477083332,125.567071
-1.0,57.0,111.0,0.0644330208333343,125.567071,125.63150402083332
-1.0,-1.0,0.0,0.0902062291666823,125.63150402083332,125.72171025
-1.0,57.0,111.0,0.0644330208333343,125.72171025,125.78614327083334
-1.0,-1.0,0.0,0.0902062291666681,125.78614327083334,125.8763495
-1.0,59.0,119.0,0.0644330208333343,125.8763495,125.94078252083334
-1.0,-1.0,0.0,0.0902062291666681,125.94078252083334,126.03098875
-1.0,58.0,127.0,0.0644330208333343,126.03098875,126.09542177083334
-1.0,-1.0,0.0,0.09020622916665388,126.09542177083334,126.185628
-1.0,57.0,111.0,0.0644330208333343,126.185628,126.25006102083331
-1.0,-1.0,0.0,0.0902062291666823,126.25006102083331,126.34026725
-1.0,57.0,111.0,0.0644330208333343,126.34026725,126.40470027083332
-1.0,-1.0,0.0,0.0902062291666823,126.40470027083332,126.4949065
-1.0,58.0,115.0,0.0644330208333343,126.4949065,126.55933952083332
-1.0,-1.0,0.0,0.0902062291666823,126.55933952083332,126.64954575
-1.0,57.0,111.0,0.0644330208333343,126.64954575,126.71397877083334
-1.0,-1.0,0.0,0.0902062291666681,126.71397877083334,126.804185
-1.0,57.0,111.0,0.0644330208333343,126.804185,126.86861802083334
-1.0,-1.0,0.0,0.0902062291666681,126.86861802083334,126.95882425
-1.0,57.0,111.0,0.0644330208333343,126.95882425,127.02325727083334
-1.0,-1.0,0.0,0.09020622916665388,127.02325727083334,127.1134635
-1.0,59.0,119.0,0.0644330208333343,127.1134635,127.17789652083331
-1.0,-1.0,0.0,0.0902062291666681,127.17789652083331,127.26810274999998
-1.0,58.0,127.0,0.0644330208333343,127.26810274999998,127.33253577083332
-1.0,-1.0,0.0,0.0902062291666823,127.33253577083332,127.422742
-1.0,57.0,111.0,0.0644330208333201,127.422742,127.48717502083332
-1.0,-1.0,0.0,0.0902062291666823,127.48717502083332,127.57738125
-1.0,57.0,111.0,0.0644330208333343,127.57738125,127.64181427083332
-1.0,-1.0,0.0,0.0902062291666823,127.64181427083332,127.7320205
-1.0,58.0,115.0,0.0644330208333343,127.7320205,127.79645352083334
-1.0,-1.0,0.0,0.0902062291666681,127.79645352083334,127.88665975
-1.0,57.0,111.0,0.0644330208333343,127.88665975,127.95109277083333
-1.0,-1.0,0.0,0.09020622916665388,127.95109277083333,128.04129899999998
-1.0,57.0,111.0,0.0644330208333485,128.04129899999998,128.10573202083333
-1.0,-1.0,0.0,0.09020622916665388,128.10573202083333,128.19593824999998
-1.0,57.0,111.0,0.0644330208333485,128.19593824999998,128.26037127083333
-1.0,-1.0,0.0,0.0902062291666823,128.26037127083333,128.3505775
-1.0,59.0,119.0,0.0644330208333485,128.3505775,128.41501052083336
-1.0,-1.0,0.0,0.09020622916662546,128.41501052083336,128.50521675
-1.0,58.0,127.0,0.0644330208333485,128.50521675,128.56964977083334
-1.0,-1.0,0.0,0.09020622916665388,128.56964977083334,128.659856
-1.0,57.0,111.0,0.0644330208333485,128.659856,128.72428902083334
-1.0,-1.0,0.0,0.09020622916665388,128.72428902083334,128.81449525
-1.0,57.0,111.0,0.0644330208333201,128.81449525,128.8789282708333
-1.0,-1.0,0.0,0.0902062291666823,128.8789282708333,128.9691345
-1.0,58.0,115.0,0.0644330208333201,128.9691345,129.03356752083332
-1.0,-1.0,0.0,0.0902062291666823,129.03356752083332,129.12377375
-1.0,57.0,111.0,0.0644330208333201,129.12377375,129.18820677083332
-1.0,-1.0,0.0,0.0902062291666823,129.18820677083332,129.278413
-1.0,57.0,111.0,0.0644330208333201,129.278413,129.34284602083332
-1.0,-1.0,0.0,0.0902062291666823,129.34284602083332,129.43305225
-1.0,57.0,111.0,0.0644330208333201,129.43305225,129.49748527083332
-1.0,-1.0,0.0,0.0902062291666823,129.49748527083332,129.5876915
-1.0,59.0,119.0,0.0644330208333201,129.5876915,129.65212452083333
-1.0,-1.0,0.0,0.09020622916665388,129.65212452083333,129.74233074999998
-1.0,58.0,127.0,0.0644330208333485,129.74233074999998,129.80676377083333
-1.0,-1.0,0.0,0.09020622916665388,129.80676377083333,129.89696999999998
-1.0,57.0,111.0,0.0644330208333485,129.89696999999998,129.96140302083333
-1.0,-1.0,0.0,0.09020622916665388,129.96140302083333,130.05160924999998
-1.0,57.0,111.0,0.0644330208333485,130.05160924999998,130.11604227083333
-1.0,-1.0,0.0,0.09020622916665388,130.11604227083333,130.2062485
-1.0,58.0,115.0,0.0644330208333485,130.2062485,130.27068152083334
-1.0,-1.0,0.0,0.09020622916665388,130.27068152083334,130.36088775
-1.0,57.0,111.0,0.0644330208333485,130.36088775,130.42532077083334
-1.0,-1.0,0.0,0.09020622916665388,130.42532077083334,130.515527
-1.0,57.0,111.0,0.0644330208333485,130.515527,130.57996002083334
-1.0,-1.0,0.0,0.09020622916665388,130.57996002083334,130.67016625
-1.0,57.0,111.0,0.0644330208333201,130.67016625,130.73459927083331
-1.0,-1.0,0.0,0.0902062291666823,130.73459927083331,130.8248055
-1.0,59.0,119.0,0.0644330208333201,130.8248055,130.88923852083332
-1.0,-1.0,0.0,0.0902062291666823,130.88923852083332,130.97944475
-1.0,58.0,127.0,0.0644330208333201,130.97944475,131.04387777083332
-1.0,-1.0,0.0,0.0902062291666823,131.04387777083332,131.134084
-1.0,57.0,111.0,0.0429553472222039,131.134084,131.1770393472222
-1.0,-1.0,0.0,0.1116839027777985,131.1770393472222,131.28872325
-1.0,57.0,111.0,0.0429553472222039,131.28872325,131.3316785972222
-1.0,-1.0,0.0,0.1116839027777985,131.3316785972222,131.4433625
-1.0,58.0,115.0,0.0483247656249829,131.4433625,131.491687265625
-1.0,-1.0,0.0,0.10631448437499103,131.491687265625,131.59800174999998
-1.0,57.0,111.0,0.0429553472222323,131.59800174999998,131.6409570972222
-1.0,-1.0,0.0,0.11168390277777007,131.6409570972222,131.75264099999998
-1.0,57.0,111.0,0.0429553472222323,131.75264099999998,131.79559634722222
-1.0,-1.0,0.0,0.1116839027777985,131.79559634722222,131.90728025
-1.0,57.0,111.0,0.0429553472222323,131.90728025,131.95023559722225
-1.0,-1.0,0.0,0.11168390277771323,131.95023559722225,132.06191949999996
-1.0,53.0,108.0,0.0590636024305694,132.06191949999996,132.12098310243053
-1.0,-1.0,0.0,1.1780503975694785,132.12098310243053,133.2990335
-1.0,65.0,127.0,0.0644330208333201,133.2990335,133.36346652083333
-1.0,-1.0,0.0,0.24484547916665633,133.36346652083333,133.60831199999998
-1.0,58.0,115.0,0.0563788932291799,133.60831199999998,133.66469089322916
-1.0,-1.0,0.0,0.09826035677082245,133.66469089322916,133.76295125
-1.0,57.0,111.0,0.0644330208333485,133.76295125,133.8273842708333
-1.0,-1.0,0.0,0.0902062291666823,133.8273842708333,133.9175905
-1.0,58.0,115.0,0.0644330208333485,133.9175905,133.98202352083334
-1.0,-1.0,0.0,0.09020622916665388,133.98202352083334,134.07222975
-1.0,57.0,111.0,0.0644330208333485,134.07222975,134.13666277083334
-1.0,-1.0,0.0,0.09020622916665388,134.13666277083334,134.226869
-1.0,57.0,111.0,0.0644330208333201,134.226869,134.2913020208333
-1.0,-1.0,0.0,0.0902062291666823,134.2913020208333,134.38150825
-1.0,57.0,111.0,0.0644330208333201,134.38150825,134.44594127083332
-1.0,-1.0,0.0,0.0902062291666823,134.44594127083332,134.5361475
-1.0,59.0,119.0,0.0644330208333201,134.5361475,134.60058052083332
-1.0,-1.0,0.0,0.0902062291666823,134.60058052083332,134.69078675
-1.0,58.0,127.0,0.0644330208333201,134.69078675,134.75521977083332
-1.0,-1.0,0.0,0.0902062291666823,134.75521977083332,134.845426
-1.0,57.0,111.0,0.0644330208333201,134.845426,134.90985902083332
-1.0,-1.0,0.0,0.0902062291666823,134.90985902083332,135.00006525
-1.0,57.0,111.0,0.0644330208333201,135.00006525,135.06449827083333
-1.0,-1.0,0.0,0.09020622916665388,135.06449827083333,135.15470449999998
-1.0,58.0,115.0,0.0644330208333485,135.15470449999998,135.21913752083333
-1.0,-1.0,0.0,0.09020622916665388,135.21913752083333,135.30934374999998
-1.0,57.0,111.0,0.0644330208333485,135.30934374999998,135.37377677083333
-1.0,-1.0,0.0,0.09020622916665388,135.37377677083333,135.46398299999998
-1.0,57.0,111.0,0.0644330208333485,135.46398299999998,135.52841602083333
-1.0,-1.0,0.0,0.09020622916665388,135.52841602083333,135.61862225
-1.0,57.0,111.0,0.0644330208333485,135.61862225,135.68305527083334
-1.0,-1.0,0.0,0.09020622916665388,135.68305527083334,135.7732615
-1.0,59.0,119.0,0.0644330208333485,135.7732615,135.83769452083334
-1.0,-1.0,0.0,0.09020622916665388,135.83769452083334,135.92790075
-1.0,58.0,127.0,0.0644330208333201,135.92790075,135.9923337708333
-1.0,-1.0,0.0,0.0902062291666823,135.9923337708333,136.08254
-1.0,57.0,111.0,0.0644330208333201,136.08254,136.14697302083331
-1.0,-1.0,0.0,0.0902062291666823,136.14697302083331,136.23717925
-1.0,57.0,111.0,0.0644330208333201,136.23717925,136.30161227083332
-1.0,-1.0,0.0,0.0902062291666823,136.30161227083332,136.3918185
-1.0,58.0,115.0,0.0644330208333201,136.3918185,136.45625152083332
-1.0,-1.0,0.0,0.0902062291666823,136.45625152083332,136.54645775
-1.0,57.0,111.0,0.0644330208333201,136.54645775,136.61089077083332
-1.0,-1.0,0.0,0.0902062291666823,136.61089077083332,136.701097
-1.0,57.0,111.0,0.0644330208333201,136.701097,136.76553002083332
-1.0,-1.0,0.0,0.0902062291666823,136.76553002083332,136.85573625
-1.0,57.0,111.0,0.0644330208333201,136.85573625,136.92016927083333
-1.0,-1.0,0.0,0.09020622916665388,136.92016927083333,137.01037549999998
-1.0,59.0,119.0,0.0644330208333485,137.01037549999998,137.07480852083333
-1.0,-1.0,0.0,0.09020622916665388,137.07480852083333,137.16501474999998
-1.0,58.0,127.0,0.0644330208333485,137.16501474999998,137.22944777083333
-1.0,-1.0,0.0,0.0902062291666823,137.22944777083333,137.319654
-1.0,57.0,111.0,0.0644330208333485,137.319654,137.38408702083336
-1.0,-1.0,0.0,0.09020622916662546,137.38408702083336,137.47429325
-1.0,57.0,111.0,0.0644330208333485,137.47429325,137.53872627083334
-1.0,-1.0,0.0,0.09020622916665388,137.53872627083334,137.6289325
-1.0,58.0,115.0,0.0644330208333485,137.6289325,137.69336552083334
-1.0,-1.0,0.0,0.09020622916665388,137.69336552083334,137.78357175
-1.0,57.0,111.0,0.0644330208333201,137.78357175,137.8480047708333
-1.0,-1.0,0.0,0.0902062291666823,137.8480047708333,137.938211
-1.0,57.0,111.0,0.0644330208333201,137.938211,138.00264402083332
-1.0,-1.0,0.0,0.0902062291666823,138.00264402083332,138.09285025
-1.0,57.0,111.0,0.0644330208333201,138.09285025,138.15728327083332
-1.0,-1.0,0.0,0.0902062291666823,138.15728327083332,138.2474895
-1.0,59.0,119.0,0.0644330208333201,138.2474895,138.31192252083332
-1.0,-1.0,0.0,0.0902062291666823,138.31192252083332,138.40212875
-1.0,58.0,127.0,0.0644330208333201,138.40212875,138.46656177083332
-1.0,-1.0,0.0,0.0902062291666823,138.46656177083332,138.556768
-1.0,57.0,111.0,0.0644330208333201,138.556768,138.62120102083333
-1.0,-1.0,0.0,0.09020622916665388,138.62120102083333,138.71140724999998
-1.0,57.0,111.0,0.0644330208333485,138.71140724999998,138.77584027083333
-1.0,-1.0,0.0,0.09020622916665388,138.77584027083333,138.86604649999998
-1.0,58.0,115.0,0.0644330208333485,138.86604649999998,138.93047952083333
-1.0,-1.0,0.0,0.09020622916665388,138.93047952083333,139.02068574999998
-1.0,57.0,111.0,0.0644330208333485,139.02068574999998,139.08511877083333
-1.0,-1.0,0.0,0.09020622916665388,139.08511877083333,139.175325
-1.0,57.0,111.0,0.0644330208333485,139.175325,139.23975802083334
-1.0,-1.0,0.0,0.09020622916665388,139.23975802083334,139.32996425
-1.0,57.0,111.0,0.0644330208333485,139.32996425,139.39439727083334
-1.0,-1.0,0.0,0.09020622916665388,139.39439727083334,139.4846035
-1.0,59.0,119.0,0.0644330208333485,139.4846035,139.54903652083334
-1.0,-1.0,0.0,0.09020622916665388,139.54903652083334,139.63924275
-1.0,58.0,127.0,0.0644330208333201,139.63924275,139.7036757708333
-1.0,-1.0,0.0,0.0902062291666823,139.7036757708333,139.793882
-1.0,57.0,111.0,0.0644330208333201,139.793882,139.85831502083332
-1.0,-1.0,0.0,0.0902062291666823,139.85831502083332,139.94852125
-1.0,57.0,111.0,0.0644330208333201,139.94852125,140.01295427083332
-1.0,-1.0,0.0,0.0902062291666823,140.01295427083332,140.1031605
-1.0,58.0,115.0,0.0644330208333201,140.1031605,140.16759352083332
-1.0,-1.0,0.0,0.0902062291666823,140.16759352083332,140.25779975
-1.0,57.0,111.0,0.0644330208333201,140.25779975,140.32223277083332
-1.0,-1.0,0.0,0.0902062291666823,140.32223277083332,140.412439
-1.0,57.0,111.0,0.0644330208333201,140.412439,140.47687202083333
-1.0,-1.0,0.0,0.09020622916665388,140.47687202083333,140.56707824999998
-1.0,57.0,111.0,0.0644330208333485,140.56707824999998,140.63151127083333
-1.0,-1.0,0.0,0.09020622916665388,140.63151127083333,140.72171749999998
-1.0,59.0,119.0,0.0644330208333485,140.72171749999998,140.78615052083333
-1.0,-1.0,0.0,0.0902062291666823,140.78615052083333,140.87635675
-1.0,58.0,127.0,0.0644330208333485,140.87635675,140.94078977083336
-1.0,-1.0,0.0,0.09020622916662546,140.94078977083336,141.030996
-1.0,51.0,115.0,0.0644330208333485,141.030996,141.09542902083334
-1.0,-1.0,0.0,2.1005164791666573,141.09542902083334,143.1959455
-1.0,65.0,127.0,0.0644330208333201,143.1959455,143.2603785208333
-1.0,-1.0,0.0,0.24484547916668475,143.2603785208333,143.505224
-1.0,57.0,111.0,0.0644330208333201,143.505224,143.56965702083332
-1.0,-1.0,0.0,0.0902062291666823,143.56965702083332,143.65986325
-1.0,57.0,111.0,0.0644330208333201,143.65986325,143.72429627083332
-1.0,-1.0,0.0,0.0902062291666823,143.72429627083332,143.8145025
-1.0,58.0,115.0,0.0644330208333201,143.8145025,143.87893552083332
-1.0,-1.0,0.0,0.0902062291666823,143.87893552083332,143.96914175
-1.0,57.0,111.0,0.0644330208333201,143.96914175,144.03357477083333
-1.0,-1.0,0.0,0.09020622916665388,144.03357477083333,144.12378099999998
-1.0,57.0,111.0,0.0644330208333485,144.12378099999998,144.18821402083333
-1.0,-1.0,0.0,0.09020622916665388,144.18821402083333,144.27842024999998
-1.0,57.0,111.0,0.0644330208333485,144.27842024999998,144.34285327083333
-1.0,-1.0,0.0,0.09020622916665388,144.34285327083333,144.43305949999998
-1.0,59.0,119.0,0.0644330208333485,144.43305949999998,144.49749252083333
-1.0,-1.0,0.0,0.09020622916665388,144.49749252083333,144.58769875
-1.0,58.0,127.0,0.0644330208333485,144.58769875,144.65213177083334
-1.0,-1.0,0.0,0.09020622916665388,144.65213177083334,144.742338
-1.0,57.0,111.0,0.0644330208333485,144.742338,144.80677102083334
-1.0,-1.0,0.0,0.09020622916665388,144.80677102083334,144.89697725
-1.0,57.0,111.0,0.0644330208333201,144.89697725,144.9614102708333
-1.0,-1.0,0.0,0.0902062291666823,144.9614102708333,145.0516165
-1.0,58.0,115.0,0.0644330208333201,145.0516165,145.11604952083331
-1.0,-1.0,0.0,0.0902062291666823,145.11604952083331,145.20625575
-1.0,57.0,111.0,0.0644330208333201,145.20625575,145.27068877083332
-1.0,-1.0,0.0,0.0902062291666823,145.27068877083332,145.360895
-1.0,57.0,111.0,0.0644330208333201,145.360895,145.42532802083332
-1.0,-1.0,0.0,0.0902062291666823,145.42532802083332,145.51553425
-1.0,57.0,111.0,0.0644330208333201,145.51553425,145.57996727083332
-1.0,-1.0,0.0,0.0902062291666823,145.57996727083332,145.6701735
-1.0,59.0,119.0,0.0644330208333201,145.6701735,145.73460652083332
-1.0,-1.0,0.0,0.0902062291666823,145.73460652083332,145.82481275
-1.0,58.0,127.0,0.0644330208333201,145.82481275,145.88924577083333
-1.0,-1.0,0.0,0.09020622916665388,145.88924577083333,145.97945199999998
-1.0,57.0,111.0,0.0644330208333485,145.97945199999998,146.04388502083333
-1.0,-1.0,0.0,0.09020622916665388,146.04388502083333,146.13409124999998
-1.0,57.0,111.0,0.0644330208333485,146.13409124999998,146.19852427083333
-1.0,-1.0,0.0,0.0902062291666823,146.19852427083333,146.2887305
-1.0,58.0,115.0,0.0644330208333485,146.2887305,146.35316352083336
-1.0,-1.0,0.0,0.09020622916662546,146.35316352083336,146.44336975
-1.0,57.0,111.0,0.0644330208333485,146.44336975,146.50780277083334
-1.0,-1.0,0.0,0.09020622916665388,146.50780277083334,146.598009
-1.0,57.0,111.0,0.0644330208333485,146.598009,146.66244202083334
-1.0,-1.0,0.0,0.09020622916665388,146.66244202083334,146.75264825
-1.0,57.0,111.0,0.0644330208333201,146.75264825,146.8170812708333
-1.0,-1.0,0.0,0.0902062291666823,146.8170812708333,146.9072875
-1.0,59.0,119.0,0.0644330208333201,146.9072875,146.97172052083332
-1.0,-1.0,0.0,0.0902062291666823,146.97172052083332,147.06192675
-1.0,58.0,127.0,0.0644330208333201,147.06192675,147.12635977083332
-1.0,-1.0,0.0,0.0902062291666823,147.12635977083332,147.216566
-1.0,57.0,111.0,0.0644330208333201,147.216566,147.28099902083332
-1.0,-1.0,0.0,0.0902062291666823,147.28099902083332,147.37120525
-1.0,57.0,111.0,0.0644330208333201,147.37120525,147.43563827083332
-1.0,-1.0,0.0,0.0902062291666823,147.43563827083332,147.5258445
-1.0,58.0,115.0,0.0644330208333201,147.5258445,147.59027752083333
-1.0,-1.0,0.0,0.09020622916665388,147.59027752083333,147.68048374999998
-1.0,57.0,111.0,0.0644330208333485,147.68048374999998,147.74491677083333
-1.0,-1.0,0.0,0.09020622916665388,147.74491677083333,147.83512299999998
-1.0,57.0,111.0,0.0644330208333485,147.83512299999998,147.89955602083333
-1.0,-1.0,0.0,0.09020622916665388,147.89955602083333,147.98976224999998
-1.0,57.0,111.0,0.0644330208333485,147.98976224999998,148.05419527083333
-1.0,-1.0,0.0,0.09020622916665388,148.05419527083333,148.1444015
-1.0,59.0,119.0,0.0644330208333485,148.1444015,148.20883452083334
-1.0,-1.0,0.0,0.09020622916665388,148.20883452083334,148.29904075
-1.0,58.0,127.0,0.0644330208333485,148.29904075,148.36347377083334
-1.0,-1.0,0.0,0.09020622916665388,148.36347377083334,148.45368
-1.0,57.0,111.0,0.0644330208333201,148.45368,148.5181130208333
-1.0,-1.0,0.0,0.0902062291666823,148.5181130208333,148.60831925
-1.0,57.0,111.0,0.0644330208333201,148.60831925,148.6727522708333
-1.0,-1.0,0.0,0.0902062291666823,148.6727522708333,148.7629585
-1.0,58.0,115.0,0.0644330208333201,148.7629585,148.82739152083332
-1.0,-1.0,0.0,0.0902062291666823,148.82739152083332,148.91759775
-1.0,57.0,111.0,0.0644330208333201,148.91759775,148.98203077083332
-1.0,-1.0,0.0,0.0902062291666823,148.98203077083332,149.072237
-1.0,57.0,111.0,0.0644330208333201,149.072237,149.13667002083332
-1.0,-1.0,0.0,0.0902062291666823,149.13667002083332,149.22687625
-1.0,57.0,111.0,0.0644330208333201,149.22687625,149.29130927083332
-1.0,-1.0,0.0,0.0902062291666823,149.29130927083332,149.3815155
-1.0,59.0,119.0,0.0644330208333201,149.3815155,149.44594852083333
-1.0,-1.0,0.0,0.09020622916665388,149.44594852083333,149.53615474999998
-1.0,58.0,127.0,0.0644330208333485,149.53615474999998,149.60058777083333
-1.0,-1.0,0.0,0.09020622916665388,149.60058777083333,149.69079399999998
-1.0,57.0,111.0,0.0644330208333485,149.69079399999998,149.75522702083333
-1.0,-1.0,0.0,0.0902062291666823,149.75522702083333,149.84543325
-1.0,57.0,111.0,0.0644330208333485,149.84543325,149.90986627083336
-1.0,-1.0,0.0,0.09020622916662546,149.90986627083336,150.0000725
-1.0,58.0,115.0,0.0644330208333485,150.0000725,150.06450552083334
-1.0,-1.0,0.0,0.09020622916665388,150.06450552083334,150.15471175
-1.0,57.0,111.0,0.0644330208333485,150.15471175,150.21914477083334
-1.0,-1.0,0.0,0.09020622916665388,150.21914477083334,150.309351
-1.0,57.0,111.0,0.0644330208333201,150.309351,150.3737840208333
-1.0,-1.0,0.0,0.0902062291666823,150.3737840208333,150.46399025
-1.0,57.0,111.0,0.0644330208333201,150.46399025,150.52842327083331
-1.0,-1.0,0.0,0.0902062291666823,150.52842327083331,150.6186295
-1.0,59.0,119.0,0.0644330208333201,150.6186295,150.68306252083332
-1.0,-1.0,0.0,0.0902062291666823,150.68306252083332,150.77326875
-1.0,58.0,127.0,0.0644330208333201,150.77326875,150.83770177083332
-1.0,-1.0,0.0,0.0902062291666823,150.83770177083332,150.927908
-1.0,57.0,111.0,0.0644330208333201,150.927908,150.99234102083332
-1.0,-1.0,0.0,0.0902062291666823,150.99234102083332,151.08254725
-1.0,57.0,111.0,0.0644330208333201,151.08254725,151.14698027083332
-1.0,-1.0,0.0,0.09020622916665388,151.14698027083332,151.23718649999998
-1.0,58.0,115.0,0.0644330208333485,151.23718649999998,151.30161952083333
-1.0,-1.0,0.0,0.09020622916665388,151.30161952083333,151.39182574999998
-1.0,57.0,111.0,0.0644330208333485,151.39182574999998,151.45625877083333
-1.0,-1.0,0.0,0.09020622916665388,151.45625877083333,151.54646499999998
-1.0,57.0,111.0,0.0644330208333485,151.54646499999998,151.61089802083333
-1.0,-1.0,0.0,0.09020622916665388,151.61089802083333,151.70110425
-1.0,57.0,111.0,0.0644330208333485,151.70110425,151.7655372708333
-1.0,-1.0,0.0,0.0902062291666823,151.7655372708333,151.8557435
-1.0,59.0,119.0,0.0644330208333485,151.8557435,151.92017652083334
-1.0,-1.0,0.0,0.09020622916665388,151.92017652083334,152.01038275
-1.0,58.0,127.0,0.0644330208333485,152.01038275,152.07481577083334
-1.0,-1.0,0.0,0.09020622916665388,152.07481577083334,152.165022
-1.0,57.0,111.0,0.0644330208333201,152.165022,152.2294550208333
-1.0,-1.0,0.0,0.0902062291666823,152.2294550208333,152.31966125
-1.0,57.0,111.0,0.0644330208333201,152.31966125,152.38409427083332
-1.0,-1.0,0.0,0.0902062291666823,152.38409427083332,152.4743005
-1.0,58.0,115.0,0.0644330208333201,152.4743005,152.53873352083332
-1.0,-1.0,0.0,0.0902062291666823,152.53873352083332,152.62893975
-1.0,57.0,111.0,0.0644330208333201,152.62893975,152.69337277083332
-1.0,-1.0,0.0,0.0902062291666823,152.69337277083332,152.783579
-1.0,57.0,111.0,0.0644330208333201,152.783579,152.84801202083332
-1.0,-1.0,0.0,0.0902062291666823,152.84801202083332,152.93821825
-1.0,57.0,111.0,0.0644330208333201,152.93821825,153.00265127083333
-1.0,-1.0,0.0,0.09020622916665388,153.00265127083333,153.09285749999998
-1.0,59.0,119.0,0.0644330208333485,153.09285749999998,153.15729052083333
-1.0,-1.0,0.0,0.09020622916665388,153.15729052083333,153.24749674999998
-1.0,58.0,127.0,0.0644330208333485,153.24749674999998,153.31192977083333
-1.0,-1.0,0.0,0.09020622916665388,153.31192977083333,153.40213599999998
-1.0,57.0,111.0,0.0644330208333485,153.40213599999998,153.46656902083333
-1.0,-1.0,0.0,0.09020622916665388,153.46656902083333,153.55677525
-1.0,57.0,111.0,0.0644330208333485,153.55677525,153.62120827083334
-1.0,-1.0,0.0,0.09020622916665388,153.62120827083334,153.7114145
-1.0,58.0,115.0,0.0644330208333485,153.7114145,153.77584752083334
-1.0,-1.0,0.0,0.09020622916665388,153.77584752083334,153.86605375
-1.0,57.0,111.0,0.0644330208333201,153.86605375,153.9304867708333
-1.0,-1.0,0.0,0.0902062291666823,153.9304867708333,154.020693
-1.0,57.0,111.0,0.0644330208333201,154.020693,154.08512602083331
-1.0,-1.0,0.0,0.0902062291666823,154.08512602083331,154.17533225
-1.0,57.0,111.0,0.0644330208333201,154.17533225,154.23976527083332
-1.0,-1.0,0.0,0.0902062291666823,154.23976527083332,154.3299715
-1.0,59.0,119.0,0.0644330208333201,154.3299715,154.39440452083332
-1.0,-1.0,0.0,0.0902062291666823,154.39440452083332,154.48461075
-1.0,58.0,127.0,0.0644330208333201,154.48461075,154.54904377083332
-1.0,-1.0,0.0,0.0902062291666823,154.54904377083332,154.63925
-1.0,57.0,111.0,0.0644330208333201,154.63925,154.70368302083332
-1.0,-1.0,0.0,0.09020622916665388,154.70368302083332,154.79388924999998
-1.0,57.0,111.0,0.0644330208333485,154.79388924999998,154.85832227083333
-1.0,-1.0,0.0,0.09020622916665388,154.85832227083333,154.94852849999998
-1.0,58.0,115.0,0.0644330208333485,154.94852849999998,155.01296152083333
-1.0,-1.0,0.0,0.09020622916665388,155.01296152083333,155.10316774999998
-1.0,57.0,111.0,0.0644330208333485,155.10316774999998,155.16760077083333
-1.0,-1.0,0.0,0.0902062291666823,155.16760077083333,155.257807
-1.0,57.0,111.0,0.0644330208333485,155.257807,155.32224002083336
-1.0,-1.0,0.0,0.09020622916662546,155.32224002083336,155.41244625
-1.0,57.0,111.0,0.0644330208333485,155.41244625,155.47687927083334
-1.0,-1.0,0.0,0.09020622916665388,155.47687927083334,155.5670855
-1.0,59.0,119.0,0.0644330208333485,155.5670855,155.63151852083334
-1.0,-1.0,0.0,0.09020622916665388,155.63151852083334,155.72172475
-1.0,58.0,127.0,0.0644330208333201,155.72172475,155.7861577708333
-1.0,-1.0,0.0,0.0902062291666823,155.7861577708333,155.876364
-1.0,57.0,111.0,0.0644330208333201,155.876364,155.94079702083332
-1.0,-1.0,0.0,0.0902062291666823,155.94079702083332,156.03100325
-1.0,57.0,111.0,0.0644330208333201,156.03100325,156.09543627083332
-1.0,-1.0,0.0,0.0902062291666823,156.09543627083332,156.1856425
-1.0,58.0,115.0,0.0644330208333201,156.1856425,156.25007552083332
-1.0,-1.0,0.0,0.0902062291666823,156.25007552083332,156.34028175
-1.0,57.0,111.0,0.0644330208333201,156.34028175,156.40471477083332
-1.0,-1.0,0.0,0.0902062291666823,156.40471477083332,156.494921
-1.0,57.0,111.0,0.0644330208333201,156.494921,156.55935402083333
-1.0,-1.0,0.0,0.09020622916665388,156.55935402083333,156.64956024999998
-1.0,57.0,111.0,0.0644330208333485,156.64956024999998,156.71399327083333
-1.0,-1.0,0.0,0.09020622916665388,156.71399327083333,156.80419949999998
-1.0,59.0,119.0,0.0644330208333485,156.80419949999998,156.86863252083333
-1.0,-1.0,0.0,0.09020622916665388,156.86863252083333,156.95883874999998
-1.0,58.0,127.0,0.0644330208333485,156.95883874999998,157.02327177083333
-1.0,-1.0,0.0,0.09020622916665388,157.02327177083333,157.113478
-1.0,57.0,111.0,0.0644330208333485,157.113478,157.1779110208333
-1.0,-1.0,0.0,0.0902062291666823,157.1779110208333,157.26811725
-1.0,57.0,111.0,0.0644330208333485,157.26811725,157.33255027083334
-1.0,-1.0,0.0,0.09020622916665388,157.33255027083334,157.4227565
-1.0,58.0,115.0,0.0644330208333201,157.4227565,157.4871895208333
-1.0,-1.0,0.0,0.0902062291666823,157.4871895208333,157.57739575
-1.0,57.0,111.0,0.0644330208333201,157.57739575,157.6418287708333
-1.0,-1.0,0.0,0.0902062291666823,157.6418287708333,157.732035
-1.0,57.0,111.0,0.0644330208333201,157.732035,157.79646802083332
-1.0,-1.0,0.0,0.0902062291666823,157.79646802083332,157.88667425
-1.0,57.0,111.0,0.0644330208333201,157.88667425,157.95110727083332
-1.0,-1.0,0.0,0.0902062291666823,157.95110727083332,158.0413135
-1.0,59.0,119.0,0.0644330208333201,158.0413135,158.10574652083332
-1.0,-1.0,0.0,0.0902062291666823,158.10574652083332,158.19595275
-1.0,58.0,127.0,0.0644330208333201,158.19595275,158.26038577083332
-1.0,-1.0,0.0,0.0902062291666823,158.26038577083332,158.350592
-1.0,57.0,111.0,0.0644330208333201,158.350592,158.41502502083333
-1.0,-1.0,0.0,0.09020622916665388,158.41502502083333,158.50523124999998
-1.0,57.0,111.0,0.0644330208333485,158.50523124999998,158.56966427083333
-1.0,-1.0,0.0,0.09020622916665388,158.56966427083333,158.65987049999998
-1.0,58.0,115.0,0.0644330208333485,158.65987049999998,158.72430352083333
-1.0,-1.0,0.0,0.09020622916665388,158.72430352083333,158.81450974999998
-1.0,57.0,111.0,0.0644330208333485,158.81450974999998,158.87894277083333
-1.0,-1.0,0.0,0.09020622916665388,158.87894277083333,158.969149
-1.0,57.0,111.0,0.0644330208333485,158.969149,159.03358202083334
-1.0,-1.0,0.0,0.09020622916665388,159.03358202083334,159.12378825
-1.0,57.0,111.0,0.0644330208333485,159.12378825,159.18822127083334
-1.0,-1.0,0.0,0.09020622916665388,159.18822127083334,159.2784275
-1.0,59.0,119.0,0.0644330208333201,159.2784275,159.3428605208333
-1.0,-1.0,0.0,0.0902062291666823,159.3428605208333,159.43306675
-1.0,58.0,127.0,0.0644330208333201,159.43306675,159.49749977083331
-1.0,-1.0,0.0,0.0902062291666823,159.49749977083331,159.587706
-1.0,57.0,111.0,0.0644330208333201,159.587706,159.65213902083332
-1.0,-1.0,0.0,0.0902062291666823,159.65213902083332,159.74234525
-1.0,57.0,111.0,0.0644330208333201,159.74234525,159.80677827083332
-1.0,-1.0,0.0,0.0902062291666823,159.80677827083332,159.8969845
-1.0,58.0,115.0,0.0644330208333201,159.8969845,159.96141752083332
-1.0,-1.0,0.0,0.0902062291666823,159.96141752083332,160.05162375
-1.0,57.0,111.0,0.0644330208333201,160.05162375,160.11605677083332
-1.0,-1.0,0.0,0.09020622916665388,160.11605677083332,160.20626299999998
-1.0,57.0,111.0,0.0644330208333485,160.20626299999998,160.27069602083333
-1.0,-1.0,0.0,0.09020622916665388,160.27069602083333,160.36090224999998
-1.0,57.0,111.0,0.0644330208333485,160.36090224999998,160.42533527083333
-1.0,-1.0,0.0,0.09020622916665388,160.42533527083333,160.51554149999998
-1.0,59.0,119.0,0.0644330208333485,160.51554149999998,160.57997452083333
-1.0,-1.0,0.0,0.09020622916665388,160.57997452083333,160.67018075
-1.0,58.0,127.0,0.0644330208333485,160.67018075,160.7346137708333
-1.0,-1.0,0.0,0.0902062291666823,160.7346137708333,160.82482
-1.0,57.0,111.0,0.0644330208333485,160.82482,160.88925302083334
-1.0,-1.0,0.0,0.09020622916665388,160.88925302083334,160.97945925
-1.0,57.0,111.0,0.0644330208333201,160.97945925,161.0438922708333
-1.0,-1.0,0.0,0.0902062291666823,161.0438922708333,161.1340985
-1.0,58.0,115.0,0.0644330208333201,161.1340985,161.1985315208333
-1.0,-1.0,0.0,0.0902062291666823,161.1985315208333,161.28873775
-1.0,57.0,111.0,0.0644330208333201,161.28873775,161.35317077083332
-1.0,-1.0,0.0,0.0902062291666823,161.35317077083332,161.443377
-1.0,57.0,111.0,0.0644330208333201,161.443377,161.50781002083332
-1.0,-1.0,0.0,0.0902062291666823,161.50781002083332,161.59801625
-1.0,57.0,111.0,0.0644330208333201,161.59801625,161.66244927083332
-1.0,-1.0,0.0,0.0902062291666823,161.66244927083332,161.7526555
-1.0,59.0,119.0,0.0644330208333201,161.7526555,161.81708852083332
-1.0,-1.0,0.0,0.0902062291666823,161.81708852083332,161.90729475
-1.0,58.0,127.0,0.0644330208333201,161.90729475,161.97172777083333
-1.0,-1.0,0.0,0.09020622916665388,161.97172777083333,162.06193399999998
-1.0,57.0,111.0,0.0644330208333485,162.06193399999998,162.12636702083333
-1.0,-1.0,0.0,0.09020622916665388,162.12636702083333,162.21657324999998
-1.0,57.0,111.0,0.0644330208333485,162.21657324999998,162.28100627083333
-1.0,-1.0,0.0,0.09020622916665388,162.28100627083333,162.37121249999998
-1.0,58.0,115.0,0.0644330208333485,162.37121249999998,162.43564552083333
-1.0,-1.0,0.0,0.09020622916665388,162.43564552083333,162.52585175
-1.0,57.0,111.0,0.0644330208333485,162.52585175,162.59028477083334
-1.0,-1.0,0.0,0.09020622916665388,162.59028477083334,162.680491
-1.0,57.0,111.0,0.0644330208333485,162.680491,162.74492402083334
-1.0,-1.0,0.0,0.09020622916665388,162.74492402083334,162.83513025
-1.0,57.0,111.0,0.0644330208333201,162.83513025,162.8995632708333
-1.0,-1.0,0.0,0.0902062291666823,162.8995632708333,162.9897695
-1.0,59.0,119.0,0.0644330208333201,162.9897695,163.05420252083331
-1.0,-1.0,0.0,0.0902062291666823,163.05420252083331,163.14440875
-1.0,58.0,127.0,0.0644330208333201,163.14440875,163.20884177083332
-1.0,-1.0,0.0,0.0902062291666823,163.20884177083332,163.299048
-1.0,57.0,111.0,0.0644330208333201,163.299048,163.36348102083332
-1.0,-1.0,0.0,0.0902062291666823,163.36348102083332,163.45368725
-1.0,57.0,111.0,0.0644330208333201,163.45368725,163.51812027083332
-1.0,-1.0,0.0,0.0902062291666823,163.51812027083332,163.6083265
-1.0,58.0,115.0,0.0644330208333201,163.6083265,163.67275952083332
-1.0,-1.0,0.0,0.09020622916665388,163.67275952083332,163.76296574999998
-1.0,57.0,111.0,0.0644330208333485,163.76296574999998,163.82739877083333
-1.0,-1.0,0.0,0.09020622916665388,163.82739877083333,163.91760499999998
-1.0,57.0,111.0,0.0644330208333485,163.91760499999998,163.98203802083333
-1.0,-1.0,0.0,0.09020622916665388,163.98203802083333,164.07224424999998
-1.0,57.0,111.0,0.0644330208333485,164.07224424999998,164.13667727083333
-1.0,-1.0,0.0,0.0902062291666823,164.13667727083333,164.2268835
-1.0,59.0,119.0,0.0644330208333485,164.2268835,164.29131652083336
-1.0,-1.0,0.0,0.09020622916662546,164.29131652083336,164.38152275
-1.0,58.0,127.0,0.0644330208333485,164.38152275,164.44595577083334
-1.0,-1.0,0.0,0.09020622916665388,164.44595577083334,164.536162
-1.0,57.0,111.0,0.0644330208333485,164.536162,164.60059502083334
-1.0,-1.0,0.0,0.09020622916665388,164.60059502083334,164.69080125
-1.0,57.0,111.0,0.0644330208333201,164.69080125,164.7552342708333
-1.0,-1.0,0.0,0.0902062291666823,164.7552342708333,164.8454405
-1.0,58.0,115.0,0.0644330208333201,164.8454405,164.90987352083332
-1.0,-1.0,0.0,0.0902062291666823,164.90987352083332,165.00007975
-1.0,57.0,111.0,0.0644330208333201,165.00007975,165.06451277083332
-1.0,-1.0,0.0,0.0902062291666823,165.06451277083332,165.154719
-1.0,57.0,111.0,0.0644330208333201,165.154719,165.21915202083332
-1.0,-1.0,0.0,0.0902062291666823,165.21915202083332,165.30935825
-1.0,57.0,111.0,0.0644330208333201,165.30935825,165.37379127083332
-1.0,-1.0,0.0,0.0902062291666823,165.37379127083332,165.4639975
-1.0,59.0,119.0,0.0644330208333201,165.4639975,165.52843052083333
-1.0,-1.0,0.0,0.09020622916665388,165.52843052083333,165.61863674999998
-1.0,58.0,127.0,0.0644330208333485,165.61863674999998,165.68306977083333
-1.0,-1.0,0.0,0.09020622916665388,165.68306977083333,165.77327599999998
-1.0,57.0,111.0,0.0644330208333485,165.77327599999998,165.83770902083333
-1.0,-1.0,0.0,0.09020622916665388,165.83770902083333,165.92791524999998
-1.0,57.0,111.0,0.0644330208333485,165.92791524999998,165.99234827083333
-1.0,-1.0,0.0,0.09020622916665388,165.99234827083333,166.0825545
-1.0,58.0,115.0,0.0644330208333485,166.0825545,166.1469875208333
-1.0,-1.0,0.0,0.0902062291666823,166.1469875208333,166.23719375
-1.0,57.0,111.0,0.0644330208333485,166.23719375,166.30162677083334
-1.0,-1.0,0.0,0.09020622916665388,166.30162677083334,166.391833
-1.0,57.0,111.0,0.0644330208333201,166.391833,166.4562660208333
-1.0,-1.0,0.0,0.0902062291666823,166.4562660208333,166.54647225
-1.0,57.0,111.0,0.0644330208333201,166.54647225,166.6109052708333
-1.0,-1.0,0.0,0.0902062291666823,166.6109052708333,166.7011115
-1.0,59.0,119.0,0.0644330208333201,166.7011115,166.76554452083332
-1.0,-1.0,0.0,0.0902062291666823,166.76554452083332,166.85575075
-1.0,58.0,127.0,0.0644330208333201,166.85575075,166.92018377083332
-1.0,-1.0,0.0,0.0902062291666823,166.92018377083332,167.01039
-1.0,57.0,111.0,0.0644330208333201,167.01039,167.07482302083332
-1.0,-1.0,0.0,0.0902062291666823,167.07482302083332,167.16502925
-1.0,57.0,111.0,0.0644330208333201,167.16502925,167.22946227083332
-1.0,-1.0,0.0,0.09020622916665388,167.22946227083332,167.31966849999998
-1.0,58.0,115.0,0.0644330208333485,167.31966849999998,167.38410152083333
-1.0,-1.0,0.0,0.09020622916665388,167.38410152083333,167.47430774999998
-1.0,57.0,111.0,0.0644330208333485,167.47430774999998,167.53874077083333
-1.0,-1.0,0.0,0.09020622916665388,167.53874077083333,167.62894699999998
-1.0,57.0,111.0,0.0644330208333485,167.62894699999998,167.69338002083333
-1.0,-1.0,0.0,0.09020622916665388,167.69338002083333,167.78358624999998
-1.0,57.0,111.0,0.0644330208333485,167.78358624999998,167.84801927083333
-1.0,-1.0,0.0,0.09020622916665388,167.84801927083333,167.9382255
-1.0,59.0,119.0,0.0644330208333485,167.9382255,168.00265852083334
-1.0,-1.0,0.0,0.09020622916665388,168.00265852083334,168.09286475
-1.0,58.0,127.0,0.0644330208333485,168.09286475,168.15729777083334
-1.0,-1.0,0.0,0.09020622916665388,168.15729777083334,168.247504
-1.0,57.0,111.0,0.0644330208333201,168.247504,168.3119370208333
-1.0,-1.0,0.0,0.0902062291666823,168.3119370208333,168.40214325
-1.0,57.0,111.0,0.0644330208333201,168.40214325,168.46657627083331
-1.0,-1.0,0.0,0.0902062291666823,168.46657627083331,168.5567825
-1.0,58.0,115.0,0.0644330208333201,168.5567825,168.62121552083332
-1.0,-1.0,0.0,0.0902062291666823,168.62121552083332,168.71142175
-1.0,57.0,111.0,0.0644330208333201,168.71142175,168.77585477083332
-1.0,-1.0,0.0,0.0902062291666823,168.77585477083332,168.866061
-1.0,57.0,111.0,0.0644330208333201,168.866061,168.93049402083332
-1.0,-1.0,0.0,0.0902062291666823,168.93049402083332,169.02070025
-1.0,57.0,111.0,0.0644330208333201,169.02070025,169.08513327083332
-1.0,-1.0,0.0,0.09020622916665388,169.08513327083332,169.17533949999998
-1.0,59.0,119.0,0.0644330208333485,169.17533949999998,169.23977252083333
-1.0,-1.0,0.0,0.09020622916665388,169.23977252083333,169.32997874999998
-1.0,58.0,127.0,0.0644330208333485,169.32997874999998,169.39441177083333
-1.0,-1.0,0.0,0.09020622916665388,169.39441177083333,169.48461799999998
-1.0,57.0,111.0,0.0644330208333485,169.48461799999998,169.54905102083333
-1.0,-1.0,0.0,0.0902062291666823,169.54905102083333,169.63925725
-1.0,57.0,111.0,0.0644330208333485,169.63925725,169.70369027083336
-1.0,-1.0,0.0,0.09020622916662546,169.70369027083336,169.7938965
-1.0,58.0,115.0,0.0644330208333485,169.7938965,169.85832952083334
-1.0,-1.0,0.0,0.09020622916665388,169.85832952083334,169.94853575
-1.0,57.0,111.0,0.0644330208333201,169.94853575,170.0129687708333
-1.0,-1.0,0.0,0.0902062291666823,170.0129687708333,170.103175
-1.0,57.0,111.0,0.0644330208333201,170.103175,170.1676080208333
-1.0,-1.0,0.0,0.0902062291666823,170.1676080208333,170.25781425
-1.0,57.0,111.0,0.0644330208333201,170.25781425,170.32224727083332
-1.0,-1.0,0.0,0.0902062291666823,170.32224727083332,170.4124535
-1.0,59.0,119.0,0.0644330208333201,170.4124535,170.47688652083332
-1.0,-1.0,0.0,0.0902062291666823,170.47688652083332,170.56709275
-1.0,58.0,127.0,0.0644330208333201,170.56709275,170.63152577083332
-1.0,-1.0,0.0,0.0902062291666823,170.63152577083332,170.721732
-1.0,57.0,111.0,0.0644330208333201,170.721732,170.78616502083332
-1.0,-1.0,0.0,0.0902062291666823,170.78616502083332,170.87637125
-1.0,57.0,111.0,0.0644330208333485,170.87637125,170.94080427083335
-1.0,-1.0,0.0,0.09020622916662546,170.94080427083335,171.03101049999998
-1.0,58.0,115.0,0.0644330208333485,171.03101049999998,171.09544352083333
-1.0,-1.0,0.0,0.09020622916662546,171.09544352083333,171.18564974999995
-1.0,57.0,111.0,0.0644330208333485,171.18564974999995,171.2500827708333
-1.0,-1.0,0.0,0.0902062291666823,171.2500827708333,171.34028899999998
-1.0,57.0,111.0,0.0644330208333485,171.34028899999998,171.40472202083333
-1.0,-1.0,0.0,0.0902062291666823,171.40472202083333,171.49492825000002
-1.0,57.0,111.0,0.0644330208333485,171.49492825000002,171.55936127083336
-1.0,-1.0,0.0,0.09020622916662546,171.55936127083336,171.6495675
-1.0,59.0,119.0,0.0644330208333485,171.6495675,171.71400052083334
-1.0,-1.0,0.0,0.09020622916662546,171.71400052083334,171.80420674999996
-1.0,58.0,127.0,0.0644330208333201,171.80420674999996,171.86863977083328
-1.0,-1.0,0.0,0.09020622916671073,171.86863977083328,171.958846
-1.0,57.0,111.0,0.0644330208333201,171.958846,172.02327902083331
-1.0,-1.0,0.0,0.09020622916671073,172.02327902083331,172.11348525000002
-1.0,57.0,111.0,0.0644330208333201,172.11348525000002,172.17791827083337
-1.0,-1.0,0.0,0.09020622916662546,172.17791827083337,172.2681245
-1.0,58.0,115.0,0.0644330208333201,172.2681245,172.33255752083332
-1.0,-1.0,0.0,0.09020622916665388,172.33255752083332,172.42276374999997
-1.0,57.0,111.0,0.0644330208333201,172.42276374999997,172.4871967708333
-1.0,-1.0,0.0,0.09020622916671073,172.4871967708333,172.577403
-1.0,57.0,111.0,0.0644330208333201,172.577403,172.64183602083332
-1.0,-1.0,0.0,0.09020622916665388,172.64183602083332,172.73204224999998
-1.0,57.0,111.0,0.0644330208333485,172.73204224999998,172.79647527083333
-1.0,-1.0,0.0,0.09020622916665388,172.79647527083333,172.88668149999998
-1.0,59.0,119.0,0.0644330208333485,172.88668149999998,172.95111452083333
-1.0,-1.0,0.0,0.09020622916665388,172.95111452083333,173.04132074999998
-1.0,58.0,127.0,0.0644330208333485,173.04132074999998,173.10575377083333
-1.0,-1.0,0.0,0.0902062291666823,173.10575377083333,173.19596
-1.0,57.0,111.0,0.0644330208333485,173.19596,173.26039302083336
-1.0,-1.0,0.0,0.09020622916662546,173.26039302083336,173.35059925
-1.0,57.0,111.0,0.0644330208333485,173.35059925,173.41503227083334
-1.0,-1.0,0.0,0.09020622916665388,173.41503227083334,173.5052385
-1.0,58.0,115.0,0.0644330208333201,173.5052385,173.5696715208333
-1.0,-1.0,0.0,0.0902062291666823,173.5696715208333,173.65987775
-1.0,57.0,111.0,0.0644330208333201,173.65987775,173.7243107708333
-1.0,-1.0,0.0,0.0902062291666823,173.7243107708333,173.814517
-1.0,57.0,111.0,0.0644330208333201,173.814517,173.87895002083332
-1.0,-1.0,0.0,0.0902062291666823,173.87895002083332,173.96915625
-1.0,57.0,111.0,0.0644330208333201,173.96915625,174.03358927083332
-1.0,-1.0,0.0,0.0902062291666823,174.03358927083332,174.1237955
-1.0,59.0,119.0,0.0644330208333201,174.1237955,174.18822852083332
-1.0,-1.0,0.0,0.0902062291666823,174.18822852083332,174.27843475
-1.0,58.0,127.0,0.0644330208333201,174.27843475,174.34286777083332
-1.0,-1.0,0.0,0.0902062291666823,174.34286777083332,174.433074
-1.0,57.0,111.0,0.0644330208333201,174.433074,174.49750702083332
-1.0,-1.0,0.0,0.09020622916665388,174.49750702083332,174.58771324999998
-1.0,57.0,111.0,0.0644330208333485,174.58771324999998,174.65214627083333
-1.0,-1.0,0.0,0.09020622916665388,174.65214627083333,174.74235249999998
-1.0,58.0,115.0,0.0644330208333485,174.74235249999998,174.80678552083333
-1.0,-1.0,0.0,0.09020622916665388,174.80678552083333,174.89699174999998
-1.0,57.0,111.0,0.0644330208333485,174.89699174999998,174.96142477083333
-1.0,-1.0,0.0,0.09020622916662546,174.96142477083333,175.05163099999996
-1.0,57.0,111.0,0.0644330208333485,175.05163099999996,175.1160640208333
-1.0,-1.0,0.0,0.0902062291666823,175.1160640208333,175.20627025
-1.0,57.0,111.0,0.0644330208333485,175.20627025,175.27070327083334
-1.0,-1.0,0.0,0.09020622916665388,175.27070327083334,175.3609095
-1.0,59.0,119.0,0.0644330208333201,175.3609095,175.4253425208333
-1.0,-1.0,0.0,0.0902062291666823,175.4253425208333,175.51554875
-1.0,58.0,127.0,0.0644330208333201,175.51554875,175.5799817708333
-1.0,-1.0,0.0,0.09020622916665388,175.5799817708333,175.67018799999997
-1.0,57.0,111.0,0.0644330208333201,175.67018799999997,175.7346210208333
-1.0,-1.0,0.0,0.09020622916671073,175.7346210208333,175.82482725
-1.0,57.0,111.0,0.0644330208333201,175.82482725,175.88926027083332
-1.0,-1.0,0.0,0.0902062291666823,175.88926027083332,175.9794665
-1.0,58.0,115.0,0.0644330208333201,175.9794665,176.04389952083332
-1.0,-1.0,0.0,0.0902062291666823,176.04389952083332,176.13410575
-1.0,57.0,111.0,0.0644330208333201,176.13410575,176.19853877083332
-1.0,-1.0,0.0,0.09020622916665388,176.19853877083332,176.28874499999998
-1.0,57.0,111.0,0.0644330208333485,176.28874499999998,176.35317802083333
-1.0,-1.0,0.0,0.09020622916665388,176.35317802083333,176.44338424999998
-1.0,57.0,111.0,0.0644330208333485,176.44338424999998,176.50781727083333
-1.0,-1.0,0.0,0.09020622916665388,176.50781727083333,176.59802349999998
-1.0,59.0,119.0,0.0644330208333485,176.59802349999998,176.66245652083333
-1.0,-1.0,0.0,0.09020622916665388,176.66245652083333,176.75266274999998
-1.0,58.0,127.0,0.0644330208333485,176.75266274999998,176.81709577083333
-1.0,-1.0,0.0,0.09020622916665388,176.81709577083333,176.907302
-1.0,57.0,111.0,0.0644330208333485,176.907302,176.97173502083334
-1.0,-1.0,0.0,0.09020622916665388,176.97173502083334,177.06194125
-1.0,57.0,111.0,0.0644330208333485,177.06194125,177.12637427083334
-1.0,-1.0,0.0,0.09020622916665388,177.12637427083334,177.2165805
-1.0,58.0,115.0,0.0644330208333201,177.2165805,177.2810135208333
-1.0,-1.0,0.0,0.0902062291666823,177.2810135208333,177.37121975
-1.0,57.0,111.0,0.0644330208333201,177.37121975,177.43565277083331
-1.0,-1.0,0.0,0.0902062291666823,177.43565277083331,177.525859
-1.0,57.0,111.0,0.0644330208333201,177.525859,177.59029202083332
-1.0,-1.0,0.0,0.0902062291666823,177.59029202083332,177.68049825
-1.0,57.0,111.0,0.0644330208333201,177.68049825,177.74493127083332
-1.0,-1.0,0.0,0.0902062291666823,177.74493127083332,177.8351375
-1.0,59.0,119.0,0.0644330208333201,177.8351375,177.89957052083332
-1.0,-1.0,0.0,0.0902062291666823,177.89957052083332,177.98977675
-1.0,58.0,127.0,0.0644330208333201,177.98977675,178.05420977083332
-1.0,-1.0,0.0,0.09020622916665388,178.05420977083332,178.14441599999998
-1.0,57.0,111.0,0.0644330208333485,178.14441599999998,178.20884902083333
-1.0,-1.0,0.0,0.09020622916662546,178.20884902083333,178.29905524999995
-1.0,57.0,111.0,0.0644330208333485,178.29905524999995,178.3634882708333
-1.0,-1.0,0.0,0.0902062291666823,178.3634882708333,178.45369449999998
-1.0,58.0,115.0,0.0644330208333485,178.45369449999998,178.51812752083333
-1.0,-1.0,0.0,0.0902062291666823,178.51812752083333,178.60833375
-1.0,57.0,111.0,0.0644330208333485,178.60833375,178.67276677083336
-1.0,-1.0,0.0,0.09020622916662546,178.67276677083336,178.762973
-1.0,57.0,111.0,0.0644330208333485,178.762973,178.82740602083334
-1.0,-1.0,0.0,0.09020622916662546,178.82740602083334,178.91761224999996
-1.0,57.0,111.0,0.0644330208333201,178.91761224999996,178.98204527083328
-1.0,-1.0,0.0,0.09020622916671073,178.98204527083328,179.0722515
-1.0,59.0,119.0,0.0644330208333201,179.0722515,179.1366845208333
-1.0,-1.0,0.0,0.09020622916671073,179.1366845208333,179.22689075000002
-1.0,58.0,127.0,0.0644330208333201,179.22689075000002,179.29132377083334
-1.0,-1.0,0.0,0.09020622916665388,179.29132377083334,179.38153
-1.0,57.0,111.0,0.0644330208333201,179.38153,179.44596302083332
-1.0,-1.0,0.0,0.09020622916665388,179.44596302083332,179.53616924999997
-1.0,57.0,111.0,0.0644330208333201,179.53616924999997,179.6006022708333
-1.0,-1.0,0.0,0.09020622916671073,179.6006022708333,179.6908085
-1.0,58.0,115.0,0.0644330208333201,179.6908085,179.75524152083332
-1.0,-1.0,0.0,0.09020622916665388,179.75524152083332,179.84544774999998
-1.0,57.0,111.0,0.0644330208333485,179.84544774999998,179.90988077083333
-1.0,-1.0,0.0,0.09020622916665388,179.90988077083333,180.00008699999998
-1.0,57.0,111.0,0.0644330208333485,180.00008699999998,180.06452002083333
-1.0,-1.0,0.0,0.0902062291666823,180.06452002083333,180.15472625
-1.0,57.0,111.0,0.0644330208333485,180.15472625,180.21915927083333
-1.0,-1.0,0.0,0.0902062291666823,180.21915927083333,180.3093655
-1.0,59.0,119.0,0.0644330208333485,180.3093655,180.37379852083336
-1.0,-1.0,0.0,0.09020622916662546,180.37379852083336,180.46400475
-1.0,58.0,127.0,0.0644330208333485,180.46400475,180.5284377708333
-1.0,-1.0,0.0,0.0902062291666823,180.5284377708333,180.618644
-1.0,57.0,111.0,0.0644330208333485,180.618644,180.6830770208333
-1.0,-1.0,0.0,0.0902062291666823,180.6830770208333,180.77328325
-1.0,57.0,111.0,0.0644330208333201,180.77328325,180.8377162708333
-1.0,-1.0,0.0,0.0902062291666823,180.8377162708333,180.9279225
-1.0,58.0,115.0,0.0644330208333201,180.9279225,180.9923555208333
-1.0,-1.0,0.0,0.0902062291666823,180.9923555208333,181.08256175
-1.0,57.0,111.0,0.0644330208333201,181.08256175,181.1469947708333
-1.0,-1.0,0.0,0.09020622916671073,181.1469947708333,181.237201
-1.0,57.0,111.0,0.0644330208333201,181.237201,181.3016340208333
-1.0,-1.0,0.0,0.09020622916671073,181.3016340208333,181.39184025
-1.0,57.0,111.0,0.0644330208333201,181.39184025,181.4562732708333
-1.0,-1.0,0.0,0.09020622916671073,181.4562732708333,181.5464795
-1.0,59.0,119.0,0.0644330208333201,181.5464795,181.61091252083327
-1.0,-1.0,0.0,0.09020622916673915,181.61091252083327,181.70111875
-1.0,58.0,127.0,0.0644330208333485,181.70111875,181.76555177083333
-1.0,-1.0,0.0,0.0902062291666823,181.76555177083333,181.855758
-1.0,57.0,111.0,0.0644330208333485,181.855758,181.92019102083336
-1.0,-1.0,0.0,0.09020622916665388,181.92019102083336,182.01039725
-1.0,57.0,111.0,0.0644330208333485,182.01039725,182.07483027083336
-1.0,-1.0,0.0,0.09020622916665388,182.07483027083336,182.1650365
-1.0,58.0,115.0,0.0644330208333485,182.1650365,182.22946952083336
-1.0,-1.0,0.0,0.09020622916662546,182.22946952083336,182.31967575
-1.0,57.0,111.0,0.0644330208333485,182.31967575,182.3841087708333
-1.0,-1.0,0.0,0.0902062291666823,182.3841087708333,182.474315
-1.0,57.0,111.0,0.0644330208333201,182.474315,182.5387480208333
-1.0,-1.0,0.0,0.0902062291666823,182.5387480208333,182.62895425
-1.0,57.0,111.0,0.0644330208333201,182.62895425,182.6933872708333
-1.0,-1.0,0.0,0.0902062291666823,182.6933872708333,182.7835935
-1.0,59.0,119.0,0.0644330208333201,182.7835935,182.8480265208333
-1.0,-1.0,0.0,0.09020622916671073,182.8480265208333,182.93823275
-1.0,58.0,127.0,0.0644330208333201,182.93823275,183.0026657708333
-1.0,-1.0,0.0,0.09020622916673915,183.0026657708333,183.09287200000003
-1.0,57.0,111.0,0.0644330208333201,183.09287200000003,183.15730502083332
-1.0,-1.0,0.0,0.0902062291666823,183.15730502083332,183.24751125
-1.0,57.0,111.0,0.0644330208333201,183.24751125,183.3119442708333
-1.0,-1.0,0.0,0.09020622916671073,183.3119442708333,183.4021505
-1.0,58.0,115.0,0.0644330208333485,183.4021505,183.46658352083332
-1.0,-1.0,0.0,0.0902062291666823,183.46658352083332,183.55678975
-1.0,57.0,111.0,0.0644330208333485,183.55678975,183.62122277083336
-1.0,-1.0,0.0,0.0902062291666823,183.62122277083336,183.71142900000004
-1.0,57.0,111.0,0.0644330208333485,183.71142900000004,183.7758620208334
-1.0,-1.0,0.0,0.09020622916662546,183.7758620208334,183.86606825
-1.0,57.0,111.0,0.0644330208333485,183.86606825,183.93050127083336
-1.0,-1.0,0.0,0.09020622916662546,183.93050127083336,184.0207075
-1.0,59.0,119.0,0.0644330208333485,184.0207075,184.0851405208333
-1.0,-1.0,0.0,0.0902062291666823,184.0851405208333,184.17534675
-1.0,58.0,127.0,0.0644330208333485,184.17534675,184.2397797708333
-1.0,-1.0,0.0,0.0902062291666823,184.2397797708333,184.329986
-1.0,57.0,111.0,0.0644330208333201,184.329986,184.3944190208333
-1.0,-1.0,0.0,0.0902062291666823,184.3944190208333,184.48462525
-1.0,57.0,111.0,0.0644330208333201,184.48462525,184.5490582708333
-1.0,-1.0,0.0,0.0902062291666823,184.5490582708333,184.6392645
-1.0,58.0,115.0,0.0644330208333201,184.6392645,184.7036975208333
-1.0,-1.0,0.0,0.09020622916671073,184.7036975208333,184.79390375
-1.0,57.0,111.0,0.0644330208333201,184.79390375,184.8583367708333
-1.0,-1.0,0.0,0.09020622916671073,184.8583367708333,184.948543
-1.0,57.0,111.0,0.0644330208333201,184.948543,185.0129760208333
-1.0,-1.0,0.0,0.09020622916671073,185.0129760208333,185.10318225
-1.0,57.0,111.0,0.0644330208333201,185.10318225,185.16761527083327
-1.0,-1.0,0.0,0.09020622916673915,185.16761527083327,185.2578215
-1.0,59.0,119.0,0.0644330208333485,185.2578215,185.32225452083333
-1.0,-1.0,0.0,0.0902062291666823,185.32225452083333,185.41246075
-1.0,58.0,127.0,0.0644330208333485,185.41246075,185.47689377083336
-1.0,-1.0,0.0,0.09020622916665388,185.47689377083336,185.5671
-1.0,57.0,111.0,0.0644330208333485,185.5671,185.63153302083336
-1.0,-1.0,0.0,0.09020622916665388,185.63153302083336,185.72173925
-1.0,57.0,111.0,0.0644330208333485,185.72173925,185.78617227083336
-1.0,-1.0,0.0,0.09020622916662546,185.78617227083336,185.8763785
-1.0,58.0,115.0,0.0644330208333485,185.8763785,185.9408115208333
-1.0,-1.0,0.0,0.0902062291666823,185.9408115208333,186.03101775
-1.0,57.0,111.0,0.0644330208333201,186.03101775,186.09545077083328
-1.0,-1.0,0.0,0.09020622916671073,186.09545077083328,186.185657
-1.0,57.0,111.0,0.0644330208333201,186.185657,186.2500900208333
-1.0,-1.0,0.0,0.0902062291666823,186.2500900208333,186.34029625
-1.0,57.0,111.0,0.0644330208333201,186.34029625,186.40472927083331
-1.0,-1.0,0.0,0.0902062291666823,186.40472927083331,186.4949355
-1.0,59.0,119.0,0.0644330208333201,186.4949355,186.5593685208333
-1.0,-1.0,0.0,0.09020622916671073,186.5593685208333,186.64957475
-1.0,58.0,127.0,0.0644330208333201,186.64957475,186.7140077708333
-1.0,-1.0,0.0,0.09020622916671073,186.7140077708333,186.804214
-1.0,57.0,111.0,0.0644330208333201,186.804214,186.8686470208333
-1.0,-1.0,0.0,0.09020622916673915,186.8686470208333,186.95885325000003
-1.0,57.0,111.0,0.0644330208333201,186.95885325000003,187.02328627083332
-1.0,-1.0,0.0,0.0902062291666823,187.02328627083332,187.1134925
-1.0,58.0,115.0,0.0644330208333485,187.1134925,187.17792552083336
-1.0,-1.0,0.0,0.09020622916665388,187.17792552083336,187.26813175
-1.0,57.0,111.0,0.0644330208333485,187.26813175,187.33256477083333
-1.0,-1.0,0.0,0.0902062291666823,187.33256477083333,187.422771
-1.0,57.0,111.0,0.0644330208333485,187.422771,187.48720402083336
-1.0,-1.0,0.0,0.0902062291666823,187.48720402083336,187.57741025000004
-1.0,57.0,111.0,0.0644330208333485,187.57741025000004,187.6418432708334
-1.0,-1.0,0.0,0.09020622916659704,187.6418432708334,187.7320495
-1.0,59.0,119.0,0.0644330208333485,187.7320495,187.7964825208333
-1.0,-1.0,0.0,0.0902062291666823,187.7964825208333,187.88668875
-1.0,58.0,127.0,0.0644330208333201,187.88668875,187.9511217708333
-1.0,-1.0,0.0,0.0902062291666823,187.9511217708333,188.041328
-1.0,57.0,111.0,0.0644330208333201,188.041328,188.1057610208333
-1.0,-1.0,0.0,0.0902062291666823,188.1057610208333,188.19596725
-1.0,57.0,111.0,0.0644330208333201,188.19596725,188.2604002708333
-1.0,-1.0,0.0,0.09020622916671073,188.2604002708333,188.3506065
-1.0,58.0,115.0,0.0644330208333201,188.3506065,188.4150395208333
-1.0,-1.0,0.0,0.09020622916671073,188.4150395208333,188.50524575
-1.0,57.0,111.0,0.0644330208333201,188.50524575,188.5696787708333
-1.0,-1.0,0.0,0.09020622916671073,188.5696787708333,188.659885
-1.0,57.0,111.0,0.0644330208333201,188.659885,188.72431802083327
-1.0,-1.0,0.0,0.09020622916673915,188.72431802083327,188.81452425
-1.0,57.0,111.0,0.0644330208333485,188.81452425,188.87895727083333
-1.0,-1.0,0.0,0.0902062291666823,188.87895727083333,188.9691635
-1.0,59.0,119.0,0.0644330208333485,188.9691635,189.03359652083336
-1.0,-1.0,0.0,0.09020622916665388,189.03359652083336,189.12380275
-1.0,58.0,127.0,0.0644330208333485,189.12380275,189.18823577083336
-1.0,-1.0,0.0,0.09020622916665388,189.18823577083336,189.278442
-1.0,57.0,111.0,0.0644330208333485,189.278442,189.34287502083336
-1.0,-1.0,0.0,0.09020622916662546,189.34287502083336,189.43308125
-1.0,57.0,111.0,0.0644330208333485,189.43308125,189.4975142708333
-1.0,-1.0,0.0,0.0902062291666823,189.4975142708333,189.5877205
-1.0,58.0,115.0,0.0644330208333485,189.5877205,189.6521535208333
-1.0,-1.0,0.0,0.0902062291666823,189.6521535208333,189.74235975
-1.0,57.0,111.0,0.0644330208333201,189.74235975,189.8067927708333
-1.0,-1.0,0.0,0.0902062291666823,189.8067927708333,189.896999
-1.0,57.0,111.0,0.0644330208333201,189.896999,189.96143202083329
-1.0,-1.0,0.0,0.09020622916671073,189.96143202083329,190.05163825
-1.0,57.0,111.0,0.0644330208333201,190.05163825,190.1160712708333
-1.0,-1.0,0.0,0.09020622916671073,190.1160712708333,190.2062775
-1.0,59.0,119.0,0.0644330208333201,190.2062775,190.2707105208333
-1.0,-1.0,0.0,0.09020622916671073,190.2707105208333,190.36091675
-1.0,58.0,127.0,0.0644330208333201,190.36091675,190.4253497708333
-1.0,-1.0,0.0,0.09020622916671073,190.4253497708333,190.515556
-1.0,57.0,111.0,0.0644330208333201,190.515556,190.5799890208333
-1.0,-1.0,0.0,0.09020622916671073,190.5799890208333,190.67019525
-1.0,57.0,111.0,0.0644330208333485,190.67019525,190.73462827083333
-1.0,-1.0,0.0,0.0902062291666823,190.73462827083333,190.8248345
-1.0,58.0,115.0,0.0644330208333485,190.8248345,190.88926752083336
-1.0,-1.0,0.0,0.09020622916665388,190.88926752083336,190.97947375
-1.0,57.0,111.0,0.0644330208333485,190.97947375,191.04390677083336
-1.0,-1.0,0.0,0.09020622916665388,191.04390677083336,191.134113
-1.0,57.0,111.0,0.0644330208333485,191.134113,191.19854602083333
-1.0,-1.0,0.0,0.09020622916665388,191.19854602083333,191.28875225
-1.0,57.0,111.0,0.0644330208333485,191.28875225,191.3531852708333
-1.0,-1.0,0.0,0.0902062291666823,191.3531852708333,191.4433915
-1.0,58.0,107.0,0.0644330208333201,191.4433915,191.5078245208333
-1.0,-1.0,0.0,0.0902062291666823,191.5078245208333,191.59803075
-1.0,52.0,115.0,0.0644330208333201,191.59803075,191.6624637708333
-1.0,-1.0,0.0,1.3273202291666735,191.6624637708333,192.989784
-1.0,57.0,111.0,0.0644330208333485,192.989784,193.0542170208333
-1.0,-1.0,0.0,0.0902062291666823,193.0542170208333,193.14442325
-1.0,57.0,111.0,0.0644330208333485,193.14442325,193.2088562708333
-1.0,-1.0,0.0,0.0902062291666823,193.2088562708333,193.2990625
-1.0,58.0,115.0,0.0644330208333201,193.2990625,193.3634955208333
-1.0,-1.0,0.0,0.0902062291666823,193.3634955208333,193.45370175
-1.0,57.0,111.0,0.0644330208333201,193.45370175,193.5181347708333
-1.0,-1.0,0.0,0.0902062291666823,193.5181347708333,193.608341
-1.0,57.0,111.0,0.0644330208333201,193.608341,193.6727740208333
-1.0,-1.0,0.0,0.09020622916671073,193.6727740208333,193.76298025
-1.0,57.0,111.0,0.0644330208333201,193.76298025,193.8274132708333
-1.0,-1.0,0.0,0.09020622916671073,193.8274132708333,193.9176195
-1.0,59.0,119.0,0.0644330208333201,193.9176195,193.9820525208333
-1.0,-1.0,0.0,0.09020622916673915,193.9820525208333,194.07225875000003
-1.0,58.0,127.0,0.0644330208333201,194.07225875000003,194.13669177083332
-1.0,-1.0,0.0,0.0902062291666823,194.13669177083332,194.226898
-1.0,57.0,111.0,0.0644330208333485,194.226898,194.29133102083333
-1.0,-1.0,0.0,0.0902062291666823,194.29133102083333,194.38153725
-1.0,57.0,111.0,0.0644330208333485,194.38153725,194.44597027083333
-1.0,-1.0,0.0,0.0902062291666823,194.44597027083333,194.5361765
-1.0,58.0,115.0,0.0644330208333485,194.5361765,194.60060952083336
-1.0,-1.0,0.0,0.0902062291666823,194.60060952083336,194.69081575000004
-1.0,57.0,111.0,0.0644330208333485,194.69081575000004,194.7552487708334
-1.0,-1.0,0.0,0.09020622916659704,194.7552487708334,194.845455
-1.0,57.0,111.0,0.0644330208333485,194.845455,194.9098880208333
-1.0,-1.0,0.0,0.0902062291666823,194.9098880208333,195.00009425
-1.0,57.0,111.0,0.0644330208333201,195.00009425,195.0645272708333
-1.0,-1.0,0.0,0.0902062291666823,195.0645272708333,195.1547335
-1.0,59.0,119.0,0.0644330208333201,195.1547335,195.2191665208333
-1.0,-1.0,0.0,0.0902062291666823,195.2191665208333,195.30937275
-1.0,52.0,119.0,0.0644330208333201,195.30937275,195.3738057708333
-1.0,-1.0,0.0,0.24484547916671318,195.3738057708333,195.61865125
-1.0,53.0,117.0,0.0644330208333201,195.61865125,195.6830842708333
-1.0,-1.0,0.0,0.24484547916671318,195.6830842708333,195.92792975
-1.0,53.0,117.0,0.0644330208333485,195.92792975,195.99236277083332
-1.0,-1.0,0.0,0.24484547916668475,195.99236277083332,196.23720825
-1.0,53.0,117.0,0.0644330208333485,196.23720825,196.30164127083336
-1.0,-1.0,0.0,0.24484547916665633,196.30164127083336,196.54648675
-1.0,53.0,117.0,0.0644330208333485,196.54648675,196.61091977083336
-1.0,-1.0,0.0,1.327320229166645,196.61091977083336,197.93824
-1.0,59.0,113.0,0.0563788932291799,197.93824,197.9946188932292
-1.0,-1.0,0.0,0.09826035677082245,197.9946188932292,198.09287925
-1.0,60.0,115.0,0.0644330208333485,198.09287925,198.15731227083336
-1.0,-1.0,0.0,0.09020622916665388,198.15731227083336,198.2475185
-1.0,60.0,117.0,0.0644330208333485,198.2475185,198.31195152083336
-1.0,-1.0,0.0,0.09020622916662546,198.31195152083336,198.40215775
-1.0,60.0,115.0,0.0644330208333485,198.40215775,198.4665907708333
-1.0,-1.0,0.0,0.0902062291666823,198.4665907708333,198.556797
-1.0,60.0,115.0,0.0644330208333201,198.556797,198.6212300208333
-1.0,-1.0,0.0,0.0902062291666823,198.6212300208333,198.71143625
-1.0,57.0,111.0,0.0644330208333201,198.71143625,198.7758692708333
-1.0,-1.0,0.0,0.0902062291666823,198.7758692708333,198.8660755
-1.0,60.0,120.0,0.0644330208333201,198.8660755,198.9305085208333
-1.0,-1.0,0.0,0.0902062291666823,198.9305085208333,199.02071475
-1.0,60.0,127.0,0.0644330208333201,199.02071475,199.0851477708333
-1.0,-1.0,0.0,0.09020622916671073,199.0851477708333,199.175354
-1.0,60.0,115.0,0.0644330208333201,199.175354,199.2397870208333
-1.0,-1.0,0.0,0.09020622916671073,199.2397870208333,199.32999325
-1.0,57.0,111.0,0.0644330208333201,199.32999325,199.3944262708333
-1.0,-1.0,0.0,0.09020622916671073,199.3944262708333,199.4846325
-1.0,60.0,117.0,0.0644330208333201,199.4846325,199.54906552083327
-1.0,-1.0,0.0,0.09020622916673915,199.54906552083327,199.63927175
-1.0,59.0,115.0,0.0644330208333485,199.63927175,199.70370477083333
-1.0,-1.0,0.0,0.0902062291666823,199.70370477083333,199.793911
-1.0,60.0,117.0,0.0644330208333485,199.793911,199.85834402083336
-1.0,-1.0,0.0,0.09020622916665388,199.85834402083336,199.94855025
-1.0,60.0,115.0,0.0644330208333485,199.94855025,200.01298327083336
-1.0,-1.0,0.0,0.09020622916665388,200.01298327083336,200.1031895
-1.0,60.0,120.0,0.0644330208333485,200.1031895,200.16762252083336
-1.0,-1.0,0.0,0.09020622916662546,200.16762252083336,200.25782875
-1.0,60.0,127.0,0.0644330208333485,200.25782875,200.3222617708333
-1.0,-1.0,0.0,0.0902062291666823,200.3222617708333,200.412468
-1.0,57.0,111.0,0.0644330208333201,200.412468,200.4769010208333
-1.0,-1.0,0.0,0.0902062291666823,200.4769010208333,200.56710725
-1.0,60.0,115.0,0.0644330208333201,200.56710725,200.6315402708333
-1.0,-1.0,0.0,0.0902062291666823,200.6315402708333,200.7217465
-1.0,60.0,117.0,0.0644330208333201,200.7217465,200.7861795208333
-1.0,-1.0,0.0,0.09020622916671073,200.7861795208333,200.87638575
-1.0,60.0,115.0,0.0644330208333201,200.87638575,200.9408187708333
-1.0,-1.0,0.0,0.09020622916671073,200.9408187708333,201.031025
-1.0,60.0,115.0,0.0644330208333201,201.031025,201.0954580208333
-1.0,-1.0,0.0,0.09020622916673915,201.0954580208333,201.18566425000003
-1.0,57.0,111.0,0.0644330208333201,201.18566425000003,201.25009727083332
-1.0,-1.0,0.0,0.0902062291666823,201.25009727083332,201.3403035
-1.0,60.0,120.0,0.0644330208333485,201.3403035,201.40473652083332
-1.0,-1.0,0.0,0.0902062291666823,201.40473652083332,201.49494275
-1.0,60.0,127.0,0.0644330208333485,201.49494275,201.55937577083336
-1.0,-1.0,0.0,0.09020622916665388,201.55937577083336,201.649582
-1.0,60.0,115.0,0.0644330208333485,201.649582,201.71401502083336
-1.0,-1.0,0.0,0.0902062291666823,201.71401502083336,201.80422125000004
-1.0,57.0,111.0,0.0644330208333485,201.80422125000004,201.8686542708334
-1.0,-1.0,0.0,0.09020622916659704,201.8686542708334,201.9588605
-1.0,60.0,117.0,0.0644330208333485,201.9588605,202.0232935208333
-1.0,-1.0,0.0,0.0902062291666823,202.0232935208333,202.11349975
-1.0,59.0,115.0,0.0644330208333485,202.11349975,202.1779327708333
-1.0,-1.0,0.0,0.0902062291666823,202.1779327708333,202.268139
-1.0,60.0,117.0,0.0644330208333201,202.268139,202.3325720208333
-1.0,-1.0,0.0,0.0902062291666823,202.3325720208333,202.42277825
-1.0,60.0,115.0,0.0644330208333201,202.42277825,202.4872112708333
-1.0,-1.0,0.0,0.0902062291666823,202.4872112708333,202.5774175
-1.0,60.0,120.0,0.0644330208333201,202.5774175,202.6418505208333
-1.0,-1.0,0.0,0.09020622916671073,202.6418505208333,202.73205675
-1.0,60.0,127.0,0.0644330208333201,202.73205675,202.7964897708333
-1.0,-1.0,0.0,0.09020622916671073,202.7964897708333,202.886696
-1.0,57.0,115.0,0.0644330208333201,202.886696,202.9511290208333
-1.0,-1.0,0.0,0.09020622916671073,202.9511290208333,203.04133525
-1.0,60.0,115.0,0.0644330208333201,203.04133525,203.10576827083327
-1.0,-1.0,0.0,0.09020622916673915,203.10576827083327,203.1959745
-1.0,60.0,117.0,0.0644330208333485,203.1959745,203.26040752083333
-1.0,-1.0,0.0,0.0902062291666823,203.26040752083333,203.35061375
-1.0,60.0,115.0,0.0644330208333485,203.35061375,203.41504677083336
-1.0,-1.0,0.0,0.09020622916665388,203.41504677083336,203.505253
-1.0,59.0,117.0,0.0644330208333485,203.505253,203.56968602083336
-1.0,-1.0,0.0,0.09020622916665388,203.56968602083336,203.65989225
-1.0,57.0,111.0,0.0644330208333485,203.65989225,203.72432527083336
-1.0,-1.0,0.0,0.09020622916662546,203.72432527083336,203.8145315
-1.0,60.0,120.0,0.0644330208333485,203.8145315,203.8789645208333
-1.0,-1.0,0.0,0.0902062291666823,203.8789645208333,203.96917075
-1.0,60.0,127.0,0.0644330208333201,203.96917075,204.0336037708333
-1.0,-1.0,0.0,0.0902062291666823,204.0336037708333,204.12381
-1.0,59.0,117.0,0.0644330208333201,204.12381,204.1882430208333
-1.0,-1.0,0.0,0.0902062291666823,204.1882430208333,204.27844925
-1.0,57.0,111.0,0.0644330208333201,204.27844925,204.3428822708333
-1.0,-1.0,0.0,0.09020622916671073,204.3428822708333,204.4330885
-1.0,60.0,117.0,0.0644330208333201,204.4330885,204.4975215208333
-1.0,-1.0,0.0,0.09020622916671073,204.4975215208333,204.58772775
-1.0,59.0,115.0,0.0644330208333201,204.58772775,204.6521607708333
-1.0,-1.0,0.0,0.09020622916673915,204.6521607708333,204.74236700000003
-1.0,60.0,119.0,0.0644330208333201,204.74236700000003,204.80680002083332
-1.0,-1.0,0.0,0.0902062291666823,204.80680002083332,204.89700625
-1.0,60.0,115.0,0.0644330208333485,204.89700625,204.96143927083332
-1.0,-1.0,0.0,0.0902062291666823,204.96143927083332,205.0516455
-1.0,60.0,120.0,0.0644330208333485,205.0516455,205.11607852083336
-1.0,-1.0,0.0,0.09020622916665388,205.11607852083336,205.20628475
-1.0,60.0,127.0,0.0644330208333485,205.20628475,205.27071777083336
-1.0,-1.0,0.0,0.09020622916665388,205.27071777083336,205.360924
-1.0,57.0,115.0,0.0644330208333485,205.360924,205.42535702083336
-1.0,-1.0,0.0,0.09020622916665388,205.42535702083336,205.51556325
-1.0,60.0,115.0,0.0644330208333485,205.51556325,205.57999627083336
-1.0,-1.0,0.0,0.09020622916662546,205.57999627083336,205.6702025
-1.0,60.0,117.0,0.0644330208333485,205.6702025,205.73463552083336
-1.0,-1.0,0.0,0.09020622916662546,205.73463552083336,205.82484175
-1.0,60.0,115.0,0.0644330208333201,205.82484175,205.8892747708333
-1.0,-1.0,0.0,0.0902062291666823,205.8892747708333,205.979481
-1.0,59.0,117.0,0.0644330208333201,205.979481,206.0439140208333
-1.0,-1.0,0.0,0.0902062291666823,206.0439140208333,206.13412025
-1.0,57.0,111.0,0.0644330208333201,206.13412025,206.1985532708333
-1.0,-1.0,0.0,0.09020622916673915,206.1985532708333,206.28875950000003
-1.0,60.0,120.0,0.0644330208333201,206.28875950000003,206.35319252083332
-1.0,-1.0,0.0,0.0902062291666823,206.35319252083332,206.44339875
-1.0,60.0,127.0,0.0644330208333201,206.44339875,206.5078317708333
-1.0,-1.0,0.0,0.09020622916671073,206.5078317708333,206.598038
-1.0,59.0,117.0,0.0644330208333201,206.598038,206.66247102083327
-1.0,-1.0,0.0,0.09020622916673915,206.66247102083327,206.75267725
-1.0,57.0,111.0,0.0644330208333485,206.75267725,206.81711027083333
-1.0,-1.0,0.0,0.09020622916671073,206.81711027083333,206.90731650000004
-1.0,60.0,117.0,0.0644330208333485,206.90731650000004,206.97174952083336
-1.0,-1.0,0.0,0.09020622916665388,206.97174952083336,207.06195575
-1.0,59.0,115.0,0.0644330208333485,207.06195575,207.12638877083336
-1.0,-1.0,0.0,0.09020622916665388,207.12638877083336,207.216595
-1.0,60.0,119.0,0.0644330208333485,207.216595,207.28102802083336
-1.0,-1.0,0.0,0.09020622916662546,207.28102802083336,207.37123425
-1.0,60.0,115.0,0.0644330208333485,207.37123425,207.4356672708333
-1.0,-1.0,0.0,0.0902062291666823,207.4356672708333,207.5258735
-1.0,60.0,120.0,0.0644330208333201,207.5258735,207.5903065208333
-1.0,-1.0,0.0,0.0902062291666823,207.5903065208333,207.68051275
-1.0,60.0,127.0,0.0644330208333201,207.68051275,207.7449457708333
-1.0,-1.0,0.0,0.0902062291666823,207.7449457708333,207.835152
-1.0,57.0,115.0,0.0644330208333201,207.835152,207.8995850208333
-1.0,-1.0,0.0,0.0902062291666823,207.8995850208333,207.98979125
-1.0,60.0,115.0,0.0644330208333201,207.98979125,208.0542242708333
-1.0,-1.0,0.0,0.09020622916671073,208.0542242708333,208.1444305
-1.0,60.0,117.0,0.0644330208333201,208.1444305,208.2088635208333
-1.0,-1.0,0.0,0.09020622916671073,208.2088635208333,208.29906975
-1.0,60.0,115.0,0.0644330208333201,208.29906975,208.3635027708333
-1.0,-1.0,0.0,0.09020622916671073,208.3635027708333,208.453709
-1.0,59.0,117.0,0.0644330208333485,208.453709,208.51814202083327
-1.0,-1.0,0.0,0.09020622916673915,208.51814202083327,208.60834825
-1.0,57.0,111.0,0.0644330208333485,208.60834825,208.67278127083333
-1.0,-1.0,0.0,0.0902062291666823,208.67278127083333,208.7629875
-1.0,60.0,120.0,0.0644330208333485,208.7629875,208.82742052083336
-1.0,-1.0,0.0,0.09020622916665388,208.82742052083336,208.91762675
-1.0,60.0,127.0,0.0644330208333485,208.91762675,208.98205977083336
-1.0,-1.0,0.0,0.0902062291666823,208.98205977083336,209.07226600000004
-1.0,59.0,117.0,0.0644330208333485,209.07226600000004,209.1366990208334
-1.0,-1.0,0.0,0.09020622916659704,209.1366990208334,209.22690525
-1.0,57.0,111.0,0.0644330208333485,209.22690525,209.2913382708333
-1.0,-1.0,0.0,0.0902062291666823,209.2913382708333,209.3815445
-1.0,60.0,117.0,0.0644330208333201,209.3815445,209.44597752083328
-1.0,-1.0,0.0,0.09020622916671073,209.44597752083328,209.53618375
-1.0,59.0,115.0,0.0644330208333201,209.53618375,209.6006167708333
-1.0,-1.0,0.0,0.0902062291666823,209.6006167708333,209.690823
-1.0,60.0,119.0,0.0644330208333201,209.690823,209.7552560208333
-1.0,-1.0,0.0,0.09020622916671073,209.7552560208333,209.84546225
-1.0,60.0,115.0,0.0644330208333201,209.84546225,209.9098952708333
-1.0,-1.0,0.0,0.09020622916671073,209.9098952708333,210.0001015
-1.0,60.0,120.0,0.0644330208333201,210.0001015,210.0645345208333
-1.0,-1.0,0.0,0.09020622916671073,210.0645345208333,210.15474075
-1.0,60.0,127.0,0.0644330208333201,210.15474075,210.2191737708333
-1.0,-1.0,0.0,0.09020622916671073,210.2191737708333,210.30938
-1.0,57.0,115.0,0.0644330208333485,210.30938,210.37381302083332
-1.0,-1.0,0.0,0.0902062291666823,210.37381302083332,210.46401925
-1.0,60.0,115.0,0.0644330208333485,210.46401925,210.52845227083336
-1.0,-1.0,0.0,0.09020622916665388,210.52845227083336,210.6186585
-1.0,60.0,117.0,0.0644330208333485,210.6186585,210.68309152083333
-1.0,-1.0,0.0,0.0902062291666823,210.68309152083333,210.77329775
-1.0,60.0,115.0,0.0644330208333485,210.77329775,210.83773077083336
-1.0,-1.0,0.0,0.09020622916662546,210.83773077083336,210.927937
-1.0,59.0,117.0,0.0644330208333485,210.927937,210.9923700208333
-1.0,-1.0,0.0,0.0902062291666823,210.9923700208333,211.08257625
-1.0,57.0,111.0,0.0644330208333201,211.08257625,211.1470092708333
-1.0,-1.0,0.0,0.0902062291666823,211.1470092708333,211.2372155
-1.0,60.0,120.0,0.0644330208333201,211.2372155,211.3016485208333
-1.0,-1.0,0.0,0.0902062291666823,211.3016485208333,211.39185475
-1.0,60.0,127.0,0.0644330208333201,211.39185475,211.4562877708333
-1.0,-1.0,0.0,0.0902062291666823,211.4562877708333,211.546494
-1.0,59.0,117.0,0.0644330208333201,211.546494,211.6109270208333
-1.0,-1.0,0.0,0.09020622916671073,211.6109270208333,211.70113325
-1.0,57.0,111.0,0.0644330208333201,211.70113325,211.7655662708333
-1.0,-1.0,0.0,0.09020622916671073,211.7655662708333,211.8557725
-1.0,60.0,117.0,0.0644330208333201,211.8557725,211.9202055208333
-1.0,-1.0,0.0,0.09020622916671073,211.9202055208333,212.01041175
-1.0,59.0,115.0,0.0644330208333201,212.01041175,212.07484477083327
-1.0,-1.0,0.0,0.09020622916673915,212.07484477083327,212.165051
-1.0,60.0,119.0,0.0644330208333485,212.165051,212.22948402083333
-1.0,-1.0,0.0,0.0902062291666823,212.22948402083333,212.31969025
-1.0,60.0,115.0,0.0644330208333485,212.31969025,212.38412327083336
-1.0,-1.0,0.0,0.09020622916665388,212.38412327083336,212.4743295
-1.0,60.0,120.0,0.0644330208333485,212.4743295,212.53876252083336
-1.0,-1.0,0.0,0.09020622916665388,212.53876252083336,212.62896875
-1.0,60.0,127.0,0.0644330208333485,212.62896875,212.69340177083336
-1.0,-1.0,0.0,0.09020622916662546,212.69340177083336,212.783608
-1.0,57.0,115.0,0.0644330208333485,212.783608,212.8480410208333
-1.0,-1.0,0.0,0.0902062291666823,212.8480410208333,212.93824725
-1.0,60.0,115.0,0.0644330208333201,212.93824725,213.0026802708333
-1.0,-1.0,0.0,0.0902062291666823,213.0026802708333,213.0928865
-1.0,60.0,117.0,0.0644330208333201,213.0928865,213.1573195208333
-1.0,-1.0,0.0,0.0902062291666823,213.1573195208333,213.24752575
-1.0,60.0,115.0,0.0644330208333201,213.24752575,213.3119587708333
-1.0,-1.0,0.0,0.09020622916671073,213.3119587708333,213.402165
-1.0,59.0,117.0,0.0644330208333201,213.402165,213.46659802083332
-1.0,-1.0,0.0,0.0902062291666823,213.46659802083332,213.55680425
-1.0,57.0,111.0,0.0644330208333201,213.55680425,213.6212372708333
-1.0,-1.0,0.0,0.09020622916671073,213.6212372708333,213.7114435
-1.0,60.0,120.0,0.0644330208333201,213.7114435,213.7758765208333
-1.0,-1.0,0.0,0.09020622916671073,213.7758765208333,213.86608275
-1.0,60.0,127.0,0.0644330208333485,213.86608275,213.93051577083332
-1.0,-1.0,0.0,0.09020622916671073,213.93051577083332,214.02072200000003
-1.0,59.0,117.0,0.0644330208333485,214.02072200000003,214.08515502083335
-1.0,-1.0,0.0,0.09020622916665388,214.08515502083335,214.17536125
-1.0,57.0,111.0,0.0644330208333485,214.17536125,214.23979427083336
-1.0,-1.0,0.0,0.09020622916665388,214.23979427083336,214.3300005
-1.0,60.0,117.0,0.0644330208333485,214.3300005,214.39443352083336
-1.0,-1.0,0.0,0.09020622916665388,214.39443352083336,214.48463975
-1.0,64.0,111.0,0.0644330208333485,214.48463975,214.54907277083336
-1.0,-1.0,0.0,0.09020622916662546,214.54907277083336,214.639279
-1.0,68.0,127.0,0.0644330208333485,214.639279,214.7037120208333
-1.0,42.0,127.0,0.219072270833351,214.48463975,214.70371202083336
-1.0,58.0,117.0,0.0644330208333485,214.639279,214.7037120208333
-1.0,-1.0,0.0,0.0902062291666823,214.7037120208333,214.79391825
-1.0,60.0,115.0,0.0644330208333201,214.79391825,214.8583512708333
-1.0,-1.0,0.0,0.0902062291666823,214.8583512708333,214.9485575
-1.0,60.0,120.0,0.0644330208333201,214.9485575,215.01299052083328
-1.0,-1.0,0.0,0.09020622916671073,215.01299052083328,215.10319675
-1.0,60.0,127.0,0.0644330208333201,215.10319675,215.1676297708333
-1.0,-1.0,0.0,0.09020622916671073,215.1676297708333,215.257836
-1.0,57.0,115.0,0.0644330208333201,215.257836,215.3222690208333
-1.0,-1.0,0.0,0.09020622916671073,215.3222690208333,215.41247525
-1.0,60.0,115.0,0.0644330208333201,215.41247525,215.4769082708333
-1.0,-1.0,0.0,0.09020622916673915,215.4769082708333,215.56711450000003
-1.0,60.0,117.0,0.0644330208333201,215.56711450000003,215.63154752083332
-1.0,-1.0,0.0,0.0902062291666823,215.63154752083332,215.72175375
-1.0,60.0,115.0,0.0644330208333485,215.72175375,215.78618677083332
-1.0,-1.0,0.0,0.0902062291666823,215.78618677083332,215.876393
-1.0,59.0,117.0,0.0644330208333485,215.876393,215.94082602083336
-1.0,-1.0,0.0,0.0902062291666823,215.94082602083336,216.03103225000004
-1.0,57.0,111.0,0.0644330208333485,216.03103225000004,216.0954652708334
-1.0,-1.0,0.0,0.09020622916662546,216.0954652708334,216.1856715
-1.0,60.0,120.0,0.0644330208333485,216.1856715,216.25010452083333
-1.0,-1.0,0.0,0.09020622916665388,216.25010452083333,216.34031075
-1.0,60.0,127.0,0.0644330208333485,216.34031075,216.4047437708333
-1.0,-1.0,0.0,0.0902062291666823,216.4047437708333,216.49495
-1.0,59.0,117.0,0.0644330208333201,216.49495,216.55938302083328
-1.0,-1.0,0.0,0.09020622916671073,216.55938302083328,216.64958925
-1.0,57.0,111.0,0.0644330208333201,216.64958925,216.7140222708333
-1.0,-1.0,0.0,0.0902062291666823,216.7140222708333,216.8042285
-1.0,60.0,117.0,0.0644330208333201,216.8042285,216.8686615208333
-1.0,-1.0,0.0,0.0902062291666823,216.8686615208333,216.95886775
-1.0,59.0,115.0,0.0644330208333201,216.95886775,217.0233007708333
-1.0,-1.0,0.0,0.09020622916671073,217.0233007708333,217.113507
-1.0,60.0,119.0,0.0644330208333201,217.113507,217.1779400208333
-1.0,-1.0,0.0,0.09020622916671073,217.1779400208333,217.26814625
-1.0,60.0,115.0,0.0644330208333201,217.26814625,217.3325792708333
-1.0,-1.0,0.0,0.09020622916671073,217.3325792708333,217.4227855
-1.0,60.0,120.0,0.0644330208333485,217.4227855,217.48721852083332
-1.0,-1.0,0.0,0.0902062291666823,217.48721852083332,217.57742475
-1.0,60.0,127.0,0.0644330208333485,217.57742475,217.64185777083333
-1.0,-1.0,0.0,0.0902062291666823,217.64185777083333,217.732064
-1.0,57.0,115.0,0.0644330208333485,217.732064,217.79649702083336
-1.0,-1.0,0.0,0.09020622916665388,217.79649702083336,217.88670325
-1.0,60.0,115.0,0.0644330208333485,217.88670325,217.95113627083336
-1.0,-1.0,0.0,0.09020622916665388,217.95113627083336,218.0413425
-1.0,60.0,117.0,0.0644330208333485,218.0413425,218.10577552083336
-1.0,-1.0,0.0,0.09020622916662546,218.10577552083336,218.19598175
-1.0,60.0,115.0,0.0644330208333485,218.19598175,218.2604147708333
-1.0,-1.0,0.0,0.0902062291666823,218.2604147708333,218.350621
-1.0,59.0,117.0,0.0644330208333201,218.350621,218.4150540208333
-1.0,-1.0,0.0,0.0902062291666823,218.4150540208333,218.50526025
-1.0,57.0,111.0,0.0644330208333201,218.50526025,218.5696932708333
-1.0,-1.0,0.0,0.0902062291666823,218.5696932708333,218.6598995
-1.0,60.0,120.0,0.0644330208333201,218.6598995,218.7243325208333
-1.0,-1.0,0.0,0.09020622916671073,218.7243325208333,218.81453875
-1.0,60.0,127.0,0.0644330208333201,218.81453875,218.8789717708333
-1.0,-1.0,0.0,0.09020622916671073,218.8789717708333,218.969178
-1.0,59.0,117.0,0.0644330208333201,218.969178,219.0336110208333
-1.0,-1.0,0.0,0.09020622916671073,219.0336110208333,219.12381725
-1.0,57.0,111.0,0.0644330208333201,219.12381725,219.1882502708333
-1.0,-1.0,0.0,0.09020622916671073,219.1882502708333,219.2784565
-1.0,60.0,117.0,0.0644330208333485,219.2784565,219.34288952083332
-1.0,-1.0,0.0,0.0902062291666823,219.34288952083332,219.43309575
-1.0,59.0,115.0,0.0644330208333485,219.43309575,219.49752877083336
-1.0,-1.0,0.0,0.0902062291666823,219.49752877083336,219.58773500000004
-1.0,60.0,119.0,0.0644330208333485,219.58773500000004,219.6521680208334
-1.0,-1.0,0.0,0.09020622916662546,219.6521680208334,219.74237425
-1.0,60.0,115.0,0.0644330208333485,219.74237425,219.80680727083336
-1.0,-1.0,0.0,0.09020622916665388,219.80680727083336,219.8970135
-1.0,60.0,120.0,0.0644330208333485,219.8970135,219.96144652083336
-1.0,-1.0,0.0,0.09020622916662546,219.96144652083336,220.05165275
-1.0,60.0,127.0,0.0644330208333201,220.05165275,220.1160857708333
-1.0,-1.0,0.0,0.0902062291666823,220.1160857708333,220.206292
-1.0,57.0,115.0,0.0644330208333201,220.206292,220.2707250208333
-1.0,-1.0,0.0,0.0902062291666823,220.2707250208333,220.36093125
-1.0,60.0,115.0,0.0644330208333201,220.36093125,220.4253642708333
-1.0,-1.0,0.0,0.0902062291666823,220.4253642708333,220.5155705
-1.0,60.0,117.0,0.0644330208333201,220.5155705,220.58000352083332
-1.0,-1.0,0.0,0.0902062291666823,220.58000352083332,220.67020975
-1.0,60.0,115.0,0.0644330208333201,220.67020975,220.7346427708333
-1.0,-1.0,0.0,0.09020622916671073,220.7346427708333,220.824849
-1.0,59.0,117.0,0.0644330208333201,220.824849,220.8892820208333
-1.0,-1.0,0.0,0.09020622916671073,220.8892820208333,220.97948825
-1.0,57.0,111.0,0.0644330208333485,220.97948825,221.04392127083332
-1.0,-1.0,0.0,0.09020622916671073,221.04392127083332,221.13412750000003
-1.0,60.0,120.0,0.0644330208333485,221.13412750000003,221.19856052083335
-1.0,-1.0,0.0,0.09020622916665388,221.19856052083335,221.28876675
-1.0,60.0,127.0,0.0644330208333485,221.28876675,221.35319977083336
-1.0,-1.0,0.0,0.09020622916665388,221.35319977083336,221.443406
-1.0,59.0,117.0,0.0644330208333485,221.443406,221.50783902083336
-1.0,-1.0,0.0,0.09020622916665388,221.50783902083336,221.59804525
-1.0,57.0,111.0,0.0644330208333485,221.59804525,221.66247827083336
-1.0,-1.0,0.0,0.09020622916662546,221.66247827083336,221.7526845
-1.0,60.0,117.0,0.0644330208333485,221.7526845,221.8171175208333
-1.0,-1.0,0.0,0.0902062291666823,221.8171175208333,221.90732375
-1.0,59.0,115.0,0.0644330208333201,221.90732375,221.9717567708333
-1.0,-1.0,0.0,0.0902062291666823,221.9717567708333,222.061963
-1.0,60.0,119.0,0.0644330208333201,222.061963,222.1263960208333
-1.0,-1.0,0.0,0.0902062291666823,222.1263960208333,222.21660225
-1.0,60.0,115.0,0.0644330208333201,222.21660225,222.2810352708333
-1.0,-1.0,0.0,0.0902062291666823,222.2810352708333,222.3712415
-1.0,60.0,120.0,0.0644330208333201,222.3712415,222.4356745208333
-1.0,-1.0,0.0,0.09020622916671073,222.4356745208333,222.52588075
-1.0,60.0,127.0,0.0644330208333201,222.52588075,222.5903137708333
-1.0,-1.0,0.0,0.09020622916671073,222.5903137708333,222.68052
-1.0,57.0,115.0,0.0644330208333201,222.68052,222.7449530208333
-1.0,-1.0,0.0,0.09020622916671073,222.7449530208333,222.83515925
-1.0,60.0,115.0,0.0644330208333485,222.83515925,222.89959227083332
-1.0,-1.0,0.0,0.0902062291666823,222.89959227083332,222.9897985
-1.0,60.0,117.0,0.0644330208333485,222.9897985,223.05423152083333
-1.0,-1.0,0.0,0.0902062291666823,223.05423152083333,223.14443775
-1.0,60.0,115.0,0.0644330208333485,223.14443775,223.20887077083336
-1.0,-1.0,0.0,0.0902062291666823,223.20887077083336,223.29907700000004
-1.0,59.0,117.0,0.0644330208333485,223.29907700000004,223.3635100208334
-1.0,-1.0,0.0,0.09020622916662546,223.3635100208334,223.45371625
-1.0,57.0,111.0,0.0644330208333485,223.45371625,223.51814927083333
-1.0,-1.0,0.0,0.09020622916665388,223.51814927083333,223.6083555
-1.0,60.0,120.0,0.0644330208333201,223.6083555,223.67278852083328
-1.0,-1.0,0.0,0.09020622916671073,223.67278852083328,223.76299475
-1.0,60.0,127.0,0.0644330208333201,223.76299475,223.8274277708333
-1.0,-1.0,0.0,0.0902062291666823,223.8274277708333,223.917634
-1.0,59.0,117.0,0.0644330208333201,223.917634,223.9820670208333
-1.0,-1.0,0.0,0.0902062291666823,223.9820670208333,224.07227325
-1.0,57.0,111.0,0.0644330208333201,224.07227325,224.1367062708333
-1.0,-1.0,0.0,0.09020622916671073,224.1367062708333,224.2269125
-1.0,60.0,117.0,0.0644330208333201,224.2269125,224.2913455208333
-1.0,-1.0,0.0,0.09020622916671073,224.2913455208333,224.38155175
-1.0,59.0,115.0,0.0644330208333201,224.38155175,224.4459847708333
-1.0,-1.0,0.0,0.09020622916671073,224.4459847708333,224.536191
-1.0,60.0,119.0,0.0644330208333201,224.536191,224.6006240208333
-1.0,-1.0,0.0,0.09020622916671073,224.6006240208333,224.69083025
-1.0,60.0,115.0,0.0644330208333485,224.69083025,224.75526327083332
-1.0,-1.0,0.0,0.0902062291666823,224.75526327083332,224.8454695
-1.0,60.0,120.0,0.0644330208333485,224.8454695,224.90990252083333
-1.0,-1.0,0.0,0.0902062291666823,224.90990252083333,225.00010875
-1.0,60.0,127.0,0.0644330208333485,225.00010875,225.06454177083336
-1.0,-1.0,0.0,0.09020622916665388,225.06454177083336,225.154748
-1.0,57.0,115.0,0.0644330208333485,225.154748,225.21918102083336
-1.0,-1.0,0.0,0.09020622916662546,225.21918102083336,225.30938725
-1.0,60.0,115.0,0.0644330208333485,225.30938725,225.3738202708333
-1.0,-1.0,0.0,0.0902062291666823,225.3738202708333,225.4640265
-1.0,60.0,117.0,0.0644330208333201,225.4640265,225.5284595208333
-1.0,-1.0,0.0,0.0902062291666823,225.5284595208333,225.61866575
-1.0,60.0,115.0,0.0644330208333201,225.61866575,225.6830987708333
-1.0,-1.0,0.0,0.0902062291666823,225.6830987708333,225.773305
-1.0,59.0,117.0,0.0644330208333201,225.773305,225.8377380208333
-1.0,-1.0,0.0,0.0902062291666823,225.8377380208333,225.92794425
-1.0,57.0,111.0,0.0644330208333201,225.92794425,225.9923772708333
-1.0,-1.0,0.0,0.09020622916671073,225.9923772708333,226.0825835
-1.0,60.0,120.0,0.0644330208333201,226.0825835,226.1470165208333
-1.0,-1.0,0.0,0.09020622916671073,226.1470165208333,226.23722275
-1.0,60.0,127.0,0.0644330208333201,226.23722275,226.3016557708333
-1.0,-1.0,0.0,0.09020622916671073,226.3016557708333,226.391862
-1.0,59.0,117.0,0.0644330208333485,226.391862,226.45629502083332
-1.0,-1.0,0.0,0.0902062291666823,226.45629502083332,226.54650125
-1.0,57.0,111.0,0.0644330208333485,226.54650125,226.61093427083333
-1.0,-1.0,0.0,0.0902062291666823,226.61093427083333,226.7011405
-1.0,60.0,117.0,0.0644330208333485,226.7011405,226.76557352083336
-1.0,-1.0,0.0,0.09020622916665388,226.76557352083336,226.85577975
-1.0,59.0,115.0,0.0644330208333485,226.85577975,226.92021277083336
-1.0,-1.0,0.0,0.09020622916665388,226.92021277083336,227.010419
-1.0,60.0,119.0,0.0644330208333485,227.010419,227.07485202083333
-1.0,-1.0,0.0,0.09020622916665388,227.07485202083333,227.16505825
-1.0,60.0,115.0,0.0644330208333485,227.16505825,227.2294912708333
-1.0,-1.0,0.0,0.0902062291666823,227.2294912708333,227.3196975
-1.0,60.0,120.0,0.0644330208333201,227.3196975,227.3841305208333
-1.0,-1.0,0.0,0.0902062291666823,227.3841305208333,227.47433675
-1.0,60.0,127.0,0.0644330208333201,227.47433675,227.5387697708333
-1.0,-1.0,0.0,0.0902062291666823,227.5387697708333,227.628976
-1.0,57.0,115.0,0.0644330208333201,227.628976,227.6934090208333
-1.0,-1.0,0.0,0.09020622916671073,227.6934090208333,227.78361525
-1.0,60.0,115.0,0.0644330208333201,227.78361525,227.8480482708333
-1.0,-1.0,0.0,0.09020622916671073,227.8480482708333,227.9382545
-1.0,60.0,117.0,0.0644330208333201,227.9382545,228.0026875208333
-1.0,-1.0,0.0,0.09020622916671073,228.0026875208333,228.09289375
-1.0,60.0,115.0,0.0644330208333201,228.09289375,228.1573267708333
-1.0,-1.0,0.0,0.09020622916673915,228.1573267708333,228.24753300000003
-1.0,59.0,117.0,0.0644330208333485,228.24753300000003,228.31196602083335
-1.0,-1.0,0.0,0.09020622916665388,228.31196602083335,228.40217225
-1.0,57.0,111.0,0.0644330208333485,228.40217225,228.46660527083336
-1.0,-1.0,0.0,0.09020622916665388,228.46660527083336,228.5568115
-1.0,60.0,120.0,0.0644330208333485,228.5568115,228.62124452083336
-1.0,-1.0,0.0,0.09020622916665388,228.62124452083336,228.71145075
-1.0,60.0,127.0,0.0644330208333485,228.71145075,228.77588377083336
-1.0,-1.0,0.0,0.0902062291666823,228.77588377083336,228.86609000000004
-1.0,59.0,117.0,0.0644330208333485,228.86609000000004,228.9305230208334
-1.0,-1.0,0.0,0.09020622916659704,228.9305230208334,229.02072925
-1.0,57.0,111.0,0.0644330208333201,229.02072925,229.0851622708333
-1.0,-1.0,0.0,0.0902062291666823,229.0851622708333,229.1753685
-1.0,60.0,117.0,0.0644330208333201,229.1753685,229.23980152083328
-1.0,-1.0,0.0,0.09020622916671073,229.23980152083328,229.33000775
-1.0,59.0,115.0,0.0644330208333201,229.33000775,229.3944407708333
-1.0,-1.0,0.0,0.0902062291666823,229.3944407708333,229.484647
-1.0,60.0,119.0,0.0644330208333201,229.484647,229.5490800208333
-1.0,-1.0,0.0,0.09020622916671073,229.5490800208333,229.63928625
-1.0,60.0,115.0,0.0644330208333201,229.63928625,229.7037192708333
-1.0,-1.0,0.0,0.09020622916673915,229.7037192708333,229.79392550000003
-1.0,60.0,120.0,0.0644330208333201,229.79392550000003,229.85835852083332
-1.0,-1.0,0.0,0.0902062291666823,229.85835852083332,229.94856475
-1.0,60.0,127.0,0.0644330208333485,229.94856475,230.01299777083332
-1.0,-1.0,0.0,0.0902062291666823,230.01299777083332,230.103204
-1.0,57.0,115.0,0.0644330208333485,230.103204,230.16763702083333
-1.0,-1.0,0.0,0.0902062291666823,230.16763702083333,230.25784325
-1.0,60.0,115.0,0.0644330208333485,230.25784325,230.32227627083336
-1.0,-1.0,0.0,0.09020622916665388,230.32227627083336,230.4124825
-1.0,60.0,117.0,0.0644330208333485,230.4124825,230.47691552083333
-1.0,-1.0,0.0,0.0902062291666823,230.47691552083333,230.56712175
-1.0,60.0,115.0,0.0644330208333485,230.56712175,230.63155477083336
-1.0,-1.0,0.0,0.09020622916662546,230.63155477083336,230.721761
-1.0,59.0,117.0,0.0644330208333485,230.721761,230.7861940208333
-1.0,-1.0,0.0,0.0902062291666823,230.7861940208333,230.87640025
-1.0,57.0,111.0,0.0644330208333201,230.87640025,230.9408332708333
-1.0,-1.0,0.0,0.0902062291666823,230.9408332708333,231.0310395
-1.0,60.0,120.0,0.0644330208333201,231.0310395,231.0954725208333
-1.0,-1.0,0.0,0.0902062291666823,231.0954725208333,231.18567875
-1.0,60.0,127.0,0.0644330208333201,231.18567875,231.2501117708333
-1.0,-1.0,0.0,0.0902062291666823,231.2501117708333,231.340318
-1.0,59.0,117.0,0.0644330208333201,231.340318,231.4047510208333
-1.0,-1.0,0.0,0.09020622916671073,231.4047510208333,231.49495725
-1.0,57.0,111.0,0.0644330208333201,231.49495725,231.5593902708333
-1.0,-1.0,0.0,0.09020622916671073,231.5593902708333,231.6495965
-1.0,60.0,117.0,0.0644330208333201,231.6495965,231.7140295208333
-1.0,-1.0,0.0,0.09020622916671073,231.7140295208333,231.80423575
-1.0,59.0,115.0,0.0644330208333485,231.80423575,231.86866877083332
-1.0,-1.0,0.0,0.0902062291666823,231.86866877083332,231.958875
-1.0,60.0,119.0,0.0644330208333485,231.958875,232.02330802083333
-1.0,-1.0,0.0,0.0902062291666823,232.02330802083333,232.11351425
-1.0,60.0,115.0,0.0644330208333485,232.11351425,232.17794727083336
-1.0,-1.0,0.0,0.09020622916665388,232.17794727083336,232.2681535
-1.0,60.0,120.0,0.0644330208333485,232.2681535,232.33258652083336
-1.0,-1.0,0.0,0.09020622916665388,232.33258652083336,232.42279275
-1.0,60.0,127.0,0.0644330208333485,232.42279275,232.48722577083336
-1.0,-1.0,0.0,0.09020622916662546,232.48722577083336,232.577432
-1.0,57.0,120.0,0.0644330208333201,232.577432,232.6418650208333
-1.0,-1.0,0.0,0.3994847291666588,232.6418650208333,233.04134974999997
-1.0,57.0,120.0,0.0644330208333201,233.04134974999997,233.1057827708333
-1.0,-1.0,0.0,0.3994847291667156,233.1057827708333,233.5052675
-1.0,57.0,120.0,0.0644330208333485,233.5052675,233.5697005208333
-1.0,-1.0,0.0,0.3994847291667156,233.5697005208333,233.96918525
-1.0,57.0,120.0,0.0644330208333485,233.96918525,234.03361827083336
-1.0,-1.0,0.0,0.39948472916663036,234.03361827083336,234.433103
-1.0,57.0,120.0,0.0644330208333201,234.433103,234.4975360208333
-1.0,-1.0,0.0,0.3994847291666872,234.4975360208333,234.89702075
-1.0,57.0,120.0,0.0644330208333201,234.89702075,234.9614537708333
-1.0,-1.0,0.0,0.24484547916671318,234.9614537708333,235.20629925
-1.0,55.0,121.0,0.0644330208333201,235.20629925,235.2707322708333
-1.0,-1.0,0.0,0.24484547916671318,235.2707322708333,235.51557775
-1.0,55.0,121.0,0.0644330208333485,235.51557775,235.58001077083333
-1.0,-1.0,0.0,0.24484547916668475,235.58001077083333,235.82485625
-1.0,55.0,121.0,0.0644330208333485,235.82485625,235.88928927083336
-1.0,-1.0,0.0,0.2448454791666279,235.88928927083336,236.13413475
-1.0,55.0,121.0,0.0644330208333201,236.13413475,236.19856777083328
-1.0,-1.0,0.0,0.24484547916671318,236.19856777083328,236.44341325
-1.0,55.0,121.0,0.0644330208333201,236.44341325,236.5078462708333
-1.0,-1.0,0.0,0.24484547916668475,236.5078462708333,236.75269175
-1.0,55.0,121.0,0.0644330208333201,236.75269175,236.8171247708333
-1.0,-1.0,0.0,0.2448454791667416,236.8171247708333,237.06197025000003
-1.0,55.0,121.0,0.0644330208333201,237.06197025000003,237.12640327083332
-1.0,-1.0,0.0,0.3994847291666872,237.12640327083332,237.525888
-1.0,57.0,115.0,0.0644330208333485,237.525888,237.59032102083336
-1.0,-1.0,0.0,0.09020622916665388,237.59032102083336,237.68052725
-1.0,60.0,115.0,0.0644330208333485,237.68052725,237.74496027083336
-1.0,-1.0,0.0,0.09020622916665388,237.74496027083336,237.8351665
-1.0,60.0,117.0,0.0644330208333485,237.8351665,237.89959952083336
-1.0,-1.0,0.0,0.09020622916662546,237.89959952083336,237.98980575
-1.0,60.0,115.0,0.0644330208333201,237.98980575,238.0542387708333
-1.0,-1.0,0.0,0.0902062291666823,238.0542387708333,238.144445
-1.0,59.0,117.0,0.0644330208333201,238.144445,238.2088780208333
-1.0,-1.0,0.0,0.0902062291666823,238.2088780208333,238.29908425
-1.0,57.0,111.0,0.0644330208333201,238.29908425,238.3635172708333
-1.0,-1.0,0.0,0.0902062291666823,238.3635172708333,238.4537235
-1.0,60.0,120.0,0.0644330208333201,238.4537235,238.5181565208333
-1.0,-1.0,0.0,0.09020622916671073,238.5181565208333,238.60836275
-1.0,60.0,127.0,0.0644330208333201,238.60836275,238.6727957708333
-1.0,-1.0,0.0,0.09020622916671073,238.6727957708333,238.763002
-1.0,59.0,117.0,0.0644330208333201,238.763002,238.8274350208333
-1.0,-1.0,0.0,0.09020622916671073,238.8274350208333,238.91764125
-1.0,57.0,111.0,0.0644330208333485,238.91764125,238.98207427083332
-1.0,-1.0,0.0,0.0902062291666823,238.98207427083332,239.0722805
-1.0,60.0,117.0,0.0644330208333485,239.0722805,239.13671352083333
-1.0,-1.0,0.0,0.0902062291666823,239.13671352083333,239.22691975
-1.0,59.0,115.0,0.0644330208333485,239.22691975,239.29135277083336
-1.0,-1.0,0.0,0.09020622916665388,239.29135277083336,239.381559
-1.0,60.0,119.0,0.0644330208333485,239.381559,239.44599202083336
-1.0,-1.0,0.0,0.09020622916665388,239.44599202083336,239.53619825
-1.0,60.0,115.0,0.0644330208333485,239.53619825,239.60063127083336
-1.0,-1.0,0.0,0.09020622916662546,239.60063127083336,239.6908375
-1.0,60.0,120.0,0.0644330208333485,239.6908375,239.7552705208333
-1.0,-1.0,0.0,0.0902062291666823,239.7552705208333,239.84547675
-1.0,60.0,127.0,0.0644330208333201,239.84547675,239.9099097708333
-1.0,-1.0,0.0,0.0902062291666823,239.9099097708333,240.000116
-1.0,57.0,115.0,0.0644330208333201,240.000116,240.0645490208333
-1.0,-1.0,0.0,0.0902062291666823,240.0645490208333,240.15475525
-1.0,60.0,115.0,0.0644330208333201,240.15475525,240.2191882708333
-1.0,-1.0,0.0,0.0902062291666823,240.2191882708333,240.3093945
-1.0,60.0,117.0,0.0644330208333201,240.3093945,240.3738275208333
-1.0,-1.0,0.0,0.09020622916671073,240.3738275208333,240.46403375
-1.0,60.0,115.0,0.0644330208333201,240.46403375,240.5284667708333
-1.0,-1.0,0.0,0.09020622916671073,240.5284667708333,240.618673
-1.0,59.0,117.0,0.0644330208333201,240.618673,240.6831060208333
-1.0,-1.0,0.0,0.09020622916671073,240.6831060208333,240.77331225
-1.0,57.0,111.0,0.0644330208333485,240.77331225,240.83774527083332
-1.0,-1.0,0.0,0.0902062291666823,240.83774527083332,240.9279515
-1.0,60.0,120.0,0.0644330208333485,240.9279515,240.99238452083333
-1.0,-1.0,0.0,0.0902062291666823,240.99238452083333,241.08259075
-1.0,60.0,127.0,0.0644330208333485,241.08259075,241.14702377083336
-1.0,-1.0,0.0,0.09020622916665388,241.14702377083336,241.23723
-1.0,59.0,117.0,0.0644330208333485,241.23723,241.30166302083336
-1.0,-1.0,0.0,0.09020622916665388,241.30166302083336,241.39186925
-1.0,57.0,111.0,0.0644330208333485,241.39186925,241.45630227083336
-1.0,-1.0,0.0,0.09020622916662546,241.45630227083336,241.5465085
-1.0,60.0,117.0,0.0644330208333201,241.5465085,241.6109415208333
-1.0,-1.0,0.0,0.0902062291666823,241.6109415208333,241.70114775
-1.0,59.0,115.0,0.0644330208333201,241.70114775,241.7655807708333
-1.0,-1.0,0.0,0.0902062291666823,241.7655807708333,241.855787
-1.0,60.0,119.0,0.0644330208333201,241.855787,241.9202200208333
-1.0,-1.0,0.0,0.0902062291666823,241.9202200208333,242.01042625
-1.0,60.0,115.0,0.0644330208333201,242.01042625,242.0748592708333
-1.0,-1.0,0.0,0.09020622916671073,242.0748592708333,242.1650655
-1.0,60.0,120.0,0.0644330208333201,242.1650655,242.2294985208333
-1.0,-1.0,0.0,0.09020622916671073,242.2294985208333,242.31970475
-1.0,60.0,127.0,0.0644330208333201,242.31970475,242.3841377708333
-1.0,-1.0,0.0,0.09020622916671073,242.3841377708333,242.474344
-1.0,57.0,115.0,0.0644330208333485,242.474344,242.53877702083332
-1.0,-1.0,0.0,0.0902062291666823,242.53877702083332,242.62898325
-1.0,60.0,115.0,0.0644330208333485,242.62898325,242.69341627083332
-1.0,-1.0,0.0,0.0902062291666823,242.69341627083332,242.7836225
-1.0,60.0,117.0,0.0644330208333485,242.7836225,242.84805552083336
-1.0,-1.0,0.0,0.09020622916665388,242.84805552083336,242.93826175
-1.0,60.0,115.0,0.0644330208333485,242.93826175,243.00269477083336
-1.0,-1.0,0.0,0.0902062291666823,243.00269477083336,243.09290100000004
-1.0,59.0,117.0,0.0644330208333485,243.09290100000004,243.1573340208334
-1.0,-1.0,0.0,0.09020622916659704,243.1573340208334,243.24754025
-1.0,57.0,111.0,0.0644330208333485,243.24754025,243.31197327083336
-1.0,-1.0,0.0,0.09020622916662546,243.31197327083336,243.4021795
-1.0,60.0,120.0,0.0644330208333201,243.4021795,243.46661252083328
-1.0,-1.0,0.0,0.09020622916671073,243.46661252083328,243.55681875
-1.0,60.0,127.0,0.0644330208333201,243.55681875,243.6212517708333
-1.0,-1.0,0.0,0.0902062291666823,243.6212517708333,243.711458
-1.0,59.0,117.0,0.0644330208333201,243.711458,243.7758910208333
-1.0,-1.0,0.0,0.0902062291666823,243.7758910208333,243.86609725
-1.0,57.0,111.0,0.0644330208333201,243.86609725,243.93053027083332
-1.0,-1.0,0.0,0.09020622916671073,243.93053027083332,244.02073650000003
-1.0,60.0,117.0,0.0644330208333201,244.02073650000003,244.08516952083332
-1.0,-1.0,0.0,0.0902062291666823,244.08516952083332,244.17537575
-1.0,59.0,115.0,0.0644330208333201,244.17537575,244.2398087708333
-1.0,-1.0,0.0,0.09020622916671073,244.2398087708333,244.330015
-1.0,60.0,119.0,0.0644330208333485,244.330015,244.39444802083332
-1.0,-1.0,0.0,0.0902062291666823,244.39444802083332,244.48465425
-1.0,60.0,115.0,0.0644330208333485,244.48465425,244.54908727083333
-1.0,-1.0,0.0,0.0902062291666823,244.54908727083333,244.6392935
-1.0,60.0,120.0,0.0644330208333485,244.6392935,244.70372652083333
-1.0,-1.0,0.0,0.0902062291666823,244.70372652083333,244.79393275
-1.0,60.0,127.0,0.0644330208333485,244.79393275,244.85836577083336
-1.0,-1.0,0.0,0.09020622916665388,244.85836577083336,244.948572
-1.0,57.0,115.0,0.0644330208333485,244.948572,245.01300502083336
-1.0,-1.0,0.0,0.09020622916662546,245.01300502083336,245.10321125
-1.0,60.0,115.0,0.0644330208333201,245.10321125,245.1676442708333
-1.0,-1.0,0.0,0.0902062291666823,245.1676442708333,245.2578505
-1.0,60.0,117.0,0.0644330208333201,245.2578505,245.3222835208333
-1.0,-1.0,0.0,0.0902062291666823,245.3222835208333,245.41248975
-1.0,60.0,115.0,0.0644330208333201,245.41248975,245.4769227708333
-1.0,-1.0,0.0,0.0902062291666823,245.4769227708333,245.567129
-1.0,59.0,117.0,0.0644330208333201,245.567129,245.6315620208333
-1.0,-1.0,0.0,0.09020622916671073,245.6315620208333,245.72176825
-1.0,57.0,111.0,0.0644330208333201,245.72176825,245.7862012708333
-1.0,-1.0,0.0,0.09020622916671073,245.7862012708333,245.8764075
-1.0,60.0,120.0,0.0644330208333201,245.8764075,245.9408405208333
-1.0,-1.0,0.0,0.09020622916671073,245.9408405208333,246.03104675
-1.0,60.0,127.0,0.0644330208333485,246.03104675,246.09547977083332
-1.0,-1.0,0.0,0.0902062291666823,246.09547977083332,246.185686
-1.0,59.0,117.0,0.0644330208333485,246.185686,246.25011902083327
-1.0,-1.0,0.0,0.09020622916673915,246.25011902083327,246.34032525
-1.0,57.0,111.0,0.0644330208333485,246.34032525,246.40475827083336
-1.0,-1.0,0.0,0.09020622916665388,246.40475827083336,246.4949645
-1.0,60.0,117.0,0.0644330208333485,246.4949645,246.55939752083336
-1.0,-1.0,0.0,0.09020622916665388,246.55939752083336,246.64960375
-1.0,59.0,115.0,0.0644330208333485,246.64960375,246.71403677083336
-1.0,-1.0,0.0,0.09020622916665388,246.71403677083336,246.804243
-1.0,60.0,119.0,0.0644330208333485,246.804243,246.86867602083336
-1.0,-1.0,0.0,0.09020622916662546,246.86867602083336,246.95888225
-1.0,60.0,115.0,0.0644330208333201,246.95888225,247.0233152708333
-1.0,-1.0,0.0,0.0902062291666823,247.0233152708333,247.1135215
-1.0,60.0,120.0,0.0644330208333201,247.1135215,247.1779545208333
-1.0,-1.0,0.0,0.0902062291666823,247.1779545208333,247.26816075
-1.0,60.0,127.0,0.0644330208333201,247.26816075,247.3325937708333
-1.0,-1.0,0.0,0.0902062291666823,247.3325937708333,247.4228
-1.0,57.0,115.0,0.0644330208333201,247.4228,247.4872330208333
-1.0,-1.0,0.0,0.09020622916671073,247.4872330208333,247.57743925
-1.0,60.0,115.0,0.0644330208333201,247.57743925,247.6418722708333
-1.0,-1.0,0.0,0.09020622916671073,247.6418722708333,247.7320785
-1.0,60.0,117.0,0.0644330208333201,247.7320785,247.7965115208333
-1.0,-1.0,0.0,0.09020622916671073,247.7965115208333,247.88671775
-1.0,60.0,115.0,0.0644330208333485,247.88671775,247.95115077083332
-1.0,-1.0,0.0,0.0902062291666823,247.95115077083332,248.041357
-1.0,59.0,117.0,0.0644330208333485,248.041357,248.10579002083333
-1.0,-1.0,0.0,0.0902062291666823,248.10579002083333,248.19599625
-1.0,57.0,111.0,0.0644330208333485,248.19599625,248.26042927083336
-1.0,-1.0,0.0,0.09020622916665388,248.26042927083336,248.3506355
-1.0,60.0,120.0,0.0644330208333485,248.3506355,248.41506852083336
-1.0,-1.0,0.0,0.09020622916665388,248.41506852083336,248.50527475
-1.0,60.0,127.0,0.0644330208333485,248.50527475,248.56970777083336
-1.0,-1.0,0.0,0.09020622916662546,248.56970777083336,248.659914
-1.0,59.0,117.0,0.0644330208333201,248.659914,248.7243470208333
-1.0,-1.0,0.0,0.0902062291666823,248.7243470208333,248.81455325
-1.0,57.0,111.0,0.0644330208333201,248.81455325,248.8789862708333
-1.0,-1.0,0.0,0.0902062291666823,248.8789862708333,248.9691925
-1.0,60.0,117.0,0.0644330208333201,248.9691925,249.0336255208333
-1.0,-1.0,0.0,0.0902062291666823,249.0336255208333,249.12383175
-1.0,59.0,115.0,0.0644330208333201,249.12383175,249.1882647708333
-1.0,-1.0,0.0,0.0902062291666823,249.1882647708333,249.278471
-1.0,60.0,119.0,0.0644330208333201,249.278471,249.3429040208333
-1.0,-1.0,0.0,0.09020622916671073,249.3429040208333,249.43311025
-1.0,60.0,115.0,0.0644330208333201,249.43311025,249.4975432708333
-1.0,-1.0,0.0,0.09020622916673915,249.4975432708333,249.58774950000003
-1.0,60.0,120.0,0.0644330208333201,249.58774950000003,249.65218252083332
-1.0,-1.0,0.0,0.0902062291666823,249.65218252083332,249.74238875
-1.0,60.0,127.0,0.0644330208333485,249.74238875,249.80682177083332
-1.0,-1.0,0.0,0.0902062291666823,249.80682177083332,249.897028
-1.0,57.0,115.0,0.0644330208333485,249.897028,249.96146102083333
-1.0,-1.0,0.0,0.0902062291666823,249.96146102083333,250.05166725
-1.0,60.0,115.0,0.0644330208333485,250.05166725,250.11610027083336
-1.0,-1.0,0.0,0.0902062291666823,250.11610027083336,250.20630650000004
-1.0,60.0,117.0,0.0644330208333485,250.20630650000004,250.2707395208334
-1.0,-1.0,0.0,0.09020622916662546,250.2707395208334,250.36094575
-1.0,60.0,115.0,0.0644330208333485,250.36094575,250.42537877083336
-1.0,-1.0,0.0,0.09020622916662546,250.42537877083336,250.515585
-1.0,59.0,117.0,0.0644330208333201,250.515585,250.5800180208333
-1.0,-1.0,0.0,0.0902062291666823,250.5800180208333,250.67022425
-1.0,57.0,111.0,0.0644330208333201,250.67022425,250.73465727083328
-1.0,-1.0,0.0,0.09020622916671073,250.73465727083328,250.8248635
-1.0,60.0,120.0,0.0644330208333201,250.8248635,250.8892965208333
-1.0,-1.0,0.0,0.0902062291666823,250.8892965208333,250.97950275
-1.0,60.0,127.0,0.0644330208333201,250.97950275,251.0439357708333
-1.0,-1.0,0.0,0.09020622916671073,251.0439357708333,251.134142
-1.0,59.0,117.0,0.0644330208333201,251.134142,251.1985750208333
-1.0,-1.0,0.0,0.09020622916671073,251.1985750208333,251.28878125
-1.0,57.0,111.0,0.0644330208333201,251.28878125,251.3532142708333
-1.0,-1.0,0.0,0.09020622916671073,251.3532142708333,251.4434205
-1.0,60.0,117.0,0.0644330208333485,251.4434205,251.50785352083332
-1.0,-1.0,0.0,0.0902062291666823,251.50785352083332,251.59805975
-1.0,59.0,115.0,0.0644330208333485,251.59805975,251.66249277083332
-1.0,-1.0,0.0,0.09020622916671073,251.66249277083332,251.75269900000004
-1.0,60.0,119.0,0.0644330208333485,251.75269900000004,251.81713202083336
-1.0,-1.0,0.0,0.09020622916665388,251.81713202083336,251.90733825
-1.0,60.0,115.0,0.0644330208333485,251.90733825,251.97177127083336
-1.0,-1.0,0.0,0.09020622916665388,251.97177127083336,252.0619775
-1.0,60.0,120.0,0.0644330208333485,252.0619775,252.12641052083336
-1.0,-1.0,0.0,0.09020622916662546,252.12641052083336,252.21661675
-1.0,60.0,127.0,0.0644330208333485,252.21661675,252.2810497708333
-1.0,-1.0,0.0,0.0902062291666823,252.2810497708333,252.371256
-1.0,57.0,115.0,0.0644330208333201,252.371256,252.4356890208333
-1.0,-1.0,0.0,0.0902062291666823,252.4356890208333,252.52589525
-1.0,60.0,115.0,0.0644330208333201,252.52589525,252.5903282708333
-1.0,-1.0,0.0,0.0902062291666823,252.5903282708333,252.6805345
-1.0,60.0,117.0,0.0644330208333201,252.6805345,252.74496752083328
-1.0,-1.0,0.0,0.09020622916671073,252.74496752083328,252.83517375
-1.0,60.0,115.0,0.0644330208333201,252.83517375,252.8996067708333
-1.0,-1.0,0.0,0.09020622916671073,252.8996067708333,252.989813
-1.0,59.0,117.0,0.0644330208333201,252.989813,253.0542460208333
-1.0,-1.0,0.0,0.09020622916671073,253.0542460208333,253.14445225
-1.0,57.0,111.0,0.0644330208333201,253.14445225,253.2088852708333
-1.0,-1.0,0.0,0.09020622916671073,253.2088852708333,253.2990915
-1.0,60.0,120.0,0.0644330208333485,253.2990915,253.36352452083327
-1.0,-1.0,0.0,0.09020622916673915,253.36352452083327,253.45373075
-1.0,60.0,127.0,0.0644330208333485,253.45373075,253.51816377083333
-1.0,-1.0,0.0,0.10309283333330654,253.51816377083333,253.62125660416663
-1.0,64.0,120.0,0.0386598124999864,253.62125660416663,253.65991641666665
-1.0,59.0,117.0,0.0644330208333485,253.60837,253.67280302083336
-1.0,-1.0,0.0,0.01288660416665266,253.67280302083336,253.685689625
-1.0,64.0,113.0,0.0515464166666674,253.685689625,253.73723604166668
-1.0,-1.0,0.0,0.02577320833333374,253.73723604166668,253.76300925
-1.0,59.0,111.0,0.0724871484375099,253.76300925,253.83549639843756
-1.0,-1.0,0.0,0.07570879947908793,253.83549639843756,253.91120519791664
-1.0,62.0,120.0,0.0386598125000148,253.91120519791664,253.94986501041663
-1.0,60.0,117.0,0.0579897187500136,253.9176485,253.97563821875
-1.0,-1.0,0.0,0.07087632291666068,253.97563821875,254.04651454166665
-1.0,62.0,127.0,0.0515464166666674,254.04651454166665,254.0980609583333
-1.0,59.0,115.0,0.0644330208333201,254.07228775,254.1367207708333
-1.0,-1.0,0.0,0.08376292708334176,254.1367207708333,254.22048369791665
-1.0,64.0,120.0,0.0451031145833269,254.22048369791665,254.2655868125
-1.0,64.0,127.0,0.0386598124999864,254.226927,254.2655868125
-1.0,-1.0,0.0,0.0193299062499932,254.2655868125,254.28491671875
-1.0,64.0,113.0,0.0064433020833121,254.28491671875,254.2913600208333
-1.0,59.0,117.0,0.0644330208333201,254.226927,254.2913600208333
-1.0,-1.0,0.0,0.06443302083332014,254.2913600208333,254.35579304166663
-1.0,64.0,120.0,0.0515464166666674,254.35579304166663,254.4073394583333
-1.0,60.0,115.0,0.0644330208333201,254.38156625,254.4459992708333
-1.0,64.0,113.0,0.0386598125000148,254.4202260625,254.458885875
-1.0,-1.0,0.0,0.05154641666663906,254.458885875,254.51043229166663
-1.0,62.0,120.0,0.0515464166666674,254.51043229166663,254.5619787083333
-1.0,60.0,120.0,0.0644330208333201,254.5362055,254.6006385208333
-1.0,-1.0,0.0,0.07731962500000122,254.6006385208333,254.6779581458333
-1.0,62.0,127.0,0.0451031145833269,254.6779581458333,254.7230612604166
-1.0,60.0,127.0,0.0644330208333201,254.69084475,254.7552777708333
-1.0,-1.0,0.0,0.09020622916671073,254.7552777708333,254.845484
-1.0,57.0,115.0,0.0644330208333201,254.845484,254.9099170208333
-1.0,-1.0,0.0,0.09020622916671073,254.9099170208333,255.00012325
-1.0,60.0,115.0,0.0644330208333485,255.00012325,255.06455627083332
-1.0,-1.0,0.0,0.0902062291666823,255.06455627083332,255.1547625
-1.0,60.0,117.0,0.0644330208333485,255.1547625,255.21919552083332
-1.0,-1.0,0.0,0.0902062291666823,255.21919552083332,255.30940175
-1.0,60.0,115.0,0.0644330208333485,255.30940175,255.37383477083333
-1.0,-1.0,0.0,0.0902062291666823,255.37383477083333,255.464041
-1.0,59.0,117.0,0.0644330208333485,255.464041,255.52847402083336
-1.0,-1.0,0.0,0.09020622916665388,255.52847402083336,255.61868025
-1.0,57.0,111.0,0.0644330208333485,255.61868025,255.68311327083336
-1.0,-1.0,0.0,0.09020622916665388,255.68311327083336,255.7733195
-1.0,60.0,120.0,0.0644330208333485,255.7733195,255.83775252083336
-1.0,-1.0,0.0,0.09020622916662546,255.83775252083336,255.92795875
-1.0,60.0,127.0,0.0644330208333201,255.92795875,255.9923917708333
-1.0,-1.0,0.0,0.09020622916671073,255.9923917708333,256.082598
-1.0,59.0,117.0,0.0644330208333485,256.082598,256.14703102083337
-1.0,-1.0,0.0,0.09020622916665388,256.14703102083337,256.23723725
-1.0,57.0,111.0,0.0644330208333485,256.23723725,256.30167027083337
-1.0,-1.0,0.0,0.09020622916665388,256.30167027083337,256.3918765
-1.0,60.0,117.0,0.0644330208333485,256.3918765,256.4563095208334
-1.0,-1.0,0.0,0.09020622916665388,256.4563095208334,256.54651575
-1.0,59.0,115.0,0.0644330208333485,256.54651575,256.6109487708334
-1.0,-1.0,0.0,0.09020622916665388,256.6109487708334,256.701155
-1.0,60.0,119.0,0.0644330208333485,256.701155,256.7655880208334
-1.0,-1.0,0.0,0.09020622916659704,256.7655880208334,256.85579425
-1.0,60.0,115.0,0.0644330208333485,256.85579425,256.9202272708333
-1.0,-1.0,0.0,0.09020622916665388,256.9202272708333,257.0104335
-1.0,60.0,120.0,0.0644330208333485,257.0104335,257.0748665208333
-1.0,-1.0,0.0,0.09020622916665388,257.0748665208333,257.16507275
-1.0,60.0,127.0,0.0644330208333485,257.16507275,257.2295057708333
-1.0,-1.0,0.0,0.09020622916665388,257.2295057708333,257.319712
-1.0,57.0,115.0,0.0644330208333485,257.319712,257.38414502083333
-1.0,-1.0,0.0,0.09020622916665388,257.38414502083333,257.47435125
-1.0,60.0,115.0,0.0644330208333485,257.47435125,257.53878427083333
-1.0,-1.0,0.0,0.09020622916665388,257.53878427083333,257.6289905
-1.0,60.0,117.0,0.0644330208333485,257.6289905,257.69342352083333
-1.0,-1.0,0.0,0.09020622916665388,257.69342352083333,257.78362975
-1.0,60.0,115.0,0.0644330208333485,257.78362975,257.84806277083334
-1.0,-1.0,0.0,0.09020622916665388,257.84806277083334,257.938269
-1.0,59.0,117.0,0.0644330208333485,257.938269,258.00270202083334
-1.0,-1.0,0.0,0.09020622916665388,258.00270202083334,258.09290825
-1.0,57.0,111.0,0.0644330208333485,258.09290825,258.15734127083334
-1.0,-1.0,0.0,0.09020622916665388,258.15734127083334,258.2475475
-1.0,60.0,120.0,0.0644330208333485,258.2475475,258.31198052083334
-1.0,-1.0,0.0,0.09020622916665388,258.31198052083334,258.40218675
-1.0,60.0,127.0,0.0644330208333485,258.40218675,258.46661977083335
-1.0,-1.0,0.0,0.09020622916665388,258.46661977083335,258.556826
-1.0,59.0,117.0,0.0644330208332917,258.556826,258.6212590208333
-1.0,-1.0,0.0,0.09020622916671073,258.6212590208333,258.71146525
-1.0,57.0,111.0,0.0644330208332917,258.71146525,258.7758982708333
-1.0,-1.0,0.0,0.09020622916671073,258.7758982708333,258.8661045
-1.0,60.0,117.0,0.0644330208332917,258.8661045,258.9305375208333
-1.0,-1.0,0.0,0.09020622916671073,258.9305375208333,259.02074375
-1.0,59.0,115.0,0.0644330208332917,259.02074375,259.0851767708333
-1.0,-1.0,0.0,0.09020622916671073,259.0851767708333,259.175383
-1.0,60.0,119.0,0.0644330208332917,259.175383,259.2398160208333
-1.0,-1.0,0.0,0.09020622916671073,259.2398160208333,259.33002225
-1.0,60.0,115.0,0.0644330208332917,259.33002225,259.3944552708333
-1.0,-1.0,0.0,0.09020622916671073,259.3944552708333,259.4846615
-1.0,60.0,120.0,0.0644330208333485,259.4846615,259.54909452083336
-1.0,-1.0,0.0,0.09020622916665388,259.54909452083336,259.63930075
-1.0,60.0,127.0,0.0644330208333485,259.63930075,259.70373377083337
-1.0,-1.0,0.0,0.09020622916665388,259.70373377083337,259.79394
-1.0,57.0,115.0,0.0644330208333485,259.79394,259.85837302083337
-1.0,-1.0,0.0,0.09020622916665388,259.85837302083337,259.94857925
-1.0,60.0,115.0,0.0644330208333485,259.94857925,260.01301227083337
-1.0,-1.0,0.0,0.05798971874992276,260.01301227083337,260.0710019895833
-1.0,49.0,127.0,0.0579897187500364,260.0710019895833,260.12899170833333
-1.0,66.0,113.0,0.0579897187499796,260.07744529166666,260.13543501041664
-1.0,60.0,117.0,0.0644330208333485,260.1032185,260.1676515208334
-1.0,-1.0,0.0,0.09020622916665388,260.1676515208334,260.25785775
-1.0,55.0,127.0,0.0644330208333485,260.25785775,260.3222907708334
-1.0,66.0,102.0,0.0708763229166606,260.25141444791666,260.3222907708333
-1.0,59.0,106.0,0.0665807881944525,260.25785775,260.3244385381945
-1.0,-1.0,0.0,0.08805846180547405,260.3244385381945,260.412497
-1.0,59.0,117.0,0.0644330208333485,260.412497,260.4769300208333
-1.0,-1.0,0.0,0.07087632291666068,260.4769300208333,260.54780634375
-1.0,57.0,127.0,0.0579897187499796,260.54780634375,260.6057960625
-1.0,57.0,111.0,0.0644330208333485,260.56713625,260.6315692708333
-1.0,-1.0,0.0,0.09020622916665388,260.6315692708333,260.7217755
-1.0,60.0,120.0,0.0644330208333485,260.7217755,260.7862085208333
-1.0,-1.0,0.0,0.0773196249999728,260.7862085208333,260.8635281458333
-1.0,49.0,113.0,0.0386598125000432,260.8635281458333,260.90218795833334
-1.0,66.0,113.0,0.0579897187499796,260.8506415416667,260.90863126041666
-1.0,60.0,127.0,0.0644330208333485,260.87641475,260.94084777083333
-1.0,-1.0,0.0,0.06443302083334856,260.94084777083333,261.0052807916667
-1.0,66.0,113.0,0.0515464166666674,261.0052807916667,261.05682720833335
-1.0,49.0,113.0,0.0579897187499796,261.01172409375,261.0697138125
-1.0,59.0,117.0,0.0644330208333485,261.031054,261.09548702083333
-1.0,-1.0,0.0,0.07087632291666068,261.09548702083333,261.16636334375
-1.0,66.0,113.0,0.0515464166666674,261.16636334375,261.21790976041666
-1.0,49.0,113.0,0.0515464166666674,261.1792499479167,261.23079636458334
-1.0,57.0,111.0,0.0644330208333485,261.18569325,261.25012627083333
-1.0,-1.0,0.0,0.09020622916665388,261.25012627083333,261.3403325
-1.0,60.0,117.0,0.0644330208333485,261.3403325,261.40476552083334
-1.0,-1.0,0.0,0.0773196249999728,261.40476552083334,261.4820851458333
-1.0,49.0,127.0,0.0451031145833553,261.4820851458333,261.52718826041666
-1.0,66.0,127.0,0.0579897187500364,261.46919854166663,261.52718826041666
-1.0,59.0,115.0,0.0644330208333485,261.49497175,261.55940477083334
-1.0,-1.0,0.0,0.09020622916665388,261.55940477083334,261.649611
-1.0,60.0,119.0,0.0644330208333485,261.649611,261.71404402083334
-1.0,-1.0,0.0,0.09020622916665388,261.71404402083334,261.80425025
-1.0,60.0,115.0,0.0644330208333485,261.80425025,261.86868327083334
-1.0,-1.0,0.0,0.09020622916665388,261.86868327083334,261.9588895
-1.0,60.0,120.0,0.0644330208333485,261.9588895,262.02332252083335
-1.0,-1.0,0.0,0.09020622916665388,262.02332252083335,262.11352875
-1.0,60.0,127.0,0.0644330208332917,262.11352875,262.1779617708333
-1.0,-1.0,0.0,0.09020622916671073,262.1779617708333,262.268168
-1.0,57.0,115.0,0.0644330208332917,262.268168,262.3326010208333
-1.0,-1.0,0.0,0.09020622916671073,262.3326010208333,262.42280725
-1.0,60.0,115.0,0.0644330208332917,262.42280725,262.4872402708333
-1.0,-1.0,0.0,0.09020622916671073,262.4872402708333,262.5774465
-1.0,60.0,117.0,0.0644330208332917,262.5774465,262.6418795208333
-1.0,-1.0,0.0,0.09020622916671073,262.6418795208333,262.73208575
-1.0,60.0,115.0,0.0644330208332917,262.73208575,262.7965187708333
-1.0,-1.0,0.0,0.09020622916671073,262.7965187708333,262.886725
-1.0,59.0,117.0,0.0644330208332917,262.886725,262.9511580208333
-1.0,-1.0,0.0,0.09020622916671073,262.9511580208333,263.04136425
-1.0,57.0,111.0,0.0644330208333485,263.04136425,263.10579727083336
-1.0,-1.0,0.0,0.09020622916665388,263.10579727083336,263.1960035
-1.0,60.0,120.0,0.0644330208333485,263.1960035,263.26043652083337
-1.0,-1.0,0.0,0.09020622916665388,263.26043652083337,263.35064275
-1.0,60.0,127.0,0.0644330208333485,263.35064275,263.41507577083337
-1.0,-1.0,0.0,0.09020622916665388,263.41507577083337,263.505282
-1.0,59.0,117.0,0.0644330208333485,263.505282,263.56971502083337
-1.0,-1.0,0.0,0.09020622916665388,263.56971502083337,263.65992125
-1.0,57.0,111.0,0.0644330208333485,263.65992125,263.7243542708334
-1.0,-1.0,0.0,0.09020622916665388,263.7243542708334,263.8145605
-1.0,60.0,117.0,0.0644330208333485,263.8145605,263.8789935208334
-1.0,-1.0,0.0,0.09020622916659704,263.8789935208334,263.96919975
-1.0,59.0,115.0,0.0644330208333485,263.96919975,264.0336327708333
-1.0,-1.0,0.0,0.09020622916659704,264.0336327708333,264.1238389999999
-1.0,60.0,119.0,0.0644330208333485,264.1238389999999,264.18827202083327
-1.0,-1.0,0.0,0.09020622916671073,264.18827202083327,264.27847825
-1.0,60.0,115.0,0.0644330208333485,264.27847825,264.3429112708333
-1.0,-1.0,0.0,0.09020622916665388,264.3429112708333,264.4331175
-1.0,60.0,120.0,0.0644330208333485,264.4331175,264.49755052083333
-1.0,-1.0,0.0,0.09020622916665388,264.49755052083333,264.58775675
-1.0,60.0,127.0,0.0644330208333485,264.58775675,264.65218977083333
-1.0,-1.0,0.0,0.09020622916671073,264.65218977083333,264.74239600000004
-1.0,55.0,119.0,0.0644330208333485,264.74239600000004,264.8068290208334
-1.0,-1.0,0.0,0.09020622916659704,264.8068290208334,264.89703525
-1.0,55.0,119.0,0.0644330208333485,264.89703525,264.96146827083334
-1.0,-1.0,0.0,0.24484547916665633,264.96146827083334,265.20631375
-1.0,55.0,119.0,0.0644330208333485,265.20631375,265.27074677083334
-1.0,-1.0,0.0,0.24484547916665633,265.27074677083334,265.51559225
-1.0,55.0,119.0,0.0644330208333485,265.51559225,265.58002527083335
-1.0,-1.0,0.0,0.24484547916665633,265.58002527083335,265.82487075
-1.0,55.0,119.0,0.0644330208332917,265.82487075,265.8893037708333
-1.0,-1.0,0.0,1.3273202291667303,265.8893037708333,267.216624
-1.0,57.0,115.0,0.0644330208333485,267.216624,267.2810570208334
-1.0,-1.0,0.0,0.09020622916665388,267.2810570208334,267.37126325
-1.0,60.0,115.0,0.0644330208333485,267.37126325,267.4356962708334
-1.0,-1.0,0.0,0.09020622916659704,267.4356962708334,267.5259025
-1.0,60.0,117.0,0.0644330208333485,267.5259025,267.5903355208333
-1.0,-1.0,0.0,0.09020622916665388,267.5903355208333,267.68054175
-1.0,60.0,115.0,0.0644330208333485,267.68054175,267.7449747708333
-1.0,-1.0,0.0,0.09020622916665388,267.7449747708333,267.835181
-1.0,59.0,117.0,0.0644330208333485,267.835181,267.8996140208333
-1.0,-1.0,0.0,0.09020622916665388,267.8996140208333,267.98982025
-1.0,57.0,111.0,0.0644330208333485,267.98982025,268.0542532708333
-1.0,-1.0,0.0,0.09020622916665388,268.0542532708333,268.1444595
-1.0,60.0,120.0,0.0644330208333485,268.1444595,268.20889252083333
-1.0,-1.0,0.0,0.09020622916665388,268.20889252083333,268.29909875
-1.0,60.0,127.0,0.0644330208333485,268.29909875,268.36353177083333
-1.0,-1.0,0.0,0.09020622916665388,268.36353177083333,268.453738
-1.0,59.0,117.0,0.0644330208333485,268.453738,268.51817102083334
-1.0,-1.0,0.0,0.09020622916665388,268.51817102083334,268.60837725
-1.0,57.0,111.0,0.0644330208333485,268.60837725,268.67281027083334
-1.0,-1.0,0.0,0.09020622916665388,268.67281027083334,268.7630165
-1.0,60.0,117.0,0.0644330208333485,268.7630165,268.82744952083334
-1.0,-1.0,0.0,0.09020622916665388,268.82744952083334,268.91765575
-1.0,59.0,115.0,0.0644330208333485,268.91765575,268.98208877083334
-1.0,-1.0,0.0,0.09020622916665388,268.98208877083334,269.072295
-1.0,60.0,119.0,0.0644330208333485,269.072295,269.13672802083335
-1.0,-1.0,0.0,0.09020622916665388,269.13672802083335,269.22693425
-1.0,60.0,115.0,0.0644330208332917,269.22693425,269.2913672708333
-1.0,-1.0,0.0,0.09020622916671073,269.2913672708333,269.3815735
-1.0,60.0,120.0,0.0644330208332917,269.3815735,269.4460065208333
-1.0,-1.0,0.0,0.09020622916671073,269.4460065208333,269.53621275
-1.0,60.0,127.0,0.0644330208332917,269.53621275,269.6006457708333
-1.0,-1.0,0.0,0.09020622916671073,269.6006457708333,269.690852
-1.0,57.0,115.0,0.0644330208332917,269.690852,269.7552850208333
-1.0,-1.0,0.0,0.09020622916671073,269.7552850208333,269.84549125
-1.0,60.0,115.0,0.0644330208332917,269.84549125,269.9099242708333
-1.0,-1.0,0.0,0.09020622916671073,269.9099242708333,270.0001305
-1.0,60.0,117.0,0.0644330208332917,270.0001305,270.0645635208333
-1.0,-1.0,0.0,0.09020622916671073,270.0645635208333,270.15476975
-1.0,60.0,115.0,0.0644330208332917,270.15476975,270.2192027708333
-1.0,-1.0,0.0,0.09020622916671073,270.2192027708333,270.309409
-1.0,59.0,117.0,0.0644330208333485,270.309409,270.37384202083337
-1.0,-1.0,0.0,0.09020622916665388,270.37384202083337,270.46404825
-1.0,57.0,111.0,0.0644330208333485,270.46404825,270.52848127083337
-1.0,-1.0,0.0,0.09020622916665388,270.52848127083337,270.6186875
-1.0,60.0,120.0,0.0644330208333485,270.6186875,270.68312052083337
-1.0,-1.0,0.0,0.09020622916665388,270.68312052083337,270.77332675
-1.0,60.0,127.0,0.0644330208333485,270.77332675,270.8377597708334
-1.0,-1.0,0.0,0.09020622916665388,270.8377597708334,270.927966
-1.0,59.0,117.0,0.0644330208333485,270.927966,270.9923990208334
-1.0,-1.0,0.0,0.09020622916659704,270.9923990208334,271.08260525
-1.0,57.0,111.0,0.0644330208333485,271.08260525,271.1470382708333
-1.0,-1.0,0.0,0.09020622916665388,271.1470382708333,271.2372445
-1.0,60.0,117.0,0.0644330208333485,271.2372445,271.3016775208333
-1.0,-1.0,0.0,0.09020622916665388,271.3016775208333,271.39188375
-1.0,59.0,115.0,0.0644330208333485,271.39188375,271.4563167708333
-1.0,-1.0,0.0,0.09020622916665388,271.4563167708333,271.546523
-1.0,60.0,119.0,0.0644330208333485,271.546523,271.6109560208333
-1.0,-1.0,0.0,0.09020622916665388,271.6109560208333,271.70116225
-1.0,60.0,115.0,0.0644330208333485,271.70116225,271.76559527083333
-1.0,-1.0,0.0,0.09020622916665388,271.76559527083333,271.8558015
-1.0,60.0,120.0,0.0644330208333485,271.8558015,271.92023452083333
-1.0,-1.0,0.0,0.09020622916665388,271.92023452083333,272.01044075
-1.0,60.0,127.0,0.0644330208333485,272.01044075,272.07487377083334
-1.0,-1.0,0.0,0.09020622916665388,272.07487377083334,272.16508
-1.0,57.0,115.0,0.0644330208333485,272.16508,272.22951302083334
-1.0,-1.0,0.0,0.09020622916665388,272.22951302083334,272.31971925
-1.0,60.0,115.0,0.0644330208333485,272.31971925,272.38415227083334
-1.0,-1.0,0.0,0.09020622916665388,272.38415227083334,272.4743585
-1.0,60.0,117.0,0.0644330208333485,272.4743585,272.53879152083334
-1.0,-1.0,0.0,0.09020622916665388,272.53879152083334,272.62899775
-1.0,60.0,115.0,0.0644330208333485,272.62899775,272.69343077083334
-1.0,-1.0,0.0,0.09020622916665388,272.69343077083334,272.783637
-1.0,59.0,117.0,0.0644330208333485,272.783637,272.84807002083335
-1.0,-1.0,0.0,0.09020622916665388,272.84807002083335,272.93827625
-1.0,57.0,111.0,0.0644330208332917,272.93827625,273.0027092708333
-1.0,-1.0,0.0,0.09020622916671073,273.0027092708333,273.0929155
-1.0,60.0,120.0,0.0644330208332917,273.0929155,273.1573485208333
-1.0,-1.0,0.0,0.09020622916671073,273.1573485208333,273.24755475
-1.0,60.0,127.0,0.0644330208332917,273.24755475,273.3119877708333
-1.0,-1.0,0.0,0.09020622916671073,273.3119877708333,273.402194
-1.0,59.0,117.0,0.0644330208332917,273.402194,273.4666270208333
-1.0,-1.0,0.0,0.09020622916671073,273.4666270208333,273.55683325
-1.0,57.0,111.0,0.0644330208332917,273.55683325,273.6212662708333
-1.0,-1.0,0.0,0.09020622916671073,273.6212662708333,273.7114725
-1.0,60.0,117.0,0.0644330208332917,273.7114725,273.7759055208333
-1.0,-1.0,0.0,0.09020622916671073,273.7759055208333,273.86611175
-1.0,59.0,115.0,0.0644330208333485,273.86611175,273.93054477083336
-1.0,-1.0,0.0,0.09020622916665388,273.93054477083336,274.020751
-1.0,60.0,119.0,0.0644330208333485,274.020751,274.08518402083337
-1.0,-1.0,0.0,0.09020622916665388,274.08518402083337,274.17539025
-1.0,60.0,115.0,0.0644330208333485,274.17539025,274.23982327083337
-1.0,-1.0,0.0,0.09020622916665388,274.23982327083337,274.3300295
-1.0,60.0,120.0,0.0644330208333485,274.3300295,274.3944625208334
-1.0,-1.0,0.0,0.09020622916665388,274.3944625208334,274.48466875
-1.0,60.0,127.0,0.0644330208333485,274.48466875,274.5491017708334
-1.0,-1.0,0.0,0.09020622916665388,274.5491017708334,274.639308
-1.0,57.0,115.0,0.0644330208333485,274.639308,274.7037410208334
-1.0,-1.0,0.0,0.09020622916659704,274.7037410208334,274.79394725
-1.0,60.0,115.0,0.0644330208333485,274.79394725,274.8583802708333
-1.0,-1.0,0.0,0.09020622916665388,274.8583802708333,274.9485865
-1.0,60.0,117.0,0.0644330208333485,274.9485865,275.0130195208333
-1.0,-1.0,0.0,0.09020622916665388,275.0130195208333,275.10322575
-1.0,60.0,115.0,0.0644330208333485,275.10322575,275.1676587708333
-1.0,-1.0,0.0,0.09020622916665388,275.1676587708333,275.257865
-1.0,59.0,117.0,0.0644330208333485,275.257865,275.32229802083333
-1.0,-1.0,0.0,0.09020622916665388,275.32229802083333,275.41250425
-1.0,57.0,111.0,0.0644330208333485,275.41250425,275.47693727083333
-1.0,-1.0,0.0,0.09020622916665388,275.47693727083333,275.5671435
-1.0,60.0,120.0,0.0644330208333485,275.5671435,275.63157652083333
-1.0,-1.0,0.0,0.09020622916665388,275.63157652083333,275.72178275
-1.0,60.0,127.0,0.0644330208333485,275.72178275,275.78621577083334
-1.0,-1.0,0.0,0.09020622916665388,275.78621577083334,275.876422
-1.0,59.0,117.0,0.0644330208333485,275.876422,275.94085502083334
-1.0,-1.0,0.0,0.09020622916665388,275.94085502083334,276.03106125
-1.0,57.0,111.0,0.0644330208333485,276.03106125,276.09549427083334
-1.0,-1.0,0.0,0.09020622916665388,276.09549427083334,276.1857005
-1.0,60.0,117.0,0.0644330208333485,276.1857005,276.25013352083334
-1.0,-1.0,0.0,0.09020622916665388,276.25013352083334,276.34033975
-1.0,59.0,115.0,0.0644330208333485,276.34033975,276.40477277083335
-1.0,-1.0,0.0,0.09020622916665388,276.40477277083335,276.494979
-1.0,60.0,119.0,0.0644330208332917,276.494979,276.5594120208333
-1.0,-1.0,0.0,0.09020622916671073,276.5594120208333,276.64961825
-1.0,60.0,115.0,0.0644330208332917,276.64961825,276.7140512708333
-1.0,-1.0,0.0,0.09020622916671073,276.7140512708333,276.8042575
-1.0,60.0,120.0,0.0644330208332917,276.8042575,276.8686905208333
-1.0,-1.0,0.0,0.09020622916671073,276.8686905208333,276.95889675
-1.0,60.0,127.0,0.0644330208332917,276.95889675,277.0233297708333
-1.0,-1.0,0.0,0.09020622916671073,277.0233297708333,277.113536
-1.0,57.0,115.0,0.0644330208332917,277.113536,277.1779690208333
-1.0,-1.0,0.0,0.09020622916671073,277.1779690208333,277.26817525
-1.0,60.0,115.0,0.0644330208332917,277.26817525,277.3326082708333
-1.0,-1.0,0.0,0.09020622916671073,277.3326082708333,277.4228145
-1.0,60.0,117.0,0.0644330208333485,277.4228145,277.48724752083336
-1.0,-1.0,0.0,0.09020622916665388,277.48724752083336,277.57745375
-1.0,60.0,115.0,0.0644330208333485,277.57745375,277.64188677083337
-1.0,-1.0,0.0,0.09020622916665388,277.64188677083337,277.732093
-1.0,59.0,117.0,0.0644330208333485,277.732093,277.79652602083337
-1.0,-1.0,0.0,0.09020622916665388,277.79652602083337,277.88673225
-1.0,57.0,111.0,0.0644330208333485,277.88673225,277.95116527083337
-1.0,-1.0,0.0,0.09020622916665388,277.95116527083337,278.0413715
-1.0,60.0,120.0,0.0644330208333485,278.0413715,278.1058045208334
-1.0,-1.0,0.0,0.09020622916665388,278.1058045208334,278.19601075
-1.0,60.0,127.0,0.0644330208333485,278.19601075,278.2604437708334
-1.0,-1.0,0.0,0.09020622916659704,278.2604437708334,278.35065
-1.0,59.0,117.0,0.0644330208333485,278.35065,278.4150830208333
-1.0,-1.0,0.0,0.09020622916665388,278.4150830208333,278.50528925
-1.0,57.0,111.0,0.0644330208333485,278.50528925,278.5697222708333
-1.0,-1.0,0.0,0.09020622916665388,278.5697222708333,278.6599285
-1.0,60.0,117.0,0.0644330208333485,278.6599285,278.7243615208333
-1.0,-1.0,0.0,0.09020622916665388,278.7243615208333,278.81456775
-1.0,59.0,115.0,0.0644330208333485,278.81456775,278.87900077083333
-1.0,-1.0,0.0,0.09020622916671073,278.87900077083333,278.96920700000004
-1.0,60.0,119.0,0.0644330208333485,278.96920700000004,279.0336400208334
-1.0,-1.0,0.0,0.09020622916659704,279.0336400208334,279.12384625
-1.0,60.0,115.0,0.0644330208333485,279.12384625,279.18827927083333
-1.0,-1.0,0.0,0.09020622916665388,279.18827927083333,279.2784855
-1.0,60.0,120.0,0.0644330208333485,279.2784855,279.34291852083334
-1.0,-1.0,0.0,0.09020622916665388,279.34291852083334,279.43312475
-1.0,60.0,127.0,0.0644330208333485,279.43312475,279.49755777083334
-1.0,-1.0,0.0,0.09020622916665388,279.49755777083334,279.587764
-1.0,57.0,115.0,0.0644330208333485,279.587764,279.65219702083334
-1.0,-1.0,0.0,0.09020622916665388,279.65219702083334,279.74240325
-1.0,60.0,115.0,0.0644330208333485,279.74240325,279.80683627083334
-1.0,-1.0,0.0,0.09020622916665388,279.80683627083334,279.8970425
-1.0,60.0,117.0,0.0644330208333485,279.8970425,279.96147552083335
-1.0,-1.0,0.0,0.09020622916665388,279.96147552083335,280.05168175
-1.0,60.0,115.0,0.0644330208332917,280.05168175,280.1161147708333
-1.0,-1.0,0.0,0.09020622916671073,280.1161147708333,280.206321
-1.0,59.0,117.0,0.0644330208332917,280.206321,280.2707540208333
-1.0,-1.0,0.0,0.09020622916671073,280.2707540208333,280.36096025
-1.0,57.0,111.0,0.0644330208332917,280.36096025,280.4253932708333
-1.0,-1.0,0.0,0.09020622916671073,280.4253932708333,280.5155995
-1.0,60.0,120.0,0.0644330208332917,280.5155995,280.5800325208333
-1.0,-1.0,0.0,0.09020622916671073,280.5800325208333,280.67023875
-1.0,60.0,127.0,0.0644330208332917,280.67023875,280.7346717708333
-1.0,-1.0,0.0,0.09020622916671073,280.7346717708333,280.824878
-1.0,59.0,117.0,0.0644330208332917,280.824878,280.8893110208333
-1.0,-1.0,0.0,0.09020622916671073,280.8893110208333,280.97951725
-1.0,57.0,111.0,0.0644330208333485,280.97951725,281.04395027083336
-1.0,-1.0,0.0,0.09020622916665388,281.04395027083336,281.1341565
-1.0,60.0,117.0,0.0644330208333485,281.1341565,281.19858952083337
-1.0,-1.0,0.0,0.09020622916665388,281.19858952083337,281.28879575
-1.0,59.0,115.0,0.0644330208333485,281.28879575,281.35322877083337
-1.0,-1.0,0.0,0.09020622916671073,281.35322877083337,281.4434350000001
-1.0,60.0,119.0,0.0644330208333485,281.4434350000001,281.5078680208334
-1.0,-1.0,0.0,0.09020622916659704,281.5078680208334,281.59807425
-1.0,60.0,115.0,0.0644330208333485,281.59807425,281.6625072708334
-1.0,-1.0,0.0,0.09020622916665388,281.6625072708334,281.7527135
-1.0,60.0,120.0,0.0644330208333485,281.7527135,281.8171465208334
-1.0,-1.0,0.0,0.09020622916659704,281.8171465208334,281.90735275
-1.0,60.0,127.0,0.0644330208333485,281.90735275,281.9717857708333
-1.0,-1.0,0.0,0.09020622916665388,281.9717857708333,282.061992
-1.0,57.0,115.0,0.0644330208333485,282.061992,282.1264250208333
-1.0,-1.0,0.0,0.09020622916665388,282.1264250208333,282.21663125
-1.0,60.0,115.0,0.0644330208333485,282.21663125,282.2810642708333
-1.0,-1.0,0.0,0.09020622916665388,282.2810642708333,282.3712705
-1.0,60.0,117.0,0.0644330208333485,282.3712705,282.43570352083333
-1.0,-1.0,0.0,0.09020622916665388,282.43570352083333,282.52590975
-1.0,60.0,115.0,0.0644330208333485,282.52590975,282.59034277083333
-1.0,-1.0,0.0,0.09020622916665388,282.59034277083333,282.680549
-1.0,59.0,117.0,0.0644330208333485,282.680549,282.74498202083333
-1.0,-1.0,0.0,0.09020622916665388,282.74498202083333,282.83518825
-1.0,57.0,111.0,0.0644330208333485,282.83518825,282.89962127083334
-1.0,-1.0,0.0,0.09020622916665388,282.89962127083334,282.9898275
-1.0,60.0,120.0,0.0644330208333485,282.9898275,283.05426052083334
-1.0,-1.0,0.0,0.09020622916665388,283.05426052083334,283.14446675
-1.0,60.0,127.0,0.0644330208333485,283.14446675,283.20889977083334
-1.0,-1.0,0.0,0.09020622916665388,283.20889977083334,283.299106
-1.0,59.0,117.0,0.0644330208333485,283.299106,283.36353902083334
-1.0,-1.0,0.0,0.09020622916665388,283.36353902083334,283.45374525
-1.0,57.0,111.0,0.0644330208333485,283.45374525,283.51817827083335
-1.0,-1.0,0.0,0.09020622916665388,283.51817827083335,283.6083845
-1.0,60.0,117.0,0.0644330208332917,283.6083845,283.6728175208333
-1.0,-1.0,0.0,0.09020622916671073,283.6728175208333,283.76302375
-1.0,59.0,115.0,0.0644330208332917,283.76302375,283.8274567708333
-1.0,-1.0,0.0,0.09020622916671073,283.8274567708333,283.917663
-1.0,60.0,119.0,0.0644330208332917,283.917663,283.9820960208333
-1.0,-1.0,0.0,0.09020622916671073,283.9820960208333,284.07230225
-1.0,60.0,115.0,0.0644330208332917,284.07230225,284.1367352708333
-1.0,-1.0,0.0,0.09020622916671073,284.1367352708333,284.2269415
-1.0,60.0,120.0,0.0644330208332917,284.2269415,284.2913745208333
-1.0,-1.0,0.0,0.09020622916671073,284.2913745208333,284.38158075
-1.0,60.0,127.0,0.0644330208332917,284.38158075,284.4460137708333
-1.0,-1.0,0.0,0.09020622916671073,284.4460137708333,284.53622
-1.0,57.0,115.0,0.0644330208333485,284.53622,284.60065302083336
-1.0,-1.0,0.0,0.09020622916665388,284.60065302083336,284.69085925
-1.0,60.0,115.0,0.0644330208333485,284.69085925,284.75529227083337
-1.0,-1.0,0.0,0.09020622916665388,284.75529227083337,284.8454985
-1.0,60.0,117.0,0.0644330208333485,284.8454985,284.90993152083337
-1.0,-1.0,0.0,0.09020622916665388,284.90993152083337,285.00013775
-1.0,60.0,115.0,0.0644330208333485,285.00013775,285.06457077083337
-1.0,-1.0,0.0,0.09020622916665388,285.06457077083337,285.154777
-1.0,59.0,117.0,0.0644330208333485,285.154777,285.2192100208334
-1.0,-1.0,0.0,0.09020622916665388,285.2192100208334,285.30941625
-1.0,57.0,111.0,0.0644330208333485,285.30941625,285.3738492708334
-1.0,-1.0,0.0,0.09020622916659704,285.3738492708334,285.4640555
-1.0,60.0,120.0,0.0644330208333485,285.4640555,285.5284885208333
-1.0,-1.0,0.0,0.09020622916665388,285.5284885208333,285.61869475
-1.0,60.0,127.0,0.0644330208333485,285.61869475,285.6831277708333
-1.0,-1.0,0.0,0.09020622916665388,285.6831277708333,285.773334
-1.0,59.0,117.0,0.0644330208333485,285.773334,285.8377670208333
-1.0,-1.0,0.0,0.09020622916665388,285.8377670208333,285.92797325
-1.0,57.0,111.0,0.0644330208333485,285.92797325,285.9924062708333
-1.0,-1.0,0.0,0.09020622916665388,285.9924062708333,286.0826125
-1.0,60.0,117.0,0.0644330208333485,286.0826125,286.14704552083333
-1.0,-1.0,0.0,0.09020622916665388,286.14704552083333,286.23725175
-1.0,59.0,115.0,0.0644330208333485,286.23725175,286.30168477083333
-1.0,-1.0,0.0,0.09020622916665388,286.30168477083333,286.391891
-1.0,60.0,119.0,0.0644330208333485,286.391891,286.45632402083334
-1.0,-1.0,0.0,0.09020622916665388,286.45632402083334,286.54653025
-1.0,60.0,115.0,0.0644330208333485,286.54653025,286.61096327083334
-1.0,-1.0,0.0,0.09020622916665388,286.61096327083334,286.7011695
-1.0,60.0,120.0,0.0644330208333485,286.7011695,286.76560252083334
-1.0,-1.0,0.0,0.09020622916665388,286.76560252083334,286.85580875
-1.0,60.0,127.0,0.0644330208333485,286.85580875,286.92024177083334
-1.0,-1.0,0.0,0.09020622916665388,286.92024177083334,287.010448
-1.0,57.0,120.0,0.0644330208333485,287.010448,287.07488102083335
-1.0,-1.0,0.0,0.3994847291666588,287.07488102083335,287.47436575
-1.0,57.0,120.0,0.0644330208332917,287.47436575,287.5387987708333
-1.0,-1.0,0.0,0.39948472916677247,287.5387987708333,287.93828350000007
-1.0,57.0,120.0,0.0644330208332917,287.93828350000007,288.00271652083336
-1.0,-1.0,0.0,0.3994847291666588,288.00271652083336,288.40220125
-1.0,57.0,120.0,0.0644330208333485,288.40220125,288.46663427083337
-1.0,-1.0,0.0,0.3994847291666588,288.46663427083337,288.866119
-1.0,57.0,120.0,0.0644330208333485,288.866119,288.9305520208334
-1.0,-1.0,0.0,0.3994847291666588,288.9305520208334,289.33003675000003
-1.0,57.0,120.0,0.0644330208333485,289.33003675000003,289.3944697708334
-1.0,-1.0,0.0,0.2448454791665995,289.3944697708334,289.63931525
-1.0,55.0,121.0,0.0644330208333485,289.63931525,289.70374827083333
-1.0,-1.0,0.0,0.24484547916665633,289.70374827083333,289.94859375
-1.0,55.0,121.0,0.0644330208333485,289.94859375,290.0130267708333
-1.0,-1.0,0.0,0.24484547916671318,290.0130267708333,290.25787225
-1.0,55.0,121.0,0.0644330208333485,290.25787225,290.32230527083334
-1.0,-1.0,0.0,0.24484547916671318,290.32230527083334,290.56715075000005
-1.0,55.0,121.0,0.0644330208333485,290.56715075000005,290.6315837708334
-1.0,-1.0,0.0,0.2448454791665995,290.6315837708334,290.87642925
-1.0,55.0,121.0,0.0644330208332917,290.87642925,290.9408622708333
-1.0,-1.0,0.0,0.09020622916671073,290.9408622708333,291.0310685
-1.0,53.0,120.0,0.0644330208332917,291.0310685,291.0955015208333
-1.0,-1.0,0.0,0.09020622916665388,291.0955015208333,291.18570774999995
-1.0,55.0,121.0,0.0644330208332917,291.18570774999995,291.25014077083324
-1.0,-1.0,0.0,0.24484547916677002,291.25014077083324,291.49498625
-1.0,55.0,121.0,0.0644330208332917,291.49498625,291.5594192708333
-1.0,-1.0,0.0,0.3994847291667156,291.5594192708333,291.958904
-1.0,53.0,117.0,0.0644330208333485,291.958904,292.02333702083337
-1.0,-1.0,0.0,0.09020622916665388,292.02333702083337,292.11354325
-1.0,53.0,117.0,0.0644330208333485,292.11354325,292.17797627083337
-1.0,-1.0,0.0,0.24484547916665633,292.17797627083337,292.42282175
-1.0,53.0,117.0,0.0644330208333485,292.42282175,292.4872547708334
-1.0,-1.0,0.0,0.39948472916660194,292.4872547708334,292.8867395
-1.0,53.0,117.0,0.0644330208333485,292.8867395,292.9511725208333
0.0,66.0,45.0,0.0773196249999998,2.1649495,2.242269125
0.0,-1.0,0.0,0.23195887500000012,2.242269125,2.474228
0.0,66.0,67.0,0.2190722708333332,2.474228,2.6933002708333333
0.0,66.0,75.0,0.2094073177083333,2.62886725,2.838274567708333
0.0,66.0,83.0,0.0902062291666667,2.7835065,2.873712729166667
0.0,-1.0,0.0,0.06443302083333302,2.873712729166667,2.93814575
0.0,66.0,88.0,0.1975945972222222,2.93814575,3.1357403472222223
0.0,-1.0,0.0,0.11168390277777762,3.1357403472222223,3.24742425
0.0,66.0,97.0,0.1771908072916665,3.24742425,3.4246150572916663
0.0,66.0,68.0,0.0676546718750001,3.4020635,3.4697181718750003
0.0,-1.0,0.0,0.0869845781249996,3.4697181718750003,3.55670275
0.0,66.0,75.0,0.2083334340277776,3.55670275,3.765036184027777
0.0,-1.0,0.0,0.10094506597222308,3.765036184027777,3.86598125
0.0,66.0,90.0,0.1739691562500001,3.86598125,4.03995040625
0.0,66.0,76.0,0.0740979739583335,4.0206205,4.094718473958333
0.0,-1.0,0.0,0.08054127604166705,4.094718473958333,4.17525975
0.0,66.0,72.0,0.2169245034722224,4.17525975,4.392184253472223
0.0,-1.0,0.0,0.09235399652777687,4.392184253472223,4.48453825
0.0,74.0,102.0,0.1932990624999995,4.48453825,4.6778373125
0.0,66.0,105.0,0.1256443906250001,4.6391775,4.764821890625
0.0,-1.0,0.0,0.02899485937500046,4.764821890625,4.79381675
0.0,66.0,92.0,0.05798971875,4.79381675,4.85180646875
0.0,59.0,88.0,0.4188146354166662,4.48453825,4.903352885416666
0.0,-1.0,0.0,0.04510311458333405,4.903352885416666,4.948456
0.0,64.0,66.0,0.2147767361111106,4.948456,5.163232736111111
0.0,63.0,87.0,0.1997423645833329,5.10309525,5.302837614583333
0.0,63.0,95.0,0.0902062291666663,5.2577345,5.347940729166666
0.0,-1.0,0.0,0.06443302083333435,5.347940729166666,5.41237375
0.0,62.0,79.0,0.1804124583333335,5.41237375,5.592786208333334
0.0,-1.0,0.0,0.12886604166666693,5.592786208333334,5.721652250000001
0.0,63.0,89.0,0.1718213888888885,5.721652250000001,5.8934736388888895
0.0,-1.0,0.0,0.13745711111111003,5.8934736388888895,6.03093075
0.0,64.0,78.0,0.1890035277777777,6.03093075,6.219934277777777
0.0,-1.0,0.0,0.12027497222222294,6.219934277777777,6.34020925
0.0,63.0,87.0,0.1900774114583327,6.34020925,6.530286661458333
0.0,63.0,87.0,0.0837629270833328,6.4948485,6.578611427083333
0.0,-1.0,0.0,0.0708763229166669,6.578611427083333,6.64948775
0.0,63.0,82.0,0.1911512951388892,6.64948775,6.8406390451388885
0.0,-1.0,0.0,0.1181272048611115,6.8406390451388885,6.95876625
0.0,63.0,83.0,0.1739691562499996,6.95876625,7.132735406249999
0.0,63.0,97.0,0.074097973958333,7.1134055,7.187503473958333
0.0,-1.0,0.0,0.08054127604166705,7.187503473958333,7.26804475
0.0,69.0,92.0,0.0515464166666665,7.26804475,7.319591166666666
0.0,-1.0,0.0,0.10309283333333319,7.319591166666666,7.422683999999999
0.0,69.0,78.0,0.1524914826388888,7.422683999999999,7.575175482638889
0.0,-1.0,0.0,0.002147767361110553,7.575175482638889,7.577323249999999
0.0,68.0,86.0,0.1900774114583336,7.577323249999999,7.767400661458333
0.0,68.0,90.0,0.0805412760416661,7.7319625,7.812503776041666
0.0,-1.0,0.0,0.07409797395833362,7.812503776041666,7.88660175
0.0,69.0,80.0,0.1653780868055554,7.88660175,8.051979836805556
0.0,-1.0,0.0,0.14390041319444435,8.051979836805556,8.19588025
0.0,68.0,79.0,0.1546392499999994,8.19588025,8.350519499999999
0.0,68.0,84.0,0.0869845781250013,8.350519499999999,8.437504078125
0.0,-1.0,0.0,0.0676546718749993,8.437504078125,8.50515875
0.0,67.0,77.0,0.201890131944444,8.50515875,8.707048881944443
0.0,-1.0,0.0,0.10738836805555607,8.707048881944443,8.81443725
0.0,68.0,97.0,0.1739691562500009,8.81443725,8.98840640625
0.0,68.0,87.0,0.0740979739583327,8.9690765,9.043174473958333
0.0,-1.0,0.0,0.08054127604166794,9.043174473958333,9.12371575
0.0,67.0,60.0,0.0665807881944454,9.12371575,9.190296538194444
0.0,-1.0,0.0,0.08805846180555577,9.190296538194444,9.278355
0.0,67.0,71.0,0.2298111076388883,9.278355,9.508166107638887
0.0,68.0,88.0,0.1739691562499992,9.43299425,9.60696340625
0.0,68.0,78.0,0.0934278802083338,9.5876335,9.681061380208334
0.0,-1.0,0.0,0.06121136979166586,9.681061380208334,9.74227275
0.0,60.0,81.0,0.1771908072916667,9.74227275,9.919463557291666
0.0,-1.0,0.0,0.13208769270833365,9.919463557291666,10.05155125
0.0,68.0,73.0,0.1868557604166669,10.05155125,10.238407010416664
0.0,64.0,78.0,0.0773196249999994,10.2061905,10.283510125
0.0,-1.0,0.0,0.07731962500000122,10.283510125,10.36082975
0.0,60.0,74.0,0.0730240902777783,10.36082975,10.43385384027778
0.0,-1.0,0.0,0.23625440972221945,10.43385384027778,10.67010825
0.0,65.0,85.0,0.0622852534722213,10.67010825,10.732393503472222
0.0,-1.0,0.0,0.09235399652777865,10.732393503472222,10.8247475
0.0,72.0,113.0,0.0708763229166677,10.8247475,10.895623822916669
0.0,-1.0,0.0,0.0837629270833311,10.895623822916669,10.97938675
0.0,63.0,86.0,0.0966495312499997,10.97938675,11.07603628125
0.0,-1.0,0.0,0.2126289687499998,11.07603628125,11.28866525
0.0,67.0,79.0,0.0687285555555553,11.28866525,11.357393805555557
0.0,-1.0,0.0,0.08591069444444344,11.357393805555557,11.4433045
0.0,68.0,114.0,0.5927837916666654,11.4433045,12.036088291666664
0.0,-1.0,0.0,0.33505170833333864,12.036088291666664,12.371140000000002
0.0,67.0,66.0,0.1288660416666669,12.371140000000002,12.50000604166667
0.0,-1.0,0.0,0.02577320833333019,12.50000604166667,12.52577925
0.0,74.0,75.0,0.1675258541666657,12.52577925,12.693305104166663
0.0,71.0,78.0,0.0644330208333325,12.6804185,12.744851520833333
0.0,59.0,69.0,0.244845479166667,12.52577925,12.770624729166666
0.0,-1.0,0.0,0.06443302083333435,12.770624729166666,12.83505775
0.0,66.0,82.0,0.1589347847222229,12.83505775,12.993992534722222
0.0,-1.0,0.0,0.1503437152777778,12.993992534722222,13.14433625
0.0,66.0,84.0,0.1481959479166672,13.14433625,13.292532197916668
0.0,-1.0,0.0,0.006443302083331659,13.292532197916668,13.2989755
0.0,66.0,77.0,0.0805412760416661,13.2989755,13.379516776041664
0.0,-1.0,0.0,0.07409797395833628,13.379516776041664,13.45361475
0.0,66.0,80.0,0.1825602256944437,13.45361475,13.636174975694445
0.0,-1.0,0.0,0.1267182743055546,13.636174975694445,13.76289325
0.0,66.0,84.0,0.1739691562499992,13.76289325,13.93686240625
0.0,66.0,68.0,0.0773196249999993,13.9175325,13.994852125
0.0,-1.0,0.0,0.07731962500000122,13.994852125,14.07217175
0.0,72.0,60.0,0.0515464166666674,14.07217175,14.123718166666668
0.0,-1.0,0.0,0.10309283333333141,14.123718166666668,14.226811
0.0,66.0,66.0,0.1890035277777777,14.226811,14.415814527777778
0.0,74.0,102.0,0.1997423645833347,14.38145025,14.581192614583337
0.0,66.0,91.0,0.1385309947916661,14.5360895,14.674620494791665
0.0,-1.0,0.0,0.016108255208335365,14.674620494791665,14.69072875
0.0,72.0,69.0,0.0515464166666656,14.69072875,14.742275166666666
0.0,59.0,69.0,0.3865981250000008,14.38145025,14.768048375
0.0,-1.0,0.0,0.07731962500000122,14.768048375,14.845368
0.0,64.0,75.0,0.1718213888888897,14.845368,15.017189388888893
0.0,63.0,83.0,0.2222939218749999,15.00000725,15.222301171875
0.0,63.0,92.0,0.1095361354166674,15.154646499999998,15.264182635416663
0.0,-1.0,0.0,0.0451031145833376,15.264182635416663,15.30928575
0.0,62.0,81.0,0.1632303194444452,15.30928575,15.472516069444444
0.0,-1.0,0.0,0.14604818055555668,15.472516069444444,15.61856425
0.0,63.0,85.0,0.161082552083334,15.61856425,15.779646802083334
0.0,-1.0,0.0,0.14819594791666724,15.779646802083334,15.927842750000002
0.0,64.0,79.0,0.1911512951388883,15.927842750000002,16.11899404513889
0.0,-1.0,0.0,0.11812720486110706,16.11899404513889,16.237121249999998
0.0,63.0,80.0,0.1836341093750029,16.237121249999998,16.420755359375
0.0,63.0,83.0,0.0902062291666645,16.3917605,16.481966729166665
0.0,-1.0,0.0,0.06443302083333435,16.481966729166665,16.54639975
0.0,62.0,82.0,0.1610825520833323,16.54639975,16.70748230208333
0.0,-1.0,0.0,0.148195947916669,16.70748230208333,16.85567825
0.0,63.0,92.0,0.1546392499999988,16.85567825,17.0103175
0.0,65.0,100.0,0.0536941840277785,17.0103175,17.06401168402778
0.0,-1.0,0.0,0.10094506597221908,17.06401168402778,17.164956749999998
0.0,69.0,113.0,0.0708763229166677,17.164956749999998,17.235833072916666
0.0,-1.0,0.0,0.08376292708333466,17.235833072916666,17.319596
0.0,69.0,61.0,0.1503437152777765,17.319596,17.46993971527778
0.0,-1.0,0.0,0.004295534722221106,17.46993971527778,17.47423525
0.0,68.0,79.0,0.1675258541666657,17.47423525,17.641761104166665
0.0,68.0,88.0,0.0805412760416679,17.6288745,17.709415776041666
0.0,-1.0,0.0,0.07409797395833095,17.709415776041666,17.783513749999997
0.0,69.0,72.0,0.07517185763889,17.783513749999997,17.858685607638886
0.0,-1.0,0.0,0.07946739236111355,17.858685607638886,17.938153
0.0,69.0,72.0,0.2298111076388877,17.938153,18.167964107638888
0.0,68.0,77.0,0.1836341093749993,18.09279225,18.276426359375
0.0,68.0,83.0,0.0740979739583344,18.2474315,18.321529473958336
0.0,-1.0,0.0,0.08054127604166439,18.321529473958336,18.40207075
0.0,69.0,81.0,0.2212200381944443,18.40207075,18.62329078819445
0.0,-1.0,0.0,0.08805846180555221,18.62329078819445,18.71134925
0.0,68.0,85.0,0.1202749722222241,18.71134925,18.831624222222224
0.0,-1.0,0.0,0.03436427777777595,18.831624222222224,18.8659885
0.0,68.0,89.0,0.1030928333333313,18.8659885,18.96908133333333
0.0,-1.0,0.0,0.05154641666666748,18.96908133333333,19.02062775
0.0,69.0,92.0,0.0837629270833346,19.02062775,19.10439067708333
0.0,-1.0,0.0,0.07087632291667134,19.10439067708333,19.175267
0.0,67.0,72.0,0.1503437152777789,19.175267,19.32561071527778
0.0,-1.0,0.0,0.004295534722221106,19.32561071527778,19.32990625
0.0,68.0,83.0,0.2029640156249996,19.32990625,19.532870265625
0.0,68.0,92.0,0.0902062291666662,19.4845455,19.574751729166664
0.0,-1.0,0.0,0.06443302083333435,19.574751729166664,19.63918475
0.0,69.0,72.0,0.209407317708333,19.63918475,19.84859206770833
0.0,-1.0,0.0,0.09987118229166825,19.84859206770833,19.94846325
0.0,68.0,95.0,0.1771908072916658,19.94846325,20.125654057291666
0.0,72.0,88.0,0.0708763229166677,20.1031025,20.173978822916663
0.0,-1.0,0.0,0.08376292708333821,20.173978822916663,20.25774175
0.0,67.0,71.0,0.0923539965277792,20.25774175,20.35009574652778
0.0,-1.0,0.0,0.21692450347221737,20.35009574652778,20.56702025
0.0,68.0,97.0,0.0708763229166677,20.56702025,20.637896572916667
0.0,-1.0,0.0,0.08376292708333466,20.637896572916667,20.7216595
0.0,72.0,113.0,0.0708763229166677,20.7216595,20.79253582291667
0.0,-1.0,0.0,0.0837629270833311,20.79253582291667,20.87629875
0.0,64.0,78.0,0.0869845781249978,20.87629875,20.963283328125
0.0,-1.0,0.0,0.22229392187499997,20.963283328125,21.18557725
0.0,70.0,116.0,0.0869845781250013,21.18557725,21.272561828125003
0.0,-1.0,0.0,0.06765467187499752,21.272561828125003,21.3402165
0.0,68.0,114.0,0.6701034166666648,21.3402165,22.010319916666667
0.0,-1.0,0.0,0.10309283333333141,22.010319916666667,22.11341275
0.0,52.0,92.0,1.091065819444444,22.11341275,23.204478569444444
0.0,-1.0,0.0,0.14604818055555668,23.204478569444444,23.35052675
0.0,63.0,98.0,0.4939864930555539,23.35052675,23.844513243055555
0.0,-1.0,0.0,0.12457050694444405,23.844513243055555,23.96908375
0.0,59.0,93.0,0.4725088194444448,23.96908375,24.441592569444445
0.0,-1.0,0.0,0.14604818055555313,24.441592569444445,24.58764075
0.0,61.0,89.0,0.4037802638888881,24.58764075,24.99142101388889
0.0,-1.0,0.0,0.21477673611111214,24.99142101388889,25.20619775
0.0,58.0,90.0,0.1546392500000006,25.20619775,25.360837000000004
0.0,56.0,92.0,0.0708763229166642,25.360837,25.431713322916664
0.0,-1.0,0.0,0.2384021770833371,25.431713322916664,25.6701155
0.0,55.0,81.0,0.9497427270833334,25.6701155,26.61985822708333
0.0,-1.0,0.0,0.5966497729166704,26.61985822708333,27.216508
0.0,65.0,90.0,0.6990982760416671,27.216508,27.915606276041668
0.0,-1.0,0.0,0.2287372239583334,27.915606276041668,28.1443435
0.0,64.0,80.0,1.0797133348214294,28.1443435,29.22405683482143
0.0,-1.0,0.0,0.46667916517857577,29.22405683482143,29.690736000000005
0.0,64.0,89.0,0.7431275069444455,29.690736000000005,30.43386350694445
0.0,-1.0,0.0,0.1847079930555502,30.43386350694445,30.6185715
0.0,65.0,84.0,1.0309283333333332,30.6185715,31.649499833333333
0.0,-1.0,0.0,0.5154641666666642,31.649499833333333,32.164964
0.0,64.0,90.0,0.6139546413690482,32.164964,32.778918641369046
0.0,-1.0,0.0,0.3138808586309594,32.778918641369046,33.092799500000005
0.0,64.0,90.0,1.0272464464285715,33.092799500000005,34.120045946428576
0.0,-1.0,0.0,0.5191460535714256,34.120045946428576,34.639192
0.0,68.0,98.0,0.1340206833333283,34.639192,34.77321268333333
0.0,-1.0,0.0,2.340207316666671,34.77321268333333,37.11342
0.0,69.0,80.0,0.1825602256944473,37.11342,37.29598022569444
0.0,68.0,91.0,0.2222939218749964,37.26805925,37.490353171875
0.0,72.0,120.0,0.1030928333333349,37.4226985,37.52579133333334
0.0,-1.0,0.0,0.05154641666666038,37.52579133333334,37.57733775
0.0,64.0,61.0,0.1159794375000018,37.57733775,37.6933171875
0.0,64.0,92.0,0.2835052916666711,37.4226985,37.706203791666674
0.0,-1.0,0.0,0.025773208333326636,37.706203791666674,37.731977
0.0,67.0,84.0,0.1890035277777736,37.731977,37.92098052777777
0.0,68.0,89.0,0.2222939218750035,37.88661625,38.10891017187501
0.0,68.0,108.0,0.1256443906250019,38.0412555,38.166899890625
0.0,-1.0,0.0,0.028994859375004012,38.166899890625,38.19589475
0.0,73.0,69.0,0.0902062291666609,38.19589475,38.28610097916666
0.0,-1.0,0.0,0.06443302083334146,38.28610097916666,38.350534
0.0,69.0,83.0,0.1782646909722249,38.350534,38.52879869097223
0.0,76.0,102.0,0.2899485937499975,38.50517325,38.79512184375
0.0,68.0,107.0,0.1868557604166625,38.6598125,38.84666826041666
0.0,60.0,78.0,0.3994847291666659,38.50517325,38.90465797916666
0.0,69.0,92.0,0.1030928333333349,38.81445175,38.91754458333334
0.0,-1.0,0.0,0.05154641666666038,38.91754458333334,38.969091
0.0,67.0,80.0,0.195446829861107,38.969091,39.1645378298611
0.0,68.0,97.0,0.2319588749999965,39.12373025,39.355689125
0.0,72.0,120.0,0.1159794375000018,39.2783695,39.3943489375
0.0,-1.0,0.0,0.03865981250000061,39.3943489375,39.43300875
0.0,79.0,69.0,0.0322165104166671,39.43300875,39.465225260416666
0.0,64.0,97.0,0.2126289687500033,39.2783695,39.49099846875
0.0,63.0,65.0,0.0869845781250013,39.43300875,39.519993328125
0.0,-1.0,0.0,0.06765467187500462,39.519993328125,39.587648
0.0,69.0,82.0,0.1782646909722179,39.587648,39.76591269097222
0.0,68.0,100.0,0.2480671302083372,39.74228725,39.99035438020833
0.0,68.0,111.0,0.186855760416666,39.8969265,40.08378226041666
0.0,64.0,62.0,0.1159794375000018,40.05156575,40.1675451875
0.0,-1.0,0.0,0.03865981250000061,40.1675451875,40.206205
0.0,67.0,85.0,0.1847079930555584,40.206205,40.39091299305556
0.0,-1.0,0.0,0.12457050694444405,40.39091299305556,40.5154835
0.0,72.0,120.0,0.1159794375000018,40.5154835,40.6314629375
0.0,76.0,97.0,0.283505291666664,40.36084425,40.64434954166666
0.0,-1.0,0.0,0.025773208333340847,40.64434954166666,40.67012275
0.0,79.0,63.0,0.0322165104166671,40.67012275,40.702339260416665
0.0,64.0,92.0,0.2384021770833371,40.5154835,40.75388567708334
0.0,60.0,78.0,0.3930414270833324,40.36084425,40.75388567708333
0.0,67.0,97.0,0.0902062291666681,40.67012275,40.760328979166665
0.0,-1.0,0.0,0.06443302083333435,40.760328979166665,40.824762
0.0,69.0,85.0,0.1739691562499956,40.824762,40.99873115625
0.0,76.0,102.0,0.2706186875000043,40.97940125,41.25001993750001
0.0,72.0,113.0,0.1159794375000018,41.1340405,41.2500199375
0.0,-1.0,0.0,0.03865981250000061,41.2500199375,41.28867975
0.0,69.0,102.0,0.0966495312499944,41.28867975,41.38532928125
0.0,64.0,97.0,0.2641753854166637,41.1340405,41.39821588541666
0.0,60.0,72.0,0.4188146354166662,40.97940125,41.39821588541667
0.0,-1.0,0.0,0.04510311458333405,41.39821588541667,41.443319
0.0,67.0,78.0,0.1868557604166695,41.443319,41.63017476041667
0.0,68.0,91.0,0.2255155729166666,41.59795825,41.82347382291666
0.0,68.0,106.0,0.1030928333333278,41.7525975,41.85569033333333
0.0,-1.0,0.0,0.05154641666667459,41.85569033333333,41.90723675
0.0,73.0,75.0,0.0869845781250013,41.90723675,41.994221328125
0.0,-1.0,0.0,0.06765467187499752,41.994221328125,42.061876
0.0,67.0,73.0,0.1890035277777807,42.061876,42.250879527777776
0.0,68.0,82.0,0.2222939218749964,42.21651525,42.43880917187499
0.0,68.0,105.0,0.0998711822916682,42.3711545,42.47102568229167
0.0,-1.0,0.0,0.05476806770833065,42.47102568229167,42.52579375
0.0,69.0,74.0,0.0789304505208345,42.52579375,42.60472420052084
0.0,-1.0,0.0,0.07570879947915898,42.60472420052084,42.680433
0.0,67.0,82.0,0.1718213888888844,42.680433,42.85225438888889
0.0,68.0,81.0,0.2126289687500033,42.83507225,43.04770121875001
0.0,68.0,105.0,0.112757786458335,42.9897115,43.10246928645833
0.0,-1.0,0.0,0.04188146354167088,43.10246928645833,43.14435075
0.0,68.0,64.0,0.0816151597222163,43.14435075,43.22596590972222
0.0,-1.0,0.0,0.07302409027778367,43.22596590972222,43.29899
0.0,78.0,45.0,0.0644330208333343,43.29899,43.36342302083334
0.0,-1.0,0.0,0.09020622916666099,43.36342302083334,43.45362925
0.0,78.0,53.0,0.0386598125000006,43.45362925,43.4922890625
0.0,60.0,78.0,0.2641753854166673,43.29899,43.56316538541667
0.0,68.0,74.0,0.2190722708333297,43.45362925,43.67270152083333
0.0,68.0,94.0,0.0869845781249942,43.6082685,43.69525307812499
0.0,-1.0,0.0,0.06765467187499752,43.69525307812499,43.76290774999999
0.0,66.0,86.0,0.1804124583333361,43.76290774999999,43.943320208333326
0.0,-1.0,0.0,0.1288660416666758,43.943320208333326,44.07218625
0.0,73.0,78.0,0.1739691562500027,44.07218625,44.24615540625
0.0,64.0,75.0,0.0644330208333343,44.2268255,44.29125852083333
0.0,60.0,97.0,0.2255155729166702,44.07218625,44.29770182291667
0.0,72.0,75.0,0.0773196250000012,44.2268255,44.304145125
0.0,-1.0,0.0,0.07731962500000122,44.304145125,44.38146475
0.0,66.0,79.0,0.2104812013888851,44.38146475,44.59194595138889
0.0,-1.0,0.0,0.0987972986111103,44.59194595138889,44.69074325
0.0,66.0,90.0,0.2094073177083366,44.69074325,44.90015056770833
0.0,71.0,63.0,0.0902062291666681,44.8453825,44.93558872916667
0.0,-1.0,0.0,0.06443302083333435,44.93558872916667,45.00002175
0.0,67.0,59.0,0.1009450659722238,45.00002175,45.10096681597223
0.0,62.0,97.0,0.2899485937499975,44.8453825,45.13533109375
0.0,-1.0,0.0,0.019329906250000306,45.13533109375,45.154661
0.0,64.0,82.0,0.2212200381944479,45.154661,45.37588103819444
0.0,66.0,86.0,0.2448454791666634,45.30930025,45.55414572916666
0.0,71.0,102.0,0.1159794375000018,45.4639395,45.5799189375
0.0,-1.0,0.0,0.03865981250000772,45.5799189375,45.618578750000005
0.0,65.0,70.0,0.0558419513888897,45.618578750000005,45.6744207013889
0.0,62.0,97.0,0.2384021770833371,45.4639395,45.70234167708334
0.0,-1.0,0.0,0.07087632291666779,45.70234167708334,45.77321800000001
0.0,66.0,76.0,0.1610825520833287,45.77321800000001,45.934300552083336
0.0,66.0,86.0,0.2384021770833371,45.92785725,46.16625942708334
0.0,66.0,78.0,0.1030928333333349,46.0824965,46.18558933333333
0.0,-1.0,0.0,0.05154641666666748,46.18558933333333,46.23713575
0.0,64.0,88.0,0.1546392499999953,46.23713575,46.391775
0.0,-1.0,0.0,0.15463924999999534,46.391775,46.54641425
0.0,66.0,92.0,0.1997423645833329,46.54641425,46.74615661458333
0.0,66.0,73.0,0.0902062291666609,46.7010535,46.79125972916666
0.0,-1.0,0.0,0.06443302083334146,46.79125972916666,46.85569275
0.0,66.0,99.0,0.1653780868055581,46.85569275,47.02107083680556
0.0,-1.0,0.0,0.14390041319443725,47.02107083680556,47.16497125
0.0,65.0,87.0,0.1890035277777736,47.16497125,47.35397477777777
0.0,71.0,113.0,0.1159794375000018,47.3196105,47.435589937500005
0.0,-1.0,0.0,0.0386598124999864,47.435589937500005,47.47424974999999
0.0,64.0,91.0,0.1868557604166648,47.47424974999999,47.661105510416654
0.0,-1.0,0.0,0.12242273958334948,47.661105510416654,47.78352825
0.0,66.0,109.0,0.1675258541666693,47.78352825,47.951054104166666
0.0,-1.0,0.0,0.14175264583333558,47.951054104166666,48.09280675
0.0,67.0,93.0,0.193299062500003,48.09280675,48.2861058125
0.0,-1.0,0.0,0.11597943750000184,48.2861058125,48.40208525
0.0,66.0,102.0,0.1868557604166625,48.40208525,48.58894101041666
0.0,66.0,97.0,0.0837629270833346,48.5567245,48.640487427083336
0.0,-1.0,0.0,0.07087632291666068,48.640487427083336,48.71136375
0.0,67.0,89.0,0.1567870173611135,48.71136375,48.86815076736111
0.0,-1.0,0.0,0.15249148263889367,48.86815076736111,49.02064225
0.0,69.0,88.0,0.0773196250000011,49.02064225,49.097961875
0.0,-1.0,0.0,0.07731962499999412,49.097961875,49.1752815
0.0,69.0,95.0,0.0821521015625012,49.1752815,49.2574336015625
0.0,-1.0,0.0,0.07248714843750292,49.2574336015625,49.32992075
0.0,73.0,78.0,0.1675258541666639,49.32992075,49.49744660416666
0.0,-1.0,0.0,0.14175264583333558,49.49744660416666,49.63919925
0.0,66.0,68.0,0.0934278802083347,49.63919925,49.73262713020833
0.0,-1.0,0.0,0.06121136979167119,49.73262713020833,49.7938385
0.0,75.0,102.0,0.0322165104166671,49.7938385,49.82605501041667
0.0,78.0,127.0,0.1868557604166696,49.63919925,49.82605501041667
0.0,70.0,102.0,0.0740979739583309,49.7938385,49.86793647395833
0.0,-1.0,0.0,0.0805412760416715,49.86793647395833,49.94847775
0.0,73.0,70.0,0.0660438463541676,49.94847775,50.01452159635417
0.0,-1.0,0.0,0.08859540364582585,50.01452159635417,50.103117
0.0,73.0,74.0,0.0789304505208345,50.103117,50.182047450520834
0.0,-1.0,0.0,0.07570879947916609,50.182047450520834,50.25775625
0.0,70.0,87.0,0.0902062291666645,50.25775625,50.34796247916666
0.0,-1.0,0.0,0.2190722708333368,50.34796247916666,50.56703475
0.0,65.0,96.0,0.1433634713541688,50.56703475,50.71039822135417
0.0,-1.0,0.0,0.16591502864583418,50.71039822135417,50.87631325
0.0,66.0,75.0,0.1208119140625018,50.87631325,50.9971251640625
0.0,-1.0,0.0,0.033827335937495207,50.9971251640625,51.0309525
0.0,69.0,84.0,0.0708763229166677,51.0309525,51.101828822916666
0.0,-1.0,0.0,0.08376292708333466,51.101828822916666,51.18559175
0.0,67.0,85.0,0.1626933776041621,51.18559175,51.34828512760416
0.0,-1.0,0.0,0.14658512239584098,51.34828512760416,51.49487025
0.0,69.0,87.0,0.1439004131944419,51.49487025,51.63877066319444
0.0,-1.0,0.0,0.010738836805558094,51.63877066319444,51.6495095
0.0,69.0,111.0,0.0869845781249942,51.6495095,51.73649407812499
0.0,-1.0,0.0,0.06765467187501173,51.73649407812499,51.80414875
0.0,74.0,83.0,0.090206229166668,51.80414875,51.89435497916667
0.0,-1.0,0.0,0.06443302083332725,51.89435497916667,51.958788
0.0,69.0,90.0,0.1868557604166648,51.958788,52.14564376041666
0.0,68.0,81.0,0.2126289687500033,52.11342725,52.32605621875
0.0,68.0,102.0,0.0966495312500015,52.2680665,52.364716031250005
0.0,-1.0,0.0,0.05798971874999381,52.364716031250005,52.42270575
0.0,69.0,97.0,0.0902062291666681,52.42270575,52.51291197916667
0.0,-1.0,0.0,0.06443302083333435,52.51291197916667,52.577345
0.0,67.0,79.0,0.193299062500003,52.577345,52.7706440625
0.0,68.0,75.0,0.2384021770833371,52.73198425,52.97038642708333
0.0,68.0,97.0,0.1030928333333349,52.8866235,52.98971633333333
0.0,-1.0,0.0,0.051546416666681694,52.98971633333333,53.04126275000001
0.0,69.0,94.0,0.193299062500003,53.04126275000001,53.23456181250001
0.0,-1.0,0.0,0.11597943749998763,53.23456181250001,53.35054125
0.0,69.0,98.0,0.1546392499999964,53.35054125,53.5051805
0.0,-1.0,0.0,0.15463924999999534,53.5051805,53.65981975
0.0,63.0,102.0,0.1030928333333349,53.65981975,53.76291258333333
0.0,-1.0,0.0,0.05154641666666748,53.76291258333333,53.814459
0.0,66.0,102.0,0.083762927083331,53.814459,53.89822192708333
0.0,-1.0,0.0,0.0708763229166749,53.89822192708333,53.96909825
0.0,70.0,107.0,0.0579897187500009,53.96909825,54.02708796875
0.0,-1.0,0.0,0.2512887812499969,54.02708796875,54.27837675
0.0,75.0,86.0,0.0740979739583309,54.27837675,54.35247472395833
0.0,-1.0,0.0,0.23518052604166684,54.35247472395833,54.58765525
0.0,83.0,113.0,0.0579897187500009,54.58765525,54.64564496875
0.0,-1.0,0.0,0.09664953124999442,54.64564496875,54.74229449999999
0.0,70.0,83.0,0.0472508819444427,54.74229449999999,54.78954538194444
0.0,-1.0,0.0,0.10738836805555962,54.78954538194444,54.89693375
0.0,72.0,92.0,0.045103114583334,54.89693375,54.942036864583336
0.0,-1.0,0.0,0.26417538541666374,54.942036864583336,55.20621225
0.0,81.0,120.0,0.0451031145833269,55.20621225,55.25131536458333
0.0,-1.0,0.0,0.26417538541667085,55.25131536458333,55.51549075
0.0,69.0,102.0,0.0987972986111126,55.51549075,55.61428804861111
0.0,-1.0,0.0,1.2929559513888904,55.61428804861111,56.907244
0.0,61.0,69.0,0.060137486111112,56.907244,56.96738148611111
0.0,-1.0,0.0,0.09450176388889275,56.96738148611111,57.06188325
0.0,61.0,48.0,0.1997423645833364,57.06188325,57.26162561458334
0.0,-1.0,0.0,0.1095361354166613,57.26162561458334,57.37116175
0.0,57.0,98.0,0.731959116666664,57.37116175,58.10312086666666
0.0,-1.0,0.0,0.04123713333333967,58.10312086666666,58.144358
0.0,57.0,102.0,0.3092784999999978,58.144358,58.4536365
0.0,-1.0,0.0,0.15463924999999534,58.4536365,58.60827575
0.0,59.0,104.0,0.4478094947916666,58.60827575,59.05608524479166
0.0,-1.0,0.0,0.32538675520834204,59.05608524479166,59.381472
0.0,67.0,84.0,0.1589347847222247,59.381472,59.54040678472223
0.0,66.0,100.0,0.2158506197916629,59.53611125,59.75196186979166
0.0,66.0,105.0,0.1127577864583279,59.6907505,59.803508286458325
0.0,-1.0,0.0,0.04188146354167799,59.803508286458325,59.84538975
0.0,67.0,92.0,0.0902062291666681,59.84538975,59.93559597916667
0.0,-1.0,0.0,0.06443302083333435,59.93559597916667,60.000029000000005
0.0,66.0,84.0,0.180412458333329,60.000029000000005,60.18044145833333
0.0,66.0,69.0,0.2190722708333296,60.15466825,60.37374052083333
0.0,66.0,70.0,0.1063144843750016,60.3093075,60.415621984375
0.0,-1.0,0.0,0.04832476562499721,60.415621984375,60.46394675
0.0,67.0,85.0,0.2190722708333297,60.46394675,60.68301902083333
0.0,-1.0,0.0,0.0902062291666752,60.68301902083333,60.77322525
0.0,66.0,99.0,0.2061856666666699,60.77322525,60.97941091666667
0.0,66.0,102.0,0.0998711822916681,60.9278645,61.02773568229166
0.0,-1.0,0.0,0.05476806770833775,61.02773568229166,61.08250375
0.0,67.0,83.0,0.1825602256944473,61.08250375,61.265063975694446
0.0,-1.0,0.0,0.12671827430555282,61.265063975694446,61.39178225
0.0,65.0,96.0,0.2298111076388853,61.39178225,61.621593357638886
0.0,-1.0,0.0,0.23410664236111245,61.621593357638886,61.8557
0.0,56.0,57.0,0.0322165104166671,61.8557,61.887916510416666
0.0,64.0,91.0,0.2190722708333367,61.70106075,61.92013302083334
0.0,-1.0,0.0,0.09020622916666099,61.92013302083334,62.01033925
0.0,63.0,97.0,0.1900774114583363,62.01033925,62.200416661458334
0.0,63.0,102.0,0.0966495312500015,62.1649785,62.26162803125
0.0,-1.0,0.0,0.05798971875000092,62.26162803125,62.31961775
0.0,62.0,86.0,0.1911512951388848,62.31961775,62.510769045138886
0.0,-1.0,0.0,0.11812720486111061,62.510769045138886,62.62889625
0.0,63.0,99.0,0.1417526458333355,62.62889625,62.77064889583333
0.0,-1.0,0.0,0.16752585416666932,62.77064889583333,62.93817475
0.0,66.0,78.0,0.1594717265625025,62.93817475,63.0976464765625
0.0,-1.0,0.0,0.14980677343749704,63.0976464765625,63.24745325
0.0,68.0,95.0,0.1353093437499949,63.24745325,63.38276259375
0.0,-1.0,0.0,0.17396915624999565,63.38276259375,63.55673175
0.0,66.0,74.0,0.1691366796874973,63.55673175,63.725868429687495
0.0,-1.0,0.0,0.14014182031250755,63.725868429687495,63.86601025
0.0,77.0,113.0,0.1449742968749987,63.86601025,64.010984546875
0.0,-1.0,0.0,0.0096649531249966,64.010984546875,64.02064949999999
0.0,59.0,120.0,0.0257732083333337,64.02064949999999,64.04642270833332
0.0,-1.0,0.0,0.28350529166667116,64.04642270833332,64.329928
0.0,69.0,85.0,0.1847079930555537,64.329928,64.51463599305555
0.0,76.0,120.0,0.2255155729166631,64.48456725,64.71008282291666
0.0,72.0,120.0,0.1030928333333349,64.6392065,64.74229933333334
0.0,60.0,88.0,0.3608249166666724,64.48456725,64.84539216666667
0.0,64.0,102.0,0.23840217708333,64.6392065,64.87760867708333
0.0,69.0,102.0,0.0966495312499944,64.79384575,64.89049528125
0.0,-1.0,0.0,0.05798971874999381,64.89049528125,64.94848499999999
0.0,67.0,85.0,0.1804124583333408,64.94848499999999,65.12889745833333
0.0,68.0,88.0,0.2094073177083331,65.10312425,65.31253156770833
0.0,68.0,108.0,0.1127577864583315,65.2577635,65.37052128645833
0.0,-1.0,0.0,0.04188146354167088,65.37052128645833,65.41240275
0.0,73.0,75.0,0.0869845781249978,65.41240275,65.499387328125
0.0,-1.0,0.0,0.06765467187500462,65.499387328125,65.567042
0.0,69.0,83.0,0.1804124583333266,65.567042,65.74745445833332
0.0,76.0,102.0,0.2577320833333232,65.72168125,65.97941333333333
0.0,68.0,105.0,0.1353093437500021,65.87632049999999,66.01162984374999
0.0,60.0,78.0,0.3092784999999907,65.72168125,66.03095975
0.0,67.0,92.0,0.1997423645833341,66.03095975,66.23070211458332
0.0,-1.0,0.0,0.1095361354166755,66.23070211458332,66.34023825
0.0,68.0,99.0,0.1718213888888868,66.34023825,66.51205963888889
0.0,-1.0,0.0,0.13745711111111802,66.51205963888889,66.64951675
0.0,69.0,79.0,0.1804124583333219,66.64951675,66.82992920833333
0.0,-1.0,0.0,0.1288660416666687,66.82992920833333,66.95879525
0.0,68.0,95.0,0.193299062500003,66.95879525,67.1520943125
0.0,68.0,108.0,0.0805412760416643,67.1134345,67.19397577604165
0.0,-1.0,0.0,0.07409797395834516,67.19397577604165,67.26807375
0.0,67.0,91.0,0.1825602256944449,67.26807375,67.45063397569444
0.0,-1.0,0.0,0.12671827430554572,67.45063397569444,67.57735224999999
0.0,74.0,98.0,0.1353093437500021,67.57735224999999,67.71266159374998
0.0,-1.0,0.0,0.01932990625000741,67.71266159374998,67.73199149999999
0.0,75.0,102.0,0.0322165104166742,67.73199149999999,67.76420801041667
0.0,56.0,113.0,0.193299062500003,67.57735224999999,67.7706513125
0.0,-1.0,0.0,0.11597943750000184,67.7706513125,67.88663075
0.0,69.0,94.0,0.1675258541666645,67.88663075,68.05415660416666
0.0,-1.0,0.0,0.14175264583333558,68.05415660416666,68.19590925
0.0,68.0,99.0,0.1900774114583327,68.19590925,68.38598666145833
0.0,68.0,107.0,0.0934278802083241,68.3505485,68.44397638020833
0.0,-1.0,0.0,0.06121136979166408,68.44397638020833,68.50518774999999
0.0,69.0,97.0,0.0773196250000012,68.50518774999999,68.58250737499999
0.0,-1.0,0.0,0.07731962500000122,68.58250737499999,68.65982699999999
0.0,67.0,81.0,0.1589347847222294,68.65982699999999,68.81876178472223
0.0,68.0,99.0,0.2029640156249996,68.81446625,69.017430265625
0.0,68.0,116.0,0.0902062291666609,68.9691055,69.05931172916665
0.0,-1.0,0.0,0.06443302083334856,69.05931172916665,69.12374475
0.0,73.0,87.0,0.0902062291666609,69.12374475,69.21395097916665
0.0,-1.0,0.0,0.06443302083334856,69.21395097916665,69.278384
0.0,67.0,81.0,0.1331615763888815,69.278384,69.41154557638889
0.0,-1.0,0.0,0.021477673611101977,69.41154557638889,69.43302324999999
0.0,67.0,76.0,0.1460481805555578,69.43302324999999,69.57907143055554
0.0,-1.0,0.0,0.008591069444449317,69.57907143055554,69.5876625
0.0,68.0,100.0,0.0708763229166677,69.5876625,69.65853882291665
0.0,-1.0,0.0,0.08376292708334176,69.65853882291665,69.74230175
0.0,66.0,82.0,0.1401418203124968,69.74230175,69.88244357031249
0.0,-1.0,0.0,0.16913667968751156,69.88244357031249,70.05158025
0.0,67.0,86.0,0.1589347847222152,70.05158025,70.21051503472222
0.0,68.0,74.0,0.0676546718749903,70.2062195,70.273874171875
0.0,-1.0,0.0,0.08698457812499782,70.273874171875,70.36085874999999
0.0,68.0,81.0,0.1385309947916688,70.36085874999999,70.49938974479166
0.0,-1.0,0.0,0.1707475052083396,70.49938974479166,70.67013725
0.0,70.0,71.0,0.1047036588541629,70.67013725,70.77484090885416
0.0,-1.0,0.0,0.04993559114583945,70.77484090885416,70.8247765
0.0,68.0,102.0,0.0676546718749974,70.8247765,70.89243117187499
0.0,-1.0,0.0,0.08698457812501204,70.89243117187499,70.97941575
0.0,66.0,70.0,0.0794673923611052,70.97941575,71.05888314236111
0.0,-1.0,0.0,0.07517185763887824,71.05888314236111,71.13405499999999
0.0,66.0,90.0,0.2341066423611172,71.13405499999999,71.3681616423611
0.0,60.0,88.0,0.1739691562500098,71.28869424999999,71.46266340625
0.0,64.0,102.0,0.0644330208333343,71.4433335,71.50776652083333
0.0,76.0,81.0,0.2319588750000036,71.28869424999999,71.520653125
0.0,72.0,102.0,0.0902062291666681,71.4433335,71.53353972916666
0.0,-1.0,0.0,0.06443302083333435,71.53353972916666,71.59797275
0.0,72.0,81.0,0.0998711822916646,71.59797275,71.69784393229166
0.0,-1.0,0.0,0.05476806770833775,71.69784393229166,71.752612
0.0,66.0,82.0,0.1804124583333314,71.752612,71.93302445833334
0.0,59.0,81.0,0.2126289687499962,71.90725125,72.11988021875
0.0,78.0,30.0,0.0644330208333343,72.06189049999999,72.12632352083332
0.0,74.0,113.0,0.2190722708333226,71.90725125,72.12632352083332
0.0,71.0,113.0,0.0773196250000012,72.06189049999999,72.13921012499999
0.0,-1.0,0.0,0.07731962500000122,72.13921012499999,72.21652974999999
0.0,72.0,77.0,0.0612113697916711,72.21652974999999,72.27774111979166
0.0,62.0,92.0,0.2577320833333374,72.06189049999999,72.31962258333333
0.0,59.0,34.0,0.161082552083343,72.21652974999999,72.37761230208334
0.0,64.0,81.0,0.2255155729166678,72.371169,72.59668457291666
0.0,66.0,76.0,0.2158506197916665,72.52580825,72.74165886979166
0.0,66.0,87.0,0.0869845781249978,72.6804475,72.767432078125
0.0,-1.0,0.0,0.06765467187500462,72.767432078125,72.83508675
0.0,66.0,102.0,0.1589347847222152,72.83508675,72.99402153472222
0.0,-1.0,0.0,0.15034371527777068,72.99402153472222,73.14436524999999
0.0,73.0,84.0,0.1449742968750058,73.14436524999999,73.289339546875
0.0,-1.0,0.0,0.0096649531249966,73.289339546875,73.2990045
0.0,71.0,120.0,0.0837629270833275,73.2990045,73.38276742708332
0.0,59.0,92.0,0.2448454791666705,73.14436524999999,73.38921072916666
0.0,62.0,92.0,0.0966495312499944,73.2990045,73.39565403124999
0.0,-1.0,0.0,0.057989718750008024,73.39565403124999,73.45364375
0.0,64.0,89.0,0.1718213888888868,73.45364375,73.62546513888888
0.0,-1.0,0.0,0.13745711111111802,73.62546513888888,73.76292225
0.0,66.0,94.0,0.2029640156249925,73.76292225,73.96588626562499
0.0,66.0,100.0,0.074097973958338,73.91756149999999,73.99165947395832
0.0,-1.0,0.0,0.0805412760416715,73.99165947395832,74.07220075
0.0,66.0,75.0,0.0794673923611147,74.07220075,74.1516681423611
0.0,-1.0,0.0,0.07517185763889245,74.1516681423611,74.22684
0.0,66.0,85.0,0.1696736215277781,74.22684,74.39651362152777
0.0,66.0,81.0,0.193299062500003,74.38147925,74.5747783125
0.0,71.0,113.0,0.0902062291666681,74.5361185,74.62632472916667
0.0,-1.0,0.0,0.06443302083333435,74.62632472916667,74.69075775
0.0,64.0,85.0,0.1782646909722131,74.69075775,74.86902244097222
0.0,-1.0,0.0,0.13101380902777748,74.86902244097222,75.00003625
0.0,66.0,105.0,0.1653780868055557,75.00003625,75.16541433680555
0.0,61.0,53.0,0.03221651041666,75.1546755,75.18689201041666
0.0,-1.0,0.0,0.12242273958334238,75.18689201041666,75.30931475
0.0,67.0,98.0,0.1825602256944449,75.30931475,75.49187497569444
0.0,-1.0,0.0,0.12671827430554572,75.49187497569444,75.61859324999999
0.0,66.0,102.0,0.193299062500003,75.61859324999999,75.81189231249999
0.0,66.0,107.0,0.074097973958338,75.77323249999999,75.84733047395832
0.0,-1.0,0.0,0.0805412760416715,75.84733047395832,75.92787175
0.0,69.0,100.0,0.1997423645833294,75.92787175,76.12761411458332
0.0,-1.0,0.0,0.1095361354166755,76.12761411458332,76.23715025
0.0,70.0,102.0,0.1890035277777759,76.23715025,76.42615377777777
0.0,-1.0,0.0,0.12027497222221939,76.42615377777777,76.54642874999999
0.0,73.0,78.0,0.1340206833333382,76.54642874999999,76.68044943333332
0.0,-1.0,0.0,0.17525781666667228,76.68044943333332,76.85570725
0.0,70.0,80.0,0.1417526458333355,76.85570725,76.99745989583333
0.0,-1.0,0.0,0.01288660416666687,76.99745989583333,77.0103465
0.0,70.0,111.0,0.0805412760416643,77.0103465,77.09088777604165
0.0,-1.0,0.0,0.07409797395834516,77.09088777604165,77.16498575
0.0,71.0,95.0,0.1804124583333361,77.16498575,77.34539820833334
0.0,-1.0,0.0,0.1288660416666545,77.34539820833334,77.47426424999999
0.0,69.0,94.0,0.1890035277777854,77.47426424999999,77.66326777777778
0.0,-1.0,0.0,0.12027497222221939,77.66326777777778,77.78354275
0.0,68.0,91.0,0.1653780868055558,77.78354275,77.94892083680556
0.0,-1.0,0.0,0.2985396631944468,77.94892083680556,78.2474605
0.0,65.0,81.0,0.03221651041666,78.2474605,78.27967701041666
0.0,69.0,90.0,0.2061856666666628,78.09282125,78.29900691666666
0.0,74.0,102.0,0.0708763229166606,78.2474605,78.31833682291666
0.0,-1.0,0.0,0.08376292708332755,78.31833682291666,78.40209974999999
0.0,68.0,74.0,0.0751718576388923,78.40209974999999,78.47727160763888
0.0,-1.0,0.0,0.07946739236111,78.47727160763888,78.556739
0.0,68.0,87.0,0.1847079930555584,78.556739,78.74144699305555
0.0,-1.0,0.0,0.12457050694445115,78.74144699305555,78.8660175
0.0,75.0,102.0,0.03221651041666,78.8660175,78.89823401041666
0.0,69.0,70.0,0.1997423645833364,78.71137825,78.91112061458333
0.0,74.0,120.0,0.0773196250000012,78.8660175,78.943337125
0.0,-1.0,0.0,0.07731962500000122,78.943337125,79.02065675
0.0,68.0,113.0,0.0837629270833275,79.02065675,79.10441967708333
0.0,65.0,97.0,0.2512887812499969,78.8660175,79.11730628125
0.0,71.0,40.0,0.1095361354166683,79.02065675,79.13019288541666
0.0,-1.0,0.0,0.04510311458334115,79.13019288541666,79.175296
0.0,69.0,84.0,0.1696736215277686,79.175296,79.34496962152777
0.0,68.0,83.0,0.2255155729166773,79.32993524999999,79.55545082291667
0.0,72.0,113.0,0.1095361354166755,79.4845745,79.59411063541667
0.0,-1.0,0.0,0.04510311458332694,79.59411063541667,79.63921375
0.0,60.0,40.0,0.0708763229166606,79.63921375,79.71009007291666
0.0,64.0,92.0,0.2255155729166631,79.4845745,79.71009007291666
0.0,69.0,102.0,0.1030928333333349,79.63921375,79.74230658333333
0.0,-1.0,0.0,0.05154641666666748,79.74230658333333,79.793853
0.0,67.0,83.0,0.1975945972222206,79.793853,79.99144759722222
0.0,68.0,84.0,0.2190722708333296,79.94849225,80.16756452083332
0.0,68.0,91.0,0.0837629270833417,80.10313149999999,80.18689442708333
0.0,-1.0,0.0,0.07087632291666068,80.18689442708333,80.25777074999999
0.0,69.0,89.0,0.1825602256944497,80.25777074999999,80.44033097569444
0.0,-1.0,0.0,0.12671827430555993,80.44033097569444,80.56704925
0.0,64.0,76.0,0.0740979739583309,80.56704925,80.64114722395833
0.0,-1.0,0.0,0.0805412760416715,80.64114722395833,80.7216885
0.0,64.0,81.0,0.0579897187499938,80.7216885,80.77967821874999
0.0,76.0,113.0,0.2190722708333368,80.56704925,80.78612152083333
0.0,72.0,102.0,0.1159794375000018,80.7216885,80.8376679375
0.0,-1.0,0.0,0.03865981250000061,80.8376679375,80.87632775
0.0,67.0,86.0,0.1696736215277685,80.87632775,81.04600137152777
0.0,-1.0,0.0,0.1396048784722268,81.04600137152777,81.18560624999999
0.0,68.0,102.0,0.1353093437500044,81.18560624999999,81.32091559375
0.0,-1.0,0.0,0.17396915624999565,81.32091559375,81.49488475
0.0,69.0,87.0,0.1932990624999982,81.49488475,81.6881838125
0.0,-1.0,0.0,0.11597943750000184,81.6881838125,81.80416325
0.0,68.0,82.0,0.1396048784722172,81.80416325,81.94376812847221
0.0,-1.0,0.0,0.015034371527775647,81.94376812847221,81.95880249999999
0.0,68.0,105.0,0.0966495312500086,81.95880249999999,82.05545203125
0.0,-1.0,0.0,0.05798971874999381,82.05545203125,82.11344174999999
0.0,64.0,62.0,0.0773196250000059,82.11344174999999,82.190761375
0.0,-1.0,0.0,0.07731962500000122,82.190761375,82.268081
0.0,67.0,81.0,0.169673621527778,82.268081,82.43775462152777
0.0,68.0,72.0,0.1900774114583327,82.42272025,82.61279766145833
0.0,68.0,90.0,0.0805412760416643,82.5773595,82.65790077604166
0.0,-1.0,0.0,0.07409797395834516,82.65790077604166,82.73199875
0.0,69.0,90.0,0.1997423645833246,82.73199875,82.93174111458333
0.0,-1.0,0.0,0.1095361354166613,82.93174111458333,83.04127725
0.0,68.0,86.0,0.120274972222224,83.04127725,83.16155222222221
0.0,-1.0,0.0,0.03436427777778306,83.16155222222221,83.1959165
0.0,68.0,97.0,0.0740979739583309,83.1959165,83.27001447395833
0.0,-1.0,0.0,0.0805412760416715,83.27001447395833,83.35055575
0.0,67.0,85.0,0.1890035277777807,83.35055575,83.53955927777778
0.0,-1.0,0.0,0.12027497222220518,83.53955927777778,83.65983424999999
0.0,68.0,105.0,0.177190807291673,83.65983424999999,83.83702505729165
0.0,68.0,99.0,0.0708763229166748,83.81447349999999,83.88534982291667
0.0,-1.0,0.0,0.08376292708332755,83.88534982291667,83.96911275
0.0,67.0,102.0,0.0966495312500086,83.96911275,84.06576228125
0.0,-1.0,0.0,0.05798971874999381,84.06576228125,84.123752
0.0,57.0,91.0,0.4845363166666658,84.123752,84.60828831666666
0.0,-1.0,0.0,0.28865993333333506,84.60828831666666,84.89694825
0.0,51.0,108.0,0.0837629270833346,84.89694825,84.98071117708332
0.0,-1.0,0.0,0.22551557291667734,84.98071117708332,85.20622675
0.0,58.0,97.0,0.0966495312499944,85.20622675,85.30287628125
0.0,-1.0,0.0,0.057989718750008024,85.30287628125,85.360866
0.0,44.0,92.0,0.6572168124999962,85.360866,86.0180828125
0.0,-1.0,0.0,0.11597943750000184,86.0180828125,86.13406225
0.0,51.0,111.0,0.1063144843749981,86.13406225,86.24037673437499
0.0,-1.0,0.0,0.20296401562499966,86.24037673437499,86.44334074999999
0.0,56.0,105.0,0.0869845781250049,86.44334074999999,86.53032532812499
0.0,-1.0,0.0,0.06765467187500462,86.53032532812499,86.59797999999999
0.0,78.0,67.0,0.1546392500000024,86.59797999999999,86.75261925
0.0,54.0,84.0,0.1739691562499956,86.61086660416666,86.78483576041666
0.0,66.0,92.0,0.2319588749999894,86.60442330208333,86.83638217708332
0.0,74.0,102.0,0.2061856666666699,86.73973264583333,86.9459183125
0.0,59.0,88.0,0.2190722708333368,86.77839245833333,86.99746472916667
0.0,71.0,102.0,0.0966495312499944,86.9072585,87.00390803124999
0.0,62.0,92.0,0.0902062291666681,86.92658840624999,87.01679463541666
0.0,-1.0,0.0,0.0708763229166749,87.01679463541666,87.08767095833333
0.0,64.0,97.0,0.1417526458333213,87.08767095833333,87.22942360416666
0.0,76.0,78.0,0.1675258541666693,87.08122765625,87.24875351041666
0.0,52.0,81.0,0.193299062500003,87.09411426041666,87.28741332291666
0.0,-1.0,0.0,0.07731962500000122,87.28741332291666,87.36473294791666
0.0,74.0,97.0,0.1224227395833281,87.36473294791666,87.48715568749999
0.0,59.0,92.0,0.1997423645833294,87.37761955208333,87.57736191666666
0.0,62.0,78.0,0.0708763229166749,87.51292889583333,87.58380521875
0.0,71.0,57.0,0.0773196250000012,87.5258155,87.603135125
0.0,-1.0,0.0,0.07731962500000122,87.603135125,87.68045475
0.0,78.0,92.0,0.1610825520833287,87.68045475,87.84153730208332
0.0,54.0,92.0,0.1546392500000024,87.69978465624999,87.85442390624999
0.0,66.0,113.0,0.1868557604166767,87.68689805208332,87.8737538125
0.0,-1.0,0.0,0.1095361354166613,87.8737538125,87.98328994791666
0.0,74.0,75.0,0.1739691562499956,87.98328994791666,88.15725910416666
0.0,59.0,61.0,0.2061856666666699,87.97040334375,88.17658901041666
0.0,62.0,75.0,0.0515464166666674,88.12504259375,88.17658901041666
0.0,71.0,102.0,0.0708763229166749,88.13148589583332,88.20236221875
0.0,-1.0,0.0,0.10309283333333497,88.20236221875,88.30545505208333
0.0,64.0,97.0,0.1224227395833281,88.30545505208333,88.42787779166666
0.0,76.0,88.0,0.1417526458333355,88.29901174999999,88.44076439583333
0.0,52.0,81.0,0.193299062500003,88.31189835416666,88.50519741666666
0.0,-1.0,0.0,0.09664953124999442,88.50519741666666,88.60184694791666
0.0,57.0,57.0,0.1288660416666687,88.60184694791666,88.73071298958332
0.0,66.0,75.0,0.180412458333329,88.59540364583333,88.77581610416665
0.0,71.0,120.0,0.0902062291666681,88.7629295,88.85313572916667
0.0,-1.0,0.0,0.0902062291666681,88.85313572916667,88.94334195833333
0.0,78.0,46.0,0.0515464166666674,88.94334195833333,88.994888375
0.0,66.0,102.0,0.0644330208333343,88.93689865625,89.00133167708333
0.0,-1.0,0.0,0.0902062291666681,89.00133167708333,89.09153790625
0.0,54.0,92.0,0.135309343749995,89.09153790625,89.22684724999999
0.0,78.0,54.0,0.161082552083343,89.09798120833332,89.25906376041667
0.0,-1.0,0.0,0.00644330208332633,89.25906376041667,89.26550706249999
0.0,59.0,63.0,0.161082552083343,89.26550706249999,89.42658961458334
0.0,66.0,113.0,0.3350517083333386,89.10442451041666,89.43947621875
0.0,74.0,113.0,0.2126289687499962,89.23329055208333,89.44591952083333
0.0,62.0,88.0,0.077319624999987,89.38792980208333,89.46524942708332
0.0,71.0,102.0,0.0837629270833275,89.40725970833333,89.49102263541666
0.0,-1.0,0.0,0.0708763229166749,89.49102263541666,89.56189895833333
0.0,66.0,102.0,0.2255155729166631,89.56189895833333,89.78741453125
0.0,66.0,88.0,0.2384021770833442,89.55545565624999,89.79385783333333
0.0,-1.0,0.0,0.04510311458332694,89.79385783333333,89.83896094791666
0.0,74.0,81.0,0.2126289687499962,89.83896094791666,90.05158991666666
0.0,59.0,88.0,0.2448454791666563,89.83251764583333,90.077363125
0.0,71.0,92.0,0.1095361354166613,89.98071359375,90.09024972916666
0.0,-1.0,0.0,0.10309283333334918,90.09024972916666,90.1933425625
0.0,55.0,78.0,0.0644330208333343,90.1933425625,90.25777558333334
0.0,69.0,120.0,0.1224227395833423,90.18045595833333,90.30287869791668
0.0,57.0,88.0,0.135309343749995,90.18689926041668,90.32220860416668
0.0,-1.0,0.0,0.16108255208332878,90.32220860416668,90.48329115625
0.0,68.0,127.0,0.6507735104166699,90.48329115625,91.13406466666667
0.0,56.0,113.0,0.6443302083333293,90.48973445833332,91.13406466666665
0.0,-1.0,0.0,0.4123713333333541,91.13406466666665,91.546436
0.0,69.0,84.0,0.1890035277777712,91.546436,91.7354395277778
0.0,68.0,95.0,0.2545104322916742,91.70107525,91.95558568229168
0.0,68.0,105.0,0.1256443906250055,91.8557145,91.981358890625
0.0,-1.0,0.0,0.0289948593749898,91.981358890625,92.01035375
0.0,67.0,96.0,0.199742364583334,92.01035375,92.21009611458332
0.0,-1.0,0.0,0.1095361354166755,92.21009611458332,92.31963225
0.0,68.0,105.0,0.1675258541666645,92.31963225,92.48715810416668
0.0,-1.0,0.0,0.14175264583332137,92.48715810416668,92.62891075
0.0,69.0,95.0,0.2040378993055611,92.62891075,92.83294864930556
0.0,-1.0,0.0,0.10524060069442953,92.83294864930556,92.93818925
0.0,76.0,113.0,0.1739691562499956,92.93818925,93.11215840625
0.0,68.0,105.0,0.0902062291666609,93.0928285,93.18303472916664
0.0,60.0,102.0,0.2770619895833306,92.93818925,93.21525123958332
0.0,-1.0,0.0,0.03221651041667428,93.21525123958332,93.24746775
0.0,67.0,95.0,0.189003527777776,93.24746775,93.43647127777776
0.0,-1.0,0.0,0.12027497222224781,93.43647127777776,93.55674625
0.0,74.0,109.0,0.1385309947916723,93.55674625,93.69527724479168
0.0,-1.0,0.0,0.01610825520832293,93.69527724479168,93.7113855
0.0,68.0,69.0,0.0322165104166742,93.7113855,93.74360201041668
0.0,56.0,113.0,0.193299062500003,93.55674625,93.7500453125
0.0,-1.0,0.0,0.11597943749998763,93.7500453125,93.86602475
0.0,69.0,97.0,0.189003527777776,93.86602475,94.05502827777777
0.0,-1.0,0.0,0.1202749722222336,94.05502827777777,94.17530325
0.0,68.0,111.0,0.1965207135416662,94.17530325,94.37182396354166
0.0,68.0,102.0,0.0998711822916575,94.3299425,94.42981368229164
0.0,-1.0,0.0,0.054768067708366175,94.42981368229164,94.48458175
0.0,64.0,72.0,0.0773196250000083,94.48458175,94.561901375
0.0,-1.0,0.0,0.07731962500000122,94.561901375,94.639221
0.0,67.0,88.0,0.1589347847222294,94.639221,94.79815578472224
0.0,60.0,78.0,0.2190722708333368,94.79386025,95.01293252083332
0.0,68.0,106.0,0.0837629270833275,94.9484995,95.03226242708332
0.0,76.0,92.0,0.2512887812499969,94.79386025,95.04514903125
0.0,-1.0,0.0,0.05798971874999381,95.04514903125,95.10313875
0.0,69.0,93.0,0.1868557604166625,95.10313875,95.28999451041668
0.0,-1.0,0.0,0.12242273958334238,95.28999451041668,95.41241725000002
0.0,68.0,90.0,0.1524914826388984,95.41241725000002,95.56490873263893
0.0,-1.0,0.0,0.002147767361080355,95.56490873263893,95.5670565
0.0,68.0,102.0,0.0805412760416714,95.5670565,95.64759777604168
0.0,-1.0,0.0,0.07409797395831674,95.64759777604168,95.72169575
0.0,67.0,95.0,0.1932990624999982,95.72169575,95.9149948125
0.0,-1.0,0.0,0.11597943750000184,95.9149948125,96.03097425
0.0,68.0,103.0,0.1481959479166619,96.03097425,96.17917019791666
0.0,-1.0,0.0,0.161082552083343,96.17917019791666,96.34025275
0.0,66.0,90.0,0.1659150286458412,96.34025275,96.50616777864585
0.0,-1.0,0.0,0.1433634713541494,96.50616777864585,96.64953125
0.0,77.0,97.0,0.0451031145833269,96.64953125,96.69463436458332
0.0,-1.0,0.0,0.1095361354166755,96.69463436458332,96.8041705
0.0,64.0,88.0,0.0579897187499938,96.8041705,96.86216021875
0.0,68.0,105.0,0.2126289687499962,96.64953125,96.86216021875
0.0,72.0,113.0,0.0966495312499944,96.8041705,96.90082003125
0.0,-1.0,0.0,0.05798971874999381,96.90082003125,96.95880975
0.0,67.0,96.0,0.1954468298611071,96.95880975,97.15425657986113
0.0,-1.0,0.0,0.11383167013887885,97.15425657986113,97.26808825
0.0,67.0,102.0,0.1932990625000077,97.26808825,97.4613873125
0.0,-1.0,0.0,0.11597943750000184,97.4613873125,97.57736675
0.0,66.0,103.0,0.1782646909722226,97.57736675,97.75563144097222
0.0,-1.0,0.0,0.13101380902777748,97.75563144097222,97.88664525
0.0,68.0,95.0,0.1739691562499956,97.88664525,98.06061440625
0.0,68.0,92.0,0.0644330208333343,98.0412845,98.10571752083334
0.0,-1.0,0.0,0.0902062291666681,98.10571752083334,98.19592375
0.0,66.0,78.0,0.094501763888895,98.19592375,98.2904255138889
0.0,-1.0,0.0,0.06013748611108838,98.2904255138889,98.350563
0.0,78.0,67.0,0.1868557604166625,98.350563,98.53741876041666
0.0,78.0,45.0,0.03221651041666,98.50520225,98.53741876041666
0.0,60.0,93.0,0.2609537343750006,98.350563,98.611516734375
0.0,76.0,65.0,0.1868557604166625,98.50520225,98.69205801041666
0.0,72.0,92.0,0.0579897187499938,98.6598415,98.71783121875
0.0,60.0,72.0,0.2190722708333368,98.50520225,98.72427452083332
0.0,-1.0,0.0,0.0902062291666823,98.72427452083332,98.81448075
0.0,66.0,92.0,0.2233678055555495,98.81448075,99.03784855555554
0.0,-1.0,0.0,0.08591069444446475,99.03784855555554,99.12375925
0.0,66.0,94.0,0.1965207135416662,99.12375925,99.32027996354168
0.0,66.0,105.0,0.0837629270833346,99.2783985,99.36216142708332
0.0,-1.0,0.0,0.0708763229166749,99.36216142708332,99.43303775
0.0,67.0,69.0,0.1030928333333349,99.43303775,99.53613058333332
0.0,-1.0,0.0,0.051546416666681694,99.53613058333332,99.587677
0.0,64.0,90.0,0.1997423645833246,99.587677,99.78741936458331
0.0,-1.0,0.0,0.10953613541668972,99.78741936458331,99.8969555
0.0,70.0,54.0,0.0322165104166742,99.8969555,99.92917201041668
0.0,74.0,92.0,0.2061856666666557,99.74231625,99.94850191666666
0.0,71.0,97.0,0.0902062291666681,99.8969555,99.98716172916669
0.0,59.0,81.0,0.2577320833333232,99.74231625,100.00004833333332
0.0,-1.0,0.0,0.051546416666681694,100.00004833333332,100.05159475
0.0,66.0,95.0,0.1567870173611159,100.05159475,100.20838176736112
0.0,-1.0,0.0,0.15249148263887946,100.20838176736112,100.36087325
0.0,74.0,88.0,0.1997423645833294,100.36087325,100.56061561458333
0.0,66.0,86.0,0.0773196250000012,100.5155125,100.592832125
0.0,59.0,92.0,0.2448454791666705,100.36087325,100.60571872916668
0.0,-1.0,0.0,0.06443302083332014,100.60571872916668,100.67015175
0.0,66.0,79.0,0.1514175989583392,100.67015175,100.82156934895832
0.0,-1.0,0.0,0.15786090104167272,100.82156934895832,100.97943025
0.0,74.0,120.0,0.1804124583333362,100.97943025,101.15984270833331
0.0,71.0,88.0,0.1030928333333349,101.1340695,101.23716233333332
0.0,59.0,92.0,0.3028351979166643,100.97943025,101.28226544791666
0.0,-1.0,0.0,0.006443302083340541,101.28226544791666,101.28870875
0.0,66.0,78.0,0.0708763229166654,101.28870875,101.35958507291666
0.0,-1.0,0.0,0.08376292708334176,101.35958507291666,101.443348
0.0,66.0,82.0,0.1546392499999929,101.443348,101.59798725
0.0,66.0,88.0,0.193299062500003,101.59798725,101.7912863125
0.0,66.0,97.0,0.0805412760416714,101.7526265,101.83316777604168
0.0,-1.0,0.0,0.07409797395831674,101.83316777604168,101.90726575
0.0,66.0,99.0,0.163230319444447,101.90726575,102.07049606944446
0.0,-1.0,0.0,0.14604818055553892,102.07049606944446,102.21654425
0.0,66.0,97.0,0.1997423645833364,102.21654425,102.41628661458331
0.0,66.0,105.0,0.0869845781249906,102.3711835,102.45816807812498
0.0,-1.0,0.0,0.06765467187503305,102.45816807812498,102.52582275000002
0.0,67.0,93.0,0.193299062500003,102.52582275000002,102.71912181250002
0.0,-1.0,0.0,0.11597943749997341,102.71912181250002,102.83510125
0.0,66.0,108.0,0.1836341093749993,102.83510125,103.018735359375
0.0,66.0,111.0,0.0805412760416643,102.9897405,103.07028177604164
0.0,-1.0,0.0,0.07409797395835938,103.07028177604164,103.14437975
0.0,69.0,98.0,0.195446829861107,103.14437975,103.33982657986112
0.0,-1.0,0.0,0.11383167013887885,103.33982657986112,103.45365825
0.0,70.0,108.0,0.173969156250005,103.45365825,103.62762740625
0.0,-1.0,0.0,0.13530934374999504,103.62762740625,103.76293675
0.0,73.0,81.0,0.1465851223958338,103.76293675,103.90952187239584
0.0,-1.0,0.0,0.1626933776041568,103.90952187239584,104.07221525
0.0,70.0,112.0,0.1900774114583256,104.07221525,104.26229266145832
0.0,70.0,111.0,0.0676546718750046,104.2268545,104.294509171875
0.0,-1.0,0.0,0.08698457812499782,104.294509171875,104.38149375
0.0,71.0,94.0,0.1911512951388989,104.38149375,104.5726450451389
0.0,-1.0,0.0,0.1181272048610964,104.5726450451389,104.69077225
0.0,69.0,102.0,0.2040378993055564,104.69077225,104.89481014930556
0.0,-1.0,0.0,0.10524060069444374,104.89481014930556,105.00005075
0.0,72.0,90.0,0.1353093437499949,105.00005075,105.13536009374998
0.0,-1.0,0.0,0.17396915625002407,105.13536009374998,105.30932925
0.0,62.0,92.0,0.1868557604166767,105.30932925,105.49618501041668
0.0,69.0,100.0,0.0676546718750046,105.4639685,105.531623171875
0.0,77.0,88.0,0.2384021770833442,105.30932925,105.54773142708336
0.0,-1.0,0.0,0.07087632291661805,105.54773142708336,105.61860774999998
0.0,68.0,83.0,0.0880584618055545,105.61860774999998,105.70666621180554
0.0,-1.0,0.0,0.06658078819445734,105.70666621180554,105.773247
0.0,68.0,92.0,0.1610825520833334,105.773247,105.93432955208334
0.0,62.0,92.0,0.1868557604166625,105.92788625,106.11474201041666
0.0,74.0,106.0,0.0547680677083377,106.0825255,106.13729356770834
0.0,77.0,102.0,0.2448454791666563,105.92788625,106.17273172916666
0.0,65.0,113.0,0.1095361354166755,106.0825255,106.19206163541668
0.0,-1.0,0.0,0.04510311458332694,106.19206163541668,106.23716475
0.0,70.0,70.0,0.1116839027777842,106.23716475,106.34884865277778
0.0,-1.0,0.0,0.042955347222218165,106.34884865277778,106.391804
0.0,71.0,71.0,0.1900774114583363,106.391804,106.58188141145833
0.0,76.0,97.0,0.2126289687499962,106.54644325,106.75907221875
0.0,66.0,74.0,0.1320876927083318,106.7010825,106.83317019270832
0.0,-1.0,0.0,0.022551557291677682,106.83317019270832,106.85572175
0.0,69.0,73.0,0.1481959479166583,106.85572175,107.00391769791666
0.0,-1.0,0.0,0.161082552083343,107.00391769791666,107.16500025
0.0,68.0,102.0,0.2061856666666628,107.16500025,107.37118591666666
0.0,68.0,95.0,0.0773196250000012,107.3196395,107.396959125
0.0,-1.0,0.0,0.07731962500000122,107.396959125,107.47427875
0.0,57.0,92.0,0.1546392500000024,107.47427875,107.628918
0.0,60.0,48.0,0.03221651041666,107.628918,107.66113451041666
0.0,75.0,97.0,0.2126289687499962,107.47427875,107.68690771875
0.0,-1.0,0.0,0.09664953124999442,107.68690771875,107.78355725
0.0,71.0,87.0,0.1396048784722125,107.78355725,107.9231621284722
0.0,-1.0,0.0,0.015034371527804069,107.9231621284722,107.9381965
0.0,68.0,102.0,0.0902062291666751,107.9381965,108.02840272916669
0.0,-1.0,0.0,0.06443302083332014,108.02840272916669,108.09283575
0.0,69.0,97.0,0.1030928333333349,108.09283575,108.19592858333334
0.0,-1.0,0.0,0.05154641666665327,108.19592858333334,108.247475
0.0,67.0,85.0,0.1653780868055557,108.247475,108.41285308680555
0.0,68.0,84.0,0.2126289687499962,108.40211425,108.61474321875
0.0,68.0,91.0,0.0837629270833346,108.5567535,108.64051642708333
0.0,-1.0,0.0,0.0708763229166749,108.64051642708333,108.71139275
0.0,69.0,87.0,0.1975945972222253,108.71139275,108.90898734722222
0.0,-1.0,0.0,0.11168390277778428,108.90898734722222,109.02067125
0.0,68.0,97.0,0.1997423645833364,109.02067125,109.22041361458334
0.0,68.0,90.0,0.0902062291666609,109.1753105,109.26551672916663
0.0,-1.0,0.0,0.06443302083336278,109.26551672916663,109.32994975
0.0,67.0,84.0,0.1718213888888868,109.32994975,109.5017711388889
0.0,-1.0,0.0,0.1374571111111038,109.5017711388889,109.63922825
0.0,60.0,78.0,0.1868557604166767,109.63922825,109.82608401041668
0.0,64.0,88.0,0.0386598125000006,109.7938675,109.8325273125
0.0,76.0,102.0,0.2061856666666699,109.63922825,109.84541391666669
0.0,72.0,102.0,0.0837629270833417,109.7938675,109.87763042708336
0.0,-1.0,0.0,0.07087632291666068,109.87763042708336,109.94850675000002
0.0,69.0,86.0,0.1847079930555537,109.94850675000002,110.13321474305558
0.0,-1.0,0.0,0.12457050694442273,110.13321474305558,110.25778525
0.0,68.0,102.0,0.1965207135416662,110.25778525,110.45430596354166
0.0,68.0,97.0,0.0805412760416572,110.4124245,110.49296577604166
0.0,-1.0,0.0,0.07409797395834516,110.49296577604166,110.56706375
0.0,67.0,76.0,0.0708763229166701,110.56706375,110.63794007291668
0.0,-1.0,0.0,0.08376292708332755,110.63794007291668,110.721703
0.0,67.0,72.0,0.1449742968750058,110.721703,110.866677296875
0.0,-1.0,0.0,0.0096649531249966,110.866677296875,110.87634225
0.0,76.0,97.0,0.1610825520833287,110.87634225,111.03742480208332
0.0,67.0,88.0,0.3608249166666724,110.721703,111.08252791666668
0.0,68.0,89.0,0.0805412760416643,111.0309815,111.11152277604164
0.0,-1.0,0.0,0.07409797395835938,111.11152277604164,111.18562075
0.0,78.0,78.0,0.03221651041666,111.18562075,111.21783726041666
0.0,60.0,75.0,0.3479383125000055,110.87634225,111.2242805625
0.0,60.0,65.0,0.0579897187500009,111.18562075,111.24361046875
0.0,-1.0,0.0,0.09664953124999442,111.24361046875,111.34026
0.0,66.0,68.0,0.2319588749999894,111.34026,111.572218875
0.0,68.0,72.0,0.1836341093750064,111.49489925,111.678533359375
0.0,68.0,84.0,0.0612113697916711,111.6495385,111.71074986979168
0.0,-1.0,0.0,0.09342788020830994,111.71074986979168,111.80417775
0.0,65.0,71.0,0.141752645833332,111.80417775,111.94593039583332
0.0,-1.0,0.0,0.16752585416668353,111.94593039583332,112.11345625
0.0,66.0,86.0,0.141752645833326,112.11345625,112.25520889583332
0.0,-1.0,0.0,0.16752585416668353,112.25520889583332,112.42273475
0.0,65.0,100.0,0.1192010885416696,112.42273475,112.54193583854168
0.0,-1.0,0.0,1.2725521614583215,112.54193583854168,113.814488
0.0,66.0,88.0,0.1997423645833293,113.814488,114.01423036458333
0.0,74.0,75.0,0.1932990624999888,113.96912725,114.1624263125
0.0,66.0,67.0,0.0773196250000012,114.1237665,114.201086125
0.0,59.0,72.0,0.2577320833333232,113.96912725,114.22685933333332
0.0,-1.0,0.0,0.051546416666681694,114.22685933333332,114.27840575
0.0,64.0,86.0,0.1632303194444517,114.27840575,114.44163606944446
0.0,-1.0,0.0,0.14604818055553892,114.44163606944446,114.58768425
0.0,74.0,102.0,0.1804124583333362,114.58768425,114.76809670833332
0.0,71.0,44.0,0.0579897187499938,114.7423235,114.80031321875
0.0,59.0,92.0,0.23840217708333,114.58768425,114.82608642708333
0.0,-1.0,0.0,0.0708763229166749,114.82608642708333,114.89696275
0.0,66.0,90.0,0.1739691562499908,114.89696275,115.07093190625
0.0,-1.0,0.0,0.13530934375000925,115.07093190625,115.20624125
0.0,66.0,84.0,0.2126289687500033,115.20624125,115.41887021875002
0.0,66.0,89.0,0.0837629270833275,115.3608805,115.44464342708332
0.0,-1.0,0.0,0.0708763229166749,115.44464342708332,115.51551975
0.0,67.0,82.0,0.1675258541666645,115.51551975,115.68304560416668
0.0,-1.0,0.0,0.14175264583332137,115.68304560416668,115.82479825
0.0,66.0,91.0,0.2126289687499891,115.82479825,116.03742721875
0.0,66.0,97.0,0.0773196250000083,115.9794375,116.056757125
0.0,-1.0,0.0,0.07731962500000122,116.056757125,116.13407675
0.0,67.0,102.0,0.0386598125000006,116.13407675,116.1727365625
0.0,-1.0,0.0,0.2706186874999901,116.1727365625,116.44335525
0.0,49.0,116.0,0.1417526458333355,116.44335525,116.58510789583332
0.0,-1.0,0.0,0.16752585416668353,116.58510789583332,116.75263375
0.0,49.0,107.0,0.1385309947916723,116.75263375,116.89116474479168
0.0,-1.0,0.0,0.17074750520832538,116.89116474479168,117.06191225
0.0,49.0,113.0,0.1320876927083389,117.06191225,117.19399994270834
0.0,-1.0,0.0,0.1771908072916517,117.19399994270834,117.37119075
0.0,49.0,120.0,0.1288660416666687,117.37119075,117.50005679166668
0.0,-1.0,0.0,1.262887208333325,117.50005679166668,118.762944
0.0,66.0,67.0,0.2190722708333367,118.762944,118.98201627083334
0.0,66.0,75.0,0.209407317708333,118.91758325,119.12699056770832
0.0,66.0,83.0,0.0902062291666681,119.0722225,119.16242872916666
0.0,-1.0,0.0,0.06443302083333435,119.16242872916666,119.22686175
0.0,66.0,88.0,0.1975945972222206,119.22686175,119.42445634722222
0.0,-1.0,0.0,0.11168390277778428,119.42445634722222,119.53614025
0.0,66.0,97.0,0.177190807291673,119.53614025,119.71333105729168
0.0,66.0,68.0,0.0676546718750046,119.6907795,119.758434171875
0.0,-1.0,0.0,0.08698457812498361,119.758434171875,119.84541874999998
0.0,66.0,75.0,0.2083334340277786,119.84541874999998,120.05375218402776
0.0,-1.0,0.0,0.1009450659722404,120.05375218402776,120.15469725
0.0,66.0,90.0,0.1739691562499956,120.15469725,120.32866640625
0.0,66.0,76.0,0.0740979739583237,120.3093365,120.38343447395832
0.0,-1.0,0.0,0.0805412760416857,120.38343447395832,120.46397575
0.0,66.0,72.0,0.2169245034722327,120.46397575,120.68090025347222
0.0,-1.0,0.0,0.09235399652777687,120.68090025347222,120.77325425
0.0,74.0,102.0,0.193299062500003,120.77325425,120.9665533125
0.0,66.0,105.0,0.1256443906249983,120.9278935,121.053537890625
0.0,-1.0,0.0,0.028994859375004012,121.053537890625,121.08253275
0.0,66.0,92.0,0.0579897187499938,121.08253275,121.14052246875
0.0,59.0,88.0,0.4188146354166662,120.77325425,121.19206888541666
0.0,-1.0,0.0,0.04510311458334115,121.19206888541666,121.237172
0.0,64.0,66.0,0.2147767361111192,121.237172,121.45194873611112
0.0,63.0,87.0,0.1997423645833436,121.39181125,121.59155361458336
0.0,63.0,95.0,0.0902062291666681,121.5464505,121.63665672916667
0.0,-1.0,0.0,0.06443302083332014,121.63665672916667,121.70108975
0.0,62.0,79.0,0.1804124583333314,121.70108975,121.88150220833332
0.0,-1.0,0.0,0.12886604166668292,121.88150220833332,122.01036825
0.0,63.0,89.0,0.1718213888888773,122.01036825,122.18218963888889
0.0,-1.0,0.0,0.13745711111111802,122.18218963888889,122.31964675
0.0,64.0,78.0,0.1890035277777854,122.31964675,122.5086502777778
0.0,-1.0,0.0,0.12027497222219097,122.5086502777778,122.62892525
0.0,63.0,87.0,0.1900774114583327,122.62892525,122.81900266145831
0.0,63.0,87.0,0.0837629270833275,122.7835645,122.86732742708332
0.0,-1.0,0.0,0.0708763229166749,122.86732742708332,122.93820375
0.0,63.0,82.0,0.19115129513888,122.93820375,123.12935504513888
0.0,-1.0,0.0,0.11812720486112482,123.12935504513888,123.24748225
0.0,63.0,83.0,0.1739691562500027,123.24748225,123.42145140625
0.0,63.0,97.0,0.0740979739583309,123.4021215,123.47621947395834
0.0,-1.0,0.0,0.08054127604165728,123.47621947395834,123.55676075
0.0,69.0,92.0,0.0515464166666674,123.55676075,123.60830716666666
0.0,-1.0,0.0,0.10309283333332075,123.60830716666666,123.71139999999998
0.0,69.0,61.0,0.1503437152777753,123.71139999999998,123.86174371527775
0.0,-1.0,0.0,0.004295534722245975,123.86174371527775,123.86603925
0.0,68.0,79.0,0.1675258541666621,123.86603925,124.03356510416666
0.0,68.0,88.0,0.0805412760416714,124.0206785,124.10121977604167
0.0,-1.0,0.0,0.07409797395834516,124.10121977604167,124.17531775000002
0.0,69.0,72.0,0.0751718576388924,124.17531775000002,124.25048960763893
0.0,-1.0,0.0,0.07946739236106737,124.25048960763893,124.329957
0.0,69.0,72.0,0.2298111076388901,124.329957,124.55976810763887
0.0,68.0,77.0,0.1836341093749993,124.48459625,124.668230359375
0.0,68.0,83.0,0.0740979739583309,124.6392355,124.71333347395831
0.0,-1.0,0.0,0.0805412760416857,124.71333347395831,124.79387475
0.0,69.0,81.0,0.221220038194436,124.79387475,125.01509478819445
0.0,-1.0,0.0,0.08805846180555932,125.01509478819445,125.10315325
0.0,68.0,85.0,0.1202749722222288,125.10315325,125.22342822222224
0.0,-1.0,0.0,0.03436427777775464,125.22342822222224,125.2577925
0.0,68.0,89.0,0.1030928333333278,125.2577925,125.36088533333331
0.0,-1.0,0.0,0.051546416666681694,125.36088533333331,125.41243175
0.0,69.0,92.0,0.0837629270833275,125.41243175,125.49619467708332
0.0,-1.0,0.0,0.0708763229166749,125.49619467708332,125.567071
0.0,67.0,72.0,0.1503437152777754,125.567071,125.71741471527776
0.0,-1.0,0.0,0.004295534722245975,125.71741471527776,125.72171025
0.0,68.0,83.0,0.2029640156250067,125.72171025,125.924674265625
0.0,68.0,92.0,0.0902062291666751,125.8763495,125.96655572916669
0.0,-1.0,0.0,0.06443302083332014,125.96655572916669,126.03098875
0.0,69.0,72.0,0.2094073177083331,126.03098875,126.24039606770832
0.0,-1.0,0.0,0.0998711822916789,126.24039606770832,126.34026725
0.0,68.0,95.0,0.1771908072916659,126.34026725,126.51745805729166
0.0,72.0,88.0,0.0708763229166606,126.4949065,126.56578282291666
0.0,-1.0,0.0,0.08376292708334176,126.56578282291666,126.64954575
0.0,67.0,71.0,0.0923539965277815,126.64954575,126.74189974652778
0.0,-1.0,0.0,0.21692450347222803,126.74189974652778,126.95882425
0.0,68.0,97.0,0.0708763229166677,126.95882425,127.02970057291668
0.0,-1.0,0.0,0.08376292708331334,127.02970057291668,127.1134635
0.0,72.0,113.0,0.0708763229166606,127.1134635,127.18433982291666
0.0,-1.0,0.0,0.08376292708334176,127.18433982291666,127.26810275
0.0,64.0,78.0,0.0869845781249978,127.26810275,127.355087328125
0.0,-1.0,0.0,0.22229392187500707,127.355087328125,127.57738125
0.0,70.0,116.0,0.0869845781250049,127.57738125,127.664365828125
0.0,-1.0,0.0,0.06765467187500462,127.664365828125,127.7320205
0.0,68.0,114.0,0.6701034166666773,127.7320205,128.40212391666668
0.0,-1.0,0.0,0.10309283333330654,128.40212391666668,128.50521675
0.0,52.0,92.0,1.0910658194444522,128.50521675,129.59628256944444
0.0,-1.0,0.0,0.14604818055553892,129.59628256944444,129.74233074999998
0.0,63.0,98.0,0.4939864930555681,129.74233074999998,130.23631724305554
0.0,-1.0,0.0,0.12457050694445115,130.23631724305554,130.36088775
0.0,59.0,93.0,0.4725088194444424,130.36088775,130.83339656944443
0.0,-1.0,0.0,0.14604818055556734,130.83339656944443,130.97944475
0.0,61.0,89.0,0.4037802638888952,130.97944475,131.3832250138889
0.0,-1.0,0.0,0.21477673611107662,131.3832250138889,131.59800174999998
0.0,58.0,90.0,0.1546392500000024,131.59800174999998,131.75264099999998
0.0,56.0,92.0,0.0708763229166748,131.75264099999998,131.82351732291664
0.0,-1.0,0.0,0.2384021770833442,131.82351732291664,132.0619195
0.0,55.0,81.0,0.9497427270833384,132.0619195,133.01166222708332
0.0,-1.0,0.0,0.5966497729166633,133.01166222708332,133.60831199999998
0.0,65.0,90.0,0.6990982760416719,133.60831199999998,134.30741027604165
0.0,-1.0,0.0,0.2287372239583476,134.30741027604165,134.5361475
0.0,64.0,80.0,1.0797133348214265,134.5361475,135.61586083482143
0.0,-1.0,0.0,0.46667916517856156,135.61586083482143,136.08254
0.0,64.0,89.0,0.7431275069444373,136.08254,136.82566750694443
0.0,-1.0,0.0,0.18470799305555374,136.82566750694443,137.01037549999998
0.0,65.0,84.0,1.030928333333346,137.01037549999998,138.04130383333333
0.0,-1.0,0.0,0.5154641666666748,138.04130383333333,138.556768
0.0,64.0,90.0,0.613954641369032,138.556768,139.17072264136905
0.0,-1.0,0.0,0.3138808586309665,139.17072264136905,139.48460350000002
0.0,64.0,90.0,1.0272464464285755,139.48460350000002,140.51184994642858
0.0,-1.0,0.0,0.5191460535714043,140.51184994642858,141.030996
0.0,68.0,98.0,0.1340206833333411,141.030996,141.1650166833333
0.0,-1.0,0.0,2.3402073166666923,141.1650166833333,143.505224
0.0,69.0,85.0,0.1847079930555537,143.505224,143.68993199305555
0.0,76.0,120.0,0.2255155729166631,143.65986325,143.88537882291666
0.0,72.0,120.0,0.1030928333333349,143.8145025,143.91759533333334
0.0,60.0,88.0,0.3608249166666724,143.65986325,144.02068816666667
0.0,64.0,102.0,0.2384021770833158,143.8145025,144.05290467708332
0.0,69.0,102.0,0.0966495312499944,143.96914175,144.06579128125
0.0,-1.0,0.0,0.0579897187499796,144.06579128125,144.12378099999998
0.0,67.0,85.0,0.1804124583333456,144.12378099999998,144.30419345833332
0.0,68.0,88.0,0.2094073177083402,144.27842024999998,144.48782756770834
0.0,68.0,108.0,0.1127577864583457,144.43305949999998,144.54581728645832
0.0,-1.0,0.0,0.04188146354167088,144.54581728645832,144.58769875
0.0,73.0,75.0,0.086984578125012,144.58769875,144.67468332812498
0.0,-1.0,0.0,0.06765467187500462,144.67468332812498,144.742338
0.0,69.0,83.0,0.1804124583333362,144.742338,144.92275045833333
0.0,76.0,102.0,0.2577320833333374,144.89697725,145.15470933333333
0.0,68.0,105.0,0.135309343749995,145.0516165,145.18692584374998
0.0,60.0,78.0,0.3092785000000049,144.89697725,145.20625575
0.0,67.0,92.0,0.1997423645833294,145.20625575,145.40599811458333
0.0,-1.0,0.0,0.1095361354166755,145.40599811458333,145.51553425
0.0,68.0,99.0,0.1718213888888821,145.51553425,145.68735563888887
0.0,-1.0,0.0,0.13745711111113224,145.68735563888887,145.82481275
0.0,69.0,79.0,0.1804124583333172,145.82481275,146.00522520833331
0.0,-1.0,0.0,0.1288660416666687,146.00522520833331,146.13409124999998
0.0,68.0,95.0,0.193299062500003,146.13409124999998,146.32739031249997
0.0,68.0,108.0,0.0805412760416714,146.2887305,146.36927177604167
0.0,-1.0,0.0,0.07409797395831674,146.36927177604167,146.44336975
0.0,67.0,91.0,0.1825602256944497,146.44336975,146.62592997569445
0.0,-1.0,0.0,0.12671827430554572,146.62592997569445,146.75264825
0.0,74.0,98.0,0.1353093437499949,146.75264825,146.88795759374997
0.0,-1.0,0.0,0.019329906250021622,146.88795759374997,146.9072875
0.0,75.0,102.0,0.0322165104166742,146.9072875,146.93950401041667
0.0,56.0,113.0,0.1932990624999888,146.75264825,146.94594731249998
0.0,-1.0,0.0,0.11597943750001605,146.94594731249998,147.06192675
0.0,69.0,94.0,0.1675258541666645,147.06192675,147.22945260416665
0.0,-1.0,0.0,0.1417526458333498,147.22945260416665,147.37120525
0.0,68.0,99.0,0.1900774114583327,147.37120525,147.56128266145834
0.0,68.0,107.0,0.0934278802083241,147.5258445,147.61927238020832
0.0,-1.0,0.0,0.06121136979166408,147.61927238020832,147.68048374999998
0.0,69.0,97.0,0.0773196250000012,147.68048374999998,147.75780337499998
0.0,-1.0,0.0,0.07731962500000122,147.75780337499998,147.83512299999998
0.0,67.0,81.0,0.1589347847222389,147.83512299999998,147.99405778472223
0.0,68.0,99.0,0.2029640156250138,147.98976224999998,148.192726265625
0.0,68.0,116.0,0.090206229166668,148.1444015,148.23460772916664
0.0,-1.0,0.0,0.06443302083334856,148.23460772916664,148.29904075
0.0,73.0,87.0,0.090206229166668,148.29904075,148.38924697916664
0.0,-1.0,0.0,0.06443302083334856,148.38924697916664,148.45368
0.0,67.0,81.0,0.1331615763888957,148.45368,148.58684157638888
0.0,-1.0,0.0,0.021477673611116188,148.58684157638888,148.60831925
0.0,67.0,76.0,0.1460481805555578,148.60831925,148.75436743055556
0.0,-1.0,0.0,0.008591069444435107,148.75436743055556,148.7629585
0.0,68.0,100.0,0.0708763229166606,148.7629585,148.83383482291666
0.0,-1.0,0.0,0.08376292708334176,148.83383482291666,148.91759775
0.0,66.0,82.0,0.1401418203124933,148.91759775,149.0577395703125
0.0,-1.0,0.0,0.16913667968751156,149.0577395703125,149.22687625
0.0,67.0,86.0,0.158934784722201,149.22687625,149.3858110347222
0.0,68.0,74.0,0.0676546718749903,149.3815155,149.44917017187498
0.0,-1.0,0.0,0.08698457812499782,149.44917017187498,149.53615474999998
0.0,68.0,81.0,0.1385309947916723,149.53615474999998,149.67468574479165
0.0,-1.0,0.0,0.170747505208368,149.67468574479165,149.84543325
0.0,70.0,71.0,0.1047036588541771,149.84543325,149.95013690885418
0.0,-1.0,0.0,0.04993559114581103,149.95013690885418,150.0000725
0.0,68.0,102.0,0.0676546718750045,150.0000725,150.067727171875
0.0,-1.0,0.0,0.08698457812499782,150.067727171875,150.15471175
0.0,66.0,70.0,0.0794673923611146,150.15471175,150.2341791423611
0.0,-1.0,0.0,0.07517185763887824,150.2341791423611,150.309351
0.0,66.0,90.0,0.2341066423611172,150.309351,150.54345764236112
0.0,60.0,88.0,0.1739691562499956,150.46399025,150.63795940625
0.0,64.0,102.0,0.0644330208333201,150.6186295,150.68306252083332
0.0,76.0,81.0,0.2319588750000036,150.46399025,150.695949125
0.0,72.0,102.0,0.0902062291666538,150.6186295,150.70883572916665
0.0,-1.0,0.0,0.06443302083334856,150.70883572916665,150.77326875
0.0,72.0,81.0,0.0998711822916646,150.77326875,150.87313993229165
0.0,-1.0,0.0,0.054768067708351964,150.87313993229165,150.927908
0.0,66.0,82.0,0.1804124583333172,150.927908,151.1083204583333
0.0,59.0,81.0,0.212628968749982,151.08254725,151.29517621875
0.0,78.0,30.0,0.0644330208333485,151.23718649999998,151.30161952083333
0.0,74.0,113.0,0.2190722708333226,151.08254725,151.30161952083333
0.0,71.0,113.0,0.0773196250000012,151.23718649999998,151.31450612499998
0.0,-1.0,0.0,0.07731962500000122,151.31450612499998,151.39182574999998
0.0,72.0,77.0,0.0612113697916782,151.39182574999998,151.45303711979165
0.0,62.0,92.0,0.2577320833333374,151.23718649999998,151.49491858333332
0.0,59.0,34.0,0.161082552083343,151.39182574999998,151.55290830208332
0.0,64.0,81.0,0.2255155729166821,151.54646499999998,151.77198057291668
0.0,66.0,76.0,0.2158506197916807,151.70110425,151.91695486979165
0.0,66.0,87.0,0.086984578125012,151.8557435,151.942728078125
0.0,-1.0,0.0,0.06765467187500462,151.942728078125,152.01038275
0.0,66.0,102.0,0.1589347847222294,152.01038275,152.1693175347222
0.0,-1.0,0.0,0.1503437152777849,152.1693175347222,152.31966125
0.0,73.0,84.0,0.1449742968750058,152.31966125,152.464635546875
0.0,-1.0,0.0,0.0096649531249966,152.464635546875,152.4743005
0.0,71.0,120.0,0.0837629270833133,152.4743005,152.5580634270833
0.0,59.0,92.0,0.2448454791666563,152.31966125,152.56450672916665
0.0,62.0,92.0,0.0966495312499944,152.4743005,152.57095003125
0.0,-1.0,0.0,0.057989718750008024,152.57095003125,152.62893975
0.0,64.0,89.0,0.1718213888888821,152.62893975,152.80076113888887
0.0,-1.0,0.0,0.13745711111113224,152.80076113888887,152.93821825
0.0,66.0,94.0,0.2029640156249854,152.93821825,153.141182265625
0.0,66.0,100.0,0.0740979739583451,153.09285749999998,153.16695547395832
0.0,-1.0,0.0,0.08054127604165728,153.16695547395832,153.24749674999998
0.0,66.0,75.0,0.0794673923611147,153.24749674999998,153.3269641423611
0.0,-1.0,0.0,0.07517185763887824,153.3269641423611,153.40213599999998
0.0,66.0,85.0,0.1696736215277875,153.40213599999998,153.57180962152776
0.0,66.0,81.0,0.1932990625000172,153.55677525,153.7500743125
0.0,71.0,113.0,0.0902062291666823,153.7114145,153.80162072916667
0.0,-1.0,0.0,0.06443302083332014,153.80162072916667,153.86605375
0.0,64.0,85.0,0.1782646909722226,153.86605375,154.0443184409722
0.0,-1.0,0.0,0.1310138090277917,154.0443184409722,154.17533225
0.0,66.0,105.0,0.165378086805551,154.17533225,154.34071033680556
0.0,61.0,53.0,0.0322165104166458,154.3299715,154.36218801041665
0.0,-1.0,0.0,0.12242273958335659,154.36218801041665,154.48461075
0.0,67.0,98.0,0.1825602256944402,154.48461075,154.66717097569443
0.0,-1.0,0.0,0.12671827430554572,154.66717097569443,154.79388924999998
0.0,66.0,102.0,0.193299062500003,154.79388924999998,154.9871883125
0.0,66.0,107.0,0.0740979739583451,154.94852849999998,155.02262647395833
0.0,-1.0,0.0,0.08054127604165728,155.02262647395833,155.10316774999998
0.0,69.0,100.0,0.1997423645833388,155.10316774999998,155.3029101145833
0.0,-1.0,0.0,0.1095361354166755,155.3029101145833,155.41244625
0.0,70.0,102.0,0.1890035277777902,155.41244625,155.6014497777778
0.0,-1.0,0.0,0.12027497222220518,155.6014497777778,155.72172475
0.0,73.0,78.0,0.1340206833333297,155.72172475,155.8557454333333
0.0,-1.0,0.0,0.1752578166666865,155.8557454333333,156.03100325
0.0,70.0,80.0,0.1417526458333308,156.03100325,156.17275589583332
0.0,-1.0,0.0,0.012886604166681082,156.17275589583332,156.1856425
0.0,70.0,111.0,0.0805412760416572,156.1856425,156.26618377604166
0.0,-1.0,0.0,0.07409797395834516,156.26618377604166,156.34028175
0.0,71.0,95.0,0.1804124583333361,156.34028175,156.52069420833334
0.0,-1.0,0.0,0.12886604166664029,156.52069420833334,156.64956024999998
0.0,69.0,94.0,0.1890035277777902,156.64956024999998,156.83856377777778
0.0,-1.0,0.0,0.12027497222220518,156.83856377777778,156.95883874999998
0.0,68.0,91.0,0.1653780868055605,156.95883874999998,157.12421683680554
0.0,-1.0,0.0,0.2985396631944468,157.12421683680554,157.4227565
0.0,65.0,81.0,0.0322165104166742,157.4227565,157.4549730104167
0.0,69.0,90.0,0.2061856666666698,157.26811725,157.47430291666666
0.0,74.0,102.0,0.0708763229166606,157.4227565,157.49363282291665
0.0,-1.0,0.0,0.08376292708334176,157.49363282291665,157.57739575
0.0,68.0,74.0,0.0751718576388876,157.57739575,157.65256760763887
0.0,-1.0,0.0,0.07946739236112421,157.65256760763887,157.732035
0.0,68.0,87.0,0.1847079930555537,157.732035,157.91674299305555
0.0,-1.0,0.0,0.12457050694445115,157.91674299305555,158.0413135
0.0,75.0,102.0,0.0322165104166458,158.0413135,158.07353001041665
0.0,69.0,70.0,0.1997423645833293,157.88667425,158.08641661458333
0.0,74.0,120.0,0.0773196250000012,158.0413135,158.118633125
0.0,-1.0,0.0,0.07731962500000122,158.118633125,158.19595275
0.0,68.0,113.0,0.0837629270833133,158.19595275,158.27971567708332
0.0,65.0,97.0,0.2512887812499969,158.0413135,158.29260228125
0.0,71.0,40.0,0.1095361354166612,158.19595275,158.30548888541665
0.0,-1.0,0.0,0.045103114583355364,158.30548888541665,158.350592
0.0,69.0,84.0,0.1696736215277591,158.350592,158.52026562152776
0.0,60.0,69.0,0.1868557604166767,158.50523124999998,158.69208701041666
0.0,72.0,113.0,0.1095361354166755,158.65987049999998,158.76940663541666
0.0,76.0,97.0,0.2641753854166779,158.50523124999998,158.76940663541666
0.0,64.0,92.0,0.2255155729166631,158.65987049999998,158.88538607291665
0.0,64.0,71.0,0.0869845781249977,158.81450974999998,158.90149432812498
0.0,-1.0,0.0,0.06765467187500462,158.90149432812498,158.969149
0.0,67.0,83.0,0.1975945972222253,158.969149,159.16674359722222
0.0,68.0,84.0,0.2190722708333367,159.12378825,159.3428605208333
0.0,68.0,91.0,0.0837629270833417,159.2784275,159.36219042708333
0.0,-1.0,0.0,0.07087632291666068,159.36219042708333,159.43306675
0.0,69.0,89.0,0.1825602256944497,159.43306675,159.61562697569445
0.0,-1.0,0.0,0.12671827430554572,159.61562697569445,159.74234525
0.0,64.0,76.0,0.0740979739583309,159.74234525,159.81644322395832
0.0,-1.0,0.0,0.0805412760416857,159.81644322395832,159.8969845
0.0,64.0,81.0,0.0579897187499796,159.8969845,159.95497421874998
0.0,76.0,113.0,0.2190722708333226,159.74234525,159.96141752083332
0.0,72.0,102.0,0.1159794374999876,159.8969845,160.0129639375
0.0,-1.0,0.0,0.03865981250001482,160.0129639375,160.05162375
0.0,67.0,86.0,0.169673621527759,160.05162375,160.22129737152775
0.0,-1.0,0.0,0.1396048784722268,160.22129737152775,160.36090224999998
0.0,68.0,102.0,0.1353093437500092,160.36090224999998,160.49621159375
0.0,-1.0,0.0,0.17396915624999565,160.49621159375,160.67018075
0.0,69.0,87.0,0.1932990625000077,160.67018075,160.8634798125
0.0,-1.0,0.0,0.11597943749998763,160.8634798125,160.97945925
0.0,68.0,82.0,0.1396048784722172,160.97945925,161.11906412847222
0.0,-1.0,0.0,0.015034371527775647,161.11906412847222,161.1340985
0.0,68.0,105.0,0.0966495312500086,161.1340985,161.23074803125
0.0,-1.0,0.0,0.057989718750008024,161.23074803125,161.28873775
0.0,64.0,62.0,0.0773196250000011,161.28873775,161.366057375
0.0,-1.0,0.0,0.07731962500000122,161.366057375,161.443377
0.0,67.0,81.0,0.1696736215277685,161.443377,161.61305062152778
0.0,68.0,72.0,0.1900774114583327,161.59801625,161.78809366145833
0.0,68.0,90.0,0.0805412760416572,161.7526555,161.83319677604166
0.0,-1.0,0.0,0.07409797395834516,161.83319677604166,161.90729475
0.0,69.0,90.0,0.1997423645833199,161.90729475,162.1070371145833
0.0,-1.0,0.0,0.1095361354166755,162.1070371145833,162.21657324999998
0.0,64.0,73.0,0.0740979739583451,162.21657324999998,162.29067122395833
0.0,-1.0,0.0,0.08054127604165728,162.29067122395833,162.37121249999998
0.0,64.0,92.0,0.057989718750008,162.37121249999998,162.42920221875
0.0,76.0,113.0,0.2126289687500104,162.21657324999998,162.42920221875
0.0,72.0,102.0,0.0902062291666823,162.37121249999998,162.46141872916667
0.0,-1.0,0.0,0.06443302083332014,162.46141872916667,162.52585175
0.0,67.0,85.0,0.1890035277777901,162.52585175,162.7148552777778
0.0,-1.0,0.0,0.12027497222220518,162.7148552777778,162.83513025
0.0,68.0,105.0,0.1771908072916659,162.83513025,163.01232105729164
0.0,68.0,99.0,0.0708763229166748,162.9897695,163.06064582291663
0.0,-1.0,0.0,0.08376292708337019,163.06064582291663,163.14440875
0.0,67.0,102.0,0.0966495312499944,163.14440875,163.24105828125
0.0,-1.0,0.0,0.057989718750008024,163.24105828125,163.299048
0.0,57.0,91.0,0.4845363166666573,163.299048,163.78358431666666
0.0,-1.0,0.0,0.28865993333332085,163.78358431666666,164.07224424999998
0.0,51.0,108.0,0.0837629270833417,164.07224424999998,164.15600717708332
0.0,-1.0,0.0,0.22551557291666313,164.15600717708332,164.38152275
0.0,58.0,97.0,0.0966495312500086,164.38152275,164.47817228124998
0.0,-1.0,0.0,0.057989718750008024,164.47817228124998,164.536162
0.0,44.0,92.0,0.6572168125000104,164.536162,165.1933788125
0.0,-1.0,0.0,0.11597943750001605,165.1933788125,165.30935825
0.0,51.0,111.0,0.106314484374991,165.30935825,165.415672734375
0.0,-1.0,0.0,0.20296401562498545,165.415672734375,165.61863674999998
0.0,56.0,105.0,0.086984578125012,165.61863674999998,165.70562132812498
0.0,-1.0,0.0,0.06765467187500462,165.70562132812498,165.77327599999998
0.0,78.0,67.0,0.1546392500000024,165.77327599999998,165.92791524999998
0.0,54.0,84.0,0.1739691562499956,165.78616260416666,165.96013176041666
0.0,66.0,92.0,0.2319588750000036,165.77971930208332,166.01167817708333
0.0,74.0,102.0,0.2061856666666699,165.91502864583333,166.1212143125
0.0,59.0,88.0,0.219072270833351,165.95368845833332,166.17276072916667
0.0,71.0,102.0,0.0966495312499944,166.0825545,166.17920403124998
0.0,62.0,92.0,0.0902062291666823,166.10188440624998,166.19209063541666
0.0,-1.0,0.0,0.07087632291666068,166.19209063541666,166.26296695833332
0.0,64.0,97.0,0.1417526458333213,166.26296695833332,166.40471960416664
0.0,76.0,78.0,0.1675258541666835,166.25652365624998,166.4240495104167
0.0,52.0,81.0,0.1932990624999888,166.26941026041666,166.46270932291665
0.0,-1.0,0.0,0.07731962500000122,166.46270932291665,166.54002894791665
0.0,74.0,97.0,0.1224227395833281,166.54002894791665,166.66245168749998
0.0,59.0,92.0,0.1997423645833294,166.55291555208333,166.75265791666666
0.0,62.0,78.0,0.0708763229166891,166.68822489583332,166.75910121875
0.0,71.0,57.0,0.0773196250000012,166.7011115,166.778431125
0.0,-1.0,0.0,0.07731962500000122,166.778431125,166.85575075
0.0,78.0,92.0,0.1610825520833145,166.85575075,167.0168333020833
0.0,54.0,92.0,0.1546392500000024,166.87508065625,167.02971990625
0.0,66.0,113.0,0.1868557604166767,166.8621940520833,167.0490498125
0.0,-1.0,0.0,0.1095361354166755,167.0490498125,167.15858594791666
0.0,74.0,75.0,0.1739691562499956,167.15858594791666,167.33255510416666
0.0,59.0,61.0,0.2061856666666699,167.14569934374998,167.35188501041665
0.0,62.0,75.0,0.0515464166666674,167.30033859374998,167.35188501041665
0.0,71.0,102.0,0.0708763229166606,167.30678189583332,167.37765821875
0.0,-1.0,0.0,0.10309283333330654,167.37765821875,167.48075105208332
0.0,64.0,97.0,0.1224227395833281,167.48075105208332,167.60317379166665
0.0,76.0,88.0,0.1417526458333498,167.47430774999998,167.61606039583333
0.0,52.0,81.0,0.1932990624999888,167.48719435416666,167.68049341666665
0.0,-1.0,0.0,0.09664953124999442,167.68049341666665,167.77714294791664
0.0,57.0,57.0,0.1288660416666687,167.77714294791664,167.9060089895833
0.0,66.0,75.0,0.1804124583333219,167.77069964583333,167.95111210416664
0.0,71.0,120.0,0.0902062291666823,167.9382255,168.02843172916667
0.0,-1.0,0.0,0.09020622916665388,168.02843172916667,168.11863795833332
0.0,78.0,46.0,0.0515464166666674,168.11863795833332,168.170184375
0.0,66.0,102.0,0.0644330208333485,168.11219465624998,168.17662767708333
0.0,-1.0,0.0,0.0902062291666823,168.17662767708333,168.26683390625
0.0,54.0,92.0,0.1353093437500092,168.26683390625,168.40214325000002
0.0,78.0,54.0,0.161082552083343,168.27327720833333,168.43435976041667
0.0,-1.0,0.0,0.006443302083312119,168.43435976041667,168.44080306249998
0.0,59.0,63.0,0.161082552083343,168.44080306249998,168.60188561458332
0.0,66.0,113.0,0.3350517083333386,168.27972051041667,168.61477221875
0.0,74.0,113.0,0.212628968749982,168.40858655208334,168.62121552083332
0.0,62.0,88.0,0.0773196249999728,168.56322580208334,168.6405454270833
0.0,71.0,102.0,0.0837629270833133,168.58255570833333,168.66631863541664
0.0,-1.0,0.0,0.0708763229166891,168.66631863541664,168.73719495833333
0.0,66.0,102.0,0.2255155729166631,168.73719495833333,168.96271053125
0.0,66.0,88.0,0.2384021770833442,168.73075165625,168.96915383333334
0.0,-1.0,0.0,0.04510311458332694,168.96915383333334,169.01425694791666
0.0,74.0,81.0,0.212628968749982,169.01425694791666,169.22688591666665
0.0,59.0,88.0,0.2448454791666563,169.00781364583332,169.25265912499998
0.0,71.0,92.0,0.1095361354166755,169.15600959375,169.2655457291667
0.0,-1.0,0.0,0.10309283333330654,169.2655457291667,169.3686385625
0.0,55.0,78.0,0.0644330208333201,169.3686385625,169.43307158333332
0.0,69.0,120.0,0.1224227395833565,169.35575195833331,169.47817469791667
0.0,57.0,88.0,0.1353093437500092,169.36219526041666,169.49750460416666
0.0,-1.0,0.0,0.1675258541666551,169.49750460416666,169.66503045833332
0.0,56.0,113.0,0.6443302083333435,169.66503045833332,170.30936066666666
0.0,68.0,127.0,0.6507735104166841,169.65858715624998,170.30936066666666
0.0,-1.0,0.0,0.41237133333333986,170.30936066666666,170.721732
0.0,69.0,84.0,0.1890035277777712,170.721732,170.91073552777775
0.0,76.0,102.0,0.2384021770833442,170.87637124999998,171.11477342708332
0.0,72.0,113.0,0.115979437500016,171.03101049999998,171.1469899375
0.0,60.0,88.0,0.2706186875000185,170.87637124999998,171.1469899375
0.0,64.0,97.0,0.1353093437500092,171.03101049999998,171.16631984375
0.0,-1.0,0.0,0.01932990624996478,171.16631984375,171.18564974999995
0.0,67.0,96.0,0.1997423645833482,171.18564974999995,171.3853921145833
0.0,-1.0,0.0,0.10953613541670393,171.3853921145833,171.49492825000002
0.0,68.0,105.0,0.167525854166674,171.49492825000002,171.6624541041667
0.0,-1.0,0.0,0.14175264583326452,171.6624541041667,171.80420674999996
0.0,69.0,95.0,0.2040378993055564,171.80420674999996,172.0082446493055
0.0,-1.0,0.0,0.10524060069448637,172.0082446493055,172.11348525
0.0,76.0,113.0,0.1739691562499956,172.11348525,172.28745440625
0.0,68.0,105.0,0.0902062291666538,172.2681245,172.35833072916665
0.0,60.0,102.0,0.2770619895833306,172.11348525,172.39054723958333
0.0,-1.0,0.0,0.03221651041664586,172.39054723958333,172.42276374999997
0.0,67.0,95.0,0.1890035277777713,172.42276374999997,172.61176727777774
0.0,-1.0,0.0,0.1202749722222336,172.61176727777774,172.73204224999998
0.0,74.0,109.0,0.1385309947916795,172.73204224999998,172.87057324479164
0.0,-1.0,0.0,0.01610825520833714,172.87057324479164,172.88668149999998
0.0,68.0,69.0,0.0322165104166742,172.88668149999998,172.91889801041663
0.0,56.0,113.0,0.1932990625000172,172.73204224999998,172.9253413125
0.0,-1.0,0.0,0.11597943749998763,172.9253413125,173.04132074999998
0.0,69.0,97.0,0.1890035277777807,173.04132074999998,173.23032427777775
0.0,-1.0,0.0,0.1202749722222336,173.23032427777775,173.35059925
0.0,68.0,111.0,0.1965207135416732,173.35059925,173.54711996354166
0.0,68.0,102.0,0.0998711822916646,173.5052385,173.60510968229164
0.0,-1.0,0.0,0.054768067708351964,173.60510968229164,173.65987775
0.0,64.0,72.0,0.0773196250000012,173.65987775,173.737197375
0.0,-1.0,0.0,0.07731962500000122,173.737197375,173.814517
0.0,67.0,88.0,0.1589347847222199,173.814517,173.97345178472222
0.0,60.0,78.0,0.2190722708333226,173.96915625,174.18822852083332
0.0,64.0,92.0,0.0708763229166606,174.1237955,174.19467182291666
0.0,76.0,92.0,0.2512887812499969,173.96915625,174.22044503125
0.0,72.0,120.0,0.0966495312499944,174.1237955,174.22044503125
0.0,-1.0,0.0,0.057989718750008024,174.22044503125,174.27843475
0.0,69.0,93.0,0.1868557604166577,174.27843475,174.46529051041665
0.0,-1.0,0.0,0.12242273958332817,174.46529051041665,174.58771324999998
0.0,68.0,90.0,0.1524914826389078,174.58771324999998,174.7402047326389
0.0,-1.0,0.0,0.002147767361094566,174.7402047326389,174.74235249999998
0.0,68.0,102.0,0.0805412760416856,174.74235249999998,174.82289377604167
0.0,-1.0,0.0,0.07409797395831674,174.82289377604167,174.89699174999998
0.0,67.0,95.0,0.1932990625000077,174.89699174999998,175.0902908125
0.0,-1.0,0.0,0.11597943749998763,175.0902908125,175.20627025
0.0,68.0,103.0,0.1481959479166713,175.20627025,175.35446619791665
0.0,-1.0,0.0,0.161082552083343,175.35446619791665,175.51554875
0.0,66.0,90.0,0.1659150286458341,175.51554875,175.68146377864582
0.0,-1.0,0.0,0.14336347135417782,175.68146377864582,175.82482725
0.0,77.0,97.0,0.0451031145833269,175.82482725,175.86993036458333
0.0,-1.0,0.0,0.1095361354166755,175.86993036458333,175.9794665
0.0,64.0,88.0,0.0579897187499796,175.9794665,176.03745621874998
0.0,68.0,105.0,0.212628968749982,175.82482725,176.03745621874998
0.0,72.0,113.0,0.0966495312499944,175.9794665,176.07611603125
0.0,-1.0,0.0,0.057989718750008024,176.07611603125,176.13410575
0.0,67.0,96.0,0.1954468298611023,176.13410575,176.32955257986112
0.0,-1.0,0.0,0.11383167013886464,176.32955257986112,176.44338424999998
0.0,67.0,102.0,0.1932990625000172,176.44338424999998,176.6366833125
0.0,-1.0,0.0,0.11597943749998763,176.6366833125,176.75266274999998
0.0,66.0,103.0,0.1782646909722321,176.75266274999998,176.93092744097223
0.0,-1.0,0.0,0.13101380902776327,176.93092744097223,177.06194125
0.0,68.0,95.0,0.1739691562500098,177.06194125,177.23591040625
0.0,68.0,92.0,0.0644330208333343,177.2165805,177.2810135208333
0.0,-1.0,0.0,0.0902062291666823,177.2810135208333,177.37121975
0.0,66.0,78.0,0.0945017638888903,177.37121975,177.4657215138889
0.0,-1.0,0.0,0.06013748611110259,177.4657215138889,177.525859
0.0,78.0,67.0,0.1868557604166483,177.525859,177.71271476041665
0.0,78.0,45.0,0.0322165104166458,177.68049825,177.71271476041665
0.0,60.0,93.0,0.2609537343749935,177.525859,177.786812734375
0.0,76.0,65.0,0.1868557604166483,177.68049825,177.86735401041665
0.0,72.0,92.0,0.0579897187499796,177.8351375,177.89312721874998
0.0,60.0,72.0,0.2190722708333226,177.68049825,177.89957052083332
0.0,-1.0,0.0,0.0902062291666823,177.89957052083332,177.98977675
0.0,66.0,92.0,0.22336780555554,177.98977675,178.21314455555554
0.0,-1.0,0.0,0.08591069444443633,178.21314455555554,178.29905524999998
0.0,66.0,94.0,0.1965207135416732,178.29905524999998,178.49557596354165
0.0,66.0,105.0,0.0837629270833417,178.45369449999998,178.53745742708333
0.0,-1.0,0.0,0.0708763229166891,178.53745742708333,178.60833375
0.0,67.0,69.0,0.1030928333333444,178.60833375,178.71142658333335
0.0,-1.0,0.0,0.05154641666663906,178.71142658333335,178.762973
0.0,64.0,90.0,0.1997423645833388,178.762973,178.96271536458332
0.0,-1.0,0.0,0.1095361354166755,178.96271536458332,179.0722515
0.0,70.0,54.0,0.0322165104166742,179.0722515,179.10446801041667
0.0,74.0,92.0,0.2061856666666699,178.91761225,179.12379791666666
0.0,71.0,97.0,0.0902062291666538,179.0722515,179.16245772916665
0.0,59.0,81.0,0.2577320833333374,178.91761225,179.17534433333333
0.0,-1.0,0.0,0.051546416666695904,179.17534433333333,179.22689075000002
0.0,66.0,95.0,0.1567870173611064,179.22689075000002,179.38367776736112
0.0,-1.0,0.0,0.15249148263887946,179.38367776736112,179.53616925
0.0,74.0,88.0,0.1997423645833294,179.53616925,179.73591161458333
0.0,62.0,75.0,0.0644330208333201,179.6908085,179.75524152083332
0.0,59.0,92.0,0.2448454791666563,179.53616925,179.78101472916666
0.0,71.0,97.0,0.0902062291666538,179.6908085,179.78101472916666
0.0,-1.0,0.0,0.06443302083332014,179.78101472916666,179.84544774999998
0.0,66.0,79.0,0.1514175989583534,179.84544774999998,179.99686534895832
0.0,-1.0,0.0,0.15786090104168693,179.99686534895832,180.15472625
0.0,74.0,120.0,0.1804124583333362,180.15472625,180.33513870833332
0.0,71.0,88.0,0.1030928333333349,180.3093655,180.41245833333332
0.0,59.0,92.0,0.3028351979166643,180.15472625,180.45756144791667
0.0,-1.0,0.0,0.006443302083312119,180.45756144791667,180.46400475
0.0,66.0,78.0,0.0708763229166701,180.46400475,180.53488107291665
0.0,-1.0,0.0,0.08376292708334176,180.53488107291665,180.618644
0.0,66.0,82.0,0.1546392499999929,180.618644,180.77328325
0.0,66.0,88.0,0.1932990624999888,180.77328325,180.9665823125
0.0,66.0,97.0,0.0805412760416714,180.9279225,181.00846377604165
0.0,-1.0,0.0,0.07409797395834516,181.00846377604165,181.08256175
0.0,66.0,99.0,0.163230319444447,181.08256175,181.24579206944443
0.0,-1.0,0.0,0.14604818055556734,181.24579206944443,181.39184025
0.0,66.0,97.0,0.1997423645833293,181.39184025,181.59158261458333
0.0,66.0,105.0,0.0869845781249835,181.5464795,181.63346407812497
0.0,-1.0,0.0,0.06765467187503305,181.63346407812497,181.70111875
0.0,67.0,93.0,0.1932990625000077,181.70111875,181.8944178125
0.0,-1.0,0.0,0.11597943750001605,181.8944178125,182.01039725
0.0,66.0,108.0,0.1836341093750064,182.01039725,182.194031359375
0.0,66.0,111.0,0.0805412760416714,182.1650365,182.24557777604167
0.0,-1.0,0.0,0.07409797395831674,182.24557777604167,182.31967575
0.0,69.0,98.0,0.1954468298611212,182.31967575,182.5151225798611
0.0,-1.0,0.0,0.11383167013889306,182.5151225798611,182.62895425
0.0,70.0,108.0,0.1739691562499956,182.62895425,182.80292340625
0.0,-1.0,0.0,0.13530934375000925,182.80292340625,182.93823275
0.0,73.0,81.0,0.1465851223958267,182.93823275,183.08481787239583
0.0,-1.0,0.0,0.16269337760417102,183.08481787239583,183.24751125
0.0,70.0,112.0,0.1900774114583185,183.24751125,183.4375886614583
0.0,70.0,111.0,0.0676546718750046,183.4021505,183.469805171875
0.0,-1.0,0.0,0.08698457812499782,183.469805171875,183.55678975
0.0,71.0,94.0,0.1911512951389037,183.55678975,183.7479410451389
0.0,-1.0,0.0,0.11812720486111061,183.7479410451389,183.86606825
0.0,69.0,102.0,0.2040378993055564,183.86606825,184.0701061493056
0.0,-1.0,0.0,0.10524060069440111,184.0701061493056,184.17534675
0.0,72.0,90.0,0.1353093437500035,184.17534675,184.31065609375
0.0,-1.0,0.0,0.17396915624999565,184.31065609375,184.48462525
0.0,62.0,92.0,0.1868557604166767,184.48462525,184.67148101041667
0.0,69.0,100.0,0.0676546718749903,184.6392645,184.70691917187497
0.0,77.0,88.0,0.2384021770833442,184.48462525,184.7230274270833
0.0,-1.0,0.0,0.0708763229166891,184.7230274270833,184.79390375
0.0,68.0,83.0,0.0880584618055498,184.79390375,184.8819622118056
0.0,-1.0,0.0,0.06658078819441471,184.8819622118056,184.948543
0.0,68.0,92.0,0.1610825520833239,184.948543,185.1096255520833
0.0,62.0,92.0,0.1868557604166483,185.10318225,185.29003801041665
0.0,74.0,106.0,0.0547680677083519,185.2578215,185.3125895677084
0.0,77.0,102.0,0.2448454791666563,185.10318225,185.34802772916663
0.0,65.0,113.0,0.1095361354166755,185.2578215,185.36735763541668
0.0,-1.0,0.0,0.04510311458332694,185.36735763541668,185.41246075
0.0,70.0,70.0,0.1116839027777889,185.41246075,185.5241446527778
0.0,-1.0,0.0,0.042955347222203955,185.5241446527778,185.5671
0.0,71.0,71.0,0.1900774114583469,185.5671,185.75717741145837
0.0,76.0,97.0,0.2126289687500104,185.72173925,185.93436821875
0.0,66.0,74.0,0.1320876927083389,185.8763785,186.0084661927083
0.0,-1.0,0.0,0.022551557291677682,186.0084661927083,186.03101775
0.0,69.0,73.0,0.148195947916669,186.03101775,186.17921369791665
0.0,-1.0,0.0,0.161082552083343,186.17921369791665,186.34029625
0.0,68.0,102.0,0.2061856666666557,186.34029625,186.54648191666664
0.0,68.0,95.0,0.0773196249999869,186.4949355,186.572255125
0.0,-1.0,0.0,0.07731962500000122,186.572255125,186.64957475
0.0,57.0,92.0,0.1546392500000024,186.64957475,186.804214
0.0,60.0,48.0,0.0322165104166458,186.804214,186.83643051041665
0.0,75.0,97.0,0.212628968749982,186.64957475,186.86220371875
0.0,-1.0,0.0,0.09664953125002285,186.86220371875,186.95885325000003
0.0,71.0,87.0,0.1396048784722078,186.95885325000003,187.09845812847223
0.0,-1.0,0.0,0.015034371527775647,187.09845812847223,187.1134925
0.0,68.0,102.0,0.0902062291666822,187.1134925,187.2036987291667
0.0,-1.0,0.0,0.06443302083332014,187.2036987291667,187.26813175
0.0,69.0,97.0,0.1030928333333349,187.26813175,187.37122458333332
0.0,-1.0,0.0,0.051546416666695904,187.37122458333332,187.422771
0.0,67.0,85.0,0.1653780868055605,187.422771,187.5881490868056
0.0,68.0,84.0,0.2126289687499962,187.57741025,187.79003921875
0.0,68.0,91.0,0.0837629270833417,187.7320495,187.81581242708333
0.0,-1.0,0.0,0.07087632291666068,187.81581242708333,187.88668875
0.0,69.0,87.0,0.1975945972222158,187.88668875,188.0842833472222
0.0,-1.0,0.0,0.1116839027777985,188.0842833472222,188.19596725
0.0,68.0,97.0,0.1997423645833293,188.19596725,188.39570961458327
0.0,68.0,90.0,0.0902062291666538,188.3506065,188.44081272916665
0.0,-1.0,0.0,0.06443302083334856,188.44081272916665,188.50524575
0.0,67.0,84.0,0.1718213888888821,188.50524575,188.67706713888887
0.0,-1.0,0.0,0.13745711111113224,188.67706713888887,188.81452425
0.0,60.0,78.0,0.1868557604166767,188.81452425,189.00138001041668
0.0,64.0,88.0,0.0386598125000148,188.9691635,189.0078233125
0.0,76.0,102.0,0.2061856666666699,188.81452425,189.02070991666668
0.0,72.0,102.0,0.0837629270833417,188.9691635,189.05292642708332
0.0,-1.0,0.0,0.0708763229166891,189.05292642708332,189.12380275
0.0,69.0,86.0,0.1847079930555632,189.12380275,189.3085107430556
0.0,-1.0,0.0,0.12457050694439431,189.3085107430556,189.43308125
0.0,68.0,102.0,0.1965207135416732,189.43308125,189.6296019635417
0.0,68.0,97.0,0.0805412760416572,189.5877205,189.66826177604165
0.0,-1.0,0.0,0.07409797395834516,189.66826177604165,189.74235975
0.0,67.0,76.0,0.0708763229166606,189.74235975,189.81323607291665
0.0,-1.0,0.0,0.08376292708334176,189.81323607291665,189.896999
0.0,67.0,72.0,0.1449742968750058,189.896999,190.041973296875
0.0,-1.0,0.0,0.0096649531249966,190.041973296875,190.05163825
0.0,76.0,97.0,0.1610825520833145,190.05163825,190.2127208020833
0.0,67.0,88.0,0.3608249166666724,189.896999,190.25782391666667
0.0,68.0,89.0,0.0805412760416572,190.2062775,190.28681877604168
0.0,-1.0,0.0,0.07409797395831674,190.28681877604168,190.36091675
0.0,78.0,78.0,0.0322165104166458,190.36091675,190.39313326041665
0.0,60.0,75.0,0.3479383124999913,190.05163825,190.3995765625
0.0,60.0,65.0,0.0579897187499938,190.36091675,190.41890646875
0.0,-1.0,0.0,0.09664953124999442,190.41890646875,190.515556
0.0,66.0,68.0,0.2319588749999752,190.515556,190.74751487499995
0.0,68.0,72.0,0.1836341093750064,190.67019525,190.85382935937503
0.0,68.0,84.0,0.0612113697916782,190.8248345,190.88604586979167
0.0,-1.0,0.0,0.09342788020833837,190.88604586979167,190.97947375
0.0,65.0,71.0,0.1417526458333426,190.97947375,191.12122639583336
0.0,-1.0,0.0,0.1675258541666267,191.12122639583336,191.28875225
0.0,66.0,86.0,0.1417526458333403,191.28875225,191.4305048958333
0.0,-1.0,0.0,0.16752585416668353,191.4305048958333,191.59803075
0.0,65.0,100.0,0.1192010885416578,191.59803075,191.71723183854164
0.0,-1.0,0.0,1.27255216145835,191.71723183854164,192.989784
0.0,66.0,88.0,0.1997423645833388,192.989784,193.1895263645833
0.0,74.0,75.0,0.1932990624999888,193.14442325,193.3377223125
0.0,66.0,67.0,0.0773196249999869,193.2990625,193.376382125
0.0,59.0,72.0,0.2577320833333374,193.14442325,193.40215533333333
0.0,-1.0,0.0,0.05154641666666748,193.40215533333333,193.45370175
0.0,64.0,86.0,0.163230319444447,193.45370175,193.6169320694445
0.0,-1.0,0.0,0.1460481805555105,193.6169320694445,193.76298025
0.0,74.0,102.0,0.1804124583333362,193.76298025,193.9433927083333
0.0,71.0,44.0,0.0579897187499796,193.9176195,193.97560921875
0.0,59.0,92.0,0.2384021770833158,193.76298025,194.0013824270833
0.0,-1.0,0.0,0.07087632291671753,194.0013824270833,194.07225875000003
0.0,66.0,90.0,0.1739691562499766,194.07225875000003,194.24622790625
0.0,-1.0,0.0,0.13530934375000925,194.24622790625,194.38153725
0.0,66.0,84.0,0.2126289687500104,194.38153725,194.59416621875
0.0,66.0,89.0,0.0837629270833417,194.5361765,194.61993942708332
0.0,-1.0,0.0,0.07087632291671753,194.61993942708332,194.69081575000004
0.0,67.0,82.0,0.167525854166674,194.69081575000004,194.85834160416672
0.0,-1.0,0.0,0.14175264583326452,194.85834160416672,195.00009425
0.0,66.0,91.0,0.2126289687499962,195.00009425,195.21272321875
0.0,66.0,97.0,0.0773196250000011,195.1547335,195.232053125
0.0,-1.0,0.0,0.07731962500000122,195.232053125,195.30937275
0.0,67.0,102.0,0.0386598124999864,195.30937275,195.3480325625
0.0,-1.0,0.0,2.590207437500027,195.3480325625,197.93824000000004
0.0,69.0,94.0,0.214776736111124,197.93824000000004,198.1530167361112
0.0,68.0,94.0,0.1804124583333362,198.09287925,198.27329170833332
0.0,68.0,102.0,0.0579897187499937,198.2475185,198.30550821875
0.0,-1.0,0.0,0.09664953124999442,198.30550821875,198.40215775
0.0,67.0,92.0,0.1782646909722226,198.40215775,198.5804224409722
0.0,-1.0,0.0,0.1310138090277917,198.5804224409722,198.71143625
0.0,68.0,111.0,0.1997423645833293,198.71143625,198.9111786145833
0.0,68.0,97.0,0.0773196250000011,198.8660755,198.943395125
0.0,-1.0,0.0,0.07731962500000122,198.943395125,199.02071475
0.0,70.0,74.0,0.154639249999991,199.02071475,199.175354
0.0,-1.0,0.0,0.15463925000000245,199.175354,199.32999325
0.0,70.0,91.0,0.1175902630208227,199.32999325,199.4475835130208
0.0,-1.0,0.0,0.037048986979215215,199.4475835130208,199.4846325
0.0,68.0,105.0,0.0837629270833133,199.4846325,199.5683954270833
0.0,-1.0,0.0,0.07087632291671753,199.5683954270833,199.63927175
0.0,69.0,89.0,0.1237114000000189,199.63927175,199.76298315000005
0.0,-1.0,0.0,0.18556709999995746,199.76298315000005,199.94855025
0.0,73.0,77.0,0.0880584618055498,199.94855025,200.0366087118056
0.0,-1.0,0.0,0.06658078819441471,200.0366087118056,200.1031895
0.0,64.0,97.0,0.0322165104166742,200.1031895,200.1354060104167
0.0,60.0,102.0,0.1997423645833294,199.94855025,200.1482926145833
0.0,72.0,69.0,0.0837629270833417,200.1031895,200.18695242708336
0.0,-1.0,0.0,0.07087632291663226,200.18695242708336,200.25782875
0.0,66.0,74.0,0.066580788194443,200.25782875,200.3244095381944
0.0,-1.0,0.0,0.08805846180558774,200.3244095381944,200.412468
0.0,66.0,87.0,0.1868557604166767,200.412468,200.59932376041667
0.0,66.0,91.0,0.1965207135416733,200.56710725,200.7636279635417
0.0,66.0,94.0,0.0805412760416714,200.7217465,200.80228777604165
0.0,-1.0,0.0,0.07409797395834516,200.80228777604165,200.87638575
0.0,66.0,78.0,0.1272552161458193,200.87638575,201.0036409661458
0.0,-1.0,0.0,0.18202328385419264,201.0036409661458,201.18566425
0.0,66.0,97.0,0.1804124583333219,201.18566425,201.3660767083333
0.0,66.0,105.0,0.0708763229166748,201.3403035,201.4111798229167
0.0,-1.0,0.0,0.08376292708331334,201.4111798229167,201.49494275
0.0,69.0,86.0,0.0515464166666769,201.49494275,201.54648916666665
0.0,-1.0,0.0,0.10309283333336339,201.54648916666665,201.649582
0.0,69.0,89.0,0.1245705069444605,201.649582,201.7741525069445
0.0,-1.0,0.0,0.030068743055522873,201.7741525069445,201.80422125
0.0,69.0,95.0,0.2029640156249996,201.80422125,202.00718526562505
0.0,69.0,112.0,0.086984578125012,201.9588605,202.04584507812496
0.0,-1.0,0.0,0.06765467187503305,202.04584507812496,202.11349975
0.0,67.0,74.0,0.0536941840277904,202.11349975,202.16719393402775
0.0,-1.0,0.0,0.1009450659722404,202.16719393402775,202.268139
0.0,68.0,87.0,0.1439004131944442,202.268139,202.41203941319444
0.0,-1.0,0.0,0.16537808680556054,202.41203941319444,202.5774175
0.0,75.0,113.0,0.0386598124999864,202.5774175,202.6160773125
0.0,62.0,81.0,0.1997423645833294,202.42277825,202.62252061458327
0.0,74.0,127.0,0.0579897187499796,202.5774175,202.63540721875
0.0,77.0,97.0,0.212628968749982,202.42277825,202.63540721875
0.0,65.0,102.0,0.1159794374999876,202.5774175,202.6933969375
0.0,-1.0,0.0,0.0386598124999864,202.6933969375,202.73205675
0.0,70.0,69.0,0.0751718576388782,202.73205675,202.80722860763888
0.0,-1.0,0.0,0.07946739236112421,202.80722860763888,202.886696
0.0,69.0,89.0,0.1761169236110996,202.886696,203.0628129236111
0.0,68.0,91.0,0.2190722708333225,203.04133525,203.26040752083333
0.0,68.0,111.0,0.1707475052083395,203.1959745,203.36672200520837
0.0,64.0,67.0,0.1127577864583457,203.35061375,203.46337153645837
0.0,-1.0,0.0,0.04188146354164246,203.46337153645837,203.505253
0.0,67.0,87.0,0.1524914826388984,203.505253,203.6577444826389
0.0,-1.0,0.0,0.0021477673611229875,203.6577444826389,203.65989225
0.0,60.0,97.0,0.1675258541666835,203.65989225,203.8274181041667
0.0,64.0,102.0,0.1030928333333349,203.8145315,203.9176243333333
0.0,76.0,120.0,0.2641753854166779,203.65989225,203.9240676354167
0.0,72.0,120.0,0.1095361354166755,203.8145315,203.92406763541663
0.0,-1.0,0.0,0.045103114583355364,203.92406763541663,203.96917075
0.0,73.0,76.0,0.0934278802083383,203.96917075,204.06259863020836
0.0,-1.0,0.0,0.06121136979163566,204.06259863020836,204.12381
0.0,69.0,91.0,0.1589347847222199,204.12381,204.28274478472215
0.0,68.0,108.0,0.193299062500003,204.27844925,204.4717483125
0.0,68.0,111.0,0.1030928333333207,204.4330885,204.5361813333333
0.0,-1.0,0.0,0.051546416666695904,204.5361813333333,204.58772775
0.0,64.0,82.0,0.0805412760416572,204.58772775,204.66826902604168
0.0,-1.0,0.0,0.07409797395831674,204.66826902604168,204.742367
0.0,67.0,86.0,0.156787017361097,204.742367,204.89915401736107
0.0,68.0,102.0,0.219072270833351,204.89700625,205.11607852083336
0.0,68.0,114.0,0.0998711822916789,205.0516455,205.15151668229169
0.0,-1.0,0.0,0.05476806770832354,205.15151668229169,205.20628475
0.0,73.0,78.0,0.0902062291666822,205.20628475,205.2964909791667
0.0,-1.0,0.0,0.06443302083332014,205.2964909791667,205.360924
0.0,67.0,84.0,0.1524914826388983,205.360924,205.5134154826389
0.0,-1.0,0.0,0.0021477673611229875,205.5134154826389,205.51556325
0.0,68.0,94.0,0.1868557604166766,205.51556325,205.7024190104167
0.0,68.0,111.0,0.0740979739583309,205.6702025,205.7443004739583
0.0,-1.0,0.0,0.0805412760416857,205.7443004739583,205.82484175
0.0,67.0,69.0,0.0751718576388876,205.82484175,205.90001360763887
0.0,-1.0,0.0,0.07946739236112421,205.90001360763887,205.979481
0.0,67.0,80.0,0.163230319444447,205.979481,206.14271131944443
0.0,68.0,97.0,0.2158506197916523,206.13412025,206.34997086979163
0.0,68.0,111.0,0.0869845781249977,206.2887595,206.375744078125
0.0,-1.0,0.0,0.06765467187500462,206.375744078125,206.44339875
0.0,67.0,102.0,0.109536135416647,206.44339875,206.55293488541665
0.0,-1.0,0.0,0.045103114583355364,206.55293488541665,206.598038
0.0,68.0,72.0,0.1755799817708165,206.598038,206.77361798177083
0.0,-1.0,0.0,0.13369851822918122,206.77361798177083,206.9073165
0.0,78.0,21.0,0.0386598125000148,206.9073165,206.9459763125
0.0,60.0,72.0,0.1997423645833578,206.75267725,206.95241961458336
0.0,72.0,88.0,0.0708763229166891,206.9073165,206.9781928229167
0.0,76.0,92.0,0.2255155729166915,206.75267725,206.9781928229167
0.0,64.0,97.0,0.0773196250000012,206.9073165,206.984636125
0.0,-1.0,0.0,0.07731962500000122,206.984636125,207.06195575
0.0,66.0,70.0,0.0579897187500079,207.06195575,207.11994546875
0.0,-1.0,0.0,0.09664953125002285,207.11994546875,207.216595
0.0,54.0,92.0,0.1353093437500092,207.216595,207.35190434375
0.0,-1.0,0.0,0.0193299062499932,207.35190434375,207.37123425
0.0,77.0,78.0,0.057989718750008,207.37123425,207.42922396875
0.0,72.0,82.0,0.3286084062500123,207.216595,207.54520340625004
0.0,68.0,84.0,0.1965207135416733,207.37123425,207.5677549635417
0.0,72.0,75.0,0.0837629270833417,207.5258735,207.60963642708333
0.0,-1.0,0.0,0.07087632291666068,207.60963642708333,207.68051275
0.0,66.0,88.0,0.2126289687500009,207.68051275,207.89314171875003
0.0,-1.0,0.0,0.096649531249966,207.89314171875003,207.98979125
0.0,74.0,113.0,0.1997423645833294,207.98979125,208.18953361458333
0.0,62.0,92.0,0.0708763229166606,208.1444305,208.21530682291663
0.0,59.0,102.0,0.2255155729166631,207.98979125,208.21530682291663
0.0,71.0,97.0,0.0708763229166606,208.1444305,208.21530682291663
0.0,-1.0,0.0,0.08376292708337019,208.21530682291663,208.29906975
0.0,64.0,91.0,0.124033565104149,208.29906975,208.42310331510416
0.0,-1.0,0.0,0.1852449348958487,208.42310331510416,208.60834825
0.0,74.0,97.0,0.173969156250024,208.60834825,208.78231740625003
0.0,62.0,92.0,0.0451031145833553,208.7629875,208.80809061458336
0.0,59.0,97.0,0.2126289687500104,208.60834825,208.82097721875
0.0,71.0,113.0,0.0708763229166891,208.7629875,208.8338638229167
0.0,-1.0,0.0,0.08376292708334176,208.8338638229167,208.91762675000004
0.0,66.0,95.0,0.1653780868055605,208.91762675000004,209.0830048368056
0.0,-1.0,0.0,0.1439004131943875,209.0830048368056,209.22690525
0.0,74.0,97.0,0.1868557604166767,209.22690525,209.41376101041664
0.0,66.0,104.0,0.0773196250000011,209.3815445,209.458864125
0.0,59.0,81.0,0.2835052916666711,209.22690525,209.51041054166663
0.0,-1.0,0.0,0.025773208333362163,209.51041054166663,209.53618375
0.0,64.0,88.0,0.1825602256944402,209.53618375,209.7187439756944
0.0,-1.0,0.0,0.12671827430560256,209.7187439756944,209.84546225
0.0,66.0,107.0,0.1771908072916516,209.84546225,210.02265305729165
0.0,66.0,116.0,0.0676546718749904,210.0001015,210.06775617187495
0.0,-1.0,0.0,0.08698457812505467,210.06775617187495,210.15474075
0.0,69.0,80.0,0.0493986493055444,210.15474075,210.20413939930555
0.0,-1.0,0.0,0.10524060069445795,210.20413939930555,210.30938
0.0,69.0,86.0,0.1653780868055699,210.30938,210.4747580868056
0.0,69.0,97.0,0.1932990625000172,210.46401925,210.6573183125
0.0,69.0,112.0,0.0805412760416714,210.6186585,210.69919977604167
0.0,-1.0,0.0,0.07409797395834516,210.69919977604167,210.77329775
0.0,68.0,94.0,0.2018901319444429,210.77329775,210.9751878819445
0.0,-1.0,0.0,0.10738836805549568,210.9751878819445,211.08257625
0.0,65.0,98.0,0.1524914826388888,211.08257625,211.23506773263887
0.0,-1.0,0.0,0.0021477673611229875,211.23506773263887,211.2372155
0.0,74.0,113.0,0.0644330208333201,211.2372155,211.3016485208333
0.0,-1.0,0.0,0.0902062291666823,211.3016485208333,211.39185475
0.0,73.0,91.0,0.1331615763888815,211.39185475,211.52501632638888
0.0,-1.0,0.0,0.17611692361111864,211.52501632638888,211.70113325
0.0,69.0,107.0,0.1739691562499956,211.70113325,211.87510240625
0.0,69.0,111.0,0.0740979739583309,211.8557725,211.92987047395832
0.0,-1.0,0.0,0.0805412760416857,211.92987047395832,212.01041175
0.0,68.0,99.0,0.1718213888888821,212.01041175,212.18223313888888
0.0,-1.0,0.0,0.13745711111113224,212.18223313888888,212.31969025
0.0,69.0,105.0,0.1997423645833435,212.31969025,212.5194326145833
0.0,69.0,120.0,0.086984578125012,212.4743295,212.561314078125
0.0,-1.0,0.0,0.06765467187500462,212.561314078125,212.62896875
0.0,70.0,67.0,0.0880584618055593,212.62896875,212.7170272118056
0.0,-1.0,0.0,0.06658078819438629,212.7170272118056,212.783608
0.0,69.0,91.0,0.1460481805555578,212.783608,212.92965618055555
0.0,-1.0,0.0,0.008591069444435107,212.92965618055555,212.93824725
0.0,68.0,102.0,0.1932990624999888,212.93824725,213.1315463125
0.0,68.0,116.0,0.0837629270833275,213.0928865,213.1766494270833
0.0,-1.0,0.0,0.0708763229166891,213.1766494270833,213.24752575
0.0,67.0,101.0,0.1847079930555442,213.24752575,213.43223374305555
0.0,-1.0,0.0,0.12457050694445115,213.43223374305555,213.55680425
0.0,74.0,109.0,0.1546392499999881,213.55680425,213.7114435
0.0,66.0,68.0,0.0365120451388728,213.7114435,213.7479555451389
0.0,56.0,102.0,0.1932990624999888,213.55680425,213.7501033125
0.0,-1.0,0.0,0.11597943750001605,213.7501033125,213.86608275
0.0,71.0,82.0,0.1224227395833394,213.86608275,213.9885054895833
0.0,-1.0,0.0,0.18685576041670515,213.9885054895833,214.17536125
0.0,68.0,111.0,0.1643042031250132,214.17536125,214.339665453125
0.0,68.0,108.0,0.0966495312500086,214.3300005,214.42665003125
0.0,-1.0,0.0,0.21262896874998205,214.42665003125,214.639279
0.0,67.0,87.0,0.1396048784722173,214.639279,214.7788838784722
0.0,60.0,51.0,0.4832476562500005,214.48463975,214.96788740625
0.0,68.0,105.0,0.1900774114583327,214.79391825,214.98399566145832
0.0,68.0,111.0,0.1256443906249983,214.9485575,215.07420189062495
0.0,-1.0,0.0,0.028994859375046644,215.07420189062495,215.10319675
0.0,73.0,87.0,0.0837629270833275,215.10319675,215.1869596770833
0.0,-1.0,0.0,0.0708763229166891,215.1869596770833,215.257836
0.0,67.0,93.0,0.1460481805555483,215.257836,215.40388418055556
0.0,-1.0,0.0,0.008591069444435107,215.40388418055556,215.41247525
0.0,68.0,100.0,0.1868557604166483,215.41247525,215.59933101041665
0.0,68.0,108.0,0.0773196249999869,215.5671145,215.644434125
0.0,-1.0,0.0,0.07731962500000122,215.644434125,215.72175375
0.0,67.0,80.0,0.0794673923611241,215.72175375,215.8012211423611
0.0,-1.0,0.0,0.07517185763890666,215.8012211423611,215.876393
0.0,67.0,85.0,0.1524914826388984,215.876393,216.0288844826389
0.0,-1.0,0.0,0.0021477673611229875,216.0288844826389,216.03103225
0.0,68.0,102.0,0.1804124583333362,216.03103225,216.21144470833332
0.0,69.0,111.0,0.066580788194443,216.1856715,216.25225228819448
0.0,-1.0,0.0,0.08805846180550247,216.25225228819448,216.34031075
0.0,67.0,113.0,0.0966495312499944,216.34031075,216.43696028125
0.0,-1.0,0.0,0.0579897187499796,216.43696028125,216.49495
0.0,68.0,74.0,0.1079253098958332,216.49495,216.6028753098958
0.0,-1.0,0.0,0.046713940104183393,216.6028753098958,216.64958925
0.0,71.0,84.0,0.1739691562499956,216.64958925,216.82355840625
0.0,68.0,97.0,0.0773196250000011,216.8042285,216.881548125
0.0,-1.0,0.0,0.07731962500000122,216.881548125,216.95886775
0.0,65.0,87.0,0.1594717265624936,216.95886775,217.11833947656248
0.0,-1.0,0.0,0.14980677343751836,217.11833947656248,217.26814625
0.0,66.0,97.0,0.1932990624999887,217.26814625,217.4614453125
0.0,-1.0,0.0,0.11597943750001605,217.4614453125,217.57742475
0.0,66.0,106.0,0.1890035277777902,217.57742475,217.7664282777778
0.0,-1.0,0.0,0.12027497222220518,217.7664282777778,217.88670325
0.0,66.0,102.0,0.193299062500003,217.88670325,218.08000231250003
0.0,66.0,102.0,0.0676546718750045,218.0413425,218.10899717187505
0.0,-1.0,0.0,0.08698457812494098,218.10899717187505,218.19598175
0.0,66.0,81.0,0.1320876927083247,218.19598175,218.3280694427083
0.0,-1.0,0.0,0.17719080729168013,218.3280694427083,218.50526025
0.0,66.0,113.0,0.1868557604166625,218.50526025,218.69211601041664
0.0,66.0,102.0,0.0676546718750046,218.6598995,218.727554171875
0.0,-1.0,0.0,0.08698457812499782,218.727554171875,218.81453875
0.0,66.0,102.0,0.1524914826388794,218.81453875,218.96703023263888
0.0,-1.0,0.0,0.15678701736112544,218.96703023263888,219.12381725
0.0,73.0,70.0,0.1707475052083111,219.12381725,219.2945647552083
0.0,67.0,87.0,0.0687285555555661,219.27845650000003,219.3471850555556
0.0,59.0,102.0,0.2384021770833158,219.12381725,219.3622194270833
0.0,-1.0,0.0,0.07087632291671753,219.3622194270833,219.43309575
0.0,71.0,90.0,0.1374571111111227,219.43309575,219.57055286111117
0.0,-1.0,0.0,0.01718213888884179,219.57055286111117,219.587735
0.0,59.0,53.0,0.057989718750008,219.587735,219.64572471875
0.0,52.0,92.0,0.219072270833351,219.43309575,219.65216802083336
0.0,-1.0,0.0,0.09020622916665388,219.65216802083336,219.74237425
0.0,66.0,108.0,0.1771908072916659,219.74237425,219.9195650572917
0.0,66.0,111.0,0.0773196250000012,219.8970135,219.974333125
0.0,69.0,113.0,5.637889322916664,214.48463975,220.12252907291668
0.0,69.0,102.0,0.0708763229166606,220.05165275,220.12252907291665
0.0,-1.0,0.0,0.08376292708334176,220.12252907291665,220.206292
0.0,56.0,62.0,0.0869845781249978,220.206292,220.293276578125
0.0,81.0,75.0,5.863404895833327,214.48463975,220.3480446458333
0.0,75.0,91.0,0.1771908072916658,220.206292,220.38348280729164
0.0,-1.0,0.0,0.1320876927083532,220.38348280729164,220.5155705
0.0,75.0,127.0,0.0322165104166458,220.5155705,220.54778701041664
0.0,69.0,100.0,0.2029640156249996,220.36093125,220.56389526562495
0.0,69.0,102.0,0.0644330208333201,220.5155705,220.5800035208333
0.0,-1.0,0.0,0.09020622916671073,220.5800035208333,220.67020975
0.0,68.0,92.0,0.1868557604166577,220.67020975,220.85706551041665
0.0,-1.0,0.0,0.12242273958335659,220.85706551041665,220.97948825
0.0,67.0,96.0,0.1172680979166784,220.97948825,221.09675634791665
0.0,-1.0,0.0,0.0373711520833524,221.09675634791665,221.1341275
0.0,56.0,56.0,0.0708763229166891,221.1341275,221.2050038229167
0.0,-1.0,0.0,0.08376292708331334,221.2050038229167,221.28876675
0.0,63.0,88.0,0.1331615763888956,221.28876675,221.4219283263889
0.0,-1.0,0.0,0.17611692361111864,221.4219283263889,221.59804525
0.0,63.0,107.0,0.193299062500003,221.59804525,221.7913443125
0.0,68.0,113.0,0.0966495312499944,221.7526845,221.84933403125
0.0,-1.0,0.0,0.0579897187499796,221.84933403125,221.90732375
0.0,62.0,106.0,0.1890035277777712,221.90732375,222.0963272777778
0.0,-1.0,0.0,0.12027497222220518,222.0963272777778,222.21660225
0.0,63.0,113.0,0.1353093437499902,222.21660225,222.35191159374995
0.0,-1.0,0.0,0.1739691562500525,222.35191159374995,222.52588075
0.0,66.0,93.0,0.1691366796874902,222.52588075,222.69501742968748
0.0,-1.0,0.0,0.14014182031252176,222.69501742968748,222.83515925
0.0,66.0,104.0,0.0945017638888903,222.83515925,222.92966101388888
0.0,-1.0,0.0,0.06013748611113101,222.92966101388888,222.9897985
0.0,68.0,113.0,0.0902062291666822,222.9897985,223.0800047291667
0.0,-1.0,0.0,0.06443302083334856,223.0800047291667,223.14443775000004
0.0,67.0,96.0,0.1890035277777807,223.14443775000004,223.3334412777778
0.0,-1.0,0.0,0.12027497222220518,223.3334412777778,223.45371625
0.0,74.0,120.0,0.1578609010416727,223.45371625,223.61157715104167
0.0,75.0,92.0,0.0322165104166742,223.6083555,223.64057201041663
0.0,56.0,102.0,0.1997423645833294,223.45371625,223.65345861458331
0.0,-1.0,0.0,0.1095361354166755,223.65345861458331,223.76299475
0.0,69.0,98.0,0.1718213888888916,223.76299475,223.9348161388889
0.0,-1.0,0.0,0.1374571111111038,223.9348161388889,224.07227325
0.0,69.0,92.0,0.107388368055543,224.07227325,224.17966161805555
0.0,-1.0,0.0,0.04725088194444993,224.17966161805555,224.2269125
0.0,68.0,107.0,0.0869845781249835,224.2269125,224.31389707812497
0.0,-1.0,0.0,0.06765467187503305,224.31389707812497,224.38155175
0.0,75.0,77.0,0.0708763229166606,224.38155175,224.45242807291663
0.0,-1.0,0.0,0.08376292708337019,224.45242807291663,224.536191
0.0,67.0,87.0,0.1847079930555347,224.536191,224.72089899305556
0.0,68.0,100.0,0.219072270833351,224.69083025,224.90990252083336
0.0,72.0,102.0,0.0773196250000012,224.8454695,224.922789125
0.0,-1.0,0.0,0.07731962500002965,224.922789125,225.00010875000004
0.0,68.0,78.0,0.154639250000008,225.00010875000004,225.15474800000004
0.0,-1.0,0.0,0.1546392499999456,225.15474800000004,225.30938725
0.0,68.0,105.0,0.1481959479166619,225.30938725,225.45758319791665
0.0,-1.0,0.0,0.006443302083340541,225.45758319791665,225.4640265
0.0,68.0,102.0,0.0676546718750046,225.4640265,225.531681171875
0.0,-1.0,0.0,0.08698457812499782,225.531681171875,225.61866575
0.0,67.0,82.0,0.0859106944444457,225.61866575,225.70457644444443
0.0,-1.0,0.0,0.06872855555556612,225.70457644444443,225.773305
0.0,67.0,87.0,0.1353093437499902,225.773305,225.90861434375
0.0,-1.0,0.0,0.0193299062499932,225.90861434375,225.92794425
0.0,68.0,94.0,0.1675258541666551,225.92794425,226.09547010416665
0.0,68.0,116.0,0.0773196249999869,226.0825835,226.159903125
0.0,-1.0,0.0,0.07731962500000122,226.159903125,226.23722275
0.0,72.0,73.0,0.0676546718749903,226.23722275,226.30487742187495
0.0,-1.0,0.0,0.08698457812505467,226.30487742187495,226.391862
0.0,66.0,61.0,0.0998711822916788,226.391862,226.49173318229168
0.0,-1.0,0.0,0.05476806770832354,226.49173318229168,226.54650125
0.0,78.0,60.0,0.0515464166666674,226.54650125,226.59804766666667
0.0,66.0,102.0,0.2384021770833442,226.391862,226.63026417708332
0.0,68.0,90.0,0.17719080729168,226.54650125,226.7236920572917
0.0,68.0,111.0,0.0644330208333485,226.7011405,226.76557352083336
0.0,-1.0,0.0,0.09020622916665388,226.76557352083336,226.85577975
0.0,66.0,75.0,0.0644330208333295,226.85577975,226.92021277083333
0.0,-1.0,0.0,0.09020622916671073,226.92021277083333,227.01041900000004
0.0,66.0,83.0,0.2469932465277698,227.01041900000004,227.25741224652785
0.0,68.0,92.0,0.193299062500003,227.16505825,227.3583573125
0.0,72.0,102.0,0.0644330208333201,227.3196975,227.3841305208333
0.0,-1.0,0.0,0.0902062291666823,227.3841305208333,227.47433675
0.0,66.0,86.0,0.1825602256944496,227.47433675,227.65689697569445
0.0,-1.0,0.0,0.12671827430554572,227.65689697569445,227.78361525
0.0,74.0,120.0,0.1997423645833294,227.78361525,227.98335761458333
0.0,66.0,95.0,0.0644330208333201,227.9382545,228.0026875208333
0.0,59.0,102.0,0.2255155729166631,227.78361525,228.00913082291663
0.0,-1.0,0.0,0.08376292708337019,228.00913082291663,228.09289375
0.0,66.0,80.0,0.136920169270823,228.09289375,228.22981391927084
0.0,-1.0,0.0,0.17235833072916762,228.22981391927084,228.40217225
0.0,66.0,107.0,0.1836341093750064,228.40217225,228.585806359375
0.0,66.0,94.0,0.0676546718750046,228.5568115,228.624466171875
0.0,-1.0,0.0,0.08698457812499782,228.624466171875,228.71145075
0.0,66.0,96.0,0.1932990625000077,228.71145075,228.90474981250003
0.0,-1.0,0.0,0.1159794374999592,228.90474981250003,229.02072925
0.0,74.0,92.0,0.1739691562499956,229.02072925,229.19469840625
0.0,62.0,97.0,0.0451031145833269,229.1753685,229.2204716145833
0.0,59.0,88.0,0.1997423645833294,229.02072925,229.2204716145833
0.0,70.0,84.0,0.0676546718750045,229.1753685,229.243023171875
0.0,-1.0,0.0,0.08698457812499782,229.243023171875,229.33000775
0.0,64.0,94.0,0.1514175989583321,229.33000775,229.4814253489583
0.0,-1.0,0.0,0.15786090104168693,229.4814253489583,229.63928625
0.0,66.0,97.0,0.1739691562499956,229.63928625,229.81325540625
0.0,66.0,108.0,0.0612113697916498,229.7939255,229.85513686979164
0.0,-1.0,0.0,0.09342788020836679,229.85513686979164,229.94856475
0.0,69.0,82.0,0.0644330208333485,229.94856475,230.01299777083327
0.0,-1.0,0.0,0.09020622916673915,230.01299777083327,230.103204
0.0,69.0,83.0,0.1417526458333403,230.103204,230.24495664583333
0.0,-1.0,0.0,0.012886604166681082,230.24495664583333,230.25784325
0.0,62.0,78.0,0.1675258541666835,230.25784325,230.4253691041667
0.0,65.0,88.0,0.0515464166666674,230.4124825,230.46402891666668
0.0,77.0,102.0,0.219072270833351,230.25784325,230.47691552083336
0.0,74.0,127.0,0.0837629270833417,230.4124825,230.49624542708332
0.0,-1.0,0.0,0.0708763229166891,230.49624542708332,230.56712175
0.0,68.0,72.0,0.0773196250000012,230.56712175,230.644441375
0.0,-1.0,0.0,0.0773196249999728,230.644441375,230.721761
0.0,71.0,78.0,0.1224227395833352,230.721761,230.8441837395833
0.0,-1.0,0.0,0.032216510416702704,230.8441837395833,230.87640025
0.0,62.0,92.0,0.1804124583333362,230.87640025,231.05681270833333
0.0,73.0,69.0,0.0644330208333343,231.0310395,231.0954725208333
0.0,77.0,113.0,0.2319588750000036,230.87640025,231.108359125
0.0,74.0,120.0,0.0966495312499944,231.0310395,231.12768903125
0.0,-1.0,0.0,0.057989718750008024,231.12768903125,231.18567875
0.0,69.0,102.0,0.0837629270833133,231.18567875,231.2694416770833
0.0,-1.0,0.0,0.0708763229166891,231.2694416770833,231.340318
0.0,68.0,85.0,0.1610825520833334,231.340318,231.5014005520833
0.0,69.0,81.0,0.1868557604166625,231.49495725,231.68181301041665
0.0,69.0,106.0,0.0579897187499937,231.6495965,231.70758621875
0.0,-1.0,0.0,0.09664953124999442,231.70758621875,231.80423575
0.0,68.0,76.0,0.0665807881944525,231.80423575,231.87081653819445
0.0,-1.0,0.0,0.08805846180555932,231.87081653819445,231.958875
0.0,68.0,89.0,0.2749142222222265,231.958875,232.23378922222224
0.0,-1.0,0.0,0.03436427777776885,232.23378922222224,232.2681535
0.0,75.0,127.0,0.0257732083333337,232.2681535,232.29392670833332
0.0,77.0,92.0,0.2319588750000036,232.11351425,232.345473125
0.0,69.0,114.0,0.0966495312500086,232.2681535,232.36480303125
0.0,62.0,102.0,0.2963918958333522,232.11351425,232.40990614583336
0.0,-1.0,0.0,0.01288660416665266,232.40990614583336,232.42279275
0.0,74.0,82.0,0.0773196250000011,232.42279275,232.500112375
0.0,-1.0,0.0,0.07731962500000122,232.500112375,232.577432
0.0,59.0,92.0,0.2706186874999995,232.577432,232.8480506875
0.0,-1.0,0.0,0.19329906249998885,232.8480506875,233.04134975
0.0,60.0,92.0,0.0451031145833212,233.04134975,233.0864528645833
0.0,-1.0,0.0,0.4188146354167088,233.0864528645833,233.5052675
0.0,60.0,82.0,0.3453609916666835,233.5052675,233.8506284916667
0.0,-1.0,0.0,0.11855675833331247,233.8506284916667,233.96918525
0.0,60.0,102.0,0.0567010583333341,233.96918525,234.02588630833336
0.0,-1.0,0.0,0.4072166916666333,234.02588630833336,234.433103
0.0,60.0,90.0,0.3118558208333354,234.433103,234.7449588208333
0.0,-1.0,0.0,0.15206192916670602,234.7449588208333,234.89702075
0.0,62.0,101.0,0.057989718749989,234.89702075,234.95501046875
0.0,-1.0,0.0,0.2512887812499969,234.95501046875,235.20629925
0.0,62.0,99.0,0.0687285555555471,235.20629925,235.27502780555557
0.0,-1.0,0.0,0.24054994444443878,235.27502780555557,235.51557775
0.0,62.0,98.0,0.0794673923611242,235.51557775,235.59504514236116
0.0,-1.0,0.0,0.22981110763885226,235.59504514236116,235.82485625
0.0,62.0,95.0,0.0859106944444457,235.82485625,235.91076694444445
0.0,-1.0,0.0,0.22336780555554014,235.91076694444445,236.13413475
0.0,62.0,99.0,0.0816151597222187,236.13413475,236.21574990972223
0.0,-1.0,0.0,0.2276633402777577,236.21574990972223,236.44341325
0.0,62.0,99.0,0.0708763229166606,236.44341325,236.51428957291665
0.0,-1.0,0.0,0.23840217708340106,236.51428957291665,236.75269175000005
0.0,62.0,91.0,0.0816151597222092,236.75269175000005,236.83430690972224
0.0,-1.0,0.0,0.2276633402777577,236.83430690972224,237.06197025
0.0,62.0,94.0,0.0816151597222092,237.06197025,237.1435854097222
0.0,-1.0,0.0,0.22766334027784296,237.1435854097222,237.37124875000003
0.0,69.0,87.0,0.1267182743055741,237.37124875000003,237.4979670243056
0.0,-1.0,0.0,0.18256022569440233,237.4979670243056,237.68052725
0.0,68.0,105.0,0.1675258541666693,237.68052725,237.84805310416667
0.0,68.0,111.0,0.090206229166668,237.8351665,237.92537272916667
0.0,-1.0,0.0,0.06443302083332014,237.92537272916667,237.98980575
0.0,64.0,71.0,0.0934278802083383,237.98980575,238.08323363020835
0.0,-1.0,0.0,0.06121136979163566,238.08323363020835,238.144445
0.0,67.0,84.0,0.1267182743055551,238.144445,238.27116327430556
0.0,-1.0,0.0,0.027920975694428307,238.27116327430556,238.29908425
0.0,68.0,111.0,0.1771908072916517,238.29908425,238.47627505729164
0.0,68.0,107.0,0.0902062291666538,238.4537235,238.54392972916665
0.0,-1.0,0.0,0.06443302083334856,238.54392972916665,238.60836275
0.0,67.0,102.0,0.0966495312499944,238.60836275,238.70501228125
0.0,-1.0,0.0,0.057989718750008024,238.70501228125,238.763002
0.0,66.0,71.0,0.0966495312499849,238.763002,238.85965153125
0.0,-1.0,0.0,0.057989718750008024,238.85965153125,238.91764125
0.0,71.0,69.0,0.1643042031250132,238.91764125,239.081945453125
0.0,68.0,92.0,0.0708763229166891,239.0722805,239.1431568229167
0.0,60.0,92.0,0.2255155729166915,238.91764125,239.1431568229167
0.0,-1.0,0.0,0.08376292708331334,239.1431568229167,239.22691975
0.0,66.0,96.0,0.1653780868055605,239.22691975,239.3922978368056
0.0,-1.0,0.0,0.14390041319441593,239.3922978368056,239.53619825
0.0,77.0,95.0,0.1095361354166754,239.53619825,239.6457343854167
0.0,-1.0,0.0,0.04510311458329852,239.6457343854167,239.6908375
0.0,72.0,97.0,0.057989718750008,239.6908375,239.74882721875
0.0,60.0,120.0,0.2384021770833442,239.53619825,239.77460042708336
0.0,-1.0,0.0,0.07087632291663226,239.77460042708336,239.84547675
0.0,66.0,99.0,0.1675258541666645,239.84547675,240.01300260416664
0.0,-1.0,0.0,0.1417526458333498,240.01300260416664,240.15475525
0.0,74.0,99.0,0.1095361354166612,240.15475525,240.26429138541664
0.0,-1.0,0.0,0.045103114583355364,240.26429138541664,240.3093945
0.0,62.0,97.0,0.0386598124999864,240.3093945,240.3480543125
0.0,59.0,102.0,0.2319588750000036,240.15475525,240.386714125
0.0,71.0,102.0,0.0966495312499944,240.3093945,240.40604403125
0.0,-1.0,0.0,0.057989718750008024,240.40604403125,240.46403375
0.0,64.0,93.0,0.1761169236110996,240.46403375,240.6401506736111
0.0,-1.0,0.0,0.13316157638891468,240.6401506736111,240.77331225
0.0,66.0,95.0,0.1739691562500098,240.77331225,240.94728140625
0.0,66.0,105.0,0.0805412760416856,240.9279515,241.0084927760417
0.0,-1.0,0.0,0.07409797395831674,241.0084927760417,241.08259075
0.0,76.0,81.0,0.0515464166666769,241.08259075,241.13413716666668
0.0,-1.0,0.0,0.10309283333336339,241.13413716666668,241.23723000000004
0.0,69.0,81.0,0.1267182743055646,241.23723000000004,241.3639482743056
0.0,-1.0,0.0,0.027920975694399885,241.3639482743056,241.39186925
0.0,69.0,100.0,0.1836341093749922,241.39186925,241.575503359375
0.0,69.0,120.0,0.0805412760416714,241.5465085,241.62704977604164
0.0,-1.0,0.0,0.07409797395834516,241.62704977604164,241.70114775
0.0,69.0,102.0,0.0837629270833417,241.70114775,241.78491067708333
0.0,-1.0,0.0,0.07087632291666068,241.78491067708333,241.855787
0.0,68.0,80.0,0.1503437152777754,241.855787,242.00613071527775
0.0,-1.0,0.0,0.15893478472224842,242.00613071527775,242.1650655
0.0,74.0,107.0,0.0386598124999864,242.1650655,242.2037253125
0.0,69.0,94.0,0.2255155729166489,242.01042625,242.23594182291663
0.0,-1.0,0.0,0.08376292708337019,242.23594182291663,242.31970475
0.0,72.0,75.0,0.1430413062499837,242.31970475,242.46274605625
0.0,-1.0,0.0,0.16623719374999268,242.46274605625,242.62898325
0.0,65.0,92.0,0.1073883680555714,242.62898325,242.7363716180556
0.0,-1.0,0.0,0.047250881944393086,242.7363716180556,242.7836225
0.0,72.0,113.0,0.0966495312500228,242.7836225,242.88027203125003
0.0,-1.0,0.0,0.0579897187499796,242.88027203125003,242.93826175
0.0,67.0,78.0,0.0945017638888903,242.93826175,243.0327635138889
0.0,-1.0,0.0,0.06013748611110259,243.0327635138889,243.092901
0.0,67.0,80.0,0.1546392500000118,243.092901,243.24754025
0.0,60.0,75.0,0.1481959479166619,243.24754025,243.39573619791665
0.0,-1.0,0.0,0.006443302083340541,243.39573619791665,243.4021795
0.0,73.0,102.0,0.0386598124999864,243.4021795,243.4408393125
0.0,76.0,102.0,0.1932990624999888,243.24754025,243.4408393125
0.0,71.0,80.0,0.0794673923611052,243.4021795,243.48164689236108
0.0,-1.0,0.0,0.07517185763890666,243.48164689236108,243.55681875
0.0,67.0,113.0,0.0837629270833417,243.55681875,243.64058167708333
0.0,-1.0,0.0,0.07087632291666068,243.64058167708333,243.711458
0.0,68.0,71.0,0.120811914062493,243.711458,243.8322699140625
0.0,-1.0,0.0,0.18846658593753318,243.8322699140625,244.02073650000003
0.0,69.0,87.0,0.1385309947916558,244.02073650000003,244.1592674947917
0.0,-1.0,0.0,0.17074750520831117,244.1592674947917,244.330015
0.0,66.0,84.0,0.214776736111124,244.330015,244.54479173611116
0.0,76.0,97.0,0.1997423645833294,244.48465425,244.6843966145833
0.0,75.0,64.0,0.0612113697916782,244.6392935,244.70050486979167
0.0,60.0,88.0,0.2319588750000036,244.48465425,244.716613125
0.0,-1.0,0.0,0.07731962500000122,244.716613125,244.79393275
0.0,68.0,79.0,0.1675258541666764,244.79393275,244.9614586041667
0.0,-1.0,0.0,0.14175264583329295,244.9614586041667,245.10321125
0.0,66.0,99.0,0.2029640156249996,245.10321125,245.30617526562497
0.0,66.0,78.0,0.0805412760416572,245.2578505,245.33839177604165
0.0,-1.0,0.0,0.07409797395834516,245.33839177604165,245.41248975
0.0,64.0,87.0,0.1465851223958267,245.41248975,245.55907487239585
0.0,-1.0,0.0,0.1626933776041426,245.55907487239585,245.72176825
0.0,66.0,88.0,0.1707475052083253,245.72176825,245.8925157552083
0.0,66.0,95.0,0.0612113697916498,245.8764075,245.93761886979163
0.0,-1.0,0.0,0.09342788020836679,245.93761886979163,246.03104675
0.0,75.0,88.0,0.0740979739583451,246.03104675,246.10514472395835
0.0,-1.0,0.0,0.08054127604165728,246.10514472395835,246.185686
0.0,65.0,74.0,0.1095361354166825,246.185686,246.29522213541668
0.0,-1.0,0.0,0.04510311458332694,246.29522213541668,246.34032525
0.0,69.0,111.0,0.1836341093750064,246.34032525,246.523959359375
0.0,69.0,114.0,0.086984578125012,246.4949645,246.581949078125
0.0,-1.0,0.0,0.06765467187500462,246.581949078125,246.64960375
0.0,69.0,113.0,0.0902062291666823,246.64960375,246.7398099791667
0.0,-1.0,0.0,0.06443302083332014,246.7398099791667,246.804243
0.0,68.0,67.0,0.1063144843750052,246.804243,246.910557484375
0.0,-1.0,0.0,0.048324765624983,246.910557484375,246.95888225
0.0,80.0,51.0,0.0257732083333337,246.95888225,246.9846554583333
0.0,68.0,92.0,0.2319588750000036,246.804243,247.036201875
0.0,-1.0,0.0,0.07731962500000122,247.036201875,247.1135215
0.0,74.0,116.0,0.0451031145833411,247.1135215,247.1586246145833
0.0,69.0,84.0,0.2351805260416597,246.95888225,247.19406277604165
0.0,-1.0,0.0,0.07409797395834516,247.19406277604165,247.26816075
0.0,69.0,89.0,0.1890035277777712,247.26816075,247.45716427777776
0.0,-1.0,0.0,0.1202749722222336,247.45716427777776,247.57743925
0.0,68.0,107.0,0.1417526458333213,247.57743925,247.7191918958333
0.0,-1.0,0.0,0.012886604166709503,247.7191918958333,247.7320785
0.0,68.0,105.0,0.0708763229166606,247.7320785,247.80295482291663
0.0,-1.0,0.0,0.08376292708337019,247.80295482291663,247.88671775
0.0,75.0,80.0,0.0740979739583451,247.88671775,247.96081572395835
0.0,-1.0,0.0,0.08054127604165728,247.96081572395835,248.041357
0.0,67.0,83.0,0.1481959479166713,248.041357,248.18955294791664
0.0,-1.0,0.0,0.0064433020833689625,248.18955294791664,248.19599625
0.0,68.0,100.0,0.1739691562499956,248.19599625,248.36996540625
0.0,68.0,111.0,0.0773196250000012,248.3506355,248.427955125
0.0,-1.0,0.0,0.07731962500000122,248.427955125,248.50527475
0.0,73.0,83.0,0.0837629270833417,248.50527475,248.58903767708333
0.0,-1.0,0.0,0.07087632291666068,248.58903767708333,248.659914
0.0,67.0,80.0,0.1567870173611159,248.659914,248.8167010173611
0.0,68.0,107.0,0.1836341093749922,248.81455325,248.99818735937495
0.0,69.0,104.0,0.0644330208333295,248.9691925,249.0336255208333
0.0,-1.0,0.0,0.0902062291666823,249.0336255208333,249.12383175
0.0,67.0,113.0,0.0773196250000012,249.12383175,249.201151375
0.0,-1.0,0.0,0.07731962500000122,249.201151375,249.278471
0.0,66.0,63.0,0.0805412760416572,249.278471,249.35901227604165
0.0,-1.0,0.0,0.07409797395834516,249.35901227604165,249.43311025
0.0,77.0,63.0,0.1127577864583173,249.43311025,249.54586803645836
0.0,66.0,92.0,0.3479383124999913,249.278471,249.6264093125
0.0,72.0,102.0,0.0579897187499796,249.5877495,249.64573921875
0.0,60.0,72.0,0.2899485937499833,249.43311025,249.72305884375
0.0,-1.0,0.0,0.0193299062499932,249.72305884375,249.74238875
0.0,66.0,84.0,0.171821388888901,249.74238875,249.9142101388889
0.0,-1.0,0.0,0.1374571111111038,249.9142101388889,250.05166725
0.0,59.0,92.0,0.0966495312499944,250.05166725,250.14831678125
0.0,-1.0,0.0,0.057989718750008024,250.14831678125,250.2063065
0.0,59.0,34.0,0.0386598125000148,250.2063065,250.24496631250005
0.0,74.0,113.0,0.1932990625000172,250.05166725,250.24496631250005
0.0,66.0,100.0,0.0773196250000012,250.2063065,250.283626125
0.0,-1.0,0.0,0.07731962500000122,250.283626125,250.36094575
0.0,64.0,94.0,0.1804124583333267,250.36094575,250.54135820833332
0.0,-1.0,0.0,0.1288660416666687,250.54135820833332,250.67022425
0.0,66.0,99.0,0.1675258541666693,250.67022425,250.83775010416667
0.0,66.0,108.0,0.0676546718749903,250.8248635,250.89251817187497
0.0,-1.0,0.0,0.08698457812502625,250.89251817187497,250.97950275
0.0,69.0,91.0,0.0644330208333295,250.97950275,251.04393577083331
0.0,-1.0,0.0,0.0902062291666823,251.04393577083331,251.134142
0.0,69.0,80.0,0.1202749722222146,251.134142,251.2544169722222
0.0,-1.0,0.0,0.03436427777779727,251.2544169722222,251.28878125
0.0,69.0,102.0,0.1739691562499813,251.28878125,251.46275040625
0.0,69.0,114.0,0.0998711822916788,251.4434205,251.54329168229168
0.0,-1.0,0.0,0.05476806770832354,251.54329168229168,251.59805975
0.0,62.0,82.0,0.0644330208333485,251.59805975,251.66249277083332
0.0,-1.0,0.0,0.0902062291666823,251.66249277083332,251.752699
0.0,68.0,81.0,0.1310138090277822,251.752699,251.8837128090278
0.0,-1.0,0.0,0.023625440972210754,251.8837128090278,251.90733825
0.0,77.0,102.0,0.219072270833351,251.90733825,252.12641052083336
0.0,74.0,127.0,0.0708763229166606,252.0619775,252.13285382291667
0.0,62.0,88.0,0.2448454791666847,251.90733825,252.1521837291667
0.0,-1.0,0.0,0.06443302083329172,252.1521837291667,252.21661675
0.0,69.0,76.0,0.1594717265625007,252.21661675,252.37608847656247
0.0,-1.0,0.0,0.14980677343751836,252.37608847656247,252.52589525
0.0,60.0,92.0,0.1932990624999888,252.52589525,252.7191943125
0.0,64.0,81.0,0.0579897187499796,252.6805345,252.73852421875
0.0,76.0,113.0,0.2190722708333226,252.52589525,252.7449675208333
0.0,72.0,102.0,0.0837629270833133,252.6805345,252.7642974270833
0.0,-1.0,0.0,0.0708763229166891,252.7642974270833,252.83517375
0.0,69.0,97.0,0.1954468298611023,252.83517375,253.0306205798611
0.0,-1.0,0.0,0.11383167013889306,253.0306205798611,253.14445225
0.0,67.0,89.0,0.1761169236110902,253.14445225,253.3205691736111
0.0,-1.0,0.0,0.13316157638891468,253.3205691736111,253.45373075
0.0,69.0,89.0,0.132087692708346,253.45373075,253.5858184427084
0.0,-1.0,0.0,0.1771908072916233,253.5858184427084,253.76300925
0.0,68.0,97.0,0.1836341093750064,253.76300925,253.946643359375
0.0,68.0,105.0,0.0708763229166748,253.9176485,253.98852482291667
0.0,-1.0,0.0,0.08376292708331334,253.98852482291667,254.07228775
0.0,68.0,69.0,0.0676546718750045,254.07228775,254.139942421875
0.0,-1.0,0.0,0.08698457812499782,254.139942421875,254.226927
0.0,69.0,67.0,0.066580788194443,254.226927,254.2935077881945
0.0,-1.0,0.0,0.08805846180550247,254.2935077881945,254.38156625
0.0,78.0,45.0,0.1353093437500092,254.38156625,254.51687559375
0.0,66.0,113.0,0.3414950104166507,254.226927,254.56842201041664
0.0,68.0,85.0,0.1997423645833294,254.38156625,254.5813086145833
0.0,71.0,60.0,0.0515464166666674,254.5362055,254.58775191666663
0.0,-1.0,0.0,0.10309283333336339,254.58775191666663,254.69084475
0.0,66.0,105.0,0.2083334340277644,254.69084475,254.89917818402776
0.0,-1.0,0.0,0.1009450659722404,254.89917818402776,255.00012325
0.0,62.0,76.0,0.0998711822916788,255.00012325,255.09999443229168
0.0,-1.0,0.0,0.05476806770832354,255.09999443229168,255.1547625
0.0,62.0,78.0,0.0386598125000148,255.1547625,255.1934223125
0.0,74.0,92.0,0.1932990625000172,255.00012325,255.1934223125
0.0,71.0,102.0,0.0708763229166891,255.1547625,255.2256388229167
0.0,-1.0,0.0,0.08376292708331334,255.2256388229167,255.30940175
0.0,66.0,81.0,0.068728555555566,255.30940175,255.3781303055556
0.0,-1.0,0.0,0.08591069444443633,255.3781303055556,255.46404100000004
0.0,66.0,80.0,0.1524914826388983,255.46404100000004,255.61653248263892
0.0,-1.0,0.0,0.002147767361094566,255.61653248263892,255.61868025
0.0,66.0,83.0,0.1965207135416732,255.61868025,255.81520096354168
0.0,66.0,97.0,0.0773196250000154,255.7733195,255.850639125
0.0,-1.0,0.0,0.07731962500000122,255.850639125,255.92795875
0.0,66.0,113.0,0.0902062291666823,255.92795875,256.01816497916667
0.0,-1.0,0.0,0.06443302083334856,256.01816497916667,256.082598
0.0,64.0,77.0,0.1868557604166909,256.082598,256.2694537604167
0.0,66.0,85.0,0.1997423645833578,256.23723725,256.4369796145834
0.0,71.0,97.0,0.0708763229166606,256.3918765,256.4627528229167
0.0,-1.0,0.0,0.08376292708334176,256.4627528229167,256.54651575
0.0,66.0,84.0,0.1127577864583504,256.54651575,256.6592735364584
0.0,-1.0,0.0,0.19652071354158807,256.6592735364584,256.85579425
0.0,66.0,113.0,0.1288660416666971,256.85579425,256.98466029166667
0.0,-1.0,0.0,0.02577320833330532,256.98466029166667,257.0104335
0.0,75.0,102.0,0.0386598124999864,257.0104335,257.0490933125
0.0,66.0,102.0,0.1965207135416733,256.85579425,257.0523149635416
0.0,-1.0,0.0,0.11275778645835999,257.0523149635416,257.16507275
0.0,68.0,79.0,0.1546392500000024,257.16507275,257.319712
0.0,-1.0,0.0,0.15463925000000245,257.319712,257.47435125
0.0,68.0,92.0,0.1804124583333361,257.47435125,257.6547637083333
0.0,68.0,88.0,0.0773196250000012,257.6289905,257.706310125
0.0,-1.0,0.0,0.0773196249999728,257.706310125,257.78362975
0.0,67.0,78.0,0.0880584618055498,257.78362975,257.8716882118055
0.0,-1.0,0.0,0.06658078819447155,257.8716882118055,257.938269
0.0,67.0,78.0,0.1310138090277821,257.938269,258.0692828090277
0.0,-1.0,0.0,0.02362544097229602,258.0692828090277,258.09290825
0.0,67.0,84.0,0.1417526458333213,258.09290825,258.2346608958333
0.0,-1.0,0.0,0.012886604166681082,258.2346608958333,258.2475475
0.0,68.0,108.0,0.0998711822916504,258.2475475,258.3474186822916
0.0,-1.0,0.0,0.054768067708380386,258.3474186822916,258.40218675
0.0,67.0,102.0,0.096649531249966,258.40218675,258.49883628125
0.0,-1.0,0.0,0.0579897187499796,258.49883628125,258.556826
0.0,66.0,85.0,0.1804124583333077,258.556826,258.7372384583333
0.0,76.0,88.0,0.1932990624999888,258.71146525,258.9047643125
0.0,68.0,76.0,0.0805412760416572,258.8661045,258.94664577604163
0.0,60.0,75.0,0.3350517083333102,258.71146525,259.0465169583333
0.0,66.0,92.0,0.1202749722222051,259.02074375,259.1410187222222
0.0,-1.0,0.0,0.18900352777779972,259.1410187222222,259.33002225
0.0,64.0,84.0,0.0528350770833184,259.33002225,259.38285732708334
0.0,-1.0,0.0,0.10180417291667254,259.38285732708334,259.4846615
0.0,62.0,87.0,0.0467139401041975,259.4846615,259.5313754401042
0.0,-1.0,0.0,0.10792530989579063,259.5313754401042,259.63930075
0.0,60.0,93.0,0.1691366796875399,259.63930075,259.8084374296876
0.0,-1.0,0.0,0.14014182031240807,259.8084374296876,259.94857925
0.0,63.0,91.0,0.1868557604167051,259.94857925,260.1354350104167
0.0,63.0,100.0,0.0934278802083383,260.1032185,260.19664638020834
0.0,-1.0,0.0,0.061211369791692505,260.19664638020834,260.25785775
0.0,62.0,92.0,0.1739691562499955,260.25785775,260.43182690625
0.0,-1.0,0.0,0.1353093437499524,260.43182690625,260.56713625
0.0,63.0,99.0,0.1589347847222294,260.56713625,260.7260710347222
0.0,-1.0,0.0,0.15034371527775647,260.7260710347222,260.87641475
0.0,64.0,87.0,0.1675258541666835,260.87641475,261.04394060416666
0.0,-1.0,0.0,0.14175264583332137,261.04394060416666,261.18569325
0.0,63.0,90.0,0.1836341093749922,261.18569325,261.3693273593749
0.0,63.0,90.0,0.0966495312499944,261.3403325,261.43698203124995
0.0,-1.0,0.0,0.057989718750036445,261.43698203124995,261.49497175
0.0,62.0,91.0,0.1439004131944443,261.49497175,261.63887216319443
0.0,-1.0,0.0,0.16537808680556054,261.63887216319443,261.80425025
0.0,63.0,102.0,0.1460481805555483,261.80425025,261.9502984305556
0.0,-1.0,0.0,0.1632303194443807,261.9502984305556,262.11352875
0.0,64.0,77.0,0.1852449348958202,262.11352875,262.2987736848958
0.0,-1.0,0.0,0.12403356510418462,262.2987736848958,262.42280725
0.0,68.0,91.0,0.1578609010416584,262.42280725,262.58066815104166
0.0,68.0,97.0,0.0676546718749761,262.5774465,262.64510117187496
0.0,-1.0,0.0,0.08698457812505467,262.64510117187496,262.73208575
0.0,67.0,79.0,0.0837629270833227,262.73208575,262.8158486770833
0.0,-1.0,0.0,0.07087632291671753,262.8158486770833,262.886725
0.0,67.0,83.0,0.103092833333297,262.886725,262.9898178333333
0.0,-1.0,0.0,0.051546416666724326,262.9898178333333,263.04136425
0.0,71.0,79.0,0.120274972222262,263.04136425,263.1616392222223
0.0,-1.0,0.0,0.034364277777740426,263.1616392222223,263.1960035
0.0,68.0,104.0,0.0934278802083667,263.1960035,263.2894313802084
0.0,-1.0,0.0,0.06121136979163566,263.2894313802084,263.35064275
0.0,67.0,102.0,0.0902062291667107,263.35064275,263.4408489791668
0.0,-1.0,0.0,0.06443302083323488,263.4408489791668,263.505282
0.0,54.0,84.0,0.1224227395833281,263.505282,263.6277047395833
0.0,-1.0,0.0,0.032216510416731126,263.6277047395833,263.65992125
0.0,78.0,51.0,0.0322165104166742,263.65992125,263.6921377604167
0.0,66.0,102.0,0.2061856666666699,263.505282,263.7114676666667
0.0,60.0,78.0,0.1675258541666835,263.65992125,263.8274471041667
0.0,68.0,92.0,0.0515464166666674,263.8145605,263.8661069166667
0.0,76.0,102.0,0.2319588750000321,263.65992125,263.89188012500006
0.0,-1.0,0.0,0.07731962499991596,263.89188012500006,263.96919975
0.0,66.0,77.0,0.1718213888888915,263.96919975,264.14102113888885
0.0,-1.0,0.0,0.13745711111113224,264.14102113888885,264.27847825
0.0,75.0,85.0,0.0998711822916646,264.27847825,264.37834943229166
0.0,-1.0,0.0,0.05476806770832354,264.37834943229166,264.4331175
0.0,66.0,102.0,0.0322165104166742,264.4331175,264.46533401041665
0.0,60.0,92.0,0.1868557604166767,264.27847825,264.46533401041665
0.0,64.0,97.0,0.0515464166666674,264.4331175,264.48466391666665
0.0,-1.0,0.0,0.25773208333339426,264.48466391666665,264.74239600000004
0.0,65.0,81.0,0.0493986493055539,264.74239600000004,264.7917946493056
0.0,-1.0,0.0,0.10524060069440111,264.7917946493056,264.89703525
0.0,64.0,88.0,0.0902062291666538,264.89703525,264.98724147916664
0.0,-1.0,0.0,0.219072270833351,264.98724147916664,265.20631375
0.0,62.0,92.0,0.0863402479166551,265.20631375,265.29265399791666
0.0,-1.0,0.0,0.22293825208333828,265.29265399791666,265.51559225
0.0,62.0,100.0,0.0605670395833271,265.51559225,265.5761592895833
0.0,-1.0,0.0,1.6404647104167225,265.5761592895833,267.216624
0.0,69.0,91.0,0.1460481805555673,267.216624,267.3626721805556
0.0,-1.0,0.0,0.008591069444435107,267.3626721805556,267.37126325
0.0,68.0,102.0,0.1932990624999888,267.37126325,267.5645623125
0.0,68.0,116.0,0.0837629270833417,267.5259025,267.6096654270833
0.0,-1.0,0.0,0.07087632291666068,267.6096654270833,267.68054175
0.0,67.0,101.0,0.1847079930555727,267.68054175,267.8652497430556
0.0,-1.0,0.0,0.12457050694439431,267.8652497430556,267.98982025
0.0,74.0,109.0,0.1546392500000024,267.98982025,268.1444595
0.0,66.0,68.0,0.0365120451388823,268.1444595,268.18097154513885
0.0,56.0,102.0,0.1932990624999888,267.98982025,268.1831193125
0.0,-1.0,0.0,0.1159794374999592,268.1831193125,268.29909875
0.0,71.0,82.0,0.1224227395833281,268.29909875,268.4215214895833
0.0,-1.0,0.0,0.18685576041667673,268.4215214895833,268.60837725
0.0,68.0,111.0,0.164304203124999,268.60837725,268.77268145312496
0.0,68.0,108.0,0.0966495312499943,268.7630165,268.85966603125
0.0,-1.0,0.0,0.0579897187499796,268.85966603125,268.91765575
0.0,70.0,79.0,0.0945017638888808,268.91765575,269.0121575138889
0.0,-1.0,0.0,0.06013748611110259,269.0121575138889,269.072295
0.0,67.0,87.0,0.1396048784722172,269.072295,269.2118998784722
0.0,-1.0,0.0,0.015034371527804069,269.2118998784722,269.22693425
0.0,68.0,105.0,0.1900774114583327,269.22693425,269.41701166145833
0.0,68.0,111.0,0.1256443906249842,269.3815735,269.507217890625
0.0,-1.0,0.0,0.028994859375018223,269.507217890625,269.53621275
0.0,73.0,87.0,0.0837629270833133,269.53621275,269.6199756770833
0.0,-1.0,0.0,0.07087632291671753,269.6199756770833,269.690852
0.0,67.0,93.0,0.1460481805555483,269.690852,269.8369001805556
0.0,-1.0,0.0,0.008591069444435107,269.8369001805556,269.84549125
0.0,68.0,100.0,0.1868557604166483,269.84549125,270.03234701041663
0.0,68.0,108.0,0.0773196249999727,270.0001305,270.077450125
0.0,-1.0,0.0,0.07731962500002965,270.077450125,270.15476975
0.0,67.0,80.0,0.0794673923610768,270.15476975,270.2342371423611
0.0,-1.0,0.0,0.07517185763890666,270.2342371423611,270.309409
0.0,67.0,85.0,0.1524914826389173,270.309409,270.4619004826389
0.0,-1.0,0.0,0.0021477673611229875,270.4619004826389,270.46404825
0.0,60.0,92.0,0.1610825520833714,270.46404825,270.6251308020834
0.0,72.0,120.0,0.0451031145833553,270.6186875,270.6637906145834
0.0,76.0,113.0,0.1997423645833578,270.46404825,270.6637906145834
0.0,67.0,107.0,0.0773196250000011,270.6186875,270.696007125
0.0,-1.0,0.0,0.07731962500002965,270.696007125,270.77332675
0.0,67.0,113.0,0.0966495312500228,270.77332675,270.86997628125005
0.0,-1.0,0.0,0.0579897187499796,270.86997628125005,270.927966
0.0,68.0,74.0,0.1079253098958616,270.927966,271.0358913098959
0.0,-1.0,0.0,0.04671394010409813,271.0358913098959,271.08260525
0.0,71.0,84.0,0.1739691562500146,271.08260525,271.25657440625
0.0,68.0,97.0,0.0773196250000011,271.2372445,271.31456412499995
0.0,-1.0,0.0,0.07731962500002965,271.31456412499995,271.39188375
0.0,65.0,87.0,0.1594717265625149,271.39188375,271.5513554765625
0.0,-1.0,0.0,0.14980677343748994,271.5513554765625,271.70116225
0.0,66.0,97.0,0.1932990624999887,271.70116225,271.8944613125
0.0,-1.0,0.0,0.1159794374999592,271.8944613125,272.01044075
0.0,66.0,106.0,0.1890035277777807,272.01044075,272.1994442777778
0.0,-1.0,0.0,0.12027497222220518,272.1994442777778,272.31971925
0.0,66.0,102.0,0.1932990624999888,272.31971925,272.5130183125
0.0,66.0,102.0,0.0676546718750045,272.4743585,272.542013171875
0.0,-1.0,0.0,0.08698457812499782,272.542013171875,272.62899775
0.0,66.0,81.0,0.1320876927083247,272.62899775,272.7610854427083
0.0,-1.0,0.0,0.17719080729170855,272.7610854427083,272.93827625
0.0,66.0,113.0,0.1868557604166482,272.93827625,273.1251320104166
0.0,66.0,102.0,0.0676546718749762,273.0929155,273.1605701718749
0.0,-1.0,0.0,0.08698457812511151,273.1605701718749,273.24755475
0.0,66.0,102.0,0.1524914826388605,273.24755475,273.4000462326389
0.0,-1.0,0.0,0.15678701736112544,273.4000462326389,273.55683325
0.0,73.0,70.0,0.1707475052083111,273.55683325,273.7275807552083
0.0,67.0,87.0,0.0687285555555376,273.7114725,273.78020105555555
0.0,59.0,102.0,0.2384021770832873,273.55683325,273.7952354270833
0.0,-1.0,0.0,0.07087632291671753,273.7952354270833,273.86611175
0.0,71.0,90.0,0.1374571111111511,273.86611175,274.00356886111115
0.0,-1.0,0.0,0.017182138888870213,274.00356886111115,274.020751
0.0,59.0,53.0,0.0579897187500364,274.020751,274.07874071875005
0.0,52.0,92.0,0.219072270833351,273.86611175,274.08518402083337
0.0,-1.0,0.0,0.09020622916665388,274.08518402083337,274.17539025
0.0,66.0,108.0,0.1771908072916801,274.17539025,274.3525810572917
0.0,66.0,111.0,0.0773196250000296,274.3300295,274.40734912500005
0.0,-1.0,0.0,0.0773196249999728,274.40734912500005,274.48466875
0.0,69.0,102.0,0.0708763229166606,274.48466875,274.5555450729167
0.0,-1.0,0.0,0.08376292708334176,274.5555450729167,274.639308
0.0,65.0,76.0,0.1320876927083531,274.639308,274.7713956927084
0.0,-1.0,0.0,0.17719080729159487,274.7713956927084,274.9485865
0.0,75.0,127.0,0.0322165104166742,274.9485865,274.98080301041665
0.0,69.0,100.0,0.2029640156250138,274.79394725,274.996911265625
0.0,69.0,102.0,0.0644330208333485,274.9485865,275.0130195208333
0.0,-1.0,0.0,0.09020622916665388,275.0130195208333,275.10322575
0.0,68.0,92.0,0.1868557604166767,275.10322575,275.29008151041666
0.0,-1.0,0.0,0.12242273958332817,275.29008151041666,275.41250425
0.0,67.0,96.0,0.117268097916667,275.41250425,275.52977234791666
0.0,-1.0,0.0,0.03737115208332398,275.52977234791666,275.5671435
0.0,56.0,56.0,0.0708763229166606,275.5671435,275.63801982291665
0.0,-1.0,0.0,0.08376292708328492,275.63801982291665,275.72178274999993
0.0,63.0,88.0,0.1331615763888862,275.72178274999993,275.8549443263888
0.0,-1.0,0.0,0.17611692361117548,275.8549443263888,276.03106125
0.0,63.0,107.0,0.1932990624999888,276.03106125,276.2243603125
0.0,68.0,113.0,0.096649531249966,276.1857005,276.28235003125
0.0,-1.0,0.0,0.0579897187499796,276.28235003125,276.34033975
0.0,62.0,106.0,0.1890035277777617,276.34033975,276.52934327777774
0.0,-1.0,0.0,0.12027497222226202,276.52934327777774,276.64961825
0.0,63.0,113.0,0.1353093437499902,276.64961825,276.78492759375
0.0,-1.0,0.0,0.17396915624999565,276.78492759375,276.95889675
0.0,66.0,93.0,0.1691366796874688,276.95889675,277.1280334296875
0.0,-1.0,0.0,0.14014182031252176,277.1280334296875,277.26817525
0.0,66.0,104.0,0.0945017638888619,277.26817525,277.36267701388886
0.0,-1.0,0.0,0.06013748611115943,277.36267701388886,277.4228145
0.0,68.0,113.0,0.0902062291666822,277.4228145,277.51302072916667
0.0,-1.0,0.0,0.06443302083334856,277.51302072916667,277.57745375
0.0,67.0,96.0,0.1890035277777997,277.57745375,277.7664572777778
0.0,-1.0,0.0,0.12027497222220518,277.7664572777778,277.88673225
0.0,74.0,120.0,0.1578609010416869,277.88673225,278.0445931510417
0.0,75.0,92.0,0.0322165104166742,278.0413715,278.0735880104167
0.0,56.0,102.0,0.1997423645833578,277.88673225,278.0864746145834
0.0,-1.0,0.0,0.10953613541664708,278.0864746145834,278.19601075
0.0,69.0,98.0,0.1718213888889105,278.19601075,278.36783213888896
0.0,-1.0,0.0,0.13745711111101855,278.36783213888896,278.50528925
0.0,69.0,92.0,0.1073883680555619,278.50528925,278.6126776180556
0.0,-1.0,0.0,0.047250881944364664,278.6126776180556,278.6599285
0.0,68.0,107.0,0.0869845781249977,278.6599285,278.746913078125
0.0,-1.0,0.0,0.06765467187500462,278.746913078125,278.81456775
0.0,75.0,77.0,0.0708763229166606,278.81456775,278.88544407291664
0.0,-1.0,0.0,0.08376292708334176,278.88544407291664,278.969207
0.0,67.0,87.0,0.1847079930555727,278.969207,279.15391499305554
0.0,68.0,100.0,0.219072270833351,279.12384625,279.34291852083334
0.0,72.0,102.0,0.0773196249999728,279.2784855,279.355805125
0.0,-1.0,0.0,0.0773196249999728,279.355805125,279.43312475
0.0,68.0,78.0,0.154639249999991,279.43312475,279.587764
0.0,-1.0,0.0,0.15463925000000245,279.587764,279.74240325
0.0,68.0,105.0,0.1481959479166334,279.74240325,279.89059919791663
0.0,-1.0,0.0,0.0064433020833689625,279.89059919791663,279.8970425
0.0,68.0,102.0,0.0676546718749762,279.8970425,279.96469717187495
0.0,-1.0,0.0,0.08698457812505467,279.96469717187495,280.05168175
0.0,67.0,82.0,0.0859106944444457,280.05168175,280.13759244444446
0.0,-1.0,0.0,0.0687285555555377,280.13759244444446,280.206321
0.0,67.0,87.0,0.1353093437499902,280.206321,280.34163034375
0.0,-1.0,0.0,0.0193299062499932,280.34163034375,280.36096025
0.0,68.0,94.0,0.1675258541666266,280.36096025,280.52848610416663
0.0,68.0,116.0,0.0773196249999727,280.5155995,280.592919125
0.0,-1.0,0.0,0.07731962500002965,280.592919125,280.67023875
0.0,72.0,73.0,0.0676546718749761,280.67023875,280.73789342187496
0.0,-1.0,0.0,0.08698457812505467,280.73789342187496,280.824878
0.0,66.0,61.0,0.0998711822916504,280.824878,280.92474918229163
0.0,-1.0,0.0,0.054768067708380386,280.92474918229163,280.97951725
0.0,78.0,60.0,0.0515464166666674,280.97951725,281.0310636666667
0.0,66.0,102.0,0.2384021770832873,280.824878,281.0632801770833
0.0,68.0,90.0,0.1771908072917085,280.97951725,281.1567080572917
0.0,68.0,111.0,0.0644330208333769,281.1341565,281.19858952083337
0.0,-1.0,0.0,0.09020622916665388,281.19858952083337,281.28879575
0.0,66.0,75.0,0.0644330208333674,281.28879575,281.35322877083337
0.0,-1.0,0.0,0.09020622916665388,281.35322877083337,281.443435
0.0,66.0,83.0,0.2469932465277982,281.443435,281.6904282465278
0.0,68.0,92.0,0.1932990625000172,281.59807425,281.7913733125
0.0,72.0,102.0,0.0644330208333485,281.7527135,281.8171465208334
0.0,-1.0,0.0,0.09020622916659704,281.8171465208334,281.90735275
0.0,66.0,86.0,0.1825602256944496,281.90735275,282.0899129756944
0.0,-1.0,0.0,0.12671827430557414,282.0899129756944,282.21663125
0.0,74.0,120.0,0.1997423645833578,282.21663125,282.41637361458334
0.0,66.0,95.0,0.0644330208333485,282.3712705,282.43570352083333
0.0,59.0,102.0,0.2255155729166631,282.21663125,282.44214682291664
0.0,-1.0,0.0,0.08376292708334176,282.44214682291664,282.52590975
0.0,66.0,80.0,0.1369201692708372,282.52590975,282.6628299192708
0.0,-1.0,0.0,0.17235833072919604,282.6628299192708,282.83518825
0.0,66.0,107.0,0.1836341093750206,282.83518825,283.018822359375
0.0,66.0,94.0,0.0676546718749762,282.9898275,283.057482171875
0.0,-1.0,0.0,0.08698457812499782,283.057482171875,283.14446675
0.0,66.0,96.0,0.1932990624999887,283.14446675,283.3377658125
0.0,-1.0,0.0,0.11597943750001605,283.3377658125,283.45374525
0.0,66.0,90.0,0.1868557604166482,283.45374525,283.6406010104166
0.0,67.0,88.0,0.0601374861111025,283.6083845,283.6685219861111
0.0,-1.0,0.0,0.09450176388889986,283.6685219861111,283.76302375
0.0,64.0,94.0,0.1514175989583321,283.76302375,283.91444134895835
0.0,-1.0,0.0,0.1578609010416585,283.91444134895835,284.07230225
0.0,66.0,97.0,0.1739691562499956,284.07230225,284.24627140625
0.0,66.0,108.0,0.0612113697916356,284.2269415,284.28815286979165
0.0,-1.0,0.0,0.09342788020836679,284.28815286979165,284.38158075
0.0,69.0,82.0,0.0644330208333106,284.38158075,284.4460137708333
0.0,-1.0,0.0,0.09020622916671073,284.4460137708333,284.53622
0.0,69.0,83.0,0.1417526458333592,284.53622,284.6779726458334
0.0,-1.0,0.0,0.012886604166624238,284.6779726458334,284.69085925
0.0,62.0,78.0,0.1675258541666835,284.69085925,284.8583851041667
0.0,65.0,88.0,0.0515464166666674,284.8454985,284.8970449166667
0.0,77.0,102.0,0.219072270833351,284.69085925,284.90993152083337
0.0,74.0,127.0,0.0837629270833417,284.8454985,284.92926142708336
0.0,-1.0,0.0,0.07087632291666068,284.92926142708336,285.00013775
0.0,68.0,72.0,0.0773196250000296,285.00013775,285.07745737500005
0.0,-1.0,0.0,0.0773196249999728,285.07745737500005,285.154777
0.0,71.0,78.0,0.1224227395833707,285.154777,285.2771997395834
0.0,-1.0,0.0,0.03221651041661744,285.2771997395834,285.30941625
0.0,62.0,92.0,0.1804124583333646,285.30941625,285.4898287083334
0.0,73.0,69.0,0.0644330208333485,285.4640555,285.5284885208333
0.0,77.0,113.0,0.2319588750000321,285.30941625,285.54137512500006
0.0,74.0,120.0,0.0966495312500228,285.4640555,285.56070503125
0.0,-1.0,0.0,0.0579897187499796,285.56070503125,285.61869475
0.0,69.0,102.0,0.0837629270833417,285.61869475,285.7024576770833
0.0,-1.0,0.0,0.07087632291666068,285.7024576770833,285.773334
0.0,68.0,85.0,0.1610825520833334,285.773334,285.9344165520833
0.0,69.0,81.0,0.1868557604166767,285.92797325,286.11482901041666
0.0,69.0,106.0,0.0579897187500079,286.0826125,286.14060221875
0.0,-1.0,0.0,0.096649531249966,286.14060221875,286.23725175
0.0,68.0,76.0,0.0665807881944336,286.23725175,286.3038325381944
0.0,-1.0,0.0,0.08805846180558774,286.3038325381944,286.391891
0.0,68.0,89.0,0.2749142222222265,286.391891,286.6668052222222
0.0,-1.0,0.0,0.03436427777779727,286.6668052222222,286.7011695
0.0,75.0,127.0,0.0257732083333053,286.7011695,286.7269427083333
0.0,77.0,92.0,0.2319588749999752,286.54653025,286.778489125
0.0,69.0,114.0,0.0966495312499944,286.7011695,286.79781903125
0.0,62.0,102.0,0.2963918958333238,286.54653025,286.8429221458333
0.0,-1.0,0.0,0.012886604166681082,286.8429221458333,286.85580875
0.0,74.0,82.0,0.0773196250000011,286.85580875,286.933128375
0.0,-1.0,0.0,0.0773196249999728,286.933128375,287.010448
0.0,59.0,92.0,0.2706186874999901,287.010448,287.2810666875
0.0,-1.0,0.0,0.19329906249998885,287.2810666875,287.47436575
0.0,60.0,92.0,0.0451031145833098,287.47436575,287.5194688645833
0.0,-1.0,0.0,0.4188146354167088,287.5194688645833,287.9382835
0.0,60.0,82.0,0.3453609916666437,287.9382835,288.2836444916667
0.0,-1.0,0.0,0.1185567583333409,288.2836444916667,288.40220125
0.0,60.0,102.0,0.0567010583333512,288.40220125,288.4589023083334
0.0,-1.0,0.0,0.4072166916666333,288.4589023083334,288.866119
0.0,60.0,90.0,0.3118558208333525,288.866119,289.17797482083336
0.0,-1.0,0.0,0.15206192916662076,289.17797482083336,289.33003675
0.0,62.0,101.0,0.0579897187500174,289.33003675,289.38802646875
0.0,-1.0,0.0,0.23840217708328737,289.38802646875,289.6264286458333
0.0,62.0,120.0,0.0902062291667107,289.6264286458333,289.716634875
0.0,50.0,113.0,0.1288660416666402,289.61998534375,289.74885138541663
0.0,-1.0,0.0,0.1997423645833578,289.74885138541663,289.94859375
0.0,62.0,113.0,0.0902062291666538,289.94859375,290.03879997916664
0.0,50.0,113.0,0.0966495312500228,289.96792365625,290.0645731875
0.0,-1.0,0.0,0.18041245833330777,290.0645731875,290.2449856458333
0.0,62.0,113.0,0.0902062291666538,290.2449856458333,290.335191875
0.0,50.0,120.0,0.0902062291666538,290.27720215625,290.36740838541664
0.0,-1.0,0.0,0.1997423645833578,290.36740838541664,290.56715075
0.0,62.0,113.0,0.0773196249999728,290.56715075,290.644470375
0.0,50.0,120.0,0.0773196249999728,290.59936726041667,290.67668688541664
0.0,-1.0,0.0,0.19329906249998885,290.67668688541664,290.86998594791663
0.0,62.0,120.0,0.0579897187500364,290.86998594791663,290.92797566666667
0.0,50.0,120.0,0.0644330208333485,290.8828725520833,290.94730557291666
0.0,-1.0,0.0,0.07087632291666068,290.94730557291666,291.0181818958333
0.0,62.0,113.0,0.0644330208333485,291.0181818958333,291.08261491666667
0.0,50.0,102.0,0.0708763229166606,291.0310685,291.10194482291666
0.0,-1.0,0.0,0.08376292708334176,291.10194482291666,291.18570775
0.0,62.0,120.0,0.0708763229166606,291.18570775,291.25658407291667
0.0,50.0,120.0,0.0708763229166606,291.20503765625,291.27591397916666
0.0,-1.0,0.0,0.20618566666666993,291.27591397916666,291.48209964583333
0.0,62.0,120.0,0.0644330208333485,291.48209964583333,291.5465326666667
0.0,50.0,127.0,0.0902062291666538,291.49498625,291.58519247916666
0.0,-1.0,0.0,0.3608249166666724,291.58519247916666,291.94601739583334
0.0,43.0,113.0,0.0708763229166606,291.94601739583334,292.01689371875
0.0,55.0,120.0,0.0644330208333485,291.95246069791665,292.01689371875
0.0,-1.0,0.0,0.11597943750001605,292.01689371875,292.13287315625
0.0,55.0,113.0,0.0708763229167175,292.13287315625,292.2037494791668
0.0,43.0,113.0,0.0644330208333485,292.14575976041664,292.21019278125
0.0,-1.0,0.0,0.2126289687500389,292.21019278125,292.42282175
0.0,43.0,127.0,0.335051708333367,292.42282175,292.7578734583334
0.0,55.0,120.0,0.3608249166666724,292.40349184375,292.76431676041665
0.0,-1.0,0.0,0.13530934375000925,292.76431676041665,292.89962610416666
0.0,55.0,127.0,0.0773196249999728,292.89962610416666,292.97694572916663
0.0,43.0,127.0,0.0837629270833417,292.91895601041665,293.0027189375
35.0,31.0,97.0,0.373711520833333,2.474228,2.847939520833333
35.0,-1.0,0.0,0.09020622916666676,2.847939520833333,2.93814575
35.0,38.0,127.0,0.3479383124999997,2.93814575,3.2860840625
35.0,-1.0,0.0,0.11597943750000006,3.2860840625,3.4020635
35.0,38.0,120.0,0.2061856666666668,3.4020635,3.608249166666667
35.0,-1.0,0.0,0.10309283333333319,3.608249166666667,3.711342
35.0,32.0,97.0,0.1900774114583336,3.711342,3.901419411458334
35.0,-1.0,0.0,0.27384033854166656,3.901419411458334,4.17525975
35.0,38.0,127.0,0.3479383125000002,4.17525975,4.523198062500001
35.0,-1.0,0.0,0.11597943749999917,4.523198062500001,4.6391775
35.0,38.0,120.0,0.1675258541666666,4.6391775,4.806703354166666
35.0,-1.0,0.0,0.1417526458333338,4.806703354166666,4.948456
35.0,40.0,120.0,0.3221651041666664,4.948456,5.270621104166667
35.0,-1.0,0.0,0.1417526458333338,5.270621104166667,5.41237375
35.0,35.0,102.0,0.2899485937500001,5.41237375,5.702322343750001
35.0,-1.0,0.0,0.1739691562499992,5.702322343750001,5.8762915
35.0,35.0,120.0,0.2126289687499998,5.8762915,6.08892046875
35.0,-1.0,0.0,0.09664953124999975,6.08892046875,6.185569999999999
35.0,40.0,120.0,0.360824916666667,6.185569999999999,6.546394916666666
35.0,-1.0,0.0,0.10309283333333319,6.546394916666666,6.64948775
35.0,35.0,113.0,0.3350517083333333,6.64948775,6.984539458333333
35.0,-1.0,0.0,0.12886604166666693,6.984539458333333,7.1134055
35.0,35.0,113.0,0.1997423645833329,7.1134055,7.313147864583333
35.0,-1.0,0.0,0.10953613541666662,7.313147864583333,7.422683999999999
35.0,33.0,102.0,0.3801548229166664,7.422683999999999,7.802838822916666
35.0,-1.0,0.0,0.08376292708333377,7.802838822916666,7.88660175
35.0,40.0,120.0,0.4510311458333325,7.88660175,8.337632895833332
35.0,-1.0,0.0,0.01288660416666687,8.337632895833332,8.350519499999999
35.0,47.0,120.0,0.1610825520833341,8.350519499999999,8.511602052083333
35.0,-1.0,0.0,0.14819594791666724,8.511602052083333,8.659798
35.0,33.0,102.0,0.4252579374999996,8.659798,9.0850559375
35.0,-1.0,0.0,0.03865981250000061,9.0850559375,9.12371575
35.0,40.0,120.0,0.3092785000000013,9.12371575,9.432994250000002
35.0,-1.0,0.0,0.1546392499999989,9.432994250000002,9.5876335
35.0,40.0,120.0,0.1868557604166678,9.5876335,9.774489260416669
35.0,-1.0,0.0,0.12242273958333172,9.774489260416669,9.896912
35.0,38.0,120.0,0.3221651041666664,9.896912,10.219077104166669
35.0,-1.0,0.0,0.14175264583333202,10.219077104166669,10.36082975
35.0,38.0,120.0,0.1288660416666669,10.36082975,10.489695791666668
35.0,-1.0,0.0,0.18041245833333264,10.489695791666668,10.67010825
35.0,38.0,127.0,0.0966495312499997,10.67010825,10.76675778125
35.0,-1.0,0.0,0.05798971875000092,10.76675778125,10.8247475
35.0,36.0,102.0,0.1288660416666669,10.8247475,10.953613541666668
35.0,-1.0,0.0,0.025773208333331965,10.953613541666668,10.97938675
35.0,33.0,102.0,0.1224227395833335,10.97938675,11.101809489583331
35.0,-1.0,0.0,0.18685576041666785,11.101809489583331,11.28866525
35.0,40.0,120.0,0.0966495312499997,11.28866525,11.38531478125
35.0,-1.0,0.0,0.05798971874999914,11.38531478125,11.4433045
35.0,38.0,120.0,0.8634024791666661,11.4433045,12.306706979166666
35.0,-1.0,0.0,0.06443302083333435,12.306706979166666,12.37114
35.0,31.0,113.0,0.3286084062499999,12.37114,12.69974840625
35.0,-1.0,0.0,0.13530934375000037,12.69974840625,12.83505775
35.0,38.0,113.0,0.2963918958333345,12.83505775,13.131449645833335
35.0,-1.0,0.0,0.167525854166664,13.131449645833335,13.2989755
35.0,38.0,120.0,0.2255155729166666,13.2989755,13.524491072916666
35.0,-1.0,0.0,0.08376292708333466,13.524491072916666,13.608254
35.0,31.0,92.0,0.3286084062499999,13.608254,13.93686240625
35.0,-1.0,0.0,0.13530934375000037,13.93686240625,14.07217175
35.0,38.0,120.0,0.3028351979166661,14.07217175,14.375006947916669
35.0,-1.0,0.0,0.16108255208333055,14.375006947916669,14.5360895
35.0,38.0,120.0,0.1739691562499992,14.5360895,14.710058656249998
35.0,-1.0,0.0,0.13530934375000214,14.710058656249998,14.845368
35.0,40.0,120.0,0.315721802083333,14.845368,15.161089802083334
35.0,-1.0,0.0,0.14819594791666724,15.161089802083334,15.30928575
35.0,35.0,102.0,0.2319588750000001,15.30928575,15.541244625
35.0,-1.0,0.0,0.23195887500000012,15.541244625,15.7732035
35.0,35.0,102.0,0.1997423645833329,15.7732035,15.972945864583332
35.0,-1.0,0.0,0.10953613541666662,15.972945864583332,16.082482
35.0,40.0,113.0,0.3479383125000019,16.082482,16.4304203125
35.0,-1.0,0.0,0.11597943749999828,16.4304203125,16.54639975
35.0,35.0,113.0,0.289948593750001,16.54639975,16.83634834375
35.0,-1.0,0.0,0.1739691562499992,16.83634834375,17.0103175
35.0,35.0,102.0,0.1739691562499992,17.0103175,17.18428665625
35.0,-1.0,0.0,0.13530934375000214,17.18428665625,17.319596
35.0,33.0,102.0,0.3479383124999984,17.319596,17.6675343125
35.0,-1.0,0.0,0.11597943749999828,17.6675343125,17.783513749999997
35.0,40.0,120.0,0.289948593750001,17.783513749999997,18.07346234375
35.0,-1.0,0.0,0.17396915625000275,18.07346234375,18.2474315
35.0,40.0,120.0,0.2126289687499998,18.2474315,18.46006046875
35.0,-1.0,0.0,0.09664953124999798,18.46006046875,18.55671
35.0,33.0,102.0,0.3092785000000013,18.55671,18.8659885
35.0,-1.0,0.0,0.1546392499999989,18.8659885,19.02062775
35.0,40.0,127.0,0.2835052916666676,19.02062775,19.304133041666667
35.0,-1.0,0.0,0.18041245833333264,19.304133041666667,19.4845455
35.0,40.0,120.0,0.1675258541666657,19.4845455,19.652071354166665
35.0,-1.0,0.0,0.14175264583333558,19.652071354166665,19.793824
35.0,38.0,120.0,0.2899485937499975,19.793824,20.08377259375
35.0,-1.0,0.0,0.17396915625000275,20.08377259375,20.25774175
35.0,33.0,97.0,0.1675258541666693,20.25774175,20.42526760416667
35.0,-1.0,0.0,0.14175264583332847,20.42526760416667,20.56702025
35.0,38.0,113.0,0.0902062291666681,20.56702025,20.657226479166667
35.0,-1.0,0.0,0.06443302083333435,20.657226479166667,20.7216595
35.0,36.0,102.0,0.1030928333333349,20.7216595,20.824752333333336
35.0,-1.0,0.0,0.05154641666666393,20.824752333333336,20.87629875
35.0,33.0,113.0,0.1224227395833317,20.87629875,20.99872148958333
35.0,-1.0,0.0,0.18685576041667318,20.99872148958333,21.18557725
35.0,40.0,120.0,0.1095361354166684,21.18557725,21.29511338541667
35.0,-1.0,0.0,0.045103114583330495,21.29511338541667,21.3402165
35.0,38.0,120.0,0.5219074687499976,21.3402165,21.86212396875
35.0,33.0,120.0,0.0773196249999976,21.80413425,21.881453875
35.0,-1.0,0.0,0.23195887500000012,21.881453875,22.11341275
35.0,31.0,113.0,1.076031447916666,22.11341275,23.189444197916664
35.0,-1.0,0.0,0.16108255208333588,23.189444197916664,23.35052675
35.0,33.0,120.0,0.6378869062499994,23.35052675,23.98841365625
35.0,38.0,113.0,0.4381445416666665,23.96908375,24.407228291666662
35.0,-1.0,0.0,0.1804124583333362,24.407228291666662,24.58764075
35.0,31.0,113.0,0.6121136979166657,24.58764075,25.199754447916664
35.0,-1.0,0.0,0.006443302083336988,25.199754447916664,25.20619775
35.0,40.0,120.0,0.1159794375000018,25.20619775,25.322177187500003
35.0,-1.0,0.0,0.03865981249999706,25.322177187500003,25.360837
35.0,38.0,120.0,0.1159794374999982,25.360837,25.4768164375
35.0,-1.0,0.0,0.19329906250000306,25.4768164375,25.6701155
35.0,28.0,127.0,1.2371140000000018,25.6701155,26.907229500000003
35.0,-1.0,0.0,0.4639177499999967,26.907229500000003,27.37114725
35.0,40.0,120.0,0.0708763229166642,27.37114725,27.442023572916664
35.0,33.0,120.0,0.2384021770833335,27.216508,27.45491017708333
35.0,-1.0,0.0,0.22551557291667024,27.45491017708333,27.68042575
35.0,38.0,120.0,0.0837629270833346,27.68042575,27.764188677083336
35.0,-1.0,0.0,0.22551557291666313,27.764188677083336,27.98970425
35.0,40.0,120.0,0.0837629270833311,27.98970425,28.07346717708333
35.0,-1.0,0.0,0.07087632291667134,28.07346717708333,28.1443435
35.0,26.0,102.0,1.5141759895833324,28.1443435,29.65851948958333
35.0,-1.0,0.0,0.03221651041667073,29.65851948958333,29.690736
35.0,31.0,120.0,0.1095361354166684,29.690736,29.80027213541667
35.0,-1.0,0.0,0.045103114583330495,29.80027213541667,29.84537525
35.0,40.0,113.0,0.0966495312499979,29.84537525,29.94202478125
35.0,-1.0,0.0,0.2126289687499998,29.94202478125,30.15465375
35.0,38.0,113.0,0.0902062291666681,30.15465375,30.24485997916667
35.0,-1.0,0.0,0.2190722708333297,30.24485997916667,30.46393225
35.0,40.0,120.0,0.1095361354166648,30.46393225,30.573468385416664
35.0,-1.0,0.0,0.0451031145833376,30.573468385416664,30.6185715
35.0,27.0,97.0,0.7699745989583331,30.6185715,31.388546098958336
35.0,-1.0,0.0,0.7764179010416612,31.388546098958336,32.164964
35.0,33.0,120.0,0.1288660416666687,32.164964,32.293830041666666
35.0,-1.0,0.0,0.02577320833333374,32.293830041666666,32.31960325
35.0,40.0,120.0,0.0902062291666681,32.31960325,32.40980947916667
35.0,-1.0,0.0,0.2190722708333297,32.40980947916667,32.62888175
35.0,38.0,127.0,0.0902062291666681,32.62888175,32.719087979166666
35.0,-1.0,0.0,0.2190722708333368,32.719087979166666,32.93816025
35.0,40.0,120.0,0.0902062291666681,32.93816025,33.02836647916667
35.0,-1.0,0.0,0.06443302083332725,33.02836647916667,33.0927995
35.0,26.0,102.0,1.4884027812500022,33.0927995,34.58120228125
35.0,-1.0,0.0,0.05798971875000092,34.58120228125,34.639192
35.0,31.0,127.0,0.0837629270833275,34.639192,34.72295492708333
35.0,-1.0,0.0,2.390465072916669,34.72295492708333,37.11342
35.0,33.0,102.0,0.4059280312499993,37.11342,37.51934803125
35.0,-1.0,0.0,0.07087632291666779,37.51934803125,37.590224354166665
35.0,40.0,113.0,0.3221651041666646,37.590224354166665,37.91238945833333
35.0,-1.0,0.0,0.14175264583333558,37.91238945833333,38.054142104166665
35.0,40.0,127.0,0.2061856666666628,38.054142104166665,38.26032777083333
35.0,-1.0,0.0,0.11597943750000184,38.26032777083333,38.37630720833333
35.0,33.0,102.0,0.3608249166666653,38.37630720833333,38.737132125
35.0,-1.0,0.0,0.11597943749999473,38.737132125,38.8531115625
35.0,40.0,113.0,0.2835052916666711,38.8531115625,39.13661685416667
35.0,-1.0,0.0,0.15463924999999534,39.13661685416667,39.29125610416666
35.0,40.0,120.0,0.2190722708333368,39.29125610416666,39.510328375
35.0,-1.0,0.0,0.09664953125000153,39.510328375,39.60697790625
35.0,33.0,97.0,0.3350517083333386,39.60697790625,39.94202961458334
35.0,-1.0,0.0,0.12242273958332106,39.94202961458334,40.06445235416666
35.0,40.0,127.0,0.2384021770833371,40.06445235416666,40.30285453125
35.0,-1.0,0.0,0.1997423645833294,40.30285453125,40.50259689583333
35.0,40.0,113.0,0.2190722708333368,40.50259689583333,40.721669166666665
35.0,-1.0,0.0,0.11597943750000184,40.721669166666665,40.83764860416667
35.0,33.0,102.0,0.3479383124999984,40.83764860416667,41.185586916666665
35.0,-1.0,0.0,0.09664953125000153,41.185586916666665,41.28223644791667
35.0,40.0,113.0,0.3801548229166656,41.28223644791667,41.66239127083333
35.0,-1.0,0.0,0.10309283333333497,41.66239127083333,41.76548410416667
35.0,33.0,113.0,0.2126289687499962,41.76548410416667,41.97811307291666
35.0,-1.0,0.0,0.09664953125000153,41.97811307291666,42.074762604166665
35.0,38.0,120.0,0.3672682187499987,42.074762604166665,42.44203082291666
35.0,-1.0,0.0,0.09664953125000864,42.44203082291666,42.538680354166665
35.0,33.0,113.0,0.2899485937499975,42.538680354166665,42.82862894791666
35.0,-1.0,0.0,0.16108255208333588,42.82862894791666,42.9897115
35.0,33.0,102.0,0.2190722708333297,42.9897115,43.20878377083333
35.0,-1.0,0.0,0.0902062291666752,43.20878377083333,43.29899
35.0,38.0,120.0,0.3737115208333321,43.29899,43.672701520833336
35.0,-1.0,0.0,0.09020622916666099,43.672701520833336,43.76290775
35.0,33.0,102.0,0.3994847291666659,43.76290775,44.16239247916666
35.0,-1.0,0.0,0.07087632291666779,44.16239247916666,44.23326880208333
35.0,38.0,120.0,0.2255155729166702,44.23326880208333,44.458784375
35.0,-1.0,0.0,0.09664953125000153,44.458784375,44.55543390625
35.0,31.0,97.0,0.3737115208333392,44.55543390625,44.92914542708334
35.0,-1.0,0.0,0.08376292708332045,44.92914542708334,45.01290835416666
35.0,38.0,120.0,0.2577320833333374,45.01290835416666,45.2706404375
35.0,-1.0,0.0,0.1675258541666622,45.2706404375,45.43816629166666
35.0,38.0,120.0,0.2384021770833371,45.43816629166666,45.67656846875
35.0,-1.0,0.0,0.09664953125000153,45.67656846875,45.773218
35.0,31.0,92.0,0.3608249166666653,45.773218,46.134042916666665
35.0,-1.0,0.0,0.10309283333333497,46.134042916666665,46.23713575
35.0,38.0,120.0,0.2706186874999972,46.23713575,46.5077544375
35.0,-1.0,0.0,0.17396915625000275,46.5077544375,46.68172359375
35.0,38.0,113.0,0.1868557604166625,46.68172359375,46.86857935416666
35.0,-1.0,0.0,0.15463925000000245,46.86857935416666,47.023218604166665
35.0,31.0,102.0,0.3672682187499987,47.023218604166665,47.39048682291666
35.0,-1.0,0.0,0.10309283333334207,47.39048682291666,47.49357965625
35.0,38.0,120.0,0.2448454791666634,47.49357965625,47.73842513541666
35.0,-1.0,0.0,0.19329906250000306,47.73842513541666,47.931724197916665
35.0,38.0,120.0,0.1868557604166625,47.931724197916665,48.11857995833333
35.0,-1.0,0.0,0.14175264583333558,48.11857995833333,48.26033260416666
35.0,31.0,113.0,0.3286084062499981,48.26033260416666,48.58894101041666
35.0,-1.0,0.0,0.1288660416666687,48.58894101041666,48.71780705208333
35.0,38.0,113.0,0.3543816145833318,48.71780705208333,49.07218866666666
35.0,-1.0,0.0,0.11597943749999473,49.07218866666666,49.18816810416666
35.0,31.0,102.0,0.193299062500003,49.18816810416666,49.38146716666666
35.0,-1.0,0.0,0.08376292708334176,49.38146716666666,49.46523009375
35.0,35.0,97.0,0.3737115208333392,49.46523009375,49.83894161458334
35.0,-1.0,0.0,0.09664953124998732,49.83894161458334,49.93559114583333
35.0,42.0,127.0,0.4188146354166662,49.93559114583333,50.35440578125
35.0,-1.0,0.0,0.05798971875000092,50.35440578125,50.4123955
35.0,35.0,102.0,0.1997423645833365,50.4123955,50.61213786458334
35.0,-1.0,0.0,0.09664953124999442,50.61213786458334,50.70878739583333
35.0,40.0,120.0,0.3672682187499987,50.70878739583333,51.07605561458333
35.0,-1.0,0.0,0.1095361354166684,51.07605561458333,51.18559175
35.0,35.0,102.0,0.386598124999999,51.18559175,51.572189875
35.0,-1.0,0.0,0.07087632291666779,51.572189875,51.64306619791667
35.0,40.0,120.0,0.2126289687499962,51.64306619791667,51.85569516666666
35.0,-1.0,0.0,0.0902062291666681,51.85569516666666,51.94590139583333
35.0,33.0,102.0,0.4252579374999996,51.94590139583333,52.37115933333333
35.0,-1.0,0.0,0.06443302083333435,52.37115933333333,52.435592354166666
35.0,40.0,120.0,0.3028351979166643,52.435592354166666,52.73842755208333
35.0,-1.0,0.0,0.12242273958333527,52.73842755208333,52.860850291666665
35.0,40.0,113.0,0.2319588749999965,52.860850291666665,53.09280916666666
35.0,-1.0,0.0,0.07087632291666779,53.09280916666666,53.16368548958333
35.0,33.0,113.0,0.1095361354166684,53.16368548958333,53.273221625
35.0,-1.0,0.0,0.3801548229166656,53.273221625,53.65337644791666
35.0,33.0,92.0,0.1095361354166684,53.65337644791666,53.76291258333333
35.0,-1.0,0.0,0.05798971875000092,53.76291258333333,53.82090230208333
35.0,36.0,102.0,0.1159794374999947,53.82090230208333,53.93688173958333
35.0,-1.0,0.0,0.02577320833333374,53.93688173958333,53.96265494791666
35.0,40.0,120.0,0.0966495312500015,53.96265494791666,54.05930447916666
35.0,-1.0,0.0,0.22551557291667024,54.05930447916666,54.28482005208333
35.0,45.0,120.0,0.1224227395833281,54.28482005208333,54.40724279166666
35.0,-1.0,0.0,0.1804124583333362,54.40724279166666,54.58765525
35.0,47.0,120.0,0.0644330208333343,54.58765525,54.65208827083333
35.0,-1.0,0.0,0.07087632291666779,54.65208827083333,54.72296459375
35.0,40.0,97.0,0.1224227395833281,54.72296459375,54.84538733333333
35.0,-1.0,0.0,0.03221651041667428,54.84538733333333,54.87760384375
35.0,43.0,113.0,0.1224227395833352,54.87760384375,55.00002658333334
35.0,-1.0,0.0,0.20618566666666283,55.00002658333334,55.20621225
35.0,45.0,120.0,0.0708763229166606,55.20621225,55.27708857291666
35.0,-1.0,0.0,0.22551557291667024,55.27708857291666,55.50260414583333
35.0,33.0,102.0,0.1353093437500021,55.50260414583333,55.63791348958333
35.0,-1.0,0.0,1.3015470208333326,55.63791348958333,56.939460510416666
35.0,26.0,120.0,0.4059280312499993,56.939460510416666,57.345388541666665
35.0,-1.0,0.0,0.01288660416666687,57.345388541666665,57.35827514583333
35.0,37.0,92.0,0.0257732083333337,57.35827514583333,57.384048354166666
35.0,38.0,113.0,0.6507735104166628,57.384048354166666,58.03482186458333
35.0,-1.0,0.0,0.1095361354166684,58.03482186458333,58.144358
35.0,26.0,120.0,0.3930414270833324,58.144358,58.53739942708333
35.0,-1.0,0.0,0.05154641666666748,58.53739942708333,58.58894584375
35.0,37.0,92.0,0.0386598125000006,58.58894584375,58.62760565625
35.0,38.0,120.0,0.6121136979166693,58.62116235416666,59.233276052083326
35.0,-1.0,0.0,0.14175264583333558,59.233276052083326,59.37502869791666
35.0,31.0,102.0,0.4123713333333327,59.37502869791666,59.78740003125
35.0,-1.0,0.0,0.10309283333332786,59.78740003125,59.89049286458333
35.0,38.0,120.0,0.283505291666664,59.89049286458333,60.17399815624999
35.0,-1.0,0.0,0.12242273958333527,60.17399815624999,60.29642089583333
35.0,38.0,120.0,0.2448454791666705,60.29642089583333,60.541266375
35.0,-1.0,0.0,0.06443302083332725,60.541266375,60.60569939583333
35.0,31.0,102.0,0.3801548229166656,60.60569939583333,60.98585421874999
35.0,-1.0,0.0,0.06443302083333435,60.98585421874999,61.05028723958333
35.0,38.0,120.0,0.3414950104166649,61.05028723958333,61.39178224999999
35.0,-1.0,0.0,0.12242273958333527,61.39178224999999,61.51420498958333
35.0,38.0,120.0,0.2190722708333368,61.51420498958333,61.73327726041666
35.0,-1.0,0.0,0.09664953125000153,61.73327726041666,61.829926791666665
35.0,28.0,113.0,0.4059280312499993,61.829926791666665,62.23585482291666
35.0,-1.0,0.0,0.10309283333334207,62.23585482291666,62.33894765625
35.0,35.0,120.0,0.2963918958333309,62.33894765625,62.63533955208333
35.0,-1.0,0.0,0.148195947916669,62.63533955208333,62.7835355
35.0,35.0,120.0,0.2448454791666634,62.7835355,63.02838097916666
35.0,-1.0,0.0,0.07731962499999412,63.02838097916666,63.10570060416666
35.0,28.0,113.0,0.3672682187499987,63.10570060416666,63.472968822916656
35.0,-1.0,0.0,0.09664953125000153,63.472968822916656,63.56961835416666
35.0,35.0,120.0,0.3801548229166656,63.56961835416666,63.94977317708332
35.0,-1.0,0.0,0.07731962500000833,63.94977317708332,64.02709280208333
35.0,28.0,113.0,0.1546392500000024,64.02709280208333,64.18173205208333
35.0,-1.0,0.0,0.15463925000000245,64.18173205208333,64.33637130208334
35.0,33.0,113.0,0.3414950104166649,64.33637130208334,64.6778663125
35.0,-1.0,0.0,0.11597943750000184,64.6778663125,64.79384575
35.0,40.0,120.0,0.3350517083333244,64.79384575,65.12889745833333
35.0,-1.0,0.0,0.14819594791667612,65.12889745833333,65.27709340625
35.0,40.0,127.0,0.2255155729166631,65.27709340625,65.50260897916667
35.0,-1.0,0.0,0.09664953124999442,65.50260897916667,65.59925851041666
35.0,33.0,113.0,0.3157218020833312,65.59925851041666,65.91498031249999
35.0,-1.0,0.0,0.1288660416666687,65.91498031249999,66.04384635416666
35.0,40.0,120.0,0.3286084062499981,66.04384635416666,66.37245476041666
35.0,-1.0,0.0,0.13530934375000925,66.37245476041666,66.50776410416667
35.0,40.0,127.0,0.2190722708333226,66.50776410416667,66.72683637499999
35.0,-1.0,0.0,0.09664953125000864,66.72683637499999,66.82348590625
35.0,33.0,113.0,0.3479383124999913,66.82348590625,67.17142421874999
35.0,-1.0,0.0,0.0902062291666681,67.17142421874999,67.26163044791666
35.0,40.0,127.0,0.296391895833338,67.26163044791666,67.55802234375
35.0,-1.0,0.0,0.16752585416666932,67.55802234375,67.72554819791667
35.0,40.0,120.0,0.193299062500003,67.72554819791667,67.91884726041667
35.0,-1.0,0.0,0.14175264583332137,67.91884726041667,68.06059990624999
35.0,33.0,113.0,0.3672682187500129,68.06059990624999,68.427868125
35.0,-1.0,0.0,0.1095361354166613,68.427868125,68.53740426041666
35.0,40.0,120.0,0.3479383125000055,68.53740426041666,68.88534257291667
35.0,-1.0,0.0,0.10309283333332075,68.88534257291667,68.98843540624999
35.0,33.0,102.0,0.2126289687500104,68.98843540624999,69.201064375
35.0,-1.0,0.0,0.0902062291666681,69.201064375,69.29127060416667
35.0,38.0,120.0,0.3608249166666581,69.29127060416667,69.65209552083333
35.0,-1.0,0.0,0.09664953125000864,69.65209552083333,69.74874505208334
35.0,33.0,113.0,0.3028351979166643,69.74874505208334,70.05158025
35.0,-1.0,0.0,0.14175264583333558,70.05158025,70.19333289583334
35.0,33.0,102.0,0.2641753854166637,70.19333289583334,70.45750828125
35.0,-1.0,0.0,0.08376292708332755,70.45750828125,70.54127120833333
35.0,38.0,113.0,0.3286084062499981,70.54127120833333,70.86987961458333
35.0,-1.0,0.0,0.10309283333333497,70.86987961458333,70.97297244791666
35.0,33.0,102.0,0.3608249166666724,70.97297244791666,71.33379736458333
35.0,-1.0,0.0,0.13530934374999504,71.33379736458333,71.46910670833333
35.0,38.0,127.0,0.2061856666666699,71.46910670833333,71.675292375
35.0,-1.0,0.0,0.1095361354166613,71.675292375,71.78482851041666
35.0,31.0,97.0,0.3608249166666724,71.78482851041666,72.14565342708333
35.0,-1.0,0.0,0.08376292708332755,72.14565342708333,72.22941635416666
35.0,38.0,120.0,0.2835052916666711,72.22941635416666,72.51292164583333
35.0,-1.0,0.0,0.15463925000000245,72.51292164583333,72.66756089583333
35.0,38.0,127.0,0.2577320833333232,72.66756089583333,72.92529297916666
35.0,-1.0,0.0,0.08376292708334176,72.92529297916666,73.00905590625
35.0,31.0,102.0,0.3672682187499987,73.00905590625,73.376324125
35.0,-1.0,0.0,0.07087632291666068,73.376324125,73.44720044791666
35.0,38.0,127.0,0.0773196250000012,73.44720044791666,73.52452007291666
35.0,-1.0,0.0,0.08376292708334176,73.52452007291666,73.608283
35.0,38.0,120.0,0.1546392500000024,73.608283,73.76292225
35.0,-1.0,0.0,0.13530934374999504,73.76292225,73.89823159375
35.0,38.0,127.0,0.2706186875000043,73.89823159375,74.16885028125
35.0,-1.0,0.0,0.06443302083333435,74.16885028125,74.23328330208334
35.0,31.0,97.0,0.3608249166666581,74.23328330208334,74.59410821875
35.0,-1.0,0.0,0.1095361354166613,74.59410821875,74.70364435416666
35.0,38.0,120.0,0.2512887812500111,74.70364435416666,74.95493313541667
35.0,-1.0,0.0,0.1804124583333362,74.95493313541667,75.13534559375
35.0,38.0,127.0,0.1868557604166625,75.13534559375,75.32220135416667
35.0,-1.0,0.0,0.14175264583333558,75.32220135416667,75.463954
35.0,31.0,102.0,0.3994847291666588,75.463954,75.86343872916666
35.0,-1.0,0.0,0.0708763229166749,75.86343872916666,75.93431505208333
35.0,38.0,113.0,0.3414950104166649,75.93431505208333,76.2758100625
35.0,-1.0,0.0,0.10309283333333497,76.2758100625,76.37890289583333
35.0,31.0,97.0,0.2319588749999894,76.37890289583333,76.61086177083332
35.0,-1.0,0.0,0.09664953125000864,76.61086177083332,76.70751130208333
35.0,35.0,113.0,0.3930414270833324,76.70751130208333,77.10055272916667
35.0,-1.0,0.0,0.05154641666666748,77.10055272916667,77.15209914583333
35.0,42.0,113.0,0.3479383124999913,77.15209914583333,77.50003745833332
35.0,-1.0,0.0,0.10309283333333497,77.50003745833332,77.60313029166666
35.0,35.0,102.0,0.2512887812499969,77.60313029166666,77.85441907291666
35.0,-1.0,0.0,0.09664953125000864,77.85441907291666,77.95106860416666
35.0,40.0,127.0,0.3801548229166656,77.95106860416666,78.33122342708333
35.0,-1.0,0.0,0.07731962500000122,78.33122342708333,78.40854305208333
35.0,35.0,102.0,0.4123713333333256,78.40854305208333,78.82091438541666
35.0,-1.0,0.0,0.057989718750008024,78.82091438541666,78.87890410416666
35.0,40.0,120.0,0.23840217708333,78.87890410416666,79.11730628125
35.0,-1.0,0.0,0.07731962500000122,79.11730628125,79.19462590625
35.0,33.0,92.0,0.4123713333333398,79.19462590625,79.60699723958334
35.0,-1.0,0.0,0.06443302083332014,79.60699723958334,79.67143026041666
35.0,40.0,120.0,0.3157218020833454,79.67143026041666,79.9871520625
35.0,-1.0,0.0,0.1288660416666545,79.9871520625,80.11601810416666
35.0,40.0,113.0,0.2190722708333368,80.11601810416666,80.335090375
35.0,-1.0,0.0,0.1095361354166755,80.335090375,80.44462651041667
35.0,33.0,92.0,0.3672682187499987,80.44462651041667,80.81189472916667
35.0,-1.0,0.0,0.08376292708332755,80.81189472916667,80.89565765625
35.0,40.0,113.0,0.2641753854166637,80.89565765625,81.15983304166666
35.0,-1.0,0.0,0.18685576041667673,81.15983304166666,81.34668880208334
35.0,40.0,113.0,0.2126289687499962,81.34668880208334,81.55931777083333
35.0,-1.0,0.0,0.1095361354166613,81.55931777083333,81.66885390624999
35.0,33.0,102.0,0.3930414270833324,81.66885390624999,82.06189533333333
35.0,-1.0,0.0,0.07731962500000122,82.06189533333333,82.13921495833333
35.0,40.0,113.0,0.2255155729166631,82.13921495833333,82.36473053124999
35.0,-1.0,0.0,0.21262896875001047,82.36473053124999,82.5773595
35.0,40.0,120.0,0.2061856666666557,82.5773595,82.78354516666666
35.0,-1.0,0.0,0.09664953125000864,82.78354516666666,82.88019469791666
35.0,33.0,113.0,0.3672682187499987,82.88019469791666,83.24746291666666
35.0,-1.0,0.0,0.08376292708332755,83.24746291666666,83.33122584374999
35.0,40.0,113.0,0.2448454791666705,83.33122584374999,83.57607132291666
35.0,-1.0,0.0,0.2577320833333374,83.57607132291666,83.83380340625
35.0,40.0,113.0,0.0966495312499944,83.83380340625,83.9304529375
35.0,-1.0,0.0,0.1997423645833294,83.9304529375,84.13019530208332
35.0,26.0,113.0,0.7474230416666785,84.13019530208332,84.87761834375
35.0,-1.0,0.0,0.0193299062499932,84.87761834375,84.89694825
35.0,33.0,113.0,0.0966495312499944,84.89694825,84.99359778124999
35.0,-1.0,0.0,0.19329906250000306,84.99359778124999,85.18689684374999
35.0,40.0,120.0,0.1095361354166755,85.18689684374999,85.29643297916667
35.0,-1.0,0.0,0.05154641666666748,85.29643297916667,85.34797939583333
35.0,26.0,113.0,0.7345364374999974,85.34797939583333,86.08251583333333
35.0,-1.0,0.0,0.0902062291666681,86.08251583333333,86.1727220625
35.0,33.0,120.0,0.0837629270833275,86.1727220625,86.25648498958333
35.0,-1.0,0.0,0.18685576041666252,86.25648498958333,86.44334074999999
35.0,38.0,97.0,0.0902062291666681,86.44334074999999,86.53354697916666
35.0,-1.0,0.0,0.06443302083333435,86.53354697916666,86.59797999999999
35.0,33.0,78.0,0.0386598125000006,86.59797999999999,86.6366398125
35.0,31.0,78.0,0.4059280312499993,86.59153669791667,86.99746472916667
35.0,-1.0,0.0,0.07731962500000122,86.99746472916667,87.07478435416667
35.0,38.0,120.0,0.2641753854166637,87.07478435416667,87.33895973958333
35.0,-1.0,0.0,0.17396915624999565,87.33895973958333,87.51292889583333
35.0,38.0,127.0,0.23840217708333,87.51292889583333,87.75133107291666
35.0,-1.0,0.0,0.07731962500000122,87.75133107291666,87.82865069791666
35.0,31.0,102.0,0.4188146354166662,87.82865069791666,88.24746533333332
35.0,-1.0,0.0,0.0708763229166749,88.24746533333332,88.31834165625
35.0,38.0,120.0,0.2641753854166637,88.31834165625,88.58251704166666
35.0,-1.0,0.0,0.19329906250000306,88.58251704166666,88.77581610416667
35.0,38.0,127.0,0.2126289687499962,88.77581610416667,88.98844507291666
35.0,-1.0,0.0,0.1095361354166613,88.98844507291666,89.09798120833332
35.0,31.0,113.0,0.4381445416666736,89.09798120833332,89.53612575
35.0,-1.0,0.0,0.05154641666666748,89.53612575,89.58767216666666
35.0,38.0,127.0,0.1481959479166619,89.58767216666666,89.73586811458333
35.0,-1.0,0.0,0.14175264583333558,89.73586811458333,89.87762076041666
35.0,26.0,81.0,0.1675258541666693,89.87762076041666,90.04514661458333
35.0,-1.0,0.0,0.1288660416666687,90.04514661458333,90.17401265625
35.0,29.0,120.0,0.1224227395833281,90.17401265625,90.29643539583331
35.0,-1.0,0.0,0.1804124583333504,90.29643539583331,90.47684785416666
35.0,28.0,127.0,0.6894333229166705,90.47684785416666,91.16628117708332
35.0,-1.0,0.0,0.3801548229166798,91.16628117708332,91.546436
35.0,33.0,113.0,0.3994847291666588,91.546436,91.94592072916666
35.0,-1.0,0.0,0.057989718750022234,91.94592072916666,92.00391044791668
35.0,40.0,127.0,0.3479383124999913,92.00391044791668,92.35184876041669
35.0,-1.0,0.0,0.13530934374999504,92.35184876041669,92.48715810416668
35.0,40.0,120.0,0.2448454791666563,92.48715810416668,92.73200358333334
35.0,-1.0,0.0,0.07731962499998701,92.73200358333334,92.80932320833332
35.0,33.0,113.0,0.3286084062499981,92.80932320833332,93.13793161458332
35.0,-1.0,0.0,0.1095361354166755,93.13793161458332,93.24746775
35.0,40.0,127.0,0.3221651041666575,93.24746775,93.56963285416666
35.0,-1.0,0.0,0.13530934375002346,93.56963285416666,93.70494219791668
35.0,40.0,120.0,0.2448454791666563,93.70494219791668,93.94978767708334
35.0,-1.0,0.0,0.07087632291666068,93.94978767708334,94.020664
35.0,33.0,113.0,0.3930414270833324,94.020664,94.41370542708331
35.0,-1.0,0.0,0.10309283333334918,94.41370542708331,94.51679826041666
35.0,40.0,120.0,0.296391895833338,94.51679826041666,94.81319015625
35.0,-1.0,0.0,0.1481959479166619,94.81319015625,94.96138610416666
35.0,40.0,113.0,0.2577320833333374,94.96138610416666,95.2191181875
35.0,-1.0,0.0,0.07087632291666068,95.2191181875,95.28999451041666
35.0,33.0,97.0,0.3672682187499987,95.28999451041666,95.65726272916666
35.0,-1.0,0.0,0.06443302083333435,95.65726272916666,95.72169575
35.0,40.0,127.0,0.3608249166666724,95.72169575,96.08252066666668
35.0,-1.0,0.0,0.09664953124998021,96.08252066666668,96.17917019791666
35.0,33.0,102.0,0.2641753854166637,96.17917019791666,96.44334558333333
35.0,-1.0,0.0,0.045103114583355364,96.44334558333333,96.48844869791668
35.0,38.0,113.0,0.3994847291666588,96.48844869791668,96.88793342708334
35.0,-1.0,0.0,0.07731962499998701,96.88793342708334,96.96525305208333
35.0,33.0,113.0,0.2899485937499975,96.96525305208333,97.25520164583332
35.0,-1.0,0.0,0.15463925000000245,97.25520164583332,97.40984089583333
35.0,33.0,113.0,0.2512887812499969,97.40984089583333,97.66112967708332
35.0,-1.0,0.0,0.06443302083333435,97.66112967708332,97.72556269791666
35.0,38.0,120.0,0.3672682187499987,97.72556269791666,98.09283091666666
35.0,-1.0,0.0,0.11597943750000184,98.09283091666666,98.20881035416666
35.0,33.0,113.0,0.4059280312499993,98.20881035416666,98.61473838541666
35.0,-1.0,0.0,0.07731962500000122,98.61473838541666,98.69205801041666
35.0,38.0,127.0,0.2255155729166631,98.69205801041666,98.91757358333332
35.0,-1.0,0.0,0.0708763229166749,98.91757358333332,98.98844990625
35.0,31.0,113.0,0.3865981249999919,98.98844990625,99.37504803125
35.0,-1.0,0.0,0.07731962500000122,99.37504803125,99.45236765625
35.0,38.0,120.0,0.2835052916666711,99.45236765625,99.73587294791668
35.0,-1.0,0.0,0.15463924999998824,99.73587294791668,99.89051219791666
35.0,38.0,127.0,0.1997423645833294,99.89051219791666,100.0902545625
35.0,-1.0,0.0,0.12242273958332817,100.0902545625,100.21267730208332
35.0,31.0,113.0,0.3286084062500123,100.21267730208332,100.54128570833332
35.0,-1.0,0.0,0.12242273958334238,100.54128570833332,100.66370844791666
35.0,38.0,120.0,0.2448454791666705,100.66370844791666,100.90855392708332
35.0,-1.0,0.0,0.19329906250000306,100.90855392708332,101.10185298958332
35.0,38.0,120.0,0.2384021770833442,101.10185298958332,101.34025516666668
35.0,-1.0,0.0,0.09020622916663967,101.34025516666668,101.43046139583332
35.0,31.0,102.0,0.3801548229166656,101.43046139583332,101.81061621874998
35.0,-1.0,0.0,0.09664953125000864,101.81061621874998,101.90726575
35.0,38.0,120.0,0.2512887812499969,101.90726575,102.15855453125
35.0,-1.0,0.0,0.18041245833332198,102.15855453125,102.33896698958333
35.0,38.0,127.0,0.2255155729166631,102.33896698958333,102.5644825625
35.0,-1.0,0.0,0.09664953124999442,102.5644825625,102.66113209375
35.0,31.0,102.0,0.3221651041666575,102.66113209375,102.98329719791666
35.0,-1.0,0.0,0.1417526458333498,102.98329719791666,103.12504984375
35.0,38.0,120.0,0.23840217708333,103.12504984375,103.36345202083334
35.0,-1.0,0.0,0.23195887499998946,103.36345202083334,103.59541089583333
35.0,38.0,120.0,0.2190722708333368,103.59541089583333,103.81448316666666
35.0,-1.0,0.0,0.09664953124999442,103.81448316666666,103.91113269791666
35.0,35.0,113.0,0.4059280312499993,103.91113269791666,104.31706072916666
35.0,-1.0,0.0,0.057989718750008024,104.31706072916666,104.37505044791666
35.0,42.0,113.0,0.3543816145833318,104.37505044791666,104.7294320625
35.0,-1.0,0.0,0.1095361354166613,104.7294320625,104.83896819791666
35.0,35.0,113.0,0.2384021770833442,104.83896819791666,105.077370375
35.0,-1.0,0.0,0.08376292708331334,105.077370375,105.16113330208331
35.0,40.0,113.0,0.3930414270833324,105.16113330208331,105.55417472916665
35.0,-1.0,0.0,0.07731962500001544,105.55417472916665,105.63149435416666
35.0,35.0,97.0,0.3994847291666588,105.63149435416666,106.03097908333332
35.0,-1.0,0.0,0.05798971874999381,106.03097908333332,106.08896880208331
35.0,40.0,120.0,0.2641753854166637,106.08896880208331,106.35314418749998
35.0,-1.0,0.0,0.051546416666681694,106.35314418749998,106.40469060416666
35.0,33.0,113.0,0.3737115208333392,106.40469060416666,106.778402125
35.0,-1.0,0.0,0.07731962500000122,106.778402125,106.85572175
35.0,40.0,113.0,0.3221651041666575,106.85572175,107.17788685416666
35.0,-1.0,0.0,0.13530934375002346,107.17788685416666,107.31319619791668
35.0,40.0,120.0,0.23840217708333,107.31319619791668,107.551598375
35.0,-1.0,0.0,0.0902062291666823,107.551598375,107.64180460416668
35.0,33.0,102.0,0.373711520833325,107.64180460416668,108.015516125
35.0,-1.0,0.0,0.07731962500000122,108.015516125,108.09283575
35.0,40.0,120.0,0.296391895833338,108.09283575,108.38922764583334
35.0,-1.0,0.0,0.17396915624998144,108.38922764583334,108.56319680208333
35.0,40.0,120.0,0.2061856666666699,108.56319680208333,108.76938246875
35.0,-1.0,0.0,0.1095361354166613,108.76938246875,108.87891860416666
35.0,33.0,97.0,0.3350517083333386,108.87891860416666,109.2139703125
35.0,-1.0,0.0,0.1095361354166613,109.2139703125,109.32350644791666
35.0,40.0,113.0,0.296391895833338,109.32350644791666,109.61989834375
35.0,-1.0,0.0,0.18041245833332198,109.61989834375,109.80031080208332
35.0,40.0,113.0,0.1997423645833294,109.80031080208332,110.00005316666665
35.0,-1.0,0.0,0.1095361354166755,110.00005316666665,110.10958930208332
35.0,33.0,102.0,0.3479383125000055,110.10958930208332,110.45752761458331
35.0,-1.0,0.0,0.11597943750000184,110.45752761458331,110.57350705208331
35.0,40.0,127.0,0.3028351979166643,110.57350705208331,110.87634224999998
35.0,-1.0,0.0,0.14819594791667612,110.87634224999998,111.02453819791666
35.0,33.0,113.0,0.2255155729166773,111.02453819791666,111.25005377083332
35.0,-1.0,0.0,0.0902062291666823,111.25005377083332,111.34026
35.0,38.0,120.0,0.3543816145833318,111.34026,111.69464161458332
35.0,-1.0,0.0,0.10309283333336339,111.69464161458332,111.79773444791668
35.0,33.0,113.0,0.3286084062499981,111.79773444791668,112.12634285416668
35.0,-1.0,0.0,0.315721802083317,112.12634285416668,112.44206465625
35.0,26.0,120.0,0.1610825520833287,112.44206465625,112.60314720833333
35.0,-1.0,0.0,1.2113407916666716,112.60314720833333,113.814488
35.0,31.0,120.0,0.3865981249999919,113.814488,114.201086125
35.0,-1.0,0.0,0.07731962500000122,114.201086125,114.27840575
35.0,38.0,120.0,0.4059280312499993,114.27840575,114.68433378125
35.0,-1.0,0.0,0.05798971874999381,114.68433378125,114.7423235
35.0,31.0,120.0,0.6958766249999968,114.7423235,115.438200125
35.0,-1.0,0.0,0.07731962500000122,115.438200125,115.51551975
35.0,38.0,120.0,0.5541239791666612,115.51551975,116.06964372916666
35.0,-1.0,0.0,0.06443302083334856,116.06964372916666,116.13407675
35.0,31.0,120.0,0.0902062291666681,116.13407675,116.22428297916667
35.0,-1.0,0.0,0.23195887499998946,116.22428297916667,116.45624185416666
35.0,31.0,127.0,0.1224227395833281,116.45624185416666,116.57866459375
35.0,-1.0,0.0,0.18041245833330777,116.57866459375,116.75907705208331
35.0,31.0,120.0,0.1288660416666687,116.75907705208331,116.88794309374998
35.0,-1.0,0.0,0.18685576041667673,116.88794309374998,117.07479885416666
35.0,31.0,120.0,0.1159794375000018,117.07479885416666,117.19077829166666
35.0,-1.0,0.0,0.19329906250000306,117.19077829166666,117.38407735416666
35.0,31.0,120.0,0.1030928333333349,117.38407735416666,117.4871701875
35.0,-1.0,0.0,1.275773812500006,117.4871701875,118.762944
35.0,31.0,97.0,0.3737115208333392,118.762944,119.13665552083334
35.0,-1.0,0.0,0.09020622916665388,119.13665552083334,119.22686175
35.0,38.0,127.0,0.3479383124999913,119.22686175,119.5748000625
35.0,-1.0,0.0,0.11597943750000184,119.5748000625,119.6907795
35.0,38.0,120.0,0.2061856666666699,119.6907795,119.89696516666667
35.0,-1.0,0.0,0.10309283333332075,119.89696516666667,120.000058
35.0,32.0,97.0,0.1900774114583327,120.000058,120.19013541145831
35.0,-1.0,0.0,0.27384033854168877,120.19013541145831,120.46397575
35.0,38.0,127.0,0.3479383125000055,120.46397575,120.8119140625
35.0,-1.0,0.0,0.11597943750000184,120.8119140625,120.9278935
35.0,38.0,120.0,0.1675258541666693,120.9278935,121.09541935416668
35.0,-1.0,0.0,0.14175264583332137,121.09541935416668,121.237172
35.0,40.0,120.0,0.3221651041666717,121.237172,121.55933710416669
35.0,-1.0,0.0,0.14175264583330716,121.55933710416669,121.70108975
35.0,35.0,102.0,0.2899485937499975,121.70108975,121.99103834375
35.0,-1.0,0.0,0.17396915624999565,121.99103834375,122.1650075
35.0,35.0,120.0,0.2126289687500104,122.1650075,122.37763646875
35.0,-1.0,0.0,0.09664953125000864,122.37763646875,122.474286
35.0,40.0,120.0,0.3608249166666724,122.474286,122.83511091666668
35.0,-1.0,0.0,0.10309283333332075,122.83511091666668,122.93820375
35.0,35.0,113.0,0.3350517083333244,122.93820375,123.27325545833332
35.0,-1.0,0.0,0.12886604166668292,123.27325545833332,123.4021215
35.0,35.0,113.0,0.1997423645833294,123.4021215,123.60186386458334
35.0,-1.0,0.0,0.1095361354166613,123.60186386458334,123.7114
35.0,33.0,102.0,0.3479383124999913,123.7114,124.0593383125
35.0,-1.0,0.0,0.11597943750000184,124.0593383125,124.17531775
35.0,40.0,120.0,0.2899485937499975,124.17531775,124.46526634375
35.0,-1.0,0.0,0.17396915624999565,124.46526634375,124.6392355
35.0,40.0,120.0,0.2126289687499962,124.6392355,124.85186446875
35.0,-1.0,0.0,0.09664953125000864,124.85186446875,124.948514
35.0,33.0,102.0,0.3092785000000049,124.948514,125.2577925
35.0,-1.0,0.0,0.15463925000000245,125.2577925,125.41243175
35.0,40.0,127.0,0.2835052916666711,125.41243175,125.69593704166668
35.0,-1.0,0.0,0.18041245833332198,125.69593704166668,125.8763495
35.0,40.0,120.0,0.1675258541666693,125.8763495,126.04387535416669
35.0,-1.0,0.0,0.14175264583330716,126.04387535416669,126.185628
35.0,38.0,120.0,0.2899485937499975,126.185628,126.47557659375
35.0,-1.0,0.0,0.17396915624999565,126.47557659375,126.64954575
35.0,33.0,97.0,0.1675258541666693,126.64954575,126.81707160416669
35.0,-1.0,0.0,0.14175264583332137,126.81707160416669,126.95882425
35.0,38.0,113.0,0.0902062291666681,126.95882425,127.04903047916667
35.0,-1.0,0.0,0.06443302083332014,127.04903047916667,127.1134635
35.0,36.0,102.0,0.1030928333333349,127.1134635,127.21655633333332
35.0,-1.0,0.0,0.051546416666681694,127.21655633333332,127.26810275
35.0,33.0,113.0,0.1224227395833281,127.26810275,127.39052548958333
35.0,-1.0,0.0,0.18685576041667673,127.39052548958333,127.57738125
35.0,40.0,120.0,0.1095361354166755,127.57738125,127.68691738541668
35.0,-1.0,0.0,0.04510311458332694,127.68691738541668,127.7320205
35.0,38.0,120.0,0.5219074687500012,127.7320205,128.25392796875002
35.0,33.0,120.0,0.0773196250000012,128.19593824999998,128.27325787499998
35.0,-1.0,0.0,0.23195887500000367,128.27325787499998,128.50521675
35.0,31.0,113.0,1.0760314479166766,128.50521675,129.58124819791666
35.0,-1.0,0.0,0.16108255208331457,129.58124819791666,129.74233074999998
35.0,33.0,120.0,0.637886906250003,129.74233074999998,130.38021765624998
35.0,38.0,113.0,0.4381445416666736,130.36088775,130.79903229166666
35.0,-1.0,0.0,0.1804124583333362,130.79903229166666,130.97944475
35.0,31.0,113.0,0.6121136979166693,130.97944475,131.59155844791667
35.0,-1.0,0.0,0.006443302083312119,131.59155844791667,131.59800174999998
35.0,40.0,120.0,0.115979437500016,131.59800174999998,131.7139811875
35.0,-1.0,0.0,0.0386598124999864,131.7139811875,131.75264099999998
35.0,38.0,120.0,0.115979437500016,131.75264099999998,131.8686204375
35.0,-1.0,0.0,0.19329906249998885,131.8686204375,132.0619195
35.0,28.0,127.0,1.2371140000000196,132.0619195,133.2990335
35.0,-1.0,0.0,0.4639177499999789,133.2990335,133.76295125
35.0,40.0,120.0,0.0708763229166606,133.76295125,133.83382757291665
35.0,33.0,120.0,0.2384021770833442,133.60831199999998,133.84671417708333
35.0,-1.0,0.0,0.22551557291666313,133.84671417708333,134.07222975
35.0,38.0,120.0,0.0837629270833417,134.07222975,134.15599267708333
35.0,-1.0,0.0,0.22551557291666313,134.15599267708333,134.38150825
35.0,40.0,120.0,0.0837629270833417,134.38150825,134.46527117708334
35.0,-1.0,0.0,0.07087632291666068,134.46527117708334,134.5361475
35.0,26.0,102.0,1.5141759895833218,134.5361475,136.05032348958332
35.0,-1.0,0.0,0.03221651041667428,136.05032348958332,136.08254
35.0,31.0,120.0,0.1095361354166755,136.08254,136.19207613541667
35.0,-1.0,0.0,0.04510311458332694,136.19207613541667,136.23717925
35.0,40.0,113.0,0.0966495312499944,136.23717925,136.33382878125
35.0,-1.0,0.0,0.21262896875001047,136.33382878125,136.54645775
35.0,38.0,113.0,0.0902062291666538,136.54645775,136.63666397916666
35.0,-1.0,0.0,0.219072270833351,136.63666397916666,136.85573625
35.0,40.0,120.0,0.109536135416647,136.85573625,136.96527238541665
35.0,-1.0,0.0,0.04510311458332694,136.96527238541665,137.01037549999998
35.0,27.0,97.0,0.7699745989583562,137.01037549999998,137.78035009895834
35.0,-1.0,0.0,0.7764179010416683,137.78035009895834,138.556768
35.0,33.0,120.0,0.1288660416666402,138.556768,138.68563404166665
35.0,-1.0,0.0,0.02577320833333374,138.68563404166665,138.71140724999998
35.0,40.0,120.0,0.0902062291666823,138.71140724999998,138.80161347916666
35.0,-1.0,0.0,0.2190722708333226,138.80161347916666,139.02068574999998
35.0,38.0,127.0,0.0902062291666823,139.02068574999998,139.11089197916667
35.0,-1.0,0.0,0.2190722708333226,139.11089197916667,139.32996425
35.0,40.0,120.0,0.0902062291666823,139.32996425,139.42017047916667
35.0,-1.0,0.0,0.06443302083332014,139.42017047916667,139.4846035
35.0,26.0,102.0,1.488402781249988,139.4846035,140.97300628124998
35.0,-1.0,0.0,0.057989718750008024,140.97300628124998,141.030996
35.0,31.0,127.0,0.0837629270833417,141.030996,141.11475892708333
35.0,-1.0,0.0,2.3969083750000095,141.11475892708333,143.51166730208334
35.0,33.0,113.0,0.3414950104166507,143.51166730208334,143.8531623125
35.0,-1.0,0.0,0.11597943750001605,143.8531623125,143.96914175
35.0,40.0,120.0,0.3350517083333102,143.96914175,144.30419345833332
35.0,-1.0,0.0,0.14819594791669033,144.30419345833332,144.45238940625
35.0,40.0,127.0,0.2255155729166631,144.45238940625,144.67790497916667
35.0,-1.0,0.0,0.09664953124999442,144.67790497916667,144.77455451041666
35.0,33.0,113.0,0.315721802083317,144.77455451041666,145.09027631249998
35.0,-1.0,0.0,0.1288660416666687,145.09027631249998,145.21914235416665
35.0,40.0,120.0,0.3286084062499981,145.21914235416665,145.54775076041665
35.0,-1.0,0.0,0.13530934375000925,145.54775076041665,145.68306010416666
35.0,40.0,127.0,0.2190722708333226,145.68306010416666,145.90213237499998
35.0,-1.0,0.0,0.09664953125002285,145.90213237499998,145.99878190625
35.0,33.0,113.0,0.3479383124999913,145.99878190625,146.34672021875
35.0,-1.0,0.0,0.09020622916665388,146.34672021875,146.43692644791665
35.0,40.0,127.0,0.2963918958333522,146.43692644791665,146.73331834375
35.0,-1.0,0.0,0.1675258541666267,146.73331834375,146.90084419791663
35.0,40.0,120.0,0.1932990625000172,146.90084419791663,147.09414326041664
35.0,-1.0,0.0,0.1417526458333498,147.09414326041664,147.23589590625
35.0,33.0,113.0,0.3672682187500129,147.23589590625,147.603164125
35.0,-1.0,0.0,0.10953613541664708,147.603164125,147.71270026041665
35.0,40.0,120.0,0.3479383125000197,147.71270026041665,148.06063857291667
35.0,-1.0,0.0,0.10309283333330654,148.06063857291667,148.16373140624998
35.0,33.0,102.0,0.2126289687500104,148.16373140624998,148.376360375
35.0,-1.0,0.0,0.0902062291666823,148.376360375,148.46656660416667
35.0,38.0,120.0,0.3608249166666439,148.46656660416667,148.82739152083332
35.0,-1.0,0.0,0.09664953125002285,148.82739152083332,148.92404105208334
35.0,33.0,113.0,0.3028351979166643,148.92404105208334,149.22687625
35.0,-1.0,0.0,0.14175264583332137,149.22687625,149.36862889583333
35.0,33.0,102.0,0.2641753854166779,149.36862889583333,149.63280428125
35.0,-1.0,0.0,0.08376292708331334,149.63280428125,149.71656720833332
35.0,38.0,113.0,0.3286084062499981,149.71656720833332,150.04517561458331
35.0,-1.0,0.0,0.10309283333333497,150.04517561458331,150.14826844791665
35.0,33.0,102.0,0.3608249166666724,150.14826844791665,150.50909336458332
35.0,-1.0,0.0,0.13530934375000925,150.50909336458332,150.64440270833333
35.0,38.0,127.0,0.2061856666666699,150.64440270833333,150.850588375
35.0,-1.0,0.0,0.10953613541664708,150.850588375,150.96012451041665
35.0,31.0,97.0,0.3608249166666724,150.96012451041665,151.32094942708332
35.0,-1.0,0.0,0.08376292708334176,151.32094942708332,151.40471235416666
35.0,38.0,120.0,0.2835052916666711,151.40471235416666,151.68821764583333
35.0,-1.0,0.0,0.15463925000000245,151.68821764583333,151.84285689583334
35.0,38.0,127.0,0.257732083333309,151.84285689583334,152.10058897916664
35.0,-1.0,0.0,0.08376292708334176,152.10058897916664,152.18435190625
35.0,31.0,102.0,0.3672682187500129,152.18435190625,152.551620125
35.0,-1.0,0.0,0.07087632291666068,152.551620125,152.62249644791666
35.0,38.0,127.0,0.0773196250000012,152.62249644791666,152.69981607291666
35.0,-1.0,0.0,0.08376292708334176,152.69981607291666,152.783579
35.0,38.0,120.0,0.1546392500000024,152.783579,152.93821825
35.0,-1.0,0.0,0.13530934374998083,152.93821825,153.07352759375
35.0,38.0,127.0,0.2706186875000185,153.07352759375,153.34414628125
35.0,-1.0,0.0,0.06443302083332014,153.34414628125,153.40857930208333
35.0,31.0,97.0,0.3608249166666724,153.40857930208333,153.76940421875
35.0,-1.0,0.0,0.10953613541664708,153.76940421875,153.87894035416664
35.0,38.0,120.0,0.2512887812500253,153.87894035416664,154.13022913541667
35.0,-1.0,0.0,0.1804124583333362,154.13022913541667,154.31064159375
35.0,38.0,127.0,0.1868557604166483,154.31064159375,154.49749735416663
35.0,-1.0,0.0,0.1417526458333782,154.49749735416663,154.63925
35.0,31.0,102.0,0.3994847291666588,154.63925,155.03873472916666
35.0,-1.0,0.0,0.07087632291666068,155.03873472916666,155.10961105208332
35.0,38.0,113.0,0.3414950104166792,155.10961105208332,155.4511060625
35.0,-1.0,0.0,0.10309283333333497,155.4511060625,155.55419889583334
35.0,31.0,97.0,0.2319588749999752,155.55419889583334,155.7861577708333
35.0,-1.0,0.0,0.09664953125002285,155.7861577708333,155.88280730208334
35.0,35.0,113.0,0.3930414270833182,155.88280730208334,156.27584872916665
35.0,-1.0,0.0,0.05154641666666748,156.27584872916665,156.32739514583332
35.0,42.0,113.0,0.3479383124999913,156.32739514583332,156.6753334583333
35.0,-1.0,0.0,0.10309283333333497,156.6753334583333,156.77842629166665
35.0,35.0,102.0,0.2512887812499969,156.77842629166665,157.02971507291664
35.0,-1.0,0.0,0.09664953125002285,157.02971507291664,157.12636460416667
35.0,40.0,127.0,0.3801548229166656,157.12636460416667,157.50651942708333
35.0,-1.0,0.0,0.0773196249999728,157.50651942708333,157.5838390520833
35.0,35.0,102.0,0.4123713333333114,157.5838390520833,157.99621038541662
35.0,-1.0,0.0,0.057989718750036445,157.99621038541662,158.05420010416665
35.0,40.0,120.0,0.2384021770833442,158.05420010416665,158.29260228125
35.0,-1.0,0.0,0.07731962500000122,158.29260228125,158.36992190625
35.0,33.0,92.0,0.4123713333333398,158.36992190625,158.78229323958334
35.0,-1.0,0.0,0.06443302083332014,158.78229323958334,158.84672626041666
35.0,40.0,120.0,0.3157218020833454,158.84672626041666,159.1624480625
35.0,-1.0,0.0,0.12886604166664029,159.1624480625,159.29131410416664
35.0,40.0,113.0,0.219072270833351,159.29131410416664,159.510386375
35.0,-1.0,0.0,0.1095361354166755,159.510386375,159.61992251041667
35.0,33.0,92.0,0.3672682187499845,159.61992251041667,159.98719072916666
35.0,-1.0,0.0,0.08376292708334176,159.98719072916666,160.07095365625
35.0,40.0,113.0,0.2641753854166495,160.07095365625,160.33512904166665
35.0,-1.0,0.0,0.18685576041667673,160.33512904166665,160.52198480208332
35.0,40.0,113.0,0.2126289687500104,160.52198480208332,160.7346137708333
35.0,-1.0,0.0,0.1095361354166755,160.7346137708333,160.84414990624998
35.0,33.0,102.0,0.3930414270833466,160.84414990624998,161.23719133333333
35.0,-1.0,0.0,0.07731962500000122,161.23719133333333,161.31451095833333
35.0,40.0,113.0,0.2255155729166631,161.31451095833333,161.54002653125
35.0,-1.0,0.0,0.21262896875001047,161.54002653125,161.7526555
35.0,40.0,120.0,0.2061856666666415,161.7526555,161.95884116666664
35.0,-1.0,0.0,0.09664953125002285,161.95884116666664,162.05549069791667
35.0,33.0,113.0,0.3672682187499845,162.05549069791667,162.42275891666665
35.0,-1.0,0.0,0.08376292708334176,162.42275891666665,162.50652184375
35.0,40.0,113.0,0.2448454791666563,162.50652184375,162.75136732291665
35.0,-1.0,0.0,0.2577320833333374,162.75136732291665,163.00909940625
35.0,40.0,113.0,0.0966495312499944,163.00909940625,163.10574893749998
35.0,-1.0,0.0,0.1997423645833294,163.10574893749998,163.3054913020833
35.0,26.0,113.0,0.7474230416666785,163.3054913020833,164.05291434375
35.0,-1.0,0.0,0.0193299062499932,164.05291434375,164.07224424999998
35.0,33.0,113.0,0.0966495312499944,164.07224424999998,164.16889378124998
35.0,-1.0,0.0,0.19329906250001727,164.16889378124998,164.36219284375
35.0,40.0,120.0,0.1095361354166755,164.36219284375,164.47172897916667
35.0,-1.0,0.0,0.05154641666666748,164.47172897916667,164.52327539583334
35.0,26.0,113.0,0.7345364374999974,164.52327539583334,165.25781183333334
35.0,-1.0,0.0,0.09020622916665388,165.25781183333334,165.3480180625
35.0,33.0,120.0,0.0837629270833417,165.3480180625,165.43178098958333
35.0,-1.0,0.0,0.1868557604166483,165.43178098958333,165.61863674999998
35.0,38.0,97.0,0.0902062291666823,165.61863674999998,165.70884297916666
35.0,-1.0,0.0,0.06443302083332014,165.70884297916666,165.77327599999998
35.0,33.0,78.0,0.0386598125000148,165.77327599999998,165.8119358125
35.0,31.0,78.0,0.4059280312499993,165.76683269791667,166.17276072916667
35.0,-1.0,0.0,0.07731962500000122,166.17276072916667,166.25008035416667
35.0,38.0,120.0,0.2641753854166495,166.25008035416667,166.51425573958332
35.0,-1.0,0.0,0.17396915624999565,166.51425573958332,166.68822489583332
35.0,38.0,127.0,0.2384021770833442,166.68822489583332,166.92662707291666
35.0,-1.0,0.0,0.07731962500000122,166.92662707291666,167.00394669791666
35.0,31.0,102.0,0.418814635416652,167.00394669791666,167.4227613333333
35.0,-1.0,0.0,0.0708763229166891,167.4227613333333,167.49363765625
35.0,38.0,120.0,0.2641753854166495,167.49363765625,167.75781304166665
35.0,-1.0,0.0,0.19329906250001727,167.75781304166665,167.95111210416667
35.0,38.0,127.0,0.212628968749982,167.95111210416667,168.16374107291665
35.0,-1.0,0.0,0.1095361354166755,168.16374107291665,168.27327720833333
35.0,31.0,113.0,0.4381445416666736,168.27327720833333,168.71142175
35.0,-1.0,0.0,0.05154641666666748,168.71142175,168.76296816666667
35.0,38.0,127.0,0.1481959479166619,168.76296816666667,168.91116411458333
35.0,-1.0,0.0,0.14175264583332137,168.91116411458333,169.05291676041665
35.0,26.0,81.0,0.1675258541666835,169.05291676041665,169.22044261458333
35.0,-1.0,0.0,0.1288660416666687,169.22044261458333,169.34930865625
35.0,29.0,120.0,0.1224227395833281,169.34930865625,169.47173139583333
35.0,-1.0,0.0,0.1804124583333362,169.47173139583333,169.65214385416667
35.0,28.0,127.0,0.6894333229166705,169.65214385416667,170.34157717708334
35.0,-1.0,0.0,0.3801548229166656,170.34157717708334,170.721732
35.0,33.0,113.0,0.3994847291666588,170.721732,171.12121672916666
35.0,-1.0,0.0,0.057989718750008024,171.12121672916666,171.17920644791667
35.0,40.0,127.0,0.3479383124999913,171.17920644791667,171.52714476041666
35.0,-1.0,0.0,0.13530934375000925,171.52714476041666,171.66245410416667
35.0,40.0,120.0,0.2448454791666563,171.66245410416667,171.90729958333333
35.0,-1.0,0.0,0.07731962500000122,171.90729958333333,171.98461920833333
35.0,33.0,113.0,0.3286084062499981,171.98461920833333,172.31322761458333
35.0,-1.0,0.0,0.1095361354166755,172.31322761458333,172.42276375
35.0,40.0,127.0,0.3221651041666575,172.42276375,172.74492885416666
35.0,-1.0,0.0,0.13530934375000925,172.74492885416666,172.88023819791667
35.0,40.0,120.0,0.2448454791666563,172.88023819791667,173.12508367708332
35.0,-1.0,0.0,0.0708763229166891,173.12508367708332,173.19596
35.0,33.0,113.0,0.3930414270833466,173.19596,173.58900142708336
35.0,-1.0,0.0,0.10309283333330654,173.58900142708336,173.69209426041667
35.0,40.0,120.0,0.2963918958333238,173.69209426041667,173.98848615625
35.0,-1.0,0.0,0.1481959479166619,173.98848615625,174.13668210416665
35.0,40.0,113.0,0.2577320833333374,174.13668210416665,174.3944141875
35.0,-1.0,0.0,0.07087632291666068,174.3944141875,174.46529051041665
35.0,33.0,97.0,0.3672682187500129,174.46529051041665,174.83255872916666
35.0,-1.0,0.0,0.06443302083332014,174.83255872916666,174.89699174999998
35.0,40.0,127.0,0.3608249166666724,174.89699174999998,175.25781666666666
35.0,-1.0,0.0,0.09664953124999442,175.25781666666666,175.35446619791665
35.0,33.0,102.0,0.2641753854166779,175.35446619791665,175.61864158333333
35.0,-1.0,0.0,0.04510311458332694,175.61864158333333,175.66374469791666
35.0,38.0,113.0,0.3994847291666588,175.66374469791666,176.06322942708331
35.0,-1.0,0.0,0.07731962500000122,176.06322942708331,176.14054905208332
35.0,33.0,113.0,0.2899485937500117,176.14054905208332,176.43049764583333
35.0,-1.0,0.0,0.15463925000000245,176.43049764583333,176.58513689583333
35.0,33.0,113.0,0.2512887812499969,176.58513689583333,176.83642567708333
35.0,-1.0,0.0,0.06443302083332014,176.83642567708333,176.90085869791665
35.0,38.0,120.0,0.3672682187500129,176.90085869791665,177.26812691666666
35.0,-1.0,0.0,0.11597943749998763,177.26812691666666,177.38410635416665
35.0,33.0,113.0,0.4059280312499993,177.38410635416665,177.79003438541665
35.0,-1.0,0.0,0.07731962500000122,177.79003438541665,177.86735401041665
35.0,38.0,127.0,0.2255155729166631,177.86735401041665,178.0928695833333
35.0,-1.0,0.0,0.0708763229166891,178.0928695833333,178.16374590625
35.0,31.0,113.0,0.3865981249999777,178.16374590625,178.55034403124998
35.0,-1.0,0.0,0.07731962500000122,178.55034403124998,178.62766365624998
35.0,38.0,120.0,0.2835052916666711,178.62766365624998,178.91116894791665
35.0,-1.0,0.0,0.15463925000000245,178.91116894791665,179.06580819791665
35.0,38.0,127.0,0.1997423645833294,179.06580819791665,179.26555056249998
35.0,-1.0,0.0,0.12242273958332817,179.26555056249998,179.3879733020833
35.0,31.0,113.0,0.3286084062500265,179.3879733020833,179.71658170833334
35.0,-1.0,0.0,0.12242273958332817,179.71658170833334,179.83900444791666
35.0,38.0,120.0,0.2448454791666563,179.83900444791666,180.08384992708332
35.0,-1.0,0.0,0.19329906249998885,180.08384992708332,180.2771489895833
35.0,38.0,120.0,0.2384021770833442,180.2771489895833,180.51555116666665
35.0,-1.0,0.0,0.09020622916665388,180.51555116666665,180.6057573958333
35.0,31.0,102.0,0.3801548229166656,180.6057573958333,180.98591221875
35.0,-1.0,0.0,0.09664953124999442,180.98591221875,181.08256175
35.0,38.0,120.0,0.2512887812499969,181.08256175,181.33385053125
35.0,-1.0,0.0,0.1804124583333362,181.33385053125,181.51426298958333
35.0,38.0,127.0,0.2255155729166631,181.51426298958333,181.7397785625
35.0,-1.0,0.0,0.09664953124999442,181.7397785625,181.83642809375
35.0,31.0,102.0,0.3221651041666575,181.83642809375,182.15859319791664
35.0,-1.0,0.0,0.1417526458333498,182.15859319791664,182.30034584375
35.0,38.0,120.0,0.2384021770833158,182.30034584375,182.5387480208333
35.0,-1.0,0.0,0.23195887500000367,182.5387480208333,182.7707068958333
35.0,38.0,120.0,0.219072270833351,182.7707068958333,182.98977916666664
35.0,-1.0,0.0,0.09664953124999442,182.98977916666664,183.08642869791663
35.0,35.0,113.0,0.4059280312499993,183.08642869791663,183.49235672916663
35.0,-1.0,0.0,0.057989718750036445,183.49235672916663,183.55034644791667
35.0,42.0,113.0,0.3543816145833318,183.55034644791667,183.9047280625
35.0,-1.0,0.0,0.10953613541664708,183.9047280625,184.01426419791665
35.0,35.0,113.0,0.2384021770833442,184.01426419791665,184.252666375
35.0,-1.0,0.0,0.08376292708334176,184.252666375,184.33642930208333
35.0,40.0,113.0,0.3930414270833182,184.33642930208333,184.72947072916665
35.0,-1.0,0.0,0.07731962500000122,184.72947072916665,184.80679035416665
35.0,35.0,97.0,0.3994847291666588,184.80679035416665,185.2062750833333
35.0,-1.0,0.0,0.0579897187499796,185.2062750833333,185.2642648020833
35.0,40.0,120.0,0.2641753854166779,185.2642648020833,185.5284401875
35.0,-1.0,0.0,0.05154641666663906,185.5284401875,185.57998660416663
35.0,33.0,113.0,0.373711520833325,185.57998660416663,185.953698125
35.0,-1.0,0.0,0.07731962500000122,185.953698125,186.03101775
35.0,40.0,113.0,0.3221651041666575,186.03101775,186.35318285416665
35.0,-1.0,0.0,0.13530934374998083,186.35318285416665,186.48849219791663
35.0,40.0,120.0,0.2384021770833442,186.48849219791663,186.726894375
35.0,-1.0,0.0,0.09020622916662546,186.726894375,186.81710060416663
35.0,33.0,102.0,0.373711520833325,186.81710060416663,187.19081212499995
35.0,-1.0,0.0,0.07731962500005807,187.19081212499995,187.26813175
35.0,40.0,120.0,0.2963918958333522,187.26813175,187.56452364583336
35.0,-1.0,0.0,0.17396915624996723,187.56452364583336,187.73849280208333
35.0,40.0,120.0,0.2061856666666699,187.73849280208333,187.94467846875
35.0,-1.0,0.0,0.10953613541664708,187.94467846875,188.05421460416665
35.0,33.0,97.0,0.3350517083333386,188.05421460416665,188.3892663125
35.0,-1.0,0.0,0.10953613541661866,188.3892663125,188.49880244791663
35.0,40.0,113.0,0.2963918958333238,188.49880244791663,188.79519434375
35.0,-1.0,0.0,0.18041245833327935,188.79519434375,188.9756068020833
35.0,40.0,113.0,0.1997423645833294,188.9756068020833,189.17534916666665
35.0,-1.0,0.0,0.10953613541661866,189.17534916666665,189.28488530208327
35.0,33.0,102.0,0.3479383124999913,189.28488530208327,189.6328236145833
35.0,-1.0,0.0,0.11597943750004447,189.6328236145833,189.74880305208333
35.0,40.0,127.0,0.3028351979166643,189.74880305208333,190.05163825
35.0,-1.0,0.0,0.14819594791663349,190.05163825,190.19983419791663
35.0,33.0,113.0,0.2255155729166631,190.19983419791663,190.4253497708333
35.0,-1.0,0.0,0.09020622916671073,190.4253497708333,190.515556
35.0,38.0,120.0,0.3543816145833318,190.515556,190.8699376145833
35.0,-1.0,0.0,0.10309283333336339,190.8699376145833,190.97303044791667
35.0,33.0,113.0,0.3286084062499981,190.97303044791667,191.30163885416667
35.0,-1.0,0.0,0.31572180208334544,191.30163885416667,191.61736065625
35.0,26.0,120.0,0.161082552083343,191.61736065625,191.77844320833336
35.0,-1.0,0.0,1.211340791666629,191.77844320833336,192.989784
35.0,31.0,120.0,0.3865981250000061,192.989784,193.376382125
35.0,-1.0,0.0,0.07731962500000122,193.376382125,193.45370175
35.0,38.0,120.0,0.4059280312499993,193.45370175,193.85962978125
35.0,-1.0,0.0,0.057989718750008024,193.85962978125,193.9176195
35.0,31.0,120.0,0.6958766249999826,193.9176195,194.613496125
35.0,-1.0,0.0,0.07731962500000122,194.613496125,194.69081575
35.0,38.0,120.0,0.5541239791666612,194.69081575,195.24493972916667
35.0,-1.0,0.0,0.06443302083332014,195.24493972916667,195.30937275
35.0,31.0,120.0,0.0902062291666538,195.30937275,195.39957897916665
35.0,-1.0,0.0,0.23195887500000367,195.39957897916665,195.63153785416665
35.0,31.0,127.0,0.1224227395833281,195.63153785416665,195.75396059375
35.0,-1.0,0.0,0.18041245833327935,195.75396059375,195.9343730520833
35.0,31.0,120.0,0.1288660416666687,195.9343730520833,196.06323909375
35.0,-1.0,0.0,0.1868557604166199,196.06323909375,196.25009485416663
35.0,31.0,120.0,0.1159794374999876,196.25009485416663,196.36607429166665
35.0,-1.0,0.0,0.19329906250001727,196.36607429166665,196.55937335416667
35.0,31.0,120.0,0.1030928333333349,196.55937335416667,196.6624661875
35.0,-1.0,0.0,1.2693305104166654,196.6624661875,197.93179669791667
35.0,33.0,113.0,0.431701239583333,197.93179669791667,198.3634979375
35.0,-1.0,0.0,0.0386598124999864,198.3634979375,198.40215775
35.0,40.0,120.0,0.3221651041666575,198.40215775,198.72432285416664
35.0,-1.0,0.0,0.1417526458333498,198.72432285416664,198.8660755
35.0,38.0,127.0,0.6507735104166557,198.8660755,199.51684901041665
35.0,-1.0,0.0,0.12242273958335659,199.51684901041665,199.63927175
35.0,33.0,120.0,0.3028351979166928,199.63927175,199.9421069479167
35.0,-1.0,0.0,0.16108255208331457,199.9421069479167,200.1031895
35.0,31.0,120.0,0.6443302083333435,200.1031895,200.74751970833336
35.0,-1.0,0.0,0.12886604166664029,200.74751970833336,200.87638575
35.0,38.0,120.0,0.3221651041666575,200.87638575,201.19855085416663
35.0,-1.0,0.0,0.1417526458333782,201.19855085416663,201.3403035
35.0,40.0,127.0,0.6572168125000246,201.3403035,201.99752031250003
35.0,-1.0,0.0,0.1159794374999592,201.99752031250003,202.11349975
35.0,35.0,120.0,0.3092785000000049,202.11349975,202.42277825
35.0,-1.0,0.0,0.15463925000000245,202.42277825,202.5774175
35.0,40.0,120.0,0.109536135416647,202.5774175,202.68695363541664
35.0,-1.0,0.0,0.20618566666666993,202.68695363541664,202.8931393020833
35.0,33.0,113.0,0.431701239583333,202.8931393020833,203.32484054166665
35.0,-1.0,0.0,0.06443302083334856,203.32484054166665,203.3892735625
35.0,40.0,120.0,0.3672682187499845,203.3892735625,203.75654178125
35.0,-1.0,0.0,0.07087632291666068,203.75654178125,203.82741810416667
35.0,33.0,113.0,0.6443302083333151,203.82741810416667,204.4717483125
35.0,-1.0,0.0,0.12886604166664029,204.4717483125,204.60061435416665
35.0,40.0,127.0,0.0837629270833417,204.60061435416665,204.68437728125
35.0,-1.0,0.0,0.07731962500000122,204.68437728125,204.76169690625
35.0,40.0,120.0,0.1804124583333362,204.76169690625,204.94210936458333
35.0,-1.0,0.0,0.1159794374999592,204.94210936458333,205.0580888020833
35.0,38.0,120.0,0.695876625000011,205.0580888020833,205.7539654270833
35.0,-1.0,0.0,0.08376292708334176,205.7539654270833,205.83772835416664
35.0,33.0,113.0,0.0837629270833417,205.83772835416664,205.92149128125
35.0,-1.0,0.0,0.08376292708331334,205.92149128125,206.00525420833333
35.0,33.0,97.0,0.212628968749982,206.00525420833333,206.2178831770833
35.0,-1.0,0.0,0.0579897187499796,206.2178831770833,206.2758728958333
35.0,38.0,127.0,0.6250003020833503,206.2758728958333,206.90087319791664
35.0,-1.0,0.0,0.14819594791669033,206.90087319791664,207.04906914583333
35.0,33.0,102.0,0.3092785000000049,207.04906914583333,207.35834764583333
35.0,-1.0,0.0,0.1481959479166619,207.35834764583333,207.50654359375
35.0,31.0,113.0,0.6250003020833219,207.50654359375,208.1315438958333
35.0,-1.0,0.0,0.16752585416671195,208.1315438958333,208.29906975
35.0,38.0,127.0,0.0902062291666538,208.29906975,208.38927597916663
35.0,-1.0,0.0,0.07731962500000122,208.38927597916663,208.46659560416663
35.0,38.0,120.0,0.2190722708333226,208.46659560416663,208.68566787499995
35.0,-1.0,0.0,0.07087632291671753,208.68566787499995,208.75654419791667
35.0,31.0,113.0,0.6378869062499746,208.75654419791667,209.39443110416664
35.0,-1.0,0.0,0.14819594791669033,209.39443110416664,209.54262705208333
35.0,38.0,120.0,0.3286084062499981,209.54262705208333,209.87123545833333
35.0,-1.0,0.0,0.12242273958329974,209.87123545833333,209.99365819791663
35.0,40.0,120.0,0.637886906250003,209.99365819791663,210.63154510416663
35.0,-1.0,0.0,0.12242273958335659,210.63154510416663,210.75396784375
35.0,35.0,120.0,0.3479383124999913,210.75396784375,211.10190615625
35.0,-1.0,0.0,0.11597943749998763,211.10190615625,211.21788559375
35.0,40.0,120.0,0.6636601145833367,211.21788559375,211.8815457083333
35.0,-1.0,0.0,0.12886604166669713,211.8815457083333,212.01041175
35.0,34.0,111.0,0.0837629270833133,212.01041175,212.0941746770833
35.0,-1.0,0.0,0.09664953125002285,212.0941746770833,212.1908242083333
35.0,35.0,102.0,0.1804124583333362,212.1908242083333,212.37123666666665
35.0,-1.0,0.0,0.10953613541664708,212.37123666666665,212.4807728020833
35.0,33.0,113.0,0.5670105833333423,212.4807728020833,213.04778338541664
35.0,-1.0,0.0,0.17396915624999565,213.04778338541664,213.22175254166663
35.0,40.0,120.0,0.3672682187499845,213.22175254166663,213.58902076041664
35.0,-1.0,0.0,0.1288660416666687,213.58902076041664,213.7178868020833
35.0,33.0,102.0,0.6056703958333287,213.7178868020833,214.32355719791664
35.0,-1.0,0.0,0.1804124583333646,214.32355719791664,214.50396965625
35.0,40.0,120.0,0.3028351979166643,214.50396965625,214.80680485416667
35.0,-1.0,0.0,0.14175264583332137,214.80680485416667,214.9485575
35.0,38.0,127.0,0.6185570000000098,214.9485575,215.5671145
35.0,-1.0,0.0,0.14819594791663349,215.5671145,215.71531044791664
35.0,33.0,113.0,0.3865981249999777,215.71531044791664,216.1019085729166
35.0,-1.0,0.0,0.07731962500002965,216.1019085729166,216.17922819791664
35.0,38.0,120.0,0.6765467187500178,216.17922819791664,216.85577491666663
35.0,-1.0,0.0,0.11597943750001605,216.85577491666663,216.97175435416665
35.0,33.0,113.0,0.3865981250000061,216.97175435416665,217.35835247916663
35.0,-1.0,0.0,0.057989718750008024,217.35835247916663,217.41634219791663
35.0,38.0,120.0,0.2255155729166631,217.41634219791663,217.6418577708333
35.0,-1.0,0.0,0.08376292708337019,217.6418577708333,217.72562069791667
35.0,31.0,113.0,0.3801548229166656,217.72562069791667,218.10577552083333
35.0,-1.0,0.0,0.09664953124999442,218.10577552083333,218.20242505208333
35.0,38.0,120.0,0.3543816145833318,218.20242505208333,218.55680666666663
35.0,-1.0,0.0,0.09664953125002285,218.55680666666663,218.65345619791665
35.0,31.0,120.0,0.6701034166666773,218.65345619791665,219.32355961458333
35.0,-1.0,0.0,0.1288660416666687,219.32355961458333,219.45242565625
35.0,38.0,120.0,0.3865981249999777,219.45242565625,219.83902378125
35.0,-1.0,0.0,0.05154641666663906,219.83902378125,219.89057019791665
35.0,31.0,113.0,0.219072270833351,219.89057019791665,220.10964246875
35.0,-1.0,0.0,0.10309283333333497,220.10964246875,220.21273530208333
35.0,40.0,120.0,0.3930414270833182,220.21273530208333,220.60577672916665
35.0,-1.0,0.0,0.07087632291666068,220.60577672916665,220.6766530520833
35.0,35.0,113.0,0.3479383125000197,220.6766530520833,221.02459136458333
35.0,-1.0,0.0,0.0902062291666823,221.02459136458333,221.11479759375
35.0,40.0,120.0,0.7152065312500042,221.11479759375,221.830004125
35.0,-1.0,0.0,0.09020622916665388,221.830004125,221.92021035416664
35.0,35.0,120.0,0.0966495312500228,221.92021035416664,222.01685988541664
35.0,-1.0,0.0,0.08376292708337019,222.01685988541664,222.1006228125
35.0,35.0,102.0,0.1868557604166767,222.1006228125,222.28747857291668
35.0,-1.0,0.0,0.10953613541664708,222.28747857291668,222.39701470833333
35.0,33.0,113.0,0.6250003020833219,222.39701470833333,223.02201501041665
35.0,-1.0,0.0,0.09020622916665388,223.02201501041665,223.1122212395833
35.0,40.0,120.0,0.3672682187499845,223.1122212395833,223.4794894583333
35.0,-1.0,0.0,0.09664953125002285,223.4794894583333,223.5761389895833
35.0,33.0,113.0,0.7345364374999974,223.5761389895833,224.3106754270833
35.0,-1.0,0.0,0.08376292708334176,224.3106754270833,224.39443835416665
35.0,40.0,120.0,0.3286084062499981,224.39443835416665,224.72304676041665
35.0,-1.0,0.0,0.1095361354166755,224.72304676041665,224.83258289583333
35.0,33.0,113.0,0.212628968749982,224.83258289583333,225.0452118645833
35.0,-1.0,0.0,0.09664953125002285,225.0452118645833,225.14186139583333
35.0,38.0,120.0,0.3801548229166656,225.14186139583333,225.52201621875
35.0,-1.0,0.0,0.10309283333333497,225.52201621875,225.62510905208333
35.0,33.0,113.0,0.3608249166666439,225.62510905208333,225.98593396875
35.0,-1.0,0.0,0.09664953124999442,225.98593396875,226.0825835
35.0,38.0,120.0,0.6636601145833367,226.0825835,226.7462436145833
35.0,-1.0,0.0,0.10953613541670393,226.7462436145833,226.85577975
35.0,33.0,102.0,0.3414950104166792,226.85577975,227.1972747604167
35.0,-1.0,0.0,0.1159794374999592,227.1972747604167,227.31325419791665
35.0,31.0,113.0,0.6185570000000098,227.31325419791665,227.93181119791663
35.0,-1.0,0.0,0.12242273958335659,227.93181119791663,228.0542339375
35.0,38.0,127.0,0.3414950104166792,228.0542339375,228.39572894791667
35.0,-1.0,0.0,0.12242273958332817,228.39572894791667,228.5181516875
35.0,31.0,120.0,0.6572168124999962,228.5181516875,229.1753685
35.0,-1.0,0.0,0.13530934375000925,229.1753685,229.31067784375
35.0,38.0,120.0,0.3479383124999913,229.31067784375,229.65861615625
35.0,-1.0,0.0,0.13530934375000925,229.65861615625,229.7939255
35.0,40.0,120.0,0.7023199270833231,229.7939255,230.49624542708327
35.0,-1.0,0.0,0.09664953125002285,230.49624542708327,230.5928949583333
35.0,35.0,102.0,0.0837629270833417,230.5928949583333,230.67665788541663
35.0,-1.0,0.0,0.08376292708337019,230.67665788541663,230.7604208125
35.0,35.0,97.0,0.1932990624999888,230.7604208125,230.953719875
35.0,-1.0,0.0,0.10309283333333497,230.953719875,231.05681270833333
35.0,40.0,113.0,0.637886906250003,231.05681270833333,231.69469961458333
35.0,-1.0,0.0,0.10309283333330654,231.69469961458333,231.79779244791663
35.0,35.0,113.0,0.3865981249999777,231.79779244791663,232.1843905729166
35.0,-1.0,0.0,0.09664953125002285,232.1843905729166,232.28104010416664
35.0,40.0,120.0,0.1546392500000024,232.28104010416664,232.43567935416664
35.0,-1.0,0.0,0.1417526458333498,232.43567935416664,232.577432
35.0,45.0,127.0,0.3414950104166792,232.577432,232.91892701041667
35.0,-1.0,0.0,0.12242273958332817,232.91892701041667,233.04134975
35.0,45.0,127.0,0.0773196250000012,233.04134975,233.118669375
35.0,-1.0,0.0,0.3865981250000061,233.118669375,233.5052675
35.0,45.0,127.0,0.3994847291666872,233.5052675,233.9047522291667
35.0,-1.0,0.0,0.06443302083332014,233.9047522291667,233.96918525
35.0,45.0,127.0,0.115979437500016,233.96918525,234.08516468750005
35.0,-1.0,0.0,0.34793831249993445,234.08516468750005,234.433103
35.0,45.0,127.0,0.3543816145833318,234.433103,234.7874846145833
35.0,-1.0,0.0,0.12886604166669713,234.7874846145833,234.91635065625
35.0,38.0,127.0,0.1030928333333349,234.91635065625,235.01944348958327
35.0,-1.0,0.0,0.18685576041673357,235.01944348958327,235.20629925
35.0,38.0,120.0,0.1224227395833281,235.20629925,235.32872198958333
35.0,-1.0,0.0,0.18685576041667673,235.32872198958333,235.51557775
35.0,38.0,120.0,0.1288660416666687,235.51557775,235.64444379166667
35.0,-1.0,0.0,0.1804124583333362,235.64444379166667,235.82485625
35.0,38.0,120.0,0.1224227395833281,235.82485625,235.9472789895833
35.0,-1.0,0.0,0.18685576041667673,235.9472789895833,236.13413475
35.0,38.0,120.0,0.1224227395833281,236.13413475,236.2565574895833
35.0,-1.0,0.0,0.18685576041670515,236.2565574895833,236.44341325
35.0,38.0,113.0,0.1288660416666687,236.44341325,236.57227929166663
35.0,-1.0,0.0,0.1804124583333646,236.57227929166663,236.75269175
35.0,38.0,120.0,0.1159794374999876,236.75269175,236.8686711875
35.0,-1.0,0.0,0.19329906249998885,236.8686711875,237.06197025
35.0,38.0,120.0,0.109536135416647,237.06197025,237.17150638541665
35.0,-1.0,0.0,0.35438161458336026,237.17150638541665,237.525888
35.0,33.0,113.0,0.3737115208333534,237.525888,237.89959952083336
35.0,-1.0,0.0,0.07731962499994438,237.89959952083336,237.9769191458333
35.0,40.0,127.0,0.3350517083333386,237.9769191458333,238.31197085416665
35.0,-1.0,0.0,0.1417526458333498,238.31197085416665,238.4537235
35.0,38.0,120.0,0.637886906250003,238.4537235,239.09161040625
35.0,-1.0,0.0,0.12242273958332817,239.09161040625,239.21403314583333
35.0,33.0,113.0,0.3414950104166507,239.21403314583333,239.55552815625
35.0,-1.0,0.0,0.14175264583332137,239.55552815625,239.69728080208333
35.0,31.0,120.0,0.6829900208333299,239.69728080208333,240.38027082291663
35.0,-1.0,0.0,0.09664953125002285,240.38027082291663,240.47692035416665
35.0,38.0,120.0,0.3221651041666575,240.47692035416665,240.7990854583333
35.0,-1.0,0.0,0.12886604166669713,240.7990854583333,240.9279515
35.0,40.0,127.0,0.637886906250003,240.9279515,241.56583840625
35.0,-1.0,0.0,0.14819594791663349,241.56583840625,241.71403435416664
35.0,35.0,113.0,0.3092785000000049,241.71403435416664,242.02331285416665
35.0,-1.0,0.0,0.1417526458333498,242.02331285416665,242.1650655
35.0,33.0,113.0,0.6185569999999814,242.1650655,242.7836225
35.0,-1.0,0.0,0.14819594791663349,242.7836225,242.93181844791664
35.0,40.0,120.0,0.322165104166686,242.93181844791664,243.25398355208333
35.0,-1.0,0.0,0.14175264583332137,243.25398355208333,243.39573619791665
35.0,38.0,127.0,0.6185570000000098,243.39573619791665,244.01429319791663
35.0,-1.0,0.0,0.1417526458333782,244.01429319791663,244.15604584375
35.0,33.0,113.0,0.3157218020833454,244.15604584375,244.47176764583332
35.0,-1.0,0.0,0.18685576041667673,244.47176764583332,244.65862340625
35.0,31.0,113.0,0.6829900208333299,244.65862340625,245.34161342708333
35.0,-1.0,0.0,0.0579897187499796,245.34161342708333,245.3996031458333
35.0,38.0,120.0,0.3350517083333386,245.3996031458333,245.73465485416665
35.0,-1.0,0.0,0.12886604166664029,245.73465485416665,245.8635208958333
35.0,40.0,120.0,0.6443302083333435,245.8635208958333,246.50785110416663
35.0,-1.0,0.0,0.13530934375000925,246.50785110416663,246.64316044791664
35.0,35.0,113.0,0.3157218020833454,246.64316044791664,246.95888225
35.0,-1.0,0.0,0.17396915625002407,246.95888225,247.13285140625
35.0,33.0,113.0,0.592783791666676,247.13285140625,247.7256351979167
35.0,-1.0,0.0,0.14175264583332137,247.7256351979167,247.86738784375
35.0,40.0,120.0,0.3350517083333386,247.86738784375,248.20243955208332
35.0,-1.0,0.0,0.13530934375000925,248.20243955208332,248.33774889583333
35.0,38.0,120.0,0.6314436041666625,248.33774889583333,248.9691925
35.0,-1.0,0.0,0.12242273958329974,248.9691925,249.0916152395833
35.0,33.0,113.0,0.373711520833325,249.0916152395833,249.46532676041664
35.0,-1.0,0.0,0.1417526458333498,249.46532676041664,249.60707940625
35.0,31.0,113.0,0.6250003020833219,249.60707940625,250.2320797083333
35.0,-1.0,0.0,0.13530934375003767,250.2320797083333,250.36738905208333
35.0,38.0,120.0,0.315721802083317,250.36738905208333,250.68311085416664
35.0,-1.0,0.0,0.1610825520833714,250.68311085416664,250.84419340625
35.0,40.0,127.0,0.6250003020833219,250.84419340625,251.4691937083333
35.0,-1.0,0.0,0.161082552083343,251.4691937083333,251.63027626041665
35.0,35.0,113.0,0.3028351979166643,251.63027626041665,251.9331114583333
35.0,-1.0,0.0,0.13530934374998083,251.9331114583333,252.06842080208327
35.0,33.0,102.0,0.6443302083333435,252.06842080208327,252.7127510104166
35.0,-1.0,0.0,0.10309283333339181,252.7127510104166,252.81584384375
35.0,40.0,120.0,0.3157218020833454,252.81584384375,253.13156564583332
35.0,-1.0,0.0,0.14819594791669033,253.13156564583332,253.27976159375
35.0,38.0,120.0,0.6443302083333435,253.27976159375,253.92409180208332
35.0,-1.0,0.0,0.12242273958332817,253.92409180208332,254.04651454166665
35.0,33.0,113.0,0.3479383124999913,254.04651454166665,254.39445285416664
35.0,-1.0,0.0,0.161082552083343,254.39445285416664,254.55553540625
35.0,31.0,102.0,0.5670105833333423,254.55553540625,255.12254598958333
35.0,-1.0,0.0,0.18685576041667673,255.12254598958333,255.30940175
35.0,38.0,127.0,0.322165104166686,255.30940175,255.6315668541667
35.0,-1.0,0.0,0.14819594791663349,255.6315668541667,255.77976280208333
35.0,40.0,120.0,0.6443302083333151,255.77976280208333,256.42409301041664
35.0,-1.0,0.0,0.15463925000000245,256.42409301041664,256.57873226041664
35.0,35.0,113.0,0.3092785000000049,256.57873226041664,256.88801076041665
35.0,-1.0,0.0,0.14819594791669033,256.88801076041665,257.03620670833334
35.0,33.0,113.0,0.6701034166666204,257.03620670833334,257.706310125
35.0,-1.0,0.0,0.08376292708328492,257.706310125,257.7900730520833
35.0,40.0,120.0,0.3092785000000049,257.7900730520833,258.0993515520833
35.0,-1.0,0.0,0.13530934375000925,258.0993515520833,258.2346608958333
35.0,38.0,127.0,0.7216498333333448,258.2346608958333,258.95631072916666
35.0,-1.0,0.0,0.07087632291666068,258.95631072916666,259.0271870520833
35.0,33.0,113.0,0.3479383124999913,259.0271870520833,259.3751253645833
35.0,-1.0,0.0,0.09664953125002285,259.3751253645833,259.47177489583333
35.0,40.0,127.0,0.631443604166634,259.47177489583333,260.1032185
35.0,-1.0,0.0,0.12242273958327132,260.1032185,260.2256412395833
35.0,35.0,120.0,0.3994847291667156,260.2256412395833,260.62512596875
35.0,-1.0,0.0,0.10953613541664708,260.62512596875,260.73466210416666
35.0,40.0,127.0,0.5863404895833355,260.73466210416666,261.32100259375
35.0,-1.0,0.0,0.16108255208331457,261.32100259375,261.4820851458333
35.0,35.0,113.0,0.3092785000000049,261.4820851458333,261.7913636458333
35.0,-1.0,0.0,0.16108255208331457,261.7913636458333,261.95244619791663
35.0,33.0,102.0,0.6701034166666773,261.95244619791663,262.6225496145833
35.0,-1.0,0.0,0.11597943750001605,262.6225496145833,262.7385290520833
35.0,40.0,120.0,0.322165104166686,262.7385290520833,263.06069415625
35.0,-1.0,0.0,0.12886604166664029,263.06069415625,263.18956019791665
35.0,38.0,120.0,0.7087632291666637,263.18956019791665,263.8983234270833
35.0,-1.0,0.0,0.09020622916671073,263.8983234270833,263.98852965625
35.0,33.0,113.0,0.3801548229166656,263.98852965625,264.3686844791667
35.0,-1.0,0.0,0.3737115208332966,264.3686844791667,264.742396
35.0,43.0,120.0,0.0579897187499796,264.742396,264.80038571875
35.0,-1.0,0.0,0.09020622916665388,264.80038571875,264.8905919479167
35.0,43.0,120.0,0.0837629270832849,264.8905919479167,264.974354875
35.0,-1.0,0.0,0.22551557291666313,264.974354875,265.1998704479167
35.0,43.0,127.0,0.0773196249999728,265.1998704479167,265.27719007291665
35.0,-1.0,0.0,0.26417538541664953,265.27719007291665,265.5413654583333
35.0,43.0,127.0,0.1095361354167039,265.5413654583333,265.65090159375
35.0,-1.0,0.0,0.19974236458330097,265.65090159375,265.8506439583333
35.0,40.0,113.0,0.2126289687500389,265.8506439583333,266.06327292708335
35.0,-1.0,0.0,0.06443302083329172,266.06327292708335,266.12770594791664
35.0,47.0,113.0,0.1675258541666835,266.12770594791664,266.2952318020833
35.0,-1.0,0.0,0.006443302083312119,266.2952318020833,266.30167510416663
35.0,52.0,127.0,0.7796395520833244,266.30167510416663,267.08131465625
35.0,-1.0,0.0,0.13530934375000925,267.08131465625,267.216624
35.0,45.0,127.0,0.3801548229166656,267.216624,267.5967788229167
35.0,-1.0,0.0,0.0579897187499796,267.5967788229167,267.65476854166667
35.0,40.0,120.0,0.3672682187499845,267.65476854166667,268.02203676041665
35.0,-1.0,0.0,0.12886604166664029,268.02203676041665,268.1509028020833
35.0,33.0,102.0,0.6056703958333856,268.1509028020833,268.7565731979167
35.0,-1.0,0.0,0.18041245833330777,268.7565731979167,268.93698565625
35.0,40.0,120.0,0.3028351979166928,268.93698565625,269.2398208541667
35.0,-1.0,0.0,0.14175264583332137,269.2398208541667,269.3815735
35.0,38.0,127.0,0.6185570000000098,269.3815735,270.0001305
35.0,-1.0,0.0,0.14819594791663349,270.0001305,270.14832644791665
35.0,33.0,113.0,0.3865981250000345,270.14832644791665,270.5349245729167
35.0,-1.0,0.0,0.0773196249999728,270.5349245729167,270.61224419791665
35.0,38.0,120.0,0.6765467187499894,270.61224419791665,271.28879091666664
35.0,-1.0,0.0,0.11597943750001605,271.28879091666664,271.40477035416666
35.0,33.0,113.0,0.3865981249999777,271.40477035416666,271.79136847916664
35.0,-1.0,0.0,0.057989718750036445,271.79136847916664,271.8493581979167
35.0,38.0,120.0,0.2255155729166631,271.8493581979167,272.07487377083334
35.0,-1.0,0.0,0.08376292708334176,272.07487377083334,272.1586366979167
35.0,31.0,113.0,0.3801548229166656,272.1586366979167,272.53879152083334
35.0,-1.0,0.0,0.096649531249966,272.53879152083334,272.6354410520833
35.0,38.0,120.0,0.3543816145833602,272.6354410520833,272.98982266666667
35.0,-1.0,0.0,0.096649531249966,272.98982266666667,273.08647219791663
35.0,31.0,120.0,0.6701034166666773,273.08647219791663,273.7565756145833
35.0,-1.0,0.0,0.12886604166669713,273.7565756145833,273.88544165625
35.0,38.0,120.0,0.3865981249999777,273.88544165625,274.27203978125
35.0,-1.0,0.0,0.05154641666666748,274.27203978125,274.32358619791665
35.0,31.0,113.0,0.219072270833351,274.32358619791665,274.54265846875
35.0,-1.0,0.0,0.10309283333333497,274.54265846875,274.64575130208334
35.0,40.0,120.0,0.3930414270832898,274.64575130208334,275.03879272916663
35.0,-1.0,0.0,0.07087632291666068,275.03879272916663,275.1096690520833
35.0,35.0,113.0,0.3479383125000481,275.1096690520833,275.45760736458334
35.0,-1.0,0.0,0.09020622916665388,275.45760736458334,275.54781359375
35.0,40.0,120.0,0.7152065312499758,275.54781359375,276.263020125
35.0,-1.0,0.0,0.09020622916665388,276.263020125,276.3532263541667
35.0,35.0,120.0,0.096649531249966,276.3532263541667,276.44987588541665
35.0,-1.0,0.0,0.08376292708334176,276.44987588541665,276.5336388125
35.0,35.0,102.0,0.1868557604166767,276.5336388125,276.72049457291666
35.0,-1.0,0.0,0.10953613541664708,276.72049457291666,276.8300307083333
35.0,33.0,113.0,0.6250003020833219,276.8300307083333,277.45503101041663
35.0,-1.0,0.0,0.09020622916671073,277.45503101041663,277.54523723958334
35.0,40.0,120.0,0.3672682187499845,277.54523723958334,277.9125054583333
35.0,-1.0,0.0,0.096649531249966,277.9125054583333,278.0091549895833
35.0,33.0,113.0,0.7345364375000258,278.0091549895833,278.7436914270833
35.0,-1.0,0.0,0.08376292708334176,278.7436914270833,278.82745435416666
35.0,40.0,120.0,0.3286084062499981,278.82745435416666,279.15606276041666
35.0,-1.0,0.0,0.10953613541664708,279.15606276041666,279.2655988958333
35.0,33.0,113.0,0.2126289687500389,279.2655988958333,279.47822786458335
35.0,-1.0,0.0,0.096649531249966,279.47822786458335,279.5748773958333
35.0,38.0,120.0,0.3801548229166656,279.5748773958333,279.95503221875
35.0,-1.0,0.0,0.10309283333333497,279.95503221875,280.0581250520833
35.0,33.0,113.0,0.3608249166666724,280.0581250520833,280.41894996875
35.0,-1.0,0.0,0.09664953125002285,280.41894996875,280.5155995
35.0,38.0,120.0,0.6636601145833083,280.5155995,281.1792596145833
35.0,-1.0,0.0,0.10953613541670393,281.1792596145833,281.28879575
35.0,33.0,102.0,0.3414950104166792,281.28879575,281.6302907604167
35.0,-1.0,0.0,0.1159794374999592,281.6302907604167,281.74627019791666
35.0,31.0,113.0,0.6185570000000098,281.74627019791666,282.36482719791667
35.0,-1.0,0.0,0.12242273958332817,282.36482719791667,282.4872499375
35.0,38.0,127.0,0.3414950104166792,282.4872499375,282.8287449479167
35.0,-1.0,0.0,0.12242273958332817,282.8287449479167,282.9511676875
35.0,31.0,120.0,0.6572168124999962,282.9511676875,283.6083845
35.0,-1.0,0.0,0.13530934375000925,283.6083845,283.74369384375
35.0,38.0,120.0,0.3479383124999913,283.74369384375,284.09163215625
35.0,-1.0,0.0,0.13530934375000925,284.09163215625,284.2269415
35.0,40.0,120.0,0.7023199270832947,284.2269415,284.9292614270833
35.0,-1.0,0.0,0.09664953125002285,284.9292614270833,285.0259109583333
35.0,35.0,102.0,0.0837629270833417,285.0259109583333,285.10967388541667
35.0,-1.0,0.0,0.08376292708334176,285.10967388541667,285.1934368125
35.0,35.0,97.0,0.1932990624999888,285.1934368125,285.386735875
35.0,-1.0,0.0,0.10309283333333497,285.386735875,285.48982870833333
35.0,40.0,113.0,0.637886906250003,285.48982870833333,286.12771561458334
35.0,-1.0,0.0,0.10309283333333497,286.12771561458334,286.2308084479167
35.0,35.0,113.0,0.3865981249999777,286.2308084479167,286.61740657291665
35.0,-1.0,0.0,0.09664953125002285,286.61740657291665,286.7140561041667
35.0,40.0,120.0,0.1546392500000024,286.7140561041667,286.8686953541667
35.0,-1.0,0.0,0.14175264583332137,286.8686953541667,287.010448
35.0,45.0,127.0,0.3414950104166792,287.010448,287.3519430104167
35.0,-1.0,0.0,0.12242273958332817,287.3519430104167,287.47436575
35.0,45.0,127.0,0.0773196249999728,287.47436575,287.551685375
35.0,-1.0,0.0,0.38659812500003454,287.551685375,287.9382835
35.0,45.0,127.0,0.3994847291666588,287.9382835,288.33776822916667
35.0,-1.0,0.0,0.06443302083334856,288.33776822916667,288.40220125
35.0,45.0,127.0,0.115979437500016,288.40220125,288.51818068750003
35.0,-1.0,0.0,0.3479383124999913,288.51818068750003,288.866119
35.0,45.0,127.0,0.3543816145833602,288.866119,289.2205006145834
35.0,-1.0,0.0,0.12886604166664029,289.2205006145834,289.34936665625
35.0,38.0,127.0,0.1030928333333349,289.34936665625,289.45245948958336
35.0,-1.0,0.0,0.1868557604166199,289.45245948958336,289.63931525
35.0,38.0,120.0,0.1030928333333349,289.63931525,289.7424080833333
35.0,-1.0,0.0,0.22551557291666313,289.7424080833333,289.96792365625
35.0,38.0,113.0,0.0966495312500228,289.96792365625,290.0645731875
35.0,-1.0,0.0,0.21262896874998205,290.0645731875,290.27720215625
35.0,38.0,120.0,0.0773196249999728,290.27720215625,290.35452178125
35.0,-1.0,0.0,0.23195887499997525,290.35452178125,290.58648065625
35.0,38.0,113.0,0.0708763229166606,290.58648065625,290.65735697916665
35.0,-1.0,0.0,0.219072270833351,290.65735697916665,290.87642925
35.0,38.0,120.0,0.0708763229166606,290.87642925,290.94730557291666
35.0,-1.0,0.0,0.09020622916665388,290.94730557291666,291.0375118020833
35.0,38.0,120.0,0.0708763229166606,291.0375118020833,291.108388125
35.0,-1.0,0.0,0.10953613541664708,291.108388125,291.2179242604166
35.0,38.0,120.0,0.0837629270833417,291.2179242604166,291.3016871875
35.0,-1.0,0.0,0.18041245833330777,291.3016871875,291.48209964583333
35.0,38.0,120.0,0.096649531249966,291.48209964583333,291.5787491770833
35.0,-1.0,0.0,0.3801548229167224,291.5787491770833,291.958904
35.0,43.0,120.0,0.0579897187500364,291.958904,292.01689371875005
35.0,-1.0,0.0,0.10953613541659024,292.01689371875005,292.12642985416664
35.0,43.0,113.0,0.0773196250000296,292.12642985416664,292.2037494791667
35.0,-1.0,0.0,0.219072270833351,292.2037494791667,292.42282175
35.0,43.0,127.0,0.5025775624999937,292.42282175,292.9253993125
35.0,31.0,127.0,0.2577320833333374,292.90606940625,293.16380148958336
56.0,67.0,127.0,0.1610825520833332,1.37242334375,1.5335058958333332
56.0,55.0,127.0,0.1610825520833334,1.3917532499999998,1.5528358020833333
56.0,69.0,127.0,0.0708763229166666,1.5077326875,1.5786090104166666
56.0,57.0,127.0,0.0644330208333334,1.5335058958333332,1.5979389166666669
56.0,71.0,127.0,0.0773196250000001,1.5592791041666665,1.6365987291666666
56.0,59.0,127.0,0.0708763229166666,1.5850523125,1.655928635416667
56.0,57.0,127.0,0.0708763229166666,1.6430420312499998,1.7139183541666665
56.0,69.0,127.0,0.0966495312499999,1.6172688229166663,1.7139183541666665
56.0,55.0,127.0,0.1417526458333333,1.7074750520833333,1.8492276979166664
56.0,67.0,127.0,0.1610825520833334,1.7010317499999998,1.8621143020833333
56.0,71.0,127.0,0.15463925,1.8298977916666663,1.9845370416666663
56.0,59.0,127.0,0.1481959479166668,1.8427843958333328,1.9909803437499995
56.0,74.0,127.0,0.1804124583333333,1.9652071354166665,2.14561959375
56.0,62.0,127.0,0.1739691562500001,1.99098034375,2.1649495
56.0,76.0,127.0,0.0966495312499997,2.1262896875,2.22293921875
56.0,64.0,127.0,0.0966495312500002,2.14561959375,2.2422691250000004
56.0,-1.0,0.0,0.05154641666666615,2.2422691250000004,2.2938155416666666
56.0,66.0,127.0,0.9085055937499996,2.2938155416666666,3.2023211354166663
56.0,78.0,127.0,0.9471654062500005,2.2809289375,3.2280943437500005
56.0,74.0,127.0,0.0386598124999997,3.2216510416666666,3.2603108541666663
56.0,62.0,127.0,0.0451031145833331,3.2409809479166665,3.2860840625
56.0,-1.0,0.0,0.257732083333333,3.2860840625,3.543816145833333
56.0,59.0,127.0,0.0708763229166669,3.543816145833333,3.61469246875
56.0,71.0,127.0,0.0773196249999998,3.5502594479166665,3.6275790729166655
56.0,-1.0,0.0,1.0244850312500011,3.6275790729166655,4.652064104166667
56.0,79.0,127.0,0.1546392499999997,4.652064104166667,4.806703354166666
56.0,67.0,127.0,0.1739691562500001,4.6391775,4.81314665625
56.0,66.0,127.0,0.934278802083334,4.79381675,5.728095552083334
56.0,78.0,127.0,0.9407221041666664,4.800260052083333,5.740982156249999
56.0,74.0,127.0,0.0515464166666665,5.728095552083333,5.77964196875
56.0,62.0,127.0,0.0773196250000003,5.708765645833333,5.7860852708333335
56.0,-1.0,0.0,0.2255155729166658,5.7860852708333335,6.011600843749999
56.0,59.0,127.0,0.0902062291666672,6.011600843749999,6.1018070729166665
56.0,71.0,127.0,0.0902062291666672,6.024487447916666,6.114693677083333
56.0,-1.0,0.0,0.8311859687499998,6.114693677083333,6.945879645833333
56.0,76.0,127.0,0.1932990624999995,6.945879645833333,7.139178708333333
56.0,64.0,127.0,0.1739691562500001,6.971652854166666,7.145622010416666
56.0,66.0,127.0,0.1030928333333331,7.106962197916666,7.21005503125
56.0,78.0,127.0,0.1739691562500001,7.087632291666666,7.261601447916666
56.0,65.0,127.0,0.0257732083333337,7.255158145833333,7.280931354166666
56.0,67.0,127.0,0.1997423645833338,7.248714843749999,7.448457208333333
56.0,79.0,127.0,0.2706186875000007,7.242271541666666,7.512890229166667
56.0,76.0,127.0,0.2963918958333327,7.235828239583333,7.532220135416666
56.0,-1.0,0.0,0.04510311458333316,7.532220135416666,7.577323249999999
56.0,79.0,127.0,0.0644330208333334,7.577323249999999,7.641756270833333
56.0,67.0,127.0,0.0708763229166669,7.583766552083333,7.654642874999999
56.0,76.0,127.0,0.0773196250000003,7.590209854166666,7.667529479166666
56.0,-1.0,0.0,0.04510311458333227,7.667529479166666,7.712632593749999
56.0,79.0,127.0,0.0644330208333334,7.712632593749999,7.777065614583332
56.0,67.0,127.0,0.0644330208333334,7.725519197916666,7.78995221875
56.0,76.0,127.0,0.070876322916666,7.7319625,7.802838822916666
56.0,-1.0,0.0,0.06443302083333347,7.802838822916666,7.867271843749999
56.0,79.0,127.0,0.0644330208333334,7.867271843749999,7.931704864583333
56.0,67.0,127.0,0.0708763229166669,7.880158447916666,7.951034770833333
56.0,76.0,127.0,0.0644330208333334,7.893045052083333,7.957478072916666
56.0,-1.0,0.0,0.2126289687500007,7.957478072916666,8.170107041666666
56.0,79.0,127.0,0.0773196249999994,8.170107041666666,8.247426666666666
56.0,76.0,127.0,0.070876322916666,8.182993645833333,8.25386996875
56.0,67.0,127.0,0.1030928333333331,8.17655034375,8.279643177083333
56.0,-1.0,0.0,0.515464166666666,8.279643177083333,8.795107343749999
56.0,67.0,127.0,0.1095361354166666,8.795107343749999,8.904643479166666
56.0,76.0,127.0,0.0837629270833328,8.827323854166666,8.911086781249999
56.0,79.0,127.0,0.0966495312499997,8.83376715625,8.9304166875
56.0,-1.0,0.0,0.35438161458333184,8.9304166875,9.284798302083331
56.0,76.0,127.0,0.0644330208333325,9.284798302083331,9.349231322916664
56.0,67.0,127.0,0.0773196249999994,9.291241604166666,9.368561229166666
56.0,79.0,127.0,0.070876322916666,9.29768490625,9.368561229166666
56.0,-1.0,0.0,0.08376292708333466,9.368561229166666,9.45232415625
56.0,74.0,127.0,0.0708763229166677,9.45232415625,9.523200479166668
56.0,-1.0,0.0,0.19329906249999773,9.523200479166668,9.716499541666666
56.0,80.0,127.0,0.5927837916666672,9.716499541666666,10.309283333333331
56.0,68.0,127.0,0.5670105833333334,9.768045958333332,10.335056541666663
56.0,81.0,127.0,0.1481959479166654,10.309283333333331,10.457479281249997
56.0,69.0,127.0,0.141752645833332,10.328613239583332,10.470365885416664
56.0,-1.0,0.0,1.3079903229166678,10.470365885416664,11.778356208333332
56.0,57.0,127.0,0.0257732083333319,11.778356208333332,11.804129416666663
56.0,71.0,127.0,0.1739691562499992,11.765469604166666,11.939438760416666
56.0,59.0,127.0,0.1804124583333326,11.77191290625,11.952325364583333
56.0,74.0,127.0,0.1868557604166678,11.913665552083332,12.1005213125
56.0,62.0,127.0,0.1868557604166678,11.92655215625,12.113407916666668
56.0,65.0,127.0,0.0386598125000006,12.08119140625,12.11985121875
56.0,76.0,127.0,0.1932990624999995,12.0618615,12.2551605625
56.0,64.0,127.0,0.186855760416666,12.074748104166666,12.261603864583332
56.0,66.0,127.0,0.8891756874999999,12.229387354166668,13.118563041666668
56.0,74.0,127.0,0.0386598124999988,13.118563041666668,13.157222854166667
56.0,78.0,127.0,0.947165406249999,12.229387354166668,13.176552760416667
56.0,62.0,127.0,0.0451031145833322,13.137892947916669,13.1829960625
56.0,-1.0,0.0,0.2577320833333321,13.1829960625,13.440728145833331
56.0,59.0,127.0,0.070876322916666,13.440728145833331,13.511604468749995
56.0,71.0,127.0,0.0773196249999994,13.447171447916666,13.524491072916666
56.0,-1.0,0.0,1.0244850312500002,13.524491072916666,14.548976104166666
56.0,79.0,127.0,0.1546392500000006,14.548976104166666,14.703615354166669
56.0,67.0,127.0,0.1739691562499992,14.5360895,14.710058656249998
56.0,66.0,127.0,0.934278802083332,14.69072875,15.625007552083332
56.0,78.0,127.0,0.9407221041666656,14.697172052083332,15.637894156249995
56.0,74.0,127.0,0.0515464166666674,15.625007552083332,15.67655396875
56.0,62.0,127.0,0.0773196250000012,15.605677645833332,15.682997270833331
56.0,-1.0,0.0,0.22551557291666846,15.682997270833331,15.90851284375
56.0,59.0,127.0,0.0902062291666663,15.90851284375,15.998719072916666
56.0,71.0,127.0,0.0902062291666645,15.921399447916668,16.01160567708333
56.0,-1.0,0.0,0.8311859687500025,16.01160567708333,16.842791645833334
56.0,76.0,127.0,0.1932990624999995,16.842791645833334,17.036090708333333
56.0,64.0,127.0,0.1739691562499992,16.868564854166667,17.042534010416666
56.0,66.0,127.0,0.1030928333333349,17.003874197916666,17.10696703125
56.0,78.0,127.0,0.1739691562499992,16.984544291666666,17.158513447916665
56.0,65.0,127.0,0.0257732083333337,17.15207014583333,17.177843354166665
56.0,67.0,127.0,0.1997423645833329,17.145626843749998,17.34536920833333
56.0,79.0,127.0,0.2706186875000007,17.139183541666664,17.409802229166665
56.0,76.0,127.0,0.2963918958333345,17.13274023958333,17.429132135416666
56.0,-1.0,0.0,0.04510311458333405,17.429132135416666,17.47423525
56.0,79.0,127.0,0.0644330208333343,17.47423525,17.538668270833334
56.0,67.0,127.0,0.0708763229166677,17.480678552083333,17.551554875
56.0,76.0,127.0,0.0773196249999976,17.487121854166666,17.564441479166664
56.0,-1.0,0.0,0.04510311458333405,17.564441479166664,17.609544593749998
56.0,79.0,127.0,0.0644330208333343,17.609544593749998,17.673977614583332
56.0,67.0,127.0,0.0644330208333343,17.622431197916665,17.68686421875
56.0,76.0,127.0,0.0708763229166677,17.6288745,17.699750822916666
56.0,-1.0,0.0,0.06443302083333435,17.699750822916666,17.76418384375
56.0,79.0,127.0,0.0644330208333308,17.76418384375,17.82861686458333
56.0,67.0,127.0,0.0708763229166642,17.777070447916667,17.84794677083333
56.0,76.0,127.0,0.0644330208333343,17.78995705208333,17.854390072916665
56.0,-1.0,0.0,0.2126289687499998,17.854390072916665,18.067019041666665
56.0,79.0,127.0,0.0773196250000012,18.067019041666665,18.144338666666663
56.0,76.0,127.0,0.0708763229166677,18.07990564583333,18.15078196875
56.0,67.0,127.0,0.1030928333333349,18.07346234375,18.176555177083333
56.0,-1.0,0.0,0.5154641666666677,18.176555177083333,18.69201934375
56.0,67.0,127.0,0.1095361354166684,18.69201934375,18.80155547916667
56.0,76.0,127.0,0.0837629270833346,18.724235854166665,18.80799878125
56.0,79.0,127.0,0.0966495312500015,18.73067915625,18.827328687500003
56.0,-1.0,0.0,0.3543816145833283,18.827328687500003,19.18171030208333
56.0,76.0,127.0,0.0644330208333343,19.18171030208333,19.246143322916662
56.0,67.0,127.0,0.0773196250000012,19.188153604166665,19.265473229166663
56.0,79.0,127.0,0.0708763229166677,19.19459690625,19.265473229166663
56.0,-1.0,0.0,0.08376292708333821,19.265473229166663,19.34923615625
56.0,74.0,127.0,0.0708763229166677,19.34923615625,19.42011247916667
56.0,-1.0,0.0,0.19329906249999596,19.42011247916667,19.613411541666665
56.0,80.0,127.0,0.592783791666669,19.613411541666665,20.206195333333334
56.0,68.0,127.0,0.5670105833333352,19.66495795833333,20.231968541666664
56.0,81.0,127.0,0.1481959479166654,20.206195333333334,20.35439128125
56.0,69.0,127.0,0.141752645833332,20.22552523958333,20.367277885416662
56.0,-1.0,0.0,24.639187166666666,20.367277885416662,45.00646505208333
56.0,72.0,127.0,0.067654671875001,45.00646505208333,45.074119723958326
56.0,78.0,127.0,0.0708763229166677,45.0386815625,45.10955788541667
56.0,66.0,127.0,0.0837629270833346,45.03223826041666,45.1160011875
56.0,-1.0,0.0,0.02577320833333374,45.1160011875,45.14177439583333
56.0,71.0,127.0,0.3286084062499981,45.14177439583333,45.47038280208333
56.0,74.0,127.0,0.3221651041666646,45.14821769791666,45.47038280208332
56.0,72.0,127.0,0.3157218020833312,45.18043420833333,45.49615601041666
56.0,-1.0,0.0,0.10309283333333497,45.49615601041666,45.59924884375
56.0,71.0,127.0,0.0837629270833346,45.59924884375,45.68301177083333
56.0,74.0,127.0,0.0837629270833346,45.60569214583333,45.689455072916665
56.0,78.0,127.0,0.0837629270833346,45.63146535416666,45.71522828124999
56.0,66.0,127.0,0.0902062291666681,45.64435195833333,45.7345581875
56.0,-1.0,0.0,0.1675258541666622,45.7345581875,45.90208404166666
56.0,72.0,127.0,0.0547680677083341,45.90208404166666,45.95685210937499
56.0,78.0,127.0,0.0644330208333343,45.93430055208333,45.99873357291666
56.0,66.0,127.0,0.0773196250000012,45.95363045833333,46.03095008333333
56.0,-1.0,0.0,0.019329906250000306,46.03095008333333,46.05027998958333
56.0,72.0,127.0,0.0773196250000011,46.05027998958333,46.12759961458333
56.0,78.0,127.0,0.0902062291666681,46.0824965,46.172702729166666
56.0,66.0,127.0,0.1224227395833352,46.05672329166666,46.17914603124999
56.0,-1.0,0.0,0.1997423645833365,46.17914603124999,46.37888839583333
56.0,76.0,127.0,0.0966495312500015,46.37888839583333,46.47553792708333
56.0,64.0,127.0,0.1288660416666687,46.37244509375,46.50131113541667
56.0,72.0,127.0,0.193299062500003,46.34667188541666,46.539970947916665
56.0,74.0,127.0,0.0966495312500015,46.52064104166666,46.61729057291666
56.0,78.0,127.0,0.1030928333333349,46.539970947916665,46.64306378125
56.0,66.0,127.0,0.1159794375000018,46.54641425,46.6623936875
56.0,-1.0,0.0,0.9729386145833274,46.6623936875,47.63533230208333
56.0,74.0,127.0,0.1095361354166613,47.63533230208333,47.74486843749999
56.0,62.0,127.0,0.180412458333329,47.62244569791667,47.80285815625
56.0,76.0,127.0,0.0773196250000012,47.77708494791666,47.85440457291666
56.0,64.0,127.0,0.0934278802083348,47.78352825,47.876956130208335
56.0,-1.0,0.0,0.2480671302083266,47.876956130208335,48.12502326041666
56.0,71.0,127.0,0.1417526458333355,48.12502326041666,48.26677590625
56.0,74.0,127.0,0.1417526458333355,48.1314665625,48.27321920833334
56.0,73.0,127.0,0.2963918958333309,48.08636344791667,48.38275534375
56.0,77.0,127.0,0.0644330208333343,48.376312041666665,48.4407450625
56.0,76.0,127.0,0.0902062291666681,48.42141515625,48.51162138541667
56.0,74.0,127.0,0.0708763229166606,48.48584817708333,48.55672449999999
56.0,72.0,127.0,0.045103114583334,48.55028119791666,48.5953843125
56.0,-1.0,0.0,1.3530934375,48.5953843125,49.94847775
56.0,76.0,127.0,0.296391895833338,49.94847775,50.24486964583334
56.0,62.0,127.0,0.3479383125000055,49.92914784375,50.27708615625001
56.0,66.0,127.0,0.3672682187500058,49.91626123958333,50.28352945833333
56.0,-1.0,0.0,0.8956189895833404,50.28352945833333,51.17914844791667
56.0,68.0,127.0,0.3543816145833318,51.17914844791667,51.5335300625
56.0,79.0,127.0,0.3543816145833318,51.19847835416667,51.55285996875
56.0,71.0,127.0,0.4059280312499993,51.16626184375,51.572189875
56.0,-1.0,0.0,2.106959781249998,51.572189875,53.67914965625
56.0,57.0,127.0,0.0902062291666681,53.67914965625,53.769355885416665
56.0,69.0,127.0,0.1095361354166684,53.67270635416666,53.782242489583325
56.0,-1.0,0.0,0.025773208333340847,53.782242489583325,53.808015697916666
56.0,72.0,127.0,0.0837629270833346,53.808015697916666,53.891778625
56.0,60.0,127.0,0.0773196250000012,53.814459,53.891778625
56.0,-1.0,0.0,0.07731962500000122,53.891778625,53.96909825
56.0,70.0,127.0,0.0579897187500009,53.96909825,54.02708796875
56.0,-1.0,0.0,0.23840217708333,54.02708796875,54.26549014583333
56.0,81.0,127.0,0.0644330208333343,54.26549014583333,54.32992316666667
56.0,69.0,127.0,0.0708763229166677,54.271933447916666,54.34280977083333
56.0,-1.0,0.0,0.2190722708333297,54.34280977083333,54.56188204166666
56.0,83.0,127.0,0.0644330208333343,54.56188204166666,54.62631506249999
56.0,71.0,127.0,0.0644330208333343,54.57476864583333,54.639201666666665
56.0,-1.0,0.0,0.07087632291666779,54.639201666666665,54.71007798958333
56.0,76.0,127.0,0.0902062291666609,54.71007798958333,54.80028421875
56.0,64.0,127.0,0.0902062291666609,54.72296459375,54.81317082291666
56.0,-1.0,0.0,0.05798971875000092,54.81317082291666,54.87116054166666
56.0,79.0,127.0,0.0708763229166677,54.87116054166666,54.94203686458333
56.0,67.0,127.0,0.0837629270833346,54.87760384375,54.96136677083334
56.0,-1.0,0.0,0.21262896874999626,54.96136677083334,55.17399573958333
56.0,81.0,127.0,0.0644330208333343,55.17399573958333,55.23842876041667
56.0,69.0,127.0,0.0579897187499938,55.18688234375,55.2448720625
56.0,-1.0,0.0,0.2577320833333303,55.2448720625,55.50260414583333
56.0,69.0,127.0,0.1095361354166684,55.50260414583333,55.61214028125
56.0,57.0,127.0,0.1353093437500021,55.48971754166666,55.62502688541666
56.0,-1.0,0.0,6.707477468750007,55.62502688541666,62.332504354166666
56.0,71.0,127.0,0.0966495312499944,62.332504354166666,62.42915388541666
56.0,-1.0,0.0,0.21262896874999626,62.42915388541666,62.64178285416666
56.0,77.0,127.0,0.0902062291666681,62.64178285416666,62.731989083333325
56.0,65.0,127.0,0.0902062291666681,62.65466945833333,62.7448756875
56.0,-1.0,0.0,0.20618566666666283,62.7448756875,62.95106135416666
56.0,77.0,127.0,0.0773196250000012,62.95106135416666,63.02838097916666
56.0,65.0,127.0,0.0837629270833346,62.96394795833333,63.04771088541666
56.0,-1.0,0.0,0.19329906250000306,63.04771088541666,63.241009947916666
56.0,76.0,127.0,0.7409797395833309,63.241009947916666,63.9819896875
56.0,64.0,127.0,0.7409797395833309,63.25389655208333,63.99487629166666
56.0,-1.0,0.0,2.2164959166666733,63.99487629166666,66.21137220833333
56.0,60.0,127.0,0.4445878437499999,66.21137220833333,66.65596005208333
56.0,72.0,127.0,0.4381445416666594,66.2242588125,66.66240335416666
56.0,64.0,127.0,0.0773196250000012,66.66240335416666,66.73972297916666
56.0,76.0,127.0,0.0966495312499944,66.64951675,66.74616628125
56.0,-1.0,0.0,0.20618566666666993,66.74616628125,66.95235194791667
56.0,79.0,127.0,0.0515464166666674,66.95235194791667,67.00389836458334
56.0,73.0,127.0,0.0579897187500079,66.95879525,67.01678496875
56.0,-1.0,0.0,0.23840217708333,67.01678496875,67.25518714583333
56.0,77.0,127.0,0.0773196250000012,67.25518714583333,67.33250677083333
56.0,-1.0,0.0,0.2190722708333226,67.33250677083333,67.55157904166666
56.0,84.0,127.0,0.1546392500000024,67.55157904166666,67.70621829166666
56.0,72.0,127.0,0.1675258541666693,67.55802234375,67.72554819791667
56.0,81.0,127.0,1.1469077708333373,67.71266159375,68.85956936458334
56.0,69.0,127.0,1.1662376770833305,67.73199149999999,68.89822917708332
56.0,-1.0,0.0,8.42139582291668,68.89822917708332,77.319625
56.0,61.0,127.0,0.0257732083333337,77.319625,77.34539820833334
56.0,73.0,127.0,0.0386598125000006,77.31318169791666,77.35184151041666
56.0,62.0,127.0,0.6250003020833361,77.32606830208333,77.95106860416666
56.0,74.0,127.0,0.5992270937500024,77.35184151041666,77.95106860416666
56.0,75.0,127.0,0.0773196250000012,77.8995221875,77.9768418125
56.0,74.0,127.0,0.0257732083333337,77.97039851041666,77.99617171874999
56.0,64.0,127.0,0.9600520104166748,77.94462530208332,78.9046773125
56.0,76.0,127.0,0.934278802083341,77.97039851041666,78.9046773125
56.0,-1.0,0.0,0.9020622916666667,78.9046773125,79.80673960416667
56.0,74.0,127.0,0.3221651041666575,79.80673960416667,80.12890470833332
56.0,62.0,127.0,0.3157218020833312,79.81318290624999,80.12890470833332
56.0,66.0,127.0,0.3640465677083284,79.78096639583333,80.14501296354166
56.0,-1.0,0.0,0.1192010885416721,80.14501296354166,80.26421405208333
56.0,69.0,127.0,0.0708763229166606,80.26421405208333,80.335090375
56.0,74.0,127.0,0.0902062291666681,80.25777074999999,80.34797697916666
56.0,64.0,127.0,0.0837629270833417,80.27065735416666,80.35442028125
56.0,62.0,127.0,0.1030928333333349,80.26421405208333,80.36730688541667
56.0,-1.0,0.0,0.4961342604166674,80.36730688541667,80.86344114583333
56.0,67.0,127.0,0.03221651041666,80.86344114583333,80.89565765625
56.0,-1.0,0.0,0.01288660416666687,80.89565765625,80.90854426041666
56.0,74.0,127.0,0.0708763229166606,80.90854426041666,80.97942058333332
56.0,62.0,127.0,0.0644330208333343,80.92143086458333,80.98586388541666
56.0,66.0,127.0,0.1320876927083318,80.85699784375,80.98908553645833
56.0,-1.0,0.0,0.03543816145833034,80.98908553645833,81.02452369791666
56.0,69.0,127.0,0.0708763229166606,81.02452369791666,81.09540002083332
56.0,69.0,127.0,0.0451031145833269,81.05029690625,81.09540002083332
56.0,64.0,127.0,0.0837629270833275,81.02452369791666,81.10828662499999
56.0,64.0,127.0,0.0644330208333343,81.04385360416666,81.10828662499999
56.0,74.0,127.0,0.3221651041666717,81.05674020833332,81.3789053125
56.0,62.0,127.0,0.3157218020833312,81.06318351041666,81.3789053125
56.0,-1.0,0.0,0.11597943750000184,81.3789053125,81.49488475
56.0,69.0,127.0,0.0923539965277768,81.49488475,81.58723874652777
56.0,62.0,127.0,0.1030928333333349,81.50132805208332,81.60442088541666
56.0,-1.0,0.0,0.6507735104166699,81.60442088541666,82.25519439583333
56.0,74.0,127.0,0.0708763229166606,82.25519439583333,82.32607071874999
56.0,62.0,127.0,0.0708763229166606,82.26163769791667,82.33251402083333
56.0,66.0,127.0,0.0740979739583309,82.28096760416666,82.355065578125
56.0,-1.0,0.0,0.06121136979166408,82.355065578125,82.41627694791666
56.0,68.0,127.0,0.0708763229166749,82.41627694791666,82.48715327083333
56.0,69.0,127.0,0.0644330208333343,82.44205015624999,82.50648317708333
56.0,64.0,127.0,0.0773196250000012,82.43560685416666,82.51292647916667
56.0,-1.0,0.0,0.2190722708333368,82.51292647916667,82.73199875
56.0,69.0,127.0,0.0859106944444362,82.73199875,82.81790944444444
56.0,62.0,127.0,0.0902062291666538,82.74488535416667,82.83509158333332
56.0,-1.0,0.0,5.773198666666673,82.83509158333332,88.60829025
56.0,70.0,127.0,0.1320876927083318,88.60829025,88.74037794270834
56.0,-1.0,0.0,0.02255155729166347,88.74037794270834,88.7629295
56.0,65.0,127.0,0.1514175989583321,88.7629295,88.91434709895833
56.0,-1.0,0.0,0.0032216510416702704,88.91434709895833,88.91756875
56.0,68.0,127.0,0.1546392499999882,88.91756875,89.07220799999999
56.0,-1.0,0.0,0.15463925000000245,89.07220799999999,89.22684724999999
56.0,70.0,127.0,0.1320876927083389,89.22684724999999,89.35893494270833
56.0,-1.0,0.0,0.02255155729166347,89.35893494270833,89.3814865
56.0,65.0,127.0,0.1900774114583328,89.3814865,89.57156391145833
56.0,68.0,127.0,0.1320876927083318,89.53612575,89.66821344270832
56.0,-1.0,0.0,0.17719080729168013,89.66821344270832,89.84540425
56.0,70.0,127.0,0.1256443906249913,89.84540425,89.97104864062499
56.0,-1.0,0.0,0.028994859375004012,89.97104864062499,90.00004349999999
56.0,62.0,127.0,0.1353093437500044,90.00004349999999,90.13535284375
56.0,-1.0,0.0,0.01932990625000741,90.13535284375,90.15468275
56.0,71.0,127.0,0.0953608708333376,90.15468275,90.25004362083334
56.0,-1.0,0.0,0.21391762916665868,90.25004362083334,90.46396125
56.0,69.0,127.0,0.5637889322916614,90.46396125,91.02775018229164
56.0,-1.0,0.0,17.090858776041685,91.02775018229164,108.11860895833333
56.0,76.0,127.0,0.1417526458333355,108.11860895833333,108.26036160416666
56.0,64.0,127.0,0.1675258541666693,108.10572235416666,108.27324820833331
56.0,66.0,127.0,0.135309343749995,108.26036160416666,108.39567094791666
56.0,-1.0,0.0,0.01932990625000741,108.39567094791666,108.41500085416666
56.0,57.0,127.0,0.5863404895833355,108.41500085416666,109.00134134375
56.0,69.0,127.0,0.6314436041666767,108.42144415625,109.05288776041668
56.0,-1.0,0.0,0.2899485937499833,109.05288776041668,109.34283635416666
56.0,64.0,127.0,0.1417526458333355,109.34283635416666,109.484589
56.0,76.0,127.0,0.161082552083343,109.34927965625,109.51036220833336
56.0,72.0,127.0,0.1288660416666687,109.49103230208333,109.61989834375
56.0,60.0,127.0,0.1417526458333213,109.484589,109.62634164583332
56.0,-1.0,0.0,0.012886604166681082,109.62634164583332,109.63922825
56.0,57.0,127.0,0.6443302083333435,109.63922825,110.28355845833336
56.0,69.0,127.0,0.6572168124999962,109.64567155208331,110.30288836458332
56.0,-1.0,0.0,2.139176291666672,110.30288836458332,112.44206465625
56.0,69.0,127.0,0.0730240902777741,112.44206465625,112.51508874652777
56.0,83.0,127.0,0.0966495312500086,112.43562135416666,112.53227088541666
56.0,86.0,127.0,0.0902062291666681,112.44206465625,112.53227088541666
56.0,-1.0,0.0,3.6018058645833406,112.53227088541666,116.13407675
56.0,72.0,127.0,0.1256443906250055,116.13407675,116.259721140625
56.0,-1.0,0.0,1.4014182031249902,116.259721140625,117.66113934375
56.0,67.0,127.0,0.1610825520833287,117.66113934375,117.82222189583332
56.0,55.0,127.0,0.161082552083343,117.68046925,117.84155180208334
56.0,69.0,127.0,0.0708763229166749,117.7964486875,117.86732501041668
56.0,57.0,127.0,0.0644330208333343,117.82222189583332,117.88665491666666
56.0,71.0,127.0,0.0773196250000012,117.84799510416666,117.92531472916666
56.0,59.0,127.0,0.0708763229166749,117.8737683125,117.94464463541668
56.0,57.0,127.0,0.0708763229166606,117.93175803125,118.00263435416666
56.0,69.0,127.0,0.0966495312499944,117.90598482291666,118.00263435416666
56.0,55.0,127.0,0.1417526458333213,117.99619105208332,118.13794369791664
56.0,67.0,127.0,0.1610825520833287,117.98974775,118.15083030208334
56.0,71.0,127.0,0.1546392500000024,118.11861379166666,118.27325304166666
56.0,59.0,127.0,0.1481959479166619,118.13150039583331,118.27969634374998
56.0,74.0,127.0,0.1804124583333362,118.25392313541666,118.43433559375
56.0,62.0,127.0,0.1739691562500098,118.27969634375,118.4536655
56.0,76.0,127.0,0.0966495312499944,118.4150056875,118.51165521875
56.0,64.0,127.0,0.0966495312500086,118.43433559375,118.53098512500002
56.0,-1.0,0.0,0.05154641666662485,118.53098512500002,118.58253154166664
56.0,66.0,127.0,0.9085055937500072,118.58253154166664,119.49103713541663
56.0,78.0,127.0,0.947165406250008,118.5696449375,119.51681034375
56.0,74.0,127.0,0.0386598125000006,119.51036704166664,119.54902685416664
56.0,62.0,127.0,0.0451031145833269,119.52969694791666,119.5748000625
56.0,-1.0,0.0,0.2577320833333232,119.5748000625,119.83253214583333
56.0,59.0,127.0,0.0708763229166606,119.83253214583333,119.90340846875
56.0,71.0,127.0,0.077319624999987,119.83897544791668,119.91629507291668
56.0,-1.0,0.0,1.0244850312499807,119.91629507291668,120.94078010416666
56.0,79.0,127.0,0.1546392500000024,120.94078010416666,121.09541935416668
56.0,67.0,127.0,0.1739691562499956,120.9278935,121.10186265625
56.0,66.0,127.0,0.9342788020833268,121.08253275,122.01681155208333
56.0,78.0,127.0,0.9407221041666674,121.08897605208332,122.02969815625
56.0,74.0,127.0,0.0515464166666674,122.01681155208333,122.06835796875
56.0,62.0,127.0,0.0773196250000012,121.99748164583332,122.07480127083332
56.0,-1.0,0.0,0.22551557291667734,122.07480127083332,122.30031684375
56.0,59.0,127.0,0.0902062291666681,122.30031684375,122.39052307291666
56.0,71.0,127.0,0.0902062291666681,122.31320344791666,122.40340967708332
56.0,-1.0,0.0,0.831185968750006,122.40340967708332,123.23459564583332
56.0,76.0,127.0,0.193299062500003,123.23459564583332,123.42789470833333
56.0,64.0,127.0,0.1739691562500098,123.26036885416666,123.43433801041668
56.0,66.0,127.0,0.1030928333333207,123.39567819791668,123.49877103125
56.0,78.0,127.0,0.1739691562499956,123.37634829166666,123.55031744791664
56.0,65.0,127.0,0.0257732083333337,123.54387414583331,123.56964735416663
56.0,67.0,127.0,0.1997423645833436,123.53743084375,123.73717320833336
56.0,79.0,127.0,0.2706186875000043,123.53098754166666,123.80160622916668
56.0,76.0,127.0,0.296391895833338,123.52454423958332,123.82093613541666
56.0,-1.0,0.0,0.04510311458334115,123.82093613541666,123.86603925
56.0,79.0,127.0,0.0644330208333201,123.86603925,123.93047227083332
56.0,67.0,127.0,0.0708763229166606,123.87248255208333,123.943358875
56.0,76.0,127.0,0.077319624999987,123.87892585416668,123.95624547916668
56.0,-1.0,0.0,0.04510311458331273,123.95624547916668,124.00134859375
56.0,79.0,127.0,0.0644330208333343,124.00134859375,124.06578161458332
56.0,67.0,127.0,0.0644330208333343,124.01423519791666,124.07866821875
56.0,76.0,127.0,0.0708763229166749,124.0206785,124.09155482291668
56.0,-1.0,0.0,0.06443302083332014,124.09155482291668,124.15598784375
56.0,79.0,127.0,0.0644330208333343,124.15598784375,124.22042086458332
56.0,67.0,127.0,0.0708763229166606,124.16887444791666,124.23975077083333
56.0,76.0,127.0,0.0644330208333343,124.18176105208332,124.24619407291664
56.0,-1.0,0.0,0.21262896875002468,124.24619407291664,124.45882304166666
56.0,79.0,127.0,0.0773196250000012,124.45882304166666,124.53614266666666
56.0,76.0,127.0,0.0708763229166606,124.47170964583331,124.54258596874998
56.0,67.0,127.0,0.1030928333333349,124.46526634375,124.56835917708334
56.0,-1.0,0.0,0.5154641666666606,124.56835917708334,125.08382334375
56.0,67.0,127.0,0.1095361354166613,125.08382334375,125.19335947916666
56.0,76.0,127.0,0.0837629270833417,125.11603985416666,125.19980278125
56.0,79.0,127.0,0.0966495312499944,125.12248315625,125.2191326875
56.0,-1.0,0.0,0.35438161458333184,125.2191326875,125.57351430208332
56.0,76.0,127.0,0.0644330208333343,125.57351430208332,125.63794732291666
56.0,67.0,127.0,0.0773196250000012,125.57995760416668,125.65727722916668
56.0,79.0,127.0,0.0708763229166749,125.58640090625,125.65727722916668
56.0,-1.0,0.0,0.08376292708331334,125.65727722916668,125.74104015625
56.0,74.0,127.0,0.0708763229166653,125.74104015625,125.81191647916664
56.0,-1.0,0.0,0.19329906250001727,125.81191647916664,126.00521554166666
56.0,80.0,127.0,0.5927837916666618,126.00521554166666,126.59799933333332
56.0,68.0,127.0,0.5670105833333281,126.05676195833333,126.62377254166664
56.0,81.0,127.0,0.1481959479166761,126.59799933333332,126.74619528125
56.0,69.0,127.0,0.1417526458333355,126.61732923958331,126.75908188541663
56.0,-1.0,0.0,18.6275863229167,126.75908188541663,145.38666820833333
56.0,60.0,127.0,0.4445878437499857,145.38666820833333,145.83125605208332
56.0,72.0,127.0,0.4381445416666736,145.3995548125,145.8376993541667
56.0,64.0,127.0,0.0773196250000012,145.83769935416666,145.91501897916666
56.0,76.0,127.0,0.0966495312499944,145.82481275,145.92146228125
56.0,-1.0,0.0,0.20618566666666993,145.92146228125,146.12764794791667
56.0,79.0,127.0,0.0515464166666674,146.12764794791667,146.17919436458334
56.0,73.0,127.0,0.0579897187500222,146.13409124999998,146.19208096875
56.0,-1.0,0.0,0.2384021770833442,146.19208096875,146.43048314583334
56.0,77.0,127.0,0.0773196250000012,146.43048314583334,146.50780277083334
56.0,-1.0,0.0,0.2190722708333226,146.50780277083334,146.72687504166666
56.0,84.0,127.0,0.1546392500000024,146.72687504166666,146.88151429166666
56.0,72.0,127.0,0.1675258541666551,146.73331834375,146.90084419791663
56.0,81.0,127.0,1.1469077708333373,146.88795759375,148.03486536458334
56.0,69.0,127.0,1.1662376770833305,146.9072875,148.07352517708333
56.0,-1.0,0.0,8.42139582291668,148.07352517708333,156.494921
56.0,61.0,127.0,0.0257732083333337,156.494921,156.52069420833334
56.0,73.0,127.0,0.0386598124999864,156.48847769791666,156.52713751041665
56.0,62.0,127.0,0.6250003020833503,156.50136430208332,157.12636460416667
56.0,74.0,127.0,0.5992270937500166,156.52713751041665,157.12636460416667
56.0,75.0,127.0,0.0773196250000012,157.0748181875,157.1521378125
56.0,75.0,127.0,0.4800260052083303,157.14569451041666,157.625720515625
56.0,64.0,127.0,0.9600520104166606,157.11992130208333,158.0799733125
56.0,-1.0,0.0,0.902062291666681,158.0799733125,158.98203560416667
56.0,74.0,127.0,0.3221651041666575,158.98203560416667,159.30420070833333
56.0,62.0,127.0,0.3157218020833454,158.98847890624998,159.30420070833333
56.0,66.0,127.0,0.3640465677083142,158.9562623958333,159.3203089635416
56.0,-1.0,0.0,0.11920108854172895,159.3203089635416,159.43951005208334
56.0,69.0,127.0,0.0708763229166606,159.43951005208334,159.510386375
56.0,74.0,127.0,0.0902062291666538,159.43306675,159.52327297916665
56.0,64.0,127.0,0.0837629270833417,159.44595335416665,159.52971628125
56.0,62.0,127.0,0.1030928333333349,159.43951005208334,159.54260288541667
56.0,-1.0,0.0,0.4961342604166532,159.54260288541667,160.03873714583332
56.0,67.0,127.0,0.0322165104166742,160.03873714583332,160.07095365625
56.0,-1.0,0.0,0.01288660416665266,160.07095365625,160.08384026041665
56.0,74.0,127.0,0.0708763229166606,160.08384026041665,160.1547165833333
56.0,62.0,127.0,0.0644330208333201,160.09672686458333,160.16115988541665
56.0,66.0,127.0,0.1320876927083389,160.03229384374998,160.1643815364583
56.0,-1.0,0.0,0.03543816145835876,160.1643815364583,160.19981969791667
56.0,69.0,127.0,0.0708763229166606,160.19981969791667,160.27069602083333
56.0,69.0,127.0,0.0451031145833269,160.22559290625,160.27069602083333
56.0,64.0,127.0,0.0837629270833133,160.19981969791667,160.28358262499998
56.0,64.0,127.0,0.0644330208333201,160.21914960416666,160.28358262499998
56.0,62.0,127.0,0.3157218020833454,160.23847951041665,160.5542013125
56.0,74.0,127.0,0.322165104166686,160.2320362083333,160.5542013125
56.0,-1.0,0.0,0.11597943749998763,160.5542013125,160.67018075
56.0,69.0,127.0,0.0923539965277863,160.67018075,160.76253474652776
56.0,62.0,127.0,0.1030928333333349,160.67662405208333,160.77971688541666
56.0,-1.0,0.0,0.6507735104166557,160.77971688541666,161.43049039583332
56.0,74.0,127.0,0.0708763229166606,161.43049039583332,161.50136671874998
56.0,62.0,127.0,0.0708763229166606,161.43693369791666,161.50781002083332
56.0,66.0,127.0,0.0740979739583309,161.45626360416665,161.53036157812497
56.0,-1.0,0.0,0.061211369791692505,161.53036157812497,161.59157294791666
56.0,68.0,127.0,0.0708763229166606,161.59157294791666,161.66244927083332
56.0,69.0,127.0,0.0644330208333201,161.61734615625,161.6817791770833
56.0,64.0,127.0,0.0773196250000012,161.61090285416665,161.68822247916663
56.0,-1.0,0.0,0.21907227083337943,161.68822247916663,161.90729475
56.0,69.0,127.0,0.0859106944444268,161.90729475,161.99320544444444
56.0,62.0,127.0,0.0902062291666538,161.92018135416666,162.0103875833333
56.0,-1.0,0.0,5.773198666666673,162.0103875833333,167.78358624999998
56.0,70.0,127.0,0.1320876927083389,167.78358624999998,167.9156739427083
56.0,-1.0,0.0,0.022551557291677682,167.9156739427083,167.9382255
56.0,65.0,127.0,0.1514175989583321,167.9382255,168.0896430989583
56.0,-1.0,0.0,0.0032216510416844812,168.0896430989583,168.09286475
56.0,68.0,127.0,0.1546392499999882,168.09286475,168.24750399999996
56.0,-1.0,0.0,0.15463925000003087,168.24750399999996,168.40214325
56.0,70.0,127.0,0.1320876927083389,168.40214325,168.53423094270832
56.0,-1.0,0.0,0.022551557291677682,168.53423094270832,168.5567825
56.0,65.0,127.0,0.1900774114583328,168.5567825,168.74685991145833
56.0,68.0,127.0,0.1320876927083247,168.71142175,168.84350944270832
56.0,-1.0,0.0,0.17719080729168013,168.84350944270832,169.02070025
56.0,70.0,127.0,0.1256443906249841,169.02070025,169.146344640625
56.0,-1.0,0.0,0.0289948593749898,169.146344640625,169.17533949999998
56.0,62.0,127.0,0.1353093437500092,169.17533949999998,169.31064884375
56.0,-1.0,0.0,0.0193299062499932,169.31064884375,169.32997874999998
56.0,71.0,127.0,0.0953608708333433,169.32997874999998,169.4253396208333
56.0,-1.0,0.0,0.21391762916670132,169.4253396208333,169.63925725
56.0,69.0,127.0,0.563788932291672,169.63925725,170.2030461822917
56.0,-1.0,0.0,17.090858776041586,170.2030461822917,187.2939049583333
56.0,76.0,127.0,0.1417526458333498,187.2939049583333,187.43565760416664
56.0,64.0,127.0,0.1675258541666551,187.28101835416663,187.4485442083333
56.0,66.0,127.0,0.1353093437499808,187.43565760416664,187.57096694791665
56.0,-1.0,0.0,0.019329906250021622,187.57096694791665,187.59029685416667
56.0,57.0,127.0,0.5863404895833355,187.59029685416667,188.17663734375
56.0,69.0,127.0,0.6314436041666909,187.59674015625,188.2281837604167
56.0,-1.0,0.0,0.28994859374995485,188.2281837604167,188.51813235416665
56.0,64.0,127.0,0.1417526458333498,188.51813235416665,188.659885
56.0,76.0,127.0,0.161082552083343,188.52457565625,188.6856582083333
56.0,72.0,127.0,0.1288660416666687,188.6663283020833,188.79519434375
56.0,60.0,127.0,0.1417526458333213,188.659885,188.80163764583327
56.0,-1.0,0.0,0.012886604166737925,188.80163764583327,188.81452425
56.0,57.0,127.0,0.6443302083333435,188.81452425,189.45885445833332
56.0,69.0,127.0,0.6572168124999962,188.8209675520833,189.47818436458329
56.0,-1.0,0.0,2.1391762916667574,189.47818436458329,191.61736065625004
56.0,69.0,127.0,0.0730240902777836,191.61736065625004,191.69038474652783
56.0,83.0,127.0,0.0966495312500228,191.61091735416665,191.70756688541667
56.0,86.0,127.0,0.0902062291666823,191.61736065625,191.7075668854167
56.0,-1.0,0.0,3.601805864583298,191.7075668854167,195.30937275
56.0,72.0,127.0,0.1256443906249983,195.30937275,195.43501714062495
56.0,-1.0,0.0,1.9039957656250408,195.43501714062495,197.33901290625
56.0,79.0,127.0,0.3994847291666588,197.33901290625,197.73849763541665
56.0,67.0,120.0,0.4123713333333114,197.34545620833333,197.75782754166664
56.0,-1.0,0.0,0.06443302083334856,197.75782754166664,197.8222605625
56.0,79.0,127.0,0.0902062291666538,197.8222605625,197.91246679166665
56.0,67.0,127.0,0.0773196250000012,197.83514716666664,197.91246679166665
56.0,-1.0,0.0,0.23195887500000367,197.91246679166665,198.14442566666665
56.0,66.0,123.0,0.0708763229166606,198.14442566666665,198.2153019895833
56.0,-1.0,0.0,0.19329906250001727,198.2153019895833,198.40860105208333
56.0,60.0,120.0,0.5734538854166544,198.40860105208333,198.9820549375
56.0,72.0,120.0,0.6507735104166557,198.41504435416667,199.06581786458327
56.0,-1.0,0.0,0.29639189583338066,199.06581786458327,199.36220976041665
56.0,66.0,120.0,0.0805412760416857,199.36220976041665,199.44275103645836
56.0,-1.0,0.0,0.1965207135416449,199.44275103645836,199.63927175
56.0,60.0,113.0,0.115979437500016,199.63927175,199.7552511875
56.0,72.0,120.0,0.1417526458333498,199.6650449583333,199.80679760416663
56.0,61.0,120.0,0.1288660416666544,199.78746769791667,199.9163337395833
56.0,74.0,127.0,0.1868557604166483,199.80679760416663,199.99365336458328
56.0,64.0,120.0,0.0966495312499944,199.94855025,200.04519978125
56.0,76.0,127.0,0.0966495312499944,199.96143685416664,200.05808638541663
56.0,-1.0,0.0,0.17396915625002407,200.05808638541663,200.23205554166665
56.0,66.0,120.0,0.0902062291666823,200.23205554166665,200.3222617708333
56.0,78.0,120.0,0.0773196250000012,200.26427205208333,200.34159167708333
56.0,-1.0,0.0,0.21262896874998205,200.34159167708333,200.5542206458333
56.0,62.0,120.0,0.0773196250000012,200.5542206458333,200.6315402708333
56.0,74.0,127.0,0.0644330208333201,200.57355055208333,200.63798357291665
56.0,-1.0,0.0,0.21262896874998205,200.63798357291665,200.85061254166664
56.0,62.0,127.0,0.0837629270833133,200.85061254166664,200.93437546874995
56.0,74.0,127.0,0.0902062291666538,200.86994244791663,200.96014867708328
56.0,-1.0,0.0,0.19974236458338623,200.96014867708328,201.15989104166667
56.0,60.0,120.0,0.1481959479166619,201.15989104166667,201.30808698958333
56.0,72.0,127.0,0.1739691562499956,201.19855085416663,201.37252001041665
56.0,64.0,127.0,1.1340211666666846,201.31453029166664,202.44855145833333
56.0,76.0,127.0,1.1855675833333237,201.35319010416663,202.53875768749995
56.0,-1.0,0.0,30.038674312500035,202.53875768749995,232.577432
56.0,77.0,127.0,0.0289948593750039,232.577432,232.60642685937495
56.0,75.0,120.0,0.2405499444444482,232.6032052083333,232.84375515277773
56.0,71.0,120.0,0.3930414270833182,232.60964851041663,233.00268993749995
56.0,-1.0,0.0,0.045103114583355364,233.00268993749995,233.0477930520833
56.0,74.0,127.0,0.0708763229166606,233.0477930520833,233.118669375
56.0,83.0,120.0,0.0966495312500228,233.07356626041664,233.17021579166664
56.0,71.0,120.0,0.1030928333333349,233.09289616666663,233.195989
56.0,-1.0,0.0,0.3286084062499981,233.195989,233.52459740625
56.0,82.0,127.0,0.0257732083333337,233.52459740625,233.55037061458333
56.0,74.0,127.0,0.4123713333333114,233.47949429166667,233.891865625
56.0,83.0,120.0,0.3608249166666724,233.53748401041665,233.8983089270833
56.0,71.0,127.0,0.3801548229166656,233.5439273125,233.92408213541665
56.0,-1.0,0.0,0.0773196249999728,233.92408213541665,234.00140176041663
56.0,74.0,127.0,0.0773196250000012,234.00140176041663,234.07872138541663
56.0,83.0,120.0,0.109536135416647,234.0078450625,234.11738119791664
56.0,71.0,120.0,0.1417526458333498,234.0142883645833,234.15604101041663
56.0,-1.0,0.0,0.25773208333336584,234.15604101041663,234.41377309375
56.0,82.0,113.0,0.0579897187499796,234.41377309375,234.4717628125
56.0,74.0,127.0,0.3286084062499981,234.4588762083333,234.7874846145833
56.0,71.0,127.0,0.3930414270833466,234.45243290625,234.84547433333336
56.0,83.0,120.0,0.3994847291666872,234.4717628125,234.8712475416667
56.0,-1.0,0.0,0.012886604166595816,234.8712475416667,234.8841341458333
56.0,81.0,127.0,0.0773196250000012,234.8841341458333,234.9614537708333
56.0,71.0,123.0,0.0966495312499943,234.89702075,234.99367028125
56.0,-1.0,0.0,1.443299666666661,234.99367028125,236.43696994791665
56.0,74.0,120.0,0.1030928333333349,236.43696994791665,236.54006278125
56.0,74.0,120.0,0.1224227395833281,236.44341325,236.5658359895833
56.0,-1.0,0.0,0.1804124583333362,236.5658359895833,236.74624844791663
56.0,74.0,120.0,0.1030928333333349,236.74624844791663,236.84934128125
56.0,62.0,120.0,0.1030928333333349,236.7591350520833,236.86222788541664
56.0,86.0,113.0,0.1224227395833281,236.7398051458333,236.86222788541664
56.0,-1.0,0.0,0.19329906249998885,236.86222788541664,237.05552694791663
56.0,80.0,120.0,0.0966495312499801,237.05552694791663,237.1521764791666
56.0,62.0,127.0,0.1030928333333349,237.0684135520833,237.17150638541665
56.0,-1.0,0.0,11.346654968749988,237.17150638541665,248.51816135416664
56.0,62.0,127.0,0.3286084062499981,248.51816135416664,248.84676976041663
56.0,80.0,127.0,0.3414950104166649,248.52460465625,248.86609966666668
56.0,64.0,127.0,0.1095361354166755,248.8403264583333,248.94986259375
56.0,76.0,127.0,0.1095361354166755,248.8532130625,248.96274919791668
56.0,88.0,92.0,0.1224227395833281,248.86609966666663,248.98852240625
56.0,62.0,127.0,0.0773196250000012,248.92408938541664,249.00140901041664
56.0,74.0,127.0,0.0837629270833417,248.9369759895833,249.02073891666663
56.0,86.0,78.0,0.1546392500000024,248.92408938541664,249.07872863541664
56.0,60.0,127.0,0.1288660416666687,248.99496570833327,249.12383174999997
56.0,72.0,127.0,0.1224227395833281,249.0142956145833,249.13671835416665
56.0,84.0,81.0,0.1353093437500092,249.0078523125,249.14316165625
56.0,57.0,127.0,0.1288660416666687,249.1109451458333,249.2398111875
56.0,81.0,113.0,0.1095361354166755,249.14316165625,249.25269779166663
56.0,69.0,127.0,0.1417526458333213,249.12383175,249.2655843958333
56.0,-1.0,0.0,0.006443302083340541,249.2655843958333,249.27202769791663
56.0,74.0,127.0,0.2061856666666699,249.27202769791663,249.4782133645833
56.0,62.0,127.0,0.2255155729166631,249.2655843958333,249.49109996874995
56.0,86.0,127.0,0.2384021770833442,249.29780090625,249.53620308333333
56.0,-1.0,0.0,1.752578166666666,249.53620308333333,251.28878125
56.0,65.0,116.0,0.106314484374991,251.28878125,251.395095734375
56.0,-1.0,0.0,0.1965207135416449,251.395095734375,251.59161644791664
56.0,62.0,120.0,0.0837629270833133,251.59161644791664,251.67537937499995
56.0,74.0,127.0,0.0902062291666823,251.6045030520833,251.69470928125
56.0,-1.0,0.0,0.21262896875001047,251.69470928125,251.90733825
56.0,64.0,127.0,0.0773196250000012,251.90733825,251.984657875
56.0,76.0,120.0,0.0773196250000012,251.92022485416663,251.99754447916663
56.0,-1.0,0.0,0.21262896875001047,251.99754447916663,252.21017344791665
56.0,76.0,102.0,0.1804124583333362,252.21017344791665,252.39058590625
56.0,72.0,97.0,0.1997423645833294,252.20373014583333,252.40347251041663
56.0,71.0,120.0,0.2319588750000036,252.19084354166665,252.42280241666663
56.0,83.0,127.0,0.1932990625000172,252.23594665625,252.42924571875
56.0,69.0,49.0,0.0773196250000012,252.38414260416664,252.46146222916664
56.0,67.0,75.0,0.0515464166666674,252.448575625,252.50012204166663
56.0,-1.0,0.0,0.032216510416702704,252.50012204166663,252.53233855208333
56.0,81.0,60.0,0.0773196250000012,252.53233855208333,252.60965817708333
56.0,79.0,72.0,0.0902062291666538,252.57744166666663,252.66764789583328
56.0,77.0,61.0,0.0902062291666538,252.62898808333333,252.7191943125
56.0,76.0,65.0,0.057989718750008,252.69986440625,252.757854125
56.0,-1.0,0.0,0.7087632291666353,252.757854125,253.46661735416663
56.0,62.0,120.0,0.3286084062499981,253.46661735416663,253.79522576041663
56.0,80.0,123.0,0.344716661458321,253.47306065625,253.8177773177083
56.0,64.0,81.0,0.1095361354166755,253.7887824583333,253.89831859375
56.0,76.0,92.0,0.109536135416647,253.8016690625,253.91120519791664
56.0,88.0,97.0,0.1159794374999876,253.82099896875,253.93697840625
56.0,62.0,102.0,0.0773196250000012,253.87254538541663,253.94986501041663
56.0,74.0,120.0,0.0837629270833417,253.8854319895833,253.96919491666665
56.0,86.0,92.0,0.0773196250000012,253.91120519791664,253.98852482291665
56.0,60.0,92.0,0.1288660416666687,253.9434217083333,254.07228775
56.0,78.0,86.0,0.119201088541672,253.9627516145833,254.08195270312495
56.0,57.0,120.0,0.1288660416666402,254.05940114583333,254.1882671875
56.0,69.0,102.0,0.1417526458333213,254.07228775,254.2140403958333
56.0,81.0,113.0,0.1030928333333349,254.1109475625,254.2140403958333
56.0,-1.0,0.0,0.006443302083340541,254.2140403958333,254.22048369791665
56.0,74.0,127.0,0.2061856666666699,254.22048369791665,254.4266693645833
56.0,62.0,120.0,0.2255155729166915,254.2140403958333,254.43955596875
56.0,86.0,120.0,0.2577320833333374,254.22048369791665,254.47821578125
56.0,-1.0,0.0,1.759021468750035,254.47821578125,256.23723725
56.0,65.0,116.0,0.1063144843750194,256.23723725,256.343551734375
56.0,-1.0,0.0,0.1965207135416449,256.343551734375,256.54007244791666
56.0,62.0,120.0,0.0837629270833417,256.54007244791666,256.623835375
56.0,74.0,127.0,0.0902062291666538,256.55295905208334,256.64316528125
56.0,-1.0,0.0,0.22551557291666313,256.64316528125,256.86868085416666
56.0,76.0,120.0,0.0451031145833553,256.86868085416666,256.91378396875
56.0,64.0,127.0,0.0773196250000296,256.85579425,256.933113875
56.0,-1.0,0.0,0.20618566666666993,256.933113875,257.1392995416667
56.0,71.0,120.0,0.0451031145832985,257.1392995416667,257.18440265625
56.0,72.0,97.0,0.0451031145833553,257.1521861458333,257.19728926041665
56.0,76.0,127.0,0.0451031145832985,257.15862944791667,257.2037325625
56.0,83.0,127.0,0.0451031145833553,257.18440265625,257.2295057708333
56.0,-1.0,0.0,0.24484547916665633,257.2295057708333,257.47435125
56.0,74.0,120.0,0.1030928333333349,257.47435125,257.5774440833333
56.0,62.0,97.0,0.1610825520833145,257.4679079479167,257.6289905
56.0,64.0,113.0,0.1030928333333349,257.5967739895833,257.69986682291665
56.0,76.0,120.0,0.0837629270833417,257.6161038958333,257.69986682291665
56.0,-1.0,0.0,0.05154641666666748,257.69986682291665,257.7514132395833
56.0,67.0,120.0,0.0837629270833417,257.7514132395833,257.83517616666666
56.0,79.0,120.0,0.0773196249999728,257.7771864479167,257.85450607291665
56.0,-1.0,0.0,0.219072270833351,257.85450607291665,258.07357834375
56.0,64.0,120.0,0.0644330208332917,258.07357834375,258.1380113645833
56.0,76.0,127.0,0.0644330208332917,258.0864649479167,258.15089796875
56.0,-1.0,0.0,0.24484547916665633,258.15089796875,258.39574344791663
56.0,74.0,120.0,0.1353093437500092,258.39574344791663,258.53105279166664
56.0,62.0,92.0,0.1610825520833145,258.40218675,258.5632693020833
56.0,70.0,120.0,0.0773196250000011,258.5439393958333,258.6212590208333
56.0,-1.0,0.0,0.09020622916671073,258.6212590208333,258.71146525
56.0,83.0,127.0,0.4445878437499573,258.71146525,259.15605309375
56.0,71.0,120.0,0.4574744479166952,258.7179085520833,259.175383
56.0,79.0,127.0,0.0902062291666538,259.16249639583333,259.252702625
56.0,67.0,127.0,0.0902062291666538,259.1818263020833,259.27203253125
56.0,-1.0,0.0,0.8311859687500487,259.27203253125,260.1032185
56.0,71.0,111.0,0.0708763229166606,260.1032185,260.1740948229167
56.0,79.0,97.0,0.0708763229166606,260.10966180208334,260.180538125
56.0,81.0,127.0,0.0773196250000296,260.1032185,260.18053812500006
56.0,-1.0,0.0,0.09020622916659704,260.18053812500006,260.27074435416665
56.0,75.0,123.0,0.0451031145833553,260.27074435416665,260.31584746875
56.0,74.0,97.0,0.0708763229166606,260.26430105208334,260.335177375
56.0,79.0,92.0,0.0579897187500364,260.27718765625,260.33517737500006
56.0,-1.0,0.0,0.19974236458324413,260.33517737500006,260.5349197395833
56.0,69.0,127.0,0.0451031145833553,260.5349197395833,260.58002285416666
56.0,74.0,97.0,0.0579897187499796,260.56069294791666,260.61868266666664
56.0,81.0,120.0,0.096649531249966,260.5220331354167,260.61868266666664
56.0,79.0,97.0,0.0773196250000296,260.5542496458333,260.6315692708333
56.0,-1.0,0.0,0.219072270833351,260.6315692708333,260.8506415416667
56.0,76.0,89.0,0.0579897187499795,260.8506415416667,260.90863126041666
56.0,81.0,127.0,0.0644330208333485,260.85708484375,260.92151786458334
56.0,69.0,120.0,0.0579897187499796,260.86997144791667,260.92796116666665
56.0,-1.0,0.0,0.09020622916665388,260.92796116666665,261.0181673958333
56.0,79.0,97.0,0.0579897187500364,261.0181673958333,261.07615711458334
56.0,74.0,114.0,0.0708763229166606,261.01172409375,261.08260041666665
56.0,-1.0,0.0,0.09020622916665388,261.08260041666665,261.1728066458333
56.0,75.0,120.0,0.0773196250000296,261.1728066458333,261.25012627083333
56.0,76.0,107.0,0.0676546718750045,261.18569325,261.253347921875
56.0,-1.0,0.0,0.2287372239583192,261.253347921875,261.4820851458333
56.0,75.0,114.0,0.072487148437517,261.4820851458333,261.5545722942708
56.0,-1.0,0.0,0.8682349557291786,261.5545722942708,262.42280725
56.0,74.0,120.0,0.1030928333333349,262.42280725,262.52590008333334
56.0,62.0,97.0,0.1610825520833714,262.41636394791664,262.5774465
56.0,64.0,113.0,0.1030928333333349,262.54522998958333,262.64832282291667
56.0,76.0,120.0,0.0837629270833417,262.5645598958333,262.64832282291667
56.0,-1.0,0.0,0.05154641666666748,262.64832282291667,262.69986923958334
56.0,67.0,120.0,0.0837629270833417,262.69986923958334,262.7836321666667
56.0,79.0,120.0,0.0773196250000296,262.72564244791664,262.80296207291667
56.0,-1.0,0.0,0.219072270833351,262.80296207291667,263.02203434375
56.0,64.0,120.0,0.0644330208333485,263.02203434375,263.08646736458337
56.0,76.0,127.0,0.0644330208333485,263.03492094791665,263.09935396875
56.0,-1.0,0.0,0.24484547916665633,263.09935396875,263.34419944791665
56.0,74.0,120.0,0.1353093437500092,263.34419944791665,263.47950879166666
56.0,62.0,92.0,0.1610825520833714,263.35064275,263.5117253020834
56.0,70.0,120.0,0.0773196250000011,263.49239539583334,263.5697150208333
56.0,-1.0,0.0,0.09020622916671073,263.5697150208333,263.65992125
56.0,83.0,127.0,0.4445878437500141,263.65992125,264.10450909375004
56.0,71.0,120.0,0.4574744479166384,263.66636455208334,264.123839
56.0,79.0,127.0,0.0902062291667107,264.1109523958333,264.201158625
56.0,67.0,127.0,0.0902062291666538,264.13028230208334,264.22048853125
56.0,-1.0,0.0,0.521907468749987,264.22048853125,264.742396
56.0,73.0,123.0,0.0708763229166606,264.742396,264.81327232291665
56.0,-1.0,0.0,0.09020622916665388,264.81327232291665,264.9034785520833
56.0,71.0,120.0,0.0773196250000296,264.9034785520833,264.98079817708333
56.0,74.0,127.0,0.0837629270833417,264.89703525,264.98079817708333
56.0,81.0,120.0,0.109536135416647,264.91636515625,265.0259012916666
56.0,69.0,120.0,0.1030928333333349,264.9228084583333,265.0259012916666
56.0,-1.0,0.0,0.1739691562500525,265.0259012916666,265.1998704479167
56.0,72.0,123.0,0.0773196249999727,265.1998704479167,265.27719007291665
56.0,75.0,123.0,0.0934278802083383,265.22564365625,265.3190715364583
56.0,-1.0,0.0,0.21585061979169495,265.3190715364583,265.53492215625
56.0,72.0,88.0,0.0257732083333053,265.53492215625,265.5606953645833
56.0,72.0,127.0,0.0837629270833133,265.51559225,265.5993551770833
56.0,81.0,127.0,0.0837629270833417,265.53492215625,265.61868508333333
56.0,69.0,120.0,0.0902062291667107,265.5413654583333,265.6315716875
56.0,-1.0,0.0,21.378876312499983,265.6315716875,287.010448
56.0,77.0,127.0,0.0289948593749897,287.010448,287.03944285937496
56.0,75.0,120.0,0.2405499444444482,287.0362212083333,287.27677115277777
56.0,71.0,120.0,0.3930414270832898,287.04266451041667,287.4357059375
56.0,-1.0,0.0,0.04510311458329852,287.4357059375,287.4808090520833
56.0,74.0,127.0,0.0708763229166606,287.4808090520833,287.551685375
56.0,83.0,120.0,0.096649531249966,287.5065822604167,287.60323179166664
56.0,71.0,120.0,0.1030928333333349,287.52591216666667,287.629005
56.0,-1.0,0.0,0.3286084062499981,287.629005,287.95761340625
56.0,82.0,127.0,0.0257732083333053,287.95761340625,287.9833866145833
56.0,74.0,127.0,0.4123713333333398,287.91251029166665,288.324881625
56.0,83.0,120.0,0.3608249166666724,287.97050001041663,288.3313249270833
56.0,71.0,127.0,0.3801548229166656,287.9769433125,288.35709813541666
56.0,-1.0,0.0,0.0773196249999728,288.35709813541666,288.43441776041664
56.0,74.0,127.0,0.0773196250000296,288.43441776041664,288.51173738541667
56.0,83.0,120.0,0.109536135416647,288.4408610625,288.55039719791665
56.0,71.0,120.0,0.1417526458333213,288.4473043645833,288.58905701041664
56.0,-1.0,0.0,0.2577320833333374,288.58905701041664,288.84678909375
56.0,82.0,113.0,0.0579897187500364,288.84678909375,288.9047788125
56.0,74.0,127.0,0.3286084062499981,288.89189220833333,289.22050061458333
56.0,71.0,127.0,0.3930414270833466,288.88544890625,289.27849033333337
56.0,83.0,120.0,0.3994847291666588,288.9047788125,289.30426354166667
56.0,-1.0,0.0,0.012886604166624238,289.30426354166667,289.3171501458333
56.0,81.0,127.0,0.0773196250000296,289.3171501458333,289.3944697708333
56.0,71.0,123.0,0.0966495312499943,289.33003675,289.42668628124994
56.0,-1.0,0.0,1.4561862708333706,289.42668628124994,290.8828725520833
56.0,74.0,127.0,0.0579897187499796,290.8828725520833,290.9408622708333
56.0,62.0,120.0,0.0644330208333485,290.9022024583333,290.96663547916665
56.0,-1.0,0.0,0.06443302083334856,290.96663547916665,291.0310685
56.0,74.0,127.0,0.0644330208332917,291.0310685,291.0955015208333
56.0,62.0,113.0,0.0773196250000296,291.0375118020833,291.11483142708335
56.0,-1.0,0.0,0.09020622916665388,291.11483142708335,291.20503765625
56.0,74.0,127.0,0.0837629270833417,291.20503765625,291.28880058333334
56.0,62.0,113.0,0.0773196250000296,291.2308108645833,291.30813048958333
56.0,-1.0,0.0,0.18685576041667673,291.30813048958333,291.49498625
56.0,74.0,127.0,0.1481959479166334,291.49498625,291.64318219791664
56.0,62.0,120.0,0.1675258541666267,291.51431615625,291.68184201041663
56.0,-1.0,0.0,0.24484547916671318,291.68184201041663,291.92668748958334
56.0,73.0,78.0,0.0322165104166174,291.92668748958334,291.958904
56.0,70.0,102.0,0.0515464166666674,291.9202441875,291.97179060416664
56.0,71.0,102.0,0.0708763229166606,291.96534730208333,292.036223625
56.0,74.0,102.0,0.0837629270833417,291.95246069791665,292.036223625
56.0,79.0,127.0,0.0708763229167175,292.01045041666663,292.08132673958335
56.0,67.0,127.0,0.0902062291666538,292.0040071145833,292.09421334375
56.0,-1.0,0.0,0.0386598124999864,292.09421334375,292.13287315625
56.0,74.0,120.0,0.0837629270833417,292.13287315625,292.21663608333336
56.0,71.0,69.0,0.0966495312500228,292.12642985416664,292.22307938541667
56.0,79.0,113.0,0.0902062291666538,292.1586463645833,292.24885259375
56.0,67.0,113.0,0.0902062291667107,292.16508966666663,292.25529589583334
56.0,-1.0,0.0,0.18685576041667673,292.25529589583334,292.44215165625
56.0,77.0,75.0,0.0257732083333621,292.44215165625,292.4679248645834
56.0,71.0,97.0,0.418814635416652,292.3841619375,292.80297657291663
56.0,74.0,120.0,0.4188146354167088,292.3906052395833,292.809419875
56.0,67.0,127.0,0.3865981250000345,292.44215165625,292.82874978125005
56.0,79.0,120.0,0.4188146354167088,292.42282175,292.84163638541673
56.0,90.0,127.0,0.0322165104166742,292.8351930833333,292.86740959375
56.0,-1.0,0.0,0.03221651041667428,292.86740959375,292.89962610416666
56.0,78.0,127.0,0.0386598124999864,292.89962610416666,292.93828591666664
56.0,79.0,127.0,0.1868557604166767,292.93184261458333,293.118698375
56.0,67.0,120.0,0.1932990625000457,292.9253993125,293.11869837500006
56.0,91.0,120.0,0.3286084062499981,292.8545229895833,293.1831313958333
57.0,62.0,92.0,0.9278354999999996,2.3324753541666667,3.2603108541666663
57.0,59.0,97.0,0.05798971875,3.2538675520833333,3.3118572708333334
57.0,-1.0,0.0,0.23195887499999968,3.3118572708333334,3.543816145833333
57.0,54.0,102.0,0.1159794375,3.543816145833333,3.659795583333333
57.0,-1.0,0.0,1.1533510729166667,3.659795583333333,4.81314665625
57.0,62.0,113.0,0.9149488958333336,4.81314665625,5.728095552083333
57.0,59.0,120.0,0.0644330208333334,5.72165225,5.7860852708333335
57.0,-1.0,0.0,0.2448454791666661,5.7860852708333335,6.03093075
57.0,54.0,127.0,0.1030928333333331,6.03093075,6.134023583333333
57.0,-1.0,0.0,0.805412760416667,6.134023583333333,6.93943634375
57.0,64.0,97.0,0.1932990624999995,6.93943634375,7.132735406249999
57.0,66.0,113.0,0.1353093437500003,7.087632291666666,7.222941635416666
57.0,-1.0,0.0,0.02577320833333374,7.222941635416666,7.248714843749999
57.0,64.0,127.0,0.302835197916667,7.248714843749999,7.551550041666666
57.0,-1.0,0.0,0.038659812499999724,7.551550041666666,7.590209854166666
57.0,64.0,127.0,0.0773196250000003,7.590209854166666,7.667529479166666
57.0,-1.0,0.0,0.05798971875000003,7.667529479166666,7.725519197916666
57.0,64.0,102.0,0.0708763229166669,7.725519197916666,7.796395520833333
57.0,-1.0,0.0,0.07731962499999945,7.796395520833333,7.873715145833333
57.0,64.0,113.0,0.0708763229166669,7.873715145833333,7.94459146875
57.0,-1.0,0.0,0.23195887500000012,7.94459146875,8.17655034375
57.0,64.0,113.0,0.070876322916666,8.17655034375,8.247426666666666
57.0,-1.0,0.0,0.5863404895833337,8.247426666666666,8.83376715625
57.0,64.0,102.0,0.0837629270833328,8.83376715625,8.917530083333332
57.0,-1.0,0.0,0.3479383125000002,8.917530083333332,9.265468395833333
57.0,64.0,102.0,0.0708763229166677,9.265468395833333,9.33634471875
57.0,-1.0,0.0,0.11597943750000006,9.33634471875,9.45232415625
57.0,64.0,113.0,0.0708763229166677,9.45232415625,9.523200479166668
57.0,-1.0,0.0,0.19974236458333117,9.523200479166668,9.72294284375
57.0,65.0,113.0,0.515464166666666,9.72294284375,10.238407010416664
57.0,-1.0,0.0,0.10309283333333674,10.238407010416664,10.34149984375
57.0,66.0,127.0,0.1224227395833317,10.34149984375,10.463922583333332
57.0,-1.0,0.0,1.7847946770833314,10.463922583333332,12.248717260416663
57.0,62.0,113.0,0.7925261562500001,12.248717260416663,13.041243416666664
57.0,-1.0,0.0,0.1095361354166684,13.041243416666664,13.150779552083332
57.0,59.0,97.0,0.0579897187500009,13.150779552083332,13.208769270833333
57.0,-1.0,0.0,0.23195887499999834,13.208769270833333,13.440728145833331
57.0,54.0,102.0,0.1159794375,13.440728145833331,13.556707583333331
57.0,-1.0,0.0,1.1533510729166672,13.556707583333331,14.710058656249998
57.0,62.0,113.0,0.9149488958333336,14.710058656249998,15.625007552083332
57.0,59.0,120.0,0.0644330208333343,15.61856425,15.682997270833337
57.0,-1.0,0.0,0.24484547916666344,15.682997270833337,15.92784275
57.0,54.0,127.0,0.1030928333333314,15.92784275,16.03093558333333
57.0,-1.0,0.0,0.8054127604166688,16.03093558333333,16.83634834375
57.0,64.0,97.0,0.1932990624999995,16.83634834375,17.02964740625
57.0,66.0,113.0,0.1353093437499986,16.984544291666666,17.119853635416664
57.0,-1.0,0.0,0.02577320833333374,17.119853635416664,17.145626843749998
57.0,64.0,127.0,0.3028351979166679,17.145626843749998,17.448462041666666
57.0,-1.0,0.0,0.03865981250000061,17.448462041666666,17.487121854166666
57.0,64.0,127.0,0.0773196249999976,17.487121854166666,17.564441479166664
57.0,-1.0,0.0,0.05798971875000092,17.564441479166664,17.622431197916665
57.0,64.0,102.0,0.0708763229166677,17.622431197916665,17.693307520833333
57.0,-1.0,0.0,0.07731962500000122,17.693307520833333,17.770627145833334
57.0,64.0,113.0,0.0708763229166642,17.770627145833334,17.84150346875
57.0,-1.0,0.0,0.23195887500000012,17.84150346875,18.07346234375
57.0,64.0,113.0,0.0708763229166677,18.07346234375,18.144338666666663
57.0,-1.0,0.0,0.5863404895833391,18.144338666666663,18.73067915625
57.0,64.0,102.0,0.0837629270833346,18.73067915625,18.814442083333336
57.0,-1.0,0.0,0.34793831249999485,18.814442083333336,19.16238039583333
57.0,64.0,102.0,0.0708763229166677,19.16238039583333,19.23325671875
57.0,-1.0,0.0,0.11597943750000184,19.23325671875,19.34923615625
57.0,64.0,113.0,0.0708763229166677,19.34923615625,19.42011247916667
57.0,-1.0,0.0,0.19974236458333294,19.42011247916667,19.61985484375
57.0,65.0,113.0,0.5154641666666677,19.61985484375,20.13531901041667
57.0,-1.0,0.0,0.10309283333333141,20.13531901041667,20.23841184375
57.0,66.0,127.0,0.1224227395833317,20.23841184375,20.36083458333333
57.0,-1.0,0.0,1.1404644687500038,20.36083458333333,21.501299052083333
57.0,50.0,99.0,0.1159794374999982,21.501299052083333,21.61727848958333
57.0,-1.0,0.0,0.019329906250000306,21.61727848958333,21.63660839583333
57.0,52.0,123.0,0.0966495312500015,21.63660839583333,21.733257927083333
57.0,-1.0,0.0,0.05798971875000092,21.733257927083333,21.791247645833334
57.0,55.0,120.0,0.0902062291666645,21.791247645833334,21.881453875
57.0,55.0,113.0,0.0579897187500009,21.82346415625,21.881453875
57.0,-1.0,0.0,0.21907227083333325,21.881453875,22.10052614583333
57.0,54.0,127.0,0.0773196250000012,22.10052614583333,22.177845770833333
57.0,54.0,127.0,0.0515464166666674,22.126299354166665,22.177845770833333
57.0,-1.0,0.0,0.244845479166667,22.177845770833333,22.42269125
57.0,50.0,120.0,0.1095361354166648,22.42269125,22.532227385416665
57.0,-1.0,0.0,0.019329906250000306,22.532227385416665,22.551557291666665
57.0,47.0,92.0,0.1739691562499992,22.551557291666665,22.725526447916664
57.0,47.0,97.0,0.1675258541666657,22.55800059375,22.725526447916664
57.0,50.0,113.0,0.0644330208333343,22.71908314583333,22.783516166666665
57.0,50.0,120.0,0.0515464166666674,22.73196975,22.78351616666667
57.0,-1.0,0.0,0.24484547916665989,22.78351616666667,23.02836164583333
57.0,52.0,88.0,0.1224227395833317,23.02836164583333,23.15078438541666
57.0,52.0,92.0,0.1095361354166648,23.04124825,23.150784385416664
57.0,55.0,120.0,0.1095361354166684,23.150784385416664,23.26032052083333
57.0,55.0,102.0,0.1030928333333349,23.1572276875,23.260320520833336
57.0,-1.0,0.0,0.05154641666666393,23.260320520833336,23.3118669375
57.0,59.0,120.0,0.0708763229166642,23.3118669375,23.382743260416664
57.0,59.0,113.0,0.0644330208333308,23.318310239583333,23.382743260416664
57.0,-1.0,0.0,0.244845479166667,23.382743260416664,23.62758873958333
57.0,55.0,120.0,0.0708763229166677,23.62758873958333,23.6984650625
57.0,55.0,120.0,0.0644330208333343,23.634032041666664,23.6984650625
57.0,-1.0,0.0,0.23840217708333,23.6984650625,23.93686723958333
57.0,52.0,102.0,0.1030928333333349,23.93686723958333,24.039960072916664
57.0,52.0,113.0,0.0966495312500015,23.943310541666666,24.039960072916667
57.0,-1.0,0.0,0.23195887499999657,24.039960072916667,24.271918947916664
57.0,50.0,120.0,0.0579897187500009,24.271918947916664,24.329908666666665
57.0,50.0,120.0,0.0515464166666674,24.27836225,24.329908666666668
57.0,-1.0,0.0,0.2512887812499969,24.329908666666668,24.581197447916665
57.0,57.0,120.0,0.0644330208333343,24.581197447916665,24.64563046875
57.0,57.0,120.0,0.0579897187500009,24.58764075,24.64563046875
57.0,-1.0,0.0,0.23840217708333356,24.64563046875,24.884032645833333
57.0,59.0,113.0,0.141752645833332,24.884032645833333,25.025785291666665
57.0,59.0,120.0,0.1288660416666651,24.89691925,25.025785291666665
57.0,-1.0,0.0,0.02577320833333374,25.025785291666665,25.0515585
57.0,55.0,113.0,0.5476806770833349,25.0515585,25.599239177083334
57.0,55.0,113.0,0.534794072916668,25.064445104166666,25.599239177083334
57.0,-1.0,0.0,0.03865981249999706,25.599239177083334,25.63789898958333
57.0,61.0,113.0,0.0257732083333337,25.63789898958333,25.663672197916664
57.0,58.0,102.0,0.0386598125000006,25.6314556875,25.6701155
57.0,59.0,113.0,1.2628872083333356,25.6701155,26.933002708333337
57.0,62.0,113.0,1.2757738125000024,25.663672197916664,26.939446010416667
57.0,-1.0,0.0,12.042531593749999,26.939446010416667,38.981977604166666
57.0,52.0,120.0,0.4639177500000002,38.981977604166666,39.445895354166666
57.0,59.0,120.0,0.0837629270833346,39.445895354166666,39.52965828125
57.0,-1.0,0.0,0.20618566666666283,39.52965828125,39.73584394791666
57.0,57.0,127.0,0.0644330208333343,39.73584394791666,39.80027696875
57.0,-1.0,0.0,0.22551557291667024,39.80027696875,40.02579254166667
57.0,52.0,120.0,1.2822171145833323,40.02579254166667,41.30800965625
57.0,-1.0,0.0,5.483250072916661,41.30800965625,46.79125972916666
57.0,54.0,113.0,0.0386598125000006,46.79125972916666,46.82991954166666
57.0,52.0,123.0,0.5315724218750013,46.82347623958333,47.355048661458326
57.0,-1.0,0.0,2.5483259739583346,47.355048661458326,49.90337463541666
57.0,59.0,120.0,0.3028351979166714,49.90337463541666,50.20620983333333
57.0,-1.0,0.0,0.9471654062500008,50.20620983333333,51.15337523958333
57.0,64.0,120.0,0.3737115208333321,51.15337523958333,51.527086760416665
57.0,-1.0,0.0,2.126289687499998,51.527086760416665,53.65337644791666
57.0,57.0,102.0,0.1159794375000018,53.65337644791666,53.769355885416665
57.0,-1.0,0.0,0.03221651041666718,53.769355885416665,53.80157239583333
57.0,60.0,120.0,0.0902062291666681,53.80157239583333,53.891778625
57.0,-1.0,0.0,0.06443302083332725,53.891778625,53.95621164583333
57.0,64.0,113.0,0.0579897187500009,53.95621164583333,54.01420136458333
57.0,-1.0,0.0,0.24484547916667054,54.01420136458333,54.25904684375
57.0,69.0,113.0,0.0644330208333343,54.25904684375,54.32347986458333
57.0,-1.0,0.0,0.24484547916667054,54.32347986458333,54.56832534375
57.0,71.0,102.0,0.0579897187500009,54.56832534375,54.6263150625
57.0,-1.0,0.0,0.09664953125000153,54.6263150625,54.72296459375
57.0,64.0,97.0,0.0708763229166677,54.72296459375,54.79384091666667
57.0,-1.0,0.0,0.09020622916666099,54.79384091666667,54.88404714583333
57.0,67.0,102.0,0.0579897187500009,54.88404714583333,54.94203686458333
57.0,-1.0,0.0,0.251288781250004,54.94203686458333,55.19332564583333
57.0,69.0,120.0,0.0579897187499938,55.19332564583333,55.25131536458333
57.0,-1.0,0.0,0.23195887500000367,55.25131536458333,55.48327423958333
57.0,57.0,113.0,0.0966495312500015,55.48327423958333,55.57992377083333
57.0,-1.0,0.0,6.2757762291666666,55.57992377083333,61.8557
57.0,59.0,54.0,0.045103114583334,61.8557,61.90080311458333
57.0,60.0,102.0,2.1617278489583285,61.88147320833333,64.04320105729167
57.0,-1.0,0.0,2.168171151041662,64.04320105729167,66.21137220833333
57.0,48.0,120.0,0.431701239583333,66.21137220833333,66.64307344791666
57.0,-1.0,0.0,0.006443302083340541,66.64307344791666,66.64951675
57.0,52.0,120.0,0.0966495312499944,66.64951675,66.74616628125
57.0,-1.0,0.0,0.22551557291666313,66.74616628125,66.97168185416666
57.0,55.0,120.0,0.0708763229166749,66.97168185416666,67.04255817708334
57.0,-1.0,0.0,0.2190722708333226,67.04255817708334,67.26163044791666
57.0,59.0,127.0,0.0902062291666681,67.26163044791666,67.35183667708333
57.0,-1.0,0.0,0.20618566666666993,67.35183667708333,67.55802234375
57.0,60.0,120.0,0.1546392500000024,67.55802234375,67.71266159375
57.0,57.0,127.0,1.1984541874999906,67.71266159375,68.91111578124999
57.0,-1.0,0.0,4.69716721875001,68.91111578124999,73.608283
57.0,59.0,113.0,0.1804124583333362,73.608283,73.78869545833334
57.0,66.0,127.0,0.1417526458333355,73.6469428125,73.78869545833334
57.0,60.0,102.0,0.1030928333333349,73.75647894791666,73.85957178125
57.0,67.0,102.0,0.1224227395833281,73.76292225,73.88534498958333
57.0,-1.0,0.0,0.17396915624999565,73.88534498958333,74.05931414583333
57.0,62.0,113.0,0.0837629270833417,74.05931414583333,74.14307707291667
57.0,69.0,120.0,0.0966495312500086,74.07220075,74.16885028125
57.0,-1.0,0.0,0.18685576041666252,74.16885028125,74.35570604166666
57.0,62.0,123.0,0.0805412760416643,74.35570604166666,74.43624731770832
57.0,-1.0,0.0,0.22229392187500707,74.43624731770832,74.65854123958333
57.0,55.0,97.0,0.0837629270833275,74.65854123958333,74.74230416666666
57.0,62.0,102.0,0.0902062291666538,74.66498454166667,74.75519077083332
57.0,-1.0,0.0,0.21262896875001047,74.75519077083332,74.96781973958333
57.0,59.0,120.0,0.0773196250000012,74.96781973958333,75.04513936458333
57.0,66.0,113.0,0.0837629270833275,74.99359294791667,75.077355875
57.0,-1.0,0.0,0.20618566666666993,75.077355875,75.28354154166666
57.0,62.0,127.0,0.0708763229166606,75.28354154166666,75.35441786458333
57.0,55.0,113.0,0.0708763229166749,75.28998484374999,75.36086116666667
57.0,-1.0,0.0,0.23840217708333,75.36086116666667,75.59926334375
57.0,59.0,113.0,0.1288660416666687,75.59926334375,75.72812938541666
57.0,50.0,102.0,0.1353093437500092,75.60570664583332,75.74101598958333
57.0,-1.0,0.0,0.02577320833333374,75.74101598958333,75.76678919791667
57.0,55.0,113.0,0.4896909583333269,75.76678919791667,76.25648015624999
57.0,62.0,120.0,0.6250003020833361,75.75390259375,76.37890289583333
57.0,-1.0,0.0,0.9020622916666667,76.37890289583333,77.2809651875
57.0,61.0,63.0,0.0386598125000006,77.2809651875,77.319625
57.0,-1.0,0.0,0.00644330208332633,77.319625,77.32606830208333
57.0,62.0,97.0,0.3672682187499987,77.32606830208333,77.69333652083333
57.0,54.0,127.0,0.6701034166666631,77.25519197916667,77.92529539583333
57.0,61.0,72.0,0.0644330208333343,77.89307888541666,77.95751190624999
57.0,56.0,102.0,0.9664953125000012,77.938182,78.9046773125
57.0,62.0,97.0,0.979381916666668,77.95751190624999,78.93689382291666
57.0,-1.0,0.0,0.8634024791666661,78.93689382291666,79.80029630208332
57.0,61.0,113.0,0.0322165104166742,79.80029630208332,79.8325128125
57.0,62.0,102.0,0.3092784999999907,79.8325128125,80.14179131249999
57.0,-1.0,0.0,0.1095361354166755,80.14179131249999,80.25132744791667
57.0,62.0,120.0,0.1159794375000018,80.25132744791667,80.36730688541667
57.0,-1.0,0.0,0.4961342604166674,80.36730688541667,80.86344114583333
57.0,62.0,113.0,0.0837629270833275,80.86344114583333,80.94720407291666
57.0,-1.0,0.0,0.0902062291666681,80.94720407291666,81.03741030208333
57.0,62.0,120.0,0.3157218020833312,81.03741030208333,81.35313210416666
57.0,-1.0,0.0,0.1288660416666687,81.35313210416666,81.48199814583333
57.0,62.0,120.0,0.1159794375000018,81.48199814583333,81.59797758333333
57.0,-1.0,0.0,0.6636601145833367,81.59797758333333,82.26163769791667
57.0,62.0,120.0,0.077319624999987,82.26163769791667,82.33895732291666
57.0,-1.0,0.0,0.08376292708334176,82.33895732291666,82.42272025
57.0,62.0,113.0,0.0708763229166606,82.42272025,82.49359657291666
57.0,-1.0,0.0,0.22551557291667734,82.49359657291666,82.71911214583334
57.0,62.0,127.0,0.0837629270833275,82.71911214583334,82.80287507291666
57.0,-1.0,0.0,4.574744479166668,82.80287507291666,87.37761955208333
57.0,62.0,97.0,0.0902062291666681,87.37761955208333,87.46782578125
57.0,59.0,113.0,0.1095361354166755,87.38406285416666,87.49359898958333
57.0,-1.0,0.0,0.17396915624999565,87.49359898958333,87.66756814583333
57.0,60.0,102.0,0.135309343749995,87.66756814583333,87.80287748958332
57.0,64.0,120.0,0.1288660416666687,87.68045475,87.80932079166666
57.0,-1.0,0.0,0.00644330208332633,87.80932079166666,87.81576409374999
57.0,66.0,113.0,0.5090208645833343,87.81576409374999,88.32478495833332
57.0,62.0,120.0,0.5219074687500012,87.82865069791666,88.35055816666666
57.0,-1.0,0.0,0.2706186875000043,88.35055816666666,88.62117685416666
57.0,64.0,102.0,0.1417526458333355,88.62117685416666,88.7629295
57.0,-1.0,0.0,0.01288660416666687,88.7629295,88.77581610416667
57.0,59.0,92.0,0.1481959479166619,88.77581610416667,88.92401205208333
57.0,62.0,113.0,0.1932990624999888,88.91756875,89.11086781249999
57.0,-1.0,0.0,0.1288660416666687,89.11086781249999,89.23973385416666
57.0,64.0,113.0,0.1546392500000024,89.23973385416666,89.39437310416666
57.0,-1.0,0.0,0.006443302083340541,89.39437310416666,89.40081640625
57.0,59.0,88.0,0.1804124583333219,89.40081640625,89.58122886458332
57.0,62.0,113.0,0.1675258541666693,89.54256905208332,89.71009490624999
57.0,-1.0,0.0,0.14175264583333558,89.71009490624999,89.85184755208333
57.0,64.0,113.0,0.1481959479166619,89.85184755208333,90.00004349999999
57.0,-1.0,0.0,0.02577320833333374,90.00004349999999,90.02581670833332
57.0,59.0,102.0,0.1353093437500092,90.02581670833332,90.16112605208332
57.0,-1.0,0.0,0.012886604166681082,90.16112605208332,90.17401265625
57.0,65.0,120.0,0.0773196250000012,90.17401265625,90.25133228125
57.0,-1.0,0.0,0.22551557291666313,90.25133228125,90.47684785416666
57.0,64.0,127.0,0.4445878437499999,90.47684785416666,90.92143569791666
57.0,-1.0,0.0,2.493557906250018,90.92143569791666,93.41499360416668
57.0,66.0,113.0,0.0386598125000006,93.41499360416668,93.45365341666668
57.0,67.0,113.0,0.3930414270833324,93.45365341666668,93.84669484375002
57.0,55.0,120.0,0.4123713333333398,93.44721011458331,93.85958144791664
57.0,-1.0,0.0,0.025773208333362163,93.85958144791664,93.88535465625
57.0,60.0,127.0,0.0708763229166606,93.88535465625,93.95623097916666
57.0,48.0,120.0,0.1030928333333349,93.9046845625,94.00777739583332
57.0,-1.0,0.0,0.1804124583333646,94.00777739583332,94.18818985416668
57.0,60.0,127.0,1.0309283333333354,94.18818985416668,95.21911818750002
57.0,48.0,120.0,1.0309283333333354,94.20107645833332,95.23200479166664
57.0,-1.0,0.0,5.605672812500018,95.23200479166664,100.83767760416666
57.0,60.0,102.0,0.1385309947916723,100.83767760416666,100.97620859895832
57.0,-1.0,0.0,0.01610825520833714,100.97620859895832,100.99231685416666
57.0,60.0,120.0,0.0708763229166749,100.99231685416666,101.06319317708332
57.0,64.0,120.0,0.0708763229166606,100.99876015625,101.06963647916666
57.0,-1.0,0.0,0.21262896874999626,101.06963647916666,101.28226544791666
57.0,66.0,127.0,0.057989718750008,101.28226544791666,101.34025516666668
57.0,62.0,120.0,0.0579897187499938,101.30159535416666,101.35958507291666
57.0,-1.0,0.0,0.23195887500000367,101.35958507291666,101.59154394791666
57.0,67.0,113.0,0.0837629270833275,101.59154394791666,101.675306875
57.0,64.0,113.0,0.0644330208333343,101.61731715625,101.68175017708332
57.0,-1.0,0.0,0.22551557291667734,101.68175017708332,101.90726575
57.0,66.0,127.0,0.0644330208333343,101.90726575,101.97169877083331
57.0,69.0,120.0,0.0837629270833275,101.90082244791668,101.984585375
57.0,-1.0,0.0,0.05154641666666748,101.984585375,102.03613179166666
57.0,71.0,113.0,0.0902062291666681,102.03613179166666,102.12633802083332
57.0,67.0,120.0,0.0708763229166749,102.05546169791666,102.12633802083332
57.0,-1.0,0.0,0.07731962500000122,102.12633802083332,102.20365764583332
57.0,72.0,120.0,0.0773196250000012,102.20365764583332,102.28097727083332
57.0,69.0,120.0,0.0708763229166606,102.24231745833332,102.31319378124998
57.0,-1.0,0.0,0.20618566666668414,102.31319378124998,102.51937944791666
57.0,74.0,127.0,0.2899485937499975,102.51937944791666,102.80932804166666
57.0,71.0,120.0,0.3157218020833454,102.52582275,102.84154455208336
57.0,72.0,53.0,0.0708763229166606,102.80288473958332,102.87376106249998
57.0,69.0,57.0,0.0644330208333201,102.82865794791668,102.89309096875
57.0,67.0,60.0,0.0837629270833275,102.8737610625,102.95752398958332
57.0,71.0,51.0,0.1224227395833281,102.85443115625,102.97685389583332
57.0,65.0,46.0,0.057989718750008,102.94463738541666,103.00262710416666
57.0,69.0,36.0,0.0451031145833269,102.96396729166666,103.00907040625
57.0,64.0,65.0,0.0257732083333337,103.00262710416666,103.0284003125
57.0,-1.0,0.0,1.5206192916666623,103.0284003125,104.54901960416666
57.0,60.0,105.0,0.4961342604166674,104.54901960416666,105.04515386458333
57.0,58.0,63.0,0.1288660416666687,105.01938065625,105.14824669791666
57.0,61.0,78.0,0.1288660416666687,105.03226726041666,105.16113330208331
57.0,60.0,102.0,0.9858252187500084,105.15469,106.14051521875
57.0,-1.0,0.0,0.23195887500000367,106.14051521875,106.37247409375
57.0,60.0,92.0,1.2757738124999918,106.37247409375,107.64824790625
57.0,57.0,88.0,1.275773812500006,106.37891739583333,107.65469120833332
57.0,-1.0,0.0,1.095361354166684,107.65469120833332,108.7500525625
57.0,64.0,127.0,0.1481959479166761,108.7500525625,108.89824851041668
57.0,60.0,127.0,0.1288660416666687,108.87891860416666,109.00778464583333
57.0,-1.0,0.0,0.02577320833333374,109.00778464583333,109.03355785416666
57.0,57.0,113.0,0.6314436041666625,109.03355785416666,109.66500145833332
57.0,-1.0,0.0,2.7706198958333346,109.66500145833332,112.43562135416666
57.0,62.0,127.0,0.1224227395833423,112.43562135416666,112.55804409375
57.0,59.0,127.0,0.1288660416666687,112.42917805208332,112.55804409374998
57.0,-1.0,0.0,2.3389186562500157,112.55804409374998,114.89696275
57.0,55.0,120.0,0.1095361354166613,114.89696275,115.00649888541666
57.0,-1.0,0.0,0.1997423645833436,115.00649888541666,115.20624125
57.0,59.0,120.0,0.1546392500000024,115.20624125,115.3608805
57.0,60.0,120.0,0.1095361354166613,115.3608805,115.47041663541664
57.0,-1.0,0.0,0.045103114583355364,115.47041663541664,115.51551975
57.0,62.0,127.0,0.0837629270833275,115.51551975,115.59928267708332
57.0,-1.0,0.0,0.22551557291667734,115.59928267708332,115.82479825
57.0,64.0,127.0,0.0837629270833275,115.82479825,115.90856117708331
57.0,-1.0,0.0,0.22551557291669155,115.90856117708331,116.13407675
57.0,67.0,120.0,0.0837629270833417,116.13407675,116.21783967708336
57.0,-1.0,0.0,2.403351677083279,116.21783967708336,118.62119135416664
57.0,62.0,92.0,0.9278355000000004,118.62119135416664,119.54902685416664
57.0,59.0,97.0,0.0579897187499938,119.54258355208331,119.60057327083332
57.0,-1.0,0.0,0.23195887500000367,119.60057327083332,119.83253214583333
57.0,54.0,102.0,0.1159794375000018,119.83253214583333,119.94851158333331
57.0,-1.0,0.0,1.153351072916692,119.94851158333331,121.10186265625
57.0,62.0,113.0,0.9149488958333336,121.10186265625,122.01681155208334
57.0,59.0,120.0,0.0644330208333343,122.01036825,122.07480127083332
57.0,-1.0,0.0,0.24484547916668475,122.07480127083332,122.31964675
57.0,54.0,127.0,0.1030928333333349,122.31964675,122.42273958333334
57.0,-1.0,0.0,0.8054127604166581,122.42273958333334,123.22815234375
57.0,64.0,97.0,0.193299062500003,123.22815234375,123.42145140625
57.0,66.0,113.0,0.135309343749995,123.37634829166666,123.51165763541664
57.0,-1.0,0.0,0.025773208333362163,123.51165763541664,123.53743084375
57.0,64.0,127.0,0.3028351979166785,123.53743084375,123.84026604166668
57.0,-1.0,0.0,0.03865981250000061,123.84026604166668,123.87892585416668
57.0,64.0,127.0,0.077319624999987,123.87892585416668,123.95624547916668
57.0,-1.0,0.0,0.0579897187499796,123.95624547916668,124.01423519791666
57.0,64.0,102.0,0.0708763229166606,124.01423519791666,124.08511152083332
57.0,-1.0,0.0,0.07731962500000122,124.08511152083332,124.16243114583332
57.0,64.0,113.0,0.0708763229166749,124.16243114583332,124.23330746875
57.0,-1.0,0.0,0.23195887500000367,124.23330746875,124.46526634375
57.0,64.0,113.0,0.0708763229166749,124.46526634375,124.53614266666668
57.0,-1.0,0.0,0.5863404895833213,124.53614266666668,125.12248315625
57.0,64.0,102.0,0.0837629270833275,125.12248315625,125.20624608333333
57.0,-1.0,0.0,0.3479383124999913,125.20624608333333,125.55418439583332
57.0,64.0,102.0,0.0708763229166606,125.55418439583332,125.62506071874998
57.0,-1.0,0.0,0.11597943750001605,125.62506071874998,125.74104015625
57.0,64.0,113.0,0.0708763229166606,125.74104015625,125.81191647916664
57.0,-1.0,0.0,0.1997423645833578,125.81191647916664,126.01165884375
57.0,65.0,113.0,0.5154641666666606,126.01165884375,126.52712301041666
57.0,-1.0,0.0,0.10309283333333497,126.52712301041666,126.63021584375
57.0,66.0,127.0,0.1224227395833281,126.63021584375,126.75263858333332
57.0,-1.0,0.0,1.1404644687499967,126.75263858333332,127.89310305208332
57.0,50.0,99.0,0.1159794375000018,127.89310305208332,128.0090824895833
57.0,-1.0,0.0,0.019329906250021622,128.0090824895833,128.02841239583333
57.0,52.0,123.0,0.0966495312499944,128.02841239583333,128.12506192708332
57.0,-1.0,0.0,0.057989718750008024,128.12506192708332,128.18305164583333
57.0,55.0,120.0,0.0902062291666538,128.18305164583333,128.27325787499998
57.0,55.0,113.0,0.0579897187499796,128.21526815625,128.27325787499998
57.0,-1.0,0.0,0.219072270833351,128.27325787499998,128.49233014583334
57.0,54.0,127.0,0.0773196250000012,128.49233014583334,128.56964977083334
57.0,54.0,127.0,0.0515464166666674,128.51810335416667,128.56964977083334
57.0,-1.0,0.0,0.24484547916665633,128.56964977083334,128.81449525
57.0,50.0,120.0,0.1095361354166755,128.81449525,128.92403138541667
57.0,-1.0,0.0,0.0193299062499932,128.92403138541667,128.94336129166666
57.0,47.0,92.0,0.1739691562499956,128.94336129166666,129.11733044791666
57.0,47.0,97.0,0.1675258541666551,128.94980459375,129.11733044791666
57.0,50.0,113.0,0.0644330208333485,129.11088714583332,129.1753201666667
57.0,50.0,120.0,0.0515464166666674,129.12377375,129.1753201666667
57.0,-1.0,0.0,0.2448454791666279,129.1753201666667,129.42016564583332
57.0,52.0,88.0,0.1224227395833281,129.42016564583332,129.54258838541665
57.0,52.0,92.0,0.109536135416647,129.43305225,129.54258838541665
57.0,55.0,120.0,0.1095361354166755,129.54258838541665,129.65212452083333
57.0,55.0,102.0,0.1030928333333349,129.5490316875,129.65212452083333
57.0,-1.0,0.0,0.05154641666666748,129.65212452083333,129.7036709375
57.0,59.0,120.0,0.0708763229166606,129.7036709375,129.77454726041665
57.0,59.0,113.0,0.0644330208333201,129.71011423958333,129.77454726041665
57.0,-1.0,0.0,0.24484547916668475,129.77454726041665,130.01939273958334
57.0,55.0,120.0,0.0708763229166606,130.01939273958334,130.0902690625
57.0,55.0,120.0,0.0644330208333485,130.02583604166665,130.0902690625
57.0,-1.0,0.0,0.2384021770833158,130.0902690625,130.32867123958331
57.0,52.0,102.0,0.1030928333333349,130.32867123958331,130.43176407291665
57.0,52.0,113.0,0.0966495312499944,130.33511454166666,130.43176407291665
57.0,-1.0,0.0,0.23195887500000367,130.43176407291665,130.66372294791665
57.0,50.0,120.0,0.057989718750008,130.66372294791665,130.72171266666666
57.0,50.0,120.0,0.0515464166666674,130.67016625,130.72171266666666
57.0,-1.0,0.0,0.2512887812499969,130.72171266666666,130.97300144791666
57.0,57.0,120.0,0.0644330208333485,130.97300144791666,131.03743446875
57.0,57.0,120.0,0.057989718750008,130.97944475,131.03743446875
57.0,-1.0,0.0,0.2384021770833158,131.03743446875,131.27583664583332
57.0,59.0,113.0,0.1417526458333498,131.27583664583332,131.41758929166667
57.0,59.0,120.0,0.1288660416666687,131.28872325,131.41758929166667
57.0,-1.0,0.0,0.02577320833333374,131.41758929166667,131.4433625
57.0,55.0,113.0,0.5476806770833207,131.4433625,131.99104317708333
57.0,55.0,113.0,0.534794072916668,131.45624910416666,131.99104317708333
57.0,-1.0,0.0,0.0386598124999864,131.99104317708333,132.0297029895833
57.0,61.0,113.0,0.0257732083333337,132.0297029895833,132.05547619791665
57.0,58.0,102.0,0.0386598124999864,132.0232596875,132.0619195
57.0,59.0,113.0,1.262887208333325,132.0619195,133.3248067083333
57.0,62.0,113.0,1.275773812500006,132.05547619791665,133.33125001041665
57.0,-1.0,0.0,12.05541819791668,133.33125001041665,145.38666820833333
57.0,48.0,120.0,0.431701239583333,145.38666820833333,145.81836944791667
57.0,-1.0,0.0,0.006443302083340541,145.81836944791667,145.82481275
57.0,52.0,120.0,0.0966495312499944,145.82481275,145.92146228125
57.0,-1.0,0.0,0.22551557291666313,145.92146228125,146.14697785416666
57.0,55.0,120.0,0.0708763229166606,146.14697785416666,146.21785417708332
57.0,-1.0,0.0,0.2190722708333226,146.21785417708332,146.43692644791665
57.0,59.0,127.0,0.0902062291666823,146.43692644791665,146.52713267708333
57.0,-1.0,0.0,0.20618566666666993,146.52713267708333,146.73331834375
57.0,60.0,120.0,0.1546392500000024,146.73331834375,146.88795759375
57.0,57.0,127.0,1.1984541874999763,146.88795759375,148.08641178124998
57.0,-1.0,0.0,4.697167218750025,148.08641178124998,152.783579
57.0,59.0,113.0,0.1804124583333362,152.783579,152.96399145833334
57.0,66.0,127.0,0.1417526458333498,152.8222388125,152.96399145833334
57.0,60.0,102.0,0.1030928333333349,152.9317749479167,153.03486778125003
57.0,67.0,102.0,0.1224227395833281,152.93821825,153.06064098958333
57.0,-1.0,0.0,0.17396915624999565,153.06064098958333,153.23461014583333
57.0,62.0,113.0,0.0837629270833417,153.23461014583333,153.31837307291667
57.0,69.0,120.0,0.0966495312500228,153.24749674999998,153.34414628125
57.0,-1.0,0.0,0.1868557604166483,153.34414628125,153.53100204166665
57.0,62.0,123.0,0.0805412760416714,153.53100204166665,153.6115433177083
57.0,-1.0,0.0,0.22229392187500707,153.6115433177083,153.83383723958332
57.0,55.0,97.0,0.0837629270833417,153.83383723958332,153.91760016666666
57.0,62.0,102.0,0.0902062291666538,153.84028054166666,153.9304867708333
57.0,-1.0,0.0,0.21262896875001047,153.9304867708333,154.14311573958332
57.0,59.0,120.0,0.0773196250000012,154.14311573958332,154.22043536458332
57.0,66.0,113.0,0.0837629270833417,154.16888894791666,154.252651875
57.0,-1.0,0.0,0.20618566666666993,154.252651875,154.45883754166667
57.0,62.0,127.0,0.0708763229166606,154.45883754166667,154.52971386458333
57.0,55.0,113.0,0.0708763229166891,154.46528084374998,154.53615716666667
57.0,-1.0,0.0,0.2384021770833158,154.53615716666667,154.77455934374998
57.0,59.0,113.0,0.1288660416666687,154.77455934374998,154.90342538541665
57.0,50.0,102.0,0.1353093437500092,154.78100264583333,154.9163119895833
57.0,-1.0,0.0,0.025773208333362163,154.9163119895833,154.94208519791667
57.0,55.0,113.0,0.4896909583333126,154.94208519791667,155.43177615624998
57.0,62.0,120.0,0.6250003020833503,154.92919859375,155.55419889583334
57.0,-1.0,0.0,0.9020622916666525,155.55419889583334,156.4562611875
57.0,61.0,63.0,0.0386598125000148,156.4562611875,156.494921
57.0,-1.0,0.0,0.006443302083312119,156.494921,156.50136430208332
57.0,62.0,97.0,0.3672682187500129,156.50136430208332,156.86863252083333
57.0,54.0,127.0,0.6701034166666773,156.43048797916666,157.10059139583333
57.0,61.0,72.0,0.0644330208333201,157.06837488541666,157.13280790624998
57.0,56.0,102.0,0.9664953125000012,157.113478,158.0799733125
57.0,62.0,97.0,0.9793819166666822,157.13280790624998,158.11218982291666
57.0,-1.0,0.0,0.8634024791666661,158.11218982291666,158.97559230208333
57.0,61.0,113.0,0.0322165104166742,158.97559230208333,159.0078088125
57.0,62.0,102.0,0.3092784999999765,159.0078088125,159.31708731249998
57.0,-1.0,0.0,0.1095361354166755,159.31708731249998,159.42662344791665
57.0,62.0,120.0,0.115979437500016,159.42662344791665,159.54260288541667
57.0,-1.0,0.0,0.4961342604166532,159.54260288541667,160.03873714583332
57.0,62.0,113.0,0.0837629270833417,160.03873714583332,160.1225000729167
57.0,-1.0,0.0,0.09020622916662546,160.1225000729167,160.21270630208332
57.0,62.0,120.0,0.3157218020833454,160.21270630208332,160.52842810416666
57.0,-1.0,0.0,0.1288660416666687,160.52842810416666,160.65729414583333
57.0,62.0,120.0,0.1159794374999876,160.65729414583333,160.77327358333332
57.0,-1.0,0.0,0.6636601145833367,160.77327358333332,161.43693369791666
57.0,62.0,120.0,0.0773196250000012,161.43693369791666,161.51425332291666
57.0,-1.0,0.0,0.08376292708334176,161.51425332291666,161.59801625
57.0,62.0,113.0,0.0708763229166606,161.59801625,161.66889257291666
57.0,-1.0,0.0,0.22551557291666313,161.66889257291666,161.89440814583332
57.0,62.0,127.0,0.0837629270833417,161.89440814583332,161.97817107291667
57.0,-1.0,0.0,4.574744479166668,161.97817107291667,166.55291555208333
57.0,62.0,97.0,0.0902062291666538,166.55291555208333,166.64312178125
57.0,59.0,113.0,0.1095361354166755,166.55935885416665,166.66889498958332
57.0,-1.0,0.0,0.17396915624999565,166.66889498958332,166.84286414583332
57.0,60.0,102.0,0.1353093437500092,166.84286414583332,166.97817348958333
57.0,64.0,120.0,0.1288660416666687,166.85575075,166.98461679166667
57.0,-1.0,0.0,0.006443302083312119,166.98461679166667,166.99106009374998
57.0,66.0,113.0,0.5090208645833343,166.99106009374998,167.5000809583333
57.0,62.0,120.0,0.521907468749987,167.00394669791666,167.52585416666665
57.0,-1.0,0.0,0.2706186875000185,167.52585416666665,167.79647285416667
57.0,64.0,102.0,0.1417526458333213,167.79647285416667,167.9382255
57.0,-1.0,0.0,0.012886604166681082,167.9382255,167.95111210416667
57.0,59.0,92.0,0.1481959479166619,167.95111210416667,168.09930805208333
57.0,62.0,113.0,0.1932990624999888,168.09286475,168.28616381249998
57.0,-1.0,0.0,0.1288660416666687,168.28616381249998,168.41502985416665
57.0,64.0,113.0,0.1546392500000024,168.41502985416665,168.56966910416665
57.0,-1.0,0.0,0.006443302083340541,168.56966910416665,168.57611240625
57.0,59.0,88.0,0.1804124583333362,168.57611240625,168.75652486458333
57.0,62.0,113.0,0.1675258541666835,168.7178650520833,168.88539090625
57.0,-1.0,0.0,0.14175264583332137,168.88539090625,169.02714355208332
57.0,64.0,113.0,0.1481959479166619,169.02714355208332,169.17533949999998
57.0,-1.0,0.0,0.02577320833333374,169.17533949999998,169.2011127083333
57.0,59.0,102.0,0.1353093437500092,169.2011127083333,169.33642205208332
57.0,-1.0,0.0,0.012886604166681082,169.33642205208332,169.34930865625
57.0,65.0,120.0,0.0773196250000012,169.34930865625,169.42662828125
57.0,-1.0,0.0,0.22551557291666313,169.42662828125,169.65214385416667
57.0,64.0,127.0,0.4445878437499857,169.65214385416667,170.09673169791665
57.0,-1.0,0.0,2.493557906250004,170.09673169791665,172.59028960416666
57.0,66.0,113.0,0.0386598125000148,172.59028960416666,172.62894941666667
57.0,67.0,113.0,0.3930414270833182,172.62894941666667,173.02199084375
57.0,55.0,120.0,0.4123713333333398,172.62250611458333,173.03487744791667
57.0,-1.0,0.0,0.02577320833333374,173.03487744791667,173.06065065625
57.0,60.0,127.0,0.0708763229166606,173.06065065625,173.1315269791667
57.0,48.0,120.0,0.1030928333333349,173.0799805625,173.18307339583333
57.0,-1.0,0.0,0.1804124583333362,173.18307339583333,173.36348585416667
57.0,60.0,127.0,1.0309283333333212,173.36348585416667,174.3944141875
57.0,48.0,120.0,1.0309283333333497,173.37637245833332,174.40730079166667
57.0,-1.0,0.0,5.605672812499989,174.40730079166667,180.01297360416666
57.0,60.0,102.0,0.1385309947916653,180.01297360416666,180.15150459895835
57.0,-1.0,0.0,0.016108255208280298,180.15150459895835,180.16761285416663
57.0,60.0,120.0,0.0708763229166606,180.16761285416663,180.2384891770833
57.0,64.0,120.0,0.0708763229166606,180.17405615625,180.24493247916664
57.0,-1.0,0.0,0.21262896875001047,180.24493247916664,180.45756144791665
57.0,66.0,127.0,0.057989718750008,180.45756144791665,180.51555116666665
57.0,62.0,120.0,0.0579897187499796,180.47689135416667,180.53488107291665
57.0,-1.0,0.0,0.23195887500000367,180.53488107291665,180.76683994791665
57.0,67.0,113.0,0.0837629270833417,180.76683994791665,180.850602875
57.0,64.0,113.0,0.0644330208333485,180.79261315625,180.85704617708336
57.0,-1.0,0.0,0.2255155729166347,180.85704617708336,181.08256175
57.0,66.0,127.0,0.0644330208333201,181.08256175,181.1469947708333
57.0,69.0,120.0,0.0837629270833417,181.07611844791663,181.159881375
57.0,-1.0,0.0,0.051546416666695904,181.159881375,181.2114277916667
57.0,71.0,113.0,0.0902062291666538,181.2114277916667,181.30163402083332
57.0,67.0,120.0,0.0708763229166606,181.23075769791663,181.3016340208333
57.0,-1.0,0.0,0.07731962500000122,181.3016340208333,181.3789536458333
57.0,72.0,120.0,0.0773196250000012,181.3789536458333,181.4562732708333
57.0,69.0,120.0,0.0708763229166606,181.4176134583333,181.48848978125
57.0,-1.0,0.0,0.20618566666669835,181.48848978125,181.6946754479167
57.0,74.0,127.0,0.2899485937499833,181.6946754479167,181.98462404166668
57.0,71.0,120.0,0.3157218020833454,181.70111875,182.01684055208332
57.0,72.0,53.0,0.0708763229166606,181.9781807395833,182.0490570625
57.0,69.0,57.0,0.0644330208333201,182.00395394791667,182.06838696875
57.0,67.0,60.0,0.0837629270833133,182.0490570625,182.1328199895833
57.0,71.0,51.0,0.1224227395833281,182.02972715625,182.15214989583333
57.0,65.0,46.0,0.057989718750008,182.11993338541663,182.17792310416664
57.0,69.0,36.0,0.0451031145833269,182.13926329166665,182.18436640625
57.0,64.0,65.0,0.0257732083333337,182.17792310416667,182.2036963125
57.0,-1.0,0.0,1.520619291666634,182.2036963125,183.72431560416663
57.0,60.0,105.0,0.4961342604166532,183.72431560416663,184.2204498645833
57.0,58.0,63.0,0.1288660416666687,184.19467665625,184.32354269791668
57.0,61.0,78.0,0.1288660416666687,184.20756326041663,184.3364293020833
57.0,60.0,102.0,0.9858252187500084,184.329986,185.31581121875
57.0,-1.0,0.0,0.23195887499997525,185.31581121875,185.54777009375
57.0,60.0,92.0,1.275773812500006,185.54777009375,186.82354390625
57.0,57.0,88.0,1.275773812500006,185.55421339583333,186.8299872083333
57.0,-1.0,0.0,1.0953613541666982,186.8299872083333,187.9253485625
57.0,64.0,127.0,0.1481959479166903,187.9253485625,188.0735445104167
57.0,60.0,127.0,0.1288660416666687,188.05421460416665,188.1830806458333
57.0,-1.0,0.0,0.025773208333362163,188.1830806458333,188.20885385416665
57.0,57.0,113.0,0.6314436041666625,188.20885385416665,188.8402974583333
57.0,-1.0,0.0,2.7706198958333346,188.8402974583333,191.61091735416665
57.0,62.0,127.0,0.1224227395833565,191.61091735416665,191.73334009375
57.0,59.0,127.0,0.1288660416666687,191.60447405208333,191.73334009375
57.0,-1.0,0.0,2.3389186562500015,191.73334009375,194.07225875
57.0,55.0,120.0,0.109536135416647,194.07225875,194.18179488541665
57.0,-1.0,0.0,0.1997423645833578,194.18179488541665,194.38153725
57.0,59.0,120.0,0.1546392500000024,194.38153725,194.5361765
57.0,60.0,120.0,0.1095361354166755,194.5361765,194.6457126354167
57.0,-1.0,0.0,0.04510311458332694,194.6457126354167,194.69081575
57.0,62.0,127.0,0.0837629270833417,194.69081575,194.77457867708333
57.0,-1.0,0.0,0.22551557291666313,194.77457867708333,195.00009425
57.0,64.0,127.0,0.0837629270833417,195.00009425,195.08385717708333
57.0,-1.0,0.0,0.22551557291666313,195.08385717708333,195.30937275
57.0,67.0,120.0,0.0837629270833417,195.30937275,195.3931356770833
57.0,-1.0,0.0,1.9458772291666833,195.3931356770833,197.33901290625
57.0,62.0,99.0,0.3833764739583358,197.33901290625,197.7223893802083
57.0,-1.0,0.0,0.061211369791692505,197.7223893802083,197.78360075
57.0,60.0,97.0,0.0902062291666823,197.78360075,197.8738069791667
57.0,64.0,113.0,0.0966495312499944,197.7900440520833,197.88669358333328
57.0,-1.0,0.0,0.20618566666672677,197.88669358333328,198.09287925
57.0,60.0,97.0,0.0773196250000012,198.09287925,198.170198875
57.0,57.0,88.0,0.0902062291666538,198.0993225520833,198.18952878124995
57.0,-1.0,0.0,0.22551557291671998,198.18952878124995,198.41504435416667
57.0,55.0,120.0,0.0966495312499944,198.41504435416667,198.51169388541663
57.0,-1.0,0.0,0.21262896875001047,198.51169388541663,198.72432285416664
57.0,57.0,120.0,0.0837629270833417,198.72432285416664,198.80808578125
57.0,-1.0,0.0,0.21262896874998205,198.80808578125,199.02071475
57.0,54.0,127.0,0.7796395520833244,199.02071475,199.8003543020833
57.0,-1.0,0.0,0.4510311458333547,199.8003543020833,200.25138544791665
57.0,66.0,127.0,0.0966495312500228,200.25138544791665,200.34803497916667
57.0,-1.0,0.0,0.2061856666666415,200.34803497916667,200.5542206458333
57.0,62.0,120.0,0.0837629270833417,200.5542206458333,200.63798357291665
57.0,-1.0,0.0,0.219072270833351,200.63798357291665,200.85705584375
57.0,62.0,120.0,0.0902062291666823,200.85705584375,200.9472620729167
57.0,-1.0,0.0,0.23195887499994683,200.9472620729167,201.17922094791663
57.0,60.0,120.0,0.1353093437499808,201.17922094791663,201.3145302916666
57.0,-1.0,0.0,0.019329906250021622,201.3145302916666,201.33386019791664
57.0,64.0,120.0,1.2242273958333385,201.33386019791664,202.55808759375
57.0,-1.0,0.0,30.019344406249985,202.55808759375,232.577432
57.0,61.0,127.0,0.0257732083333337,232.577432,232.6032052083333
57.0,62.0,113.0,0.373711520833325,232.6032052083333,232.97691672916665
57.0,-1.0,0.0,0.08376292708334176,232.97691672916665,233.06067965625
57.0,62.0,120.0,0.057989718750008,233.06067965625,233.118669375
57.0,-1.0,0.0,0.34149501041665076,233.118669375,233.46016438541665
57.0,61.0,113.0,0.057989718750008,233.46016438541665,233.51815410416663
57.0,62.0,113.0,0.3479383125000197,233.5117108020833,233.8596491145833
57.0,-1.0,0.0,0.10309283333333497,233.8596491145833,233.96274194791664
57.0,62.0,113.0,0.0773196250000012,233.96274194791664,234.04006157291664
57.0,-1.0,0.0,0.34149501041665076,234.04006157291664,234.3815565833333
57.0,61.0,127.0,0.0451031145833269,234.3815565833333,234.42665969791665
57.0,62.0,113.0,0.3801548229166656,234.42665969791665,234.8068145208333
57.0,-1.0,0.0,0.0902062291666823,234.8068145208333,234.89702075
57.0,62.0,113.0,0.0708763229166606,234.89702075,234.96789707291663
57.0,-1.0,0.0,2.4033516770833785,234.96789707291663,237.37124875
57.0,60.0,113.0,0.0773196250000012,237.37124875,237.448568375
57.0,64.0,113.0,0.0902062291666538,237.35836214583333,237.448568375
57.0,-1.0,0.0,0.23840217708325895,237.448568375,237.68697055208327
57.0,57.0,97.0,0.0837629270833417,237.68697055208327,237.7707334791666
57.0,60.0,102.0,0.0708763229166891,237.69985715625,237.7707334791667
57.0,-1.0,0.0,0.2255155729166347,237.7707334791667,237.99624905208333
57.0,67.0,113.0,0.0644330208333201,237.99624905208333,238.06068207291665
57.0,64.0,120.0,0.0837629270833417,237.98336244791665,238.067125375
57.0,-1.0,0.0,0.24484547916665633,238.067125375,238.31197085416665
57.0,60.0,102.0,0.0902062291666823,238.31197085416665,238.40217708333333
57.0,57.0,102.0,0.109536135416647,238.30552755208333,238.4150636875
57.0,-1.0,0.0,0.2061856666666415,238.4150636875,238.62124935416665
57.0,62.0,120.0,0.057989718750008,238.62124935416665,238.67923907291663
57.0,66.0,113.0,0.0644330208333201,238.63413595833333,238.69856897916665
57.0,-1.0,0.0,0.23195887499997525,238.69856897916665,238.93052785416663
57.0,64.0,120.0,0.1127577864583315,238.93052785416663,239.04328564062496
57.0,-1.0,0.0,0.022551557291677682,239.04328564062496,239.06583719791664
57.0,64.0,120.0,0.0902062291666538,239.06583719791664,239.1560434270833
57.0,60.0,102.0,0.1546392500000024,239.05295059375,239.20758984375
57.0,-1.0,0.0,0.02577320833330532,239.20758984375,239.2333630520833
57.0,59.0,113.0,0.0773196250000012,239.2333630520833,239.3106826770833
57.0,62.0,113.0,0.0837629270833133,239.23980635416663,239.32356928124997
57.0,-1.0,0.0,0.1997423645833578,239.32356928124997,239.52331164583333
57.0,62.0,120.0,0.0837629270833133,239.52331164583333,239.60707457291664
57.0,66.0,127.0,0.0773196250000012,239.53619825,239.613517875
57.0,-1.0,0.0,0.2255155729166347,239.613517875,239.83903344791665
57.0,62.0,102.0,0.0708763229166606,239.83903344791665,239.9099097708333
57.0,59.0,120.0,0.0837629270833417,239.8325901458333,239.91635307291665
57.0,-1.0,0.0,0.23195887500000367,239.91635307291665,240.14831194791665
57.0,57.0,99.0,0.0805412760416714,240.14831194791665,240.2288532239583
57.0,-1.0,0.0,0.2287372239583192,240.2288532239583,240.45759044791663
57.0,62.0,113.0,0.0708763229166606,240.45759044791663,240.5284667708333
57.0,59.0,113.0,0.0773196250000012,240.46403375,240.541353375
57.0,-1.0,0.0,0.2255155729166347,240.541353375,240.76686894791663
57.0,59.0,102.0,0.0837629270833133,240.76686894791663,240.85063187499995
57.0,55.0,102.0,0.1030928333333349,240.78619885416663,240.8892916875
57.0,-1.0,0.0,0.1675258541666551,240.8892916875,241.05681754166665
57.0,60.0,113.0,0.0644330208333485,241.05681754166665,241.1212505625
57.0,64.0,120.0,0.0579897187499796,241.07614744791667,241.13413716666665
57.0,-1.0,0.0,0.2512887812499969,241.13413716666665,241.38542594791664
57.0,60.0,120.0,0.057989718750008,241.38542594791664,241.44341566666665
57.0,60.0,102.0,0.0451031145833269,241.39831255208333,241.44341566666665
57.0,-1.0,0.0,0.24484547916665633,241.44341566666665,241.6882611458333
57.0,62.0,102.0,0.0902062291666823,241.6882611458333,241.778467375
57.0,62.0,102.0,0.0644330208333485,241.71403435416664,241.778467375
57.0,-1.0,0.0,0.2255155729166347,241.778467375,242.00398294791663
57.0,64.0,113.0,0.0644330208333201,242.00398294791663,242.06841596874995
57.0,64.0,120.0,0.0451031145833269,242.02331285416665,242.06841596875
57.0,-1.0,0.0,0.2512887812499969,242.06841596875,242.31970475
57.0,60.0,113.0,0.0773196250000012,242.31970475,242.397024375
57.0,64.0,113.0,0.0902062291666823,242.3068181458333,242.397024375
57.0,-1.0,0.0,0.23840217708328737,242.397024375,242.6354265520833
57.0,57.0,97.0,0.0837629270833417,242.6354265520833,242.71918947916663
57.0,60.0,102.0,0.0708763229166606,242.64831315625,242.71918947916663
57.0,-1.0,0.0,0.22551557291666313,242.71918947916663,242.9447050520833
57.0,67.0,113.0,0.0644330208333201,242.9447050520833,243.0091380729166
57.0,64.0,120.0,0.0837629270833417,242.93181844791664,243.015581375
57.0,-1.0,0.0,0.24484547916665633,243.015581375,243.26042685416667
57.0,60.0,102.0,0.0902062291666538,243.26042685416667,243.3506330833333
57.0,57.0,102.0,0.109536135416647,243.25398355208333,243.3635196875
57.0,-1.0,0.0,0.2061856666666415,243.3635196875,243.56970535416664
57.0,62.0,120.0,0.057989718750008,243.56970535416664,243.62769507291665
57.0,66.0,113.0,0.0644330208333201,243.58259195833327,243.6470249791666
57.0,-1.0,0.0,0.23195887500006052,243.6470249791666,243.87898385416665
57.0,64.0,120.0,0.1127577864583457,243.87898385416665,243.99174164062495
57.0,-1.0,0.0,0.022551557291677682,243.99174164062495,244.01429319791663
57.0,64.0,120.0,0.0902062291666538,244.01429319791663,244.10449942708328
57.0,60.0,102.0,0.1546392500000024,244.00140659375,244.15604584375
57.0,-1.0,0.0,0.02577320833330532,244.15604584375,244.1818190520833
57.0,59.0,113.0,0.0773196250000012,244.1818190520833,244.2591386770833
57.0,62.0,113.0,0.0837629270833417,244.18826235416665,244.27202528125
57.0,-1.0,0.0,0.19974236458327255,244.27202528125,244.47176764583327
57.0,62.0,120.0,0.0837629270833417,244.47176764583327,244.5555305729166
57.0,66.0,127.0,0.0773196250000012,244.48465425,244.561973875
57.0,-1.0,0.0,0.2255155729166347,244.561973875,244.78748944791664
57.0,62.0,102.0,0.0708763229166891,244.78748944791664,244.85836577083333
57.0,59.0,120.0,0.0837629270833133,244.78104614583333,244.86480907291664
57.0,-1.0,0.0,0.23195887500000367,244.86480907291664,245.09676794791665
57.0,57.0,99.0,0.0805412760416714,245.09676794791665,245.1773092239583
57.0,-1.0,0.0,0.2287372239583476,245.1773092239583,245.40604644791665
57.0,62.0,113.0,0.0708763229166606,245.40604644791665,245.4769227708333
57.0,59.0,113.0,0.0773196250000012,245.41248975,245.489809375
57.0,-1.0,0.0,0.2255155729166347,245.489809375,245.71532494791663
57.0,59.0,102.0,0.0837629270833417,245.71532494791663,245.799087875
57.0,55.0,102.0,0.1030928333333349,245.73465485416665,245.8377476875
57.0,-1.0,0.0,0.1675258541666551,245.8377476875,246.00527354166667
57.0,60.0,113.0,0.0644330208333201,246.00527354166667,246.0697065625
57.0,64.0,120.0,0.0579897187499796,246.02460344791663,246.0825931666666
57.0,-1.0,0.0,0.2512887812500537,246.0825931666666,246.33388194791667
57.0,60.0,120.0,0.0579897187499796,246.33388194791667,246.39187166666665
57.0,60.0,102.0,0.0451031145833269,246.3467685520833,246.39187166666665
57.0,-1.0,0.0,0.24484547916668475,246.39187166666665,246.63671714583333
57.0,62.0,102.0,0.0902062291666538,246.63671714583333,246.726923375
57.0,62.0,102.0,0.0644330208333201,246.66249035416664,246.726923375
57.0,-1.0,0.0,0.2255155729166347,246.726923375,246.95243894791665
57.0,64.0,113.0,0.0644330208333485,246.95243894791665,247.01687196875
57.0,64.0,120.0,0.0451031145833553,246.97176885416664,247.01687196875
57.0,-1.0,0.0,0.24484547916665633,247.01687196875,247.26171744791665
57.0,62.0,113.0,0.0902062291666823,247.26171744791665,247.3519236770833
57.0,-1.0,0.0,0.24484547916668475,247.3519236770833,247.59676915625
57.0,60.0,102.0,0.0708763229166606,247.59676915625,247.66764547916665
57.0,57.0,97.0,0.0837629270833417,247.5838825520833,247.66764547916665
57.0,-1.0,0.0,0.2255155729166347,247.66764547916665,247.8931610520833
57.0,67.0,113.0,0.0644330208333485,247.8931610520833,247.95759407291663
57.0,64.0,120.0,0.0837629270833133,247.88027444791663,247.96403737499995
57.0,-1.0,0.0,0.24484547916668475,247.96403737499995,248.20888285416663
57.0,60.0,102.0,0.0902062291666538,248.20888285416663,248.29908908333329
57.0,57.0,102.0,0.1095361354166755,248.2024395520833,248.3119756875
57.0,-1.0,0.0,0.2061856666666415,248.3119756875,248.51816135416664
57.0,62.0,120.0,0.0579897187499796,248.51816135416664,248.57615107291664
57.0,66.0,113.0,0.0644330208333485,248.5310479583333,248.59548097916664
57.0,-1.0,0.0,0.23195887500000367,248.59548097916664,248.82743985416664
57.0,64.0,120.0,0.1127577864583457,248.82743985416664,248.94019764062497
57.0,-1.0,0.0,0.022551557291677682,248.94019764062497,248.96274919791665
57.0,64.0,120.0,0.0902062291666823,248.96274919791665,249.05295542708333
57.0,60.0,102.0,0.1546392500000024,248.94986259375,249.10450184375
57.0,-1.0,0.0,0.02577320833330532,249.10450184375,249.1302750520833
57.0,59.0,113.0,0.0773196249999728,249.1302750520833,249.20759467708328
57.0,62.0,113.0,0.0837629270833417,249.13671835416665,249.22048128125
57.0,-1.0,0.0,0.19974236458330097,249.22048128125,249.4202236458333
57.0,62.0,120.0,0.0837629270833417,249.4202236458333,249.50398657291663
57.0,66.0,127.0,0.0773196250000012,249.43311025,249.510429875
57.0,-1.0,0.0,0.2255155729166347,249.510429875,249.73594544791663
57.0,62.0,102.0,0.0708763229166606,249.73594544791663,249.8068217708333
57.0,59.0,120.0,0.0837629270833417,249.7295021458333,249.81326507291664
57.0,-1.0,0.0,0.2319588750000321,249.81326507291664,250.04522394791667
57.0,57.0,99.0,0.080541276041643,250.04522394791667,250.1257652239583
57.0,-1.0,0.0,0.2287372239583476,250.1257652239583,250.35450244791664
57.0,62.0,113.0,0.0708763229166891,250.35450244791664,250.42537877083333
57.0,59.0,113.0,0.0773196250000012,250.36094575,250.438265375
57.0,-1.0,0.0,0.22551557291666313,250.438265375,250.66378094791665
57.0,59.0,102.0,0.0837629270833417,250.66378094791665,250.747543875
57.0,55.0,102.0,0.1030928333333349,250.68311085416664,250.7862036875
57.0,-1.0,0.0,0.1675258541666267,250.7862036875,250.95372954166663
57.0,60.0,113.0,0.0644330208333201,250.95372954166663,251.01816256249995
57.0,64.0,120.0,0.057989718750008,250.97305944791665,251.03104916666663
57.0,-1.0,0.0,0.2512887812499969,251.03104916666663,251.28233794791663
57.0,60.0,120.0,0.057989718750008,251.28233794791663,251.34032766666664
57.0,60.0,102.0,0.0451031145833553,251.2952245520833,251.34032766666667
57.0,-1.0,0.0,0.2448454791665995,251.34032766666667,251.58517314583327
57.0,62.0,102.0,0.0902062291666538,251.58517314583327,251.67537937499992
57.0,62.0,102.0,0.0644330208333201,251.61094635416663,251.67537937499995
57.0,-1.0,0.0,0.22551557291669155,251.67537937499995,251.90089494791664
57.0,64.0,113.0,0.0644330208333485,251.90089494791664,251.96532796875
57.0,64.0,120.0,0.0451031145833269,251.92022485416663,251.96532796875
57.0,-1.0,0.0,0.2512887812499969,251.96532796875,252.21661675
57.0,62.0,99.0,0.0966495312499944,252.21661675,252.31326628125
57.0,-1.0,0.0,0.2190722708333226,252.31326628125,252.53233855208333
57.0,57.0,97.0,0.0837629270833133,252.53233855208333,252.61610147916664
57.0,60.0,102.0,0.0708763229166606,252.54522515625,252.61610147916667
57.0,-1.0,0.0,0.2255155729166347,252.61610147916667,252.8416170520833
57.0,67.0,113.0,0.0644330208333485,252.8416170520833,252.90605007291663
57.0,64.0,120.0,0.0837629270833417,252.82873044791663,252.912493375
57.0,-1.0,0.0,0.24484547916665633,252.912493375,253.15733885416665
57.0,60.0,102.0,0.0902062291666538,253.15733885416665,253.2475450833333
57.0,57.0,102.0,0.1095361354166755,253.1508955520833,253.2604316875
57.0,-1.0,0.0,0.2061856666666415,253.2604316875,253.46661735416663
57.0,62.0,120.0,0.057989718750008,253.46661735416663,253.52460707291664
57.0,66.0,113.0,0.0644330208333485,253.4795039583333,253.54393697916663
57.0,-1.0,0.0,0.23195887500000367,253.54393697916663,253.77589585416663
57.0,64.0,120.0,0.1127577864583173,253.77589585416663,253.8886536406249
57.0,-1.0,0.0,0.022551557291734525,253.8886536406249,253.91120519791664
57.0,64.0,120.0,0.0902062291666823,253.91120519791664,254.00141142708333
57.0,60.0,102.0,0.1546392500000024,253.89831859375,254.05295784375
57.0,-1.0,0.0,0.02577320833333374,254.05295784375,254.07873105208333
57.0,59.0,113.0,0.0773196250000012,254.07873105208333,254.15605067708333
57.0,62.0,113.0,0.0837629270833417,254.08517435416664,254.16893728125
57.0,-1.0,0.0,0.19974236458330097,254.16893728125,254.3686796458333
57.0,62.0,120.0,0.0837629270833417,254.3686796458333,254.45244257291665
57.0,66.0,127.0,0.0773196250000012,254.38156625,254.458885875
57.0,-1.0,0.0,0.2255155729166347,254.458885875,254.68440144791663
57.0,62.0,102.0,0.0708763229166606,254.68440144791663,254.7552777708333
57.0,59.0,120.0,0.0837629270833417,254.6779581458333,254.76172107291663
57.0,-1.0,0.0,0.23195887500000367,254.76172107291663,254.99367994791663
57.0,57.0,99.0,0.0805412760416572,254.99367994791663,255.0742212239583
57.0,-1.0,0.0,0.22873722395837603,255.0742212239583,255.30295844791667
57.0,62.0,113.0,0.0708763229166606,255.30295844791667,255.37383477083333
57.0,59.0,113.0,0.0773196250000012,255.30940175,255.386721375
57.0,-1.0,0.0,0.2255155729166347,255.386721375,255.61223694791664
57.0,59.0,102.0,0.0837629270833417,255.61223694791664,255.695999875
57.0,55.0,102.0,0.1030928333333349,255.63156685416664,255.7346596875
57.0,-1.0,0.0,0.1675258541666551,255.7346596875,255.90218554166665
57.0,60.0,113.0,0.0644330208333201,255.90218554166665,255.9666185625
57.0,64.0,120.0,0.057989718750008,255.92151544791665,255.97950516666663
57.0,-1.0,0.0,0.2512887812500253,255.97950516666663,256.23079394791665
57.0,60.0,120.0,0.0579897187499796,256.23079394791665,256.28878366666663
57.0,60.0,102.0,0.0451031145832985,256.24368055208333,256.28878366666663
57.0,-1.0,0.0,0.24484547916671318,256.28878366666663,256.53362914583334
57.0,62.0,102.0,0.0902062291666538,256.53362914583334,256.623835375
57.0,62.0,102.0,0.0644330208333485,256.55940235416665,256.623835375
57.0,-1.0,0.0,0.22551557291666313,256.623835375,256.84935094791666
57.0,64.0,113.0,0.0644330208333485,256.84935094791666,256.91378396875
57.0,64.0,120.0,0.0451031145833553,256.86868085416666,256.91378396875
57.0,-1.0,0.0,0.5476806770832923,256.91378396875,257.4614646458333
57.0,62.0,92.0,0.1288660416666971,257.4614646458333,257.5903306875
57.0,-1.0,0.0,0.012886604166681082,257.5903306875,257.6032172916667
57.0,64.0,102.0,0.096649531249966,257.6032172916667,257.69986682291665
57.0,-1.0,0.0,0.05154641666666748,257.69986682291665,257.7514132395833
57.0,67.0,113.0,0.1030928333333349,257.7514132395833,257.85450607291665
57.0,-1.0,0.0,0.219072270833351,257.85450607291665,258.07357834375
57.0,64.0,113.0,0.0773196249999728,258.07357834375,258.15089796875
57.0,-1.0,0.0,0.2512887812500253,258.15089796875,258.40218675
57.0,62.0,88.0,0.1481959479166334,258.40218675,258.55038269791663
57.0,64.0,102.0,0.109536135416647,258.53749609375,258.64703222916665
57.0,-1.0,0.0,0.0386598124999864,258.64703222916665,258.68569204166664
57.0,67.0,113.0,0.4574744479166952,258.68569204166664,259.14316648958334
57.0,-1.0,0.0,0.012886604166681082,259.14316648958334,259.15605309375
57.0,64.0,113.0,0.115979437500016,259.15605309375,259.27203253125003
57.0,-1.0,0.0,0.8247426666666229,259.27203253125003,260.09677519791666
57.0,67.0,120.0,0.0708763229166606,260.09677519791666,260.1676515208333
57.0,-1.0,0.0,0.08376292708334176,260.1676515208333,260.25141444791666
57.0,67.0,102.0,0.0773196249999728,260.25141444791666,260.32873407291663
57.0,-1.0,0.0,0.20618566666666993,260.32873407291663,260.5349197395833
57.0,67.0,113.0,0.0708763229166606,260.5349197395833,260.6057960625
57.0,-1.0,0.0,0.2255155729166063,260.6057960625,260.8313116354166
57.0,67.0,113.0,0.0708763229167175,260.8313116354166,260.90218795833334
57.0,-1.0,0.0,0.10309283333333497,260.90218795833334,261.0052807916667
57.0,67.0,113.0,0.0773196249999728,261.0052807916667,261.08260041666665
57.0,-1.0,0.0,0.07731962500002965,261.08260041666665,261.1599200416667
57.0,67.0,102.0,0.0708763229166606,261.1599200416667,261.23079636458334
57.0,-1.0,0.0,0.23840217708328737,261.23079636458334,261.46919854166663
57.0,67.0,127.0,0.0644330208333485,261.46919854166663,261.5336315625
57.0,-1.0,0.0,0.8762890833333472,261.5336315625,262.4099206458333
57.0,62.0,92.0,0.1288660416666402,262.4099206458333,262.5387866875
57.0,-1.0,0.0,0.012886604166624238,262.5387866875,262.55167329166665
57.0,64.0,102.0,0.0966495312500228,262.55167329166665,262.64832282291667
57.0,-1.0,0.0,0.05154641666666748,262.64832282291667,262.69986923958334
57.0,67.0,113.0,0.1030928333333349,262.69986923958334,262.80296207291667
57.0,-1.0,0.0,0.219072270833351,262.80296207291667,263.02203434375
57.0,64.0,113.0,0.0773196250000296,263.02203434375,263.09935396875005
57.0,-1.0,0.0,0.25128878124996845,263.09935396875005,263.35064275
57.0,62.0,88.0,0.1481959479166903,263.35064275,263.4988386979167
57.0,64.0,102.0,0.1095361354167039,263.48595209375,263.5954882291667
57.0,-1.0,0.0,0.0386598124999864,263.5954882291667,263.63414804166666
57.0,67.0,113.0,0.4574744479166384,263.63414804166666,264.0916224895833
57.0,-1.0,0.0,0.012886604166681082,264.0916224895833,264.10450909375
57.0,64.0,113.0,0.115979437500016,264.10450909375,264.22048853125
57.0,-1.0,0.0,0.5090208645833059,264.22048853125,264.7295093958333
57.0,67.0,120.0,0.0708763229166606,264.7295093958333,264.80038571875
57.0,-1.0,0.0,0.1159794374999592,264.80038571875,264.91636515625
57.0,67.0,97.0,0.0644330208333485,264.91636515625,264.98079817708333
57.0,-1.0,0.0,0.22551557291666313,264.98079817708333,265.20631375
57.0,67.0,102.0,0.0644330208333485,265.20631375,265.27074677083334
57.0,-1.0,0.0,0.23195887499997525,265.27074677083334,265.5027056458333
57.0,67.0,92.0,0.0579897187499796,265.5027056458333,265.5606953645833
57.0,-1.0,0.0,0.2384021770833442,265.5606953645833,265.79909754166664
57.0,61.0,92.0,0.0515464166666674,265.79909754166664,265.8506439583333
57.0,-1.0,0.0,0.0064433020833689625,265.8506439583333,265.8570872604167
57.0,62.0,92.0,1.153351072916621,265.8570872604167,267.0104383333333
57.0,56.0,102.0,1.2435573020833317,265.81842744791663,267.06198475
57.0,-1.0,0.0,19.948463249999975,267.06198475,287.010448
57.0,61.0,127.0,0.0257732083333053,287.010448,287.0362212083333
57.0,62.0,113.0,0.3737115208333534,287.0362212083333,287.40993272916666
57.0,-1.0,0.0,0.08376292708334176,287.40993272916666,287.49369565625
57.0,62.0,120.0,0.0579897187499796,287.49369565625,287.551685375
57.0,-1.0,0.0,0.3414950104166792,287.551685375,287.89318038541666
57.0,61.0,113.0,0.0579897187499796,287.89318038541666,287.95117010416664
57.0,62.0,113.0,0.3479383124999913,287.9447268020833,288.2926651145833
57.0,-1.0,0.0,0.10309283333333497,288.2926651145833,288.39575794791665
57.0,62.0,113.0,0.0773196250000296,288.39575794791665,288.4730775729167
57.0,-1.0,0.0,0.34149501041662234,288.4730775729167,288.8145725833333
57.0,61.0,127.0,0.0451031145833553,288.8145725833333,288.85967569791666
57.0,62.0,113.0,0.3801548229166656,288.85967569791666,289.2398305208333
57.0,-1.0,0.0,0.09020622916665388,289.2398305208333,289.33003675
57.0,62.0,113.0,0.0708763229166606,289.33003675,289.40091307291664
57.0,-1.0,0.0,2.474228000000039,289.40091307291664,291.8751410729167
57.0,66.0,60.0,0.0386598124999864,291.8751410729167,291.91380088541666
57.0,64.0,89.0,0.1063144843749909,291.91380088541666,292.02011536979165
57.0,-1.0,0.0,0.09342788020836679,292.02011536979165,292.11354325
57.0,62.0,78.0,0.0773196250000296,292.11354325,292.19086287500005
57.0,67.0,88.0,0.0837629270833417,292.10709994791665,292.190862875
57.0,-1.0,0.0,0.19329906249998885,292.190862875,292.3841619375
57.0,62.0,92.0,0.3994847291666588,292.3841619375,292.78364666666664
57.0,67.0,102.0,0.4188146354167088,292.3712753333333,292.79008996875
