Instrumento,instrumento,nota,nombre,volumen,dura,empieza,termina
Acoustic Bass,32,36,C2,91,0.4491984,0.5160434,0.9652418
Acoustic Bass,32,39,D#2,111,0.47058880000000014,0.9973274,1.4679162000000001
Acoustic Bass,32,51,D#3,109,0.31283459999999996,1.4786114000000001,1.791446
Acoustic Bass,32,51,D#3,95,0.06951880000000021,1.9598954,2.0294142
Acoustic Bass,32,51,D#3,92,0.1711231999999998,2.2807514,2.4518746
Acoustic Bass,32,39,D#2,87,0.1711231999999998,2.4411794,2.6123026
Acoustic Bass,32,51,D#3,88,0.10160439999999982,2.6016074000000002,2.7032118
Acoustic Bass,32,51,D#3,84,0.08823539999999985,2.9224634000000003,3.0106988
Acoustic Bass,32,38,D2,93,0.4893054000000001,3.0828914,3.5721968
Acoustic Bass,32,50,D3,98,0.4251342,3.5641754,3.9893096
Acoustic Bass,32,45,A2,88,0.24866339999999987,4.0454594,4.2941228
Acoustic Bass,32,38,D2,85,0.47593639999999926,4.3663154,4.8422518
Acoustic Bass,32,50,D3,98,0.4010699999999998,4.8475994,5.2486694
Acoustic Bass,32,45,A2,75,0.26203239999999983,5.3288834000000005,5.5909158
Acoustic Bass,32,38,D2,90,0.43582939999999937,5.6497394000000005,6.0855688
Acoustic Bass,32,50,D3,97,0.37967960000000023,6.1310234,6.510703
Acoustic Bass,32,45,A2,75,0.2914442000000008,6.6123074,6.9037516000000005
Acoustic Bass,32,38,D2,91,0.3903748,6.9331634,7.3235382
Acoustic Bass,32,50,D3,102,0.4090914000000003,7.4144474,7.823538800000001
Acoustic Bass,32,45,A2,87,0.21123020000000015,7.8957314,8.1069616
Acoustic Bass,32,36,C2,96,0.1363637999999998,8.2165874,8.3529512
Acoustic Bass,32,38,D2,84,0.14973280000000067,8.3770154,8.5267482
Acoustic Bass,32,40,E2,80,0.16310179999999974,8.5374434,8.7005452
Acoustic Bass,32,41,F2,92,0.1577541999999994,8.6978714,8.8556256
Acoustic Bass,32,43,G2,88,0.16844940000000008,8.8582994,9.0267488
Acoustic Bass,32,47,B2,81,0.16844940000000008,9.0187274,9.1871768
Acoustic Bass,32,48,C3,93,0.1577541999999994,9.1791554,9.3369096
Acoustic Bass,32,36,C2,80,0.40107000000000426,56.9866994,57.3877694
Acoustic Bass,32,43,G2,81,0.4438507999999999,57.4679834,57.9118342
Acoustic Bass,32,36,C2,84,0.21657779999999605,57.949267400000004,58.1658452
Acoustic Bass,32,37,C#2,99,0.4304817999999955,58.2701234,58.7006052
Acoustic Bass,32,45,A2,85,0.37433200000000255,58.7514074,59.1257394
Acoustic Bass,32,40,E2,86,0.28074900000000014,59.2326914,59.5134404
Acoustic Bass,32,38,D2,82,0.4866316000000026,59.5535474,60.040179
Acoustic Bass,32,45,A2,77,0.4625673999999975,60.0348314,60.4973988
Acoustic Bass,32,38,D2,75,0.2513371999999947,60.516115400000004,60.7674526
Acoustic Bass,32,43,G2,83,0.4973267999999962,60.8369714,61.3342982
Acoustic Bass,32,38,D2,85,0.45187220000000394,61.3182554,61.7701276
Acoustic Bass,32,31,G1,89,0.2914442000000008,61.7995394,62.0909836
Acoustic Bass,32,38,D2,93,0.508022000000004,62.1203954,62.628417400000004
Acoustic Bass,32,45,A2,86,0.46791499999999786,62.6016794,63.0695944
Acoustic Bass,32,38,D2,85,0.2914441999999937,63.082963400000004,63.3744076
Acoustic Bass,32,43,G2,89,0.4705887999999945,63.4038194,63.8744082
Acoustic Bass,32,38,D2,85,0.44117700000000326,63.8851034,64.3262804
Acoustic Bass,32,31,G1,83,0.22727299999999673,64.36638740000001,64.5936604
Acoustic Bass,32,36,C2,90,0.4625673999999975,64.6872434,65.1498108
Acoustic Bass,32,43,G2,91,0.4491984000000002,65.1685274,65.6177258
Acoustic Bass,32,31,G1,82,0.2379681999999974,65.6498114,65.8877796
Acoustic Bass,32,36,C2,81,0.46791500000000497,65.9706674,66.4385824
Acoustic Bass,32,43,G2,80,0.39839620000000764,66.4519514,66.8503476
Acoustic Bass,32,43,G2,82,0.2780752000000035,66.9332354,67.2113106
Acoustic Bass,32,36,C2,86,0.46524119999999414,67.25409140000001,67.7193326
Acoustic Bass,32,43,G2,86,0.5775408000000084,67.7353754,68.3129162
Acoustic Bass,32,31,G1,88,0.2593585999999988,68.2166594,68.476018
Acoustic Bass,32,37,C#2,101,0.43850319999999954,68.5375154,68.9760186
Acoustic Bass,32,45,A2,90,0.4438507999999928,69.0187994,69.4626502
Acoustic Bass,32,40,E2,90,0.3288773999999961,69.50008340000001,69.8289608
Acoustic Bass,32,38,D2,89,0.4705888000000016,69.8209394,70.2915282
Acoustic Bass,32,45,A2,82,0.4705888000000016,70.3022234,70.7728122
Acoustic Bass,32,38,D2,77,0.2727275999999961,70.7835074,71.056235
Acoustic Bass,32,43,G2,80,0.47593640000000903,71.1043634,71.5802998
Acoustic Bass,32,38,D2,86,0.443850800000007,71.5856474,72.0294982
Acoustic Bass,32,31,G1,93,0.2780752000000035,72.0669314,72.3450066
Acoustic Bass,32,38,D2,93,0.5106957999999935,72.38778740000001,72.8984832
Acoustic Bass,32,45,A2,86,0.4973268000000104,72.8690714,73.3663982
Acoustic Bass,32,38,D2,84,0.31016080000000557,73.3503554,73.6605162
Acoustic Bass,32,43,G2,87,0.4572197999999901,73.6712114,74.1284312
Acoustic Bass,32,38,D2,80,0.5053482000000002,74.1524954,74.6578436
Acoustic Bass,32,31,G1,83,0.1951874000000089,74.6337794,74.8289668
Acoustic Bass,32,36,C2,91,0.46524119999999414,74.9546354,75.4198766
Acoustic Bass,32,40,E2,69,0.47861019999999144,75.4359194,75.9145296
Acoustic Bass,32,43,G2,127,0.6443857999999949,75.9172034,76.5615892
Acoustic Bass,32,36,C2,80,0.40107000000000426,76.2380594,76.6391294
Acoustic Bass,32,43,G2,81,0.443850800000007,76.7193434,77.1631942
Acoustic Bass,32,36,C2,84,0.21657779999999605,77.2006274,77.4172052
Acoustic Bass,32,36,C2,80,0.40106999999999005,77.52148340000001,77.9225534
Acoustic Bass,32,43,G2,81,0.443850800000007,78.0027674,78.4466182
Acoustic Bass,32,36,C2,84,0.21657779999999605,78.4840514,78.7006292
Acoustic Bass,32,37,C#2,99,0.4304817999999955,78.8049074,79.2353892
Acoustic Bass,32,45,A2,85,0.37433199999999545,79.2861914,79.6605234
Acoustic Bass,32,40,E2,86,0.28074900000000014,79.7674754,80.0482244
Acoustic Bass,32,38,D2,82,0.4866315999999955,80.0883314,80.574963
Acoustic Bass,32,45,A2,77,0.4625673999999975,80.5696154,81.0321828
Acoustic Bass,32,38,D2,75,0.2513371999999947,81.0508994,81.3022366
Acoustic Bass,32,43,G2,83,0.4973268000000104,81.3717554,81.86908220000001
Acoustic Bass,32,38,D2,85,0.45187219999999684,81.8530394,82.3049116
Acoustic Bass,32,31,G1,89,0.2914442000000008,82.3343234,82.6257676
Acoustic Bass,32,38,D2,93,0.5080220000000111,82.6551794,83.1632014
Acoustic Bass,32,45,A2,86,0.46791500000000497,83.1364634,83.6043784
Acoustic Bass,32,38,D2,85,0.2914442000000008,83.6177474,83.9091916
Acoustic Bass,32,43,G2,89,0.4705888000000016,83.9386034,84.4091922
Acoustic Bass,32,38,D2,85,0.44117699999999616,84.41988740000001,84.8610644
Acoustic Bass,32,31,G1,83,0.22727300000001094,84.9011714,85.1284444
Acoustic Bass,32,36,C2,90,0.4625673999999975,85.2220274,85.6845948
Acoustic Bass,32,43,G2,91,0.4491984000000002,85.7033114,86.1525098
Acoustic Bass,32,31,G1,82,0.2379681999999974,86.1845954,86.4225636
Acoustic Bass,32,36,C2,81,0.46791500000000497,86.5054514,86.9733664
Acoustic Bass,32,43,G2,80,0.39839620000000764,86.9867354,87.38513160000001
Acoustic Bass,32,43,G2,82,0.2780752000000035,87.4680194,87.7460946
Acoustic Bass,32,36,C2,86,0.46524120000000835,87.7888754,88.2541166
Acoustic Bass,32,43,G2,86,0.5775408000000084,88.2701594,88.8477002
Acoustic Bass,32,31,G1,88,0.2593585999999988,88.7514434,89.010802
Acoustic Bass,32,37,C#2,101,0.43850319999999954,89.0722994,89.5108026
Acoustic Bass,32,45,A2,90,0.4438507999999928,89.55358340000001,89.9974342
Acoustic Bass,32,40,E2,90,0.3288774000000103,90.0348674,90.3637448
Acoustic Bass,32,38,D2,89,0.4705888000000016,90.3557234,90.8263122
Acoustic Bass,32,45,A2,82,0.4705888000000016,90.8370074,91.3075962
Acoustic Bass,32,38,D2,77,0.2727275999999961,91.3182914,91.591019
Acoustic Bass,32,43,G2,80,0.47593640000000903,91.6391474,92.11508380000001
Acoustic Bass,32,38,D2,86,0.443850800000007,92.1204314,92.56428220000001
Acoustic Bass,32,31,G1,93,0.2780752000000035,92.6017154,92.8797906
Acoustic Bass,32,38,D2,93,0.5106958000000077,92.9225714,93.4332672
Acoustic Bass,32,45,A2,86,0.4973268000000104,93.4038554,93.90118220000001
Acoustic Bass,32,38,D2,84,0.31016080000000557,93.8851394,94.1953002
Acoustic Bass,32,43,G2,87,0.4572197999999901,94.2059954,94.6632152
Acoustic Bass,32,38,D2,80,0.5053482000000002,94.68727940000001,95.19262760000001
Acoustic Bass,32,31,G1,83,0.1951874000000089,95.1685634,95.3637508
Acoustic Bass,32,36,C2,91,0.46524119999999414,95.4894194,95.9546606
Acoustic Bass,32,40,E2,69,0.47861019999999144,95.9707034,96.4493136
Acoustic Bass,32,44,G#2,127,0.6443857999999949,96.45198740000001,97.0963732
Acoustic Bass,32,42,F#2,84,0.2914442000000008,97.0936994,97.3851436
Acoustic Bass,32,39,D#2,100,0.2754014000000069,97.4145554,97.6899568
Acoustic Bass,32,36,C2,106,0.2620323999999954,97.7354114,97.9974438
Acoustic Bass,32,37,C#2,80,0.40107000000000426,98.0562674,98.4573374
Acoustic Bass,32,44,G#2,81,0.443850800000007,98.5375514,98.9814022
Acoustic Bass,32,37,C#2,84,0.21657779999999605,99.0188354,99.2354132
Acoustic Bass,32,38,D2,99,0.4304817999999955,99.3396914,99.7701732
Acoustic Bass,32,46,A#2,85,0.37433199999999545,99.82097540000001,100.1953074
Acoustic Bass,32,41,F2,86,0.28074900000000014,100.3022594,100.5830084
Acoustic Bass,32,39,D#2,82,0.4866315999999955,100.6231154,101.109747
Acoustic Bass,32,46,A#2,77,0.4625673999999975,101.1043994,101.5669668
Acoustic Bass,32,39,D#2,75,0.2513371999999947,101.58568340000001,101.8370206
Acoustic Bass,32,44,G#2,83,0.4973267999999962,101.9065394,102.4038662
Acoustic Bass,32,39,D#2,85,0.45187219999999684,102.3878234,102.8396956
Acoustic Bass,32,32,G#1,89,0.2914442000000008,102.8691074,103.1605516
Acoustic Bass,32,39,D#2,93,0.5080220000000111,103.1899634,103.69798540000001
Acoustic Bass,32,46,A#2,86,0.46791500000000497,103.6712474,104.1391624
Acoustic Bass,32,39,D#2,85,0.2914442000000008,104.1525314,104.4439756
Acoustic Bass,32,44,G#2,89,0.4705888000000016,104.47338740000001,104.94397620000001
Acoustic Bass,32,39,D#2,85,0.44117700000001037,104.9546714,105.3958484
Acoustic Bass,32,32,G#1,83,0.22727300000001094,105.4359554,105.66322840000001
Acoustic Bass,32,37,C#2,90,0.4625673999999975,105.7568114,106.2193788
Acoustic Bass,32,44,G#2,91,0.4491984000000002,106.2380954,106.6872938
Acoustic Bass,32,32,G#1,82,0.2379681999999974,106.71937940000001,106.9573476
Acoustic Bass,32,38,D2,127,0.32085600000000625,107.0402354,107.3610914
Acoustic Bass,32,37,C#2,127,0.6417119999999983,107.3610914,108.0028034
Acoustic Bass,32,44,G#2,82,0.2780752000000035,108.0028034,108.28087860000001
Acoustic Bass,32,37,C#2,86,0.46524120000000835,108.3236594,108.7889006
Acoustic Bass,32,44,G#2,86,0.5775408000000084,108.8049434,109.38248420000001
Acoustic Bass,32,32,G#1,88,0.2593585999999988,109.2862274,109.545586
Acoustic Bass,32,38,D2,101,0.43850319999999954,109.60708340000001,110.04558660000001
Acoustic Bass,32,46,A#2,90,0.443850800000007,110.0883674,110.5322182
Acoustic Bass,32,41,F2,90,0.3288774000000103,110.5696514,110.89852880000001
Acoustic Bass,32,39,D#2,89,0.4705888000000016,110.8905074,111.3610962
Acoustic Bass,32,46,A#2,82,0.4705888000000016,111.3717914,111.84238020000001
Acoustic Bass,32,39,D#2,77,0.2727275999999961,111.85307540000001,112.125803
Acoustic Bass,32,44,G#2,80,0.4759363999999948,112.1739314,112.6498678
Acoustic Bass,32,39,D#2,86,0.4438507999999928,112.6552154,113.0990662
Acoustic Bass,32,32,G#1,93,0.2780752000000035,113.1364994,113.41457460000001
Acoustic Bass,32,39,D#2,93,0.5106958000000077,113.4573554,113.9680512
Acoustic Bass,32,46,A#2,86,0.4973267999999962,113.9386394,114.4359662
Acoustic Bass,32,39,D#2,84,0.31016080000000557,114.4199234,114.73008420000001
Acoustic Bass,32,44,G#2,87,0.4572197999999901,114.74077940000001,115.1979992
Acoustic Bass,32,39,D#2,80,0.5053482000000002,115.2220634,115.7274116
Acoustic Bass,32,32,G#1,83,0.1951874000000089,115.7033474,115.89853480000001
Acoustic Bass,32,37,C#2,99,0.3155083999999988,116.0348986,116.350407
Acoustic Bass,32,44,G#2,94,0.33155120000000693,116.323669,116.6552202
Acoustic Bass,32,46,A#2,85,0.34492019999999,116.62848220000001,116.9734024
Acoustic Bass,32,44,G#2,82,0.29679180000000827,116.9413168,117.2381086
Acoustic Bass,32,37,C#2,102,0.2486633999999981,117.286237,117.5349004
Acoustic Bass,32,37,C#2,80,0.40107000000000426,118.5910514,118.9921214
Acoustic Bass,32,44,G#2,81,0.443850800000007,119.0723354,119.5161862
Acoustic Bass,32,37,C#2,84,0.21657779999999605,119.5536194,119.7701972
Acoustic Bass,32,38,D2,99,0.4304817999999955,119.87447540000001,120.3049572
Acoustic Bass,32,46,A#2,85,0.37433200000000966,120.3557594,120.7300914
Acoustic Bass,32,41,F2,86,0.28074900000000014,120.8370434,121.1177924
Acoustic Bass,32,39,D#2,82,0.4866315999999955,121.1578994,121.644531
Acoustic Bass,32,46,A#2,77,0.4625673999999975,121.63918340000001,122.1017508
Acoustic Bass,32,39,D#2,75,0.2513372000000089,122.1204674,122.3718046
Acoustic Bass,32,44,G#2,83,0.4973267999999962,122.4413234,122.9386502
Acoustic Bass,32,39,D#2,85,0.45187219999999684,122.9226074,123.3744796
Acoustic Bass,32,32,G#1,89,0.2914442000000008,123.4038914,123.6953356
Acoustic Bass,32,39,D#2,93,0.5080220000000111,123.7247474,124.23276940000001
Acoustic Bass,32,46,A#2,86,0.46791500000000497,124.2060314,124.6739464
Acoustic Bass,32,39,D#2,85,0.2914442000000008,124.6873154,124.9787596
Acoustic Bass,32,44,G#2,89,0.4705887999999874,125.00817140000001,125.4787602
Acoustic Bass,32,39,D#2,85,0.44117700000001037,125.4894554,125.93063240000001
Acoustic Bass,32,32,G#1,83,0.22727299999999673,125.9707394,126.1980124
Acoustic Bass,32,37,C#2,90,0.4625673999999975,126.2915954,126.7541628
Acoustic Bass,32,44,G#2,91,0.4491984000000002,126.77287940000001,127.22207780000001
Acoustic Bass,32,32,G#1,82,0.23796820000001162,127.2541634,127.49213160000001
Acoustic Bass,32,38,D2,127,0.32085600000000625,127.5750194,127.89587540000001
Acoustic Bass,32,37,C#2,127,0.6417119999999983,127.89587540000001,128.5375874
Acoustic Bass,32,44,G#2,82,0.2780751999999893,128.5375874,128.8156626
Acoustic Bass,32,37,C#2,86,0.46524120000000835,128.8584434,129.3236846
Acoustic Bass,32,44,G#2,86,0.57754079999998,129.33972740000002,129.9172682
Acoustic Bass,32,32,G#1,88,0.259358600000013,129.8210114,130.08037000000002
Acoustic Bass,32,38,D2,101,0.43850320000001375,130.1418674,130.5803706
Acoustic Bass,32,46,A#2,90,0.44385079999997856,130.6231514,131.0670022
Acoustic Bass,32,41,F2,90,0.3288774000000103,131.1044354,131.4333128
Acoustic Bass,32,39,D#2,89,0.4705888000000016,131.4252914,131.8958802
Acoustic Bass,32,46,A#2,82,0.4705888000000016,131.9065754,132.3771642
Acoustic Bass,32,39,D#2,77,0.2727275999999961,132.3878594,132.660587
Acoustic Bass,32,44,G#2,80,0.47593640000002324,132.7087154,133.1846518
Acoustic Bass,32,39,D#2,86,0.443850800000007,133.1899994,133.6338502
Acoustic Bass,32,32,G#1,93,0.27807520000001773,133.6712834,133.9493586
Acoustic Bass,32,39,D#2,93,0.5106957999999793,133.9921394,134.5028352
Acoustic Bass,32,46,A#2,86,0.4973267999999962,134.4734234,134.9707502
Acoustic Bass,32,39,D#2,84,0.31016080000000557,134.9547074,135.2648682
Acoustic Bass,32,44,G#2,87,0.4572197999999901,135.2755634,135.7327832
Acoustic Bass,32,39,D#2,80,0.5053482000000145,135.7568474,136.2621956
Acoustic Bass,32,32,G#1,83,0.19518739999998047,136.23813140000001,136.4333188
Acoustic Bass,32,37,C#2,91,0.46524120000000835,136.5589874,137.02422860000001
Acoustic Bass,32,41,F2,69,0.47861020000001986,137.0402714,137.51888160000001
Acoustic Bass,32,45,A2,127,0.6443857999999807,137.5215554,138.1659412
Acoustic Bass,32,43,G2,84,0.2914442000000008,138.1632674,138.4547116
Acoustic Bass,32,40,E2,100,0.2754013999999927,138.48412340000002,138.7595248
Acoustic Bass,32,37,C#2,106,0.2620323999999812,138.8049794,139.0670118
Acoustic Bass,32,38,D2,80,0.40107000000000426,139.1258354,139.5269054
Acoustic Bass,32,45,A2,81,0.44385079999997856,139.60711940000002,140.0509702
Acoustic Bass,32,38,D2,84,0.21657780000001026,140.0884034,140.30498120000001
Acoustic Bass,32,39,D#2,99,0.4304817999999955,140.4092594,140.8397412
Acoustic Bass,32,47,B2,85,0.37433199999998124,140.8905434,141.2648754
Acoustic Bass,32,42,F#2,86,0.28074900000001435,141.3718274,141.65257640000002
Acoustic Bass,32,40,E2,82,0.4866316000000097,141.6926834,142.179315
Acoustic Bass,32,47,B2,77,0.4625673999999833,142.1739674,142.6365348
Acoustic Bass,32,40,E2,75,0.2513371999999947,142.6552514,142.9065886
Acoustic Bass,32,45,A2,83,0.4973268000000246,142.9761074,143.4734342
Acoustic Bass,32,40,E2,85,0.45187219999999684,143.4573914,143.9092636
Acoustic Bass,32,33,A1,89,0.2914442000000008,143.9386754,144.2301196
Acoustic Bass,32,40,E2,93,0.5080219999999827,144.25953140000001,144.7675534
Acoustic Bass,32,47,B2,86,0.46791500000000497,144.7408154,145.2087304
Acoustic Bass,32,40,E2,85,0.2914442000000008,145.2220994,145.5135436
Acoustic Bass,32,45,A2,89,0.4705888000000016,145.5429554,146.0135442
Acoustic Bass,32,40,E2,85,0.44117700000001037,146.0242394,146.4654164
Acoustic Bass,32,33,A1,83,0.22727299999999673,146.50552340000002,146.7327964
Acoustic Bass,32,38,D2,90,0.4625673999999833,146.8263794,147.2889468
Acoustic Bass,32,45,A2,91,0.4491984000000002,147.3076634,147.7568618
Acoustic Bass,32,33,A1,82,0.2379681999999832,147.7889474,148.0269156
Acoustic Bass,32,38,D2,127,0.32085599999999204,148.1098034,148.4306594
Acoustic Bass,32,45,A2,127,0.6417120000000125,148.4306594,149.0723714
Acoustic Bass,32,33,A1,82,0.2780751999999893,149.0723714,149.3504466
Acoustic Bass,32,38,D2,86,0.46524120000000835,149.3932274,149.8584686
Acoustic Bass,32,45,A2,86,0.5775408000000084,149.8745114,150.4520522
Acoustic Bass,32,33,A1,88,0.25935859999998456,150.3557954,150.615154
Acoustic Bass,32,39,D#2,101,0.43850320000001375,150.6766514,151.1151546
Acoustic Bass,32,47,B2,90,0.44385079999997856,151.1579354,151.6017862
Acoustic Bass,32,42,F#2,90,0.3288774000000103,151.6392194,151.9680968
Acoustic Bass,32,40,E2,124,0.10695200000000682,151.9600754,152.0670274
Acoustic Bass,32,40,E2,125,0.1417114000000197,152.1205034,152.2622148
Acoustic Bass,32,43,G2,127,0.12834239999997976,152.4413594,152.5697018
Acoustic Bass,32,43,G2,126,0.09893059999998854,152.7595416,152.8584722
Acoustic Bass,32,45,A2,127,0.9973274000000174,152.9226434,153.91997080000002
Acoustic Bass,32,40,E2,93,0.5106957999999793,154.52692340000002,155.0376192
Acoustic Bass,32,47,B2,86,0.4973267999999962,155.0082074,155.5055342
Acoustic Bass,32,40,E2,84,0.31016080000000557,155.4894914,155.7996522
Acoustic Bass,32,45,A2,87,0.4572197999999901,155.8103474,156.2675672
Acoustic Bass,32,40,E2,80,0.5053482000000145,156.2916314,156.79697960000001
Acoustic Bass,32,33,A1,83,0.19518739999998047,156.77291540000002,156.9681028
Acoustic Bass,32,38,D2,127,0.10160439999998516,157.0937714,157.1953758
Acoustic Bass,32,38,D2,125,0.1310162000000048,157.2541994,157.3852156
Acoustic Bass,32,38,D2,127,0.09625680000002035,157.5750554,157.67131220000002
Acoustic Bass,32,38,D2,127,0.11764720000002171,157.7354834,157.85313060000001
Acoustic Bass,32,39,D#2,127,1.205883799999981,158.0563394,159.2622232
Acoustic Bass,32,39,D#2,127,0.13636379999999804,159.3397634,159.4761272
Acoustic Bass,32,38,D2,80,0.40107000000000426,159.6606194,160.0616894
Acoustic Bass,32,45,A2,81,0.443850800000007,160.1419034,160.5857542
Acoustic Bass,32,38,D2,84,0.21657780000001026,160.6231874,160.83976520000002
Acoustic Bass,32,39,D#2,99,0.4304817999999955,160.9440434,161.3745252
Acoustic Bass,32,47,B2,85,0.37433199999998124,161.42532740000001,161.7996594
Acoustic Bass,32,42,F#2,86,0.28074900000001435,161.9066114,162.18736040000002
Acoustic Bass,32,40,E2,82,0.4866316000000097,162.2274674,162.714099
Acoustic Bass,32,47,B2,77,0.4625673999999833,162.7087514,163.1713188
Acoustic Bass,32,40,E2,75,0.2513371999999947,163.1900354,163.4413726
Acoustic Bass,32,45,A2,83,0.4973268000000246,163.5108914,164.00821820000002
Acoustic Bass,32,40,E2,85,0.45187219999999684,163.9921754,164.4440476
Acoustic Bass,32,33,A1,89,0.2914442000000008,164.4734594,164.7649036
Acoustic Bass,32,40,E2,93,0.5080219999999827,164.79431540000002,165.3023374
Acoustic Bass,32,47,B2,86,0.46791500000000497,165.2755994,165.7435144
Acoustic Bass,32,40,E2,85,0.2914442000000008,165.7568834,166.0483276
Acoustic Bass,32,45,A2,89,0.4705888000000016,166.0777394,166.54832820000001
Acoustic Bass,32,40,E2,85,0.44117700000001037,166.5590234,167.0002004
Acoustic Bass,32,33,A1,83,0.22727300000002515,167.0403074,167.2675804
Acoustic Bass,32,38,D2,90,0.4625673999999833,167.3611634,167.8237308
Acoustic Bass,32,45,A2,91,0.4491984000000002,167.8424474,168.2916458
Acoustic Bass,32,33,A1,82,0.2379681999999832,168.3237314,168.5616996
Acoustic Bass,32,38,D2,127,0.32085599999999204,168.6445874,168.9654434
Acoustic Bass,32,45,A2,127,0.6417120000000125,168.9654434,169.6071554
Acoustic Bass,32,33,A1,82,0.2780751999999893,169.6071554,169.8852306
Acoustic Bass,32,38,D2,86,0.46524120000000835,169.9280114,170.3932526
Acoustic Bass,32,45,A2,86,0.5775408000000084,170.4092954,170.9868362
Acoustic Bass,32,33,A1,88,0.25935859999998456,170.8905794,171.149938
Acoustic Bass,32,39,D#2,101,0.43850320000001375,171.2114354,171.6499386
Acoustic Bass,32,47,B2,90,0.44385079999997856,171.69271940000002,172.1365702
Acoustic Bass,32,42,F#2,90,0.3288774000000103,172.1740034,172.5028808
Acoustic Bass,32,40,E2,124,0.10695200000000682,172.4948594,172.6018114
Acoustic Bass,32,40,E2,125,0.1417114000000197,172.6552874,172.7969988
Acoustic Bass,32,43,G2,127,0.12834239999997976,172.9761434,173.1044858
Acoustic Bass,32,43,G2,126,0.09893059999998854,173.2943256,173.3932562
Acoustic Bass,32,45,A2,127,0.997327399999989,173.4574274,174.4547548
Acoustic Bass,32,40,E2,93,0.5106957999999793,175.06170740000002,175.5724032
Acoustic Bass,32,47,B2,86,0.4973267999999962,175.5429914,176.0403182
Acoustic Bass,32,40,E2,84,0.31016080000000557,176.0242754,176.3344362
Acoustic Bass,32,45,A2,87,0.4572197999999901,176.3451314,176.8023512
Acoustic Bass,32,40,E2,80,0.5053482000000145,176.8264154,177.33176360000002
Acoustic Bass,32,33,A1,83,0.1951874000000089,177.3076994,177.5028868
Acoustic Bass,32,38,D2,91,0.4652411999999799,177.6285554,178.0937966
Acoustic Bass,32,42,F#2,69,0.47861019999999144,178.1098394,178.5884496
Acoustic Bass,32,46,A#2,127,0.6443857999999807,178.59112340000001,179.2355092
Acoustic Bass,32,44,G#2,84,0.2914442000000008,179.2328354,179.5242796
Acoustic Bass,32,41,F2,100,0.2754014000000211,179.5536914,179.8290928
Acoustic Bass,32,38,D2,106,0.2620323999999812,179.8745474,180.1365798
Acoustic Bass,32,39,D#2,80,0.40107000000000426,180.1954034,180.5964734
Acoustic Bass,32,46,A#2,81,0.443850800000007,180.6766874,181.1205382
Acoustic Bass,32,39,D#2,84,0.21657779999998183,181.1579714,181.3745492
Acoustic Bass,32,40,E2,99,0.4304817999999955,181.4788274,181.9093092
Acoustic Bass,32,48,C3,85,0.37433199999998124,181.96011140000002,182.3344434
Acoustic Bass,32,43,G2,86,0.2807489999999859,182.4413954,182.7221444
Acoustic Bass,32,41,F2,82,0.4866316000000097,182.7622514,183.248883
Acoustic Bass,32,48,C3,77,0.4625673999999833,183.2435354,183.7061028
Acoustic Bass,32,41,F2,75,0.2513371999999947,183.7248194,183.9761566
Acoustic Bass,32,46,A#2,83,0.4973267999999962,184.0456754,184.5430022
Acoustic Bass,32,41,F2,85,0.45187219999999684,184.5269594,184.9788316
Acoustic Bass,32,34,A#1,89,0.2914442000000008,185.0082434,185.2996876
Acoustic Bass,32,41,F2,93,0.5080220000000111,185.3290994,185.8371214
Acoustic Bass,32,48,C3,86,0.46791500000000497,185.8103834,186.2782984
Acoustic Bass,32,41,F2,85,0.2914442000000008,186.2916674,186.5831116
Acoustic Bass,32,46,A#2,89,0.4705888000000016,186.61252340000001,187.08311220000002
Acoustic Bass,32,41,F2,85,0.44117700000001037,187.0938074,187.5349844
Acoustic Bass,32,34,A#1,83,0.22727300000002515,187.5750914,187.80236440000002
Acoustic Bass,32,39,D#2,90,0.4625673999999833,187.8959474,188.3585148
Acoustic Bass,32,46,A#2,91,0.4491984000000002,188.3772314,188.8264298
Acoustic Bass,32,34,A#1,82,0.2379681999999832,188.85851540000002,189.0964836
Acoustic Bass,32,40,E2,127,0.32085599999999204,189.1793714,189.5002274
Acoustic Bass,32,39,D#2,127,0.6417120000000125,189.5002274,190.1419394
Acoustic Bass,32,46,A#2,82,0.2780751999999893,190.1419394,190.4200146
Acoustic Bass,32,39,D#2,86,0.46524120000000835,190.4627954,190.9280366
Acoustic Bass,32,46,A#2,86,0.5775408000000084,190.9440794,191.5216202
Acoustic Bass,32,34,A#1,88,0.25935859999998456,191.4253634,191.684722
Acoustic Bass,32,40,E2,101,0.43850320000001375,191.7462194,192.18472260000001
Acoustic Bass,32,48,C3,90,0.44385079999997856,192.22750340000002,192.6713542
Acoustic Bass,32,43,G2,90,0.3288774000000103,192.7087874,193.03766480000002
Acoustic Bass,32,41,F2,89,0.4705888000000016,193.0296434,193.5002322
Acoustic Bass,32,48,C3,82,0.4705888000000016,193.5109274,193.98151620000002
Acoustic Bass,32,41,F2,77,0.2727275999999961,193.9922114,194.264939
Acoustic Bass,32,46,A#2,80,0.47593640000002324,194.3130674,194.78900380000002
Acoustic Bass,32,41,F2,86,0.443850800000007,194.7943514,195.23820220000002
Acoustic Bass,32,34,A#1,93,0.27807520000001773,195.2756354,195.55371060000002
Acoustic Bass,32,41,F2,93,0.5106958000000077,195.5964914,196.1071872
Acoustic Bass,32,48,C3,86,0.4973267999999962,196.0777754,196.5751022
Acoustic Bass,32,41,F2,84,0.31016080000000557,196.5590594,196.8692202
Acoustic Bass,32,46,A#2,87,0.4572197999999901,196.87991540000002,197.3371352
Acoustic Bass,32,41,F2,80,0.505348199999986,197.3611994,197.8665476
Acoustic Bass,32,34,A#1,83,0.1951874000000089,197.8424834,198.0376708
Acoustic Bass,32,39,D#2,99,0.3155083999999988,198.1740346,198.489543
Acoustic Bass,32,46,A#2,94,0.33155120000000693,198.462805,198.7943562
Acoustic Bass,32,48,C3,85,0.34492019999999,198.76761820000002,199.1125384
Acoustic Bass,32,40,E2,127,0.68984039999998,199.12590740000002,199.8157478
Acoustic Bass,32,45,A2,81,0.15508039999997436,199.77831460000002,199.933395
Acoustic Bass,32,42,F#2,110,0.22727299999999673,200.06975880000002,200.2970318
Acoustic Bass,32,39,D#2,108,0.2085564000000204,200.4039838,200.6125402
Acoustic Bass,32,40,E2,80,0.40107000000000426,200.7301874,201.1312574
Acoustic Bass,32,47,B2,81,0.443850800000007,201.2114714,201.6553222
Acoustic Bass,32,40,E2,84,0.21657779999998183,201.6927554,201.9093332
Acoustic Bass,32,41,F2,99,0.4304817999999955,202.0136114,202.4440932
Acoustic Bass,32,49,C#3,85,0.37433200000000966,202.4948954,202.8692274
Acoustic Bass,32,44,G#2,86,0.2807489999999859,202.9761794,203.2569284
Acoustic Bass,32,42,F#2,82,0.4866316000000097,203.2970354,203.783667
Acoustic Bass,32,49,C#3,77,0.4625673999999833,203.77831940000002,204.2408868
Acoustic Bass,32,42,F#2,75,0.2513371999999947,204.2596034,204.5109406
Acoustic Bass,32,47,B2,83,0.4973267999999962,204.5804594,205.0777862
Acoustic Bass,32,42,F#2,85,0.45187219999999684,205.0617434,205.5136156
Acoustic Bass,32,35,B1,89,0.2914442000000008,205.5430274,205.8344716
Acoustic Bass,32,42,F#2,93,0.5080220000000111,205.8638834,206.3719054
Acoustic Bass,32,49,C#3,86,0.46791500000000497,206.3451674,206.8130824
Acoustic Bass,32,42,F#2,85,0.2914442000000008,206.8264514,207.1178956
Acoustic Bass,32,47,B2,89,0.47058879999997316,207.14730740000002,207.6178962
Acoustic Bass,32,42,F#2,85,0.44117700000001037,207.6285914,208.06976840000002
Acoustic Bass,32,35,B1,83,0.22727299999999673,208.1098754,208.3371484
Acoustic Bass,32,40,E2,90,0.4625673999999833,208.4307314,208.8932988
Acoustic Bass,32,47,B2,91,0.4491984000000002,208.9120154,209.3612138
Acoustic Bass,32,35,B1,82,0.2379681999999832,209.39329940000002,209.6312676
Acoustic Bass,32,40,E2,81,0.46791500000000497,209.7141554,210.18207040000001
Acoustic Bass,32,47,B2,80,0.39839620000000764,210.1954394,210.5938356
Acoustic Bass,32,47,B2,82,0.2780751999999893,210.67672340000001,210.9547986
Acoustic Bass,32,40,E2,86,0.46524120000000835,210.9975794,211.46282060000001
Acoustic Bass,32,47,B2,86,0.5775408000000084,211.4788634,212.0564042
Acoustic Bass,32,35,B1,88,0.25935859999998456,211.9601474,212.219506
Acoustic Bass,32,41,F2,101,0.43850320000001375,212.2810034,212.71950660000002
Acoustic Bass,32,49,C#3,90,0.443850800000007,212.7622874,213.2061382
Acoustic Bass,32,44,G#2,90,0.3288774000000103,213.2435714,213.57244880000002
Acoustic Bass,32,42,F#2,89,0.4705888000000016,213.5644274,214.0350162
Acoustic Bass,32,49,C#3,82,0.4705888000000016,214.04571140000002,214.51630020000002
Acoustic Bass,32,42,F#2,77,0.2727275999999961,214.5269954,214.799723
Acoustic Bass,32,47,B2,80,0.4759363999999948,214.8478514,215.3237878
Acoustic Bass,32,42,F#2,86,0.44385079999997856,215.3291354,215.7729862
Acoustic Bass,32,35,B1,93,0.2780751999999893,215.8104194,216.0884946
Acoustic Bass,32,42,F#2,93,0.5106958000000077,216.1312754,216.6419712
Acoustic Bass,32,49,C#3,86,0.4973267999999962,216.6125594,217.1098862
Acoustic Bass,32,42,F#2,84,0.31016080000000557,217.0938434,217.4040042
Acoustic Bass,32,47,B2,87,0.4572197999999901,217.41469940000002,217.8719192
Acoustic Bass,32,42,F#2,80,0.505348199999986,217.8959834,218.4013316
Acoustic Bass,32,35,B1,83,0.1951874000000089,218.3772674,218.5724548
Acoustic Bass,32,40,E2,93,0.4572198000000185,218.71684,219.1740598
Acoustic Bass,32,44,G#2,90,0.505348199999986,219.1954502,219.7007984
Acoustic Bass,32,47,B2,87,0.17647080000000415,219.6473224,219.8237932
Acoustic Bass,32,35,B1,95,0.2754013999999927,219.9895688,220.2649702
Acoustic Bass,32,38,D2,90,0.2647062000000062,220.214168,220.4788742
Acoustic Bass,32,42,F#2,79,0.1684494000000143,220.4441148,220.6125642
Acoustic Bass,32,40,E2,82,0.2914441999999724,220.64999740000002,220.9414416
Acoustic Bass,32,35,B1,77,0.1978612000000055,220.949463,221.1473242
Acoustic Bass,32,45,A2,100,0.48128399999998805,221.2649714,221.7462554
Acoustic Bass,32,40,E2,93,0.4812840000000165,221.7462554,222.2275394
Acoustic Bass,32,33,A1,91,0.4385031999999853,222.2275394,222.6660426
Acoustic Bass,32,38,D2,98,0.48128399999998805,222.5483954,223.0296794
Acoustic Bass,32,33,A1,92,0.4812840000000165,223.0296794,223.5109634
Acoustic Bass,32,38,D2,89,0.32085599999999204,223.5109634,223.8318194
Acoustic Bass,32,40,E2,93,0.4812840000000165,223.8318194,224.31310340000002
Acoustic Bass,32,35,B1,88,0.505348199999986,224.31310340000002,224.8184516
Acoustic Bass,32,40,E2,86,0.32085599999999204,224.7943874,225.1152434
Acoustic Bass,32,37,C#2,80,0.4812840000000165,225.1152434,225.5965274
Acoustic Bass,32,44,G#2,86,0.48128399999998805,225.5965274,226.0778114
Acoustic Bass,32,37,C#2,73,0.32085599999999204,226.0778114,226.3986674
Acoustic Bass,32,42,F#2,89,0.4812840000000165,226.3986674,226.8799514
Acoustic Bass,32,37,C#2,82,0.505348199999986,226.8799514,227.3852996
Acoustic Bass,32,42,F#2,86,0.32085599999999204,227.3612354,227.6820914
Acoustic Bass,32,35,B1,89,0.4812840000000165,227.6820914,228.1633754
Acoustic Bass,32,42,F#2,88,0.48128399999998805,228.1633754,228.6446594
Acoustic Bass,32,35,B1,84,0.32085600000002046,228.6446594,228.96551540000002
Acoustic Bass,32,40,E2,95,0.45187219999999684,228.96551540000002,229.4173876
Acoustic Bass,32,47,B2,90,0.443850800000007,229.4467994,229.8906502
Acoustic Bass,32,40,E2,80,0.2754014000000211,229.9280834,230.2034848
Acoustic Bass,32,37,C#2,96,0.49197920000000295,230.2489394,230.74091860000001
Acoustic Bass,32,44,G#2,96,0.5000005999999928,230.7302234,231.230224
Acoustic Bass,32,37,C#2,83,0.2780751999999893,231.21150740000002,231.4895826
Acoustic Bass,32,42,F#2,92,0.49465299999999957,231.5323634,232.0270164
Acoustic Bass,32,37,C#2,93,0.43850320000001375,232.0136474,232.4521506
Acoustic Bass,32,42,F#2,92,0.33422500000000355,232.4949314,232.82915640000002
Acoustic Bass,32,35,B1,92,0.4465246000000036,232.8157874,233.262312
Acoustic Bass,32,42,F#2,96,0.4304818000000239,233.2970714,233.72755320000002
Acoustic Bass,32,35,B1,98,0.1978612000000055,233.7783554,233.97621660000001
Acoustic Bass,32,40,E2,111,0.35828920000000153,234.0992114,234.4575006
Acoustic Bass,32,38,D2,119,0.32352979999998865,234.58049540000002,234.9040252
Acoustic Bass,32,37,C#2,111,0.34759399999998664,235.0617794,235.4093734
Acoustic Bass,32,37,C#2,96,0.0267379999999946,235.3826354,235.4093734
Acoustic Bass,32,44,G#2,96,0.5000005999999928,235.86391940000001,236.36392
Acoustic Bass,32,37,C#2,83,0.2780751999999893,236.3452034,236.6232786
Acoustic Bass,32,42,F#2,92,0.49465299999999957,236.6660594,237.1607124
Acoustic Bass,32,37,C#2,93,0.4385031999999853,237.1473434,237.5858466
Acoustic Bass,32,42,F#2,92,0.33422500000000355,237.6286274,237.9628524
Acoustic Bass,32,42,F#2,96,0.184492199999994,238.2703394,238.4548316
Acoustic Bass,32,47,B2,99,0.38502719999999613,238.5911954,238.9762226
Acoustic Bass,32,42,F#2,102,0.1711231999999825,239.23290740000002,239.4040306
Acoustic Bass,32,42,F#2,94,0.12834240000000818,239.5537634,239.68210580000002
Acoustic Bass,32,35,B1,103,0.2219254000000035,239.7141914,239.9361168
Acoustic Bass,32,37,C#2,96,0.49197920000000295,240.5163314,241.00831060000002
Acoustic Bass,32,44,G#2,96,0.5000005999999928,240.9976154,241.497616
Acoustic Bass,32,37,C#2,83,0.2780751999999893,241.47889940000002,241.7569746
Acoustic Bass,32,42,F#2,92,0.49465299999999957,241.7997554,242.2944084
Acoustic Bass,32,37,C#2,93,0.43850320000001375,242.2810394,242.7195426
Acoustic Bass,32,42,F#2,92,0.33422500000000355,242.7623234,243.09654840000002
Acoustic Bass,32,35,B1,92,0.4465246000000036,243.0831794,243.529704
Acoustic Bass,32,42,F#2,96,0.4304818000000239,243.5644634,243.99494520000002
Acoustic Bass,32,35,B1,98,0.1978612000000055,244.0457474,244.24360860000002
Acoustic Bass,32,40,E2,111,0.35828920000000153,244.3666034,244.7248926
Acoustic Bass,32,38,D2,119,0.3235298000000171,244.8478874,245.1714172
Acoustic Bass,32,37,C#2,111,0.34759399999998664,245.3291714,245.6767654
Acoustic Bass,32,37,C#2,96,0.0267379999999946,245.6500274,245.6767654
Acoustic Bass,32,44,G#2,96,0.5000005999999928,246.13131140000002,246.631312
Acoustic Bass,32,37,C#2,83,0.2780751999999893,246.6125954,246.8906706
Acoustic Bass,32,42,F#2,92,0.49465299999999957,246.9334514,247.4281044
Acoustic Bass,32,37,C#2,93,0.4385031999999853,247.4147354,247.8532386
Acoustic Bass,32,42,F#2,92,0.33422500000000355,247.8960194,248.2302444
Acoustic Bass,32,35,B1,92,0.4465246000000036,248.2168754,248.6634
Acoustic Bass,32,42,F#2,96,0.4304817999999955,248.6981594,249.1286412
Acoustic Bass,32,35,B1,98,0.1978612000000055,249.1794434,249.3773046
Acoustic Bass,32,40,E2,95,0.45187219999999684,249.50029940000002,249.9521716
Acoustic Bass,32,47,B2,90,0.443850800000007,249.9815834,250.4254342
Acoustic Bass,32,40,E2,80,0.2754014000000211,250.4628674,250.73826880000001
Acoustic Bass,32,37,C#2,96,0.49197920000000295,250.7837234,251.27570260000002
Acoustic Bass,32,44,G#2,96,0.5000005999999928,251.2650074,251.765008
Acoustic Bass,32,37,C#2,83,0.2780751999999893,251.74629140000002,252.0243666
Acoustic Bass,32,42,F#2,92,0.49465299999999957,252.0671474,252.5618004
Acoustic Bass,32,37,C#2,93,0.43850320000001375,252.5484314,252.9869346
Acoustic Bass,32,42,F#2,92,0.33422500000000355,253.02971540000001,253.36394040000002
Acoustic Bass,32,35,B1,92,0.4465246000000036,253.3505714,253.797096
Acoustic Bass,32,42,F#2,96,0.4304817999999955,253.8318554,254.2623372
Acoustic Bass,32,35,B1,98,0.1978612000000055,254.3131394,254.51100060000002
Acoustic Bass,32,40,E2,111,0.35828920000000153,254.6339954,254.9922846
Acoustic Bass,32,38,D2,119,0.3235298000000171,255.1152794,255.4388092
Acoustic Bass,32,37,C#2,111,0.34759399999998664,255.5965634,255.9441574
Acoustic Bass,32,37,C#2,96,0.0267379999999946,255.9174194,255.9441574
Acoustic Bass,32,44,G#2,96,0.5000006000000212,256.3987034,256.898704
Acoustic Bass,32,35,B1,105,0.09625680000004877,257.8425554,257.93881220000003
Acoustic Bass,32,35,B1,109,0.09893060000001697,258.0029834,258.101914
Acoustic Bass,32,35,B1,99,0.09625679999999193,258.16341140000003,258.2596682
Acoustic Bass,32,35,B1,115,0.8181827999999882,258.3238394,259.1420222
Acoustic Bass,32,37,C#2,96,0.49197920000000295,259.7676914,260.2596706
Acoustic Bass,32,44,G#2,96,0.5000006000000212,260.2489754,260.748976
Acoustic Bass,32,37,C#2,83,0.2780751999999893,260.7302594,261.0083346
Acoustic Bass,32,42,F#2,92,0.49465299999997114,261.0511154,261.5457684
Acoustic Bass,32,37,C#2,93,0.4385031999999569,261.53239940000003,261.9709026
Acoustic Bass,32,42,F#2,92,0.33422500000000355,262.0136834,262.3479084
Acoustic Bass,32,35,B1,92,0.446524600000032,262.3345394,262.781064
Acoustic Bass,32,42,F#2,96,0.4304817999999955,262.8158234,263.2463052
Acoustic Bass,32,35,B1,98,0.1978611999999771,263.2971074,263.4949686
Acoustic Bass,32,40,E2,111,0.35828920000000153,263.6179634,263.9762526
Acoustic Bass,32,38,D2,119,0.32352979999996023,264.0992474,264.4227772
Acoustic Bass,32,37,C#2,111,0.34759400000001506,264.5805314,264.9281254
Acoustic Bass,32,37,C#2,96,0.026737999999966178,264.90138740000003,264.9281254
Acoustic Bass,32,44,G#2,96,0.5000006000000212,265.3826714,265.882672
Acoustic Bass,32,37,C#2,83,0.2780751999999893,265.8639554,266.1420306
Acoustic Bass,32,42,F#2,92,0.494653000000028,266.1848114,266.67946440000003
Acoustic Bass,32,37,C#2,93,0.43850320000001375,266.6660954,267.10459860000003
Acoustic Bass,32,42,F#2,92,0.33422500000000355,267.1473794,267.4816044
Acoustic Bass,32,35,B1,92,0.4465245999999752,267.4682354,267.91476
Acoustic Bass,32,42,F#2,96,0.4304817999999955,267.9495194,268.3800012
Acoustic Bass,32,35,B1,98,0.1978611999999771,268.4308034,268.6286646
Acoustic Bass,32,40,E2,95,0.45187220000002526,268.7516594,269.2035316
Acoustic Bass,32,47,B2,90,0.443850800000007,269.2329434,269.6767942
Acoustic Bass,32,40,E2,80,0.27540139999996427,269.7142274,269.9896288
Acoustic Bass,32,37,C#2,96,0.49197920000000295,270.0350834,270.5270626
Acoustic Bass,32,44,G#2,96,0.5000006000000212,270.5163674,271.016368
Acoustic Bass,32,37,C#2,83,0.2780751999999893,270.9976514,271.2757266
Acoustic Bass,32,42,F#2,92,0.494653000000028,271.3185074,271.8131604
Acoustic Bass,32,37,C#2,93,0.43850320000001375,271.7997914,272.2382946
Acoustic Bass,32,42,F#2,92,0.33422500000000355,272.2810754,272.6153004
Acoustic Bass,32,35,B1,92,0.4465245999999752,272.6019314,273.048456
Acoustic Bass,32,42,F#2,96,0.4304817999999955,273.08321540000003,273.5136972
Acoustic Bass,32,35,B1,98,0.19786120000003393,273.5644994,273.7623606
Acoustic Bass,32,40,E2,111,0.35828920000000153,273.8853554,274.2436446
Acoustic Bass,32,38,D2,119,0.3235298000000171,274.3666394,274.6901692
Acoustic Bass,32,37,C#2,111,0.34759400000001506,274.8479234,275.1955174
Acoustic Bass,32,37,C#2,96,0.02673800000002302,275.1687794,275.1955174
Acoustic Bass,32,44,G#2,96,0.5000005999999644,275.6500634,276.150064
Acoustic Bass,32,37,C#2,83,0.27807520000004615,276.1313474,276.4094226
Acoustic Bass,32,42,F#2,92,0.49465299999997114,276.45220340000003,276.9468564
Acoustic Bass,32,37,C#2,93,0.43850320000001375,276.9334874,277.3719906
Acoustic Bass,32,42,F#2,92,0.33422500000000355,277.4147714,277.7489964
Acoustic Bass,32,35,B1,92,0.446524600000032,277.7356274,278.18215200000003
Acoustic Bass,32,42,F#2,96,0.4304817999999955,278.2169114,278.6473932
Acoustic Bass,32,35,B1,98,0.1978611999999771,278.69819540000003,278.8960566
Acoustic Bass,32,40,E2,95,0.4518721999999684,279.0190514,279.4709236
Acoustic Bass,32,47,B2,90,0.443850800000007,279.5003354,279.9441862
Acoustic Bass,32,40,E2,80,0.2754014000000211,279.9816194,280.2570208
Acoustic Bass,32,39,D#2,91,0.4491984000000002,280.3024754,280.7516738
Acoustic Bass,32,42,F#2,111,0.47058879999997316,280.7837594,281.2543482
Acoustic Bass,32,54,F#3,109,0.31283459999997376,281.2650434,281.577878
Acoustic Bass,32,54,F#3,95,0.06951880000002575,281.7463274,281.8158462
Acoustic Bass,32,54,F#3,92,0.17112319999995407,282.06718340000003,282.2383066
Acoustic Bass,32,42,F#2,87,0.1711232000000109,282.2276114,282.3987346
Acoustic Bass,32,54,F#3,88,0.10160439999998516,282.3880394,282.4896438
Acoustic Bass,32,54,F#3,84,0.08823539999997365,282.7088954,282.7971308
Acoustic Bass,32,41,F2,93,0.48930540000003475,282.8693234,283.3586288
Acoustic Bass,32,53,F3,98,0.42513420000000224,283.3506074,283.7757416
Acoustic Bass,32,48,C3,88,0.2486633999999981,283.8318914,284.0805548
Acoustic Bass,32,41,F2,85,0.47593640000002324,284.1527474,284.62868380000003
Acoustic Bass,32,53,F3,98,0.40107000000000426,284.6340314,285.03510140000003
Acoustic Bass,32,48,C3,75,0.2620324000000096,285.1153154,285.3773478
Acoustic Bass,32,41,F2,90,0.43582940000004555,285.4361714,285.8720008
Acoustic Bass,32,53,F3,97,0.3796796000000313,285.9174554,286.297135
Acoustic Bass,32,48,C3,75,0.2914442000000008,286.3987394,286.6901836
Acoustic Bass,32,41,F2,91,0.3903748000000178,286.7195954,287.1099702
Acoustic Bass,32,53,F3,102,0.4090913999999657,287.2008794,287.6099708
Acoustic Bass,32,48,C3,87,0.21123020000004544,287.6821634,287.8933936
Acoustic Bass,32,39,D#2,96,0.13636379999996961,288.0030194,288.1393832
Acoustic Bass,32,41,F2,84,0.14973280000003797,288.1634474,288.31318020000003
Acoustic Bass,32,43,G2,80,0.16310179999999264,288.3238754,288.4869772
Acoustic Bass,32,44,G#2,92,0.1577541999999994,288.4843034,288.6420576
Acoustic Bass,32,46,A#2,88,0.16844939999998587,288.6447314,288.8131808
Acoustic Bass,32,50,D3,81,0.16844940000004271,288.8051594,288.9736088
Acoustic Bass,32,51,D#3,93,0.1577541999999994,288.9655874,289.1233416
Accordion,21,81,A5,103,0.12834240000000108,15.4572378,15.5855802
Accordion,21,79,G5,103,0.11497340000000023,15.7433344,15.8583078
Accordion,21,81,A5,103,0.10160439999999937,15.935848,16.0374524
Accordion,21,81,A5,103,0.10427819999999954,16.1524258,16.256704
Accordion,21,79,G5,103,0.09358299999999886,16.3984154,16.4919984
Accordion,21,81,A5,103,0.11497340000000023,16.6016242,16.7165976
Accordion,21,79,G5,104,0.08556159999999835,16.8476138,16.9331754
Accordion,21,81,A5,104,0.10962579999999988,17.0481488,17.1577746
Accordion,21,79,G5,104,0.06417119999999699,17.3556358,17.419807
Accordion,21,81,A5,104,0.12299480000000074,17.64708,17.7700748
Accordion,21,83,B5,104,0.1443852000000021,17.8262246,17.970609800000002
Accordion,21,79,G5,104,0.09625679999999903,18.114995,18.2112518
Accordion,21,81,A5,104,0.13101620000000125,18.3101824,18.4411986
Accordion,21,79,G5,104,0.12299479999999718,20.254035000000002,20.3770298
Accordion,21,81,A5,104,0.1443852000000021,20.4358534,20.5802386
Accordion,21,79,G5,104,0.1363638000000016,20.6524312,20.788795
Accordion,21,81,A5,104,0.10160440000000293,20.8797042,20.981308600000002
Accordion,21,81,A5,105,0.12032100000000057,21.189865,21.310186
Accordion,21,79,G5,105,0.10695199999999971,21.510721,21.617673
Accordion,21,81,A5,105,0.12299480000000074,21.6764966,21.7994914
Accordion,21,79,G5,105,0.10695199999999971,21.8930744,22.0000264
Accordion,21,81,A5,105,0.10695199999999971,22.165802,22.272754
Accordion,21,79,G5,105,0.09893060000000276,22.500027,22.598957600000002
Accordion,21,84,C6,105,0.1497327999999989,22.7968188,22.9465516
Accordion,21,83,B5,105,0.2754013999999998,22.9759634,23.2513648
Accordion,21,79,G5,105,0.12032099999999701,23.26206,23.382381
Accordion,21,81,A5,105,0.45721980000000073,23.4438784,23.9010982
Accordion,21,79,G5,106,0.1390375999999982,25.3797096,25.5187472
Accordion,21,81,A5,106,0.15508039999999923,25.550832800000002,25.7059132
Accordion,21,79,G5,106,0.10695199999999971,25.7834534,25.8904054
Accordion,21,72,C5,106,0.09625679999999903,26.042812,26.1390688
Accordion,21,72,C5,106,0.17379700000000042,26.363668,26.537465
Accordion,21,79,G5,106,0.14705899999999872,26.6470908,26.7941498
Accordion,21,81,A5,106,0.16844940000000008,26.8502996,27.018749
Accordion,21,79,G5,106,0.0855616000000019,27.0668774,27.152439
Accordion,21,73,C#5,106,0.10160440000000293,27.3422788,27.443883200000002
Accordion,21,73,C#5,106,0.14171139999999838,27.6577872,27.7994986
Accordion,21,79,G5,106,0.1443852000000021,27.9599266,28.1043118
Accordion,21,81,A5,106,0.2834228000000003,28.1577878,28.4412106
Accordion,21,79,G5,106,0.1577541999999994,28.4144726,28.5722268
Accordion,21,74,D5,106,0.13101620000000125,28.623029,28.7540452
Accordion,21,79,G5,107,0.14973280000000244,30.5294484,30.679181200000002
Accordion,21,81,A5,107,0.1577541999999994,30.7112668,30.869021
Accordion,21,79,G5,107,0.11497340000000023,30.9251708,31.0401442
Accordion,21,81,A5,107,0.08823540000000207,31.1925508,31.2807862
Accordion,21,81,A5,107,0.10962579999999988,31.4946902,31.604316
Accordion,21,79,G5,107,0.10962579999999988,31.7834606,31.8930864
Accordion,21,81,A5,107,0.1310161999999977,31.978648,32.1096642
Accordion,21,79,G5,107,0.10427819999999599,32.2353328,32.339611
Accordion,21,81,A5,107,0.09893059999999565,32.459932,32.5588626
Accordion,21,81,A5,107,0.09625680000000614,32.7727666,32.8690234
Accordion,21,79,G5,107,0.10160439999999937,33.0775798,33.1791842
Accordion,21,81,A5,107,0.10695199999999971,33.395762,33.502714
Accordion,21,79,G5,108,0.12834240000000108,33.5722328,33.7005752
Accordion,21,81,A5,108,0.24331580000000486,33.8957626,34.1390784
Accordion,21,81,A5,108,0.12834239999999397,35.9920218,36.1203642
Accordion,21,79,G5,108,0.11497339999999667,36.278118400000004,36.3930918
Accordion,21,81,A5,108,0.10160439999999937,36.470632,36.5722364
Accordion,21,81,A5,108,0.1042782000000031,36.6872098,36.791488
Accordion,21,79,G5,108,0.09358300000000241,36.9331994,37.0267824
Accordion,21,81,A5,108,0.11497340000000378,37.1364082,37.2513816
Accordion,21,79,G5,108,0.08556159999999835,37.3823978,37.4679594
Accordion,21,81,A5,108,0.10962579999999633,37.5829328,37.6925586
Accordion,21,79,G5,109,0.06417119999999699,37.890419800000004,37.954591
Accordion,21,81,A5,109,0.12299480000000074,38.181864,38.3048588
Accordion,21,83,B5,109,0.1443852000000021,38.3610086,38.5053938
Accordion,21,79,G5,109,0.09625679999999903,38.649779,38.7460358
Accordion,21,81,A5,109,0.1310161999999977,38.844966400000004,38.9759826
Accordion,21,79,G5,109,0.12299479999999363,40.788819000000004,40.9118138
Accordion,21,81,A5,109,0.1443852000000021,40.9706374,41.1150226
Accordion,21,79,G5,109,0.13636379999999804,41.187215200000004,41.323579
Accordion,21,81,A5,109,0.10160439999999937,41.4144882,41.5160926
Accordion,21,81,A5,109,0.12032100000000412,41.724649,41.84497
Accordion,21,79,G5,110,0.10695199999999971,42.045505,42.152457
Accordion,21,81,A5,110,0.12299480000000074,42.2112806,42.3342754
Accordion,21,79,G5,110,0.10695199999999971,42.4278584,42.5348104
Accordion,21,81,A5,110,0.10695199999999971,42.700586,42.807538
Accordion,21,79,G5,110,0.09893060000000276,43.034811,43.1337416
Accordion,21,84,C6,110,0.14973280000000244,43.3316028,43.4813356
Accordion,21,83,B5,110,0.2754013999999998,43.5107474,43.7861488
Accordion,21,79,G5,110,0.12032100000000412,43.796844,43.917165000000004
Accordion,21,81,A5,110,0.4572198000000043,43.9786624,44.4358822
Accordion,21,76,E5,110,0.10160439999999937,44.5936364,44.6952408
Accordion,21,79,G5,110,0.13903760000000176,45.9144936,46.0535312
Accordion,21,81,A5,111,0.15508039999999568,46.085616800000004,46.2406972
Accordion,21,79,G5,111,0.10695199999999971,46.3182374,46.4251894
Accordion,21,72,C5,111,0.09625679999999903,46.577596,46.6738528
Accordion,21,72,C5,111,0.17379700000000042,46.898452,47.072249
Accordion,21,79,G5,111,0.14705899999999872,47.1818748,47.3289338
Accordion,21,81,A5,111,0.16844940000000008,47.3850836,47.553533
Accordion,21,79,G5,111,0.08556160000000546,47.6016614,47.687223
Accordion,21,73,C#5,111,0.10160440000000648,47.8770628,47.978667200000004
Accordion,21,73,C#5,111,0.14171139999999838,48.1925712,48.3342826
Accordion,21,79,G5,111,0.1443852000000021,48.4947106,48.6390958
Accordion,21,81,A5,111,0.28342279999999676,48.6925718,48.9759946
Accordion,21,79,G5,111,0.1577541999999994,48.9492566,49.1070108
Accordion,21,74,D5,111,0.1310161999999977,49.157813000000004,49.2888292
Accordion,21,79,G5,112,0.14973280000000244,51.0642324,51.213965200000004
Accordion,21,81,A5,112,0.1577541999999994,51.2460508,51.403805
Accordion,21,79,G5,112,0.11497340000000378,51.4599548,51.5749282
Accordion,21,81,A5,112,0.08823540000000207,51.7273348,51.8155702
Accordion,21,81,A5,112,0.10962579999999633,52.0294742,52.1391
Accordion,21,79,G5,112,0.10962580000000344,52.3182446,52.4278704
Accordion,21,81,A5,112,0.1310161999999977,52.513432,52.6444482
Accordion,21,79,G5,112,0.10427819999999599,52.770116800000004,52.874395
Accordion,21,81,A5,112,0.09893059999999565,52.994716000000004,53.0936466
Accordion,21,81,A5,112,0.09625679999999903,53.3075506,53.4038074
Accordion,21,79,G5,112,0.10160439999999937,53.612363800000004,53.713968200000004
Accordion,21,81,A5,112,0.10695199999999971,53.930546,54.037498
Accordion,21,79,G5,112,0.12834239999999397,54.107016800000004,54.2353592
Accordion,21,81,A5,113,0.14973280000000244,54.4305466,54.5802794
Accordion,21,76,E5,127,0.17379700000000042,54.759424,54.933221
Accordion,21,81,A5,113,0.12834240000000108,56.5268058,56.6551482
Accordion,21,79,G5,113,0.11497340000000378,56.8129024,56.9278758
Accordion,21,81,A5,113,0.10160439999999937,57.005416000000004,57.1070204
Accordion,21,81,A5,113,0.1042782000000031,57.2219938,57.326272
Accordion,21,79,G5,113,0.09358300000000241,57.4679834,57.561566400000004
Accordion,21,81,A5,113,0.11497340000000378,57.6711922,57.786165600000004
Accordion,21,79,G5,113,0.08556159999999835,57.9171818,58.0027434
Accordion,21,81,A5,113,0.10962579999999633,58.117716800000004,58.2273426
Accordion,21,79,G5,113,0.06417120000000409,58.4252038,58.489375
Accordion,21,81,A5,114,0.12299480000000074,58.716648,58.8396428
Accordion,21,83,B5,114,0.1443852000000021,58.8957926,59.0401778
Accordion,21,79,G5,114,0.09625679999999903,59.184563000000004,59.2808198
Accordion,21,81,A5,114,0.1310162000000048,59.3797504,59.510766600000004
Accordion,21,79,G5,114,0.12299480000000074,61.323603,61.4465978
Accordion,21,81,A5,114,0.144385199999995,61.5054214,61.6498066
Accordion,21,79,G5,114,0.13636380000000514,61.7219992,61.858363000000004
Accordion,21,81,A5,114,0.10160439999999937,61.9492722,62.0508766
Accordion,21,81,A5,114,0.12032099999999701,62.259433,62.379754
Accordion,21,79,G5,114,0.10695199999999971,62.580289,62.687241
Accordion,21,81,A5,115,0.12299479999999363,62.746064600000004,62.8690594
Accordion,21,79,G5,115,0.10695199999999971,62.9626424,63.0695944
Accordion,21,81,A5,115,0.10695199999999971,63.23537,63.342322
Accordion,21,79,G5,115,0.09893060000000276,63.569595,63.6685256
Accordion,21,84,C6,115,0.14973279999999534,63.8663868,64.0161196
Accordion,21,83,B5,115,0.2754013999999927,64.0455314,64.3209328
Accordion,21,79,G5,115,0.12032100000000412,64.331628,64.451949
Accordion,21,81,A5,115,0.4572197999999901,64.5134464,64.9706662
Accordion,21,76,E5,115,0.10160439999999937,65.1284204,65.2300248
Accordion,21,79,G5,115,0.13903759999999465,66.4492776,66.5883152
Accordion,21,81,A5,115,0.15508040000000278,66.6204008,66.7754812
Accordion,21,79,G5,116,0.10695199999999261,66.8530214,66.9599734
Accordion,21,72,C5,116,0.09625680000000614,67.11238,67.20863680000001
Accordion,21,72,C5,116,0.17379699999999332,67.43323600000001,67.607033
Accordion,21,79,G5,116,0.14705899999999872,67.7166588,67.8637178
Accordion,21,81,A5,116,0.16844940000000008,67.9198676,68.088317
Accordion,21,79,G5,116,0.08556160000000546,68.1364454,68.222007
Accordion,21,73,C#5,116,0.10160439999999937,68.4118468,68.5134512
Accordion,21,73,C#5,116,0.14171139999999127,68.7273552,68.8690666
Accordion,21,79,G5,116,0.1443851999999879,69.0294946,69.1738798
Accordion,21,81,A5,116,0.28342279999999676,69.2273558,69.5107786
Accordion,21,79,G5,116,0.1577541999999994,69.4840406,69.6417948
Accordion,21,74,D5,116,0.1310161999999906,69.692597,69.8236132
Accordion,21,79,G5,117,0.14973280000000955,71.5990164,71.7487492
Accordion,21,81,A5,117,0.1577541999999994,71.78083480000001,71.93858900000001
Accordion,21,79,G5,117,0.11497339999999667,71.99473880000001,72.1097122
Accordion,21,81,A5,117,0.08823540000000207,72.2621188,72.3503542
Accordion,21,81,A5,117,0.10962580000000344,72.5642582,72.673884
Accordion,21,79,G5,117,0.10962580000000344,72.8530286,72.9626544
Accordion,21,81,A5,117,0.1310162000000048,73.048216,73.1792322
Accordion,21,79,G5,117,0.10427819999999599,73.3049008,73.409179
Accordion,21,81,A5,117,0.09893060000000276,73.5295,73.6284306
Accordion,21,81,A5,117,0.09625680000000614,73.8423346,73.9385914
Accordion,21,79,G5,117,0.10160439999999937,74.1471478,74.2487522
Accordion,21,81,A5,117,0.10695200000000682,74.46533,74.572282
Accordion,21,79,G5,117,0.12834240000000818,74.6418008,74.7701432
Accordion,21,81,A5,117,0.24331580000000486,74.9653306,75.2086464
Accordion,21,81,A5,118,0.12834239999999397,77.06158980000001,77.1899322
Accordion,21,79,G5,118,0.11497339999999667,77.3476864,77.4626598
Accordion,21,81,A5,118,0.10160439999999937,77.5402,77.6418044
Accordion,21,81,A5,118,0.1042782000000102,77.7567778,77.861056
Accordion,21,79,G5,118,0.09358300000000952,78.0027674,78.0963504
Accordion,21,81,A5,118,0.11497340000001088,78.2059762,78.3209496
Accordion,21,79,G5,118,0.08556160000000546,78.4519658,78.5375274
Accordion,21,81,A5,118,0.10962580000000344,78.6525008,78.7621266
Accordion,21,79,G5,118,0.06417119999998988,78.95998780000001,79.024159
Accordion,21,81,A5,118,0.12299479999998653,79.25143200000001,79.3744268
Accordion,21,83,B5,119,0.1443852000000021,79.4305766,79.5749618
Accordion,21,79,G5,119,0.09625680000000614,79.719347,79.8156038
Accordion,21,81,A5,119,0.1310161999999906,79.91453440000001,80.0455506
Accordion,21,79,G5,119,0.12299480000000074,81.85838700000001,81.98138180000001
Accordion,21,81,A5,119,0.1443852000000021,82.0402054,82.1845906
Accordion,21,79,G5,119,0.13636379999999804,82.2567832,82.393147
Accordion,21,81,A5,119,0.10160439999999937,82.4840562,82.5856606
Accordion,21,81,A5,119,0.12032100000000412,82.794217,82.91453800000001
Accordion,21,79,G5,119,0.10695200000000682,83.115073,83.222025
Accordion,21,81,A5,119,0.12299480000000074,83.2808486,83.4038434
Accordion,21,79,G5,119,0.10695200000000682,83.4974264,83.6043784
Accordion,21,81,A5,120,0.10695199999999261,83.770154,83.877106
Accordion,21,79,G5,120,0.09893060000000276,84.104379,84.2033096
Accordion,21,84,C6,120,0.14973279999999534,84.4011708,84.5509036
Accordion,21,83,B5,120,0.2754013999999927,84.5803154,84.8557168
Accordion,21,79,G5,120,0.12032100000000412,84.866412,84.986733
Accordion,21,81,A5,120,0.4572197999999901,85.04823040000001,85.5054502
Accordion,21,76,E5,120,0.10160439999999937,85.6632044,85.7648088
Accordion,21,79,G5,120,0.13903759999999465,86.9840616,87.1230992
Accordion,21,81,A5,120,0.15508040000000278,87.1551848,87.3102652
Accordion,21,79,G5,120,0.10695199999999261,87.3878054,87.4947574
Accordion,21,72,C5,120,0.09625679999999193,87.647164,87.7434208
Accordion,21,72,C5,121,0.17379700000000753,87.96802,88.141817
Accordion,21,79,G5,121,0.14705899999999872,88.2514428,88.3985018
Accordion,21,81,A5,121,0.16844940000000008,88.4546516,88.623101
Accordion,21,79,G5,121,0.08556160000000546,88.6712294,88.756791
Accordion,21,73,C#5,121,0.10160439999999937,88.94663080000001,89.04823520000001
Accordion,21,73,C#5,121,0.14171139999999127,89.26213920000001,89.4038506
Accordion,21,79,G5,121,0.1443851999999879,89.56427860000001,89.7086638
Accordion,21,81,A5,121,0.28342279999999676,89.7621398,90.0455626
Accordion,21,79,G5,121,0.1577541999999994,90.0188246,90.1765788
Accordion,21,74,D5,121,0.1310161999999906,90.22738100000001,90.3583972
Accordion,21,79,G5,122,0.14973280000000955,92.1338004,92.28353320000001
Accordion,21,81,A5,122,0.1577541999999994,92.3156188,92.473373
Accordion,21,79,G5,122,0.11497340000001088,92.5295228,92.6444962
Accordion,21,81,A5,122,0.08823540000000207,92.7969028,92.8851382
Accordion,21,81,A5,122,0.10962580000000344,93.0990422,93.208668
Accordion,21,79,G5,122,0.10962580000000344,93.3878126,93.49743840000001
Accordion,21,81,A5,122,0.1310162000000048,93.583,93.7140162
Accordion,21,79,G5,122,0.10427819999999599,93.8396848,93.943963
Accordion,21,81,A5,122,0.09893060000000276,94.064284,94.1632146
Accordion,21,81,A5,122,0.09625679999999193,94.3771186,94.4733754
Accordion,21,79,G5,122,0.10160439999999937,94.6819318,94.7835362
Accordion,21,81,A5,122,0.10695200000000682,95.000114,95.107066
Accordion,21,79,G5,122,0.12834240000000818,95.1765848,95.30492720000001
Accordion,21,81,A5,122,0.24331580000000486,95.5001146,95.74343040000001
Accordion,21,82,A#5,123,0.12834240000000818,97.5963738,97.7247162
Accordion,21,80,G#5,123,0.11497339999999667,97.8824704,97.9974438
Accordion,21,82,A#5,123,0.10160439999999937,98.074984,98.1765884
Accordion,21,82,A#5,123,0.1042782000000102,98.2915618,98.39584
Accordion,21,80,G#5,123,0.09358300000000952,98.5375514,98.63113440000001
Accordion,21,82,A#5,123,0.11497340000001088,98.7407602,98.85573360000001
Accordion,21,80,G#5,123,0.08556160000000546,98.9867498,99.0723114
Accordion,21,82,A#5,123,0.10962580000000344,99.1872848,99.2969106
Accordion,21,80,G#5,123,0.06417120000000409,99.4947718,99.558943
Accordion,21,82,A#5,123,0.12299480000000074,99.786216,99.9092108
Accordion,21,84,C6,123,0.1443852000000021,99.9653606,100.1097458
Accordion,21,80,G#5,124,0.09625680000000614,100.254131,100.35038780000001
Accordion,21,82,A#5,124,0.1310162000000048,100.4493184,100.5803346
Accordion,21,80,G#5,124,0.12299480000000074,102.393171,102.5161658
Accordion,21,82,A#5,124,0.1443851999999879,102.5749894,102.7193746
Accordion,21,80,G#5,124,0.13636379999999804,102.7915672,102.927931
Accordion,21,82,A#5,124,0.10160439999999937,103.0188402,103.1204446
Accordion,21,82,A#5,124,0.12032099999998991,103.329001,103.449322
Accordion,21,80,G#5,124,0.10695200000000682,103.649857,103.756809
Accordion,21,82,A#5,124,0.12299480000000074,103.8156326,103.9386274
Accordion,21,80,G#5,124,0.10695200000000682,104.0322104,104.1391624
Accordion,21,82,A#5,124,0.10695199999999261,104.304938,104.41189
Accordion,21,80,G#5,125,0.09893060000000276,104.639163,104.7380936
Accordion,21,85,C#6,125,0.14973279999999534,104.9359548,105.0856876
Accordion,21,84,C6,125,0.2754013999999927,105.1150994,105.3905008
Accordion,21,80,G#5,125,0.12032100000000412,105.401196,105.521517
Accordion,21,82,A#5,125,0.4572198000000043,105.5830144,106.0402342
Accordion,21,77,F5,125,0.10160439999999937,106.1979884,106.2995928
Accordion,21,80,G#5,125,0.13903759999999465,107.5188456,107.6578832
Accordion,21,82,A#5,125,0.15508040000000278,107.6899688,107.8450492
Accordion,21,80,G#5,125,0.10695199999999261,107.9225894,108.0295414
Accordion,21,73,C#5,125,0.09625679999999193,108.181948,108.2782048
Accordion,21,73,C#5,125,0.17379700000000753,108.502804,108.676601
Accordion,21,80,G#5,126,0.14705899999999872,108.78622680000001,108.93328580000001
Accordion,21,82,A#5,126,0.16844940000000008,108.98943560000001,109.15788500000001
Accordion,21,80,G#5,126,0.08556160000000546,109.2060134,109.29157500000001
Accordion,21,74,D5,126,0.10160439999999937,109.4814148,109.5830192
Accordion,21,74,D5,126,0.14171139999999127,109.79692320000001,109.9386346
Accordion,21,80,G#5,126,0.1443852000000021,110.0990626,110.2434478
Accordion,21,82,A#5,126,0.28342279999999676,110.2969238,110.5803466
Accordion,21,80,G#5,126,0.1577541999999994,110.5536086,110.7113628
Accordion,21,75,D#5,126,0.1310162000000048,110.762165,110.8931812
Accordion,21,80,G#5,126,0.14973279999999534,112.6685844,112.8183172
Accordion,21,82,A#5,127,0.1577541999999994,112.8504028,113.008157
Accordion,21,80,G#5,127,0.11497340000001088,113.0643068,113.17928020000001
Accordion,21,82,A#5,127,0.08823540000000207,113.3316868,113.4199222
Accordion,21,82,A#5,127,0.10962580000000344,113.6338262,113.743452
Accordion,21,80,G#5,127,0.10962580000000344,113.9225966,114.03222240000001
Accordion,21,82,A#5,127,0.1310162000000048,114.117784,114.2488002
Accordion,21,80,G#5,127,0.10427819999999599,114.3744688,114.478747
Accordion,21,82,A#5,127,0.09893060000000276,114.599068,114.6979986
Accordion,21,82,A#5,127,0.09625679999999193,114.9119026,115.0081594
Accordion,21,80,G#5,127,0.10160439999999937,115.2167158,115.3183202
Accordion,21,82,A#5,127,0.10695200000000682,115.534898,115.64185
Accordion,21,80,G#5,127,0.12834239999999397,115.7113688,115.8397112
Accordion,21,82,A#5,127,0.24331579999999065,116.0348986,116.2782144
Accordion,21,82,A#5,127,0.12834240000000818,118.1311578,118.2595002
Accordion,21,80,G#5,127,0.11497339999999667,118.4172544,118.5322278
Accordion,21,82,A#5,127,0.10160439999999937,118.609768,118.7113724
Accordion,21,82,A#5,127,0.1042782000000102,118.8263458,118.93062400000001
Accordion,21,80,G#5,127,0.09358299999999531,119.0723354,119.1659184
Accordion,21,82,A#5,127,0.11497339999999667,119.2755442,119.3905176
Accordion,21,80,G#5,127,0.08556160000000546,119.5215338,119.6070954
Accordion,21,82,A#5,127,0.10962580000000344,119.7220688,119.8316946
Accordion,21,80,G#5,127,0.06417120000000409,120.0295558,120.093727
Accordion,21,82,A#5,127,0.12299480000000074,120.321,120.4439948
Accordion,21,84,C6,127,0.1443852000000021,120.5001446,120.6445298
Accordion,21,80,G#5,127,0.09625680000000614,120.788915,120.88517180000001
Accordion,21,82,A#5,127,0.1310162000000048,120.9841024,121.1151186
Accordion,21,80,G#5,127,0.12299480000000074,122.927955,123.0509498
Accordion,21,82,A#5,127,0.1443851999999879,123.10977340000001,123.2541586
Accordion,21,80,G#5,127,0.13636379999999804,123.3263512,123.462715
Accordion,21,82,A#5,127,0.10160439999999937,123.5536242,123.6552286
Accordion,21,82,A#5,127,0.12032099999998991,123.86378500000001,123.984106
Accordion,21,80,G#5,127,0.10695200000000682,124.184641,124.291593
Accordion,21,82,A#5,127,0.12299480000000074,124.3504166,124.4734114
Accordion,21,80,G#5,127,0.10695200000000682,124.5669944,124.6739464
Accordion,21,82,A#5,127,0.10695199999999261,124.83972200000001,124.946674
Accordion,21,80,G#5,127,0.09893060000000276,125.173947,125.2728776
Accordion,21,85,C#6,127,0.14973279999999534,125.4707388,125.6204716
Accordion,21,84,C6,127,0.2754013999999927,125.64988340000001,125.9252848
Accordion,21,80,G#5,127,0.12032100000000412,125.93598,126.056301
Accordion,21,82,A#5,127,0.4572198000000043,126.1177984,126.5750182
Accordion,21,77,F5,127,0.10160439999999937,126.7327724,126.8343768
Accordion,21,80,G#5,127,0.13903759999999465,128.0536296,128.1926672
Accordion,21,82,A#5,127,0.15508040000000278,128.2247528,128.3798332
Accordion,21,80,G#5,127,0.10695200000000682,128.4573734,128.5643254
Accordion,21,73,C#5,127,0.09625679999999193,128.716732,128.8129888
Accordion,21,73,C#5,127,0.17379700000000753,129.037588,129.211385
Accordion,21,80,G#5,127,0.1470589999999845,129.3210108,129.4680698
Accordion,21,82,A#5,127,0.16844939999998587,129.5242196,129.692669
Accordion,21,80,G#5,127,0.08556160000000546,129.7407974,129.826359
Accordion,21,74,D5,127,0.10160439999998516,130.0161988,130.1178032
Accordion,21,74,D5,127,0.14171139999999127,130.3317072,130.4734186
Accordion,21,80,G#5,127,0.1443852000000163,130.6338466,130.77823180000001
Accordion,21,82,A#5,127,0.28342280000001097,130.8317078,131.11513060000001
Accordion,21,80,G#5,127,0.1577541999999994,131.0883926,131.2461468
Accordion,21,75,D#5,127,0.13101619999997638,131.296949,131.4279652
Accordion,21,80,G#5,127,0.14973279999998113,133.20336840000002,133.3531012
Accordion,21,82,A#5,127,0.1577541999999994,133.3851868,133.542941
Accordion,21,80,G#5,127,0.11497339999999667,133.5990908,133.7140642
Accordion,21,82,A#5,127,0.08823540000000207,133.8664708,133.9547062
Accordion,21,82,A#5,127,0.10962580000000344,134.1686102,134.278236
Accordion,21,80,G#5,127,0.10962580000000344,134.4573806,134.5670064
Accordion,21,82,A#5,127,0.1310162000000048,134.652568,134.7835842
Accordion,21,80,G#5,127,0.1042782000000102,134.9092528,135.013531
Accordion,21,82,A#5,127,0.09893060000001697,135.133852,135.2327826
Accordion,21,82,A#5,127,0.09625680000002035,135.4466866,135.5429434
Accordion,21,80,G#5,127,0.10160439999998516,135.7514998,135.8531042
Accordion,21,82,A#5,127,0.10695200000000682,136.069682,136.176634
Accordion,21,80,G#5,127,0.12834240000000818,136.2461528,136.3744952
Accordion,21,82,A#5,127,0.24331580000000486,136.5696826,136.8129984
Accordion,21,83,B5,127,0.12834239999997976,138.6659418,138.7942842
Accordion,21,81,A5,127,0.11497339999999667,138.9520384,139.0670118
Accordion,21,83,B5,127,0.10160439999998516,139.144552,139.2461564
Accordion,21,83,B5,127,0.10427819999998178,139.36112980000001,139.465408
Accordion,21,81,A5,127,0.09358299999999531,139.60711940000002,139.7007024
Accordion,21,83,B5,127,0.11497339999999667,139.81032820000001,139.9253016
Accordion,21,81,A5,127,0.08556159999997703,140.05631780000002,140.1418794
Accordion,21,83,B5,127,0.10962580000000344,140.2568528,140.3664786
Accordion,21,81,A5,127,0.06417120000000409,140.5643398,140.628511
Accordion,21,83,B5,127,0.12299480000001495,140.855784,140.97877880000001
Accordion,21,85,C#6,127,0.1443851999999879,141.0349286,141.1793138
Accordion,21,81,A5,127,0.09625679999999193,141.323699,141.4199558
Accordion,21,83,B5,127,0.13101619999997638,141.5188864,141.6499026
Accordion,21,81,A5,127,0.12299480000001495,143.462739,143.5857338
Accordion,21,83,B5,127,0.1443852000000163,143.6445574,143.7889426
Accordion,21,81,A5,127,0.13636379999999804,143.8611352,143.997499
Accordion,21,83,B5,127,0.10160439999998516,144.0884082,144.1900126
Accordion,21,83,B5,127,0.12032099999998991,144.398569,144.51889
Accordion,21,81,A5,127,0.10695200000000682,144.719425,144.826377
Accordion,21,83,B5,127,0.12299480000001495,144.8852006,145.0081954
Accordion,21,81,A5,127,0.10695200000000682,145.1017784,145.2087304
Accordion,21,83,B5,127,0.10695200000000682,145.374506,145.481458
Accordion,21,81,A5,127,0.09893059999998854,145.708731,145.8076616
Accordion,21,86,D6,127,0.14973280000000955,146.0055228,146.1552556
Accordion,21,85,C#6,127,0.2754014000000211,146.1846674,146.46006880000002
Accordion,21,81,A5,127,0.12032099999998991,146.470764,146.591085
Accordion,21,83,B5,127,0.4572197999999901,146.6525824,147.1098022
Accordion,21,78,F#5,127,0.10160440000001358,147.2675564,147.3691608
Accordion,21,81,A5,127,0.13903759999999465,148.5884136,148.7274512
Accordion,21,83,B5,127,0.15508040000000278,148.7595368,148.9146172
Accordion,21,81,A5,127,0.10695200000000682,148.9921574,149.0991094
Accordion,21,74,D5,127,0.09625679999999193,149.251516,149.3477728
Accordion,21,74,D5,127,0.17379700000000753,149.572372,149.746169
Accordion,21,81,A5,127,0.1470589999999845,149.8557948,150.0028538
Accordion,21,83,B5,127,0.16844939999998587,150.0590036,150.227453
Accordion,21,81,A5,127,0.08556160000000546,150.2755814,150.361143
Accordion,21,75,D#5,127,0.10160439999998516,150.5509828,150.6525872
Accordion,21,75,D#5,127,0.14171139999999127,150.8664912,151.0082026
Accordion,21,81,A5,127,0.1443852000000163,151.1686306,151.31301580000002
Accordion,21,83,B5,127,0.28342280000001097,151.3664918,151.64991460000002
Accordion,21,81,A5,127,0.1577541999999994,151.6231766,151.7809308
Accordion,21,76,E5,127,0.13101619999997638,151.831733,151.9627492
Accordion,21,81,A5,127,0.14973280000000955,153.7381524,153.8878852
Accordion,21,83,B5,127,0.1577541999999994,153.91997080000002,154.07772500000002
Accordion,21,81,A5,127,0.11497339999999667,154.1338748,154.2488482
Accordion,21,83,B5,127,0.08823540000000207,154.4012548,154.4894902
Accordion,21,83,B5,127,0.10962580000000344,154.7033942,154.81302
Accordion,21,81,A5,127,0.10962580000000344,154.9921646,155.1017904
Accordion,21,83,B5,127,0.1310162000000048,155.187352,155.3183682
Accordion,21,81,A5,127,0.1042782000000102,155.4440368,155.548315
Accordion,21,83,B5,127,0.09893060000001697,155.668636,155.7675666
Accordion,21,83,B5,127,0.09625680000002035,155.9814706,156.07772740000001
Accordion,21,81,A5,127,0.10160439999998516,156.2862838,156.3878882
Accordion,21,83,B5,127,0.10695200000000682,156.604466,156.711418
Accordion,21,81,A5,127,0.12834240000000818,156.7809368,156.90927920000001
Accordion,21,83,B5,127,0.24331580000000486,157.1044666,157.3477824
Accordion,21,83,B5,127,0.12834239999997976,159.20072580000001,159.3290682
Accordion,21,81,A5,127,0.11497339999999667,159.4868224,159.6017958
Accordion,21,83,B5,127,0.10160439999998516,159.679336,159.7809404
Accordion,21,83,B5,127,0.10427819999998178,159.89591380000002,160.000192
Accordion,21,81,A5,127,0.09358300000002373,160.1419034,160.2354864
Accordion,21,83,B5,127,0.11497339999999667,160.34511220000002,160.4600856
Accordion,21,81,A5,127,0.08556160000000546,160.5911018,160.6766634
Accordion,21,83,B5,127,0.10962580000000344,160.7916368,160.9012626
Accordion,21,81,A5,127,0.06417120000000409,161.0991238,161.163295
Accordion,21,83,B5,127,0.12299480000001495,161.390568,161.51356280000002
Accordion,21,85,C#6,127,0.1443851999999879,161.5697126,161.7140978
Accordion,21,81,A5,127,0.09625679999999193,161.858483,161.9547398
Accordion,21,83,B5,127,0.13101619999997638,162.05367040000002,162.1846866
Accordion,21,81,A5,127,0.12299480000001495,163.997523,164.12051780000002
Accordion,21,83,B5,127,0.1443852000000163,164.1793414,164.32372660000001
Accordion,21,81,A5,127,0.13636379999999804,164.3959192,164.532283
Accordion,21,83,B5,127,0.10160439999998516,164.6231922,164.7247966
Accordion,21,83,B5,127,0.12032099999998991,164.933353,165.053674
Accordion,21,81,A5,127,0.10695200000000682,165.254209,165.361161
Accordion,21,83,B5,127,0.12299480000001495,165.4199846,165.5429794
Accordion,21,81,A5,127,0.10695200000000682,165.6365624,165.7435144
Accordion,21,83,B5,127,0.10695200000000682,165.90929,166.016242
Accordion,21,81,A5,127,0.09893059999998854,166.243515,166.3424456
Accordion,21,86,D6,127,0.14973280000000955,166.5403068,166.6900396
Accordion,21,85,C#6,127,0.2754013999999927,166.7194514,166.9948528
Accordion,21,81,A5,127,0.12032099999998991,167.005548,167.125869
Accordion,21,83,B5,127,0.4572197999999901,167.1873664,167.6445862
Accordion,21,78,F#5,127,0.10160440000001358,167.8023404,167.9039448
Accordion,21,81,A5,127,0.13903759999999465,169.1231976,169.2622352
Accordion,21,83,B5,127,0.15508040000000278,169.2943208,169.4494012
Accordion,21,81,A5,127,0.10695200000000682,169.5269414,169.6338934
Accordion,21,74,D5,127,0.09625679999999193,169.7863,169.8825568
Accordion,21,74,D5,127,0.17379700000000753,170.107156,170.280953
Accordion,21,81,A5,127,0.1470589999999845,170.39057880000001,170.5376378
Accordion,21,83,B5,127,0.16844939999998587,170.5937876,170.762237
Accordion,21,81,A5,127,0.08556160000000546,170.8103654,170.895927
Accordion,21,75,D#5,127,0.10160439999998516,171.08576680000002,171.1873712
Accordion,21,75,D#5,127,0.14171139999999127,171.40127520000001,171.5429866
Accordion,21,81,A5,127,0.1443851999999879,171.7034146,171.8477998
Accordion,21,83,B5,127,0.28342279999998254,171.9012758,172.1846986
Accordion,21,81,A5,127,0.1577541999999994,172.1579606,172.3157148
Accordion,21,76,E5,127,0.13101619999997638,172.36651700000002,172.4975332
Accordion,21,81,A5,127,0.14973280000000955,174.2729364,174.4226692
Accordion,21,83,B5,127,0.15775420000002782,174.4547548,174.61250900000002
Accordion,21,81,A5,127,0.11497339999999667,174.6686588,174.7836322
Accordion,21,83,B5,127,0.08823540000000207,174.9360388,175.0242742
Accordion,21,83,B5,127,0.10962580000000344,175.2381782,175.347804
Accordion,21,81,A5,127,0.10962580000000344,175.5269486,175.6365744
Accordion,21,83,B5,127,0.1310162000000048,175.722136,175.8531522
Accordion,21,81,A5,127,0.1042782000000102,175.9788208,176.083099
Accordion,21,83,B5,127,0.09893060000001697,176.20342,176.3023506
Accordion,21,83,B5,127,0.09625680000002035,176.5162546,176.61251140000002
Accordion,21,81,A5,127,0.10160439999998516,176.8210678,176.9226722
Accordion,21,83,B5,127,0.10695200000000682,177.13925,177.246202
Accordion,21,81,A5,127,0.12834240000000818,177.3157208,177.44406320000002
Accordion,21,83,B5,127,0.24331580000000486,177.6392506,177.8825664
Accordion,21,84,C6,127,0.12834239999997976,179.73550980000002,179.8638522
Accordion,21,82,A#5,127,0.11497339999999667,180.0216064,180.1365798
Accordion,21,84,C6,127,0.10160439999998516,180.21412,180.3157244
Accordion,21,84,C6,127,0.1042782000000102,180.4306978,180.534976
Accordion,21,82,A#5,127,0.09358300000002373,180.6766874,180.77027040000002
Accordion,21,84,C6,127,0.1149734000000251,180.8798962,180.99486960000002
Accordion,21,82,A#5,127,0.08556160000000546,181.1258858,181.2114474
Accordion,21,84,C6,127,0.10962580000000344,181.3264208,181.4360466
Accordion,21,82,A#5,127,0.06417120000000409,181.6339078,181.698079
Accordion,21,84,C6,127,0.12299479999998653,181.925352,182.0483468
Accordion,21,86,D6,127,0.1443851999999879,182.1044966,182.2488818
Accordion,21,82,A#5,127,0.09625679999999193,182.393267,182.4895238
Accordion,21,84,C6,127,0.1310162000000048,182.5884544,182.7194706
Accordion,21,80,G#5,127,0.24598959999997305,182.85850820000002,183.1044978
Accordion,21,82,A#5,127,0.12299479999998653,184.532307,184.6553018
Accordion,21,84,C6,127,0.1443852000000163,184.7141254,184.85851060000002
Accordion,21,82,A#5,127,0.13636379999999804,184.9307032,185.067067
Accordion,21,84,C6,127,0.10160439999998516,185.1579762,185.2595806
Accordion,21,84,C6,127,0.12032099999998991,185.468137,185.588458
Accordion,21,82,A#5,127,0.10695200000000682,185.788993,185.895945
Accordion,21,84,C6,127,0.12299480000001495,185.9547686,186.0777634
Accordion,21,82,A#5,127,0.10695200000000682,186.1713464,186.2782984
Accordion,21,84,C6,127,0.10695200000000682,186.444074,186.551026
Accordion,21,82,A#5,127,0.09893059999998854,186.778299,186.8772296
Accordion,21,87,D#6,127,0.14973280000000955,187.0750908,187.2248236
Accordion,21,86,D6,127,0.2754013999999927,187.2542354,187.5296368
Accordion,21,82,A#5,127,0.12032099999998991,187.540332,187.660653
Accordion,21,84,C6,127,0.4572197999999901,187.7221504,188.1793702
Accordion,21,79,G5,127,0.10160440000001358,188.3371244,188.4387288
Accordion,21,82,A#5,127,0.13903759999999465,189.6579816,189.7970192
Accordion,21,84,C6,127,0.15508040000000278,189.8291048,189.9841852
Accordion,21,82,A#5,127,0.10695200000000682,190.0617254,190.1686774
Accordion,21,75,D#5,127,0.09625679999999193,190.321084,190.4173408
Accordion,21,75,D#5,127,0.17379700000000753,190.64194,190.815737
Accordion,21,82,A#5,127,0.1470589999999845,190.92536280000002,191.0724218
Accordion,21,84,C6,127,0.16844939999998587,191.12857160000001,191.297021
Accordion,21,82,A#5,127,0.08556160000000546,191.3451494,191.430711
Accordion,21,76,E5,127,0.10160440000001358,191.6205508,191.7221552
Accordion,21,76,E5,127,0.14171139999999127,191.93605920000002,192.0777706
Accordion,21,82,A#5,127,0.1443851999999879,192.2381986,192.3825838
Accordion,21,84,C6,127,0.28342279999998254,192.4360598,192.7194826
Accordion,21,82,A#5,127,0.1577541999999994,192.6927446,192.8504988
Accordion,21,77,F5,127,0.1310162000000048,192.901301,193.0323172
Accordion,21,82,A#5,127,0.14973280000000955,194.8077204,194.9574532
Accordion,21,84,C6,127,0.1577541999999994,194.9895388,195.147293
Accordion,21,82,A#5,127,0.11497339999999667,195.2034428,195.3184162
Accordion,21,84,C6,127,0.08823540000000207,195.4708228,195.5590582
Accordion,21,84,C6,127,0.10962580000000344,195.7729622,195.882588
Accordion,21,82,A#5,127,0.10962580000000344,196.0617326,196.1713584
Accordion,21,84,C6,127,0.1310162000000048,196.25692,196.3879362
Accordion,21,82,A#5,127,0.1042782000000102,196.5136048,196.617883
Accordion,21,84,C6,127,0.09893060000001697,196.738204,196.8371346
Accordion,21,84,C6,127,0.09625679999999193,197.0510386,197.1472954
Accordion,21,82,A#5,127,0.10160439999998516,197.3558518,197.4574562
Accordion,21,84,C6,127,0.10695200000000682,197.674034,197.780986
Accordion,21,82,A#5,127,0.12834239999997976,197.8505048,197.9788472
Accordion,21,84,C6,127,0.24331580000000486,198.1740346,198.4173504
Accordion,21,85,C#6,127,0.12834240000000818,200.2702938,200.3986362
Accordion,21,83,B5,127,0.11497339999999667,200.5563904,200.6713638
Accordion,21,85,C#6,127,0.10160439999998516,200.748904,200.8505084
Accordion,21,85,C#6,127,0.1042782000000102,200.9654818,201.06976
Accordion,21,83,B5,127,0.09358300000002373,201.2114714,201.30505440000002
Accordion,21,85,C#6,127,0.1149734000000251,201.4146802,201.52965360000002
Accordion,21,83,B5,127,0.08556160000000546,201.6606698,201.7462314
Accordion,21,85,C#6,127,0.10962580000000344,201.8612048,201.9708306
Accordion,21,83,B5,127,0.06417120000000409,202.1686918,202.232863
Accordion,21,85,C#6,127,0.12299479999998653,202.460136,202.5831308
Accordion,21,87,D#6,127,0.1443851999999879,202.6392806,202.7836658
Accordion,21,83,B5,127,0.09625679999999193,202.928051,203.0243078
Accordion,21,85,C#6,127,0.1310162000000048,203.1232384,203.2542546
Accordion,21,83,B5,127,0.12299479999998653,205.067091,205.1900858
Accordion,21,85,C#6,127,0.1443851999999879,205.2489094,205.3932946
Accordion,21,83,B5,127,0.13636379999999804,205.4654872,205.601851
Accordion,21,85,C#6,127,0.10160439999998516,205.6927602,205.7943646
Accordion,21,85,C#6,127,0.12032099999998991,206.00292100000001,206.123242
Accordion,21,83,B5,127,0.10695200000000682,206.323777,206.430729
Accordion,21,85,C#6,127,0.12299480000001495,206.4895526,206.6125474
Accordion,21,83,B5,127,0.10695200000000682,206.7061304,206.8130824
Accordion,21,85,C#6,127,0.10695200000000682,206.978858,207.08581
Accordion,21,83,B5,127,0.09893059999998854,207.313083,207.4120136
Accordion,21,88,E6,127,0.14973280000000955,207.6098748,207.7596076
Accordion,21,87,D#6,127,0.2754013999999927,207.7890194,208.0644208
Accordion,21,83,B5,127,0.12032099999998991,208.075116,208.195437
Accordion,21,85,C#6,127,0.4572197999999901,208.2569344,208.7141542
Accordion,21,80,G#5,127,0.10160440000001358,208.8719084,208.9735128
Accordion,21,83,B5,127,0.13903759999999465,210.1927656,210.3318032
Accordion,21,85,C#6,127,0.15508040000000278,210.3638888,210.51896920000002
Accordion,21,83,B5,127,0.10695200000000682,210.5965094,210.7034614
Accordion,21,76,E5,127,0.09625679999999193,210.85586800000002,210.9521248
Accordion,21,76,E5,127,0.17379700000000753,211.176724,211.35052100000001
Accordion,21,83,B5,127,0.14705900000001293,211.4601468,211.6072058
Accordion,21,85,C#6,127,0.16844939999998587,211.66335560000002,211.831805
Accordion,21,83,B5,127,0.08556160000000546,211.8799334,211.965495
Accordion,21,77,F5,127,0.10160440000001358,212.1553348,212.2569392
Accordion,21,77,F5,127,0.1417114000000197,212.4708432,212.6125546
Accordion,21,83,B5,127,0.1443851999999879,212.7729826,212.9173678
Accordion,21,85,C#6,127,0.28342279999998254,212.9708438,213.2542666
Accordion,21,83,B5,127,0.1577541999999994,213.2275286,213.3852828
Accordion,21,78,F#5,127,0.1310162000000048,213.436085,213.5671012
Accordion,21,83,B5,127,0.14973280000000955,215.3425044,215.4922372
Accordion,21,85,C#6,127,0.1577541999999994,215.5243228,215.682077
Accordion,21,83,B5,127,0.11497339999999667,215.7382268,215.8532002
Accordion,21,85,C#6,127,0.08823540000000207,216.0056068,216.0938422
Accordion,21,85,C#6,127,0.10962580000000344,216.3077462,216.417372
Accordion,21,83,B5,127,0.10962580000000344,216.5965166,216.7061424
Accordion,21,85,C#6,127,0.1310162000000048,216.791704,216.92272020000001
Accordion,21,83,B5,127,0.1042782000000102,217.0483888,217.152667
Accordion,21,85,C#6,127,0.09893060000001697,217.272988,217.37191860000001
Accordion,21,85,C#6,127,0.09625679999999193,217.5858226,217.6820794
Accordion,21,83,B5,127,0.10160439999998516,217.8906358,217.9922402
Accordion,21,85,C#6,127,0.10695200000000682,218.208818,218.31577000000001
Accordion,21,83,B5,127,0.12834239999997976,218.3852888,218.5136312
Accordion,21,85,C#6,127,0.24331580000000486,218.7088186,218.9521344
Accordion,21,88,E6,127,0.09090919999999869,220.4601576,220.5510668
Accordion,21,88,E6,127,0.184492199999994,220.6580188,220.842511
Accordion,21,85,C#6,127,0.11764719999999329,220.8665752,220.9842224
Accordion,21,83,B5,127,0.12566860000001157,221.1179124,221.243581
Accordion,21,81,A5,127,0.10160439999998516,221.4200518,221.5216562
Accordion,21,81,A5,127,0.09893060000001697,221.7221912,221.82112180000001
Accordion,21,81,A5,127,0.10160439999998516,221.93342140000001,222.0350258
Accordion,21,81,A5,127,0.10962580000000344,222.1419778,222.2516036
Accordion,21,84,C6,127,0.12834240000000818,222.3745984,222.5029408
Accordion,21,84,C6,127,0.10427819999998178,222.700802,222.8050802
Accordion,21,84,C6,127,0.17914460000000076,222.9842248,223.1633694
Accordion,21,83,B5,127,0.11764719999999329,223.1740646,223.2917118
Accordion,21,81,A5,127,0.11229960000000005,223.382621,223.4949206
Accordion,21,80,G#5,127,0.10962580000000344,223.676739,223.7863648
Accordion,21,81,A5,127,0.12299479999998653,224.0082902,224.131285
Accordion,21,80,G#5,127,0.12299479999998653,224.15802300000001,224.2810178
Accordion,21,83,B5,127,0.10695200000000682,224.3344938,224.4414458
Accordion,21,80,G#5,127,0.1069519999999784,224.9013394,225.0082914
Accordion,21,85,C#6,127,0.13636379999999804,225.0965268,225.2328906
Accordion,21,87,D#6,127,0.27005379999999946,225.3318212,225.601875
Accordion,21,85,C#6,127,0.19251359999998385,225.54839900000002,225.7409126
Accordion,21,83,B5,127,0.15508040000000278,225.7542816,225.90936200000002
Accordion,21,80,G#5,127,0.12299479999998653,225.97620700000002,226.0992018
Accordion,21,83,B5,127,0.2486634000000265,226.243587,226.49225040000002
Accordion,21,78,F#5,127,0.12032099999998991,226.564443,226.684764
Accordion,21,83,B5,127,0.09358299999999531,226.8879728,226.9815558
Accordion,21,83,B5,127,0.07219259999999394,227.16872180000001,227.2409144
Accordion,21,83,B5,127,0.1042782000000102,227.3558878,227.46016600000002
Accordion,21,87,D#6,127,0.13903759999999465,227.5617704,227.700808
Accordion,21,85,C#6,127,0.10962580000000344,227.861236,227.9708618
Accordion,21,83,B5,127,0.11229960000000005,228.128616,228.2409156
Accordion,21,81,A5,127,0.23529439999998658,228.3184558,228.5537502
Accordion,21,78,F#5,127,0.15508040000000278,228.6099,228.7649804
Accordion,21,76,E5,127,0.08288780000000884,228.7917184,228.87460620000002
Accordion,21,80,G#5,127,0.14171139999999127,230.1018804,230.2435918
Accordion,21,85,C#6,127,0.11497339999999667,230.29172020000001,230.4066936
Accordion,21,85,C#6,127,0.1684494000000143,230.5029504,230.67139980000002
Accordion,21,83,B5,127,0.10695200000000682,230.735571,230.842523
Accordion,21,81,A5,127,0.12834240000000818,230.9307584,231.0591008
Accordion,21,80,G#5,127,0.1310162000000048,231.1553576,231.2863738
Accordion,21,83,B5,127,0.11229960000000005,231.4200638,231.5323634
Accordion,21,81,A5,127,0.2112301999999886,231.7141818,231.925412
Accordion,21,85,C#6,127,0.3957223999999826,232.17674920000002,232.5724716
Accordion,21,83,B5,127,0.09625679999999193,232.6820974,232.7783542
Accordion,21,83,B5,127,0.13101619999997638,232.98691060000002,233.1179268
Accordion,21,81,A5,127,0.11764719999999329,233.2863762,233.4040234
Accordion,21,80,G#5,127,0.1818184000000258,233.5002802,233.68209860000002
Accordion,21,78,F#5,127,0.12566860000001157,233.770334,233.8960026
Accordion,21,81,A5,127,0.15508039999997436,233.97354280000002,234.1286232
Accordion,21,80,G#5,127,0.14973279999998113,234.26766080000002,234.4173936
Accordion,21,78,F#5,127,0.1042782000000102,234.6018858,234.706164
Accordion,21,78,F#5,127,0.10160439999998516,234.89600380000002,234.9976082
Accordion,21,77,F5,127,0.20320879999999875,235.0858436,235.2890524
Accordion,21,80,G#5,127,0.14171139999999127,240.3692724,240.5109838
Accordion,21,85,C#6,127,0.11497339999999667,240.55911220000002,240.6740856
Accordion,21,85,C#6,127,0.1684494000000143,240.7703424,240.93879180000002
Accordion,21,83,B5,127,0.10695200000000682,241.002963,241.109915
Accordion,21,81,A5,127,0.12834240000000818,241.1981504,241.3264928
Accordion,21,80,G#5,127,0.1310162000000048,241.4227496,241.5537658
Accordion,21,83,B5,127,0.11229960000000005,241.6874558,241.7997554
Accordion,21,81,A5,127,0.2112301999999886,241.9815738,242.192804
Accordion,21,85,C#6,127,0.3957223999999826,242.44414120000002,242.8398636
Accordion,21,83,B5,127,0.09625679999999193,242.9494894,243.0457462
Accordion,21,83,B5,127,0.13101619999997638,243.25430260000002,243.3853188
Accordion,21,81,A5,127,0.11764719999999329,243.5537682,243.6714154
Accordion,21,80,G#5,127,0.1818184000000258,243.7676722,243.94949060000002
Accordion,21,78,F#5,127,0.12566860000001157,244.037726,244.1633946
Accordion,21,81,A5,127,0.15508040000000278,244.2409348,244.3960152
Accordion,21,80,G#5,127,0.14973279999998113,244.53505280000002,244.6847856
Accordion,21,78,F#5,127,0.1042782000000102,244.8692778,244.973556
Accordion,21,78,F#5,127,0.10160439999998516,245.16339580000002,245.2650002
Accordion,21,77,F5,127,0.20320879999999875,245.3532356,245.5564444
Accordion,21,80,G#5,127,0.14171139999999127,250.6366644,250.7783758
Accordion,21,85,C#6,127,0.11497339999999667,250.82650420000002,250.9414776
Accordion,21,85,C#6,127,0.16844939999998587,251.0377344,251.2061838
Accordion,21,83,B5,127,0.10695200000000682,251.270355,251.377307
Accordion,21,81,A5,127,0.12834240000000818,251.4655424,251.5938848
Accordion,21,80,G#5,127,0.1310162000000048,251.6901416,251.8211578
Accordion,21,83,B5,127,0.11229960000000005,251.9548478,252.0671474
Accordion,21,81,A5,127,0.2112301999999886,252.2489658,252.460196
Accordion,21,85,C#6,127,0.395722400000011,252.7115332,253.1072556
Accordion,21,83,B5,127,0.09625679999999193,253.2168814,253.3131382
Accordion,21,83,B5,127,0.13101619999997638,253.52169460000002,253.6527108
Accordion,21,81,A5,127,0.11764719999999329,253.8211602,253.9388074
Accordion,21,80,G#5,127,0.18181839999999738,254.0350642,254.2168826
Accordion,21,78,F#5,127,0.12566860000001157,254.305118,254.4307866
Accordion,21,81,A5,127,0.15508040000000278,254.5083268,254.6634072
Accordion,21,80,G#5,127,0.14973279999998113,254.80244480000002,254.9521776
Accordion,21,78,F#5,127,0.1042782000000102,255.1366698,255.240948
Accordion,21,78,F#5,127,0.10160439999998516,255.43078780000002,255.5323922
Accordion,21,77,F5,127,0.20320879999999875,255.6206276,255.8238364
Accordion,21,80,G#5,127,0.1417114000000197,259.6179586,259.75967
Accordion,21,85,C#6,127,0.11497339999999667,259.8077984,259.9227718
Accordion,21,85,C#6,127,0.16844939999998587,260.0190286,260.187478
Accordion,21,83,B5,127,0.1069519999999784,260.25164920000003,260.3586012
Accordion,21,81,A5,127,0.12834240000000818,260.4495104,260.5778528
Accordion,21,80,G#5,127,0.13101620000003322,260.6714358,260.802452
Accordion,21,83,B5,127,0.11229959999997163,260.936142,261.0484416
Accordion,21,81,A5,127,0.2112301999999886,261.2329338,261.444164
Accordion,21,85,C#6,127,0.395722400000011,261.6928274,262.0885498
Accordion,21,83,B5,127,0.09625679999999193,262.1981756,262.2944324
Accordion,21,83,B5,127,0.13101619999997638,262.5029888,262.634005
Accordion,21,81,A5,127,0.11764720000002171,262.8024544,262.9201016
Accordion,21,80,G#5,127,0.18181839999999738,263.0163584,263.1981768
Accordion,21,78,F#5,127,0.12566859999998314,263.289086,263.4147546
Accordion,21,81,A5,127,0.15508039999997436,263.4922948,263.6473752
Accordion,21,80,G#5,127,0.14973279999998113,263.783739,263.9334718
Accordion,21,78,F#5,127,0.10427819999995336,264.11796400000003,264.2222422
Accordion,21,78,F#5,127,0.10160439999998516,264.4147558,264.5163602
Accordion,21,77,F5,127,0.20320879999997032,264.6019218,264.8051306
Accordion,21,80,G#5,127,0.1417114000000197,269.8853506,270.027062
Accordion,21,85,C#6,127,0.11497339999999667,270.0751904,270.1901638
Accordion,21,85,C#6,127,0.16844940000004271,270.2864206,270.45487
Accordion,21,83,B5,127,0.1069519999999784,270.5190412,270.6259932
Accordion,21,81,A5,127,0.12834240000000818,270.7169024,270.8452448
Accordion,21,80,G#5,127,0.13101619999997638,270.9388278,271.069844
Accordion,21,83,B5,127,0.11229960000002848,271.203534,271.3158336
Accordion,21,81,A5,127,0.21123020000004544,271.5003258,271.71155600000003
Accordion,21,85,C#6,127,0.3957223999999542,271.9602194,272.3559418
Accordion,21,83,B5,127,0.09625679999999193,272.4655676,272.5618244
Accordion,21,83,B5,127,0.13101620000003322,272.7703808,272.90139700000003
Accordion,21,81,A5,127,0.11764719999996487,273.0698464,273.1874936
Accordion,21,80,G#5,127,0.18181839999999738,273.28375040000003,273.4655688
Accordion,21,78,F#5,127,0.12566859999998314,273.556478,273.6821466
Accordion,21,81,A5,127,0.1550804000000312,273.7596868,273.91476720000003
Accordion,21,80,G#5,127,0.14973279999998113,274.051131,274.2008638
Accordion,21,78,F#5,127,0.1042782000000102,274.385356,274.4896342
Accordion,21,78,F#5,127,0.10160439999998516,274.6821478,274.7837522
Accordion,21,77,F5,127,0.20320880000002717,274.8693138,275.0725226
Bright Acoustic Piano,1,67,G4,91,0.3315511999999998,57.005416000000004,57.336967200000004
Bright Acoustic Piano,1,55,G3,94,0.532086200000002,57.0027422,57.5348284
Bright Acoustic Piano,1,60,C4,64,0.3930486000000002,57.2968602,57.6899088
Bright Acoustic Piano,1,64,E4,77,0.2593586000000059,57.4813524,57.740711000000005
Bright Acoustic Piano,1,55,G3,81,0.11497340000000378,57.7781442,57.893117600000004
Bright Acoustic Piano,1,67,G4,78,0.14171139999999838,57.786165600000004,57.927877
Bright Acoustic Piano,1,69,A4,89,0.3556154000000049,58.1043478,58.459963200000004
Bright Acoustic Piano,1,57,A3,93,0.41443900000000156,58.101674,58.516113000000004
Bright Acoustic Piano,1,61,C#4,74,0.24064200000000113,58.4171824,58.6578244
Bright Acoustic Piano,1,64,E4,45,0.09358299999999531,58.617717400000004,58.7113004
Bright Acoustic Piano,1,61,C#4,46,0.03743320000000239,58.7727978,58.810231
Bright Acoustic Piano,1,64,E4,35,0.04278080000000273,58.7781454,58.8209262
Bright Acoustic Piano,1,57,A3,76,0.14973280000000244,58.7621026,58.9118354
Bright Acoustic Piano,1,69,A4,80,0.15508040000000278,58.7674502,58.9225306
Bright Acoustic Piano,1,70,A#4,93,0.12834239999999397,59.077611000000005,59.2059534
Bright Acoustic Piano,1,58,A#3,95,0.14973279999999534,59.072263400000004,59.2219962
Bright Acoustic Piano,1,69,A4,82,0.3663105999999985,59.385098,59.7514086
Bright Acoustic Piano,1,57,A3,77,0.4090914000000012,59.3797504,59.7888418
Bright Acoustic Piano,1,62,D4,69,0.20588260000000247,59.7219968,59.9278794
Bright Acoustic Piano,1,65,F4,77,0.10427819999999599,59.8824248,59.986703
Bright Acoustic Piano,1,71,B4,96,0.2593585999999988,60.0455266,60.3048852
Bright Acoustic Piano,1,59,B3,96,0.44117700000000326,60.0428528,60.4840298
Bright Acoustic Piano,1,62,D4,61,0.1978612000000055,60.3637088,60.56157
Bright Acoustic Piano,1,65,F4,65,0.10427819999999599,60.526810600000005,60.6310888
Bright Acoustic Piano,1,57,A3,72,0.07754020000000139,60.6765434,60.7540836
Bright Acoustic Piano,1,69,A4,70,0.08288779999999463,60.684564800000004,60.7674526
Bright Acoustic Piano,1,69,A4,84,0.2112302000000028,60.8449928,61.056223
Bright Acoustic Piano,1,57,A3,88,0.35026779999999746,60.842319,61.1925868
Bright Acoustic Piano,1,62,D4,55,0.1818184000000045,61.0375064,61.2193248
Bright Acoustic Piano,1,65,F4,58,0.09090919999999869,61.1792178,61.270127
Bright Acoustic Piano,1,59,B3,79,0.1443852000000021,61.3396458,61.484031
Bright Acoustic Piano,1,71,B4,84,0.14171139999999838,61.347667200000004,61.4893786
Bright Acoustic Piano,1,71,B4,88,0.11497339999999667,61.639111400000004,61.7540848
Bright Acoustic Piano,1,59,B3,91,0.11497339999999667,61.639111400000004,61.7540848
Bright Acoustic Piano,1,69,A4,89,0.3663105999999985,61.9465984,62.312909
Bright Acoustic Piano,1,57,A3,94,0.524064800000005,61.9465984,62.470663200000004
Bright Acoustic Piano,1,62,D4,69,0.23262059999999707,62.259433,62.4920536
Bright Acoustic Piano,1,65,F4,66,0.1176472000000004,62.43323,62.5508772
Bright Acoustic Piano,1,69,A4,41,0.10160439999999937,62.647134,62.7487384
Bright Acoustic Piano,1,71,B4,32,0.14973279999999534,62.633765000000004,62.7834978
Bright Acoustic Piano,1,60,C4,98,0.1443852000000021,62.9225354,63.0669206
Bright Acoustic Piano,1,72,C5,92,0.1443852000000021,62.927883,63.0722682
Bright Acoustic Piano,1,71,B4,90,0.34492020000000423,63.2433914,63.588311600000004
Bright Acoustic Piano,1,59,B3,98,0.4304817999999955,63.2407176,63.6711994
Bright Acoustic Piano,1,62,D4,78,0.21657780000000315,63.5642474,63.7808252
Bright Acoustic Piano,1,65,F4,54,0.09625679999999903,63.7273492,63.823606
Bright Acoustic Piano,1,59,B3,79,0.11229960000000005,63.8797558,63.9920554
Bright Acoustic Piano,1,71,B4,81,0.12299479999999363,63.8824296,64.0054244
Bright Acoustic Piano,1,70,A#4,87,0.11764719999999329,64.211307,64.3289542
Bright Acoustic Piano,1,58,A#3,96,0.1443852000000021,64.2006118,64.344997
Bright Acoustic Piano,1,57,A3,92,0.05080220000000679,64.5107726,64.5615748
Bright Acoustic Piano,1,69,A4,91,0.3903748000000036,64.5107726,64.9011474
Bright Acoustic Piano,1,60,C4,63,0.20320880000001296,64.8369762,65.04018500000001
Bright Acoustic Piano,1,64,E4,61,0.07754020000000139,65.0161208,65.093661
Bright Acoustic Piano,1,71,B4,86,0.21390399999999943,65.1712012,65.3851052
Bright Acoustic Piano,1,59,B3,80,0.23262060000000417,65.1712012,65.4038218
Bright Acoustic Piano,1,71,B4,80,0.12834239999999397,65.47868820000001,65.6070306
Bright Acoustic Piano,1,59,B3,85,0.1577541999999994,65.47868820000001,65.6364424
Bright Acoustic Piano,1,69,A4,84,0.3663106000000056,65.802218,66.1685286
Bright Acoustic Piano,1,57,A3,80,0.4893053999999921,65.8075656,66.296871
Bright Acoustic Piano,1,60,C4,61,0.2112302000000028,66.1177264,66.3289566
Bright Acoustic Piano,1,64,E4,64,0.09358299999999531,66.2915234,66.3851064
Bright Acoustic Piano,1,57,A3,83,0.07486639999999056,66.457299,66.5321654
Bright Acoustic Piano,1,69,A4,83,0.10160439999999937,66.457299,66.5589034
Bright Acoustic Piano,1,57,A3,82,0.12834239999999397,66.617727,66.7460694
Bright Acoustic Piano,1,69,A4,76,0.15240659999999195,66.6150532,66.7674598
Bright Acoustic Piano,1,68,G#4,85,0.16310179999999264,66.92788780000001,67.0909896
Bright Acoustic Piano,1,56,G#3,86,0.18181839999999738,66.9332354,67.1150538
Bright Acoustic Piano,1,67,G4,84,0.24064199999999403,67.24607,67.486712
Bright Acoustic Piano,1,55,G3,88,0.29411799999999744,67.24607,67.540188
Bright Acoustic Piano,1,60,C4,63,0.1711231999999967,67.4519526,67.6230758
Bright Acoustic Piano,1,64,E4,58,0.1310162000000048,67.5829688,67.71398500000001
Bright Acoustic Piano,1,55,G3,64,0.14171140000000548,67.7460706,67.887782
Bright Acoustic Piano,1,67,G4,71,0.16844940000000008,67.7567658,67.9252152
Bright Acoustic Piano,1,56,G#3,84,0.10962579999998923,68.074948,68.1845738
Bright Acoustic Piano,1,68,G#4,88,0.1310161999999906,68.074948,68.2059642
Bright Acoustic Piano,1,69,A4,94,0.31016080000000557,68.3851088,68.6952696
Bright Acoustic Piano,1,57,A3,95,0.4037438000000009,68.382435,68.7861788
Bright Acoustic Piano,1,61,C#4,78,0.2513371999999947,68.6979434,68.9492806
Bright Acoustic Piano,1,64,E4,57,0.09358300000000952,68.890457,68.98404000000001
Bright Acoustic Piano,1,61,C#4,50,0.04010700000000611,69.0268208,69.0669278
Bright Acoustic Piano,1,69,A4,82,0.15240660000000616,69.0268208,69.1792274
Bright Acoustic Piano,1,57,A3,82,0.16042799999999602,69.0187994,69.1792274
Bright Acoustic Piano,1,57,A3,84,0.1310161999999906,69.33163400000001,69.4626502
Bright Acoustic Piano,1,69,A4,81,0.14171139999999127,69.33163400000001,69.4733454
Bright Acoustic Piano,1,69,A4,92,0.38770099999999275,69.6605114,70.0482124
Bright Acoustic Piano,1,57,A3,97,0.46791499999999075,69.65783760000001,70.1257526
Bright Acoustic Piano,1,62,D4,49,0.21390399999999943,69.99473640000001,70.20864040000001
Bright Acoustic Piano,1,65,F4,54,0.09893060000000276,70.1685334,70.267464
Bright Acoustic Piano,1,71,B4,88,0.29679180000000827,70.3289614,70.6257532
Bright Acoustic Piano,1,59,B3,82,0.3957223999999968,70.32094000000001,70.7166624
Bright Acoustic Piano,1,62,D4,71,0.20320879999999875,70.6177318,70.8209406
Bright Acoustic Piano,1,65,F4,48,0.09090919999999869,70.7968764,70.8877856
Bright Acoustic Piano,1,69,A4,80,0.35026779999999746,70.9466092,71.296877
Bright Acoustic Piano,1,57,A3,85,0.43850319999999954,70.9412616,71.3797648
Bright Acoustic Piano,1,62,D4,61,0.20588260000000957,71.2861818,71.4920644
Bright Acoustic Piano,1,65,F4,37,0.08556159999999124,71.44393600000001,71.5294976
Bright Acoustic Piano,1,59,B3,77,0.10962580000000344,71.5856474,71.6952732
Bright Acoustic Piano,1,71,B4,79,0.10962579999998923,71.590995,71.7006208
Bright Acoustic Piano,1,71,B4,91,0.16844940000000008,71.7674658,71.9359152
Bright Acoustic Piano,1,59,B3,91,0.184492199999994,71.7594444,71.9439366
Bright Acoustic Piano,1,69,A4,95,0.4973268000000104,72.0829742,72.580301
Bright Acoustic Piano,1,57,A3,98,0.5775408000000084,72.0829742,72.660515
Bright Acoustic Piano,1,62,D4,72,0.16577560000000346,72.5776272,72.7434028
Bright Acoustic Piano,1,65,F4,42,0.08556160000000546,72.7353814,72.820943
Bright Acoustic Piano,1,57,A3,63,0.07754020000000139,72.887788,72.9653282
Bright Acoustic Piano,1,71,B4,28,0.07486640000000477,72.9359164,73.0107828
Bright Acoustic Piano,1,69,A4,36,0.11229960000000005,72.927895,73.0401946
Bright Acoustic Piano,1,71,B4,91,0.12566859999999735,73.1872536,73.3129222
Bright Acoustic Piano,1,59,B3,91,0.13636379999999804,73.1872536,73.3236174
Bright Acoustic Piano,1,69,A4,92,0.3823533999999995,73.489393,73.8717464
Bright Acoustic Piano,1,57,A3,94,0.42780799999999886,73.489393,73.917201
Bright Acoustic Piano,1,62,D4,66,0.21657779999999605,73.8396608,74.0562386
Bright Acoustic Piano,1,65,F4,56,0.10160439999999937,74.00543640000001,74.10704080000001
Bright Acoustic Piano,1,57,A3,79,0.1310161999999906,74.16319060000001,74.2942068
Bright Acoustic Piano,1,69,A4,79,0.13636379999999804,74.1658644,74.3022282
Bright Acoustic Piano,1,58,A#3,89,0.07486640000000477,74.4840466,74.558913
Bright Acoustic Piano,1,70,A#4,79,0.06951879999999733,74.4947418,74.5642606
Bright Acoustic Piano,1,69,A4,78,0.3823533999999995,74.7968812,75.1792346
Bright Acoustic Piano,1,57,A3,79,0.4171127999999982,74.7968812,75.213994
Bright Acoustic Piano,1,60,C4,66,0.21390399999999943,75.12843240000001,75.34233640000001
Bright Acoustic Piano,1,64,E4,58,0.09893060000000276,75.294208,75.3931386
Bright Acoustic Piano,1,57,A3,88,0.1577541999999994,75.44394080000001,75.601695
Bright Acoustic Piano,1,69,A4,88,0.16844940000000008,75.44394080000001,75.61239020000001
Bright Acoustic Piano,1,57,A3,84,0.09625680000000614,75.7541016,75.8503584
Bright Acoustic Piano,1,69,A4,86,0.12299480000000074,75.7541016,75.8770964
Bright Acoustic Piano,1,55,G3,107,0.3155083999999988,76.0776314,76.3931398
Bright Acoustic Piano,1,55,G3,94,0.16042799999999602,76.2327118,76.3931398
Bright Acoustic Piano,1,67,G4,104,0.3155083999999988,76.0803052,76.3958136
Bright Acoustic Piano,1,67,G4,91,0.1577541999999994,76.2380594,76.3958136
Bright Acoustic Piano,1,60,C4,64,0.3930486000000002,76.5268298,76.9198784
Bright Acoustic Piano,1,64,E4,77,0.2593585999999988,76.7139958,76.9733544
Bright Acoustic Piano,1,55,G3,81,0.11497339999999667,77.0081138,77.1230872
Bright Acoustic Piano,1,67,G4,78,0.14171139999999127,77.018809,77.1605204
Bright Acoustic Piano,1,69,A4,89,0.3181821999999954,77.1979536,77.5161358
Bright Acoustic Piano,1,57,A3,93,0.32085600000000625,77.1952798,77.5161358
Bright Acoustic Piano,1,67,G4,91,0.33155120000000693,77.5402,77.8717512
Bright Acoustic Piano,1,55,G3,94,0.5320861999999948,77.5375262,78.0696124
Bright Acoustic Piano,1,60,C4,64,0.3930486000000002,77.8316442,78.2246928
Bright Acoustic Piano,1,64,E4,77,0.2593585999999988,78.01613640000001,78.275495
Bright Acoustic Piano,1,55,G3,81,0.11497339999999667,78.3129282,78.4279016
Bright Acoustic Piano,1,67,G4,78,0.14171139999999127,78.3209496,78.462661
Bright Acoustic Piano,1,69,A4,89,0.3556154000000049,78.6391318,78.9947472
Bright Acoustic Piano,1,57,A3,93,0.41443900000000156,78.636458,79.050897
Bright Acoustic Piano,1,61,C#4,74,0.24064199999999403,78.9519664,79.1926084
Bright Acoustic Piano,1,64,E4,45,0.09358299999999531,79.1525014,79.2460844
Bright Acoustic Piano,1,61,C#4,46,0.03743319999999528,79.30758180000001,79.345015
Bright Acoustic Piano,1,64,E4,35,0.04278080000000273,79.3129294,79.3557102
Bright Acoustic Piano,1,57,A3,76,0.14973279999999534,79.29688660000001,79.4466194
Bright Acoustic Piano,1,69,A4,80,0.15508040000000278,79.3022342,79.4573146
Bright Acoustic Piano,1,70,A#4,93,0.12834239999999397,79.612395,79.7407374
Bright Acoustic Piano,1,58,A#3,95,0.14973279999999534,79.6070474,79.7567802
Bright Acoustic Piano,1,69,A4,82,0.3663106000000056,79.919882,80.2861926
Bright Acoustic Piano,1,57,A3,77,0.4090913999999941,79.91453440000001,80.3236258
Bright Acoustic Piano,1,62,D4,69,0.20588259999999536,80.2567808,80.4626634
Bright Acoustic Piano,1,65,F4,77,0.1042782000000102,80.4172088,80.52148700000001
Bright Acoustic Piano,1,71,B4,96,0.2593585999999988,80.5803106,80.8396692
Bright Acoustic Piano,1,59,B3,96,0.44117699999999616,80.57763680000001,81.0188138
Bright Acoustic Piano,1,62,D4,61,0.1978612000000055,80.8984928,81.096354
Bright Acoustic Piano,1,65,F4,65,0.10427819999999599,81.0615946,81.1658728
Bright Acoustic Piano,1,57,A3,72,0.07754020000000139,81.2113274,81.2888676
Bright Acoustic Piano,1,69,A4,70,0.08288779999999463,81.2193488,81.3022366
Bright Acoustic Piano,1,69,A4,84,0.2112302000000028,81.3797768,81.591007
Bright Acoustic Piano,1,57,A3,88,0.35026779999999746,81.377103,81.7273708
Bright Acoustic Piano,1,62,D4,55,0.18181839999999738,81.5722904,81.7541088
Bright Acoustic Piano,1,65,F4,58,0.09090919999999869,81.7140018,81.804911
Bright Acoustic Piano,1,59,B3,79,0.1443852000000021,81.8744298,82.018815
Bright Acoustic Piano,1,71,B4,84,0.14171139999999127,81.8824512,82.0241626
Bright Acoustic Piano,1,71,B4,88,0.11497339999999667,82.1738954,82.2888688
Bright Acoustic Piano,1,59,B3,91,0.11497339999999667,82.1738954,82.2888688
Bright Acoustic Piano,1,69,A4,89,0.3663106000000056,82.4813824,82.847693
Bright Acoustic Piano,1,57,A3,94,0.524064800000005,82.4813824,83.0054472
Bright Acoustic Piano,1,62,D4,69,0.23262060000000417,82.794217,83.02683760000001
Bright Acoustic Piano,1,65,F4,66,0.1176472000000075,82.968014,83.0856612
Bright Acoustic Piano,1,69,A4,41,0.10160439999999937,83.181918,83.2835224
Bright Acoustic Piano,1,71,B4,32,0.14973280000000955,83.168549,83.31828180000001
Bright Acoustic Piano,1,60,C4,98,0.1443852000000021,83.4573194,83.6017046
Bright Acoustic Piano,1,72,C5,92,0.1443852000000021,83.462667,83.6070522
Bright Acoustic Piano,1,71,B4,90,0.34492020000000423,83.7781754,84.1230956
Bright Acoustic Piano,1,59,B3,98,0.4304818000000097,83.7755016,84.20598340000001
Bright Acoustic Piano,1,62,D4,78,0.21657779999999605,84.0990314,84.3156092
Bright Acoustic Piano,1,65,F4,54,0.09625679999999193,84.26213320000001,84.35839
Bright Acoustic Piano,1,59,B3,79,0.11229960000000005,84.4145398,84.5268394
Bright Acoustic Piano,1,71,B4,81,0.12299480000000074,84.4172136,84.5402084
Bright Acoustic Piano,1,70,A#4,87,0.11764719999999329,84.746091,84.8637382
Bright Acoustic Piano,1,58,A#3,96,0.1443852000000021,84.7353958,84.87978100000001
Bright Acoustic Piano,1,57,A3,92,0.05080220000000679,85.0455566,85.0963588
Bright Acoustic Piano,1,69,A4,91,0.3903748000000036,85.0455566,85.4359314
Bright Acoustic Piano,1,60,C4,63,0.20320879999999875,85.3717602,85.574969
Bright Acoustic Piano,1,64,E4,61,0.07754020000000139,85.5509048,85.628445
Bright Acoustic Piano,1,71,B4,86,0.21390399999999943,85.7059852,85.9198892
Bright Acoustic Piano,1,59,B3,80,0.23262060000000417,85.7059852,85.9386058
Bright Acoustic Piano,1,71,B4,80,0.12834240000000818,86.0134722,86.1418146
Bright Acoustic Piano,1,59,B3,85,0.1577541999999994,86.0134722,86.1712264
Bright Acoustic Piano,1,69,A4,84,0.3663106000000056,86.337002,86.7033126
Bright Acoustic Piano,1,57,A3,80,0.4893053999999921,86.3423496,86.831655
Bright Acoustic Piano,1,60,C4,61,0.2112302000000028,86.6525104,86.8637406
Bright Acoustic Piano,1,64,E4,64,0.09358299999999531,86.8263074,86.9198904
Bright Acoustic Piano,1,57,A3,83,0.07486639999999056,86.99208300000001,87.0669494
Bright Acoustic Piano,1,69,A4,83,0.10160439999999937,86.99208300000001,87.09368740000001
Bright Acoustic Piano,1,57,A3,82,0.12834239999999397,87.152511,87.2808534
Bright Acoustic Piano,1,69,A4,76,0.15240659999999195,87.14983720000001,87.3022438
Bright Acoustic Piano,1,68,G#4,85,0.16310180000000685,87.4626718,87.6257736
Bright Acoustic Piano,1,56,G#3,86,0.18181839999999738,87.4680194,87.6498378
Bright Acoustic Piano,1,67,G4,84,0.24064199999999403,87.780854,88.021496
Bright Acoustic Piano,1,55,G3,88,0.29411799999999744,87.780854,88.074972
Bright Acoustic Piano,1,60,C4,63,0.1711231999999967,87.9867366,88.1578598
Bright Acoustic Piano,1,64,E4,58,0.1310161999999906,88.1177528,88.248769
Bright Acoustic Piano,1,55,G3,64,0.14171140000000548,88.2808546,88.422566
Bright Acoustic Piano,1,67,G4,71,0.16844940000000008,88.2915498,88.4599992
Bright Acoustic Piano,1,56,G#3,84,0.10962579999998923,88.60973200000001,88.7193578
Bright Acoustic Piano,1,68,G#4,88,0.1310161999999906,88.60973200000001,88.7407482
Bright Acoustic Piano,1,69,A4,94,0.31016080000000557,88.9198928,89.2300536
Bright Acoustic Piano,1,57,A3,95,0.4037438000000009,88.917219,89.3209628
Bright Acoustic Piano,1,61,C#4,78,0.2513371999999947,89.2327274,89.4840646
Bright Acoustic Piano,1,64,E4,57,0.09358299999999531,89.425241,89.518824
Bright Acoustic Piano,1,61,C#4,50,0.04010700000000611,89.5616048,89.6017118
Bright Acoustic Piano,1,69,A4,82,0.15240660000000616,89.5616048,89.7140114
Bright Acoustic Piano,1,57,A3,82,0.16042799999999602,89.55358340000001,89.7140114
Bright Acoustic Piano,1,57,A3,84,0.1310162000000048,89.866418,89.9974342
Bright Acoustic Piano,1,69,A4,81,0.14171140000000548,89.866418,90.0081294
Bright Acoustic Piano,1,69,A4,92,0.38770099999999275,90.1952954,90.5829964
Bright Acoustic Piano,1,57,A3,97,0.46791500000000497,90.1926216,90.6605366
Bright Acoustic Piano,1,62,D4,49,0.21390399999999943,90.5295204,90.7434244
Bright Acoustic Piano,1,65,F4,54,0.09893060000000276,90.7033174,90.802248
Bright Acoustic Piano,1,71,B4,88,0.29679180000000827,90.8637454,91.16053720000001
Bright Acoustic Piano,1,59,B3,82,0.395722400000011,90.855724,91.2514464
Bright Acoustic Piano,1,62,D4,71,0.20320879999999875,91.1525158,91.3557246
Bright Acoustic Piano,1,65,F4,48,0.09090919999999869,91.3316604,91.4225696
Bright Acoustic Piano,1,69,A4,80,0.35026779999999746,91.4813932,91.831661
Bright Acoustic Piano,1,57,A3,85,0.43850319999999954,91.4760456,91.9145488
Bright Acoustic Piano,1,62,D4,61,0.20588260000000957,91.8209658,92.0268484
Bright Acoustic Piano,1,65,F4,37,0.08556160000000546,91.97872,92.0642816
Bright Acoustic Piano,1,59,B3,77,0.10962580000000344,92.1204314,92.2300572
Bright Acoustic Piano,1,71,B4,79,0.10962579999998923,92.12577900000001,92.2354048
Bright Acoustic Piano,1,71,B4,91,0.16844940000000008,92.3022498,92.4706992
Bright Acoustic Piano,1,59,B3,91,0.184492199999994,92.29422840000001,92.4787206
Bright Acoustic Piano,1,69,A4,95,0.4973268000000104,92.6177582,93.11508500000001
Bright Acoustic Piano,1,57,A3,98,0.5775408000000084,92.6177582,93.195299
Bright Acoustic Piano,1,62,D4,72,0.16577560000000346,93.1124112,93.2781868
Bright Acoustic Piano,1,65,F4,42,0.08556160000000546,93.2701654,93.355727
Bright Acoustic Piano,1,57,A3,63,0.07754020000000139,93.422572,93.5001122
Bright Acoustic Piano,1,71,B4,28,0.07486640000000477,93.4707004,93.5455668
Bright Acoustic Piano,1,69,A4,36,0.11229960000000005,93.46267900000001,93.57497860000001
Bright Acoustic Piano,1,71,B4,91,0.12566859999999735,93.72203760000001,93.8477062
Bright Acoustic Piano,1,59,B3,91,0.13636379999999804,93.72203760000001,93.8584014
Bright Acoustic Piano,1,69,A4,92,0.3823533999999995,94.02417700000001,94.40653040000001
Bright Acoustic Piano,1,57,A3,94,0.42780799999999886,94.02417700000001,94.45198500000001
Bright Acoustic Piano,1,62,D4,66,0.21657779999999605,94.3744448,94.5910226
Bright Acoustic Piano,1,65,F4,56,0.10160439999999937,94.5402204,94.6418248
Bright Acoustic Piano,1,57,A3,79,0.1310162000000048,94.6979746,94.8289908
Bright Acoustic Piano,1,69,A4,79,0.13636379999999804,94.7006484,94.8370122
Bright Acoustic Piano,1,58,A#3,89,0.07486640000000477,95.0188306,95.093697
Bright Acoustic Piano,1,70,A#4,79,0.06951879999999733,95.0295258,95.0990446
Bright Acoustic Piano,1,69,A4,78,0.3823533999999995,95.3316652,95.7140186
Bright Acoustic Piano,1,57,A3,79,0.4171127999999982,95.3316652,95.748778
Bright Acoustic Piano,1,60,C4,66,0.21390399999999943,95.6632164,95.8771204
Bright Acoustic Piano,1,64,E4,58,0.09893060000000276,95.828992,95.9279226
Bright Acoustic Piano,1,57,A3,88,0.1577542000000136,95.9787248,96.13647900000001
Bright Acoustic Piano,1,69,A4,88,0.16844940000000008,95.9787248,96.1471742
Bright Acoustic Piano,1,57,A3,84,0.09625680000000614,96.2888856,96.3851424
Bright Acoustic Piano,1,69,A4,86,0.12299480000000074,96.2888856,96.4118804
Bright Acoustic Piano,1,68,G#4,104,0.3957223999999968,96.6150892,97.0108116
Bright Acoustic Piano,1,56,G#3,107,0.4304817999999955,96.6124154,97.0428972
Bright Acoustic Piano,1,60,C4,61,0.18716599999999062,96.9600094,97.1471754
Bright Acoustic Piano,1,63,D#4,88,0.09090919999999869,97.1097422,97.2006514
Bright Acoustic Piano,1,68,G#4,103,0.17647080000000415,97.259475,97.4359458
Bright Acoustic Piano,1,56,G#3,101,0.1818184000000116,97.259475,97.4412934
Bright Acoustic Piano,1,68,G#4,103,0.2754014000000069,97.5910262,97.86642760000001
Bright Acoustic Piano,1,56,G#3,108,0.2860965999999934,97.5910262,97.8771228
Bright Acoustic Piano,1,68,G#4,91,0.33155120000000693,98.074984,98.40653520000001
Bright Acoustic Piano,1,56,G#3,94,0.5320861999999948,98.0723102,98.6043964
Bright Acoustic Piano,1,61,C#4,64,0.3930486000000002,98.3664282,98.7594768
Bright Acoustic Piano,1,65,F4,77,0.259358600000013,98.5509204,98.81027900000001
Bright Acoustic Piano,1,56,G#3,81,0.11497339999999667,98.8477122,98.9626856
Bright Acoustic Piano,1,68,G#4,78,0.14171139999999127,98.85573360000001,98.997445
Bright Acoustic Piano,1,70,A#4,89,0.3556154000000049,99.1739158,99.52953120000001
Bright Acoustic Piano,1,58,A#3,93,0.41443900000000156,99.171242,99.58568100000001
Bright Acoustic Piano,1,62,D4,74,0.24064199999999403,99.4867504,99.7273924
Bright Acoustic Piano,1,65,F4,45,0.09358299999999531,99.68728540000001,99.7808684
Bright Acoustic Piano,1,62,D4,46,0.03743320000000949,99.8423658,99.879799
Bright Acoustic Piano,1,65,F4,35,0.04278080000000273,99.8477134,99.8904942
Bright Acoustic Piano,1,58,A#3,76,0.14973280000000955,99.8316706,99.9814034
Bright Acoustic Piano,1,70,A#4,80,0.15508040000000278,99.8370182,99.9920986
Bright Acoustic Piano,1,71,B4,93,0.12834239999999397,100.14717900000001,100.2755214
Bright Acoustic Piano,1,59,B3,95,0.14973279999999534,100.1418314,100.2915642
Bright Acoustic Piano,1,70,A#4,82,0.3663106000000056,100.454666,100.82097660000001
Bright Acoustic Piano,1,58,A#3,77,0.4090914000000083,100.4493184,100.8584098
Bright Acoustic Piano,1,63,D#4,69,0.20588259999999536,100.7915648,100.9974474
Bright Acoustic Piano,1,66,F#4,77,0.10427819999999599,100.9519928,101.056271
Bright Acoustic Piano,1,72,C5,96,0.2593585999999988,101.1150946,101.3744532
Bright Acoustic Piano,1,60,C4,96,0.44117700000001037,101.1124208,101.5535978
Bright Acoustic Piano,1,63,D#4,61,0.1978612000000055,101.4332768,101.631138
Bright Acoustic Piano,1,66,F#4,65,0.10427819999999599,101.59637860000001,101.7006568
Bright Acoustic Piano,1,58,A#3,72,0.07754020000000139,101.7461114,101.8236516
Bright Acoustic Piano,1,70,A#4,70,0.08288779999999463,101.75413280000001,101.8370206
Bright Acoustic Piano,1,70,A#4,84,0.2112302000000028,101.9145608,102.125791
Bright Acoustic Piano,1,58,A#3,88,0.35026779999999746,101.91188700000001,102.2621548
Bright Acoustic Piano,1,63,D#4,55,0.18181839999999738,102.1070744,102.2888928
Bright Acoustic Piano,1,66,F#4,58,0.09090919999999869,102.24878580000001,102.339695
Bright Acoustic Piano,1,60,C4,79,0.1443852000000021,102.4092138,102.553599
Bright Acoustic Piano,1,72,C5,84,0.14171139999999127,102.41723520000001,102.5589466
Bright Acoustic Piano,1,72,C5,88,0.11497339999999667,102.70867940000001,102.8236528
Bright Acoustic Piano,1,60,C4,91,0.11497339999999667,102.70867940000001,102.8236528
Bright Acoustic Piano,1,70,A#4,89,0.3663106000000056,103.0161664,103.38247700000001
Bright Acoustic Piano,1,58,A#3,94,0.524064800000005,103.0161664,103.54023120000001
Bright Acoustic Piano,1,63,D#4,69,0.23262059999998996,103.329001,103.5616216
Bright Acoustic Piano,1,66,F#4,66,0.1176472000000075,103.502798,103.6204452
Bright Acoustic Piano,1,70,A#4,41,0.10160439999999937,103.716702,103.8183064
Bright Acoustic Piano,1,72,C5,32,0.14973279999999534,103.703333,103.8530658
Bright Acoustic Piano,1,61,C#4,98,0.1443852000000021,103.9921034,104.1364886
Bright Acoustic Piano,1,73,C#5,92,0.1443852000000021,103.997451,104.1418362
Bright Acoustic Piano,1,72,C5,90,0.34492020000000423,104.3129594,104.6578796
Bright Acoustic Piano,1,60,C4,98,0.4304817999999955,104.3102856,104.7407674
Bright Acoustic Piano,1,63,D#4,78,0.21657779999999605,104.6338154,104.8503932
Bright Acoustic Piano,1,66,F#4,54,0.09625680000000614,104.7969172,104.893174
Bright Acoustic Piano,1,60,C4,79,0.11229960000000005,104.9493238,105.0616234
Bright Acoustic Piano,1,72,C5,81,0.12299480000000074,104.9519976,105.0749924
Bright Acoustic Piano,1,71,B4,87,0.11764719999999329,105.28087500000001,105.3985222
Bright Acoustic Piano,1,59,B3,96,0.1443851999999879,105.27017980000001,105.414565
Bright Acoustic Piano,1,58,A#3,92,0.05080220000000679,105.5803406,105.6311428
Bright Acoustic Piano,1,70,A#4,91,0.3903748000000036,105.5803406,105.9707154
Bright Acoustic Piano,1,61,C#4,63,0.20320879999999875,105.9065442,106.109753
Bright Acoustic Piano,1,65,F4,61,0.07754020000000139,106.0856888,106.163229
Bright Acoustic Piano,1,72,C5,86,0.21390399999999943,106.2407692,106.4546732
Bright Acoustic Piano,1,60,C4,80,0.23262060000000417,106.2407692,106.4733898
Bright Acoustic Piano,1,72,C5,80,0.12834240000000818,106.5482562,106.6765986
Bright Acoustic Piano,1,60,C4,85,0.1577541999999994,106.5482562,106.7060104
Bright Acoustic Piano,1,66,F#4,84,0.3663106000000056,106.871786,107.2380966
Bright Acoustic Piano,1,54,F#3,80,0.4893053999999921,106.87713360000001,107.366439
Bright Acoustic Piano,1,61,C#4,64,0.09358299999999531,107.3610914,107.4546744
Bright Acoustic Piano,1,65,F4,61,0.2112302000000028,107.3557438,107.566974
Bright Acoustic Piano,1,68,G#4,84,0.24064199999999403,108.315638,108.55628
Bright Acoustic Piano,1,56,G#3,88,0.29411799999999744,108.315638,108.609756
Bright Acoustic Piano,1,61,C#4,63,0.1711231999999967,108.5215206,108.6926438
Bright Acoustic Piano,1,65,F4,58,0.1310161999999906,108.65253680000001,108.783553
Bright Acoustic Piano,1,56,G#3,64,0.14171140000000548,108.8156386,108.95735
Bright Acoustic Piano,1,68,G#4,71,0.16844940000000008,108.8263338,108.9947832
Bright Acoustic Piano,1,57,A3,84,0.10962580000000344,109.144516,109.2541418
Bright Acoustic Piano,1,69,A4,88,0.1310162000000048,109.144516,109.2755322
Bright Acoustic Piano,1,70,A#4,94,0.31016080000000557,109.4546768,109.7648376
Bright Acoustic Piano,1,58,A#3,95,0.4037438000000009,109.452003,109.8557468
Bright Acoustic Piano,1,62,D4,78,0.2513371999999947,109.7675114,110.0188486
Bright Acoustic Piano,1,65,F4,57,0.09358299999999531,109.960025,110.053608
Bright Acoustic Piano,1,62,D4,50,0.04010700000000611,110.0963888,110.1364958
Bright Acoustic Piano,1,70,A#4,82,0.15240660000000616,110.0963888,110.2487954
Bright Acoustic Piano,1,58,A#3,82,0.16042800000001023,110.0883674,110.2487954
Bright Acoustic Piano,1,58,A#3,84,0.1310162000000048,110.401202,110.5322182
Bright Acoustic Piano,1,70,A#4,81,0.14171140000000548,110.401202,110.5429134
Bright Acoustic Piano,1,70,A#4,92,0.38770099999999275,110.73007940000001,111.1177804
Bright Acoustic Piano,1,58,A#3,97,0.46791500000000497,110.7274056,111.1953206
Bright Acoustic Piano,1,63,D#4,49,0.21390399999999943,111.0643044,111.2782084
Bright Acoustic Piano,1,66,F#4,54,0.09893060000000276,111.2381014,111.33703200000001
Bright Acoustic Piano,1,72,C5,88,0.29679179999999405,111.3985294,111.6953212
Bright Acoustic Piano,1,60,C4,82,0.395722400000011,111.390508,111.78623040000001
Bright Acoustic Piano,1,63,D#4,71,0.20320879999999875,111.6872998,111.8905086
Bright Acoustic Piano,1,66,F#4,48,0.09090919999999869,111.8664444,111.9573536
Bright Acoustic Piano,1,70,A#4,80,0.35026779999999746,112.0161772,112.366445
Bright Acoustic Piano,1,58,A#3,85,0.43850319999999954,112.01082960000001,112.44933280000001
Bright Acoustic Piano,1,63,D#4,61,0.20588260000000957,112.3557498,112.56163240000001
Bright Acoustic Piano,1,66,F#4,37,0.08556160000000546,112.513504,112.5990656
Bright Acoustic Piano,1,60,C4,77,0.10962580000000344,112.6552154,112.7648412
Bright Acoustic Piano,1,72,C5,79,0.10962580000000344,112.660563,112.7701888
Bright Acoustic Piano,1,72,C5,91,0.16844940000000008,112.8370338,113.0054832
Bright Acoustic Piano,1,60,C4,91,0.1844922000000082,112.8290124,113.0135046
Bright Acoustic Piano,1,70,A#4,95,0.4973267999999962,113.1525422,113.649869
Bright Acoustic Piano,1,58,A#3,98,0.5775408000000084,113.1525422,113.73008300000001
Bright Acoustic Piano,1,63,D#4,72,0.16577560000000346,113.6471952,113.8129708
Bright Acoustic Piano,1,66,F#4,42,0.08556160000000546,113.8049494,113.890511
Bright Acoustic Piano,1,58,A#3,63,0.07754020000000139,113.957356,114.0348962
Bright Acoustic Piano,1,72,C5,28,0.07486640000000477,114.0054844,114.0803508
Bright Acoustic Piano,1,70,A#4,36,0.11229960000000005,113.997463,114.1097626
Bright Acoustic Piano,1,72,C5,91,0.12566860000001157,114.2568216,114.3824902
Bright Acoustic Piano,1,60,C4,91,0.13636380000001225,114.2568216,114.39318540000001
Bright Acoustic Piano,1,70,A#4,92,0.3823533999999995,114.558961,114.9413144
Bright Acoustic Piano,1,58,A#3,94,0.42780799999999886,114.558961,114.986769
Bright Acoustic Piano,1,63,D#4,66,0.21657779999999605,114.90922880000001,115.1258066
Bright Acoustic Piano,1,66,F#4,56,0.10160439999999937,115.0750044,115.1766088
Bright Acoustic Piano,1,58,A#3,79,0.1310162000000048,115.2327586,115.3637748
Bright Acoustic Piano,1,70,A#4,79,0.13636379999999804,115.23543240000001,115.3717962
Bright Acoustic Piano,1,59,B3,89,0.07486640000000477,115.5536146,115.62848100000001
Bright Acoustic Piano,1,71,B4,79,0.06951879999999733,115.5643098,115.6338286
Bright Acoustic Piano,1,68,G#4,78,0.3823533999999995,115.8664492,116.2488026
Bright Acoustic Piano,1,56,G#3,79,0.4171127999999982,115.8664492,116.283562
Bright Acoustic Piano,1,61,C#4,82,0.1711231999999967,116.20067420000001,116.3717974
Bright Acoustic Piano,1,65,F4,67,0.11764719999999329,116.3397118,116.457359
Bright Acoustic Piano,1,58,A#3,69,0.24331580000000486,116.5001398,116.7434556
Bright Acoustic Piano,1,70,A#4,37,0.25401100000000554,116.5135088,116.7675198
Bright Acoustic Piano,1,56,G#3,80,0.33422499999998934,116.8423862,117.1766112
Bright Acoustic Piano,1,68,G#4,83,0.37700579999999206,116.8423862,117.219392
Bright Acoustic Piano,1,61,C#4,100,0.21390399999999943,117.3183226,117.5322266
Bright Acoustic Piano,1,73,C#5,104,0.22727299999999673,117.3209964,117.5482694
Bright Acoustic Piano,1,68,G#4,91,0.3315511999999927,118.609768,118.9413192
Bright Acoustic Piano,1,56,G#3,94,0.5320861999999948,118.6070942,119.1391804
Bright Acoustic Piano,1,61,C#4,64,0.3930486000000002,118.9012122,119.2942608
Bright Acoustic Piano,1,65,F4,77,0.2593585999999988,119.0857044,119.345063
Bright Acoustic Piano,1,56,G#3,81,0.11497339999999667,119.3824962,119.4974696
Bright Acoustic Piano,1,68,G#4,78,0.14171140000000548,119.3905176,119.532229
Bright Acoustic Piano,1,70,A#4,89,0.3556153999999907,119.7086998,120.0643152
Bright Acoustic Piano,1,58,A#3,93,0.41443899999998735,119.70602600000001,120.120465
Bright Acoustic Piano,1,62,D4,74,0.24064199999999403,120.02153440000001,120.2621764
Bright Acoustic Piano,1,65,F4,45,0.09358300000000952,120.2220694,120.3156524
Bright Acoustic Piano,1,62,D4,46,0.03743320000000949,120.3771498,120.41458300000001
Bright Acoustic Piano,1,65,F4,35,0.04278080000000273,120.3824974,120.42527820000001
Bright Acoustic Piano,1,58,A#3,76,0.14973280000000955,120.3664546,120.5161874
Bright Acoustic Piano,1,70,A#4,80,0.15508040000000278,120.3718022,120.52688260000001
Bright Acoustic Piano,1,71,B4,93,0.12834240000000818,120.681963,120.8103054
Bright Acoustic Piano,1,59,B3,95,0.14973279999999534,120.6766154,120.8263482
Bright Acoustic Piano,1,70,A#4,82,0.3663105999999914,120.98945,121.3557606
Bright Acoustic Piano,1,58,A#3,77,0.4090914000000083,120.9841024,121.3931938
Bright Acoustic Piano,1,63,D#4,69,0.20588259999999536,121.3263488,121.5322314
Bright Acoustic Piano,1,66,F#4,77,0.10427819999999599,121.4867768,121.591055
Bright Acoustic Piano,1,72,C5,96,0.2593585999999988,121.64987860000001,121.9092372
Bright Acoustic Piano,1,60,C4,96,0.44117700000001037,121.6472048,122.08838180000001
Bright Acoustic Piano,1,63,D#4,61,0.1978612000000055,121.9680608,122.16592200000001
Bright Acoustic Piano,1,66,F#4,65,0.1042782000000102,122.1311626,122.2354408
Bright Acoustic Piano,1,58,A#3,72,0.07754020000000139,122.2808954,122.3584356
Bright Acoustic Piano,1,70,A#4,70,0.08288780000000884,122.2889168,122.3718046
Bright Acoustic Piano,1,70,A#4,84,0.2112302000000028,122.4493448,122.66057500000001
Bright Acoustic Piano,1,58,A#3,88,0.35026779999999746,122.44667100000001,122.7969388
Bright Acoustic Piano,1,63,D#4,55,0.18181839999999738,122.6418584,122.8236768
Bright Acoustic Piano,1,66,F#4,58,0.09090919999999869,122.78356980000001,122.87447900000001
Bright Acoustic Piano,1,60,C4,79,0.1443852000000021,122.9439978,123.08838300000001
Bright Acoustic Piano,1,72,C5,84,0.14171140000000548,122.9520192,123.0937306
Bright Acoustic Piano,1,72,C5,88,0.11497340000001088,123.2434634,123.3584368
Bright Acoustic Piano,1,60,C4,91,0.11497340000001088,123.2434634,123.3584368
Bright Acoustic Piano,1,70,A#4,89,0.3663105999999914,123.5509504,123.917261
Bright Acoustic Piano,1,58,A#3,94,0.5240647999999908,123.5509504,124.0750152
Bright Acoustic Piano,1,63,D#4,69,0.23262059999998996,123.86378500000001,124.0964056
Bright Acoustic Piano,1,66,F#4,66,0.1176472000000075,124.037582,124.15522920000001
Bright Acoustic Piano,1,70,A#4,41,0.10160439999999937,124.251486,124.3530904
Bright Acoustic Piano,1,72,C5,32,0.14973279999999534,124.238117,124.3878498
Bright Acoustic Piano,1,61,C#4,98,0.1443852000000021,124.5268874,124.67127260000001
Bright Acoustic Piano,1,73,C#5,92,0.1443852000000021,124.532235,124.6766202
Bright Acoustic Piano,1,72,C5,90,0.34492020000000423,124.8477434,125.1926636
Bright Acoustic Piano,1,60,C4,98,0.4304817999999955,124.8450696,125.2755514
Bright Acoustic Piano,1,63,D#4,78,0.21657779999999605,125.1685994,125.3851772
Bright Acoustic Piano,1,66,F#4,54,0.09625680000000614,125.3317012,125.427958
Bright Acoustic Piano,1,60,C4,79,0.11229960000000005,125.4841078,125.5964074
Bright Acoustic Piano,1,72,C5,81,0.12299480000000074,125.4867816,125.6097764
Bright Acoustic Piano,1,71,B4,87,0.1176472000000075,125.815659,125.9333062
Bright Acoustic Piano,1,59,B3,96,0.1443852000000021,125.8049638,125.949349
Bright Acoustic Piano,1,58,A#3,92,0.05080220000000679,126.1151246,126.16592680000001
Bright Acoustic Piano,1,70,A#4,91,0.3903748000000036,126.1151246,126.5054994
Bright Acoustic Piano,1,61,C#4,63,0.20320879999999875,126.4413282,126.644537
Bright Acoustic Piano,1,65,F4,61,0.07754020000000139,126.6204728,126.698013
Bright Acoustic Piano,1,72,C5,86,0.21390399999999943,126.7755532,126.9894572
Bright Acoustic Piano,1,60,C4,80,0.23262060000000417,126.7755532,127.00817380000001
Bright Acoustic Piano,1,72,C5,80,0.12834240000000818,127.0830402,127.21138260000001
Bright Acoustic Piano,1,60,C4,85,0.1577541999999994,127.0830402,127.2407944
Bright Acoustic Piano,1,66,F#4,84,0.3663106000000056,127.40657,127.77288060000001
Bright Acoustic Piano,1,54,F#3,80,0.48930540000000633,127.4119176,127.901223
Bright Acoustic Piano,1,61,C#4,64,0.09358299999999531,127.89587540000001,127.9894584
Bright Acoustic Piano,1,65,F4,61,0.2112301999999886,127.8905278,128.101758
Bright Acoustic Piano,1,68,G#4,84,0.24064199999997982,128.850422,129.091064
Bright Acoustic Piano,1,56,G#3,88,0.29411799999999744,128.850422,129.14454
Bright Acoustic Piano,1,61,C#4,63,0.1711232000000109,129.0563046,129.22742780000002
Bright Acoustic Piano,1,65,F4,58,0.1310162000000048,129.1873208,129.318337
Bright Acoustic Piano,1,56,G#3,64,0.14171139999999127,129.3504226,129.492134
Bright Acoustic Piano,1,68,G#4,71,0.1684494000000143,129.3611178,129.5295672
Bright Acoustic Piano,1,57,A3,84,0.10962580000000344,129.6793,129.78892580000002
Bright Acoustic Piano,1,69,A4,88,0.13101619999997638,129.6793,129.8103162
Bright Acoustic Piano,1,70,A#4,94,0.31016080000000557,129.9894608,130.2996216
Bright Acoustic Piano,1,58,A#3,95,0.4037438000000009,129.986787,130.3905308
Bright Acoustic Piano,1,62,D4,78,0.25133720000002313,130.3022954,130.55363260000001
Bright Acoustic Piano,1,65,F4,57,0.09358299999999531,130.494809,130.588392
Bright Acoustic Piano,1,62,D4,50,0.04010700000000611,130.6311728,130.6712798
Bright Acoustic Piano,1,70,A#4,82,0.15240660000000616,130.6311728,130.7835794
Bright Acoustic Piano,1,58,A#3,82,0.16042799999999602,130.6231514,130.7835794
Bright Acoustic Piano,1,58,A#3,84,0.13101619999997638,130.935986,131.0670022
Bright Acoustic Piano,1,70,A#4,81,0.14171139999999127,130.935986,131.0776974
Bright Acoustic Piano,1,70,A#4,92,0.38770099999999275,131.2648634,131.6525644
Bright Acoustic Piano,1,58,A#3,97,0.46791500000000497,131.2621896,131.7301046
Bright Acoustic Piano,1,63,D#4,49,0.21390400000001364,131.5990884,131.8129924
Bright Acoustic Piano,1,66,F#4,54,0.09893059999998854,131.7728854,131.871816
Bright Acoustic Piano,1,72,C5,88,0.29679179999999405,131.9333134,132.2301052
Bright Acoustic Piano,1,60,C4,82,0.3957223999999826,131.925292,132.3210144
Bright Acoustic Piano,1,63,D#4,71,0.20320879999999875,132.2220838,132.4252926
Bright Acoustic Piano,1,66,F#4,48,0.09090919999999869,132.4012284,132.4921376
Bright Acoustic Piano,1,70,A#4,80,0.3502678000000117,132.5509612,132.901229
Bright Acoustic Piano,1,58,A#3,85,0.43850320000001375,132.5456136,132.9841168
Bright Acoustic Piano,1,63,D#4,61,0.20588259999999536,132.89053380000001,133.0964164
Bright Acoustic Piano,1,66,F#4,37,0.08556159999997703,133.048288,133.1338496
Bright Acoustic Piano,1,60,C4,77,0.10962580000000344,133.1899994,133.2996252
Bright Acoustic Piano,1,72,C5,79,0.10962580000000344,133.195347,133.3049728
Bright Acoustic Piano,1,72,C5,91,0.1684494000000143,133.3718178,133.54026720000002
Bright Acoustic Piano,1,60,C4,91,0.184492199999994,133.3637964,133.5482886
Bright Acoustic Piano,1,70,A#4,95,0.4973267999999962,133.6873262,134.184653
Bright Acoustic Piano,1,58,A#3,98,0.5775408000000084,133.6873262,134.264867
Bright Acoustic Piano,1,63,D#4,72,0.16577559999998925,134.1819792,134.3477548
Bright Acoustic Piano,1,66,F#4,42,0.08556160000000546,134.3397334,134.425295
Bright Acoustic Piano,1,58,A#3,63,0.07754019999998718,134.49214,134.5696802
Bright Acoustic Piano,1,72,C5,28,0.07486639999999056,134.5402684,134.6151348
Bright Acoustic Piano,1,70,A#4,36,0.11229960000000005,134.532247,134.6445466
Bright Acoustic Piano,1,72,C5,91,0.12566860000001157,134.7916056,134.9172742
Bright Acoustic Piano,1,60,C4,91,0.13636379999999804,134.7916056,134.9279694
Bright Acoustic Piano,1,70,A#4,92,0.3823533999999995,135.093745,135.4760984
Bright Acoustic Piano,1,58,A#3,94,0.42780799999999886,135.093745,135.521553
Bright Acoustic Piano,1,63,D#4,66,0.21657780000001026,135.4440128,135.6605906
Bright Acoustic Piano,1,66,F#4,56,0.10160439999998516,135.6097884,135.7113928
Bright Acoustic Piano,1,58,A#3,79,0.13101619999997638,135.7675426,135.8985588
Bright Acoustic Piano,1,70,A#4,79,0.13636379999999804,135.7702164,135.9065802
Bright Acoustic Piano,1,59,B3,89,0.07486639999999056,136.0883986,136.163265
Bright Acoustic Piano,1,71,B4,79,0.06951879999999733,136.0990938,136.1686126
Bright Acoustic Piano,1,68,G#4,78,0.3823533999999995,136.4012332,136.7835866
Bright Acoustic Piano,1,56,G#3,79,0.41711279999998396,136.4012332,136.818346
Bright Acoustic Piano,1,61,C#4,66,0.21390399999998522,136.7327844,136.9466884
Bright Acoustic Piano,1,65,F4,58,0.09893059999998854,136.89856,136.9974906
Bright Acoustic Piano,1,58,A#3,88,0.1577541999999994,137.0482928,137.206047
Bright Acoustic Piano,1,70,A#4,88,0.16844939999998587,137.0482928,137.2167422
Bright Acoustic Piano,1,58,A#3,84,0.09625680000002035,137.3584536,137.4547104
Bright Acoustic Piano,1,70,A#4,86,0.12299480000001495,137.3584536,137.4814484
Bright Acoustic Piano,1,69,A4,104,0.395722400000011,137.6846572,138.08037960000001
Bright Acoustic Piano,1,57,A3,107,0.4304817999999955,137.6819834,138.1124652
Bright Acoustic Piano,1,61,C#4,61,0.18716600000001904,138.0295774,138.2167434
Bright Acoustic Piano,1,64,E4,88,0.09090919999999869,138.1793102,138.2702194
Bright Acoustic Piano,1,69,A4,103,0.17647079999997572,138.329043,138.5055138
Bright Acoustic Piano,1,57,A3,101,0.18181839999999738,138.329043,138.5108614
Bright Acoustic Piano,1,69,A4,103,0.2754014000000211,138.6605942,138.9359956
Bright Acoustic Piano,1,57,A3,108,0.2860966000000076,138.6605942,138.9466908
Bright Acoustic Piano,1,69,A4,91,0.33155120000000693,139.144552,139.4761032
Bright Acoustic Piano,1,57,A3,94,0.5320861999999806,139.1418782,139.6739644
Bright Acoustic Piano,1,62,D4,64,0.393048599999986,139.4359962,139.8290448
Bright Acoustic Piano,1,66,F#4,77,0.259358600000013,139.6204884,139.879847
Bright Acoustic Piano,1,57,A3,81,0.11497339999999667,139.9172802,140.0322536
Bright Acoustic Piano,1,69,A4,78,0.14171139999999127,139.9253016,140.067013
Bright Acoustic Piano,1,71,B4,89,0.3556154000000049,140.2434838,140.5990992
Bright Acoustic Piano,1,59,B3,93,0.41443899999998735,140.24081,140.655249
Bright Acoustic Piano,1,63,D#4,74,0.24064199999997982,140.5563184,140.7969604
Bright Acoustic Piano,1,66,F#4,45,0.09358299999999531,140.7568534,140.8504364
Bright Acoustic Piano,1,63,D#4,46,0.03743319999998107,140.9119338,140.949367
Bright Acoustic Piano,1,66,F#4,35,0.04278080000000273,140.9172814,140.9600622
Bright Acoustic Piano,1,59,B3,76,0.14973280000000955,140.9012386,141.0509714
Bright Acoustic Piano,1,71,B4,80,0.15508040000000278,140.9065862,141.0616666
Bright Acoustic Piano,1,72,C5,93,0.12834240000000818,141.216747,141.3450894
Bright Acoustic Piano,1,60,C4,95,0.14973280000000955,141.2113994,141.36113220000001
Bright Acoustic Piano,1,71,B4,82,0.3663105999999914,141.524234,141.8905446
Bright Acoustic Piano,1,59,B3,77,0.4090913999999941,141.5188864,141.9279778
Bright Acoustic Piano,1,64,E4,69,0.20588259999999536,141.8611328,142.0670154
Bright Acoustic Piano,1,67,G4,77,0.1042782000000102,142.0215608,142.125839
Bright Acoustic Piano,1,73,C#5,96,0.259358600000013,142.1846626,142.4440212
Bright Acoustic Piano,1,61,C#4,96,0.44117700000001037,142.1819888,142.6231658
Bright Acoustic Piano,1,64,E4,61,0.1978612000000055,142.5028448,142.700706
Bright Acoustic Piano,1,67,G4,65,0.10427819999998178,142.6659466,142.7702248
Bright Acoustic Piano,1,59,B3,72,0.0775402000000156,142.8156794,142.8932196
Bright Acoustic Piano,1,71,B4,70,0.08288779999998042,142.8237008,142.9065886
Bright Acoustic Piano,1,71,B4,84,0.2112301999999886,142.9841288,143.195359
Bright Acoustic Piano,1,59,B3,88,0.35026779999998325,142.981455,143.3317228
Bright Acoustic Piano,1,64,E4,55,0.18181839999999738,143.1766424,143.3584608
Bright Acoustic Piano,1,67,G4,58,0.09090919999999869,143.3183538,143.409263
Bright Acoustic Piano,1,61,C#4,79,0.1443851999999879,143.4787818,143.623167
Bright Acoustic Piano,1,73,C#5,84,0.1417114000000197,143.4868032,143.62851460000002
Bright Acoustic Piano,1,73,C#5,88,0.11497339999999667,143.7782474,143.8932208
Bright Acoustic Piano,1,61,C#4,91,0.11497339999999667,143.7782474,143.8932208
Bright Acoustic Piano,1,71,B4,89,0.3663105999999914,144.0857344,144.452045
Bright Acoustic Piano,1,59,B3,94,0.5240647999999908,144.0857344,144.6097992
Bright Acoustic Piano,1,64,E4,69,0.23262059999998996,144.398569,144.6311896
Bright Acoustic Piano,1,67,G4,66,0.11764719999999329,144.57236600000002,144.6900132
Bright Acoustic Piano,1,71,B4,41,0.10160440000001358,144.78627,144.88787440000002
Bright Acoustic Piano,1,73,C#5,32,0.14973280000000955,144.772901,144.9226338
Bright Acoustic Piano,1,62,D4,98,0.1443852000000163,145.0616714,145.2060566
Bright Acoustic Piano,1,74,D5,92,0.1443851999999879,145.06701900000002,145.2114042
Bright Acoustic Piano,1,73,C#5,90,0.34492019999999,145.38252740000001,145.7274476
Bright Acoustic Piano,1,61,C#4,98,0.4304818000000239,145.3798536,145.8103354
Bright Acoustic Piano,1,64,E4,78,0.21657779999998183,145.7033834,145.9199612
Bright Acoustic Piano,1,67,G4,54,0.09625679999999193,145.8664852,145.962742
Bright Acoustic Piano,1,61,C#4,79,0.11229960000000005,146.0188918,146.1311914
Bright Acoustic Piano,1,73,C#5,81,0.12299479999998653,146.0215656,146.1445604
Bright Acoustic Piano,1,72,C5,87,0.11764719999999329,146.350443,146.4680902
Bright Acoustic Piano,1,60,C4,96,0.1443852000000163,146.3397478,146.484133
Bright Acoustic Piano,1,59,B3,92,0.05080219999999258,146.6499086,146.7007108
Bright Acoustic Piano,1,71,B4,91,0.39037479999998936,146.6499086,147.0402834
Bright Acoustic Piano,1,62,D4,63,0.20320880000002717,146.9761122,147.17932100000002
Bright Acoustic Piano,1,66,F#4,61,0.0775402000000156,147.1552568,147.232797
Bright Acoustic Piano,1,73,C#5,86,0.21390400000001364,147.3103372,147.5242412
Bright Acoustic Piano,1,61,C#4,80,0.23262060000001838,147.3103372,147.5429578
Bright Acoustic Piano,1,73,C#5,80,0.12834240000000818,147.6178242,147.7461666
Bright Acoustic Piano,1,61,C#4,85,0.1577541999999994,147.6178242,147.7755784
Bright Acoustic Piano,1,67,G4,84,0.3663106000000198,147.941354,148.3076646
Bright Acoustic Piano,1,55,G3,80,0.4893053999999779,147.9467016,148.436007
Bright Acoustic Piano,1,62,D4,64,0.09358299999999531,148.4306594,148.5242424
Bright Acoustic Piano,1,66,F#4,61,0.2112301999999886,148.4253118,148.636542
Bright Acoustic Piano,1,69,A4,84,0.24064199999997982,149.385206,149.625848
Bright Acoustic Piano,1,57,A3,88,0.29411799999999744,149.385206,149.679324
Bright Acoustic Piano,1,62,D4,63,0.1711231999999825,149.5910886,149.7622118
Bright Acoustic Piano,1,66,F#4,58,0.1310162000000048,149.7221048,149.85312100000002
Bright Acoustic Piano,1,57,A3,64,0.14171139999999127,149.8852066,150.026918
Bright Acoustic Piano,1,69,A4,71,0.1684494000000143,149.8959018,150.0643512
Bright Acoustic Piano,1,58,A#3,84,0.10962579999997502,150.214084,150.3237098
Bright Acoustic Piano,1,70,A#4,88,0.13101619999997638,150.214084,150.3451002
Bright Acoustic Piano,1,71,B4,94,0.31016080000000557,150.5242448,150.8344056
Bright Acoustic Piano,1,59,B3,95,0.4037438000000009,150.521571,150.9253148
Bright Acoustic Piano,1,63,D#4,78,0.25133720000002313,150.8370794,151.08841660000002
Bright Acoustic Piano,1,66,F#4,57,0.09358299999999531,151.029593,151.123176
Bright Acoustic Piano,1,63,D#4,50,0.04010700000000611,151.1659568,151.2060638
Bright Acoustic Piano,1,71,B4,82,0.15240660000000616,151.1659568,151.3183634
Bright Acoustic Piano,1,59,B3,82,0.16042799999999602,151.1579354,151.3183634
Bright Acoustic Piano,1,59,B3,84,0.13101619999997638,151.47077000000002,151.6017862
Bright Acoustic Piano,1,71,B4,81,0.14171139999999127,151.47077000000002,151.6124814
Bright Acoustic Piano,1,67,G4,98,0.1042782000000102,151.9547278,152.059006
Bright Acoustic Piano,1,52,E3,98,0.11497339999999667,151.9547278,152.0697012
Bright Acoustic Piano,1,67,G4,106,0.184492199999994,152.1151558,152.299648
Bright Acoustic Piano,1,52,E3,102,0.20320879999999875,152.1151558,152.3183646
Bright Acoustic Piano,1,71,B4,97,0.12299480000001495,152.4493808,152.57237560000002
Bright Acoustic Piano,1,55,G3,96,0.14973280000000955,152.433338,152.5830708
Bright Acoustic Piano,1,55,G3,104,0.12299479999998653,152.73012980000001,152.8531246
Bright Acoustic Piano,1,71,B4,103,0.12299479999998653,152.7354774,152.8584722
Bright Acoustic Piano,1,73,C#5,110,1.0561509999999998,152.914622,153.970773
Bright Acoustic Piano,1,57,A3,104,1.072193800000008,152.9066006,153.9787944
Bright Acoustic Piano,1,71,B4,95,0.4973267999999962,154.2221102,154.719437
Bright Acoustic Piano,1,59,B3,98,0.5775408000000084,154.2221102,154.799651
Bright Acoustic Piano,1,64,E4,72,0.16577559999998925,154.7167632,154.8825388
Bright Acoustic Piano,1,67,G4,42,0.08556160000000546,154.8745174,154.960079
Bright Acoustic Piano,1,59,B3,63,0.07754019999998718,155.026924,155.1044642
Bright Acoustic Piano,1,73,C#5,28,0.07486639999999056,155.0750524,155.1499188
Bright Acoustic Piano,1,71,B4,36,0.11229960000000005,155.06703100000001,155.17933060000001
Bright Acoustic Piano,1,73,C#5,91,0.12566860000001157,155.3263896,155.4520582
Bright Acoustic Piano,1,61,C#4,91,0.13636379999999804,155.3263896,155.4627534
Bright Acoustic Piano,1,71,B4,92,0.3823533999999995,155.62852900000001,156.0108824
Bright Acoustic Piano,1,59,B3,94,0.42780799999999886,155.62852900000001,156.056337
Bright Acoustic Piano,1,64,E4,66,0.21657780000001026,155.9787968,156.1953746
Bright Acoustic Piano,1,67,G4,56,0.10160439999998516,156.14457240000002,156.2461768
Bright Acoustic Piano,1,59,B3,79,0.13101619999997638,156.30232660000001,156.4333428
Bright Acoustic Piano,1,71,B4,79,0.13636379999999804,156.3050004,156.4413642
Bright Acoustic Piano,1,60,C4,89,0.07486639999999056,156.6231826,156.698049
Bright Acoustic Piano,1,72,C5,79,0.06951879999999733,156.6338778,156.7033966
Bright Acoustic Piano,1,60,C4,120,0.08288780000000884,157.1312046,157.2140924
Bright Acoustic Piano,1,65,F4,124,0.10160440000001358,157.1312046,157.232809
Bright Acoustic Piano,1,50,D3,112,0.09625679999999193,157.1418998,157.2381566
Bright Acoustic Piano,1,57,A3,79,0.31016080000000557,156.9360172,157.24617800000001
Bright Acoustic Piano,1,57,A3,108,0.1042782000000102,157.1418998,157.24617800000001
Bright Acoustic Piano,1,69,A4,78,0.3823533999999995,156.9360172,157.3183706
Bright Acoustic Piano,1,57,A3,108,0.05614980000001424,157.2889588,157.3451086
Bright Acoustic Piano,1,60,C4,116,0.09625680000002035,157.2836112,157.37986800000002
Bright Acoustic Piano,1,65,F4,114,0.12834240000000818,157.2889588,157.4173012
Bright Acoustic Piano,1,50,D3,113,0.13636379999999804,157.2836112,157.419975
Bright Acoustic Piano,1,60,C4,118,0.08823540000000207,157.5697078,157.6579432
Bright Acoustic Piano,1,50,D3,107,0.09625679999999193,157.5697078,157.6659646
Bright Acoustic Piano,1,57,A3,101,0.10160440000001358,157.5697078,157.67131220000002
Bright Acoustic Piano,1,65,F4,116,0.10160440000001358,157.5697078,157.67131220000002
Bright Acoustic Piano,1,57,A3,107,0.10427819999998178,157.7461786,157.8504568
Bright Acoustic Piano,1,60,C4,118,0.11229960000000005,157.7568738,157.8691734
Bright Acoustic Piano,1,50,D3,117,0.13903759999999465,157.74083100000001,157.8798686
Bright Acoustic Piano,1,65,F4,123,0.11764719999999329,157.767569,157.8852162
Bright Acoustic Piano,1,69,A4,106,1.1604291999999816,158.0563394,159.2167686
Bright Acoustic Piano,1,60,C4,127,1.1925147999999979,158.0429704,159.2354852
Bright Acoustic Piano,1,51,D#3,127,1.1871672000000046,158.048318,159.2354852
Bright Acoustic Piano,1,58,A#3,127,1.1898410000000013,158.0456442,159.2354852
Bright Acoustic Piano,1,65,F4,120,1.1978624000000195,158.0509918,159.2488542
Bright Acoustic Piano,1,60,C4,127,0.09625680000002035,159.3103516,159.4066084
Bright Acoustic Piano,1,58,A#3,127,0.09358299999999531,159.3156992,159.4092822
Bright Acoustic Piano,1,65,F4,113,0.10962580000000344,159.3156992,159.42532500000002
Bright Acoustic Piano,1,69,A4,114,0.11764719999999329,159.3156992,159.4333464
Bright Acoustic Piano,1,51,D#3,127,0.11764719999999329,159.3156992,159.4333464
Bright Acoustic Piano,1,69,A4,91,0.33155120000000693,159.679336,160.0108872
Bright Acoustic Piano,1,57,A3,94,0.5320861999999806,159.6766622,160.2087484
Bright Acoustic Piano,1,62,D4,64,0.393048599999986,159.9707802,160.3638288
Bright Acoustic Piano,1,66,F#4,77,0.259358600000013,160.1552724,160.414631
Bright Acoustic Piano,1,57,A3,81,0.11497339999999667,160.4520642,160.5670376
Bright Acoustic Piano,1,69,A4,78,0.14171139999999127,160.4600856,160.601797
Bright Acoustic Piano,1,71,B4,89,0.3556154000000049,160.7782678,161.1338832
Bright Acoustic Piano,1,59,B3,93,0.41443899999998735,160.775594,161.190033
Bright Acoustic Piano,1,63,D#4,74,0.24064199999997982,161.0911024,161.3317444
Bright Acoustic Piano,1,66,F#4,45,0.09358299999999531,161.2916374,161.3852204
Bright Acoustic Piano,1,63,D#4,46,0.03743319999998107,161.44671780000002,161.484151
Bright Acoustic Piano,1,66,F#4,35,0.04278080000000273,161.4520654,161.4948462
Bright Acoustic Piano,1,59,B3,76,0.14973280000000955,161.4360226,161.5857554
Bright Acoustic Piano,1,71,B4,80,0.15508040000000278,161.4413702,161.5964506
Bright Acoustic Piano,1,72,C5,93,0.12834240000000818,161.751531,161.8798734
Bright Acoustic Piano,1,60,C4,95,0.14973280000000955,161.7461834,161.89591620000002
Bright Acoustic Piano,1,71,B4,82,0.3663105999999914,162.059018,162.4253286
Bright Acoustic Piano,1,59,B3,77,0.4090913999999941,162.05367040000002,162.4627618
Bright Acoustic Piano,1,64,E4,69,0.20588259999999536,162.3959168,162.6017994
Bright Acoustic Piano,1,67,G4,77,0.1042782000000102,162.5563448,162.66062300000002
Bright Acoustic Piano,1,73,C#5,96,0.259358600000013,162.7194466,162.9788052
Bright Acoustic Piano,1,61,C#4,96,0.44117700000001037,162.7167728,163.1579498
Bright Acoustic Piano,1,64,E4,61,0.1978612000000055,163.0376288,163.23549
Bright Acoustic Piano,1,67,G4,65,0.10427819999998178,163.2007306,163.3050088
Bright Acoustic Piano,1,59,B3,72,0.0775402000000156,163.3504634,163.4280036
Bright Acoustic Piano,1,71,B4,70,0.08288779999998042,163.3584848,163.4413726
Bright Acoustic Piano,1,71,B4,84,0.2112301999999886,163.5189128,163.730143
Bright Acoustic Piano,1,59,B3,88,0.35026779999998325,163.516239,163.8665068
Bright Acoustic Piano,1,64,E4,55,0.18181839999999738,163.7114264,163.8932448
Bright Acoustic Piano,1,67,G4,58,0.09090919999999869,163.8531378,163.944047
Bright Acoustic Piano,1,61,C#4,79,0.1443851999999879,164.0135658,164.157951
Bright Acoustic Piano,1,73,C#5,84,0.14171139999999127,164.0215872,164.1632986
Bright Acoustic Piano,1,73,C#5,88,0.11497339999999667,164.3130314,164.4280048
Bright Acoustic Piano,1,61,C#4,91,0.11497339999999667,164.3130314,164.4280048
Bright Acoustic Piano,1,71,B4,89,0.3663105999999914,164.6205184,164.986829
Bright Acoustic Piano,1,59,B3,94,0.5240647999999908,164.6205184,165.1445832
Bright Acoustic Piano,1,64,E4,69,0.23262059999998996,164.933353,165.1659736
Bright Acoustic Piano,1,67,G4,66,0.11764720000002171,165.10715,165.2247972
Bright Acoustic Piano,1,71,B4,41,0.10160439999998516,165.321054,165.4226584
Bright Acoustic Piano,1,73,C#5,32,0.14973280000000955,165.307685,165.4574178
Bright Acoustic Piano,1,62,D4,98,0.1443852000000163,165.5964554,165.7408406
Bright Acoustic Piano,1,74,D5,92,0.1443852000000163,165.601803,165.7461882
Bright Acoustic Piano,1,73,C#5,90,0.34492019999999,165.91731140000002,166.2622316
Bright Acoustic Piano,1,61,C#4,98,0.4304818000000239,165.9146376,166.34511940000002
Bright Acoustic Piano,1,64,E4,78,0.21657779999998183,166.2381674,166.4547452
Bright Acoustic Piano,1,67,G4,54,0.09625679999999193,166.4012692,166.497526
Bright Acoustic Piano,1,61,C#4,79,0.11229960000000005,166.5536758,166.6659754
Bright Acoustic Piano,1,73,C#5,81,0.12299479999998653,166.5563496,166.6793444
Bright Acoustic Piano,1,72,C5,87,0.11764719999999329,166.88522700000001,167.0028742
Bright Acoustic Piano,1,60,C4,96,0.1443852000000163,166.8745318,167.01891700000002
Bright Acoustic Piano,1,59,B3,92,0.05080219999999258,167.1846926,167.2354948
Bright Acoustic Piano,1,71,B4,91,0.39037479999998936,167.1846926,167.5750674
Bright Acoustic Piano,1,62,D4,63,0.20320879999999875,167.5108962,167.714105
Bright Acoustic Piano,1,66,F#4,61,0.0775402000000156,167.6900408,167.767581
Bright Acoustic Piano,1,73,C#5,86,0.21390400000001364,167.8451212,168.0590252
Bright Acoustic Piano,1,61,C#4,80,0.23262060000001838,167.8451212,168.0777418
Bright Acoustic Piano,1,73,C#5,80,0.12834240000000818,168.1526082,168.2809506
Bright Acoustic Piano,1,61,C#4,85,0.1577541999999994,168.1526082,168.3103624
Bright Acoustic Piano,1,67,G4,84,0.3663106000000198,168.476138,168.8424486
Bright Acoustic Piano,1,55,G3,80,0.4893053999999779,168.4814856,168.970791
Bright Acoustic Piano,1,62,D4,64,0.09358299999999531,168.9654434,169.0590264
Bright Acoustic Piano,1,66,F#4,61,0.2112301999999886,168.9600958,169.171326
Bright Acoustic Piano,1,69,A4,84,0.24064199999997982,169.91999,170.160632
Bright Acoustic Piano,1,57,A3,88,0.29411799999999744,169.91999,170.214108
Bright Acoustic Piano,1,62,D4,63,0.1711231999999825,170.1258726,170.2969958
Bright Acoustic Piano,1,66,F#4,58,0.13101619999997638,170.2568888,170.387905
Bright Acoustic Piano,1,57,A3,64,0.14171139999999127,170.4199906,170.561702
Bright Acoustic Piano,1,69,A4,71,0.1684494000000143,170.4306858,170.5991352
Bright Acoustic Piano,1,58,A#3,84,0.10962579999997502,170.74886800000002,170.8584938
Bright Acoustic Piano,1,70,A#4,88,0.13101619999997638,170.74886800000002,170.8798842
Bright Acoustic Piano,1,71,B4,94,0.31016080000000557,171.0590288,171.3691896
Bright Acoustic Piano,1,59,B3,95,0.4037438000000009,171.056355,171.4600988
Bright Acoustic Piano,1,63,D#4,78,0.2513371999999947,171.3718634,171.6232006
Bright Acoustic Piano,1,66,F#4,57,0.09358299999999531,171.564377,171.65796
Bright Acoustic Piano,1,63,D#4,50,0.04010700000000611,171.7007408,171.7408478
Bright Acoustic Piano,1,71,B4,82,0.15240660000000616,171.7007408,171.8531474
Bright Acoustic Piano,1,59,B3,82,0.16042799999999602,171.69271940000002,171.8531474
Bright Acoustic Piano,1,59,B3,84,0.1310162000000048,172.005554,172.1365702
Bright Acoustic Piano,1,71,B4,81,0.1417114000000197,172.005554,172.1472654
Bright Acoustic Piano,1,67,G4,98,0.1042782000000102,172.4895118,172.59379
Bright Acoustic Piano,1,52,E3,98,0.11497339999999667,172.4895118,172.6044852
Bright Acoustic Piano,1,67,G4,106,0.184492199999994,172.6499398,172.834432
Bright Acoustic Piano,1,52,E3,102,0.20320879999999875,172.6499398,172.8531486
Bright Acoustic Piano,1,71,B4,97,0.12299480000001495,172.9841648,173.10715960000002
Bright Acoustic Piano,1,55,G3,96,0.14973280000000955,172.968122,173.1178548
Bright Acoustic Piano,1,55,G3,104,0.12299479999998653,173.26491380000002,173.3879086
Bright Acoustic Piano,1,71,B4,103,0.12299479999998653,173.2702614,173.3932562
Bright Acoustic Piano,1,73,C#5,110,1.0561509999999998,173.449406,174.505557
Bright Acoustic Piano,1,57,A3,104,1.072193800000008,173.4413846,174.5135784
Bright Acoustic Piano,1,71,B4,95,0.4973267999999962,174.7568942,175.254221
Bright Acoustic Piano,1,59,B3,98,0.5775408000000084,174.7568942,175.334435
Bright Acoustic Piano,1,64,E4,72,0.16577559999998925,175.2515472,175.4173228
Bright Acoustic Piano,1,67,G4,42,0.08556160000000546,175.4093014,175.494863
Bright Acoustic Piano,1,59,B3,63,0.07754019999998718,175.561708,175.6392482
Bright Acoustic Piano,1,73,C#5,28,0.07486639999999056,175.6098364,175.6847028
Bright Acoustic Piano,1,71,B4,36,0.11229960000000005,175.60181500000002,175.71411460000002
Bright Acoustic Piano,1,73,C#5,91,0.12566860000001157,175.8611736,175.9868422
Bright Acoustic Piano,1,61,C#4,91,0.13636379999999804,175.8611736,175.9975374
Bright Acoustic Piano,1,71,B4,92,0.3823533999999995,176.16331300000002,176.54566640000002
Bright Acoustic Piano,1,59,B3,94,0.42780799999999886,176.16331300000002,176.59112100000002
Bright Acoustic Piano,1,64,E4,66,0.21657780000001026,176.5135808,176.7301586
Bright Acoustic Piano,1,67,G4,56,0.10160440000001358,176.6793564,176.7809608
Bright Acoustic Piano,1,59,B3,79,0.13101619999997638,176.83711060000002,176.9681268
Bright Acoustic Piano,1,71,B4,79,0.13636379999999804,176.8397844,176.9761482
Bright Acoustic Piano,1,60,C4,89,0.07486639999999056,177.1579666,177.232833
Bright Acoustic Piano,1,72,C5,79,0.06951879999999733,177.1686618,177.2381806
Bright Acoustic Piano,1,69,A4,78,0.3823533999999995,177.4708012,177.8531546
Bright Acoustic Piano,1,57,A3,79,0.41711279999998396,177.4708012,177.887914
Bright Acoustic Piano,1,62,D4,66,0.21390400000001364,177.8023524,178.0162564
Bright Acoustic Piano,1,66,F#4,58,0.09893059999998854,177.968128,178.0670586
Bright Acoustic Piano,1,59,B3,88,0.1577541999999994,178.11786080000002,178.27561500000002
Bright Acoustic Piano,1,71,B4,88,0.16844939999998587,178.11786080000002,178.2863102
Bright Acoustic Piano,1,59,B3,84,0.09625680000002035,178.4280216,178.52427840000001
Bright Acoustic Piano,1,71,B4,86,0.12299480000001495,178.4280216,178.5510164
Bright Acoustic Piano,1,70,A#4,104,0.3957223999999826,178.7542252,179.1499476
Bright Acoustic Piano,1,58,A#3,107,0.4304817999999955,178.7515514,179.1820332
Bright Acoustic Piano,1,62,D4,61,0.18716600000001904,179.0991454,179.28631140000002
Bright Acoustic Piano,1,65,F4,88,0.09090919999999869,179.2488782,179.3397874
Bright Acoustic Piano,1,70,A#4,103,0.17647079999997572,179.39861100000002,179.5750818
Bright Acoustic Piano,1,58,A#3,101,0.18181839999999738,179.39861100000002,179.5804294
Bright Acoustic Piano,1,70,A#4,103,0.2754014000000211,179.7301622,180.00556360000002
Bright Acoustic Piano,1,58,A#3,108,0.2860966000000076,179.7301622,180.0162588
Bright Acoustic Piano,1,63,D#4,127,0.32085599999999204,180.1900558,180.5109118
Bright Acoustic Piano,1,70,A#4,85,0.16577559999998925,180.5109118,180.6766874
Bright Acoustic Piano,1,67,G4,107,0.235294400000015,180.5109118,180.74620620000002
Bright Acoustic Piano,1,62,D4,122,0.34492020000001844,180.6713398,181.01626000000002
Bright Acoustic Piano,1,70,A#4,82,0.1818184000000258,180.9921958,181.17401420000002
Bright Acoustic Piano,1,67,G4,104,0.28074900000001435,180.9921958,181.2729448
Bright Acoustic Piano,1,64,E4,127,0.3315511999999785,181.3130518,181.644603
Bright Acoustic Piano,1,70,A#4,77,0.2647062000000062,181.6339078,181.898614
Bright Acoustic Piano,1,67,G4,95,0.3422463999999934,181.6339078,181.9761542
Bright Acoustic Piano,1,61,C#4,127,0.3235298000000171,181.9547638,182.2782936
Bright Acoustic Piano,1,60,C4,112,0.12299479999998653,182.4360478,182.5590426
Bright Acoustic Piano,1,70,A#4,49,0.3181821999999954,182.27561980000002,182.593802
Bright Acoustic Piano,1,67,G4,74,0.33689880000000016,182.27561980000002,182.61251860000002
Bright Acoustic Piano,1,65,F4,123,0.30481320000001233,182.7569038,183.06171700000002
Bright Acoustic Piano,1,72,C5,90,0.22727299999999673,183.0777598,183.3050328
Bright Acoustic Piano,1,68,G#4,105,0.25668480000001637,183.0777598,183.3344446
Bright Acoustic Piano,1,63,D#4,127,0.3288774000000103,183.2381878,183.5670652
Bright Acoustic Piano,1,72,C5,109,0.2914442000000008,183.5590438,183.850488
Bright Acoustic Piano,1,68,G#4,113,0.3716581999999846,183.5590438,183.930702
Bright Acoustic Piano,1,62,D4,127,0.39839620000000764,183.8798998,184.278296
Bright Acoustic Piano,1,72,C5,101,0.27807520000001773,184.2007558,184.478831
Bright Acoustic Piano,1,68,G#4,113,0.37165820000001304,184.2007558,184.572414
Bright Acoustic Piano,1,63,D#4,127,0.3395725999999968,184.52161180000002,184.8611844
Bright Acoustic Piano,1,72,C5,74,0.18983979999998724,184.8424678,185.0323076
Bright Acoustic Piano,1,65,F4,123,0.14171139999999127,185.0028958,185.1446072
Bright Acoustic Piano,1,68,G#4,93,0.3048131999999839,184.8424678,185.147281
Bright Acoustic Piano,1,65,F4,127,0.3155083999999988,185.3237518,185.6392602
Bright Acoustic Piano,1,72,C5,98,0.22994679999999335,185.64460780000002,185.8745546
Bright Acoustic Piano,1,68,G#4,107,0.2673799999999744,185.64460780000002,185.9119878
Bright Acoustic Piano,1,63,D#4,127,0.3422463999999934,185.8050358,186.1472822
Bright Acoustic Piano,1,72,C5,100,0.24064200000000824,186.1258918,186.3665338
Bright Acoustic Piano,1,68,G#4,114,0.395722400000011,186.1258918,186.52161420000002
Bright Acoustic Piano,1,62,D4,126,0.37433200000000966,186.4467478,186.8210798
Bright Acoustic Piano,1,72,C5,89,0.27807520000001773,186.7676038,187.045679
Bright Acoustic Piano,1,68,G#4,98,0.3689844000000164,186.7676038,187.1365882
Bright Acoustic Piano,1,63,D#4,127,0.2914442000000008,187.0884598,187.379904
Bright Acoustic Piano,1,72,C5,78,0.1978612000000055,187.3291018,187.526963
Bright Acoustic Piano,1,68,G#4,90,0.2914442000000008,187.3291018,187.620546
Bright Acoustic Piano,1,65,F4,127,0.15508040000000278,187.5697438,187.7248242
Bright Acoustic Piano,1,63,D#4,124,0.3288774000000103,187.8905998,188.2194772
Bright Acoustic Piano,1,70,A#4,90,0.18983979999998724,188.2114558,188.4012956
Bright Acoustic Piano,1,67,G4,108,0.2513371999999947,188.2114558,188.462793
Bright Acoustic Piano,1,62,D4,124,0.29679179999999405,188.3718838,188.6686756
Bright Acoustic Piano,1,70,A#4,80,0.15508040000000278,188.6927398,188.8478202
Bright Acoustic Piano,1,67,G4,99,0.18983980000001566,188.6927398,188.8825796
Bright Acoustic Piano,1,63,D#4,126,0.09625680000002035,188.8531678,188.94942460000001
Bright Acoustic Piano,1,68,G#4,121,0.15508040000000278,189.17402380000001,189.32910420000002
Bright Acoustic Piano,1,64,E4,127,0.15508040000000278,189.17402380000001,189.32910420000002
Bright Acoustic Piano,1,71,B4,126,0.16042799999999602,189.17402380000001,189.3344518
Bright Acoustic Piano,1,70,A#4,114,0.34759399999998664,189.4948798,189.8424738
Bright Acoustic Piano,1,63,D#4,122,0.35026779999998325,189.4948798,189.8451476
Bright Acoustic Piano,1,67,G4,117,0.3556154000000049,189.4948798,189.8504952
Bright Acoustic Piano,1,63,D#4,104,0.32085600000002046,190.4734906,190.7943466
Bright Acoustic Piano,1,70,A#4,56,0.16042800000002444,190.7863252,190.94675320000002
Bright Acoustic Piano,1,67,G4,77,0.2245992000000001,190.7702824,190.9948816
Bright Acoustic Piano,1,62,D4,96,0.35828920000000153,190.9387318,191.297021
Bright Acoustic Piano,1,70,A#4,55,0.24064200000000824,191.2729568,191.5135988
Bright Acoustic Piano,1,67,G4,78,0.30481320000001233,191.2595878,191.564401
Bright Acoustic Piano,1,64,E4,105,0.38770099999999275,191.57777000000002,191.965471
Bright Acoustic Piano,1,70,A#4,64,0.3422463999999934,191.9226902,192.2649366
Bright Acoustic Piano,1,67,G4,76,0.3502678000000117,191.9226902,192.27295800000002
Bright Acoustic Piano,1,61,C#4,107,0.3288774000000103,192.2221558,192.5510332
Bright Acoustic Piano,1,60,C4,89,0.12834240000000818,192.714135,192.8424774
Bright Acoustic Piano,1,67,G4,66,0.3288774000000103,192.5376642,192.8665416
Bright Acoustic Piano,1,70,A#4,43,0.3422463999999934,192.5456856,192.887932
Bright Acoustic Piano,1,65,F4,103,0.31016079999997714,193.03766480000002,193.3478256
Bright Acoustic Piano,1,72,C5,63,0.17379700000000753,193.3371304,193.5109274
Bright Acoustic Piano,1,68,G#4,80,0.2379681999999832,193.3317828,193.569751
Bright Acoustic Piano,1,63,D#4,102,0.3422463999999934,193.5109274,193.8531738
Bright Acoustic Piano,1,72,C5,69,0.2754013999999927,193.82376200000002,194.0991634
Bright Acoustic Piano,1,68,G#4,83,0.39839620000000764,193.8157406,194.2141368
Bright Acoustic Piano,1,62,D4,98,0.35828920000000153,194.1339228,194.492212
Bright Acoustic Piano,1,72,C5,63,0.2754013999999927,194.4601264,194.7355278
Bright Acoustic Piano,1,68,G#4,69,0.368984399999988,194.4601264,194.8291108
Bright Acoustic Piano,1,63,D#4,99,0.33689880000000016,194.7622658,195.0991646
Bright Acoustic Piano,1,72,C5,54,0.21123020000001702,195.0724266,195.28365680000002
Bright Acoustic Piano,1,68,G#4,70,0.2647061999999778,195.08312180000001,195.347828
Bright Acoustic Piano,1,65,F4,93,0.12032099999998991,195.2863306,195.4066516
Bright Acoustic Piano,1,65,F4,100,0.32620359999998527,195.5857962,195.9119998
Bright Acoustic Piano,1,72,C5,57,0.17379700000000753,195.9039784,196.0777754
Bright Acoustic Piano,1,68,G#4,75,0.2620323999999812,195.89060940000002,196.1526418
Bright Acoustic Piano,1,63,D#4,98,0.3288774000000103,196.083123,196.4120004
Bright Acoustic Piano,1,72,C5,67,0.17914460000000076,196.39061,196.5697546
Bright Acoustic Piano,1,68,G#4,78,0.3823533999999995,196.38526240000002,196.76761580000002
Bright Acoustic Piano,1,62,D4,91,0.3770058000000063,196.684728,197.0617338
Bright Acoustic Piano,1,72,C5,58,0.18181839999999738,197.0296482,197.2114666
Bright Acoustic Piano,1,68,G#4,70,0.3529416000000083,197.0243006,197.3772422
Bright Acoustic Piano,1,63,D#4,92,0.2994655999999907,197.3371352,197.6366008
Bright Acoustic Piano,1,72,C5,34,0.14973280000000955,197.6392746,197.7890074
Bright Acoustic Piano,1,68,G#4,58,0.2887704000000042,197.6232318,197.91200220000002
Bright Acoustic Piano,1,65,F4,90,0.1443852000000163,197.8424834,197.9868686
Bright Acoustic Piano,1,63,D#4,94,0.3021394000000157,198.155318,198.4574574
Bright Acoustic Piano,1,70,A#4,56,0.16310179999999264,198.4601312,198.623233
Bright Acoustic Piano,1,67,G4,71,0.2219254000000035,198.449436,198.6713614
Bright Acoustic Piano,1,62,D4,92,0.28609659999997916,198.6339282,198.9200248
Bright Acoustic Piano,1,70,A#4,30,0.10160439999998516,198.9333938,199.0349982
Bright Acoustic Piano,1,67,G4,62,0.16310180000002106,198.9200248,199.0831266
Bright Acoustic Piano,1,63,D#4,91,0.09090919999999869,199.12590740000002,199.21681660000002
Bright Acoustic Piano,1,66,F#4,114,0.6443858000000091,199.9708282,200.615214
Bright Acoustic Piano,1,63,D#4,108,0.6443858000000091,199.9708282,200.615214
Bright Acoustic Piano,1,69,A4,111,0.6497334000000023,199.9708282,200.6205616
Bright Acoustic Piano,1,71,B4,103,0.652407199999999,199.9708282,200.6232354
Bright Acoustic Piano,1,71,B4,91,0.33155120000000693,200.748904,201.08045520000002
Bright Acoustic Piano,1,59,B3,94,0.5320861999999806,200.7462302,201.2783164
Bright Acoustic Piano,1,64,E4,64,0.393048599999986,201.0403482,201.4333968
Bright Acoustic Piano,1,68,G#4,77,0.25935859999998456,201.2248404,201.484199
Bright Acoustic Piano,1,59,B3,81,0.11497339999999667,201.5216322,201.6366056
Bright Acoustic Piano,1,71,B4,78,0.14171139999999127,201.52965360000002,201.671365
Bright Acoustic Piano,1,73,C#5,89,0.3556154000000049,201.8478358,202.20345120000002
Bright Acoustic Piano,1,61,C#4,93,0.41443899999998735,201.84516200000002,202.259601
Bright Acoustic Piano,1,65,F4,74,0.24064199999997982,202.16067040000001,202.4013124
Bright Acoustic Piano,1,68,G#4,45,0.09358299999999531,202.36120540000002,202.4547884
Bright Acoustic Piano,1,65,F4,46,0.03743320000000949,202.5162858,202.553719
Bright Acoustic Piano,1,68,G#4,35,0.04278080000000273,202.5216334,202.56441420000002
Bright Acoustic Piano,1,61,C#4,76,0.14973280000000955,202.5055906,202.65532340000001
Bright Acoustic Piano,1,73,C#5,80,0.15508040000000278,202.5109382,202.6660186
Bright Acoustic Piano,1,74,D5,93,0.12834240000000818,202.821099,202.9494414
Bright Acoustic Piano,1,62,D4,95,0.14973279999998113,202.8157514,202.9654842
Bright Acoustic Piano,1,73,C#5,82,0.3663105999999914,203.128586,203.4948966
Bright Acoustic Piano,1,61,C#4,77,0.40909140000002253,203.1232384,203.5323298
Bright Acoustic Piano,1,66,F#4,69,0.20588259999999536,203.4654848,203.6713674
Bright Acoustic Piano,1,69,A4,77,0.10427819999998178,203.6259128,203.730191
Bright Acoustic Piano,1,75,D#5,96,0.259358600000013,203.7890146,204.04837320000001
Bright Acoustic Piano,1,63,D#4,96,0.44117700000001037,203.7863408,204.22751780000002
Bright Acoustic Piano,1,66,F#4,61,0.1978612000000055,204.1071968,204.305058
Bright Acoustic Piano,1,69,A4,65,0.1042782000000102,204.2702986,204.3745768
Bright Acoustic Piano,1,61,C#4,72,0.0775402000000156,204.4200314,204.49757160000001
Bright Acoustic Piano,1,73,C#5,70,0.08288779999998042,204.42805280000002,204.5109406
Bright Acoustic Piano,1,73,C#5,84,0.2112301999999886,204.5884808,204.799711
Bright Acoustic Piano,1,61,C#4,88,0.35026779999998325,204.58580700000002,204.9360748
Bright Acoustic Piano,1,66,F#4,55,0.18181839999999738,204.7809944,204.9628128
Bright Acoustic Piano,1,69,A4,58,0.09090919999999869,204.92270580000002,205.01361500000002
Bright Acoustic Piano,1,63,D#4,79,0.1443851999999879,205.0831338,205.227519
Bright Acoustic Piano,1,75,D#5,84,0.14171139999999127,205.0911552,205.2328666
Bright Acoustic Piano,1,75,D#5,88,0.11497339999999667,205.3825994,205.4975728
Bright Acoustic Piano,1,63,D#4,91,0.11497339999999667,205.3825994,205.4975728
Bright Acoustic Piano,1,73,C#5,89,0.3663105999999914,205.6900864,206.056397
Bright Acoustic Piano,1,61,C#4,94,0.5240647999999908,205.6900864,206.2141512
Bright Acoustic Piano,1,66,F#4,69,0.23262059999998996,206.00292100000001,206.2355416
Bright Acoustic Piano,1,69,A4,66,0.11764720000002171,206.176718,206.29436520000002
Bright Acoustic Piano,1,73,C#5,41,0.10160439999998516,206.390622,206.4922264
Bright Acoustic Piano,1,75,D#5,32,0.14973280000000955,206.377253,206.5269858
Bright Acoustic Piano,1,64,E4,98,0.1443852000000163,206.6660234,206.81040860000002
Bright Acoustic Piano,1,76,E5,92,0.1443852000000163,206.671371,206.8157562
Bright Acoustic Piano,1,75,D#5,90,0.34492020000001844,206.9868794,207.3317996
Bright Acoustic Piano,1,63,D#4,98,0.4304817999999955,206.9842056,207.4146874
Bright Acoustic Piano,1,66,F#4,78,0.21657779999998183,207.3077354,207.5243132
Bright Acoustic Piano,1,69,A4,54,0.09625679999999193,207.4708372,207.567094
Bright Acoustic Piano,1,63,D#4,79,0.11229960000000005,207.6232438,207.7355434
Bright Acoustic Piano,1,75,D#5,81,0.12299479999998653,207.6259176,207.7489124
Bright Acoustic Piano,1,74,D5,87,0.11764720000002171,207.954795,208.0724422
Bright Acoustic Piano,1,62,D4,96,0.1443851999999879,207.9440998,208.088485
Bright Acoustic Piano,1,61,C#4,92,0.05080219999999258,208.2542606,208.3050628
Bright Acoustic Piano,1,73,C#5,91,0.39037479999998936,208.2542606,208.6446354
Bright Acoustic Piano,1,64,E4,63,0.20320879999999875,208.5804642,208.783673
Bright Acoustic Piano,1,68,G#4,61,0.0775402000000156,208.7596088,208.837149
Bright Acoustic Piano,1,75,D#5,86,0.21390400000001364,208.9146892,209.1285932
Bright Acoustic Piano,1,63,D#4,80,0.23262060000001838,208.9146892,209.14730980000002
Bright Acoustic Piano,1,75,D#5,80,0.12834240000000818,209.2221762,209.35051860000002
Bright Acoustic Piano,1,63,D#4,85,0.1577541999999994,209.2221762,209.3799304
Bright Acoustic Piano,1,73,C#5,84,0.3663106000000198,209.545706,209.91201660000002
Bright Acoustic Piano,1,61,C#4,80,0.4893053999999779,209.55105360000002,210.040359
Bright Acoustic Piano,1,64,E4,61,0.21123020000001702,209.8612144,210.0724446
Bright Acoustic Piano,1,68,G#4,64,0.09358299999999531,210.0350114,210.1285944
Bright Acoustic Piano,1,61,C#4,83,0.07486640000001898,210.200787,210.2756534
Bright Acoustic Piano,1,73,C#5,83,0.10160440000001358,210.200787,210.3023914
Bright Acoustic Piano,1,61,C#4,82,0.12834239999997976,210.36121500000002,210.4895574
Bright Acoustic Piano,1,73,C#5,76,0.15240660000000616,210.3585412,210.5109478
Bright Acoustic Piano,1,72,C5,85,0.16310180000002106,210.6713758,210.8344776
Bright Acoustic Piano,1,60,C4,86,0.18181839999999738,210.67672340000001,210.8585418
Bright Acoustic Piano,1,71,B4,84,0.24064199999997982,210.98955800000002,211.2302
Bright Acoustic Piano,1,59,B3,88,0.29411799999999744,210.98955800000002,211.283676
Bright Acoustic Piano,1,64,E4,63,0.1711231999999825,211.1954406,211.3665638
Bright Acoustic Piano,1,68,G#4,58,0.13101619999997638,211.32645680000002,211.457473
Bright Acoustic Piano,1,59,B3,64,0.14171139999999127,211.4895586,211.63127
Bright Acoustic Piano,1,71,B4,71,0.1684494000000143,211.5002538,211.6687032
Bright Acoustic Piano,1,60,C4,84,0.10962580000000344,211.818436,211.9280618
Bright Acoustic Piano,1,72,C5,88,0.1310162000000048,211.818436,211.9494522
Bright Acoustic Piano,1,73,C#5,94,0.31016080000000557,212.1285968,212.4387576
Bright Acoustic Piano,1,61,C#4,95,0.4037438000000009,212.125923,212.5296668
Bright Acoustic Piano,1,65,F4,78,0.2513371999999947,212.4414314,212.6927686
Bright Acoustic Piano,1,68,G#4,57,0.09358299999999531,212.633945,212.727528
Bright Acoustic Piano,1,65,F4,50,0.04010700000000611,212.7703088,212.81041580000002
Bright Acoustic Piano,1,73,C#5,82,0.15240660000000616,212.7703088,212.92271540000002
Bright Acoustic Piano,1,61,C#4,82,0.16042800000002444,212.7622874,212.92271540000002
Bright Acoustic Piano,1,61,C#4,84,0.1310162000000048,213.075122,213.2061382
Bright Acoustic Piano,1,73,C#5,81,0.1417114000000197,213.075122,213.2168334
Bright Acoustic Piano,1,73,C#5,92,0.38770099999999275,213.4039994,213.7917004
Bright Acoustic Piano,1,61,C#4,97,0.46791500000000497,213.4013256,213.8692406
Bright Acoustic Piano,1,66,F#4,49,0.21390399999998522,213.7382244,213.9521284
Bright Acoustic Piano,1,69,A4,54,0.09893059999998854,213.91202140000001,214.010952
Bright Acoustic Piano,1,75,D#5,88,0.29679179999999405,214.0724494,214.3692412
Bright Acoustic Piano,1,63,D#4,82,0.395722400000011,214.064428,214.4601504
Bright Acoustic Piano,1,66,F#4,71,0.20320879999999875,214.36121980000001,214.5644286
Bright Acoustic Piano,1,69,A4,48,0.09090919999999869,214.54036440000002,214.63127360000001
Bright Acoustic Piano,1,73,C#5,80,0.3502678000000117,214.6900972,215.040365
Bright Acoustic Piano,1,61,C#4,85,0.43850320000001375,214.6847496,215.12325280000002
Bright Acoustic Piano,1,66,F#4,61,0.20588260000002379,215.0296698,215.23555240000002
Bright Acoustic Piano,1,69,A4,37,0.08556160000000546,215.187424,215.2729856
Bright Acoustic Piano,1,63,D#4,77,0.10962580000000344,215.3291354,215.43876120000002
Bright Acoustic Piano,1,75,D#5,79,0.10962580000000344,215.334483,215.4441088
Bright Acoustic Piano,1,75,D#5,91,0.16844939999998587,215.5109538,215.6794032
Bright Acoustic Piano,1,63,D#4,91,0.18449220000002242,215.5029324,215.6874246
Bright Acoustic Piano,1,73,C#5,95,0.4973267999999962,215.8264622,216.323789
Bright Acoustic Piano,1,61,C#4,98,0.5775408000000084,215.8264622,216.40400300000002
Bright Acoustic Piano,1,66,F#4,72,0.16577559999998925,216.3211152,216.4868908
Bright Acoustic Piano,1,69,A4,42,0.08556160000000546,216.4788694,216.564431
Bright Acoustic Piano,1,61,C#4,63,0.07754019999998718,216.631276,216.7088162
Bright Acoustic Piano,1,75,D#5,28,0.07486639999999056,216.6794044,216.7542708
Bright Acoustic Piano,1,73,C#5,36,0.11229960000000005,216.671383,216.7836826
Bright Acoustic Piano,1,75,D#5,91,0.12566860000001157,216.9307416,217.05641020000002
Bright Acoustic Piano,1,63,D#4,91,0.13636379999999804,216.9307416,217.0671054
Bright Acoustic Piano,1,73,C#5,92,0.3823533999999995,217.232881,217.6152344
Bright Acoustic Piano,1,61,C#4,94,0.42780799999999886,217.232881,217.660689
Bright Acoustic Piano,1,66,F#4,66,0.21657780000001026,217.5831488,217.7997266
Bright Acoustic Piano,1,69,A4,56,0.10160440000001358,217.7489244,217.8505288
Bright Acoustic Piano,1,61,C#4,79,0.1310162000000048,217.9066786,218.0376948
Bright Acoustic Piano,1,73,C#5,79,0.13636379999999804,217.90935240000002,218.04571620000002
Bright Acoustic Piano,1,63,D#4,89,0.07486639999999056,218.2275346,218.302401
Bright Acoustic Piano,1,75,D#5,79,0.06951879999999733,218.2382298,218.3077486
Bright Acoustic Piano,1,73,C#5,78,0.3823533999999995,218.54036920000001,218.92272260000001
Bright Acoustic Piano,1,61,C#4,79,0.41711279999998396,218.54036920000001,218.957482
Bright Acoustic Piano,1,64,E4,94,0.184492199999994,218.8799418,219.064434
Bright Acoustic Piano,1,68,G#4,74,0.13903759999999465,219.0483912,219.1874288
Bright Acoustic Piano,1,59,B3,91,0.3903748000000178,219.211493,219.6018678
Bright Acoustic Piano,1,71,B4,85,0.42513420000000224,219.2088192,219.6339534
Bright Acoustic Piano,1,64,E4,70,0.2112301999999886,219.492242,219.7034722
Bright Acoustic Piano,1,68,G#4,71,0.06684500000000071,219.66336520000002,219.73021020000002
Bright Acoustic Piano,1,69,A4,87,0.42513420000000224,219.8024028,220.227537
Bright Acoustic Piano,1,57,A3,62,0.5294124000000124,219.8157718,220.3451842
Bright Acoustic Piano,1,62,D4,91,0.21390400000001364,220.1446492,220.35855320000002
Bright Acoustic Piano,1,66,F#4,74,0.07486640000001898,220.307751,220.38261740000002
Bright Acoustic Piano,1,68,G#4,86,0.46791500000000497,220.45481,220.922725
Bright Acoustic Piano,1,56,G#3,80,0.6203215999999827,220.47085280000002,221.0911744
Bright Acoustic Piano,1,64,E4,53,0.1443852000000163,220.9788748,221.12326000000002
Bright Acoustic Piano,1,62,D4,87,0.34759400000001506,220.7783398,221.1259338
Bright Acoustic Piano,1,66,F#4,51,0.1711232000000109,220.976201,221.1473242
Bright Acoustic Piano,1,73,C#5,93,0.20320879999999875,221.2596238,221.4628326
Bright Acoustic Piano,1,61,C#4,91,0.2620323999999812,221.2596238,221.5216562
Bright Acoustic Piano,1,64,E4,70,0.1978612000000055,221.4200518,221.61791300000002
Bright Acoustic Piano,1,69,A4,75,0.1951874000000089,221.5564156,221.75160300000002
Bright Acoustic Piano,1,61,C#4,90,0.21390400000001364,221.7221912,221.9360952
Bright Acoustic Piano,1,73,C#5,86,0.21925159999997845,221.73021260000002,221.9494642
Bright Acoustic Piano,1,61,C#4,89,0.1443851999999879,222.0483948,222.19278
Bright Acoustic Piano,1,73,C#5,90,0.1577541999999994,222.0483948,222.206149
Bright Acoustic Piano,1,72,C5,103,0.3823533999999995,222.3852936,222.767647
Bright Acoustic Piano,1,60,C4,107,0.4304817999999955,222.38261980000001,222.8131016
Bright Acoustic Piano,1,64,E4,56,0.22727299999999673,222.6901068,222.9173798
Bright Acoustic Piano,1,66,F#4,74,0.18181839999999738,222.87459900000002,223.05641740000002
Bright Acoustic Piano,1,72,C5,98,0.2112301999999886,223.03235320000002,223.2435834
Bright Acoustic Piano,1,60,C4,88,0.2219254000000035,223.021658,223.2435834
Bright Acoustic Piano,1,72,C5,85,0.1443851999999879,223.3505354,223.4949206
Bright Acoustic Piano,1,60,C4,93,0.1684494000000143,223.3451878,223.5136372
Bright Acoustic Piano,1,71,B4,93,0.3422463999999934,223.6687176,224.010964
Bright Acoustic Piano,1,59,B3,98,0.4973267999999962,223.6660438,224.1633706
Bright Acoustic Piano,1,64,E4,66,0.2914442000000008,223.9735308,224.264975
Bright Acoustic Piano,1,68,G#4,79,0.19251360000001227,224.1286112,224.3211248
Bright Acoustic Piano,1,59,B3,73,0.15508040000000278,224.2997344,224.4548148
Bright Acoustic Piano,1,71,B4,81,0.15240660000000616,224.3077558,224.4601624
Bright Acoustic Piano,1,60,C4,96,0.1443851999999879,224.6152428,224.759628
Bright Acoustic Piano,1,72,C5,96,0.1417114000000197,224.6205904,224.76230180000002
Bright Acoustic Piano,1,73,C#5,92,0.34492019999999,224.9280774,225.2729976
Bright Acoustic Piano,1,61,C#4,94,0.4732625999999982,224.9254036,225.3986662
Bright Acoustic Piano,1,65,F4,83,0.2486633999999981,225.2435858,225.4922492
Bright Acoustic Piano,1,68,G#4,66,0.09090919999999869,225.4227304,225.5136396
Bright Acoustic Piano,1,74,D5,97,0.14973280000000955,225.6098964,225.7596292
Bright Acoustic Piano,1,62,D4,96,0.1978612000000055,225.5992012,225.79706240000002
Bright Acoustic Piano,1,73,C#5,86,0.1978611999999771,225.90936200000002,226.1072232
Bright Acoustic Piano,1,61,C#4,81,0.21925159999997845,225.90936200000002,226.1286136
Bright Acoustic Piano,1,73,C#5,93,0.34492019999999,226.230218,226.5751382
Bright Acoustic Piano,1,61,C#4,94,0.4090913999999941,226.22487040000001,226.6339618
Bright Acoustic Piano,1,66,F#4,61,0.18716599999999062,226.551074,226.73824
Bright Acoustic Piano,1,69,A4,70,0.19251360000001227,226.7061544,226.89866800000001
Bright Acoustic Piano,1,75,D#5,80,0.13636379999999804,226.87460380000002,227.01096760000001
Bright Acoustic Piano,1,63,D#4,84,0.15240660000000616,226.8692562,227.0216628
Bright Acoustic Piano,1,73,C#5,80,0.18181839999999738,227.192786,227.3746044
Bright Acoustic Piano,1,61,C#4,85,0.1978612000000055,227.1874384,227.3852996
Bright Acoustic Piano,1,73,C#5,88,0.3716581999999846,227.5109682,227.8826264
Bright Acoustic Piano,1,61,C#4,93,0.393048599999986,227.5082944,227.901343
Bright Acoustic Piano,1,66,F#4,62,0.18983979999998724,227.847867,228.0377068
Bright Acoustic Piano,1,69,A4,65,0.1577541999999994,227.99759980000002,228.15535400000002
Bright Acoustic Piano,1,73,C#5,50,0.1042782000000102,228.168723,228.2730012
Bright Acoustic Piano,1,61,C#4,73,0.13636379999999804,228.1473326,228.2836964
Bright Acoustic Piano,1,72,C5,90,0.13369000000000142,228.47086240000002,228.60455240000002
Bright Acoustic Piano,1,60,C4,96,0.15508040000000278,228.4655148,228.6205952
Bright Acoustic Piano,1,71,B4,86,0.35294159999997987,228.78637080000001,229.1393124
Bright Acoustic Piano,1,56,G#3,91,0.1951874000000089,228.970863,229.16605040000002
Bright Acoustic Piano,1,64,E4,88,0.1978611999999771,228.98690580000002,229.184767
Bright Acoustic Piano,1,59,B3,90,0.47593640000002324,228.7810232,229.25695960000002
Bright Acoustic Piano,1,59,B3,81,0.10962580000000344,229.1473338,229.25695960000002
Bright Acoustic Piano,1,68,G#4,82,0.3021394000000157,229.1607028,229.4628422
Bright Acoustic Piano,1,71,B4,78,0.32085599999999204,229.438778,229.759634
Bright Acoustic Piano,1,64,E4,90,0.3556154000000049,229.4334304,229.7890458
Bright Acoustic Piano,1,64,E4,82,0.02406419999999798,229.7649816,229.7890458
Bright Acoustic Piano,1,59,B3,76,0.24064200000000824,229.7569602,229.99760220000002
Bright Acoustic Piano,1,53,F3,100,0.3155083999999988,230.0751424,230.3906508
Bright Acoustic Piano,1,61,C#4,87,0.3502678000000117,230.08049,230.4307578
Bright Acoustic Piano,1,65,F4,94,0.33689880000000016,230.3986722,230.735571
Bright Acoustic Piano,1,56,G#3,83,0.3556154000000049,230.4093674,230.7649828
Bright Acoustic Piano,1,68,G#4,75,0.3422464000000218,230.7141806,231.056427
Bright Acoustic Piano,1,59,B3,80,0.3689844000000164,230.735571,231.1045554
Bright Acoustic Piano,1,65,F4,86,0.28074900000001435,231.0457318,231.3264808
Bright Acoustic Piano,1,56,G#3,82,0.3048131999999839,231.0591008,231.363914
Bright Acoustic Piano,1,66,F#4,90,0.3422463999999934,231.3585664,231.7008128
Bright Acoustic Piano,1,57,A3,88,0.3556154000000049,231.377283,231.7328984
Bright Acoustic Piano,1,61,C#4,82,0.3395725999999968,231.6874438,232.0270164
Bright Acoustic Piano,1,69,A4,83,0.35828920000000153,231.6874438,232.045733
Bright Acoustic Piano,1,66,F#4,94,0.06417120000000409,232.0029522,232.0671234
Bright Acoustic Piano,1,73,C#5,80,0.3181821999999954,232.01899500000002,232.3371772
Bright Acoustic Piano,1,66,F#4,73,0.3342249999999751,232.33450340000002,232.6687284
Bright Acoustic Piano,1,61,C#4,66,0.33422500000000355,232.339851,232.674076
Bright Acoustic Piano,1,59,B3,85,0.35828920000000153,232.65001180000002,233.00830100000002
Bright Acoustic Piano,1,51,D#3,97,0.35828920000000153,232.6526856,233.0109748
Bright Acoustic Piano,1,54,F#3,90,0.3529416000000083,232.9842368,233.3371784
Bright Acoustic Piano,1,63,D#4,78,0.368984399999988,232.9708678,233.3398522
Bright Acoustic Piano,1,66,F#4,88,0.32620359999998527,233.30241900000001,233.6286226
Bright Acoustic Piano,1,59,B3,83,0.33689880000000016,233.2970714,233.6339702
Bright Acoustic Piano,1,54,F#3,96,0.16310179999999264,233.6179274,233.7810292
Bright Acoustic Piano,1,63,D#4,94,0.20053500000000213,233.609906,233.810441
Bright Acoustic Piano,1,52,E3,96,0.10160439999998516,234.0938638,234.1954682
Bright Acoustic Piano,1,68,G#4,92,0.10427819999998178,234.0938638,234.198142
Bright Acoustic Piano,1,52,E3,98,0.16042799999999602,234.2542918,234.4147198
Bright Acoustic Piano,1,68,G#4,93,0.16310179999999264,234.2542918,234.4173936
Bright Acoustic Piano,1,66,F#4,97,0.10160440000001358,234.5751478,234.6767522
Bright Acoustic Piano,1,50,D3,110,0.10962580000000344,234.5751478,234.6847736
Bright Acoustic Piano,1,66,F#4,99,0.21390400000001364,234.7355758,234.9494798
Bright Acoustic Piano,1,50,D3,108,0.25133720000002313,234.7355758,234.98691300000002
Bright Acoustic Piano,1,65,F4,112,0.4759363999999948,235.0564318,235.5323682
Bright Acoustic Piano,1,49,C#3,99,0.48128399999998805,235.0564318,235.5377158
Bright Acoustic Piano,1,65,F4,94,0.33689880000000016,235.5510848,235.8879836
Bright Acoustic Piano,1,56,G#3,83,0.3556154000000049,235.5430634,235.8986788
Bright Acoustic Piano,1,68,G#4,75,0.3422463999999934,235.8478766,236.190123
Bright Acoustic Piano,1,59,B3,80,0.368984399999988,235.869267,236.2382514
Bright Acoustic Piano,1,65,F4,86,0.2807489999999859,236.1794278,236.4601768
Bright Acoustic Piano,1,56,G#3,82,0.30481320000001233,236.1927968,236.49761
Bright Acoustic Piano,1,66,F#4,90,0.3422463999999934,236.49226240000002,236.8345088
Bright Acoustic Piano,1,57,A3,88,0.3556154000000049,236.510979,236.8665944
Bright Acoustic Piano,1,61,C#4,82,0.3395725999999968,236.8211398,237.1607124
Bright Acoustic Piano,1,69,A4,83,0.35828920000000153,236.8211398,237.179429
Bright Acoustic Piano,1,66,F#4,94,0.050802200000021,237.1366482,237.18745040000002
Bright Acoustic Piano,1,73,C#5,80,0.3181821999999954,237.152691,237.4708732
Bright Acoustic Piano,1,61,C#4,66,0.1711232000000109,237.473547,237.6446702
Bright Acoustic Piano,1,66,F#4,73,0.17647080000000415,237.4708732,237.647344
Bright Acoustic Piano,1,65,F4,94,0.33689880000000016,240.6660642,241.002963
Bright Acoustic Piano,1,56,G#3,83,0.3556154000000049,240.6767594,241.0323748
Bright Acoustic Piano,1,68,G#4,75,0.3422464000000218,240.9815726,241.32381900000001
Bright Acoustic Piano,1,59,B3,80,0.3689844000000164,241.002963,241.3719474
Bright Acoustic Piano,1,65,F4,86,0.28074900000001435,241.3131238,241.5938728
Bright Acoustic Piano,1,56,G#3,82,0.3048131999999839,241.3264928,241.631306
Bright Acoustic Piano,1,66,F#4,90,0.3422463999999934,241.6259584,241.9682048
Bright Acoustic Piano,1,57,A3,88,0.3556154000000049,241.644675,242.0002904
Bright Acoustic Piano,1,61,C#4,82,0.3395725999999968,241.9548358,242.2944084
Bright Acoustic Piano,1,69,A4,83,0.35828920000000153,241.9548358,242.313125
Bright Acoustic Piano,1,73,C#5,80,0.31818220000002384,242.286387,242.60456920000001
Bright Acoustic Piano,1,66,F#4,94,0.38502719999999613,242.2703442,242.6553714
Bright Acoustic Piano,1,66,F#4,73,0.05080219999999258,242.60456920000001,242.6553714
Bright Acoustic Piano,1,61,C#4,66,0.1711231999999825,242.607243,242.7783662
Bright Acoustic Piano,1,59,B3,85,0.35828920000000153,242.91740380000002,243.27569300000002
Bright Acoustic Piano,1,51,D#3,97,0.35828920000000153,242.9200776,243.27836680000001
Bright Acoustic Piano,1,54,F#3,90,0.3529416000000083,243.2516288,243.6045704
Bright Acoustic Piano,1,63,D#4,78,0.368984399999988,243.2382598,243.6072442
Bright Acoustic Piano,1,66,F#4,88,0.32620359999998527,243.56981100000002,243.8960146
Bright Acoustic Piano,1,59,B3,83,0.36096299999999815,243.5644634,243.9254264
Bright Acoustic Piano,1,54,F#3,96,0.16310179999999264,243.88531940000001,244.0484212
Bright Acoustic Piano,1,63,D#4,94,0.20053500000000213,243.877298,244.077833
Bright Acoustic Piano,1,52,E3,96,0.10160439999998516,244.3612558,244.4628602
Bright Acoustic Piano,1,68,G#4,92,0.10427819999998178,244.3612558,244.465534
Bright Acoustic Piano,1,52,E3,98,0.16042799999999602,244.5216838,244.6821118
Bright Acoustic Piano,1,68,G#4,93,0.16310179999999264,244.5216838,244.6847856
Bright Acoustic Piano,1,66,F#4,97,0.10160440000001358,244.8425398,244.9441442
Bright Acoustic Piano,1,50,D3,110,0.10962580000000344,244.8425398,244.9521656
Bright Acoustic Piano,1,66,F#4,99,0.21390400000001364,245.0029678,245.2168718
Bright Acoustic Piano,1,50,D3,108,0.25133720000002313,245.0029678,245.25430500000002
Bright Acoustic Piano,1,65,F4,112,0.48128399999998805,245.3238238,245.8051078
Bright Acoustic Piano,1,65,F4,94,0.0053475999999932355,245.7997602,245.8051078
Bright Acoustic Piano,1,49,C#3,99,0.48128399999998805,245.3238238,245.8051078
Bright Acoustic Piano,1,56,G#3,83,0.3556154000000049,245.8104554,246.1660708
Bright Acoustic Piano,1,68,G#4,75,0.3422463999999934,246.1152686,246.457515
Bright Acoustic Piano,1,59,B3,80,0.368984399999988,246.136659,246.5056434
Bright Acoustic Piano,1,65,F4,86,0.2807489999999859,246.44681980000001,246.7275688
Bright Acoustic Piano,1,56,G#3,82,0.30481320000001233,246.4601888,246.765002
Bright Acoustic Piano,1,66,F#4,90,0.3422463999999934,246.75965440000002,247.1019008
Bright Acoustic Piano,1,57,A3,88,0.3556154000000049,246.778371,247.1339864
Bright Acoustic Piano,1,61,C#4,82,0.3395725999999968,247.0885318,247.4281044
Bright Acoustic Piano,1,69,A4,83,0.35828920000000153,247.0885318,247.446821
Bright Acoustic Piano,1,73,C#5,80,0.3181821999999954,247.420083,247.7382652
Bright Acoustic Piano,1,66,F#4,94,0.38502719999999613,247.4040402,247.7890674
Bright Acoustic Piano,1,66,F#4,73,0.05080219999999258,247.7382652,247.7890674
Bright Acoustic Piano,1,61,C#4,66,0.1711232000000109,247.740939,247.9120622
Bright Acoustic Piano,1,59,B3,85,0.35828920000000153,248.0510998,248.409389
Bright Acoustic Piano,1,51,D#3,97,0.35828920000000153,248.0537736,248.4120628
Bright Acoustic Piano,1,54,F#3,90,0.3529416000000083,248.3853248,248.73826640000001
Bright Acoustic Piano,1,63,D#4,78,0.3689844000000164,248.3719558,248.7409402
Bright Acoustic Piano,1,66,F#4,88,0.3262036000000137,248.703507,249.02971060000002
Bright Acoustic Piano,1,59,B3,83,0.36096299999999815,248.6981594,249.0591224
Bright Acoustic Piano,1,54,F#3,96,0.16310179999999264,249.0190154,249.1821172
Bright Acoustic Piano,1,63,D#4,94,0.20053500000000213,249.010994,249.211529
Bright Acoustic Piano,1,56,G#3,91,0.19518739999998047,249.505647,249.7008344
Bright Acoustic Piano,1,64,E4,88,0.1978611999999771,249.52168980000002,249.719551
Bright Acoustic Piano,1,68,G#4,82,0.3021394000000157,249.6954868,249.9976262
Bright Acoustic Piano,1,59,B3,81,0.32352979999998865,249.68211780000001,250.0056476
Bright Acoustic Piano,1,71,B4,78,0.32085599999999204,249.97356200000002,250.294418
Bright Acoustic Piano,1,64,E4,90,0.3556154000000049,249.9682144,250.3238298
Bright Acoustic Piano,1,64,E4,82,0.02406419999999798,250.2997656,250.3238298
Bright Acoustic Piano,1,59,B3,76,0.24064199999997982,250.2917442,250.5323862
Bright Acoustic Piano,1,53,F3,100,0.3155083999999988,250.6099264,250.9254348
Bright Acoustic Piano,1,61,C#4,87,0.3502678000000117,250.615274,250.9655418
Bright Acoustic Piano,1,65,F4,94,0.33689880000000016,250.9334562,251.270355
Bright Acoustic Piano,1,56,G#3,83,0.3556154000000049,250.9441514,251.29976680000001
Bright Acoustic Piano,1,68,G#4,75,0.3422464000000218,251.2489646,251.59121100000002
Bright Acoustic Piano,1,59,B3,80,0.3689844000000164,251.270355,251.6393394
Bright Acoustic Piano,1,65,F4,86,0.28074900000001435,251.5805158,251.86126480000001
Bright Acoustic Piano,1,56,G#3,82,0.3048131999999839,251.5938848,251.898698
Bright Acoustic Piano,1,66,F#4,90,0.3422463999999934,251.8933504,252.2355968
Bright Acoustic Piano,1,57,A3,88,0.3556154000000049,251.912067,252.2676824
Bright Acoustic Piano,1,61,C#4,82,0.3395725999999968,252.2222278,252.5618004
Bright Acoustic Piano,1,69,A4,83,0.35828920000000153,252.2222278,252.58051700000001
Bright Acoustic Piano,1,73,C#5,80,0.31818220000002384,252.553779,252.87196120000002
Bright Acoustic Piano,1,66,F#4,94,0.38502719999999613,252.5377362,252.9227634
Bright Acoustic Piano,1,66,F#4,73,0.05080219999999258,252.87196120000002,252.9227634
Bright Acoustic Piano,1,61,C#4,66,0.1711231999999825,252.874635,253.0457582
Bright Acoustic Piano,1,59,B3,85,0.3582891999999731,253.18479580000002,253.543085
Bright Acoustic Piano,1,51,D#3,97,0.35828920000000153,253.18746960000001,253.54575880000002
Bright Acoustic Piano,1,54,F#3,90,0.3529416000000083,253.5190208,253.8719624
Bright Acoustic Piano,1,63,D#4,78,0.368984399999988,253.5056518,253.8746362
Bright Acoustic Piano,1,66,F#4,88,0.32620359999998527,253.83720300000002,254.1634066
Bright Acoustic Piano,1,59,B3,83,0.36096299999999815,253.8318554,254.1928184
Bright Acoustic Piano,1,54,F#3,96,0.16310179999999264,254.15271140000002,254.3158132
Bright Acoustic Piano,1,63,D#4,94,0.20053500000000213,254.14469,254.345225
Bright Acoustic Piano,1,52,E3,96,0.10160439999998516,254.6286478,254.7302522
Bright Acoustic Piano,1,68,G#4,92,0.10427819999998178,254.6286478,254.732926
Bright Acoustic Piano,1,52,E3,98,0.16042799999999602,254.7890758,254.9495038
Bright Acoustic Piano,1,68,G#4,93,0.16310179999999264,254.7890758,254.9521776
Bright Acoustic Piano,1,66,F#4,97,0.10160440000001358,255.1099318,255.2115362
Bright Acoustic Piano,1,50,D3,110,0.10962580000000344,255.1099318,255.2195576
Bright Acoustic Piano,1,66,F#4,99,0.21390400000001364,255.2703598,255.4842638
Bright Acoustic Piano,1,50,D3,108,0.25133720000002313,255.2703598,255.52169700000002
Bright Acoustic Piano,1,65,F4,112,0.48128399999998805,255.59121580000001,256.0724998
Bright Acoustic Piano,1,65,F4,94,0.0053475999999932355,256.0671522,256.0724998
Bright Acoustic Piano,1,49,C#3,99,0.48128399999998805,255.59121580000001,256.0724998
Bright Acoustic Piano,1,56,G#3,83,0.35561540000003333,256.0778474,256.43346280000003
Bright Acoustic Piano,1,68,G#4,75,0.3422464000000218,256.3826606,256.72490700000003
Bright Acoustic Piano,1,59,B3,80,0.36898440000004484,256.404051,256.7730354
Bright Acoustic Piano,1,57,A3,98,0.06951880000002575,257.8372078,257.9067266
Bright Acoustic Piano,1,61,C#4,90,0.08021400000001222,257.8372078,257.9174218
Bright Acoustic Piano,1,68,G#4,89,0.08288780000003726,257.8372078,257.9200956
Bright Acoustic Piano,1,65,F4,94,0.0882354000000305,257.8372078,257.9254432
Bright Acoustic Piano,1,47,B2,95,0.09625679999999193,257.8372078,257.9334646
Bright Acoustic Piano,1,57,A3,96,0.0695187999999689,257.9976358,258.0671546
Bright Acoustic Piano,1,61,C#4,79,0.07486640000001898,257.9976358,258.07250220000003
Bright Acoustic Piano,1,68,G#4,88,0.07754019999998718,257.9976358,258.075176
Bright Acoustic Piano,1,65,F4,75,0.08556160000000546,257.9976358,258.0831974
Bright Acoustic Piano,1,47,B2,81,0.11229959999997163,257.9976358,258.1099354
Bright Acoustic Piano,1,57,A3,81,0.07219260000005079,258.1580638,258.23025640000003
Bright Acoustic Piano,1,68,G#4,66,0.07486640000001898,258.1580638,258.2329302
Bright Acoustic Piano,1,61,C#4,64,0.07754020000004402,258.1580638,258.235604
Bright Acoustic Piano,1,65,F4,82,0.08288780000003726,258.1580638,258.2409516
Bright Acoustic Piano,1,47,B2,78,0.1042782000000102,258.1580638,258.262342
Bright Acoustic Piano,1,61,C#4,89,0.8315517999999997,258.3184918,259.1500436
Bright Acoustic Piano,1,65,F4,97,0.839573200000018,258.3184918,259.158065
Bright Acoustic Piano,1,47,B2,103,0.8449208000000112,258.3184918,259.1634126
Bright Acoustic Piano,1,57,A3,103,0.8449208000000112,258.3184918,259.1634126
Bright Acoustic Piano,1,68,G#4,94,0.8475945999999794,258.3184918,259.1660864
Bright Acoustic Piano,1,65,F4,94,0.3368988000000286,259.9147504,260.25164920000003
Bright Acoustic Piano,1,56,G#3,83,0.35561540000003333,259.9254456,260.281061
Bright Acoustic Piano,1,68,G#4,75,0.3422464000000218,260.2302588,260.5725052
Bright Acoustic Piano,1,59,B3,80,0.368984399999988,260.254323,260.6233074
Bright Acoustic Piano,1,65,F4,86,0.28074900000001435,260.56181,260.842559
Bright Acoustic Piano,1,56,G#3,82,0.30481320000001233,260.575179,260.8799922
Bright Acoustic Piano,1,66,F#4,90,0.3422464000000218,260.8746446,261.21689100000003
Bright Acoustic Piano,1,57,A3,88,0.3556153999999765,260.8933612,261.2489766
Bright Acoustic Piano,1,61,C#4,82,0.3395725999999968,261.2061958,261.5457684
Bright Acoustic Piano,1,69,A4,83,0.35828920000000153,261.203522,261.5618112
Bright Acoustic Piano,1,73,C#5,80,0.31818220000002384,261.5350732,261.8532554
Bright Acoustic Piano,1,66,F#4,94,0.3850271999999677,261.5190304,261.9040576
Bright Acoustic Piano,1,66,F#4,73,0.05080219999996416,261.8532554,261.9040576
Bright Acoustic Piano,1,61,C#4,66,0.1711232000000109,261.8559292,262.0270524
Bright Acoustic Piano,1,59,B3,85,0.35828920000000153,262.16609,262.5243792
Bright Acoustic Piano,1,51,D#3,97,0.35828920000000153,262.1687638,262.527053
Bright Acoustic Piano,1,54,F#3,90,0.35294159999995145,262.5029888,262.8559304
Bright Acoustic Piano,1,63,D#4,78,0.368984399999988,262.4896198,262.8586042
Bright Acoustic Piano,1,66,F#4,88,0.32620359999998527,262.8184972,263.1447008
Bright Acoustic Piano,1,59,B3,83,0.36096300000002657,262.8158234,263.1767864
Bright Acoustic Piano,1,54,F#3,96,0.16310179999999264,263.1366794,263.2997812
Bright Acoustic Piano,1,63,D#4,94,0.20053500000000213,263.12865800000003,263.32919300000003
Bright Acoustic Piano,1,52,E3,96,0.10160439999998516,263.6126158,263.7142202
Bright Acoustic Piano,1,68,G#4,92,0.1042782000000102,263.6126158,263.716894
Bright Acoustic Piano,1,52,E3,98,0.16042800000002444,263.7730438,263.9334718
Bright Acoustic Piano,1,68,G#4,93,0.16310180000004948,263.7730438,263.93614560000003
Bright Acoustic Piano,1,66,F#4,97,0.10160439999998516,264.09389980000003,264.1955042
Bright Acoustic Piano,1,50,D3,110,0.1096257999999466,264.09389980000003,264.2035256
Bright Acoustic Piano,1,66,F#4,99,0.21390400000001364,264.2543278,264.4682318
Bright Acoustic Piano,1,50,D3,108,0.25133720000002313,264.2543278,264.505665
Bright Acoustic Piano,1,65,F4,112,0.4812840000000165,264.5751838,265.0564678
Bright Acoustic Piano,1,65,F4,94,0.008021400000018275,265.0484464,265.0564678
Bright Acoustic Piano,1,49,C#3,99,0.4812840000000165,264.5751838,265.0564678
Bright Acoustic Piano,1,56,G#3,83,0.3556153999999765,265.05914160000003,265.414757
Bright Acoustic Piano,1,68,G#4,75,0.3422464000000218,265.3639548,265.7062012
Bright Acoustic Piano,1,59,B3,80,0.36898440000004484,265.388019,265.75700340000003
Bright Acoustic Piano,1,65,F4,86,0.2807489999999575,265.695506,265.976255
Bright Acoustic Piano,1,56,G#3,82,0.30481320000001233,265.708875,266.0136882
Bright Acoustic Piano,1,66,F#4,90,0.3422464000000218,266.0083406,266.350587
Bright Acoustic Piano,1,57,A3,88,0.3556153999999765,266.0270572,266.3826726
Bright Acoustic Piano,1,61,C#4,82,0.3395725999999968,266.33989180000003,266.67946440000003
Bright Acoustic Piano,1,69,A4,83,0.35828920000000153,266.337218,266.6955072
Bright Acoustic Piano,1,73,C#5,80,0.31818220000002384,266.6687692,266.9869514
Bright Acoustic Piano,1,66,F#4,94,0.38502720000002455,266.6527264,267.03775360000003
Bright Acoustic Piano,1,66,F#4,73,0.050802200000021,266.9869514,267.03775360000003
Bright Acoustic Piano,1,61,C#4,66,0.1711232000000109,266.9896252,267.1607484
Bright Acoustic Piano,1,59,B3,85,0.35828920000000153,267.299786,267.6580752
Bright Acoustic Piano,1,51,D#3,97,0.35828920000000153,267.3024598,267.660749
Bright Acoustic Piano,1,54,F#3,90,0.3529416000000083,267.6366848,267.9896264
Bright Acoustic Piano,1,63,D#4,78,0.368984399999988,267.6233158,267.9923002
Bright Acoustic Piano,1,66,F#4,88,0.32620359999998527,267.9521932,268.2783968
Bright Acoustic Piano,1,59,B3,83,0.36096300000002657,267.9495194,268.3104824
Bright Acoustic Piano,1,54,F#3,96,0.16310180000004948,268.2703754,268.4334772
Bright Acoustic Piano,1,63,D#4,94,0.20053500000000213,268.262354,268.462889
Bright Acoustic Piano,1,56,G#3,91,0.1951874000000089,268.7543332,268.9495206
Bright Acoustic Piano,1,64,E4,88,0.19786120000003393,268.770376,268.96823720000003
Bright Acoustic Piano,1,68,G#4,82,0.30213940000004413,268.944173,269.2463124
Bright Acoustic Piano,1,59,B3,81,0.32352979999996023,268.930804,269.2543338
Bright Acoustic Piano,1,71,B4,78,0.32085599999999204,269.2222482,269.5431042
Bright Acoustic Piano,1,64,E4,90,0.35561540000003333,269.2195744,269.57518980000003
Bright Acoustic Piano,1,64,E4,82,0.02673800000002302,269.5484518,269.57518980000003
Bright Acoustic Piano,1,59,B3,76,0.24064200000003666,269.5404304,269.7810724
Bright Acoustic Piano,1,53,F3,100,0.3155083999999988,269.8612864,270.1767948
Bright Acoustic Piano,1,61,C#4,87,0.35026779999998325,269.8639602,270.214228
Bright Acoustic Piano,1,65,F4,94,0.33689879999997174,270.18214240000003,270.5190412
Bright Acoustic Piano,1,56,G#3,83,0.3556153999999765,270.1928376,270.548453
Bright Acoustic Piano,1,68,G#4,75,0.342246399999965,270.49765080000003,270.8398972
Bright Acoustic Piano,1,59,B3,80,0.368984399999988,270.52171500000003,270.8906994
Bright Acoustic Piano,1,65,F4,86,0.28074900000001435,270.829202,271.109951
Bright Acoustic Piano,1,56,G#3,82,0.30481320000001233,270.842571,271.14738420000003
Bright Acoustic Piano,1,66,F#4,90,0.3422464000000218,271.1420366,271.484283
Bright Acoustic Piano,1,57,A3,88,0.35561540000003333,271.1607532,271.5163686
Bright Acoustic Piano,1,61,C#4,82,0.3395725999999968,271.4735878,271.8131604
Bright Acoustic Piano,1,69,A4,83,0.35828920000000153,271.470914,271.8292032
Bright Acoustic Piano,1,73,C#5,80,0.318182199999967,271.80246520000003,272.1206474
Bright Acoustic Piano,1,66,F#4,94,0.38502720000002455,271.7864224,272.1714496
Bright Acoustic Piano,1,66,F#4,73,0.050802200000021,272.1206474,272.1714496
Bright Acoustic Piano,1,61,C#4,66,0.1711232000000109,272.1233212,272.29444440000003
Bright Acoustic Piano,1,59,B3,85,0.35828920000000153,272.433482,272.7917712
Bright Acoustic Piano,1,51,D#3,97,0.35828920000000153,272.4361558,272.794445
Bright Acoustic Piano,1,54,F#3,90,0.3529416000000083,272.7703808,273.1233224
Bright Acoustic Piano,1,63,D#4,78,0.36898440000004484,272.7570118,273.12599620000003
Bright Acoustic Piano,1,66,F#4,88,0.32620359999998527,273.0858892,273.4120928
Bright Acoustic Piano,1,59,B3,83,0.3609629999999697,273.08321540000003,273.4441784
Bright Acoustic Piano,1,54,F#3,96,0.16310179999999264,273.4040714,273.5671732
Bright Acoustic Piano,1,63,D#4,94,0.20053500000000213,273.39605,273.596585
Bright Acoustic Piano,1,52,E3,96,0.101604400000042,273.8800078,273.98161220000003
Bright Acoustic Piano,1,68,G#4,92,0.1042782000000102,273.8800078,273.984286
Bright Acoustic Piano,1,52,E3,98,0.1604279999999676,274.0404358,274.2008638
Bright Acoustic Piano,1,68,G#4,93,0.16310179999999264,274.0404358,274.2035376
Bright Acoustic Piano,1,66,F#4,97,0.10160439999998516,274.3612918,274.4628962
Bright Acoustic Piano,1,50,D3,110,0.10962580000000344,274.3612918,274.4709176
Bright Acoustic Piano,1,66,F#4,99,0.2139039999999568,274.5217198,274.7356238
Bright Acoustic Piano,1,50,D3,108,0.2513371999999663,274.5217198,274.773057
Bright Acoustic Piano,1,65,F4,112,0.48128399999995963,274.8425758,275.3238598
Bright Acoustic Piano,1,65,F4,94,0.008021399999961432,275.3158384,275.3238598
Bright Acoustic Piano,1,49,C#3,99,0.48128399999995963,274.8425758,275.3238598
Bright Acoustic Piano,1,56,G#3,83,0.3556153999999765,275.3265336,275.682149
Bright Acoustic Piano,1,68,G#4,75,0.342246399999965,275.6313468,275.9735932
Bright Acoustic Piano,1,59,B3,80,0.368984399999988,275.655411,276.0243954
Bright Acoustic Piano,1,65,F4,86,0.28074900000001435,275.962898,276.243647
Bright Acoustic Piano,1,56,G#3,82,0.30481320000001233,275.976267,276.2810802
Bright Acoustic Piano,1,66,F#4,90,0.342246399999965,276.2757326,276.617979
Bright Acoustic Piano,1,57,A3,88,0.3556153999999765,276.29444920000003,276.6500646
Bright Acoustic Piano,1,61,C#4,82,0.3395725999999968,276.6072838,276.9468564
Bright Acoustic Piano,1,69,A4,83,0.35828920000000153,276.60461,276.9628992
Bright Acoustic Piano,1,73,C#5,80,0.318182199999967,276.9361612,277.2543434
Bright Acoustic Piano,1,66,F#4,94,0.38502720000002455,276.9201184,277.3051456
Bright Acoustic Piano,1,66,F#4,73,0.050802200000021,277.2543434,277.3051456
Bright Acoustic Piano,1,61,C#4,66,0.1711232000000109,277.2570172,277.4281404
Bright Acoustic Piano,1,59,B3,85,0.35828920000000153,277.567178,277.9254672
Bright Acoustic Piano,1,51,D#3,97,0.35828920000000153,277.5698518,277.928141
Bright Acoustic Piano,1,54,F#3,90,0.3529416000000083,277.9040768,278.2570184
Bright Acoustic Piano,1,63,D#4,78,0.368984399999988,277.89070780000003,278.2596922
Bright Acoustic Piano,1,66,F#4,88,0.3262036000000421,278.2195852,278.5457888
Bright Acoustic Piano,1,59,B3,83,0.3609629999999697,278.2169114,278.5778744
Bright Acoustic Piano,1,54,F#3,96,0.16310179999999264,278.5377674,278.7008692
Bright Acoustic Piano,1,63,D#4,94,0.20053500000000213,278.529746,278.730281
Bright Acoustic Piano,1,56,G#3,91,0.19518739999995205,279.01370380000003,279.2088912
Bright Acoustic Piano,1,64,E4,88,0.19786120000003393,279.0217252,279.2195864
Bright Acoustic Piano,1,68,G#4,82,0.30213940000004413,279.2035436,279.50568300000003
Bright Acoustic Piano,1,59,B3,81,0.3235298000000171,279.198196,279.5217258
Bright Acoustic Piano,1,71,B4,78,0.32085599999999204,279.4896402,279.8104962
Bright Acoustic Piano,1,64,E4,90,0.32887739999995347,279.48696640000003,279.8158438
Bright Acoustic Piano,1,59,B3,76,0.23796820000001162,279.8078224,280.04579060000003
Bright Acoustic Piano,1,64,E4,82,0.23796820000001162,279.8158438,280.053812
Bright Acoustic Piano,1,52,E3,100,10.438515199999983,280.1286784,290.5671936
Trumpet,56,84,C6,113,0.3850272,0.5267386000000001,0.9117658000000001
Trumpet,56,60,C4,98,0.4037438,0.5294124,0.9331562
Trumpet,56,67,G4,89,0.41711279999999995,0.521391,0.9385038
Trumpet,56,72,C5,111,0.4385032,0.5454552,0.9839584
Trumpet,56,63,D#4,104,1.5401088000000003,1.0053488,2.5454576
Trumpet,56,82,A#5,122,1.5401088,1.0106964,2.5508052
Trumpet,56,70,A#4,121,1.5695206000000002,1.0240654,2.593586
Trumpet,56,55,G3,95,1.7459914,1.0133702,2.7593616
Trumpet,56,57,A3,91,0.3983962000000001,3.0828914,3.4812876
Trumpet,56,65,F4,115,0.4037438,3.0802176,3.4839614
Trumpet,56,65,F4,92,0.3957223999999999,3.088239,3.4839614
Trumpet,56,77,F5,115,0.4304817999999999,3.0775438,3.5080256
Trumpet,56,65,F4,94,0.3689844,3.5641754,3.9331598
Trumpet,56,57,A3,92,0.37700580000000006,3.5641754,3.9411812
Trumpet,56,64,E4,117,0.3903748,3.5695230000000002,3.9598978000000002
Trumpet,56,76,E5,111,0.4278080000000002,3.5641754,3.9919834
Trumpet,56,65,F4,91,0.24866339999999987,4.0187214,4.2673848
Trumpet,56,74,D5,106,0.2540109999999993,4.0320904,4.2861014
Trumpet,56,62,D4,115,0.27005380000000034,4.024069,4.2941228
Trumpet,56,57,A3,88,0.27005380000000034,4.037438,4.3074918
Trumpet,56,64,E4,97,0.40909139999999944,4.3636416,4.772733
Trumpet,56,59,B3,112,0.40641760000000016,4.371663,4.7780806
Trumpet,56,71,B4,103,0.4197866000000001,4.3636416,4.7834282
Trumpet,56,56,G#3,97,0.39572240000000036,4.3903796,4.7861020000000005
Trumpet,56,56,G#3,99,0.35828919999999975,4.8609684,5.2192576
Trumpet,56,64,E4,117,0.39572240000000036,4.8475994,5.2433218
Trumpet,56,64,E4,95,0.3823534000000004,4.8609684,5.2433218
Trumpet,56,76,E5,110,0.43582940000000026,4.8315566,5.267386
Trumpet,56,56,G#3,98,0.24866339999999987,5.3101668,5.5588302
Trumpet,56,64,E4,95,0.24331580000000042,5.3181882,5.561504
Trumpet,56,80,G#5,116,0.2620324000000007,5.3315572,5.5935896000000005
Trumpet,56,68,G#4,116,0.2673799999999993,5.3288834000000005,5.5962634
Trumpet,56,55,G3,93,0.37700580000000006,5.655087,6.0320928
Trumpet,56,63,D#4,104,0.37700580000000006,5.6711298,6.0481356
Trumpet,56,67,G4,107,0.4438507999999999,5.6524132,6.096264
Trumpet,56,79,G5,107,0.4491984000000002,5.655087,6.1042854
Trumpet,56,63,D#4,103,0.3155084000000006,6.1390448,6.4545532
Trumpet,56,63,D#4,119,0.3155084000000006,6.1390448,6.4545532
Trumpet,56,55,G3,98,0.36898439999999955,6.1176544,6.4866388
Trumpet,56,75,D#5,118,0.35561540000000047,6.1390448,6.4946602
Trumpet,56,55,G3,97,0.16310179999999974,6.5935908,6.7566926
Trumpet,56,63,D#4,101,0.21390400000000032,6.5882432,6.8021472
Trumpet,56,58,A#3,123,0.23262059999999973,6.604286,6.8369066
Trumpet,56,70,A#4,119,0.26203239999999983,6.604286,6.8663184
Trumpet,56,57,A3,120,0.9572203999999997,6.9278158,7.8850362
Trumpet,56,62,D4,102,0.9973273999999996,6.9278158,7.9251432
Trumpet,56,54,F#3,106,1.1016055999999992,6.9438586,8.0454642
Trumpet,56,69,A4,109,1.155081599999999,6.9438586,8.0989402
Trumpet,56,72,C5,109,0.09358299999999886,8.232630200000001,8.3262132
Trumpet,56,60,C4,100,0.11229960000000005,8.2165874,8.328887
Trumpet,56,62,D4,97,0.10427819999999954,8.3582988,8.462577
Trumpet,56,74,D5,104,0.10962579999999988,8.3770154,8.4866412
Trumpet,56,76,E5,104,0.12299479999999896,8.540117200000001,8.663112
Trumpet,56,64,E4,102,0.16310180000000152,8.516053,8.679154800000001
Trumpet,56,77,F5,110,0.09090920000000047,8.7139142,8.8048234
Trumpet,56,65,F4,106,0.14438520000000032,8.6871762,8.8315614
Trumpet,56,79,G5,104,0.08021399999999979,8.8663208,8.9465348
Trumpet,56,67,G4,94,0.09625680000000081,8.8609732,8.957230000000001
Trumpet,56,83,B5,106,0.08021399999999979,9.0187274,9.0989414
Trumpet,56,71,B4,108,0.10160439999999937,9.0294226,9.131027
Trumpet,56,84,C6,127,0.13368999999999964,9.1791554,9.3128454
Trumpet,56,72,C5,118,0.1363637999999998,9.197872,9.3342358
Trumpet,56,63,D#4,127,1.473263799999998,96.45198740000001,97.9252512
Trumpet,56,66,F#4,127,1.4812851999999879,96.45198740000001,97.9332726
Trumpet,56,56,G#3,126,1.5160446000000007,96.45198740000001,97.96803200000001
Trumpet,56,72,C5,127,1.5561515999999926,96.45198740000001,98.008139
Trumpet,56,73,C#5,113,0.17379699999999332,98.061615,98.235412
Trumpet,56,65,F4,121,0.18181839999999738,98.0642888,98.2461072
Trumpet,56,56,G#3,113,0.19518739999999468,98.061615,98.2568024
Trumpet,56,66,F#4,99,0.21657779999999605,100.6231154,100.8396932
Trumpet,56,78,F#5,104,0.2112301999999886,100.64183200000001,100.8530622
Trumpet,56,75,D#5,102,0.1310161999999906,100.81028140000001,100.9412976
Trumpet,56,63,D#4,99,0.13903759999999465,100.8049338,100.9439714
Trumpet,56,70,A#4,108,0.14171140000000548,101.0990518,101.2407632
Trumpet,56,58,A#3,99,0.13636379999999804,101.1070732,101.243437
Trumpet,56,63,D#4,99,0.12566859999999735,101.4118864,101.537555
Trumpet,56,75,D#5,107,0.14171140000000548,101.4225816,101.564293
Trumpet,56,66,F#4,100,0.14973279999999534,101.577662,101.7273948
Trumpet,56,78,F#5,108,0.15508040000000278,101.591031,101.7461114
Trumpet,56,72,C5,112,0.1443852000000021,101.9092132,102.0535984
Trumpet,56,68,G#4,104,0.16577560000000346,101.9279298,102.0937054
Trumpet,56,75,D#5,113,0.14705899999999872,102.232743,102.379802
Trumpet,56,66,F#4,110,0.16310180000000685,102.219374,102.38247580000001
Trumpet,56,72,C5,113,0.2085564000000062,102.5482514,102.7568078
Trumpet,56,80,G#5,114,0.2352944000000008,102.5589466,102.794241
Trumpet,56,65,F4,99,0.14973279999999534,105.7675066,105.9172394
Trumpet,56,77,F5,98,0.14973279999999534,105.7701804,105.9199132
Trumpet,56,68,G#4,98,0.12299480000000074,105.9921058,106.1151006
Trumpet,56,56,G#3,98,0.14973280000000955,105.9867582,106.136491
Trumpet,56,70,A#4,99,0.12299480000000074,106.189967,106.3129618
Trumpet,56,58,A#3,96,0.13903760000000887,106.189967,106.3290046
Trumpet,56,72,C5,104,0.1310161999999906,106.41724,106.5482562
Trumpet,56,60,C4,98,0.14973280000000955,106.403871,106.5536038
Trumpet,56,73,C#5,98,0.10962580000000344,106.644513,106.7541388
Trumpet,56,61,C#4,100,0.1443852000000021,106.6124274,106.7568126
Trumpet,56,63,D#4,102,0.09625679999999193,106.8102886,106.9065454
Trumpet,56,75,D#5,100,0.10427819999999599,106.8477218,106.952
Trumpet,56,78,F#5,111,0.14973279999999534,107.04558300000001,107.1953158
Trumpet,56,69,A4,117,0.18983980000000145,107.0429092,107.232749
Trumpet,56,77,F5,121,0.19251359999999806,107.35307,107.5455836
Trumpet,56,68,G#4,111,0.1951874000000089,107.3557438,107.55093120000001
Trumpet,56,61,C#4,74,1.2914454000000006,108.3236594,109.6151048
Trumpet,56,62,D4,83,1.2967929999999939,109.60708340000001,110.9038764
Trumpet,56,63,D#4,79,2.0748688000000044,110.8905074,112.96537620000001
Trumpet,56,63,D#4,78,1.296793000000008,113.4573554,114.7541484
Trumpet,56,64,E4,84,1.0106964000000005,114.74077940000001,115.75147580000001
Trumpet,56,68,G#4,110,0.1577541999999994,116.3557546,116.5135088
Trumpet,56,80,G#5,106,0.1711232000000109,116.3664498,116.53757300000001
Trumpet,56,82,A#5,94,0.16844940000000008,116.671263,116.8397124
Trumpet,56,70,A#4,105,0.17647080000000415,116.6766106,116.85308140000001
Trumpet,56,80,G#5,96,0.14705900000001293,116.9974666,117.14452560000001
Trumpet,56,68,G#4,109,0.14705899999999872,117.0135094,117.1605684
Trumpet,56,85,C#6,106,0.19251359999999806,117.3156488,117.5081624
Trumpet,56,73,C#5,118,0.20588259999999536,117.3290178,117.5349004
Trumpet,56,66,F#4,99,0.21657779999999605,121.1578994,121.3744772
Trumpet,56,78,F#5,104,0.2112302000000028,121.176616,121.3878462
Trumpet,56,75,D#5,102,0.1310162000000048,121.3450654,121.4760816
Trumpet,56,63,D#4,99,0.13903759999999465,121.3397178,121.4787554
Trumpet,56,70,A#4,108,0.14171140000000548,121.6338358,121.7755472
Trumpet,56,58,A#3,99,0.13636379999999804,121.6418572,121.778221
Trumpet,56,63,D#4,99,0.12566859999999735,121.9466704,122.072339
Trumpet,56,75,D#5,107,0.14171140000000548,121.9573656,122.09907700000001
Trumpet,56,66,F#4,100,0.14973279999999534,122.112446,122.2621788
Trumpet,56,78,F#5,108,0.15508040000000278,122.125815,122.2808954
Trumpet,56,72,C5,112,0.1443852000000021,122.4439972,122.5883824
Trumpet,56,68,G#4,104,0.16577560000000346,122.4627138,122.6284894
Trumpet,56,75,D#5,113,0.14705899999999872,122.767527,122.914586
Trumpet,56,66,F#4,110,0.16310179999999264,122.754158,122.9172598
Trumpet,56,72,C5,113,0.2085564000000062,123.0830354,123.2915918
Trumpet,56,80,G#5,114,0.2352944000000008,123.0937306,123.329025
Trumpet,56,65,F4,99,0.14973279999999534,126.3022906,126.4520234
Trumpet,56,77,F5,98,0.14973279999999534,126.3049644,126.4546972
Trumpet,56,68,G#4,98,0.12299480000000074,126.5268898,126.64988460000001
Trumpet,56,56,G#3,98,0.14973280000000955,126.5215422,126.67127500000001
Trumpet,56,70,A#4,99,0.12299480000000074,126.724751,126.8477458
Trumpet,56,58,A#3,96,0.13903760000000887,126.724751,126.8637886
Trumpet,56,72,C5,104,0.1310161999999906,126.95202400000001,127.0830402
Trumpet,56,60,C4,98,0.14973280000000955,126.938655,127.0883878
Trumpet,56,73,C#5,98,0.10962580000000344,127.179297,127.28892280000001
Trumpet,56,61,C#4,100,0.1443852000000021,127.1472114,127.2915966
Trumpet,56,63,D#4,102,0.09625679999999193,127.34507260000001,127.4413294
Trumpet,56,75,D#5,100,0.10427819999999599,127.3825058,127.486784
Trumpet,56,78,F#5,111,0.14973280000000955,127.580367,127.7300998
Trumpet,56,69,A4,117,0.18983980000000145,127.5776932,127.767533
Trumpet,56,77,F5,121,0.19251359999998385,127.887854,128.0803676
Trumpet,56,68,G#4,111,0.1951874000000089,127.8905278,128.0857152
Trumpet,56,61,C#4,74,1.2914454000000148,128.8584434,130.1498888
Trumpet,56,62,D4,83,1.296793000000008,130.1418674,131.4386604
Trumpet,56,63,D#4,79,2.0748688000000186,131.4252914,133.5001602
Trumpet,56,63,D#4,78,1.2967929999999797,133.9921394,135.2889324
Trumpet,56,64,E4,84,1.0106964000000005,135.2755634,136.2862598
Trumpet,56,74,D5,108,0.5909097999999915,139.1258354,139.7167452
Trumpet,56,73,C#5,106,0.5588242000000037,139.772895,140.3317192
Trumpet,56,71,B4,102,0.27005379999999946,140.3905428,140.6605966
Trumpet,56,73,C#5,98,0.2513371999999947,140.7194202,140.9707574
Trumpet,56,74,D5,95,0.18181839999999738,141.056319,141.2381374
Trumpet,56,78,F#5,109,0.11497339999999667,141.3718274,141.4868008
Trumpet,56,74,D5,71,0.997327399999989,141.7007048,142.6980322
Trumpet,56,79,G5,74,1.0320868000000019,141.6953572,142.727444
Trumpet,56,81,A5,121,1.069519999999983,141.7007048,142.7702248
Trumpet,56,79,G5,114,0.14705900000001293,142.8156794,142.9627384
Trumpet,56,73,C#5,103,0.17914460000000076,142.8156794,142.994824
Trumpet,56,81,A5,122,0.24064200000000824,142.8290484,143.0696904
Trumpet,56,78,F#5,122,0.10427819999998178,147.3210324,147.4253106
Trumpet,56,74,D5,106,0.1042782000000102,147.3477704,147.4520486
Trumpet,56,76,E5,114,0.12299479999998653,147.633867,147.7568618
Trumpet,56,79,G5,121,0.13636379999999804,147.62851940000002,147.7648832
Trumpet,56,74,D5,107,0.10962580000000344,147.9360064,148.0456322
Trumpet,56,78,F#5,109,0.10962579999997502,147.94402780000001,148.0536536
Trumpet,56,78,F#5,107,0.1577541999999994,148.10178200000001,148.2595362
Trumpet,56,81,A5,109,0.184492199999994,148.1124772,148.2969694
Trumpet,56,77,F5,111,0.09625679999999193,157.1231832,157.21944
Trumpet,56,77,F5,105,0.11497339999999667,157.26756840000002,157.3825418
Trumpet,56,77,F5,114,0.1042782000000102,157.567034,157.67131220000002
Trumpet,56,77,F5,103,0.1577541999999994,157.74083100000001,157.8985852
Trumpet,56,81,A5,115,1.1737981999999931,158.0697084,159.2435066
Trumpet,56,74,D5,108,0.5909097999999915,159.6606194,160.2515292
Trumpet,56,73,C#5,106,0.5588242000000037,160.307679,160.8665032
Trumpet,56,71,B4,102,0.27005379999999946,160.9253268,161.1953806
Trumpet,56,73,C#5,98,0.2513371999999947,161.2542042,161.5055414
Trumpet,56,74,D5,95,0.18181839999999738,161.591103,161.7729214
Trumpet,56,78,F#5,109,0.11497339999999667,161.9066114,162.0215848
Trumpet,56,74,D5,71,0.997327399999989,162.2354888,163.2328162
Trumpet,56,79,G5,74,1.0320868000000019,162.2301412,163.262228
Trumpet,56,81,A5,121,1.069519999999983,162.2354888,163.3050088
Trumpet,56,79,G5,114,0.14705900000001293,163.3504634,163.4975224
Trumpet,56,73,C#5,103,0.17914460000000076,163.3504634,163.529608
Trumpet,56,81,A5,122,0.24064200000000824,163.3638324,163.60447440000002
Trumpet,56,78,F#5,122,0.10427819999998178,167.8558164,167.9600946
Trumpet,56,74,D5,106,0.1042782000000102,167.8825544,167.9868326
Trumpet,56,76,E5,114,0.12299479999998653,168.168651,168.2916458
Trumpet,56,79,G5,121,0.13636380000002646,168.1633034,168.29966720000002
Trumpet,56,74,D5,107,0.10962580000000344,168.4707904,168.5804162
Trumpet,56,78,F#5,109,0.10962579999997502,168.47881180000002,168.5884376
Trumpet,56,78,F#5,107,0.1577541999999994,168.63656600000002,168.79432020000002
Trumpet,56,81,A5,109,0.184492199999994,168.6472612,168.8317534
Trumpet,56,74,D5,74,1.3609642000000122,178.583102,179.9440662
Trumpet,56,68,G#4,81,1.3636380000000088,178.583102,179.94674
Trumpet,56,77,F5,71,1.352942799999994,178.5991448,179.9520876
Trumpet,56,79,G5,77,1.3716593999999986,178.583102,179.9547614
Trumpet,56,58,A#3,75,1.379680800000017,178.583102,179.9627828
Trumpet,56,63,D#4,74,1.2914453999999864,190.4627954,191.7542408
Trumpet,56,64,E4,83,1.296793000000008,191.7462194,193.0430124
Trumpet,56,65,F4,79,2.0748688000000186,193.0296434,195.10451220000002
Trumpet,56,65,F4,78,1.296793000000008,195.5964914,196.8932844
Trumpet,56,66,F#4,84,1.0106964000000005,196.87991540000002,197.89061180000002
Trumpet,56,67,G4,113,0.29679179999999405,198.1633394,198.4601312
Trumpet,56,75,D#5,74,1.3609642000000122,199.117886,200.4788502
Trumpet,56,69,A4,81,1.3636380000000088,199.117886,200.481524
Trumpet,56,78,F#5,71,1.352942799999994,199.1339288,200.4868716
Trumpet,56,80,G#5,77,1.3716593999999986,199.117886,200.4895454
Trumpet,56,59,B3,75,1.379680800000017,199.117886,200.49756680000002
Trumpet,56,78,F#5,103,0.12032100000001833,203.2970354,203.41735640000002
Trumpet,56,81,A5,93,0.1711232000000109,203.4574634,203.6285866
Trumpet,56,80,G#5,78,0.1417114000000197,203.6178914,203.7596028
Trumpet,56,78,F#5,77,0.12834239999997976,203.77831940000002,203.9066618
Trumpet,56,77,F5,66,0.10160439999998516,203.9387474,204.0403518
Trumpet,56,78,F#5,57,0.04812839999999596,204.0991754,204.1473038
Trumpet,56,75,D#5,76,1.0588247999999965,204.2596034,205.3184282
Trumpet,56,80,G#5,73,1.0641723999999897,204.2596034,205.3237758
Trumpet,56,69,A4,71,1.0641723999999897,204.2596034,205.3237758
Trumpet,56,83,B5,81,1.0668462000000147,204.2596034,205.32644960000002
Trumpet,56,78,F#5,77,1.0668462000000147,204.2596034,205.32644960000002
Trumpet,56,59,B3,70,1.072193800000008,204.2596034,205.3317972
Trumpet,56,80,G#5,111,0.10962580000000344,208.5911594,208.7007852
Trumpet,56,64,E4,113,0.1310162000000048,208.5911594,208.7221756
Trumpet,56,81,A5,114,0.10160440000001358,208.9120154,209.01361980000001
Trumpet,56,66,F#4,119,0.12299480000001495,208.9120154,209.03501020000002
Trumpet,56,82,A#5,116,0.10160440000001358,209.2328714,209.3344758
Trumpet,56,67,G4,120,0.12834240000000818,209.2328714,209.3612138
Trumpet,56,83,B5,121,0.12566859999998314,209.5537274,209.679396
Trumpet,56,68,G#4,122,0.13636379999999804,209.5537274,209.6900912
Trumpet,56,68,G#4,98,0.29411800000002586,211.6392914,211.93340940000002
Trumpet,56,66,F#4,104,0.28342279999998254,211.9601474,212.2435702
Trumpet,56,65,F4,105,0.3288774000000103,212.2810034,212.6098808
Trumpet,56,66,F#4,96,0.32085600000002046,212.6018594,212.92271540000002
Trumpet,56,68,G#4,98,0.3155083999999988,212.92271540000002,213.23822380000001
Trumpet,56,71,B4,91,0.34759399999998664,213.2435714,213.5911654
Trumpet,56,68,G#4,108,0.43582940000001713,213.5644274,214.00025680000002
Trumpet,56,69,A4,106,0.41443899999998735,214.04571140000002,214.4601504
Trumpet,56,66,F#4,106,0.7112308000000098,214.5269954,215.2382262
Trumpet,56,66,F#4,74,0.0026737999999966178,219.986895,219.9895688
Trumpet,56,66,F#4,74,0.0026737999999966178,219.986895,219.9895688
Trumpet,56,74,D5,78,0.0026737999999966178,219.9922426,219.9949164
Trumpet,56,74,D5,78,0.0026737999999966178,219.9922426,219.9949164
Trumpet,56,71,B4,66,0.0026737999999966178,219.9949164,219.9975902
Trumpet,56,71,B4,66,0.0026737999999966178,219.9949164,219.9975902
Trumpet,56,81,A5,115,0.6123002000000213,219.9949164,220.60721660000002
Trumpet,56,59,B3,79,0.0026737999999966178,220.6446498,220.6473236
Trumpet,56,59,B3,79,0.0026737999999966178,220.6446498,220.6473236
Trumpet,56,68,G#4,85,0.0026737999999966178,220.655345,220.6580188
Trumpet,56,68,G#4,85,0.0026737999999966178,220.655345,220.6580188
Trumpet,56,74,D5,80,0.0026737999999966178,220.6633664,220.6660402
Trumpet,56,74,D5,80,0.0026737999999966178,220.6633664,220.6660402
Trumpet,56,82,A#5,110,0.6123002000000213,220.6232594,221.23555960000002
Trumpet,56,71,B4,84,0.0026737999999966178,221.2943832,221.297057
Trumpet,56,71,B4,84,0.0026737999999966178,221.2943832,221.297057
Trumpet,56,83,B5,102,0.4358293999999887,221.283688,221.7195174
Trumpet,56,68,G#4,92,0.0026738000000250395,221.7489292,221.75160300000002
Trumpet,56,68,G#4,92,0.0026738000000250395,221.7489292,221.75160300000002
Trumpet,56,80,G#5,91,0.10962580000000344,221.7275388,221.8371646
Trumpet,56,64,E4,90,0.0026737999999966178,222.06711140000002,222.0697852
Trumpet,56,64,E4,90,0.0026737999999966178,222.06711140000002,222.0697852
Trumpet,56,76,E5,93,0.12834239999997976,222.0483948,222.1767372
Trumpet,56,61,C#4,78,0.0026737999999966178,222.3478604,222.3505342
Trumpet,56,61,C#4,78,0.0026737999999966178,222.3478604,222.3505342
Trumpet,56,73,C#5,80,0.08288780000000884,222.3478604,222.4307482
Trumpet,56,71,B4,94,0.0026737999999966178,222.540374,222.5430478
Trumpet,56,71,B4,94,0.0026737999999966178,222.540374,222.5430478
Trumpet,56,83,B5,98,0.4598936000000151,222.5323526,222.9922462
Trumpet,56,68,G#4,91,0.0026737999999966178,223.0029414,223.0056152
Trumpet,56,68,G#4,91,0.0026737999999966178,223.0029414,223.0056152
Trumpet,56,80,G#5,93,0.10962580000000344,223.0243318,223.1339576
Trumpet,56,64,E4,90,0.10160440000001358,223.3371664,223.43877080000001
Trumpet,56,64,E4,90,0.10160440000001358,223.3371664,223.43877080000001
Trumpet,56,76,E5,96,0.10160440000001358,223.342514,223.4441184
Trumpet,56,72,C5,92,0.06417120000000409,223.6446534,223.7088246
Trumpet,56,64,E4,100,0.1443852000000163,223.837167,223.9815522
Trumpet,56,64,E4,100,0.1443852000000163,223.837167,223.9815522
Trumpet,56,66,F#4,93,0.0026737999999966178,223.9868998,223.9895736
Trumpet,56,66,F#4,93,0.0026737999999966178,223.9868998,223.9895736
Trumpet,56,80,G#5,99,0.17379700000000753,223.8398408,224.0136378
Trumpet,56,83,B5,84,0.03743320000000949,224.0056164,224.04304960000002
Trumpet,56,81,A5,90,0.1443851999999879,224.00026880000001,224.144654
Trumpet,56,64,E4,88,0.0026737999999966178,224.144654,224.1473278
Trumpet,56,64,E4,88,0.0026737999999966178,224.144654,224.1473278
Trumpet,56,80,G#5,92,0.13101619999997638,224.13395880000002,224.264975
Trumpet,56,68,G#4,99,0.0026737999999966178,224.31310340000002,224.3157772
Trumpet,56,68,G#4,99,0.0026737999999966178,224.31310340000002,224.3157772
Trumpet,56,83,B5,104,0.1577541999999994,224.2997344,224.4574886
Trumpet,56,61,C#4,126,0.0026737999999966178,235.3826354,235.3853092
Trumpet,56,65,F4,127,0.12299480000001495,235.5831704,235.70616520000002
Trumpet,56,68,G#4,119,0.0026738000000250395,235.8371814,235.83985520000002
Trumpet,56,71,B4,126,0.0026737999999966178,236.0216736,236.0243474
Trumpet,56,68,G#4,127,0.16042799999999602,236.297075,236.457503
Trumpet,56,69,A4,127,0.12299480000001495,236.5056314,236.6286262
Trumpet,56,66,F#4,127,0.0026737999999966178,236.82916120000002,236.831835
Trumpet,56,68,G#4,127,0.0026737999999966178,237.12060540000002,237.1232792
Trumpet,56,69,A4,127,0.09090919999999869,237.2970762,237.3879854
Trumpet,56,69,A4,127,0.10695200000000682,237.4414614,237.54841340000002
Trumpet,56,71,B4,127,0.008021399999989853,237.6045632,237.6125846
Trumpet,56,79,G5,104,0.12032099999998991,238.2783608,238.3986818
Trumpet,56,78,F#5,103,0.45454599999999346,238.5885216,239.0430676
Trumpet,56,80,G#5,115,0.15508040000000278,239.2462764,239.4013568
Trumpet,56,80,G#5,113,0.10962579999997502,239.54574200000002,239.6553678
Trumpet,56,80,G#5,117,0.14973280000000955,239.7248866,239.8746194
Trumpet,56,87,D#6,126,0.3850271999999677,280.3104968,280.695524
Trumpet,56,63,D#4,111,0.4037438000000293,280.3131706,280.7169144
Trumpet,56,70,A#4,102,0.4171128000000408,280.307823,280.7249358
Trumpet,56,75,D#5,124,0.43850320000001375,280.3292134,280.7677166
Trumpet,56,66,F#4,117,1.2834239999999681,280.7917808,282.0752048
Trumpet,56,85,C#6,127,1.5401087999999845,280.7971284,282.3372372
Trumpet,56,73,C#5,127,1.5695205999999757,280.81049740000003,282.380018
Trumpet,56,58,A#3,108,1.7459913999999799,280.7971284,282.5431198
Trumpet,56,60,C4,104,0.3983961999999792,282.8666496,283.2650458
Trumpet,56,68,G#4,127,0.4171128000000408,282.8639758,283.28108860000003
Trumpet,56,80,G#5,127,0.4304817999999955,282.8639758,283.2944576
Trumpet,56,60,C4,105,0.3770058000000063,283.3506074,283.7276132
Trumpet,56,67,G4,127,0.39037479999996094,283.3532812,283.743656
Trumpet,56,79,G5,124,0.42780799999997043,283.34793360000003,283.7757416
Trumpet,56,77,F5,119,0.25401100000004817,283.8158486,284.06985960000003
Trumpet,56,65,F4,127,0.2700538000000279,283.810501,284.0805548
Trumpet,56,60,C4,101,0.2700538000000279,283.82387,284.0939238
Trumpet,56,74,D5,116,0.32085599999999204,284.1473998,284.4682558
Trumpet,56,59,B3,110,0.36363679999999476,284.1741378,284.5377746
Trumpet,56,67,G4,110,0.4090913999999657,284.1473998,284.5564912
Trumpet,56,62,D4,125,0.4064175999999975,284.158095,284.5645126
Trumpet,56,67,G4,127,0.395722400000011,284.6313576,285.02708
Trumpet,56,79,G5,123,0.4358293999999887,284.6153148,285.0511442
Trumpet,56,59,B3,111,0.24331580000000486,285.093925,285.3372408
Trumpet,56,67,G4,108,0.243315799999948,285.10194640000003,285.3452622
Trumpet,56,71,B4,127,0.24331580000000486,285.1126416,285.3559574
Trumpet,56,83,B5,127,0.2620324000000096,285.1153154,285.3773478
Trumpet,56,58,A#3,106,0.37700579999994943,285.441519,285.8185248
Trumpet,56,66,F#4,117,0.3903748000000178,285.4575618,285.8479366
Trumpet,56,70,A#4,120,0.443850800000007,285.4361714,285.8800222
Trumpet,56,82,A#5,120,0.4491984000000002,285.4388452,285.8880436
Trumpet,56,66,F#4,116,0.3502678000000401,285.922803,286.2730708
Trumpet,56,58,A#3,111,0.36898440000004484,285.9040864,286.2730708
Trumpet,56,78,F#5,127,0.3556153999999765,285.9254768,286.2810922
Trumpet,56,66,F#4,114,0.16310179999999264,286.3720014,286.5351032
Trumpet,56,58,A#3,110,0.16310179999999264,286.3800228,286.5431246
Trumpet,56,61,C#4,127,0.16310179999999264,286.3880442,286.551146
Trumpet,56,73,C#5,127,0.26203239999995276,286.3880442,286.6500766
Trumpet,56,60,C4,127,0.9572203999999829,286.7142478,287.6714682
Trumpet,56,65,F4,115,0.9973274000000174,286.7142478,287.7115752
Trumpet,56,57,A3,119,1.1016055999999708,286.7276168,287.8292224
Trumpet,56,72,C5,122,1.15508159999996,286.7276168,287.8826984
Trumpet,56,75,D#5,122,0.09358300000002373,288.0163884,288.1099714
Trumpet,56,63,D#4,113,0.11229959999997163,288.0030194,288.115319
Trumpet,56,65,F4,110,0.1042782000000102,288.155426,288.2597042
Trumpet,56,77,F5,117,0.10962580000000344,288.1634474,288.2730732
Trumpet,56,79,G5,117,0.1229947999999581,288.3238754,288.4468702
Trumpet,56,67,G4,115,0.16310179999999264,288.3212016,288.4843034
Trumpet,56,68,G#4,119,0.09090919999999869,288.4816296,288.5725388
Trumpet,56,80,G#5,123,0.09090919999999869,288.4869772,288.5778864
Trumpet,56,82,A#5,117,0.08021399999995538,288.65275280000003,288.7329668
Trumpet,56,70,A#4,107,0.09625679999999193,288.6447314,288.7409882
Trumpet,56,86,D6,119,0.08021400000001222,288.8051594,288.8853734
Trumpet,56,74,D5,121,0.09090919999999869,288.8051594,288.8960686
Trumpet,56,87,D#6,127,0.13369000000000142,288.9629136,289.0966036
Trumpet,56,75,D#5,127,0.13636379999996961,288.96826120000003,289.104625
Tenor Sax,66,63,D#4,117,1.4625685999999973,96.4412922,97.9038608
Tenor Sax,66,66,F#4,122,1.4705900000000014,96.4412922,97.91188220000001
Tenor Sax,66,56,G#3,113,1.5053494,96.4412922,97.9466416
Tenor Sax,66,72,C5,124,1.545456399999992,96.4412922,97.9867486
Tenor Sax,66,73,C#5,113,0.16310179999999264,98.048246,98.2113478
Tenor Sax,66,65,F4,121,0.16844940000000008,98.0535936,98.222043
Tenor Sax,66,56,G#3,113,0.184492199999994,98.0509198,98.235412
Tenor Sax,66,54,F#3,99,0.20588259999999536,100.6124202,100.8183028
Tenor Sax,66,66,F#4,104,0.20053500000000213,100.628463,100.828998
Tenor Sax,66,63,D#4,102,0.12032099999998991,100.79958620000001,100.9199072
Tenor Sax,66,51,D#3,99,0.12834240000000818,100.7942386,100.92258100000001
Tenor Sax,66,58,A#3,108,0.12834240000000818,101.0883566,101.216699
Tenor Sax,66,46,A#2,99,0.12566859999999735,101.096378,101.2220466
Tenor Sax,66,51,D#3,99,0.11497339999999667,101.3985174,101.5134908
Tenor Sax,66,63,D#4,107,0.1310162000000048,101.4118864,101.5429026
Tenor Sax,66,54,F#3,100,0.13636379999999804,101.564293,101.7006568
Tenor Sax,66,66,F#4,108,0.1443852000000021,101.577662,101.7220472
Tenor Sax,66,60,C4,112,0.13369000000000142,101.898518,102.032208
Tenor Sax,66,56,G#3,104,0.15508040000000278,101.9145608,102.0696412
Tenor Sax,66,63,D#4,113,0.13636379999999804,102.2220478,102.3584116
Tenor Sax,66,54,F#3,110,0.14973279999999534,102.2086788,102.3584116
Tenor Sax,66,60,C4,113,0.1978612000000055,102.5348824,102.7327436
Tenor Sax,66,68,G#4,114,0.2245992000000001,102.5482514,102.7728506
Tenor Sax,66,53,F3,99,0.13636379999999804,105.7568114,105.8931752
Tenor Sax,66,65,F4,98,0.13636379999999804,105.7594852,105.895849
Tenor Sax,66,56,G#3,98,0.11229960000000005,105.9814106,106.0937102
Tenor Sax,66,44,G#2,98,0.13903760000000887,105.976063,106.1151006
Tenor Sax,66,58,A#3,99,0.11229960000000005,106.1792718,106.2915714
Tenor Sax,66,46,A#2,96,0.12834240000000818,106.1792718,106.3076142
Tenor Sax,66,60,C4,104,0.1176472000000075,106.403871,106.5215182
Tenor Sax,66,48,C3,98,0.13903759999999465,106.39317580000001,106.5322134
Tenor Sax,66,61,C#4,98,0.09625680000000614,106.6338178,106.73007460000001
Tenor Sax,66,49,C#3,100,0.1310162000000048,106.6017322,106.7327484
Tenor Sax,66,51,D#3,102,0.08288779999999463,106.7995934,106.8824812
Tenor Sax,66,63,D#4,100,0.09358299999999531,106.8343528,106.9279358
Tenor Sax,66,66,F#4,111,0.13636379999999804,107.0348878,107.1712516
Tenor Sax,66,57,A3,117,0.17914460000000076,107.032214,107.2113586
Tenor Sax,66,65,F4,121,0.18181839999999738,107.3423748,107.5241932
Tenor Sax,66,56,G#3,111,0.1844922000000082,107.3450486,107.5295408
Tenor Sax,66,61,C#4,74,1.2914454000000006,108.3236594,109.6151048
Tenor Sax,66,62,D4,83,1.2967929999999939,109.60708340000001,110.9038764
Tenor Sax,66,63,D#4,79,2.0748688000000044,110.8905074,112.96537620000001
Tenor Sax,66,63,D#4,78,1.296793000000008,113.4573554,114.7541484
Tenor Sax,66,64,E4,84,1.0106964000000005,114.74077940000001,115.75147580000001
Tenor Sax,66,56,G#3,110,0.14973279999999534,116.34773320000001,116.497466
Tenor Sax,66,68,G#4,106,0.16310179999999264,116.35842840000001,116.5215302
Tenor Sax,66,70,A#4,94,0.1577542000000136,116.6605678,116.81832200000001
Tenor Sax,66,58,A#3,105,0.16844940000000008,116.6685892,116.8370386
Tenor Sax,66,68,G#4,96,0.13903759999999465,116.9894452,117.1284828
Tenor Sax,66,56,G#3,109,0.13903760000000887,117.005488,117.14452560000001
Tenor Sax,66,65,F4,106,0.184492199999994,117.3076274,117.4921196
Tenor Sax,66,53,F3,118,0.1978612000000055,117.3209964,117.5188576
Tenor Sax,66,54,F#3,99,0.20588259999999536,121.1472042,121.3530868
Tenor Sax,66,66,F#4,104,0.20053500000000213,121.163247,121.363782
Tenor Sax,66,63,D#4,102,0.12032099999998991,121.33437020000001,121.4546912
Tenor Sax,66,51,D#3,99,0.12834239999999397,121.3290226,121.457365
Tenor Sax,66,58,A#3,108,0.12834240000000818,121.6231406,121.75148300000001
Tenor Sax,66,46,A#2,99,0.12566859999999735,121.631162,121.7568306
Tenor Sax,66,51,D#3,99,0.11497339999999667,121.9333014,122.0482748
Tenor Sax,66,63,D#4,107,0.1310162000000048,121.9466704,122.0776866
Tenor Sax,66,54,F#3,100,0.13636379999999804,122.09907700000001,122.2354408
Tenor Sax,66,66,F#4,108,0.1443852000000021,122.112446,122.25683120000001
Tenor Sax,66,60,C4,112,0.13369000000000142,122.433302,122.566992
Tenor Sax,66,56,G#3,104,0.15508040000000278,122.4493448,122.60442520000001
Tenor Sax,66,63,D#4,113,0.13636379999999804,122.7568318,122.8931956
Tenor Sax,66,54,F#3,110,0.14973279999999534,122.7434628,122.8931956
Tenor Sax,66,60,C4,113,0.1978612000000055,123.0696664,123.26752760000001
Tenor Sax,66,68,G#4,114,0.2245992000000001,123.0830354,123.3076346
Tenor Sax,66,53,F3,99,0.13636379999999804,126.2915954,126.4279592
Tenor Sax,66,65,F4,98,0.13636379999999804,126.2942692,126.430633
Tenor Sax,66,56,G#3,98,0.11229960000000005,126.5161946,126.6284942
Tenor Sax,66,44,G#2,98,0.13903760000000887,126.510847,126.64988460000001
Tenor Sax,66,58,A#3,99,0.11229960000000005,126.7140558,126.8263554
Tenor Sax,66,46,A#2,96,0.12834240000000818,126.7140558,126.8423982
Tenor Sax,66,60,C4,104,0.1176472000000075,126.938655,127.0563022
Tenor Sax,66,48,C3,98,0.13903760000000887,126.9279598,127.0669974
Tenor Sax,66,61,C#4,98,0.09625679999999193,127.1686018,127.2648586
Tenor Sax,66,49,C#3,100,0.1310162000000048,127.1365162,127.26753240000001
Tenor Sax,66,51,D#3,102,0.08288779999999463,127.33437740000001,127.4172652
Tenor Sax,66,63,D#4,100,0.09358299999999531,127.3691368,127.4627198
Tenor Sax,66,66,F#4,111,0.13636379999999804,127.56967180000001,127.7060356
Tenor Sax,66,57,A3,117,0.17914460000000076,127.566998,127.7461426
Tenor Sax,66,65,F4,121,0.1818184000000116,127.8771588,128.05897720000002
Tenor Sax,66,56,G#3,111,0.1844922000000082,127.8798326,128.0643248
Tenor Sax,66,61,C#4,74,1.2914454000000148,128.8584434,130.1498888
Tenor Sax,66,62,D4,83,1.296793000000008,130.1418674,131.4386604
Tenor Sax,66,63,D#4,79,2.0748688000000186,131.4252914,133.5001602
Tenor Sax,66,63,D#4,78,1.2967929999999797,133.9921394,135.2889324
Tenor Sax,66,64,E4,84,1.0106964000000005,135.2755634,136.2862598
Tenor Sax,66,62,D4,108,0.5909097999999915,139.1258354,139.7167452
Tenor Sax,66,61,C#4,106,0.5588242000000037,139.772895,140.3317192
Tenor Sax,66,59,B3,102,0.27005379999999946,140.3905428,140.6605966
Tenor Sax,66,61,C#4,98,0.2513371999999947,140.7194202,140.9707574
Tenor Sax,66,62,D4,95,0.18181839999999738,141.056319,141.2381374
Tenor Sax,66,66,F#4,109,0.11497339999999667,141.3718274,141.4868008
Tenor Sax,66,62,D4,71,0.997327399999989,141.7007048,142.6980322
Tenor Sax,66,67,G4,74,1.0320868000000019,141.6953572,142.727444
Tenor Sax,66,69,A4,121,1.069519999999983,141.7007048,142.7702248
Tenor Sax,66,67,G4,114,0.14705900000001293,142.8156794,142.9627384
Tenor Sax,66,61,C#4,103,0.17914460000000076,142.8156794,142.994824
Tenor Sax,66,69,A4,122,0.24064200000000824,142.8290484,143.0696904
Tenor Sax,66,66,F#4,122,0.10427819999998178,147.3210324,147.4253106
Tenor Sax,66,62,D4,106,0.1042782000000102,147.3477704,147.4520486
Tenor Sax,66,64,E4,114,0.12299479999998653,147.633867,147.7568618
Tenor Sax,66,67,G4,121,0.13636379999999804,147.62851940000002,147.7648832
Tenor Sax,66,62,D4,107,0.10962580000000344,147.9360064,148.0456322
Tenor Sax,66,66,F#4,109,0.10962579999997502,147.94402780000001,148.0536536
Tenor Sax,66,66,F#4,107,0.1577541999999994,148.10178200000001,148.2595362
Tenor Sax,66,69,A4,109,0.184492199999994,148.1124772,148.2969694
Tenor Sax,66,72,C5,110,0.09625679999999193,157.0937714,157.1900282
Tenor Sax,66,50,D3,108,0.10160439999998516,157.0937714,157.1953758
Tenor Sax,66,69,A4,113,0.10962580000000344,157.0937714,157.2033972
Tenor Sax,66,77,F5,123,0.09893060000001697,157.1739854,157.272916
Tenor Sax,66,69,A4,88,0.12299479999998653,157.2541994,157.3771942
Tenor Sax,66,50,D3,104,0.1310162000000048,157.2541994,157.3852156
Tenor Sax,66,72,C5,98,0.0802139999999838,157.33441340000002,157.4146274
Tenor Sax,66,77,F5,104,0.10160439999998516,157.33441340000002,157.4360178
Tenor Sax,66,72,C5,99,0.06951879999999733,157.5750554,157.6445742
Tenor Sax,66,77,F5,121,0.08288780000000884,157.5750554,157.6579432
Tenor Sax,66,69,A4,100,0.08823540000000207,157.5750554,157.6632908
Tenor Sax,66,50,D3,114,0.09090919999999869,157.5750554,157.6659646
Tenor Sax,66,72,C5,102,0.08288780000000884,157.7354834,157.8183712
Tenor Sax,66,69,A4,97,0.09625680000002035,157.7354834,157.8317402
Tenor Sax,66,77,F5,114,0.10962580000000344,157.7354834,157.8451092
Tenor Sax,66,50,D3,111,0.12299480000001495,157.7354834,157.8584782
Tenor Sax,66,72,C5,115,1.133691199999987,158.0563394,159.1900306
Tenor Sax,66,81,A5,127,1.1898410000000013,158.0563394,159.24618040000001
Tenor Sax,66,51,D#3,123,1.1951885999999945,158.0563394,159.251528
Tenor Sax,66,77,F5,108,1.2272741999999823,158.0563394,159.2836136
Tenor Sax,66,62,D4,108,0.5909097999999915,159.6606194,160.2515292
Tenor Sax,66,61,C#4,106,0.5588242000000037,160.307679,160.8665032
Tenor Sax,66,59,B3,102,0.27005379999999946,160.9253268,161.1953806
Tenor Sax,66,61,C#4,98,0.2513371999999947,161.2542042,161.5055414
Tenor Sax,66,62,D4,95,0.18181839999999738,161.591103,161.7729214
Tenor Sax,66,66,F#4,109,0.11497339999999667,161.9066114,162.0215848
Tenor Sax,66,62,D4,71,0.997327399999989,162.2354888,163.2328162
Tenor Sax,66,67,G4,74,1.0320868000000019,162.2301412,163.262228
Tenor Sax,66,69,A4,121,1.069519999999983,162.2354888,163.3050088
Tenor Sax,66,67,G4,114,0.14705900000001293,163.3504634,163.4975224
Tenor Sax,66,61,C#4,103,0.17914460000000076,163.3504634,163.529608
Tenor Sax,66,69,A4,122,0.24064200000000824,163.3638324,163.60447440000002
Tenor Sax,66,66,F#4,122,0.10427819999998178,167.8558164,167.9600946
Tenor Sax,66,62,D4,106,0.1042782000000102,167.8825544,167.9868326
Tenor Sax,66,64,E4,114,0.12299479999998653,168.168651,168.2916458
Tenor Sax,66,67,G4,121,0.13636380000002646,168.1633034,168.29966720000002
Tenor Sax,66,62,D4,107,0.10962580000000344,168.4707904,168.5804162
Tenor Sax,66,66,F#4,109,0.10962579999997502,168.47881180000002,168.5884376
Tenor Sax,66,66,F#4,107,0.1577541999999994,168.63656600000002,168.79432020000002
Tenor Sax,66,69,A4,109,0.184492199999994,168.6472612,168.8317534
Tenor Sax,66,79,G5,98,1.0962579999999775,178.59112340000001,179.6873814
Tenor Sax,66,68,G#4,94,1.1042793999999958,178.59112340000001,179.6954028
Tenor Sax,66,58,A#3,91,1.1069531999999924,178.59112340000001,179.6980766
Tenor Sax,66,63,D#4,74,1.2914453999999864,190.4627954,191.7542408
Tenor Sax,66,64,E4,83,1.296793000000008,191.7462194,193.0430124
Tenor Sax,66,65,F4,79,2.0748688000000186,193.0296434,195.10451220000002
Tenor Sax,66,65,F4,78,1.296793000000008,195.5964914,196.8932844
Tenor Sax,66,66,F#4,84,1.0106964000000005,196.87991540000002,197.89061180000002
Tenor Sax,66,67,G4,95,0.3716581999999846,198.1633394,198.5349976
Tenor Sax,66,80,G#5,98,1.0962579999999775,199.12590740000002,200.2221654
Tenor Sax,66,69,A4,94,1.1042793999999958,199.12590740000002,200.2301868
Tenor Sax,66,59,B3,91,1.1069531999999924,199.12590740000002,200.2328606
Tenor Sax,66,66,F#4,127,0.19251360000001227,203.3184258,203.5109394
Tenor Sax,66,69,A4,109,0.18983979999998724,203.489549,203.6793888
Tenor Sax,66,68,G#4,108,0.17647080000000415,203.6339342,203.810405
Tenor Sax,66,66,F#4,113,0.18181839999999738,203.7916884,203.9735068
Tenor Sax,66,65,F4,115,0.1577541999999994,203.95746400000002,204.11521820000002
Tenor Sax,66,66,F#4,109,0.1310162000000048,204.104523,204.2355392
Tenor Sax,66,71,B4,109,1.0508034000000066,204.264951,205.3157544
Tenor Sax,66,52,E3,111,0.07219259999999394,208.65265680000002,208.7248494
Tenor Sax,66,68,G#4,119,0.09090919999999869,208.6392878,208.730197
Tenor Sax,66,54,F#3,115,0.09625679999999193,208.9120154,209.0082722
Tenor Sax,66,69,A4,117,0.10427819999998178,208.9280582,209.0323364
Tenor Sax,66,55,G3,119,0.11497339999999667,209.2328714,209.3478448
Tenor Sax,66,70,A#4,121,0.11764719999999329,209.23821900000002,209.3558662
Tenor Sax,66,56,G#3,122,0.18181839999999738,209.5537274,209.7355458
Tenor Sax,66,71,B4,124,0.184492199999994,209.5537274,209.7382196
Tenor Sax,66,73,C#5,80,0.2620324000000096,211.6392914,211.9013238
Tenor Sax,66,80,G#5,83,0.29411800000002586,211.6392914,211.93340940000002
Tenor Sax,66,76,E5,77,0.31016080000000557,211.6392914,211.9494522
Tenor Sax,66,71,B4,79,0.3128346000000022,211.6392914,211.952126
Tenor Sax,66,71,B4,68,0.20855639999999198,211.9601474,212.1687038
Tenor Sax,66,68,G#4,82,0.2219254000000035,211.9601474,212.18207280000001
Tenor Sax,66,73,C#5,79,0.2486633999999981,211.9601474,212.2088108
Tenor Sax,66,78,F#5,89,0.28342279999998254,211.9601474,212.2435702
Tenor Sax,66,68,G#4,81,0.1978612000000055,212.2810034,212.4788646
Tenor Sax,66,71,B4,70,0.21657780000001026,212.2810034,212.4975812
Tenor Sax,66,73,C#5,83,0.3288774000000103,212.2810034,212.6098808
Tenor Sax,66,77,F5,90,0.3288774000000103,212.2810034,212.6098808
Tenor Sax,66,68,G#4,77,0.2486633999999981,212.6018594,212.8505228
Tenor Sax,66,71,B4,59,0.3128346000000022,212.6018594,212.914694
Tenor Sax,66,78,F#5,81,0.32085600000002046,212.6018594,212.92271540000002
Tenor Sax,66,75,D#5,75,0.37165820000001304,212.6018594,212.9735176
Tenor Sax,66,73,C#5,74,0.2914442000000008,212.92271540000002,213.21415960000002
Tenor Sax,66,80,G#5,83,0.3155083999999988,212.92271540000002,213.23822380000001
Tenor Sax,66,71,B4,75,0.32085599999999204,212.92271540000002,213.2435714
Tenor Sax,66,83,B5,76,0.32085599999999204,213.2435714,213.5644274
Tenor Sax,66,77,F5,83,0.6417119999999841,212.92271540000002,213.5644274
Tenor Sax,66,77,F5,83,0.32085599999999204,213.2435714,213.5644274
Tenor Sax,66,73,C#5,74,0.32085599999999204,213.2435714,213.5644274
Tenor Sax,66,80,G#5,78,0.32085599999999204,213.2435714,213.5644274
Tenor Sax,66,80,G#5,93,0.40107000000000426,213.5644274,213.9654974
Tenor Sax,66,69,A4,89,0.40107000000000426,213.5644274,213.9654974
Tenor Sax,66,73,C#5,79,0.40107000000000426,213.5644274,213.9654974
Tenor Sax,66,76,E5,90,0.40107000000000426,213.5644274,213.9654974
Tenor Sax,66,81,A5,91,0.48128399999998805,214.04571140000002,214.5269954
Tenor Sax,66,73,C#5,80,0.48128399999998805,214.04571140000002,214.5269954
Tenor Sax,66,76,E5,80,0.48128399999998805,214.04571140000002,214.5269954
Tenor Sax,66,78,F#5,85,0.48128399999998805,214.04571140000002,214.5269954
Tenor Sax,66,78,F#5,91,0.6417120000000125,214.5269954,215.16870740000002
Tenor Sax,66,69,A4,95,0.6417120000000125,214.5269954,215.16870740000002
Tenor Sax,66,73,C#5,84,0.6417120000000125,214.5269954,215.16870740000002
Tenor Sax,66,76,E5,88,0.6417120000000125,214.5269954,215.16870740000002
Tenor Sax,66,69,A4,98,0.604278800000003,219.9895688,220.5938476
Tenor Sax,66,70,A#4,104,0.5454551999999921,220.6312808,221.176736
Tenor Sax,66,71,B4,95,0.5374338000000023,221.2489286,221.7863624
Tenor Sax,66,68,G#4,95,0.15240660000000616,221.7596244,221.912031
Tenor Sax,66,64,E4,94,0.10962580000000344,222.085828,222.1954538
Tenor Sax,66,59,B3,64,0.061497400000007474,222.3692508,222.4307482
Tenor Sax,66,61,C#4,59,0.06417120000000409,222.3692508,222.433422
Tenor Sax,66,71,B4,94,0.4331556000000205,222.5350264,222.968182
Tenor Sax,66,68,G#4,95,0.12566860000001157,223.008289,223.1339576
Tenor Sax,66,64,E4,95,0.10962580000000344,223.3398402,223.449466
Tenor Sax,66,60,C4,92,0.06951879999999733,223.6553486,223.7248674
Tenor Sax,66,52,E3,89,0.14973280000000955,223.837167,223.9868998
Tenor Sax,66,68,G#4,92,0.1711232000000109,223.8532098,224.024333
Tenor Sax,66,54,F#3,85,0.13636379999999804,223.9788784,224.1152422
Tenor Sax,66,69,A4,91,0.1577541999999994,224.010964,224.1687182
Tenor Sax,66,68,G#4,89,0.11497339999999667,224.1473278,224.2623012
Tenor Sax,66,52,E3,87,0.13369000000000142,224.1286112,224.2623012
Tenor Sax,66,71,B4,99,0.1443852000000163,224.305082,224.44946720000002
Tenor Sax,66,56,G#3,103,0.184492199999994,224.2997344,224.4842266
Tenor Sax,66,61,C#4,96,0.16042799999999602,235.3719402,235.5323682
Tenor Sax,66,65,F4,104,0.10962579999997502,235.56980140000002,235.6794272
Tenor Sax,66,68,G#4,89,0.11229960000000005,235.8238124,235.936112
Tenor Sax,66,71,B4,96,0.13903759999999465,236.0109784,236.150016
Tenor Sax,66,68,G#4,104,0.12566860000001157,236.283706,236.4093746
Tenor Sax,66,69,A4,104,0.11229960000000005,236.4949362,236.6072358
Tenor Sax,66,66,F#4,106,0.11764719999999329,236.818466,236.9361132
Tenor Sax,66,68,G#4,103,0.08288780000000884,237.1072364,237.1901242
Tenor Sax,66,69,A4,110,0.07754019999998718,237.286381,237.3639212
Tenor Sax,66,69,A4,104,0.09625680000002035,237.4307662,237.527023
Tenor Sax,66,71,B4,110,0.12032099999998991,237.59386800000001,237.714189
Tenor Sax,66,79,G5,86,0.13636379999999804,238.2569704,238.3933342
Tenor Sax,66,69,A4,81,0.14973280000000955,238.2516228,238.40135560000002
Tenor Sax,66,73,C#5,74,0.16310179999999264,238.2569704,238.4200722
Tenor Sax,66,75,D#5,73,0.17379700000000753,238.2569704,238.4307674
Tenor Sax,66,54,F#3,85,0.20588259999999536,238.2462752,238.4521578
Tenor Sax,66,73,C#5,75,0.3663106000000198,238.596543,238.96285360000002
Tenor Sax,66,75,D#5,71,0.3689844000000164,238.5938692,238.96285360000002
Tenor Sax,66,78,F#5,80,0.37165820000001304,238.596543,238.9682012
Tenor Sax,66,69,A4,87,0.395722400000011,238.5911954,238.98691780000001
Tenor Sax,66,59,B3,82,0.40107000000000426,238.5911954,238.9922654
Tenor Sax,66,54,F#3,92,0.10160439999998516,239.2409288,239.3425332
Tenor Sax,66,75,D#5,80,0.11497339999999667,239.2409288,239.3559022
Tenor Sax,66,73,C#5,78,0.12032099999998991,239.2409288,239.3612498
Tenor Sax,66,69,A4,92,0.1310162000000048,239.2409288,239.371945
Tenor Sax,66,80,G#5,83,0.13636379999999804,239.2409288,239.3772926
Tenor Sax,66,80,G#5,85,0.09893060000001697,239.5403944,239.639325
Tenor Sax,66,73,C#5,77,0.10427819999998178,239.54574200000002,239.6500202
Tenor Sax,66,69,A4,68,0.1069519999999784,239.54574200000002,239.652694
Tenor Sax,66,54,F#3,85,0.11229960000000005,239.54841580000001,239.66071540000002
Tenor Sax,66,75,D#5,89,0.12032100000001833,239.5403944,239.66071540000002
Tenor Sax,66,79,G5,96,0.13369000000000142,239.72756040000002,239.86125040000002
Tenor Sax,66,75,D#5,79,0.13903759999999465,239.72756040000002,239.866598
Tenor Sax,66,73,C#5,81,0.1443851999999879,239.72756040000002,239.8719456
Tenor Sax,66,59,B3,92,0.16042799999999602,239.72756040000002,239.8879884
Tenor Sax,66,69,A4,86,0.16310179999999264,239.72756040000002,239.8906622
Percussion,-1,92,G#6,44,0.010695200000000016,0.5053482,0.5160434
Percussion,-1,92,G#6,44,0.010695200000000016,0.5053482,0.5160434
Percussion,-1,62,D4,55,0.037433199999999944,0.5053482,0.5427814
Percussion,-1,62,D4,56,0.02673799999999993,0.5160434,0.5427814
Percussion,-1,70,A#4,76,0.04812839999999996,0.5053482,0.5534766
Percussion,-1,56,G#3,75,0.05080220000000002,0.5053482,0.5561504
Percussion,-1,70,A#4,54,0.029411799999999988,0.6657762,0.695188
Percussion,-1,62,D4,44,0.037433199999999944,0.6657762,0.7032094
Percussion,-1,62,D4,56,0.02673799999999993,0.6764714000000001,0.7032094
Percussion,-1,62,D4,127,0.037433199999999944,0.8262042,0.8636374
Percussion,-1,62,D4,80,0.02673800000000004,0.8368994,0.8636374
Percussion,-1,70,A#4,70,0.04278079999999995,0.8262042,0.868985
Percussion,-1,61,C#4,52,0.08021400000000001,0.7994662,0.8796802
Percussion,-1,92,G#6,44,0.07219259999999994,0.8262042,0.8983968
Percussion,-1,92,G#6,44,0.07219259999999994,0.8262042,0.8983968
Percussion,-1,56,G#3,97,0.010695200000000016,0.9732632,0.9839584
Percussion,-1,56,G#3,55,0.010695200000000016,0.9732632,0.9839584
Percussion,-1,62,D4,55,0.008021399999999956,0.9866322000000001,0.9946536
Percussion,-1,64,E4,56,0.02673800000000004,0.9973274,1.0240654
Percussion,-1,70,A#4,73,0.04278079999999984,0.9866322000000001,1.029413
Percussion,-1,35,B1,77,0.1042782000000001,0.9839584,1.0882366
Percussion,-1,64,E4,56,0.02673799999999993,1.1577554,1.1844934
Percussion,-1,56,G#3,77,0.04278079999999984,1.1470602,1.189841
Percussion,-1,70,A#4,79,0.04812839999999996,1.1470602,1.1951886
Percussion,-1,92,G#6,44,0.05080219999999991,1.1470602,1.1978624
Percussion,-1,92,G#6,44,0.05080219999999991,1.1470602,1.1978624
Percussion,-1,63,D#4,88,0.12299479999999985,1.1470602,1.270055
Percussion,-1,62,D4,80,0.02673799999999993,1.3181834000000001,1.3449214
Percussion,-1,70,A#4,70,0.04278079999999984,1.3074882,1.350269
Percussion,-1,63,D#4,88,0.05080219999999991,1.3074882,1.3582904
Percussion,-1,92,G#6,44,0.07754019999999984,1.3074882,1.3850284
Percussion,-1,92,G#6,44,0.07754019999999984,1.3074882,1.3850284
Percussion,-1,62,D4,56,0.02673799999999993,1.4786114000000001,1.5053494
Percussion,-1,70,A#4,79,0.04812839999999996,1.4679162000000001,1.5160446
Percussion,-1,64,E4,127,0.056149799999999805,1.4679162000000001,1.524066
Percussion,-1,35,B1,77,0.0935830000000002,1.4652424,1.5588254000000001
Percussion,-1,64,E4,127,0.037433199999999944,1.6283442000000001,1.6657774
Percussion,-1,64,E4,56,0.02673800000000015,1.6390394,1.6657774
Percussion,-1,70,A#4,77,0.04278079999999984,1.6283442000000001,1.671125
Percussion,-1,56,G#3,55,0.061497399999999924,1.631018,1.6925154
Percussion,-1,92,G#6,44,0.07219259999999994,1.6283442000000001,1.7005368
Percussion,-1,92,G#6,44,0.07219259999999994,1.6283442000000001,1.7005368
Percussion,-1,62,D4,55,0.037433200000000166,1.7887722,1.8262054
Percussion,-1,62,D4,56,0.02673800000000015,1.7994674,1.8262054
Percussion,-1,56,G#3,72,0.04545460000000001,1.7887722,1.8342268
Percussion,-1,70,A#4,80,0.04812840000000018,1.7887722,1.8369006
Percussion,-1,62,D4,55,0.037433200000000166,1.9492002,1.9866334
Percussion,-1,62,D4,56,0.02673800000000015,1.9598954,1.9866334
Percussion,-1,70,A#4,73,0.04278080000000006,1.9492002,1.991981
Percussion,-1,92,G#6,44,0.04812840000000018,1.9492002,1.9973286000000001
Percussion,-1,92,G#6,44,0.04812840000000018,1.9492002,1.9973286000000001
Percussion,-1,62,D4,127,0.037433200000000166,2.1096282,2.1470614
Percussion,-1,62,D4,80,0.02673799999999993,2.1203234,2.1470614
Percussion,-1,70,A#4,78,0.04278080000000006,2.1096282,2.152409
Percussion,-1,61,C#4,54,0.08021399999999979,2.085564,2.165778
Percussion,-1,92,G#6,44,0.0588236000000002,2.1096282,2.1684518
Percussion,-1,92,G#6,44,0.0588236000000002,2.1096282,2.1684518
Percussion,-1,64,E4,127,0.037433200000000166,2.2700562,2.3074894
Percussion,-1,64,E4,56,0.02673799999999993,2.2807514,2.3074894
Percussion,-1,70,A#4,82,0.04278080000000006,2.2700562,2.312837
Percussion,-1,56,G#3,55,0.0641712000000001,2.2620348,2.326206
Percussion,-1,92,G#6,44,0.07486639999999989,2.2700562,2.3449226
Percussion,-1,92,G#6,44,0.07486639999999989,2.2700562,2.3449226
Percussion,-1,35,B1,77,0.11764719999999995,2.2673824000000002,2.3850296
Percussion,-1,64,E4,127,0.037433200000000166,2.4304842,2.4679174
Percussion,-1,64,E4,56,0.02673799999999993,2.4411794,2.4679174
Percussion,-1,56,G#3,78,0.04278080000000006,2.4304842,2.473265
Percussion,-1,70,A#4,79,0.045454600000000234,2.4304842,2.4759388
Percussion,-1,62,D4,88,0.037433200000000166,2.5909122,2.6283454
Percussion,-1,62,D4,80,0.02673799999999993,2.6016074000000002,2.6283454
Percussion,-1,70,A#4,78,0.04278080000000006,2.5909122,2.633693
Percussion,-1,92,G#6,44,0.0641712000000001,2.5909122,2.6550834
Percussion,-1,92,G#6,44,0.0641712000000001,2.5909122,2.6550834
Percussion,-1,62,D4,56,0.02673799999999993,2.7620354000000003,2.7887734
Percussion,-1,70,A#4,79,0.04278080000000006,2.7513402,2.794121
Percussion,-1,63,D#4,127,0.0588236000000002,2.7513402,2.8101638
Percussion,-1,35,B1,77,0.06951879999999999,2.754014,2.8235328
Percussion,-1,64,E4,56,0.02673799999999993,2.9224634000000003,2.9492014
Percussion,-1,56,G#3,55,0.06684499999999982,2.8877040000000003,2.954549
Percussion,-1,70,A#4,81,0.04278080000000006,2.9117682,2.954549
Percussion,-1,63,D#4,127,0.05080220000000013,2.9117682,2.9625704
Percussion,-1,92,G#6,44,0.05080220000000013,2.9117682,2.9625704
Percussion,-1,92,G#6,44,0.05080220000000013,2.9117682,2.9625704
Percussion,-1,62,D4,55,0.037433200000000166,3.0721962,3.1096294
Percussion,-1,62,D4,56,0.026738000000000373,3.0828914,3.1096294
Percussion,-1,70,A#4,76,0.04812839999999996,3.0721962,3.1203246
Percussion,-1,56,G#3,75,0.05080220000000013,3.0721962,3.1229984
Percussion,-1,92,G#6,44,0.061497399999999924,3.0721962,3.1336936
Percussion,-1,92,G#6,44,0.061497399999999924,3.0721962,3.1336936
Percussion,-1,70,A#4,54,0.0294118000000001,3.2326242,3.262036
Percussion,-1,62,D4,44,0.037433200000000166,3.2326242,3.2700574000000002
Percussion,-1,62,D4,56,0.026738000000000373,3.2433194,3.2700574000000002
Percussion,-1,62,D4,127,0.037433200000000166,3.3930522,3.4304854000000002
Percussion,-1,62,D4,80,0.026738000000000373,3.4037474,3.4304854000000002
Percussion,-1,70,A#4,70,0.04278080000000006,3.3930522,3.435833
Percussion,-1,61,C#4,52,0.08021399999999979,3.3663142,3.4465282
Percussion,-1,92,G#6,44,0.07219260000000016,3.3930522,3.4652448000000002
Percussion,-1,92,G#6,44,0.07219260000000016,3.3930522,3.4652448000000002
Percussion,-1,62,D4,55,0.008021400000000067,3.5534802,3.5615016
Percussion,-1,64,E4,56,0.026738000000000373,3.5641754,3.5909134000000003
Percussion,-1,70,A#4,73,0.04278080000000006,3.5534802,3.596261
Percussion,-1,56,G#3,97,0.06684499999999982,3.5401112,3.6069562
Percussion,-1,56,G#3,55,0.06684499999999982,3.5401112,3.6069562
Percussion,-1,35,B1,77,0.10427819999999999,3.5508064,3.6550846
Percussion,-1,64,E4,56,0.026738000000000373,3.7246034,3.7513414000000003
Percussion,-1,56,G#3,77,0.04278080000000006,3.7139082,3.756689
Percussion,-1,70,A#4,79,0.04812839999999996,3.7139082,3.7620366
Percussion,-1,92,G#6,44,0.05080220000000013,3.7139082,3.7647104000000002
Percussion,-1,92,G#6,44,0.05080220000000013,3.7139082,3.7647104000000002
Percussion,-1,63,D#4,88,0.12299479999999985,3.7139082,3.836903
Percussion,-1,62,D4,80,0.026738000000000373,3.8850314,3.9117694000000003
Percussion,-1,70,A#4,70,0.04278080000000006,3.8743362,3.917117
Percussion,-1,63,D#4,88,0.05080220000000013,3.8743362,3.9251384000000002
Percussion,-1,92,G#6,44,0.07754020000000006,3.8743362,3.9518764
Percussion,-1,92,G#6,44,0.07754020000000006,3.8743362,3.9518764
Percussion,-1,62,D4,56,0.02673799999999993,4.0454594,4.0721974
Percussion,-1,70,A#4,79,0.048128400000000404,4.0347642,4.0828926
Percussion,-1,64,E4,127,0.05614980000000003,4.0347642,4.090914
Percussion,-1,35,B1,77,0.09358299999999975,4.0320904,4.1256734
Percussion,-1,64,E4,127,0.03743319999999972,4.1951922,4.2326254
Percussion,-1,64,E4,56,0.02673799999999993,4.2058874,4.2326254
Percussion,-1,70,A#4,77,0.04278080000000006,4.1951922,4.237973
Percussion,-1,56,G#3,55,0.06149739999999948,4.197866,4.2593634
Percussion,-1,92,G#6,44,0.07219260000000016,4.1951922,4.2673848
Percussion,-1,92,G#6,44,0.07219260000000016,4.1951922,4.2673848
Percussion,-1,62,D4,55,0.03743320000000061,4.3556202,4.3930534
Percussion,-1,62,D4,56,0.02673799999999993,4.3663154,4.3930534
Percussion,-1,56,G#3,72,0.045454600000000234,4.3556202,4.4010748
Percussion,-1,70,A#4,80,0.048128400000000404,4.3556202,4.4037486
Percussion,-1,62,D4,55,0.03743319999999972,4.5160482,4.5534814
Percussion,-1,62,D4,56,0.02673799999999993,4.5267434,4.5534814
Percussion,-1,70,A#4,73,0.04278080000000006,4.5160482,4.558829
Percussion,-1,92,G#6,44,0.048128399999999516,4.5160482,4.5641766
Percussion,-1,92,G#6,44,0.048128399999999516,4.5160482,4.5641766
Percussion,-1,62,D4,127,0.03743320000000061,4.6764762,4.7139094
Percussion,-1,62,D4,80,0.02673799999999993,4.6871714,4.7139094
Percussion,-1,70,A#4,78,0.04278080000000006,4.6764762,4.719257
Percussion,-1,61,C#4,54,0.08021399999999979,4.652412,4.732626
Percussion,-1,92,G#6,44,0.0588236000000002,4.6764762,4.7352998
Percussion,-1,92,G#6,44,0.0588236000000002,4.6764762,4.7352998
Percussion,-1,64,E4,127,0.03743319999999972,4.8369042,4.8743374
Percussion,-1,64,E4,56,0.02673799999999993,4.8475994,4.8743374
Percussion,-1,70,A#4,82,0.04278080000000006,4.8369042,4.879685
Percussion,-1,56,G#3,55,0.06417120000000054,4.8288828,4.893054
Percussion,-1,92,G#6,44,0.07486639999999944,4.8369042,4.9117706
Percussion,-1,92,G#6,44,0.07486639999999944,4.8369042,4.9117706
Percussion,-1,35,B1,77,0.1176472000000004,4.8342304,4.9518776
Percussion,-1,64,E4,127,0.03743320000000061,4.9973322,5.0347654
Percussion,-1,64,E4,56,0.02673799999999993,5.0080274000000005,5.0347654
Percussion,-1,56,G#3,78,0.04010699999999989,4.9973322,5.0374392
Percussion,-1,70,A#4,79,0.045454600000000234,4.9973322,5.0427868
Percussion,-1,62,D4,88,0.03743319999999972,5.1577602,5.1951934
Percussion,-1,62,D4,80,0.02673799999999993,5.1684554,5.1951934
Percussion,-1,70,A#4,78,0.04278080000000006,5.1577602,5.200541
Percussion,-1,92,G#6,44,0.06417119999999965,5.1577602,5.2219314
Percussion,-1,92,G#6,44,0.06417119999999965,5.1577602,5.2219314
Percussion,-1,62,D4,56,0.02673799999999993,5.3288834000000005,5.3556214
Percussion,-1,70,A#4,79,0.04278080000000006,5.3181882,5.360969
Percussion,-1,63,D#4,127,0.0588236000000002,5.3181882,5.3770118
Percussion,-1,35,B1,77,0.06951879999999999,5.320862,5.3903808
Percussion,-1,64,E4,56,0.02673799999999993,5.4893114,5.5160494
Percussion,-1,56,G#3,55,0.06684499999999982,5.4545520000000005,5.521397
Percussion,-1,70,A#4,81,0.04278080000000006,5.4786162,5.521397
Percussion,-1,92,G#6,44,0.050802199999999686,5.4786162,5.5294184
Percussion,-1,92,G#6,44,0.050802199999999686,5.4786162,5.5294184
Percussion,-1,63,D#4,127,0.050802199999999686,5.4786162,5.5294184
Percussion,-1,62,D4,55,0.03743320000000061,5.6390442,5.6764774000000005
Percussion,-1,62,D4,56,0.02673799999999993,5.6497394000000005,5.6764774000000005
Percussion,-1,70,A#4,76,0.048128400000000404,5.6390442,5.6871726
Percussion,-1,56,G#3,75,0.050802200000000575,5.6390442,5.6898464
Percussion,-1,92,G#6,44,0.06149740000000037,5.6390442,5.7005416
Percussion,-1,92,G#6,44,0.06149740000000037,5.6390442,5.7005416
Percussion,-1,70,A#4,54,0.0294118000000001,5.7994722,5.828884
Percussion,-1,62,D4,44,0.03743319999999972,5.7994722,5.8369054
Percussion,-1,62,D4,56,0.02673799999999993,5.8101674,5.8369054
Percussion,-1,62,D4,127,0.03743320000000061,5.9599002,5.9973334000000005
Percussion,-1,62,D4,80,0.026738000000000817,5.9705954,5.9973334000000005
Percussion,-1,70,A#4,70,0.04278080000000006,5.9599002,6.002681
Percussion,-1,61,C#4,52,0.08021399999999979,5.9331622,6.0133762
Percussion,-1,92,G#6,44,0.07219260000000016,5.9599002,6.0320928
Percussion,-1,92,G#6,44,0.07219260000000016,5.9599002,6.0320928
Percussion,-1,62,D4,55,0.008021399999999623,6.1203282,6.1283496
Percussion,-1,64,E4,56,0.02673799999999993,6.1310234,6.1577614
Percussion,-1,70,A#4,73,0.04278080000000006,6.1203282,6.163109
Percussion,-1,56,G#3,97,0.06684499999999982,6.1069592,6.1738042
Percussion,-1,56,G#3,55,0.06684499999999982,6.1069592,6.1738042
Percussion,-1,35,B1,77,0.10427819999999954,6.1176544,6.2219326
Percussion,-1,64,E4,56,0.026738000000000817,6.2914514,6.3181894000000005
Percussion,-1,56,G#3,77,0.04278080000000006,6.2807562,6.323537
Percussion,-1,70,A#4,79,0.048128400000000404,6.2807562,6.3288846
Percussion,-1,92,G#6,44,0.050802200000000575,6.2807562,6.3315584000000005
Percussion,-1,92,G#6,44,0.050802200000000575,6.2807562,6.3315584000000005
Percussion,-1,63,D#4,88,0.12299479999999985,6.2807562,6.403751
Percussion,-1,62,D4,80,0.02673799999999993,6.4518794,6.4786174
Percussion,-1,70,A#4,70,0.04278080000000006,6.4411842,6.483965
Percussion,-1,63,D#4,88,0.050802199999999686,6.4411842,6.4919864
Percussion,-1,92,G#6,44,0.07754019999999961,6.4411842,6.5187244
Percussion,-1,92,G#6,44,0.07754019999999961,6.4411842,6.5187244
Percussion,-1,62,D4,56,0.026738000000000817,6.6123074,6.6390454000000005
Percussion,-1,70,A#4,79,0.048128400000000404,6.6016122,6.6497406
Percussion,-1,64,E4,127,0.05614980000000003,6.6016122,6.657762
Percussion,-1,35,B1,77,0.09358300000000064,6.5989384,6.6925214
Percussion,-1,64,E4,127,0.03743319999999972,6.7620402,6.7994734
Percussion,-1,64,E4,56,0.02673799999999993,6.7727354,6.7994734
Percussion,-1,70,A#4,77,0.04278080000000006,6.7620402,6.8048210000000005
Percussion,-1,56,G#3,55,0.06149739999999948,6.764714000000001,6.8262114
Percussion,-1,92,G#6,44,0.07219260000000016,6.7620402,6.8342328000000006
Percussion,-1,92,G#6,44,0.07219260000000016,6.7620402,6.8342328000000006
Percussion,-1,62,D4,55,0.03743319999999972,6.9224682,6.9599014
Percussion,-1,62,D4,56,0.02673799999999993,6.9331634,6.9599014
Percussion,-1,56,G#3,72,0.045454600000000234,6.9224682,6.9679228
Percussion,-1,70,A#4,80,0.048128400000000404,6.9224682,6.9705966
Percussion,-1,62,D4,55,0.03743319999999972,7.0828962,7.1203294
Percussion,-1,62,D4,56,0.02673799999999993,7.0935914,7.1203294
Percussion,-1,70,A#4,73,0.04278080000000006,7.0828962,7.1256770000000005
Percussion,-1,92,G#6,44,0.048128399999999516,7.0828962,7.1310246
Percussion,-1,92,G#6,44,0.048128399999999516,7.0828962,7.1310246
Percussion,-1,62,D4,127,0.03743319999999972,7.2433242,7.2807574
Percussion,-1,62,D4,80,0.02673799999999993,7.2540194,7.2807574
Percussion,-1,70,A#4,78,0.04278080000000006,7.2433242,7.286105
Percussion,-1,61,C#4,54,0.08021399999999979,7.21926,7.299474
Percussion,-1,92,G#6,44,0.0588236000000002,7.2433242,7.3021478
Percussion,-1,92,G#6,44,0.0588236000000002,7.2433242,7.3021478
Percussion,-1,64,E4,127,0.03743319999999972,7.4037522000000004,7.4411854
Percussion,-1,64,E4,56,0.02673799999999993,7.4144474,7.4411854
Percussion,-1,70,A#4,82,0.04278080000000006,7.4037522000000004,7.4465330000000005
Percussion,-1,56,G#3,55,0.06417120000000054,7.3957308,7.4599020000000005
Percussion,-1,92,G#6,44,0.07486639999999944,7.4037522000000004,7.4786186
Percussion,-1,92,G#6,44,0.07486639999999944,7.4037522000000004,7.4786186
Percussion,-1,35,B1,77,0.11764719999999951,7.4010784,7.5187256
Percussion,-1,64,E4,127,0.03743319999999972,7.5641802,7.6016134
Percussion,-1,64,E4,56,0.02673799999999993,7.5748754,7.6016134
Percussion,-1,56,G#3,78,0.04010699999999989,7.5641802,7.6042872
Percussion,-1,70,A#4,79,0.045454600000000234,7.5641802,7.6096348
Percussion,-1,62,D4,88,0.03743319999999972,7.7246082000000005,7.7620414
Percussion,-1,62,D4,80,0.02673799999999993,7.7353034,7.7620414
Percussion,-1,70,A#4,78,0.04278080000000006,7.7246082000000005,7.7673890000000005
Percussion,-1,92,G#6,44,0.06417119999999965,7.7246082000000005,7.7887794
Percussion,-1,92,G#6,44,0.06417119999999965,7.7246082000000005,7.7887794
Percussion,-1,62,D4,56,0.02673799999999993,7.8957314,7.9224694
Percussion,-1,70,A#4,79,0.04278080000000006,7.8850362,7.927817
Percussion,-1,63,D#4,127,0.0588236000000002,7.8850362,7.9438598
Percussion,-1,35,B1,77,0.06951879999999999,7.88771,7.9572288
Percussion,-1,64,E4,56,0.02673799999999993,8.0561594,8.0828974
Percussion,-1,56,G#3,55,0.06684500000000071,8.0214,8.088245
Percussion,-1,70,A#4,81,0.04278080000000095,8.0454642,8.088245
Percussion,-1,92,G#6,44,0.050802199999999686,8.0454642,8.0962664
Percussion,-1,92,G#6,44,0.050802199999999686,8.0454642,8.0962664
Percussion,-1,63,D#4,127,0.050802199999999686,8.0454642,8.0962664
Percussion,-1,56,G#3,70,0.034759399999998664,8.205892200000001,8.2406516
Percussion,-1,62,D4,56,0.02673799999999993,8.2165874,8.2433254
Percussion,-1,70,A#4,97,0.045454599999999346,8.205892200000001,8.2513468
Percussion,-1,61,C#4,97,0.06417119999999876,8.205892200000001,8.2700634
Percussion,-1,62,D4,77,0.005347600000000341,8.3663202,8.3716678
Percussion,-1,62,D4,56,0.02673799999999993,8.3770154,8.4037534
Percussion,-1,70,A#4,82,0.045454599999999346,8.3663202,8.4117748
Percussion,-1,62,D4,77,0.005347600000000341,8.5267482,8.5320958
Percussion,-1,62,D4,80,0.02673799999999993,8.5374434,8.5641814
Percussion,-1,70,A#4,94,0.048128399999999516,8.5267482,8.5748766
Percussion,-1,64,E4,56,0.02673799999999993,8.6978714,8.7246094
Percussion,-1,70,A#4,92,0.04545460000000112,8.6871762,8.7326308
Percussion,-1,63,D#4,127,0.08288779999999996,8.6871762,8.770064
Percussion,-1,35,B1,77,0.14705899999999872,8.703219,8.850278
Percussion,-1,62,D4,81,0.005347599999998565,8.847604200000001,8.8529518
Percussion,-1,64,E4,56,0.02673799999999993,8.8582994,8.8850374
Percussion,-1,70,A#4,96,0.045454599999999346,8.847604200000001,8.8930588
Percussion,-1,56,G#3,76,0.048128399999999516,8.8556256,8.903754
Percussion,-1,62,D4,80,0.02673799999999993,9.0187274,9.0454654
Percussion,-1,70,A#4,94,0.042780799999999175,9.0080322,9.050813
Percussion,-1,61,C#4,72,0.048128399999999516,9.0080322,9.0561606
Percussion,-1,62,D4,56,0.02673799999999993,9.1791554,9.2058934
Percussion,-1,70,A#4,95,0.045454599999999346,9.1684602,9.2139148
Percussion,-1,64,E4,127,0.07219259999999927,9.1684602,9.2406528
Percussion,-1,35,B1,77,0.12834240000000108,9.1631126,9.291455000000001
Percussion,-1,64,E4,127,0.03743320000000061,9.3288882,9.3663214
Percussion,-1,64,E4,56,0.02673799999999993,9.3395834,9.3663214
Percussion,-1,70,A#4,98,0.04545460000000112,9.3288882,9.3743428
Percussion,-1,62,D4,56,0.02673799999999993,10.7834354,10.8101734
Percussion,-1,64,E4,111,0.08021400000000156,10.7727402,10.852954200000001
Percussion,-1,70,A#4,55,0.08021400000000156,10.7727402,10.852954200000001
Percussion,-1,62,D4,56,0.02673799999999993,10.9438634,10.9706014
Percussion,-1,70,A#4,55,0.08021399999999979,10.9331682,11.0133822
Percussion,-1,62,D4,80,0.008021399999998735,11.069532,11.0775534
Percussion,-1,62,D4,127,0.03743320000000061,11.0935962,11.131029400000001
Percussion,-1,62,D4,80,0.02673799999999993,11.104291400000001,11.131029400000001
Percussion,-1,70,A#4,55,0.08021399999999979,11.0935962,11.1738102
Percussion,-1,64,E4,56,0.02673799999999993,11.2647194,11.2914574
Percussion,-1,70,A#4,55,0.08021399999999979,11.2540242,11.3342382
Percussion,-1,64,E4,56,0.02673799999999993,11.4251474,11.4518854
Percussion,-1,70,A#4,55,0.08021400000000156,11.4144522,11.494666200000001
Percussion,-1,63,D#4,88,0.12299480000000074,11.4144522,11.537447
Percussion,-1,62,D4,80,0.02673799999999993,11.5855754,11.6123134
Percussion,-1,63,D#4,88,0.050802199999999686,11.5748802,11.6256824
Percussion,-1,70,A#4,55,0.08021399999999979,11.5748802,11.6550942
Percussion,-1,62,D4,56,0.02673799999999993,11.746003400000001,11.772741400000001
Percussion,-1,64,E4,127,0.05614980000000003,11.737982,11.7941318
Percussion,-1,70,A#4,55,0.08021399999999979,11.7353082,11.8155222
Percussion,-1,64,E4,127,0.03743320000000061,11.8957362,11.9331694
Percussion,-1,64,E4,56,0.02673799999999993,11.9064314,11.9331694
Percussion,-1,70,A#4,55,0.08021399999999979,11.8957362,11.9759502
Percussion,-1,62,D4,56,0.02673799999999993,12.0668594,12.0935974
Percussion,-1,70,A#4,55,0.08021399999999979,12.0561642,12.1363782
Percussion,-1,62,D4,56,0.02673799999999993,12.2272874,12.2540254
Percussion,-1,70,A#4,55,0.08021399999999979,12.216592200000001,12.2968062
Percussion,-1,62,D4,80,0.008021399999998735,12.352956,12.3609774
Percussion,-1,62,D4,127,0.03743320000000061,12.3770202,12.414453400000001
Percussion,-1,62,D4,80,0.026738000000001705,12.3877154,12.414453400000001
Percussion,-1,70,A#4,55,0.08021399999999979,12.3770202,12.4572342
Percussion,-1,64,E4,127,0.03743320000000061,12.5374482,12.5748814
Percussion,-1,64,E4,56,0.02673799999999993,12.5481434,12.5748814
Percussion,-1,70,A#4,55,0.08021399999999979,12.5374482,12.6176622
Percussion,-1,64,E4,127,0.03743320000000061,12.6978762,12.7353094
Percussion,-1,64,E4,56,0.02673799999999993,12.7085714,12.7353094
Percussion,-1,70,A#4,55,0.08021399999999979,12.6978762,12.7780902
Percussion,-1,62,D4,80,0.02673799999999993,12.8689994,12.8957374
Percussion,-1,70,A#4,55,0.08021399999999979,12.858304200000001,12.9385182
Percussion,-1,62,D4,56,0.02673799999999993,13.0294274,13.0561654
Percussion,-1,63,D#4,127,0.0588236000000002,13.0187322,13.0775558
Percussion,-1,70,A#4,55,0.08021399999999979,13.0187322,13.0989462
Percussion,-1,64,E4,56,0.02673799999999993,13.1898554,13.2165934
Percussion,-1,63,D#4,127,0.050802199999999686,13.1791602,13.2299624
Percussion,-1,70,A#4,55,0.08021399999999979,13.1791602,13.2593742
Percussion,-1,62,D4,56,0.02673799999999993,13.3502834,13.3770214
Percussion,-1,70,A#4,55,0.08021399999999979,13.3395882,13.4198022
Percussion,-1,62,D4,56,0.02673799999999993,13.5107114,13.5374494
Percussion,-1,70,A#4,55,0.08021399999999979,13.500016200000001,13.5802302
Percussion,-1,62,D4,80,0.008021399999998735,13.63638,13.6444014
Percussion,-1,62,D4,127,0.037433199999998834,13.6604442,13.6978774
Percussion,-1,62,D4,80,0.02673799999999993,13.6711394,13.6978774
Percussion,-1,70,A#4,55,0.08021399999999979,13.6604442,13.7406582
Percussion,-1,64,E4,56,0.02673799999999993,13.8315674,13.8583054
Percussion,-1,70,A#4,55,0.08021399999999979,13.8208722,13.9010862
Percussion,-1,64,E4,56,0.02673799999999993,13.9919954,14.0187334
Percussion,-1,70,A#4,55,0.08021399999999979,13.9813002,14.0615142
Percussion,-1,63,D#4,88,0.12299480000000074,13.9813002,14.104295
Percussion,-1,62,D4,80,0.02673799999999993,14.1524234,14.1791614
Percussion,-1,63,D#4,88,0.050802199999999686,14.141728200000001,14.1925304
Percussion,-1,70,A#4,55,0.08021399999999979,14.141728200000001,14.2219422
Percussion,-1,62,D4,56,0.02673799999999993,14.3128514,14.3395894
Percussion,-1,64,E4,127,0.05614980000000003,14.30483,14.3609798
Percussion,-1,70,A#4,55,0.08021399999999979,14.3021562,14.3823702
Percussion,-1,64,E4,127,0.03743320000000061,14.4625842,14.5000174
Percussion,-1,64,E4,56,0.02673799999999993,14.473279400000001,14.5000174
Percussion,-1,70,A#4,55,0.08021399999999979,14.4625842,14.5427982
Percussion,-1,62,D4,56,0.02673799999999993,14.6337074,14.6604454
Percussion,-1,65,F4,99,0.08021399999999979,14.6230122,14.7032262
Percussion,-1,70,A#4,55,0.08021399999999979,14.6230122,14.7032262
Percussion,-1,62,D4,56,0.02673799999999993,14.7941354,14.8208734
Percussion,-1,65,F4,99,0.08021399999999979,14.783440200000001,14.863654200000001
Percussion,-1,70,A#4,55,0.08021399999999979,14.783440200000001,14.863654200000001
Percussion,-1,62,D4,80,0.008021399999998735,14.919804000000001,14.9278254
Percussion,-1,62,D4,127,0.037433199999998834,14.9438682,14.9813014
Percussion,-1,62,D4,80,0.02673799999999993,14.9545634,14.9813014
Percussion,-1,70,A#4,55,0.08021399999999979,14.9438682,15.0240822
Percussion,-1,64,E4,127,0.03743320000000061,15.1042962,15.141729400000001
Percussion,-1,64,E4,56,0.02673799999999993,15.114991400000001,15.141729400000001
Percussion,-1,65,F4,99,0.08021399999999979,15.1042962,15.1845102
Percussion,-1,70,A#4,55,0.08021399999999979,15.1042962,15.1845102
Percussion,-1,64,E4,127,0.03743320000000061,15.2647242,15.3021574
Percussion,-1,64,E4,56,0.02673799999999993,15.2754194,15.3021574
Percussion,-1,70,A#4,55,0.08021399999999979,15.2647242,15.3449382
Percussion,-1,62,D4,80,0.02673799999999993,15.4358474,15.4625854
Percussion,-1,70,A#4,55,0.08021400000000156,15.4251522,15.505366200000001
Percussion,-1,62,D4,56,0.02673799999999993,15.5962754,15.6230134
Percussion,-1,63,D#4,127,0.0588236000000002,15.5855802,15.644403800000001
Percussion,-1,70,A#4,55,0.08021399999999979,15.5855802,15.6657942
Percussion,-1,64,E4,56,0.02673799999999993,15.756703400000001,15.783441400000001
Percussion,-1,63,D#4,127,0.050802199999999686,15.7460082,15.7968104
Percussion,-1,70,A#4,55,0.08021399999999979,15.7460082,15.8262222
Percussion,-1,62,D4,56,0.02673799999999993,15.9171314,15.9438694
Percussion,-1,70,A#4,55,0.08021399999999979,15.9064362,15.9866502
Percussion,-1,62,D4,56,0.026737999999998152,16.077559400000002,16.1042974
Percussion,-1,70,A#4,55,0.08021399999999801,16.0668642,16.1470782
Percussion,-1,62,D4,80,0.008021400000000511,16.203228,16.2112494
Percussion,-1,62,D4,127,0.037433199999998834,16.2272922,16.2647254
Percussion,-1,62,D4,80,0.026737999999998152,16.2379874,16.2647254
Percussion,-1,70,A#4,55,0.08021399999999801,16.2272922,16.3075062
Percussion,-1,64,E4,56,0.026737999999998152,16.3984154,16.4251534
Percussion,-1,70,A#4,55,0.08021400000000156,16.3877202,16.467934200000002
Percussion,-1,64,E4,56,0.026737999999998152,16.5588434,16.5855814
Percussion,-1,70,A#4,55,0.08021400000000156,16.5481482,16.6283622
Percussion,-1,63,D#4,88,0.12299480000000074,16.5481482,16.671143
Percussion,-1,62,D4,80,0.026738000000001705,16.7192714,16.746009400000002
Percussion,-1,63,D#4,88,0.050802199999999686,16.7085762,16.7593784
Percussion,-1,70,A#4,55,0.08021400000000156,16.7085762,16.7887902
Percussion,-1,62,D4,56,0.026738000000001705,16.8796994,16.9064374
Percussion,-1,64,E4,127,0.05614980000000003,16.871678,16.9278278
Percussion,-1,70,A#4,55,0.08021400000000156,16.8690042,16.9492182
Percussion,-1,64,E4,127,0.03743320000000239,17.0294322,17.0668654
Percussion,-1,64,E4,56,0.026738000000001705,17.0401274,17.0668654
Percussion,-1,70,A#4,55,0.08021400000000156,17.0294322,17.1096462
Percussion,-1,62,D4,56,0.026738000000001705,17.2005554,17.2272934
Percussion,-1,70,A#4,55,0.08021399999999801,17.189860200000002,17.2700742
Percussion,-1,62,D4,56,0.026737999999998152,17.360983400000002,17.3877214
Percussion,-1,70,A#4,55,0.08021399999999801,17.3502882,17.4305022
Percussion,-1,62,D4,80,0.008021400000000511,17.486652,17.4946734
Percussion,-1,62,D4,127,0.037433199999998834,17.5107162,17.5481494
Percussion,-1,62,D4,80,0.026737999999998152,17.5214114,17.5481494
Percussion,-1,70,A#4,55,0.08021399999999801,17.5107162,17.5909302
Percussion,-1,64,E4,127,0.037433199999998834,17.6711442,17.7085774
Percussion,-1,64,E4,56,0.026737999999998152,17.6818394,17.7085774
Percussion,-1,70,A#4,55,0.08021400000000156,17.6711442,17.751358200000002
Percussion,-1,64,E4,127,0.037433199999998834,17.8315722,17.8690054
Percussion,-1,64,E4,56,0.026737999999998152,17.8422674,17.8690054
Percussion,-1,70,A#4,55,0.08021400000000156,17.8315722,17.9117862
Percussion,-1,62,D4,80,0.026738000000001705,18.0026954,18.029433400000002
Percussion,-1,70,A#4,55,0.08021400000000156,17.9920002,18.0722142
Percussion,-1,62,D4,56,0.026738000000001705,18.1631234,18.1898614
Percussion,-1,63,D#4,127,0.0588236000000002,18.1524282,18.2112518
Percussion,-1,70,A#4,55,0.08021400000000156,18.1524282,18.2326422
Percussion,-1,64,E4,56,0.026738000000001705,18.3235514,18.3502894
Percussion,-1,63,D#4,127,0.05080220000000324,18.3128562,18.363658400000002
Percussion,-1,70,A#4,55,0.08021400000000156,18.3128562,18.3930702
Percussion,-1,62,D4,56,0.026738000000001705,18.4839794,18.5107174
Percussion,-1,70,A#4,55,0.08021399999999801,18.473284200000002,18.5534982
Percussion,-1,62,D4,56,0.026738000000001705,18.6444074,18.6711454
Percussion,-1,70,A#4,55,0.08021399999999801,18.6337122,18.7139262
Percussion,-1,62,D4,80,0.008021400000000511,18.770076,18.7780974
Percussion,-1,62,D4,127,0.037433199999998834,18.7941402,18.8315734
Percussion,-1,62,D4,80,0.026737999999998152,18.8048354,18.8315734
Percussion,-1,70,A#4,55,0.08021399999999801,18.7941402,18.8743542
Percussion,-1,64,E4,56,0.026737999999998152,18.9652634,18.9920014
Percussion,-1,70,A#4,55,0.08021399999999801,18.9545682,19.0347822
Percussion,-1,64,E4,56,0.026737999999998152,19.1256914,19.1524294
Percussion,-1,70,A#4,55,0.08021400000000156,19.1149962,19.195210200000002
Percussion,-1,63,D#4,88,0.12299480000000074,19.1149962,19.237991
Percussion,-1,62,D4,80,0.026737999999998152,19.2861194,19.3128574
Percussion,-1,63,D#4,88,0.050802199999999686,19.2754242,19.3262264
Percussion,-1,70,A#4,55,0.08021400000000156,19.2754242,19.3556382
Percussion,-1,62,D4,56,0.026738000000001705,19.4465474,19.4732854
Percussion,-1,64,E4,127,0.05614980000000003,19.438526,19.4946758
Percussion,-1,70,A#4,55,0.08021400000000156,19.4358522,19.5160662
Percussion,-1,64,E4,127,0.03743320000000239,19.5962802,19.6337134
Percussion,-1,64,E4,56,0.026738000000001705,19.6069754,19.6337134
Percussion,-1,70,A#4,55,0.08021400000000156,19.5962802,19.6764942
Percussion,-1,62,D4,56,0.026738000000001705,19.7674034,19.7941414
Percussion,-1,70,A#4,55,0.08021399999999801,19.756708200000002,19.8369222
Percussion,-1,62,D4,56,0.026738000000001705,19.9278314,19.9545694
Percussion,-1,70,A#4,55,0.08021399999999801,19.9171362,19.9973502
Percussion,-1,62,D4,80,0.008021400000000511,20.0535,20.0615214
Percussion,-1,62,D4,127,0.037433199999998834,20.0775642,20.1149974
Percussion,-1,62,D4,80,0.026737999999998152,20.088259400000002,20.1149974
Percussion,-1,70,A#4,55,0.08021399999999801,20.0775642,20.1577782
Percussion,-1,64,E4,127,0.037433199999998834,20.2379922,20.2754254
Percussion,-1,64,E4,56,0.026737999999998152,20.2486874,20.2754254
Percussion,-1,70,A#4,55,0.08021399999999801,20.2379922,20.3182062
Percussion,-1,64,E4,127,0.037433199999998834,20.3984202,20.4358534
Percussion,-1,64,E4,56,0.026737999999998152,20.4091154,20.4358534
Percussion,-1,70,A#4,55,0.08021400000000156,20.3984202,20.478634200000002
Percussion,-1,62,D4,80,0.026737999999998152,20.5695434,20.5962814
Percussion,-1,70,A#4,55,0.08021400000000156,20.5588482,20.6390622
Percussion,-1,62,D4,56,0.026738000000001705,20.7299714,20.756709400000002
Percussion,-1,63,D#4,127,0.0588236000000002,20.7192762,20.7780998
Percussion,-1,70,A#4,55,0.08021400000000156,20.7192762,20.7994902
Percussion,-1,64,E4,56,0.026738000000001705,20.8903994,20.9171374
Percussion,-1,63,D#4,127,0.050802199999999686,20.8797042,20.9305064
Percussion,-1,70,A#4,55,0.08021400000000156,20.8797042,20.9599182
Percussion,-1,62,D4,56,0.026738000000001705,21.0508274,21.0775654
Percussion,-1,70,A#4,55,0.08021400000000156,21.0401322,21.1203462
Percussion,-1,62,D4,56,0.026738000000001705,21.2112554,21.2379934
Percussion,-1,70,A#4,55,0.08021399999999801,21.2005602,21.2807742
Percussion,-1,62,D4,80,0.008021400000000511,21.336924,21.3449454
Percussion,-1,62,D4,127,0.037433199999998834,21.3609882,21.3984214
Percussion,-1,62,D4,80,0.026737999999998152,21.371683400000002,21.3984214
Percussion,-1,70,A#4,55,0.08021399999999801,21.3609882,21.4412022
Percussion,-1,64,E4,56,0.026737999999998152,21.5321114,21.5588494
Percussion,-1,70,A#4,55,0.08021399999999801,21.5214162,21.6016302
Percussion,-1,64,E4,56,0.026737999999998152,21.6925394,21.7192774
Percussion,-1,70,A#4,55,0.08021400000000156,21.6818442,21.762058200000002
Percussion,-1,63,D#4,88,0.12299480000000074,21.6818442,21.804839
Percussion,-1,62,D4,80,0.026737999999998152,21.8529674,21.8797054
Percussion,-1,63,D#4,88,0.050802199999999686,21.8422722,21.8930744
Percussion,-1,70,A#4,55,0.08021400000000156,21.8422722,21.9224862
Percussion,-1,62,D4,56,0.026738000000001705,22.0133954,22.040133400000002
Percussion,-1,64,E4,127,0.05614980000000003,22.005374,22.0615238
Percussion,-1,70,A#4,55,0.08021400000000156,22.0027002,22.0829142
Percussion,-1,64,E4,127,0.03743320000000239,22.1631282,22.2005614
Percussion,-1,64,E4,56,0.026738000000001705,22.1738234,22.2005614
Percussion,-1,70,A#4,55,0.08021400000000156,22.1631282,22.2433422
Percussion,-1,62,D4,56,0.026738000000001705,22.3342514,22.3609894
Percussion,-1,70,A#4,55,0.08021400000000156,22.3235562,22.4037702
Percussion,-1,62,D4,56,0.026738000000001705,22.4946794,22.5214174
Percussion,-1,70,A#4,55,0.08021399999999801,22.483984200000002,22.5641982
Percussion,-1,62,D4,80,0.008021400000000511,22.620348,22.6283694
Percussion,-1,62,D4,127,0.037433199999998834,22.6444122,22.6818454
Percussion,-1,62,D4,80,0.026737999999998152,22.655107400000002,22.6818454
Percussion,-1,70,A#4,55,0.08021399999999801,22.6444122,22.7246262
Percussion,-1,64,E4,127,0.037433199999998834,22.8048402,22.8422734
Percussion,-1,64,E4,56,0.026737999999998152,22.8155354,22.8422734
Percussion,-1,70,A#4,55,0.08021399999999801,22.8048402,22.8850542
Percussion,-1,64,E4,127,0.037433199999998834,22.9652682,23.0027014
Percussion,-1,64,E4,56,0.026737999999998152,22.9759634,23.0027014
Percussion,-1,70,A#4,55,0.08021400000000156,22.9652682,23.045482200000002
Percussion,-1,62,D4,80,0.026737999999998152,23.1363914,23.1631294
Percussion,-1,70,A#4,55,0.08021400000000156,23.1256962,23.2059102
Percussion,-1,62,D4,56,0.026738000000001705,23.2968194,23.323557400000002
Percussion,-1,63,D#4,127,0.0588236000000002,23.2861242,23.3449478
Percussion,-1,70,A#4,55,0.08021400000000156,23.2861242,23.3663382
Percussion,-1,64,E4,56,0.026738000000001705,23.4572474,23.4839854
Percussion,-1,63,D#4,127,0.050802199999999686,23.4465522,23.4973544
Percussion,-1,70,A#4,55,0.08021400000000156,23.4465522,23.5267662
Percussion,-1,62,D4,56,0.026738000000001705,23.6176754,23.6444134
Percussion,-1,70,A#4,55,0.08021400000000156,23.6069802,23.6871942
Percussion,-1,62,D4,56,0.026738000000001705,23.7781034,23.8048414
Percussion,-1,70,A#4,55,0.08021399999999801,23.767408200000002,23.8476222
Percussion,-1,62,D4,80,0.008021400000000511,23.903772,23.9117934
Percussion,-1,62,D4,127,0.037433199999998834,23.9278362,23.9652694
Percussion,-1,62,D4,80,0.026738000000001705,23.9385314,23.9652694
Percussion,-1,70,A#4,55,0.08021399999999801,23.9278362,24.0080502
Percussion,-1,64,E4,56,0.026737999999998152,24.098959400000002,24.1256974
Percussion,-1,70,A#4,55,0.08021399999999801,24.0882642,24.1684782
Percussion,-1,64,E4,56,0.026737999999998152,24.2593874,24.2861254
Percussion,-1,70,A#4,55,0.08021399999999801,24.2486922,24.3289062
Percussion,-1,63,D#4,88,0.12299480000000074,24.2486922,24.371687
Percussion,-1,62,D4,80,0.026737999999998152,24.4198154,24.4465534
Percussion,-1,63,D#4,88,0.050802199999999686,24.4091202,24.4599224
Percussion,-1,70,A#4,55,0.08021400000000156,24.4091202,24.489334200000002
Percussion,-1,62,D4,56,0.026737999999998152,24.5802434,24.6069814
Percussion,-1,64,E4,127,0.05614980000000003,24.572222,24.6283718
Percussion,-1,70,A#4,55,0.08021400000000156,24.5695482,24.6497622
Percussion,-1,64,E4,127,0.03743320000000239,24.7299762,24.767409400000002
Percussion,-1,64,E4,56,0.026738000000001705,24.7406714,24.767409400000002
Percussion,-1,70,A#4,55,0.08021400000000156,24.7299762,24.8101902
Percussion,-1,62,D4,56,0.026738000000001705,24.9010994,24.9278374
Percussion,-1,70,A#4,55,0.08021400000000156,24.8904042,24.9706182
Percussion,-1,62,D4,56,0.026738000000001705,25.0615274,25.0882654
Percussion,-1,70,A#4,55,0.08021399999999801,25.050832200000002,25.1310462
Percussion,-1,62,D4,80,0.008021400000000511,25.187196,25.1952174
Percussion,-1,62,D4,127,0.037433199999998834,25.2112602,25.2486934
Percussion,-1,62,D4,80,0.026738000000001705,25.2219554,25.2486934
Percussion,-1,70,A#4,55,0.08021399999999801,25.2112602,25.2914742
Percussion,-1,64,E4,127,0.037433199999998834,25.3716882,25.4091214
Percussion,-1,64,E4,56,0.026737999999998152,25.382383400000002,25.4091214
Percussion,-1,70,A#4,55,0.08021399999999801,25.3716882,25.4519022
Percussion,-1,64,E4,127,0.037433199999998834,25.5321162,25.5695494
Percussion,-1,64,E4,56,0.026737999999998152,25.5428114,25.5695494
Percussion,-1,70,A#4,55,0.08021399999999801,25.5321162,25.6123302
Percussion,-1,62,D4,80,0.026737999999998152,25.7032394,25.7299774
Percussion,-1,70,A#4,55,0.08021400000000156,25.6925442,25.772758200000002
Percussion,-1,62,D4,56,0.026737999999998152,25.8636674,25.8904054
Percussion,-1,63,D#4,127,0.0588236000000002,25.8529722,25.9117958
Percussion,-1,70,A#4,55,0.08021400000000156,25.8529722,25.9331862
Percussion,-1,64,E4,56,0.026738000000001705,26.0240954,26.050833400000002
Percussion,-1,63,D#4,127,0.050802199999999686,26.0134002,26.0642024
Percussion,-1,70,A#4,55,0.08021400000000156,26.0134002,26.0936142
Percussion,-1,62,D4,56,0.026738000000001705,26.1845234,26.2112614
Percussion,-1,70,A#4,55,0.08021400000000156,26.1738282,26.2540422
Percussion,-1,62,D4,56,0.026738000000001705,26.3449514,26.3716894
Percussion,-1,70,A#4,55,0.08021399999999801,26.334256200000002,26.4144702
Percussion,-1,62,D4,80,0.008021400000000511,26.47062,26.4786414
Percussion,-1,62,D4,127,0.037433199999998834,26.494684200000002,26.5321174
Percussion,-1,62,D4,80,0.026738000000001705,26.5053794,26.5321174
Percussion,-1,70,A#4,55,0.08021399999999801,26.494684200000002,26.5748982
Percussion,-1,64,E4,56,0.026737999999998152,26.665807400000002,26.6925454
Percussion,-1,70,A#4,55,0.08021399999999801,26.6551122,26.7353262
Percussion,-1,64,E4,56,0.026737999999998152,26.8262354,26.8529734
Percussion,-1,70,A#4,55,0.08021399999999801,26.8155402,26.8957542
Percussion,-1,63,D#4,88,0.12299480000000074,26.8155402,26.938535
Percussion,-1,62,D4,80,0.026737999999998152,26.9866634,27.0134014
Percussion,-1,63,D#4,88,0.050802199999999686,26.9759682,27.0267704
Percussion,-1,70,A#4,55,0.08021400000000156,26.9759682,27.056182200000002
Percussion,-1,62,D4,56,0.026737999999998152,27.1470914,27.1738294
Percussion,-1,64,E4,127,0.05614980000000003,27.13907,27.1952198
Percussion,-1,70,A#4,55,0.08021400000000156,27.1363962,27.2166102
Percussion,-1,64,E4,127,0.03743320000000239,27.2968242,27.334257400000002
Percussion,-1,64,E4,56,0.026738000000001705,27.3075194,27.334257400000002
Percussion,-1,70,A#4,55,0.08021400000000156,27.2968242,27.3770382
Percussion,-1,62,D4,56,0.026738000000001705,27.4679474,27.4946854
Percussion,-1,70,A#4,55,0.08021400000000156,27.4572522,27.5374662
Percussion,-1,62,D4,56,0.026738000000001705,27.6283754,27.6551134
Percussion,-1,70,A#4,55,0.08021400000000156,27.6176802,27.6978942
Percussion,-1,62,D4,80,0.008021400000000511,27.754044,27.7620654
Percussion,-1,62,D4,127,0.037433199999998834,27.778108200000002,27.8155414
Percussion,-1,62,D4,80,0.026738000000001705,27.7888034,27.8155414
Percussion,-1,70,A#4,55,0.08021399999999801,27.778108200000002,27.8583222
Percussion,-1,64,E4,127,0.037433199999998834,27.9385362,27.9759694
Percussion,-1,64,E4,56,0.026737999999998152,27.949231400000002,27.9759694
Percussion,-1,70,A#4,55,0.08021399999999801,27.9385362,28.0187502
Percussion,-1,64,E4,127,0.037433199999998834,28.0989642,28.1363974
Percussion,-1,64,E4,56,0.026737999999998152,28.1096594,28.1363974
Percussion,-1,70,A#4,55,0.08021399999999801,28.0989642,28.1791782
Percussion,-1,62,D4,80,0.026737999999998152,28.2700874,28.2968254
Percussion,-1,70,A#4,55,0.08021400000000156,28.2593922,28.339606200000002
Percussion,-1,62,D4,56,0.026737999999998152,28.4305154,28.4572534
Percussion,-1,63,D#4,127,0.0588236000000002,28.4198202,28.4786438
Percussion,-1,70,A#4,55,0.08021400000000156,28.4198202,28.5000342
Percussion,-1,64,E4,56,0.026738000000001705,28.5909434,28.617681400000002
Percussion,-1,63,D#4,127,0.050802199999999686,28.5802482,28.6310504
Percussion,-1,70,A#4,55,0.08021400000000156,28.5802482,28.6604622
Percussion,-1,62,D4,56,0.026738000000001705,28.7513714,28.7781094
Percussion,-1,70,A#4,55,0.08021400000000156,28.7406762,28.8208902
Percussion,-1,62,D4,56,0.026738000000001705,28.9117994,28.9385374
Percussion,-1,70,A#4,55,0.08021400000000156,28.9011042,28.9813182
Percussion,-1,62,D4,80,0.008021400000000511,29.037468,29.0454894
Percussion,-1,62,D4,127,0.037433199999998834,29.061532200000002,29.0989654
Percussion,-1,62,D4,80,0.026738000000001705,29.0722274,29.0989654
Percussion,-1,70,A#4,55,0.08021399999999801,29.061532200000002,29.1417462
Percussion,-1,64,E4,56,0.026737999999998152,29.232655400000002,29.2593934
Percussion,-1,70,A#4,55,0.08021399999999801,29.2219602,29.3021742
Percussion,-1,64,E4,56,0.026737999999998152,29.393083400000002,29.4198214
Percussion,-1,70,A#4,55,0.08021399999999801,29.3823882,29.4626022
Percussion,-1,63,D#4,88,0.12299480000000074,29.3823882,29.505383000000002
Percussion,-1,62,D4,80,0.026737999999998152,29.5535114,29.5802494
Percussion,-1,63,D#4,88,0.050802199999999686,29.5428162,29.5936184
Percussion,-1,70,A#4,55,0.08021400000000156,29.5428162,29.623030200000002
Percussion,-1,62,D4,56,0.026737999999998152,29.7139394,29.7406774
Percussion,-1,64,E4,127,0.05614980000000003,29.705918,29.7620678
Percussion,-1,70,A#4,55,0.08021400000000156,29.7032442,29.783458200000002
Percussion,-1,64,E4,127,0.03743320000000239,29.8636722,29.901105400000002
Percussion,-1,64,E4,56,0.026738000000001705,29.8743674,29.901105400000002
Percussion,-1,70,A#4,55,0.08021400000000156,29.8636722,29.9438862
Percussion,-1,62,D4,56,0.026738000000001705,30.0347954,30.061533400000002
Percussion,-1,70,A#4,55,0.08021400000000156,30.0241002,30.1043142
Percussion,-1,62,D4,56,0.026738000000001705,30.1952234,30.2219614
Percussion,-1,70,A#4,55,0.08021400000000156,30.1845282,30.2647422
Percussion,-1,62,D4,80,0.008021400000000511,30.320892,30.3289134
Percussion,-1,62,D4,127,0.037433199999998834,30.344956200000002,30.3823894
Percussion,-1,62,D4,80,0.026738000000001705,30.3556514,30.3823894
Percussion,-1,70,A#4,55,0.08021399999999801,30.344956200000002,30.4251702
Percussion,-1,64,E4,127,0.037433199999998834,30.5053842,30.5428174
Percussion,-1,64,E4,56,0.026738000000001705,30.5160794,30.5428174
Percussion,-1,70,A#4,55,0.08021399999999801,30.5053842,30.5855982
Percussion,-1,64,E4,127,0.037433199999998834,30.6658122,30.7032454
Percussion,-1,64,E4,56,0.026737999999998152,30.676507400000002,30.7032454
Percussion,-1,70,A#4,55,0.08021399999999801,30.6658122,30.7460262
Percussion,-1,62,D4,80,0.026737999999998152,30.8369354,30.8636734
Percussion,-1,70,A#4,55,0.08021399999999801,30.8262402,30.9064542
Percussion,-1,62,D4,56,0.026737999999998152,30.9973634,31.0241014
Percussion,-1,63,D#4,127,0.0588236000000002,30.9866682,31.0454918
Percussion,-1,70,A#4,55,0.08021400000000156,30.9866682,31.066882200000002
Percussion,-1,64,E4,56,0.026737999999998152,31.1577914,31.1845294
Percussion,-1,63,D#4,127,0.050802199999999686,31.1470962,31.1978984
Percussion,-1,70,A#4,55,0.08021400000000156,31.1470962,31.2273102
Percussion,-1,62,D4,56,0.026738000000001705,31.3182194,31.344957400000002
Percussion,-1,70,A#4,55,0.08021400000000156,31.3075242,31.3877382
Percussion,-1,62,D4,56,0.026738000000001705,31.4786474,31.5053854
Percussion,-1,70,A#4,55,0.08021400000000156,31.4679522,31.5481662
Percussion,-1,62,D4,80,0.008021400000000511,31.604316,31.6123374
Percussion,-1,62,D4,127,0.037433199999998834,31.628380200000002,31.6658134
Percussion,-1,62,D4,80,0.026738000000001705,31.6390754,31.6658134
Percussion,-1,70,A#4,55,0.08021399999999801,31.628380200000002,31.7085942
Percussion,-1,64,E4,56,0.026738000000001705,31.7995034,31.8262414
Percussion,-1,70,A#4,55,0.08021399999999801,31.788808200000002,31.8690222
Percussion,-1,64,E4,56,0.026737999999998152,31.959931400000002,31.9866694
Percussion,-1,70,A#4,55,0.08021399999999801,31.9492362,32.0294502
Percussion,-1,63,D#4,88,0.12299480000000074,31.9492362,32.072231
Percussion,-1,62,D4,80,0.026738000000001705,32.1203594,32.1470974
Percussion,-1,63,D#4,88,0.050802199999999686,32.1096642,32.1604664
Percussion,-1,70,A#4,55,0.08021400000000511,32.1096642,32.1898782
Percussion,-1,62,D4,56,0.026738000000001705,32.2807874,32.3075254
Percussion,-1,64,E4,127,0.05614980000000003,32.272766,32.3289158
Percussion,-1,70,A#4,55,0.08021399999999801,32.2700922,32.3503062
Percussion,-1,64,E4,127,0.03743319999999528,32.430520200000004,32.4679534
Percussion,-1,64,E4,56,0.026738000000001705,32.4412154,32.4679534
Percussion,-1,70,A#4,55,0.08021399999999801,32.430520200000004,32.5107342
Percussion,-1,62,D4,56,0.026738000000001705,32.6016434,32.6283814
Percussion,-1,70,A#4,55,0.08021399999999801,32.5909482,32.6711622
Percussion,-1,62,D4,56,0.0267379999999946,32.7620714,32.7888094
Percussion,-1,70,A#4,55,0.08021399999999801,32.7513762,32.8315902
Percussion,-1,62,D4,80,0.008021399999996959,32.88774,32.8957614
Percussion,-1,62,D4,127,0.03743320000000239,32.9118042,32.9492374
Percussion,-1,62,D4,80,0.026738000000001705,32.9224994,32.9492374
Percussion,-1,70,A#4,55,0.08021400000000511,32.9118042,32.992018200000004
Percussion,-1,64,E4,127,0.03743319999999528,33.0722322,33.1096654
Percussion,-1,64,E4,56,0.0267379999999946,33.0829274,33.1096654
Percussion,-1,70,A#4,55,0.08021399999999801,33.0722322,33.1524462
Percussion,-1,64,E4,127,0.03743320000000239,33.2326602,33.2700934
Percussion,-1,64,E4,56,0.026738000000001705,33.2433554,33.2700934
Percussion,-1,70,A#4,55,0.08021400000000511,33.2326602,33.3128742
Percussion,-1,62,D4,80,0.026738000000001705,33.4037834,33.4305214
Percussion,-1,70,A#4,55,0.08021399999999801,33.3930882,33.4733022
Percussion,-1,62,D4,56,0.026738000000001705,33.5642114,33.5909494
Percussion,-1,63,D#4,127,0.05882360000000375,33.5535162,33.6123398
Percussion,-1,70,A#4,55,0.08021400000000511,33.5535162,33.6337302
Percussion,-1,64,E4,56,0.026738000000001705,33.7246394,33.7513774
Percussion,-1,63,D#4,127,0.050802199999999686,33.7139442,33.7647464
Percussion,-1,70,A#4,55,0.08021399999999801,33.7139442,33.7941582
Percussion,-1,62,D4,56,0.0267379999999946,33.885067400000004,33.9118054
Percussion,-1,70,A#4,55,0.08021399999999801,33.8743722,33.9545862
Percussion,-1,62,D4,56,0.026738000000001705,34.0454954,34.0722334
Percussion,-1,70,A#4,55,0.08021399999999801,34.0348002,34.1150142
Percussion,-1,62,D4,80,0.008021400000004064,34.171164,34.1791854
Percussion,-1,62,D4,127,0.03743319999999528,34.1952282,34.2326614
Percussion,-1,62,D4,80,0.0267379999999946,34.2059234,34.2326614
Percussion,-1,70,A#4,55,0.08021399999999801,34.1952282,34.2754422
Percussion,-1,64,E4,56,0.026738000000001705,34.3663514,34.3930894
Percussion,-1,70,A#4,55,0.08021400000000511,34.3556562,34.435870200000004
Percussion,-1,64,E4,56,0.026738000000001705,34.5267794,34.553517400000004
Percussion,-1,70,A#4,55,0.08021399999999801,34.5160842,34.5962982
Percussion,-1,63,D#4,88,0.12299480000000074,34.5160842,34.639079
Percussion,-1,62,D4,80,0.026738000000001705,34.6872074,34.7139454
Percussion,-1,63,D#4,88,0.050802199999999686,34.6765122,34.7273144
Percussion,-1,70,A#4,55,0.08021400000000511,34.6765122,34.7567262
Percussion,-1,62,D4,56,0.026738000000001705,34.8476354,34.8743734
Percussion,-1,64,E4,127,0.05614980000000003,34.839614,34.8957638
Percussion,-1,70,A#4,55,0.08021399999999801,34.8369402,34.9171542
Percussion,-1,64,E4,127,0.03743319999999528,34.997368200000004,35.0348014
Percussion,-1,64,E4,56,0.026738000000001705,35.0080634,35.0348014
Percussion,-1,70,A#4,55,0.08021399999999801,34.997368200000004,35.0775822
Percussion,-1,62,D4,56,0.026738000000001705,35.1684914,35.1952294
Percussion,-1,70,A#4,55,0.08021399999999801,35.1577962,35.2380102
Percussion,-1,62,D4,56,0.0267379999999946,35.328919400000004,35.3556574
Percussion,-1,70,A#4,55,0.08021399999999801,35.3182242,35.3984382
Percussion,-1,62,D4,80,0.008021399999996959,35.454588,35.4626094
Percussion,-1,62,D4,127,0.03743320000000239,35.4786522,35.5160854
Percussion,-1,62,D4,80,0.026738000000001705,35.4893474,35.5160854
Percussion,-1,70,A#4,55,0.08021399999999801,35.4786522,35.5588662
Percussion,-1,64,E4,127,0.03743319999999528,35.6390802,35.6765134
Percussion,-1,64,E4,56,0.0267379999999946,35.6497754,35.6765134
Percussion,-1,70,A#4,55,0.08021399999999801,35.6390802,35.7192942
Percussion,-1,64,E4,127,0.03743320000000239,35.7995082,35.8369414
Percussion,-1,64,E4,56,0.026738000000001705,35.8102034,35.8369414
Percussion,-1,70,A#4,55,0.08021400000000511,35.7995082,35.8797222
Percussion,-1,62,D4,80,0.026738000000001705,35.9706314,35.997369400000004
Percussion,-1,70,A#4,55,0.08021399999999801,35.9599362,36.0401502
Percussion,-1,62,D4,56,0.026738000000001705,36.1310594,36.1577974
Percussion,-1,63,D#4,127,0.05882360000000375,36.1203642,36.1791878
Percussion,-1,70,A#4,55,0.08021400000000511,36.1203642,36.2005782
Percussion,-1,64,E4,56,0.026738000000001705,36.2914874,36.3182254
Percussion,-1,63,D#4,127,0.050802199999999686,36.2807922,36.3315944
Percussion,-1,70,A#4,55,0.08021399999999801,36.2807922,36.3610062
Percussion,-1,62,D4,55,0.010695199999993577,36.441220200000004,36.4519154
Percussion,-1,62,D4,55,0.010695199999993577,36.441220200000004,36.4519154
Percussion,-1,62,D4,56,0.026738000000001705,36.4519154,36.4786534
Percussion,-1,70,A#4,76,0.04812839999999596,36.441220200000004,36.4893486
Percussion,-1,56,G#3,79,0.050802199999999686,36.441220200000004,36.4920224
Percussion,-1,70,A#4,54,0.029411799999998323,36.6016482,36.63106
Percussion,-1,62,D4,44,0.03743320000000239,36.6016482,36.6390814
Percussion,-1,62,D4,44,0.03743320000000239,36.6016482,36.6390814
Percussion,-1,62,D4,56,0.026738000000001705,36.6123434,36.6390814
Percussion,-1,62,D4,127,0.03743319999999528,36.7620762,36.7995094
Percussion,-1,62,D4,127,0.03743319999999528,36.7620762,36.7995094
Percussion,-1,62,D4,80,0.0267379999999946,36.7727714,36.7995094
Percussion,-1,70,A#4,70,0.04278079999999562,36.7620762,36.804857
Percussion,-1,61,C#4,52,0.08021399999999801,36.7353382,36.8155522
Percussion,-1,62,D4,55,0.008021400000004064,36.9225042,36.9305256
Percussion,-1,62,D4,55,0.008021400000004064,36.9225042,36.9305256
Percussion,-1,64,E4,56,0.026738000000001705,36.9331994,36.9599374
Percussion,-1,70,A#4,73,0.04278080000000273,36.9225042,36.965285
Percussion,-1,63,D#4,88,0.010695200000000682,37.0829322,37.0936274
Percussion,-1,63,D#4,88,0.010695200000000682,37.0829322,37.0936274
Percussion,-1,64,E4,56,0.0267379999999946,37.0936274,37.1203654
Percussion,-1,56,G#3,77,0.04278079999999562,37.0829322,37.125713
Percussion,-1,70,A#4,79,0.04812839999999596,37.0829322,37.1310606
Percussion,-1,62,D4,80,0.026738000000001705,37.2540554,37.2807934
Percussion,-1,70,A#4,70,0.04278080000000273,37.2433602,37.286141
Percussion,-1,63,D#4,88,0.050802199999999686,37.2433602,37.2941624
Percussion,-1,63,D#4,88,0.050802199999999686,37.2433602,37.2941624
Percussion,-1,64,E4,127,0.010695200000000682,37.4037882,37.4144834
Percussion,-1,64,E4,127,0.010695200000000682,37.4037882,37.4144834
Percussion,-1,62,D4,56,0.026738000000001705,37.4144834,37.4412214
Percussion,-1,70,A#4,79,0.04812840000000307,37.4037882,37.451916600000004
Percussion,-1,64,E4,127,0.03743319999999528,37.564216200000004,37.6016494
Percussion,-1,64,E4,127,0.03743319999999528,37.564216200000004,37.6016494
Percussion,-1,64,E4,56,0.026738000000001705,37.5749114,37.6016494
Percussion,-1,70,A#4,77,0.04278079999999562,37.564216200000004,37.606997
Percussion,-1,62,D4,55,0.03743320000000239,37.7246442,37.7620774
Percussion,-1,62,D4,55,0.03743320000000239,37.7246442,37.7620774
Percussion,-1,62,D4,56,0.026738000000001705,37.7353394,37.7620774
Percussion,-1,56,G#3,72,0.045454599999999346,37.7246442,37.7700988
Percussion,-1,70,A#4,80,0.04812840000000307,37.7246442,37.7727726
Percussion,-1,62,D4,55,0.03743319999999528,37.8850722,37.9225054
Percussion,-1,62,D4,55,0.03743319999999528,37.8850722,37.9225054
Percussion,-1,62,D4,56,0.0267379999999946,37.895767400000004,37.9225054
Percussion,-1,70,A#4,73,0.04278079999999562,37.8850722,37.927853
Percussion,-1,62,D4,127,0.03743320000000239,38.0455002,38.0829334
Percussion,-1,62,D4,127,0.03743320000000239,38.0455002,38.0829334
Percussion,-1,62,D4,80,0.026738000000001705,38.0561954,38.0829334
Percussion,-1,70,A#4,78,0.04278080000000273,38.0455002,38.088281
Percussion,-1,61,C#4,54,0.08021399999999801,38.021436,38.10165
Percussion,-1,64,E4,127,0.03743319999999528,38.2059282,38.2433614
Percussion,-1,64,E4,127,0.03743319999999528,38.2059282,38.2433614
Percussion,-1,64,E4,56,0.0267379999999946,38.2166234,38.2433614
Percussion,-1,70,A#4,82,0.04278079999999562,38.2059282,38.248709
Percussion,-1,64,E4,127,0.03743320000000239,38.3663562,38.4037894
Percussion,-1,64,E4,127,0.03743320000000239,38.3663562,38.4037894
Percussion,-1,64,E4,56,0.026738000000001705,38.3770514,38.4037894
Percussion,-1,56,G#3,78,0.04278080000000273,38.3663562,38.409137
Percussion,-1,70,A#4,79,0.045454599999999346,38.3663562,38.4118108
Percussion,-1,62,D4,88,0.03743320000000239,38.5267842,38.564217400000004
Percussion,-1,62,D4,88,0.03743320000000239,38.5267842,38.564217400000004
Percussion,-1,62,D4,80,0.026738000000001705,38.5374794,38.564217400000004
Percussion,-1,70,A#4,78,0.04278079999999562,38.5267842,38.569565
Percussion,-1,62,D4,56,0.026738000000001705,38.6979074,38.7246454
Percussion,-1,70,A#4,79,0.04278080000000273,38.6872122,38.729993
Percussion,-1,63,D#4,127,0.05882360000000375,38.6872122,38.7460358
Percussion,-1,63,D#4,127,0.05882360000000375,38.6872122,38.7460358
Percussion,-1,64,E4,56,0.026738000000001705,38.8583354,38.8850734
Percussion,-1,70,A#4,81,0.04278080000000273,38.8476402,38.890421
Percussion,-1,63,D#4,127,0.050802199999999686,38.8476402,38.8984424
Percussion,-1,63,D#4,127,0.050802199999999686,38.8476402,38.8984424
Percussion,-1,62,D4,55,0.03743319999999528,39.008068200000004,39.0455014
Percussion,-1,62,D4,55,0.03743319999999528,39.008068200000004,39.0455014
Percussion,-1,62,D4,56,0.026738000000001705,39.0187634,39.0455014
Percussion,-1,70,A#4,76,0.04812839999999596,39.008068200000004,39.0561966
Percussion,-1,56,G#3,79,0.050802199999999686,39.008068200000004,39.0588704
Percussion,-1,70,A#4,54,0.029411799999998323,39.1684962,39.197908
Percussion,-1,62,D4,44,0.03743320000000239,39.1684962,39.2059294
Percussion,-1,62,D4,44,0.03743320000000239,39.1684962,39.2059294
Percussion,-1,62,D4,56,0.026738000000001705,39.1791914,39.2059294
Percussion,-1,62,D4,127,0.03743319999999528,39.3289242,39.3663574
Percussion,-1,62,D4,127,0.03743319999999528,39.3289242,39.3663574
Percussion,-1,62,D4,80,0.0267379999999946,39.339619400000004,39.3663574
Percussion,-1,70,A#4,70,0.04278079999999562,39.3289242,39.371705
Percussion,-1,61,C#4,52,0.08021399999999801,39.3021862,39.3824002
Percussion,-1,62,D4,55,0.008021400000004064,39.4893522,39.4973736
Percussion,-1,62,D4,55,0.008021400000004064,39.4893522,39.4973736
Percussion,-1,64,E4,56,0.026738000000001705,39.5000474,39.5267854
Percussion,-1,70,A#4,73,0.04278080000000273,39.4893522,39.532133
Percussion,-1,64,E4,56,0.0267379999999946,39.6604754,39.6872134
Percussion,-1,56,G#3,77,0.04278079999999562,39.6497802,39.692561
Percussion,-1,70,A#4,79,0.04812839999999596,39.6497802,39.6979086
Percussion,-1,63,D#4,88,0.12299480000000074,39.6497802,39.772775
Percussion,-1,63,D#4,88,0.12299480000000074,39.6497802,39.772775
Percussion,-1,62,D4,80,0.026738000000001705,39.8209034,39.8476414
Percussion,-1,70,A#4,70,0.04278080000000273,39.8102082,39.852989
Percussion,-1,63,D#4,88,0.050802199999999686,39.8102082,39.8610104
Percussion,-1,63,D#4,88,0.050802199999999686,39.8102082,39.8610104
Percussion,-1,62,D4,56,0.026738000000001705,39.9813314,40.008069400000004
Percussion,-1,70,A#4,79,0.04812839999999596,39.9706362,40.0187646
Percussion,-1,64,E4,127,0.05614980000000003,39.9706362,40.026786
Percussion,-1,64,E4,127,0.05614980000000003,39.9706362,40.026786
Percussion,-1,64,E4,127,0.03743320000000239,40.1310642,40.1684974
Percussion,-1,64,E4,127,0.03743320000000239,40.1310642,40.1684974
Percussion,-1,64,E4,56,0.026738000000001705,40.1417594,40.1684974
Percussion,-1,70,A#4,77,0.04278080000000273,40.1310642,40.173845
Percussion,-1,62,D4,55,0.03743320000000239,40.2914922,40.3289254
Percussion,-1,62,D4,55,0.03743320000000239,40.2914922,40.3289254
Percussion,-1,62,D4,56,0.026738000000001705,40.3021874,40.3289254
Percussion,-1,56,G#3,72,0.045454599999999346,40.2914922,40.3369468
Percussion,-1,70,A#4,80,0.04812840000000307,40.2914922,40.3396206
Percussion,-1,62,D4,55,0.03743319999999528,40.4519202,40.4893534
Percussion,-1,62,D4,55,0.03743319999999528,40.4519202,40.4893534
Percussion,-1,62,D4,56,0.0267379999999946,40.462615400000004,40.4893534
Percussion,-1,70,A#4,73,0.04278079999999562,40.4519202,40.494701
Percussion,-1,62,D4,127,0.03743320000000239,40.6123482,40.6497814
Percussion,-1,62,D4,127,0.03743320000000239,40.6123482,40.6497814
Percussion,-1,62,D4,80,0.026738000000001705,40.6230434,40.6497814
Percussion,-1,70,A#4,78,0.04278080000000273,40.6123482,40.655129
Percussion,-1,61,C#4,54,0.08021399999999801,40.588284,40.668498
Percussion,-1,64,E4,127,0.03743319999999528,40.7727762,40.8102094
Percussion,-1,64,E4,127,0.03743319999999528,40.7727762,40.8102094
Percussion,-1,64,E4,56,0.0267379999999946,40.7834714,40.8102094
Percussion,-1,70,A#4,82,0.04278079999999562,40.7727762,40.815557
Percussion,-1,64,E4,127,0.03743320000000239,40.9332042,40.9706374
Percussion,-1,64,E4,127,0.03743320000000239,40.9332042,40.9706374
Percussion,-1,64,E4,56,0.026738000000001705,40.9438994,40.9706374
Percussion,-1,56,G#3,78,0.04278080000000273,40.9332042,40.975985
Percussion,-1,70,A#4,79,0.045454599999999346,40.9332042,40.9786588
Percussion,-1,62,D4,88,0.03743320000000239,41.0936322,41.131065400000004
Percussion,-1,62,D4,88,0.03743320000000239,41.0936322,41.131065400000004
Percussion,-1,62,D4,80,0.026738000000001705,41.1043274,41.131065400000004
Percussion,-1,70,A#4,78,0.04278079999999562,41.0936322,41.136413
Percussion,-1,62,D4,56,0.026738000000001705,41.2647554,41.2914934
Percussion,-1,70,A#4,79,0.04278080000000273,41.2540602,41.296841
Percussion,-1,63,D#4,127,0.05882360000000375,41.2540602,41.3128838
Percussion,-1,63,D#4,127,0.05882360000000375,41.2540602,41.3128838
Percussion,-1,64,E4,56,0.026738000000001705,41.4251834,41.4519214
Percussion,-1,70,A#4,81,0.04278080000000273,41.4144882,41.457269000000004
Percussion,-1,63,D#4,127,0.050802199999999686,41.4144882,41.4652904
Percussion,-1,63,D#4,127,0.050802199999999686,41.4144882,41.4652904
Percussion,-1,62,D4,55,0.03743319999999528,41.574916200000004,41.6123494
Percussion,-1,62,D4,55,0.03743319999999528,41.574916200000004,41.6123494
Percussion,-1,62,D4,56,0.026738000000001705,41.5856114,41.6123494
Percussion,-1,70,A#4,76,0.04812839999999596,41.574916200000004,41.6230446
Percussion,-1,56,G#3,79,0.050802199999999686,41.574916200000004,41.625718400000004
Percussion,-1,70,A#4,54,0.029411799999998323,41.7353442,41.764756
Percussion,-1,62,D4,44,0.03743320000000239,41.7353442,41.7727774
Percussion,-1,62,D4,44,0.03743320000000239,41.7353442,41.7727774
Percussion,-1,62,D4,56,0.026738000000001705,41.7460394,41.7727774
Percussion,-1,62,D4,127,0.03743319999999528,41.8957722,41.9332054
Percussion,-1,62,D4,127,0.03743319999999528,41.8957722,41.9332054
Percussion,-1,62,D4,80,0.0267379999999946,41.906467400000004,41.9332054
Percussion,-1,70,A#4,70,0.04278079999999562,41.8957722,41.938553
Percussion,-1,61,C#4,52,0.08021399999999801,41.8690342,41.9492482
Percussion,-1,62,D4,55,0.008021400000004064,42.0562002,42.0642216
Percussion,-1,62,D4,55,0.008021400000004064,42.0562002,42.0642216
Percussion,-1,64,E4,56,0.026738000000001705,42.0668954,42.0936334
Percussion,-1,70,A#4,73,0.04278080000000273,42.0562002,42.098981
Percussion,-1,64,E4,56,0.0267379999999946,42.2273234,42.2540614
Percussion,-1,56,G#3,77,0.04278079999999562,42.2166282,42.259409
Percussion,-1,70,A#4,79,0.04812839999999596,42.2166282,42.2647566
Percussion,-1,63,D#4,88,0.12299480000000074,42.2166282,42.339623
Percussion,-1,63,D#4,88,0.12299480000000074,42.2166282,42.339623
Percussion,-1,62,D4,80,0.026738000000001705,42.3877514,42.4144894
Percussion,-1,70,A#4,70,0.04278080000000273,42.3770562,42.419837
Percussion,-1,63,D#4,88,0.050802199999999686,42.3770562,42.4278584
Percussion,-1,63,D#4,88,0.050802199999999686,42.3770562,42.4278584
Percussion,-1,62,D4,56,0.026738000000001705,42.5481794,42.574917400000004
Percussion,-1,70,A#4,79,0.04812839999999596,42.5374842,42.5856126
Percussion,-1,64,E4,127,0.05614980000000003,42.5374842,42.593634
Percussion,-1,64,E4,127,0.05614980000000003,42.5374842,42.593634
Percussion,-1,64,E4,127,0.03743320000000239,42.6979122,42.7353454
Percussion,-1,64,E4,127,0.03743320000000239,42.6979122,42.7353454
Percussion,-1,64,E4,56,0.026738000000001705,42.7086074,42.7353454
Percussion,-1,70,A#4,77,0.04278080000000273,42.6979122,42.740693
Percussion,-1,62,D4,55,0.03743320000000239,42.8583402,42.8957734
Percussion,-1,62,D4,55,0.03743320000000239,42.8583402,42.8957734
Percussion,-1,62,D4,56,0.026738000000001705,42.8690354,42.8957734
Percussion,-1,56,G#3,72,0.045454599999999346,42.8583402,42.9037948
Percussion,-1,70,A#4,80,0.04812840000000307,42.8583402,42.906468600000004
Percussion,-1,62,D4,55,0.03743319999999528,43.018768200000004,43.0562014
Percussion,-1,62,D4,55,0.03743319999999528,43.018768200000004,43.0562014
Percussion,-1,62,D4,56,0.026738000000001705,43.0294634,43.0562014
Percussion,-1,70,A#4,73,0.04278079999999562,43.018768200000004,43.061549
Percussion,-1,62,D4,127,0.03743320000000239,43.1791962,43.2166294
Percussion,-1,62,D4,127,0.03743320000000239,43.1791962,43.2166294
Percussion,-1,62,D4,80,0.026738000000001705,43.1898914,43.2166294
Percussion,-1,70,A#4,78,0.04278080000000273,43.1791962,43.221977
Percussion,-1,61,C#4,54,0.08021399999999801,43.155132,43.235346
Percussion,-1,64,E4,127,0.03743319999999528,43.3396242,43.3770574
Percussion,-1,64,E4,127,0.03743319999999528,43.3396242,43.3770574
Percussion,-1,64,E4,56,0.0267379999999946,43.350319400000004,43.3770574
Percussion,-1,70,A#4,82,0.04278079999999562,43.3396242,43.382405
Percussion,-1,64,E4,127,0.03743320000000239,43.5000522,43.5374854
Percussion,-1,64,E4,127,0.03743320000000239,43.5000522,43.5374854
Percussion,-1,64,E4,56,0.026738000000001705,43.5107474,43.5374854
Percussion,-1,56,G#3,78,0.04278080000000273,43.5000522,43.542833
Percussion,-1,70,A#4,79,0.045454599999999346,43.5000522,43.5455068
Percussion,-1,62,D4,88,0.03743319999999528,43.6604802,43.6979134
Percussion,-1,62,D4,88,0.03743319999999528,43.6604802,43.6979134
Percussion,-1,62,D4,80,0.0267379999999946,43.6711754,43.6979134
Percussion,-1,70,A#4,78,0.04278079999999562,43.6604802,43.703261
Percussion,-1,62,D4,56,0.026738000000001705,43.8316034,43.8583414
Percussion,-1,70,A#4,79,0.04278080000000273,43.8209082,43.863689
Percussion,-1,63,D#4,127,0.05882360000000375,43.8209082,43.8797318
Percussion,-1,63,D#4,127,0.05882360000000375,43.8209082,43.8797318
Percussion,-1,64,E4,56,0.026738000000001705,43.9920314,44.018769400000004
Percussion,-1,70,A#4,81,0.04278080000000273,43.9813362,44.024117000000004
Percussion,-1,63,D#4,127,0.050802199999999686,43.9813362,44.0321384
Percussion,-1,63,D#4,127,0.050802199999999686,43.9813362,44.0321384
Percussion,-1,62,D4,55,0.03743319999999528,44.141764200000004,44.1791974
Percussion,-1,62,D4,55,0.03743319999999528,44.141764200000004,44.1791974
Percussion,-1,62,D4,56,0.026738000000001705,44.1524594,44.1791974
Percussion,-1,70,A#4,76,0.04812839999999596,44.141764200000004,44.1898926
Percussion,-1,56,G#3,79,0.050802199999999686,44.141764200000004,44.192566400000004
Percussion,-1,70,A#4,54,0.029411799999998323,44.3021922,44.331604
Percussion,-1,62,D4,44,0.03743320000000239,44.3021922,44.3396254
Percussion,-1,62,D4,44,0.03743320000000239,44.3021922,44.3396254
Percussion,-1,62,D4,56,0.026738000000001705,44.3128874,44.3396254
Percussion,-1,62,D4,127,0.03743319999999528,44.4626202,44.5000534
Percussion,-1,62,D4,127,0.03743319999999528,44.4626202,44.5000534
Percussion,-1,62,D4,80,0.0267379999999946,44.473315400000004,44.5000534
Percussion,-1,70,A#4,70,0.04278079999999562,44.4626202,44.505401
Percussion,-1,61,C#4,52,0.08021399999999801,44.4358822,44.5160962
Percussion,-1,62,D4,55,0.008021400000004064,44.6230482,44.631069600000004
Percussion,-1,62,D4,55,0.008021400000004064,44.6230482,44.631069600000004
Percussion,-1,64,E4,56,0.026738000000001705,44.6337434,44.6604814
Percussion,-1,70,A#4,73,0.04278080000000273,44.6230482,44.665829
Percussion,-1,64,E4,56,0.0267379999999946,44.7941714,44.8209094
Percussion,-1,56,G#3,77,0.04278079999999562,44.7834762,44.826257
Percussion,-1,70,A#4,79,0.04812839999999596,44.7834762,44.8316046
Percussion,-1,63,D#4,88,0.12299480000000074,44.7834762,44.906471
Percussion,-1,63,D#4,88,0.12299480000000074,44.7834762,44.906471
Percussion,-1,62,D4,80,0.026738000000001705,44.9545994,44.9813374
Percussion,-1,70,A#4,70,0.04278080000000273,44.9439042,44.986685
Percussion,-1,63,D#4,88,0.050802199999999686,44.9439042,44.9947064
Percussion,-1,63,D#4,88,0.050802199999999686,44.9439042,44.9947064
Percussion,-1,62,D4,56,0.026738000000001705,45.1150274,45.141765400000004
Percussion,-1,70,A#4,79,0.04812839999999596,45.1043322,45.1524606
Percussion,-1,64,E4,127,0.05614980000000003,45.1043322,45.160482
Percussion,-1,64,E4,127,0.05614980000000003,45.1043322,45.160482
Percussion,-1,64,E4,127,0.03743320000000239,45.2647602,45.3021934
Percussion,-1,64,E4,127,0.03743320000000239,45.2647602,45.3021934
Percussion,-1,64,E4,56,0.026738000000001705,45.2754554,45.3021934
Percussion,-1,70,A#4,77,0.04278080000000273,45.2647602,45.307541
Percussion,-1,62,D4,55,0.03743320000000239,45.4251882,45.4626214
Percussion,-1,62,D4,55,0.03743320000000239,45.4251882,45.4626214
Percussion,-1,62,D4,56,0.026738000000001705,45.4358834,45.4626214
Percussion,-1,56,G#3,72,0.045454599999999346,45.4251882,45.4706428
Percussion,-1,70,A#4,80,0.04812840000000307,45.4251882,45.473316600000004
Percussion,-1,62,D4,55,0.03743319999999528,45.585616200000004,45.6230494
Percussion,-1,62,D4,55,0.03743319999999528,45.585616200000004,45.6230494
Percussion,-1,62,D4,56,0.026738000000001705,45.5963114,45.6230494
Percussion,-1,70,A#4,73,0.04278079999999562,45.585616200000004,45.628397
Percussion,-1,62,D4,127,0.03743320000000239,45.7460442,45.7834774
Percussion,-1,62,D4,127,0.03743320000000239,45.7460442,45.7834774
Percussion,-1,62,D4,80,0.026738000000001705,45.7567394,45.7834774
Percussion,-1,70,A#4,78,0.04278080000000273,45.7460442,45.788825
Percussion,-1,61,C#4,54,0.08021399999999801,45.72198,45.802194
Percussion,-1,64,E4,127,0.03743319999999528,45.9064722,45.9439054
Percussion,-1,64,E4,127,0.03743319999999528,45.9064722,45.9439054
Percussion,-1,64,E4,56,0.0267379999999946,45.917167400000004,45.9439054
Percussion,-1,70,A#4,82,0.04278079999999562,45.9064722,45.949253
Percussion,-1,64,E4,127,0.03743320000000239,46.0669002,46.1043334
Percussion,-1,64,E4,127,0.03743320000000239,46.0669002,46.1043334
Percussion,-1,64,E4,56,0.026738000000001705,46.0775954,46.1043334
Percussion,-1,56,G#3,78,0.04278080000000273,46.0669002,46.109681
Percussion,-1,70,A#4,79,0.045454599999999346,46.0669002,46.1123548
Percussion,-1,62,D4,88,0.03743319999999528,46.2273282,46.2647614
Percussion,-1,62,D4,88,0.03743319999999528,46.2273282,46.2647614
Percussion,-1,62,D4,80,0.0267379999999946,46.2380234,46.2647614
Percussion,-1,70,A#4,78,0.04278079999999562,46.2273282,46.270109
Percussion,-1,62,D4,56,0.026738000000001705,46.3984514,46.4251894
Percussion,-1,70,A#4,79,0.04278080000000273,46.3877562,46.430537
Percussion,-1,63,D#4,127,0.05882360000000375,46.3877562,46.4465798
Percussion,-1,63,D#4,127,0.05882360000000375,46.3877562,46.4465798
Percussion,-1,64,E4,56,0.026738000000001705,46.5588794,46.585617400000004
Percussion,-1,70,A#4,81,0.04278080000000273,46.5481842,46.590965000000004
Percussion,-1,63,D#4,127,0.050802199999999686,46.5481842,46.5989864
Percussion,-1,63,D#4,127,0.050802199999999686,46.5481842,46.5989864
Percussion,-1,62,D4,55,0.03743320000000239,46.7086122,46.7460454
Percussion,-1,62,D4,55,0.03743320000000239,46.7086122,46.7460454
Percussion,-1,62,D4,56,0.026738000000001705,46.7193074,46.7460454
Percussion,-1,70,A#4,76,0.04812840000000307,46.7086122,46.7567406
Percussion,-1,56,G#3,79,0.05080220000000679,46.7086122,46.759414400000004
Percussion,-1,70,A#4,54,0.029411799999998323,46.8690402,46.898452
Percussion,-1,62,D4,44,0.03743320000000239,46.8690402,46.9064734
Percussion,-1,62,D4,44,0.03743320000000239,46.8690402,46.9064734
Percussion,-1,62,D4,56,0.026738000000001705,46.8797354,46.9064734
Percussion,-1,62,D4,127,0.03743319999999528,47.029468200000004,47.0669014
Percussion,-1,62,D4,127,0.03743319999999528,47.029468200000004,47.0669014
Percussion,-1,62,D4,80,0.026738000000001705,47.0401634,47.0669014
Percussion,-1,70,A#4,70,0.04278079999999562,47.029468200000004,47.072249
Percussion,-1,61,C#4,52,0.08021399999999801,47.0027302,47.0829442
Percussion,-1,62,D4,55,0.008021400000004064,47.1898962,47.197917600000004
Percussion,-1,62,D4,55,0.008021400000004064,47.1898962,47.197917600000004
Percussion,-1,64,E4,56,0.026738000000001705,47.2005914,47.2273294
Percussion,-1,70,A#4,73,0.04278080000000273,47.1898962,47.232677
Percussion,-1,64,E4,56,0.0267379999999946,47.3610194,47.3877574
Percussion,-1,56,G#3,77,0.04278079999999562,47.3503242,47.393105
Percussion,-1,70,A#4,79,0.04812839999999596,47.3503242,47.3984526
Percussion,-1,63,D#4,88,0.12299480000000074,47.3503242,47.473319000000004
Percussion,-1,63,D#4,88,0.12299480000000074,47.3503242,47.473319000000004
Percussion,-1,62,D4,80,0.026738000000001705,47.5214474,47.5481854
Percussion,-1,70,A#4,70,0.04278080000000273,47.5107522,47.553533
Percussion,-1,63,D#4,88,0.050802199999999686,47.5107522,47.5615544
Percussion,-1,63,D#4,88,0.050802199999999686,47.5107522,47.5615544
Percussion,-1,62,D4,56,0.026738000000001705,47.6818754,47.708613400000004
Percussion,-1,70,A#4,79,0.04812839999999596,47.6711802,47.7193086
Percussion,-1,64,E4,127,0.05614980000000003,47.6711802,47.72733
Percussion,-1,64,E4,127,0.05614980000000003,47.6711802,47.72733
Percussion,-1,64,E4,127,0.03743320000000239,47.8316082,47.8690414
Percussion,-1,64,E4,127,0.03743320000000239,47.8316082,47.8690414
Percussion,-1,64,E4,56,0.026738000000001705,47.8423034,47.8690414
Percussion,-1,70,A#4,77,0.04278080000000273,47.8316082,47.874389
Percussion,-1,62,D4,55,0.03743320000000239,47.9920362,48.0294694
Percussion,-1,62,D4,55,0.03743320000000239,47.9920362,48.0294694
Percussion,-1,62,D4,56,0.026738000000001705,48.0027314,48.0294694
Percussion,-1,56,G#3,72,0.045454599999999346,47.9920362,48.0374908
Percussion,-1,70,A#4,80,0.04812840000000307,47.9920362,48.040164600000004
Percussion,-1,62,D4,55,0.03743319999999528,48.152464200000004,48.1898974
Percussion,-1,62,D4,55,0.03743319999999528,48.152464200000004,48.1898974
Percussion,-1,62,D4,56,0.026738000000001705,48.1631594,48.1898974
Percussion,-1,70,A#4,73,0.04278079999999562,48.152464200000004,48.195245
Percussion,-1,62,D4,127,0.03743320000000239,48.3128922,48.3503254
Percussion,-1,62,D4,127,0.03743320000000239,48.3128922,48.3503254
Percussion,-1,62,D4,80,0.026738000000001705,48.3235874,48.3503254
Percussion,-1,70,A#4,78,0.04278080000000273,48.3128922,48.355673
Percussion,-1,61,C#4,54,0.08021399999999801,48.288828,48.369042
Percussion,-1,64,E4,127,0.03743319999999528,48.4733202,48.5107534
Percussion,-1,64,E4,127,0.03743319999999528,48.4733202,48.5107534
Percussion,-1,64,E4,56,0.0267379999999946,48.484015400000004,48.5107534
Percussion,-1,70,A#4,82,0.04278079999999562,48.4733202,48.516101
Percussion,-1,64,E4,127,0.03743320000000239,48.6337482,48.6711814
Percussion,-1,64,E4,127,0.03743320000000239,48.6337482,48.6711814
Percussion,-1,64,E4,56,0.026738000000001705,48.6444434,48.6711814
Percussion,-1,56,G#3,78,0.04278080000000273,48.6337482,48.676529
Percussion,-1,70,A#4,79,0.045454599999999346,48.6337482,48.6792028
Percussion,-1,62,D4,88,0.03743319999999528,48.7941762,48.8316094
Percussion,-1,62,D4,88,0.03743319999999528,48.7941762,48.8316094
Percussion,-1,62,D4,80,0.0267379999999946,48.8048714,48.8316094
Percussion,-1,70,A#4,78,0.04278079999999562,48.7941762,48.836957
Percussion,-1,62,D4,56,0.026738000000001705,48.9652994,48.9920374
Percussion,-1,70,A#4,79,0.04278080000000273,48.9546042,48.997385
Percussion,-1,63,D#4,127,0.05882360000000375,48.9546042,49.0134278
Percussion,-1,63,D#4,127,0.05882360000000375,48.9546042,49.0134278
Percussion,-1,64,E4,56,0.026738000000001705,49.1257274,49.152465400000004
Percussion,-1,70,A#4,81,0.04278080000000273,49.1150322,49.157813000000004
Percussion,-1,63,D#4,127,0.050802199999999686,49.1150322,49.1658344
Percussion,-1,63,D#4,127,0.050802199999999686,49.1150322,49.1658344
Percussion,-1,62,D4,55,0.03743320000000239,49.2754602,49.3128934
Percussion,-1,62,D4,55,0.03743320000000239,49.2754602,49.3128934
Percussion,-1,62,D4,56,0.026738000000001705,49.2861554,49.3128934
Percussion,-1,70,A#4,76,0.04812840000000307,49.2754602,49.3235886
Percussion,-1,56,G#3,79,0.050802199999999686,49.2754602,49.3262624
Percussion,-1,70,A#4,54,0.029411799999998323,49.4358882,49.4653
Percussion,-1,62,D4,44,0.03743320000000239,49.4358882,49.4733214
Percussion,-1,62,D4,44,0.03743320000000239,49.4358882,49.4733214
Percussion,-1,62,D4,56,0.026738000000001705,49.4465834,49.4733214
Percussion,-1,62,D4,127,0.03743319999999528,49.596316200000004,49.6337494
Percussion,-1,62,D4,127,0.03743319999999528,49.596316200000004,49.6337494
Percussion,-1,62,D4,80,0.026738000000001705,49.6070114,49.6337494
Percussion,-1,70,A#4,70,0.04278079999999562,49.596316200000004,49.639097
Percussion,-1,61,C#4,52,0.08021399999999801,49.5695782,49.6497922
Percussion,-1,62,D4,55,0.008021400000004064,49.7567442,49.764765600000004
Percussion,-1,62,D4,55,0.008021400000004064,49.7567442,49.764765600000004
Percussion,-1,64,E4,56,0.026738000000001705,49.7674394,49.7941774
Percussion,-1,70,A#4,73,0.04278080000000273,49.7567442,49.799525
Percussion,-1,64,E4,56,0.0267379999999946,49.927867400000004,49.9546054
Percussion,-1,56,G#3,77,0.04278079999999562,49.9171722,49.959953
Percussion,-1,70,A#4,79,0.04812839999999596,49.9171722,49.9653006
Percussion,-1,63,D#4,88,0.12299480000000074,49.9171722,50.040167000000004
Percussion,-1,63,D#4,88,0.12299480000000074,49.9171722,50.040167000000004
Percussion,-1,62,D4,80,0.026738000000001705,50.0882954,50.1150334
Percussion,-1,70,A#4,70,0.04278080000000273,50.0776002,50.120381
Percussion,-1,63,D#4,88,0.050802199999999686,50.0776002,50.1284024
Percussion,-1,63,D#4,88,0.050802199999999686,50.0776002,50.1284024
Percussion,-1,62,D4,56,0.0267379999999946,50.2487234,50.2754614
Percussion,-1,70,A#4,79,0.04812839999999596,50.2380282,50.2861566
Percussion,-1,64,E4,127,0.05614980000000003,50.2380282,50.294178
Percussion,-1,64,E4,127,0.05614980000000003,50.2380282,50.294178
Percussion,-1,64,E4,127,0.03743320000000239,50.3984562,50.4358894
Percussion,-1,64,E4,127,0.03743320000000239,50.3984562,50.4358894
Percussion,-1,64,E4,56,0.026738000000001705,50.4091514,50.4358894
Percussion,-1,70,A#4,77,0.04278080000000273,50.3984562,50.441237
Percussion,-1,62,D4,55,0.03743320000000239,50.5588842,50.596317400000004
Percussion,-1,62,D4,55,0.03743320000000239,50.5588842,50.596317400000004
Percussion,-1,62,D4,56,0.026738000000001705,50.5695794,50.596317400000004
Percussion,-1,56,G#3,72,0.045454599999999346,50.5588842,50.6043388
Percussion,-1,70,A#4,80,0.04812840000000307,50.5588842,50.607012600000004
Percussion,-1,62,D4,55,0.03743320000000239,50.7193122,50.7567454
Percussion,-1,62,D4,55,0.03743320000000239,50.7193122,50.7567454
Percussion,-1,62,D4,56,0.026738000000001705,50.7300074,50.7567454
Percussion,-1,70,A#4,73,0.04278080000000273,50.7193122,50.762093
Percussion,-1,62,D4,127,0.03743320000000239,50.8797402,50.9171734
Percussion,-1,62,D4,127,0.03743320000000239,50.8797402,50.9171734
Percussion,-1,62,D4,80,0.026738000000001705,50.8904354,50.9171734
Percussion,-1,70,A#4,78,0.04278080000000273,50.8797402,50.922521
Percussion,-1,61,C#4,54,0.08021399999999801,50.855676,50.93589
Percussion,-1,64,E4,127,0.03743319999999528,51.040168200000004,51.0776014
Percussion,-1,64,E4,127,0.03743319999999528,51.040168200000004,51.0776014
Percussion,-1,64,E4,56,0.0267379999999946,51.050863400000004,51.0776014
Percussion,-1,70,A#4,82,0.04278079999999562,51.040168200000004,51.082949
Percussion,-1,64,E4,127,0.03743320000000239,51.2005962,51.2380294
Percussion,-1,64,E4,127,0.03743320000000239,51.2005962,51.2380294
Percussion,-1,64,E4,56,0.026738000000001705,51.2112914,51.2380294
Percussion,-1,56,G#3,78,0.04278080000000273,51.2005962,51.243377
Percussion,-1,70,A#4,79,0.045454599999999346,51.2005962,51.2460508
Percussion,-1,62,D4,88,0.03743319999999528,51.3610242,51.3984574
Percussion,-1,62,D4,88,0.03743319999999528,51.3610242,51.3984574
Percussion,-1,62,D4,80,0.0267379999999946,51.3717194,51.3984574
Percussion,-1,70,A#4,78,0.04278079999999562,51.3610242,51.403805
Percussion,-1,62,D4,56,0.026738000000001705,51.5321474,51.5588854
Percussion,-1,70,A#4,79,0.04278080000000273,51.5214522,51.564233
Percussion,-1,63,D#4,127,0.05882360000000375,51.5214522,51.5802758
Percussion,-1,63,D#4,127,0.05882360000000375,51.5214522,51.5802758
Percussion,-1,64,E4,56,0.026738000000001705,51.6925754,51.719313400000004
Percussion,-1,70,A#4,81,0.04278079999999562,51.6818802,51.724661
Percussion,-1,63,D#4,127,0.050802199999999686,51.6818802,51.7326824
Percussion,-1,63,D#4,127,0.050802199999999686,51.6818802,51.7326824
Percussion,-1,62,D4,55,0.03743320000000239,51.8423082,51.8797414
Percussion,-1,62,D4,55,0.03743320000000239,51.8423082,51.8797414
Percussion,-1,62,D4,56,0.026738000000001705,51.8530034,51.8797414
Percussion,-1,70,A#4,76,0.04812840000000307,51.8423082,51.8904366
Percussion,-1,56,G#3,79,0.050802199999999686,51.8423082,51.8931104
Percussion,-1,70,A#4,54,0.029411799999998323,52.0027362,52.032148
Percussion,-1,62,D4,44,0.03743320000000239,52.0027362,52.0401694
Percussion,-1,62,D4,44,0.03743320000000239,52.0027362,52.0401694
Percussion,-1,62,D4,56,0.026738000000001705,52.0134314,52.0401694
Percussion,-1,62,D4,127,0.03743319999999528,52.163164200000004,52.2005974
Percussion,-1,62,D4,127,0.03743319999999528,52.163164200000004,52.2005974
Percussion,-1,62,D4,80,0.026738000000001705,52.1738594,52.2005974
Percussion,-1,70,A#4,70,0.04278079999999562,52.163164200000004,52.205945
Percussion,-1,61,C#4,52,0.08021399999999801,52.1364262,52.2166402
Percussion,-1,62,D4,55,0.008021400000004064,52.3235922,52.331613600000004
Percussion,-1,62,D4,55,0.008021400000004064,52.3235922,52.331613600000004
Percussion,-1,64,E4,56,0.026738000000001705,52.3342874,52.3610254
Percussion,-1,70,A#4,73,0.04278080000000273,52.3235922,52.366373
Percussion,-1,64,E4,56,0.0267379999999946,52.494715400000004,52.5214534
Percussion,-1,56,G#3,77,0.04278079999999562,52.4840202,52.526801
Percussion,-1,70,A#4,79,0.04812839999999596,52.4840202,52.5321486
Percussion,-1,63,D#4,88,0.12299480000000074,52.4840202,52.607015000000004
Percussion,-1,63,D#4,88,0.12299480000000074,52.4840202,52.607015000000004
Percussion,-1,62,D4,80,0.026738000000001705,52.6551434,52.6818814
Percussion,-1,70,A#4,70,0.04278080000000273,52.6444482,52.687229
Percussion,-1,63,D#4,88,0.050802199999999686,52.6444482,52.6952504
Percussion,-1,63,D#4,88,0.050802199999999686,52.6444482,52.6952504
Percussion,-1,62,D4,56,0.0267379999999946,52.8155714,52.8423094
Percussion,-1,70,A#4,79,0.04812839999999596,52.8048762,52.8530046
Percussion,-1,64,E4,127,0.05614980000000003,52.8048762,52.861026
Percussion,-1,64,E4,127,0.05614980000000003,52.8048762,52.861026
Percussion,-1,64,E4,127,0.03743320000000239,52.9653042,53.0027374
Percussion,-1,64,E4,127,0.03743320000000239,52.9653042,53.0027374
Percussion,-1,64,E4,56,0.026738000000001705,52.9759994,53.0027374
Percussion,-1,70,A#4,77,0.04278080000000273,52.9653042,53.008085
Percussion,-1,62,D4,55,0.03743320000000239,53.1257322,53.163165400000004
Percussion,-1,62,D4,55,0.03743320000000239,53.1257322,53.163165400000004
Percussion,-1,62,D4,56,0.026738000000001705,53.1364274,53.163165400000004
Percussion,-1,56,G#3,72,0.045454599999999346,53.1257322,53.1711868
Percussion,-1,70,A#4,80,0.04812839999999596,53.1257322,53.1738606
Percussion,-1,62,D4,55,0.03743320000000239,53.2861602,53.3235934
Percussion,-1,62,D4,55,0.03743320000000239,53.2861602,53.3235934
Percussion,-1,62,D4,56,0.026738000000001705,53.2968554,53.3235934
Percussion,-1,70,A#4,73,0.04278080000000273,53.2861602,53.328941
Percussion,-1,62,D4,127,0.03743320000000239,53.4465882,53.4840214
Percussion,-1,62,D4,127,0.03743320000000239,53.4465882,53.4840214
Percussion,-1,62,D4,80,0.026738000000001705,53.4572834,53.4840214
Percussion,-1,70,A#4,78,0.04278080000000273,53.4465882,53.489369
Percussion,-1,61,C#4,54,0.08021399999999801,53.422524,53.502738
Percussion,-1,64,E4,127,0.03743319999999528,53.607016200000004,53.6444494
Percussion,-1,64,E4,127,0.03743319999999528,53.607016200000004,53.6444494
Percussion,-1,64,E4,56,0.026738000000001705,53.6177114,53.6444494
Percussion,-1,70,A#4,82,0.04278079999999562,53.607016200000004,53.649797
Percussion,-1,64,E4,127,0.03743320000000239,53.7674442,53.8048774
Percussion,-1,64,E4,127,0.03743320000000239,53.7674442,53.8048774
Percussion,-1,64,E4,56,0.026738000000001705,53.7781394,53.8048774
Percussion,-1,56,G#3,78,0.04278080000000273,53.7674442,53.810225
Percussion,-1,70,A#4,79,0.045454599999999346,53.7674442,53.8128988
Percussion,-1,62,D4,88,0.03743319999999528,53.9278722,53.9653054
Percussion,-1,62,D4,88,0.03743319999999528,53.9278722,53.9653054
Percussion,-1,62,D4,80,0.0267379999999946,53.938567400000004,53.9653054
Percussion,-1,70,A#4,78,0.04278079999999562,53.9278722,53.970653
Percussion,-1,62,D4,56,0.026738000000001705,54.0989954,54.1257334
Percussion,-1,70,A#4,79,0.04278080000000273,54.0883002,54.131081
Percussion,-1,63,D#4,127,0.05882360000000375,54.0883002,54.1471238
Percussion,-1,63,D#4,127,0.05882360000000375,54.0883002,54.1471238
Percussion,-1,64,E4,56,0.0267379999999946,54.2594234,54.2861614
Percussion,-1,70,A#4,81,0.04278079999999562,54.2487282,54.291509
Percussion,-1,63,D#4,127,0.050802199999999686,54.2487282,54.2995304
Percussion,-1,63,D#4,127,0.050802199999999686,54.2487282,54.2995304
Percussion,-1,62,D4,55,0.03743320000000239,54.4091562,54.4465894
Percussion,-1,62,D4,55,0.03743320000000239,54.4091562,54.4465894
Percussion,-1,62,D4,56,0.026738000000001705,54.4198514,54.4465894
Percussion,-1,70,A#4,76,0.04812840000000307,54.4091562,54.4572846
Percussion,-1,56,G#3,79,0.050802199999999686,54.4091562,54.4599584
Percussion,-1,70,A#4,54,0.029411799999998323,54.5695842,54.598996
Percussion,-1,62,D4,44,0.03743320000000239,54.5695842,54.607017400000004
Percussion,-1,62,D4,44,0.03743320000000239,54.5695842,54.607017400000004
Percussion,-1,62,D4,56,0.026738000000001705,54.5802794,54.607017400000004
Percussion,-1,62,D4,127,0.03743319999999528,54.730012200000004,54.7674454
Percussion,-1,62,D4,127,0.03743319999999528,54.730012200000004,54.7674454
Percussion,-1,62,D4,80,0.026738000000001705,54.7407074,54.7674454
Percussion,-1,70,A#4,70,0.04278079999999562,54.730012200000004,54.772793
Percussion,-1,61,C#4,52,0.08021399999999801,54.7032742,54.7834882
Percussion,-1,62,D4,55,0.008021400000004064,54.8904402,54.898461600000005
Percussion,-1,62,D4,55,0.008021400000004064,54.8904402,54.898461600000005
Percussion,-1,64,E4,56,0.026738000000001705,54.9011354,54.9278734
Percussion,-1,70,A#4,73,0.04278080000000273,54.8904402,54.933221
Percussion,-1,64,E4,56,0.0267379999999946,55.061563400000004,55.0883014
Percussion,-1,56,G#3,77,0.04278079999999562,55.050868200000004,55.093649
Percussion,-1,70,A#4,79,0.04812839999999596,55.050868200000004,55.0989966
Percussion,-1,63,D#4,88,0.12299480000000074,55.050868200000004,55.173863000000004
Percussion,-1,63,D#4,88,0.12299480000000074,55.050868200000004,55.173863000000004
Percussion,-1,62,D4,80,0.026738000000001705,55.2219914,55.2487294
Percussion,-1,70,A#4,70,0.04278080000000273,55.2112962,55.254077
Percussion,-1,63,D#4,88,0.050802199999999686,55.2112962,55.2620984
Percussion,-1,63,D#4,88,0.050802199999999686,55.2112962,55.2620984
Percussion,-1,62,D4,56,0.0267379999999946,55.3824194,55.4091574
Percussion,-1,70,A#4,79,0.04812839999999596,55.3717242,55.4198526
Percussion,-1,64,E4,127,0.05614980000000003,55.3717242,55.427874
Percussion,-1,64,E4,127,0.05614980000000003,55.3717242,55.427874
Percussion,-1,64,E4,127,0.03743320000000239,55.5321522,55.5695854
Percussion,-1,64,E4,127,0.03743320000000239,55.5321522,55.5695854
Percussion,-1,64,E4,56,0.026738000000001705,55.5428474,55.5695854
Percussion,-1,70,A#4,77,0.04278080000000273,55.5321522,55.574933
Percussion,-1,62,D4,55,0.03743320000000239,55.6925802,55.730013400000004
Percussion,-1,62,D4,55,0.03743320000000239,55.6925802,55.730013400000004
Percussion,-1,62,D4,56,0.026738000000001705,55.7032754,55.730013400000004
Percussion,-1,56,G#3,72,0.045454599999999346,55.6925802,55.7380348
Percussion,-1,70,A#4,80,0.04812839999999596,55.6925802,55.7407086
Percussion,-1,62,D4,55,0.03743320000000239,55.8530082,55.8904414
Percussion,-1,62,D4,55,0.03743320000000239,55.8530082,55.8904414
Percussion,-1,62,D4,56,0.026738000000001705,55.8637034,55.8904414
Percussion,-1,70,A#4,73,0.04278080000000273,55.8530082,55.895789
Percussion,-1,62,D4,127,0.03743320000000239,56.0134362,56.0508694
Percussion,-1,62,D4,127,0.03743320000000239,56.0134362,56.0508694
Percussion,-1,62,D4,80,0.026738000000001705,56.0241314,56.0508694
Percussion,-1,70,A#4,78,0.04278080000000273,56.0134362,56.056217000000004
Percussion,-1,61,C#4,54,0.08021399999999801,55.989372,56.069586
Percussion,-1,64,E4,127,0.03743319999999528,56.173864200000004,56.2112974
Percussion,-1,64,E4,127,0.03743319999999528,56.173864200000004,56.2112974
Percussion,-1,64,E4,56,0.026738000000001705,56.1845594,56.2112974
Percussion,-1,70,A#4,82,0.04278079999999562,56.173864200000004,56.216645
Percussion,-1,64,E4,127,0.03743320000000239,56.3342922,56.3717254
Percussion,-1,64,E4,127,0.03743320000000239,56.3342922,56.3717254
Percussion,-1,64,E4,56,0.026738000000001705,56.3449874,56.3717254
Percussion,-1,56,G#3,78,0.04278080000000273,56.3342922,56.377073
Percussion,-1,70,A#4,79,0.045454599999999346,56.3342922,56.3797468
Percussion,-1,62,D4,88,0.03743319999999528,56.4947202,56.5321534
Percussion,-1,62,D4,88,0.03743319999999528,56.4947202,56.5321534
Percussion,-1,62,D4,80,0.0267379999999946,56.505415400000004,56.5321534
Percussion,-1,70,A#4,78,0.04278079999999562,56.4947202,56.537501
Percussion,-1,62,D4,56,0.026738000000001705,56.6658434,56.6925814
Percussion,-1,70,A#4,79,0.04278080000000273,56.6551482,56.697929
Percussion,-1,63,D#4,127,0.05882360000000375,56.6551482,56.7139718
Percussion,-1,63,D#4,127,0.05882360000000375,56.6551482,56.7139718
Percussion,-1,64,E4,56,0.0267379999999946,56.8262714,56.8530094
Percussion,-1,70,A#4,81,0.04278079999999562,56.8155762,56.858357
Percussion,-1,63,D#4,127,0.050802199999999686,56.8155762,56.8663784
Percussion,-1,63,D#4,127,0.050802199999999686,56.8155762,56.8663784
Percussion,-1,62,D4,55,0.03743320000000239,56.9760042,57.0134374
Percussion,-1,62,D4,56,0.026738000000001705,56.9866994,57.0134374
Percussion,-1,70,A#4,76,0.04812840000000307,56.9760042,57.0241326
Percussion,-1,56,G#3,79,0.050802199999999686,56.9760042,57.0268064
Percussion,-1,70,A#4,54,0.029411799999998323,57.1364322,57.165844
Percussion,-1,62,D4,44,0.03743320000000239,57.1364322,57.173865400000004
Percussion,-1,62,D4,56,0.026738000000001705,57.1471274,57.173865400000004
Percussion,-1,62,D4,127,0.03743320000000239,57.2968602,57.3342934
Percussion,-1,62,D4,80,0.026738000000001705,57.3075554,57.3342934
Percussion,-1,70,A#4,70,0.04278080000000273,57.2968602,57.339641
Percussion,-1,61,C#4,52,0.08021399999999801,57.2701222,57.3503362
Percussion,-1,62,D4,55,0.005347600000000341,57.4572882,57.4626358
Percussion,-1,64,E4,56,0.026738000000001705,57.4679834,57.4947214
Percussion,-1,70,A#4,73,0.04278080000000273,57.4572882,57.500069
Percussion,-1,35,B1,77,0.10427819999999599,57.454614400000004,57.5588926
Percussion,-1,64,E4,56,0.0267379999999946,57.628411400000005,57.6551494
Percussion,-1,56,G#3,77,0.04278079999999562,57.617716200000004,57.660497
Percussion,-1,70,A#4,79,0.04812839999999596,57.617716200000004,57.6658446
Percussion,-1,63,D#4,88,0.12299480000000074,57.617716200000004,57.740711000000005
Percussion,-1,62,D4,80,0.026738000000001705,57.7888394,57.8155774
Percussion,-1,70,A#4,70,0.04278080000000273,57.7781442,57.820925
Percussion,-1,63,D#4,88,0.050802199999999686,57.7781442,57.8289464
Percussion,-1,62,D4,56,0.0267379999999946,57.949267400000004,57.9760054
Percussion,-1,70,A#4,79,0.04812839999999596,57.9385722,57.9867006
Percussion,-1,64,E4,127,0.05614980000000003,57.9385722,57.994722
Percussion,-1,35,B1,77,0.09358300000000241,57.9358984,58.0294814
Percussion,-1,64,E4,127,0.03743320000000239,58.0990002,58.1364334
Percussion,-1,64,E4,56,0.026738000000001705,58.1096954,58.1364334
Percussion,-1,70,A#4,77,0.04278080000000273,58.0990002,58.141781
Percussion,-1,62,D4,55,0.03743320000000239,58.2594282,58.296861400000004
Percussion,-1,62,D4,56,0.026738000000001705,58.2701234,58.296861400000004
Percussion,-1,56,G#3,72,0.045454599999999346,58.2594282,58.3048828
Percussion,-1,70,A#4,80,0.04812839999999596,58.2594282,58.3075566
Percussion,-1,62,D4,55,0.03743320000000239,58.4198562,58.4572894
Percussion,-1,62,D4,56,0.026738000000001705,58.4305514,58.4572894
Percussion,-1,70,A#4,73,0.04278080000000273,58.4198562,58.462637
Percussion,-1,62,D4,127,0.03743320000000239,58.5802842,58.617717400000004
Percussion,-1,62,D4,80,0.026738000000001705,58.5909794,58.617717400000004
Percussion,-1,70,A#4,78,0.04278080000000273,58.5802842,58.623065000000004
Percussion,-1,61,C#4,54,0.08021399999999801,58.55622,58.636434
Percussion,-1,64,E4,127,0.03743319999999528,58.740712200000004,58.7781454
Percussion,-1,64,E4,56,0.026738000000001705,58.7514074,58.7781454
Percussion,-1,70,A#4,82,0.04278079999999562,58.740712200000004,58.783493
Percussion,-1,35,B1,77,0.1176472000000004,58.7380384,58.8556856
Percussion,-1,64,E4,127,0.03743320000000239,58.9011402,58.9385734
Percussion,-1,64,E4,56,0.026738000000001705,58.9118354,58.9385734
Percussion,-1,56,G#3,78,0.04278080000000273,58.9011402,58.943921
Percussion,-1,70,A#4,79,0.045454599999999346,58.9011402,58.9465948
Percussion,-1,62,D4,88,0.03743319999999528,59.0615682,59.0990014
Percussion,-1,62,D4,80,0.0267379999999946,59.072263400000004,59.0990014
Percussion,-1,70,A#4,78,0.04278079999999562,59.0615682,59.104349
Percussion,-1,62,D4,56,0.026738000000001705,59.2326914,59.2594294
Percussion,-1,70,A#4,79,0.04278080000000273,59.2219962,59.264777
Percussion,-1,63,D#4,127,0.05882360000000375,59.2219962,59.2808198
Percussion,-1,35,B1,77,0.06951879999999733,59.22467,59.2941888
Percussion,-1,64,E4,56,0.0267379999999946,59.3931194,59.4198574
Percussion,-1,70,A#4,81,0.04278079999999562,59.3824242,59.425205
Percussion,-1,63,D#4,127,0.050802199999999686,59.3824242,59.4332264
Percussion,-1,62,D4,55,0.03743320000000239,59.5428522,59.5802854
Percussion,-1,62,D4,56,0.026738000000001705,59.5535474,59.5802854
Percussion,-1,70,A#4,76,0.04812840000000307,59.5428522,59.5909806
Percussion,-1,56,G#3,79,0.050802199999999686,59.5428522,59.5936544
Percussion,-1,70,A#4,54,0.029411799999998323,59.7032802,59.732692
Percussion,-1,62,D4,44,0.03743320000000239,59.7032802,59.740713400000004
Percussion,-1,62,D4,56,0.026738000000001705,59.7139754,59.740713400000004
Percussion,-1,62,D4,127,0.03743320000000239,59.8637082,59.9011414
Percussion,-1,62,D4,80,0.026738000000001705,59.8744034,59.9011414
Percussion,-1,70,A#4,70,0.04278080000000273,59.8637082,59.906489
Percussion,-1,61,C#4,52,0.08021399999999801,59.8369702,59.9171842
Percussion,-1,62,D4,55,0.005347600000000341,60.0241362,60.0294838
Percussion,-1,64,E4,56,0.026738000000001705,60.0348314,60.0615694
Percussion,-1,70,A#4,73,0.04278080000000273,60.0241362,60.066917000000004
Percussion,-1,35,B1,77,0.10427819999999599,60.021462400000004,60.1257406
Percussion,-1,64,E4,56,0.026738000000001705,60.1952594,60.2219974
Percussion,-1,56,G#3,77,0.04278079999999562,60.184564200000004,60.227345
Percussion,-1,70,A#4,79,0.04812839999999596,60.184564200000004,60.2326926
Percussion,-1,63,D#4,88,0.12299479999999363,60.184564200000004,60.307559
Percussion,-1,62,D4,80,0.026738000000001705,60.3556874,60.3824254
Percussion,-1,70,A#4,70,0.04278080000000273,60.3449922,60.387773
Percussion,-1,63,D#4,88,0.050802199999999686,60.3449922,60.3957944
Percussion,-1,62,D4,56,0.0267379999999946,60.516115400000004,60.5428534
Percussion,-1,70,A#4,79,0.04812839999999596,60.5054202,60.5535486
Percussion,-1,64,E4,127,0.05614980000000003,60.5054202,60.56157
Percussion,-1,35,B1,77,0.09358300000000241,60.5027464,60.5963294
Percussion,-1,64,E4,127,0.03743320000000239,60.6658482,60.7032814
Percussion,-1,64,E4,56,0.026738000000001705,60.6765434,60.7032814
Percussion,-1,70,A#4,77,0.04278080000000273,60.6658482,60.708629
Percussion,-1,62,D4,55,0.03743319999999528,60.8262762,60.8637094
Percussion,-1,62,D4,56,0.0267379999999946,60.8369714,60.8637094
Percussion,-1,56,G#3,72,0.045454599999999346,60.8262762,60.8717308
Percussion,-1,70,A#4,80,0.04812839999999596,60.8262762,60.8744046
Percussion,-1,62,D4,55,0.03743320000000239,60.9867042,61.0241374
Percussion,-1,62,D4,56,0.026738000000001705,60.9973994,61.0241374
Percussion,-1,70,A#4,73,0.04278080000000273,60.9867042,61.029485
Percussion,-1,62,D4,127,0.03743320000000239,61.1471322,61.184565400000004
Percussion,-1,62,D4,80,0.026738000000001705,61.1578274,61.184565400000004
Percussion,-1,70,A#4,78,0.04278080000000273,61.1471322,61.189913000000004
Percussion,-1,61,C#4,54,0.08021399999999801,61.123068,61.203282
Percussion,-1,64,E4,127,0.03743319999999528,61.307560200000005,61.3449934
Percussion,-1,64,E4,56,0.026738000000001705,61.3182554,61.3449934
Percussion,-1,70,A#4,82,0.04278079999999562,61.307560200000005,61.350341
Percussion,-1,35,B1,77,0.1176472000000004,61.3048864,61.4225336
Percussion,-1,64,E4,127,0.03743320000000239,61.4679882,61.5054214
Percussion,-1,64,E4,56,0.026738000000001705,61.4786834,61.5054214
Percussion,-1,56,G#3,78,0.04278080000000273,61.4679882,61.510769
Percussion,-1,70,A#4,79,0.045454599999999346,61.4679882,61.5134428
Percussion,-1,62,D4,88,0.03743319999999528,61.628416200000004,61.6658494
Percussion,-1,62,D4,80,0.0267379999999946,61.639111400000004,61.6658494
Percussion,-1,70,A#4,78,0.04278079999999562,61.628416200000004,61.671197
Percussion,-1,62,D4,56,0.026738000000001705,61.7995394,61.8262774
Percussion,-1,70,A#4,79,0.04278080000000273,61.7888442,61.831625
Percussion,-1,63,D#4,127,0.05882360000000375,61.7888442,61.8476678
Percussion,-1,35,B1,77,0.06951879999999733,61.791518,61.8610368
Percussion,-1,64,E4,56,0.0267379999999946,61.959967400000004,61.9867054
Percussion,-1,70,A#4,81,0.04278079999999562,61.9492722,61.992053
Percussion,-1,63,D#4,127,0.050802199999999686,61.9492722,62.0000744
Percussion,-1,62,D4,55,0.03743320000000239,62.1097002,62.1471334
Percussion,-1,62,D4,56,0.026738000000001705,62.1203954,62.1471334
Percussion,-1,70,A#4,76,0.04812840000000307,62.1097002,62.1578286
Percussion,-1,56,G#3,79,0.050802199999999686,62.1097002,62.1605024
Percussion,-1,70,A#4,54,0.029411799999998323,62.2701282,62.29954
Percussion,-1,62,D4,44,0.03743320000000239,62.2701282,62.307561400000004
Percussion,-1,62,D4,56,0.026738000000001705,62.2808234,62.307561400000004
Percussion,-1,62,D4,127,0.03743320000000239,62.4305562,62.4679894
Percussion,-1,62,D4,80,0.026738000000001705,62.4412514,62.4679894
Percussion,-1,70,A#4,70,0.04278080000000273,62.4305562,62.473337
Percussion,-1,61,C#4,52,0.08021399999999801,62.4038182,62.4840322
Percussion,-1,62,D4,55,0.005347600000000341,62.5909842,62.5963318
Percussion,-1,64,E4,56,0.026738000000001705,62.6016794,62.628417400000004
Percussion,-1,70,A#4,73,0.04278080000000273,62.5909842,62.633765000000004
Percussion,-1,35,B1,77,0.10427819999999599,62.588310400000005,62.6925886
Percussion,-1,64,E4,56,0.026738000000001705,62.7621074,62.7888454
Percussion,-1,56,G#3,77,0.04278079999999562,62.751412200000004,62.794193
Percussion,-1,70,A#4,79,0.04812839999999596,62.751412200000004,62.7995406
Percussion,-1,63,D#4,88,0.12299479999999363,62.751412200000004,62.874407
Percussion,-1,62,D4,80,0.026738000000001705,62.9225354,62.9492734
Percussion,-1,70,A#4,70,0.04278080000000273,62.9118402,62.954621
Percussion,-1,63,D#4,88,0.050802199999999686,62.9118402,62.9626424
Percussion,-1,62,D4,56,0.0267379999999946,63.082963400000004,63.1097014
Percussion,-1,70,A#4,79,0.04812839999999596,63.0722682,63.1203966
Percussion,-1,64,E4,127,0.05614980000000003,63.0722682,63.128418
Percussion,-1,35,B1,77,0.09358300000000241,63.0695944,63.1631774
Percussion,-1,64,E4,127,0.03743320000000239,63.2326962,63.2701294
Percussion,-1,64,E4,56,0.026738000000001705,63.2433914,63.2701294
Percussion,-1,70,A#4,77,0.04278080000000273,63.2326962,63.275477
Percussion,-1,62,D4,55,0.03743319999999528,63.3931242,63.4305574
Percussion,-1,62,D4,56,0.0267379999999946,63.4038194,63.4305574
Percussion,-1,56,G#3,72,0.045454599999999346,63.3931242,63.4385788
Percussion,-1,70,A#4,80,0.04812839999999596,63.3931242,63.4412526
Percussion,-1,62,D4,55,0.03743320000000239,63.5535522,63.5909854
Percussion,-1,62,D4,56,0.026738000000001705,63.5642474,63.5909854
Percussion,-1,70,A#4,73,0.04278080000000273,63.5535522,63.596333
Percussion,-1,62,D4,127,0.03743320000000239,63.7139802,63.751413400000004
Percussion,-1,62,D4,80,0.026738000000001705,63.7246754,63.751413400000004
Percussion,-1,70,A#4,78,0.04278080000000273,63.7139802,63.756761000000004
Percussion,-1,61,C#4,54,0.08021399999999801,63.689916000000004,63.77013
Percussion,-1,64,E4,127,0.03743320000000239,63.8744082,63.9118414
Percussion,-1,64,E4,56,0.026738000000001705,63.8851034,63.9118414
Percussion,-1,70,A#4,82,0.04278080000000273,63.8744082,63.917189
Percussion,-1,35,B1,77,0.1176472000000004,63.8717344,63.9893816
Percussion,-1,64,E4,127,0.03743319999999528,64.0348362,64.0722694
Percussion,-1,64,E4,56,0.0267379999999946,64.0455314,64.0722694
Percussion,-1,56,G#3,78,0.04278080000000273,64.0348362,64.077617
Percussion,-1,70,A#4,79,0.045454599999999346,64.0348362,64.0802908
Percussion,-1,62,D4,88,0.03743320000000949,64.1952642,64.2326974
Percussion,-1,62,D4,80,0.02673800000000881,64.2059594,64.2326974
Percussion,-1,70,A#4,78,0.04278080000000273,64.1952642,64.238045
Percussion,-1,62,D4,56,0.0267379999999946,64.36638740000001,64.3931254
Percussion,-1,70,A#4,79,0.04278079999998852,64.35569220000001,64.398473
Percussion,-1,63,D#4,127,0.058823599999996645,64.35569220000001,64.4145158
Percussion,-1,35,B1,77,0.06951879999999733,64.358366,64.4278848
Percussion,-1,64,E4,56,0.0267379999999946,64.5268154,64.5535534
Percussion,-1,70,A#4,81,0.04278080000000273,64.5161202,64.558901
Percussion,-1,63,D#4,127,0.05080219999999258,64.5161202,64.5669224
Percussion,-1,62,D4,55,0.03743319999999528,64.6765482,64.7139814
Percussion,-1,62,D4,56,0.0267379999999946,64.6872434,64.7139814
Percussion,-1,70,A#4,76,0.04812839999999596,64.6765482,64.7246766
Percussion,-1,56,G#3,79,0.05080220000000679,64.6765482,64.7273504
Percussion,-1,70,A#4,54,0.029411800000005428,64.8369762,64.866388
Percussion,-1,62,D4,44,0.03743320000000949,64.8369762,64.8744094
Percussion,-1,62,D4,56,0.02673800000000881,64.8476714,64.8744094
Percussion,-1,62,D4,127,0.03743319999999528,64.9974042,65.0348374
Percussion,-1,62,D4,80,0.0267379999999946,65.0080994,65.0348374
Percussion,-1,70,A#4,70,0.04278080000000273,64.9974042,65.04018500000001
Percussion,-1,61,C#4,52,0.08021399999999801,64.9706662,65.0508802
Percussion,-1,62,D4,55,0.0053475999999932355,65.1578322,65.1631798
Percussion,-1,64,E4,56,0.0267379999999946,65.1685274,65.1952654
Percussion,-1,70,A#4,73,0.04278080000000273,65.1578322,65.200613
Percussion,-1,35,B1,77,0.10427819999999599,65.1551584,65.2594366
Percussion,-1,64,E4,56,0.02673800000000881,65.3289554,65.3556934
Percussion,-1,56,G#3,77,0.04278080000000273,65.3182602,65.361041
Percussion,-1,70,A#4,79,0.048128400000010174,65.3182602,65.36638860000001
Percussion,-1,63,D#4,88,0.12299480000000074,65.3182602,65.441255
Percussion,-1,62,D4,80,0.02673800000000881,65.4893834,65.5161214
Percussion,-1,70,A#4,70,0.04278079999998852,65.47868820000001,65.521469
Percussion,-1,63,D#4,88,0.05080219999999258,65.47868820000001,65.5294904
Percussion,-1,62,D4,56,0.0267379999999946,65.6498114,65.6765494
Percussion,-1,70,A#4,79,0.04812839999999596,65.6391162,65.6872446
Percussion,-1,64,E4,127,0.05614980000000003,65.6391162,65.695266
Percussion,-1,35,B1,77,0.09358299999999531,65.6364424,65.7300254
Percussion,-1,64,E4,127,0.03743319999999528,65.7995442,65.8369774
Percussion,-1,64,E4,56,0.0267379999999946,65.8102394,65.8369774
Percussion,-1,70,A#4,77,0.04278080000000273,65.7995442,65.842325
Percussion,-1,62,D4,55,0.03743320000000949,65.9599722,65.9974054
Percussion,-1,62,D4,56,0.02673800000000881,65.9706674,65.9974054
Percussion,-1,56,G#3,72,0.045454599999999346,65.9599722,66.0054268
Percussion,-1,70,A#4,80,0.048128400000010174,65.9599722,66.0081006
Percussion,-1,62,D4,55,0.03743319999999528,66.1204002,66.1578334
Percussion,-1,62,D4,56,0.0267379999999946,66.1310954,66.1578334
Percussion,-1,70,A#4,73,0.04278079999998852,66.1204002,66.163181
Percussion,-1,62,D4,127,0.03743319999999528,66.2808282,66.3182614
Percussion,-1,62,D4,80,0.0267379999999946,66.2915234,66.3182614
Percussion,-1,70,A#4,78,0.04278080000000273,66.2808282,66.323609
Percussion,-1,61,C#4,54,0.08021399999999801,66.256764,66.336978
Percussion,-1,64,E4,127,0.03743320000000949,66.4412562,66.47868940000001
Percussion,-1,64,E4,56,0.02673800000000881,66.4519514,66.47868940000001
Percussion,-1,70,A#4,82,0.04278080000000273,66.4412562,66.484037
Percussion,-1,35,B1,77,0.11764719999999329,66.4385824,66.5562296
Percussion,-1,64,E4,127,0.03743319999999528,66.60168420000001,66.6391174
Percussion,-1,64,E4,56,0.02673800000000881,66.6123794,66.6391174
Percussion,-1,56,G#3,78,0.04278079999998852,66.60168420000001,66.644465
Percussion,-1,70,A#4,79,0.045454599999999346,66.60168420000001,66.64713880000001
Percussion,-1,62,D4,88,0.03743319999999528,66.7621122,66.7995454
Percussion,-1,62,D4,80,0.0267379999999946,66.7728074,66.7995454
Percussion,-1,70,A#4,78,0.04278080000000273,66.7621122,66.804893
Percussion,-1,62,D4,56,0.0267379999999946,66.9332354,66.9599734
Percussion,-1,70,A#4,79,0.04278080000000273,66.9225402,66.965321
Percussion,-1,63,D#4,127,0.058823599999996645,66.9225402,66.9813638
Percussion,-1,35,B1,77,0.06951879999999733,66.925214,66.9947328
Percussion,-1,64,E4,56,0.02673800000000881,67.0936634,67.1204014
Percussion,-1,70,A#4,81,0.04278080000000273,67.0829682,67.125749
Percussion,-1,63,D#4,127,0.05080220000000679,67.0829682,67.1337704
Percussion,-1,62,D4,55,0.03743319999999528,67.2433962,67.2808294
Percussion,-1,62,D4,56,0.0267379999999946,67.25409140000001,67.2808294
Percussion,-1,70,A#4,76,0.04812839999999596,67.2433962,67.2915246
Percussion,-1,56,G#3,79,0.05080219999999258,67.2433962,67.2941984
Percussion,-1,70,A#4,54,0.029411800000005428,67.4038242,67.43323600000001
Percussion,-1,62,D4,44,0.03743319999999528,67.4038242,67.4412574
Percussion,-1,62,D4,56,0.0267379999999946,67.4145194,67.4412574
Percussion,-1,62,D4,127,0.03743320000000949,67.5642522,67.60168540000001
Percussion,-1,62,D4,80,0.02673800000000881,67.5749474,67.60168540000001
Percussion,-1,70,A#4,70,0.04278080000000273,67.5642522,67.607033
Percussion,-1,61,C#4,52,0.08021399999999801,67.5375142,67.6177282
Percussion,-1,62,D4,55,0.005347600000007446,67.7246802,67.7300278
Percussion,-1,64,E4,56,0.02673800000000881,67.7353754,67.7621134
Percussion,-1,70,A#4,73,0.04278080000000273,67.7246802,67.767461
Percussion,-1,35,B1,77,0.1042782000000102,67.7220064,67.82628460000001
Percussion,-1,64,E4,56,0.0267379999999946,67.8958034,67.9225414
Percussion,-1,56,G#3,77,0.04278080000000273,67.8851082,67.92788900000001
Percussion,-1,70,A#4,79,0.04812839999999596,67.8851082,67.9332366
Percussion,-1,63,D#4,88,0.12299480000000074,67.8851082,68.008103
Percussion,-1,62,D4,80,0.0267379999999946,68.0562314,68.0829694
Percussion,-1,70,A#4,70,0.04278080000000273,68.0455362,68.088317
Percussion,-1,63,D#4,88,0.05080220000000679,68.0455362,68.09633840000001
Percussion,-1,62,D4,56,0.02673800000000881,68.2166594,68.2433974
Percussion,-1,70,A#4,79,0.048128400000010174,68.2059642,68.2540926
Percussion,-1,64,E4,127,0.05614980000000003,68.2059642,68.262114
Percussion,-1,35,B1,77,0.09358299999999531,68.2032904,68.2968734
Percussion,-1,64,E4,127,0.03743319999999528,68.3663922,68.4038254
Percussion,-1,64,E4,56,0.0267379999999946,68.37708740000001,68.4038254
Percussion,-1,70,A#4,77,0.04278079999998852,68.3663922,68.409173
Percussion,-1,62,D4,55,0.03743319999999528,68.5268202,68.5642534
Percussion,-1,62,D4,56,0.0267379999999946,68.5375154,68.5642534
Percussion,-1,56,G#3,72,0.045454599999999346,68.5268202,68.5722748
Percussion,-1,70,A#4,80,0.04812839999999596,68.5268202,68.5749486
Percussion,-1,62,D4,55,0.03743319999999528,68.6872482,68.7246814
Percussion,-1,62,D4,56,0.0267379999999946,68.6979434,68.7246814
Percussion,-1,70,A#4,73,0.04278080000000273,68.6872482,68.730029
Percussion,-1,62,D4,127,0.03743320000000949,68.8476762,68.8851094
Percussion,-1,62,D4,80,0.02673800000000881,68.8583714,68.8851094
Percussion,-1,70,A#4,78,0.04278080000000273,68.8476762,68.890457
Percussion,-1,61,C#4,54,0.08021399999999801,68.823612,68.903826
Percussion,-1,64,E4,127,0.03743319999999528,69.0081042,69.0455374
Percussion,-1,64,E4,56,0.0267379999999946,69.0187994,69.0455374
Percussion,-1,70,A#4,82,0.04278080000000273,69.0081042,69.05088500000001
Percussion,-1,35,B1,77,0.1176472000000075,69.0054304,69.1230776
Percussion,-1,64,E4,127,0.03743319999999528,69.1685322,69.2059654
Percussion,-1,64,E4,56,0.0267379999999946,69.1792274,69.2059654
Percussion,-1,56,G#3,78,0.04278080000000273,69.1685322,69.211313
Percussion,-1,70,A#4,79,0.045454599999999346,69.1685322,69.2139868
Percussion,-1,62,D4,88,0.03743320000000949,69.3289602,69.3663934
Percussion,-1,62,D4,80,0.02673800000000881,69.3396554,69.3663934
Percussion,-1,70,A#4,78,0.04278080000000273,69.3289602,69.371741
Percussion,-1,62,D4,56,0.0267379999999946,69.50008340000001,69.5268214
Percussion,-1,70,A#4,79,0.04278079999998852,69.48938820000001,69.532169
Percussion,-1,63,D#4,127,0.058823599999996645,69.48938820000001,69.5482118
Percussion,-1,35,B1,77,0.06951879999999733,69.492062,69.5615808
Percussion,-1,64,E4,56,0.0267379999999946,69.6605114,69.6872494
Percussion,-1,70,A#4,81,0.04278080000000273,69.6498162,69.692597
Percussion,-1,63,D#4,127,0.05080219999999258,69.6498162,69.7006184
Percussion,-1,62,D4,55,0.03743319999999528,69.8102442,69.8476774
Percussion,-1,62,D4,56,0.0267379999999946,69.8209394,69.8476774
Percussion,-1,70,A#4,76,0.04812839999999596,69.8102442,69.8583726
Percussion,-1,56,G#3,79,0.05080220000000679,69.8102442,69.8610464
Percussion,-1,70,A#4,54,0.029411800000005428,69.9706722,70.000084
Percussion,-1,62,D4,44,0.03743320000000949,69.9706722,70.0081054
Percussion,-1,62,D4,56,0.02673800000000881,69.9813674,70.0081054
Percussion,-1,62,D4,127,0.03743319999999528,70.1311002,70.1685334
Percussion,-1,62,D4,80,0.0267379999999946,70.1417954,70.1685334
Percussion,-1,70,A#4,70,0.04278079999998852,70.1311002,70.173881
Percussion,-1,61,C#4,52,0.08021399999999801,70.1043622,70.1845762
Percussion,-1,62,D4,55,0.0053475999999932355,70.2915282,70.2968758
Percussion,-1,64,E4,56,0.0267379999999946,70.3022234,70.3289614
Percussion,-1,70,A#4,73,0.04278080000000273,70.2915282,70.334309
Percussion,-1,35,B1,77,0.10427819999999599,70.2888544,70.3931326
Percussion,-1,64,E4,56,0.02673800000000881,70.4626514,70.48938940000001
Percussion,-1,56,G#3,77,0.04278080000000273,70.4519562,70.494737
Percussion,-1,70,A#4,79,0.048128400000010174,70.4519562,70.50008460000001
Percussion,-1,63,D#4,88,0.12299480000000074,70.4519562,70.574951
Percussion,-1,62,D4,80,0.02673800000000881,70.6230794,70.6498174
Percussion,-1,70,A#4,70,0.04278079999998852,70.61238420000001,70.655165
Percussion,-1,63,D#4,88,0.05080219999999258,70.61238420000001,70.6631864
Percussion,-1,62,D4,56,0.0267379999999946,70.7835074,70.8102454
Percussion,-1,70,A#4,79,0.04812839999999596,70.7728122,70.8209406
Percussion,-1,64,E4,127,0.05614980000000003,70.7728122,70.828962
Percussion,-1,35,B1,77,0.09358299999999531,70.77013840000001,70.8637214
Percussion,-1,64,E4,127,0.03743319999999528,70.9332402,70.9706734
Percussion,-1,64,E4,56,0.0267379999999946,70.9439354,70.9706734
Percussion,-1,70,A#4,77,0.04278080000000273,70.9332402,70.976021
Percussion,-1,62,D4,55,0.03743320000000949,71.0936682,71.1311014
Percussion,-1,62,D4,56,0.02673800000000881,71.1043634,71.1311014
Percussion,-1,56,G#3,72,0.045454599999999346,71.0936682,71.1391228
Percussion,-1,70,A#4,80,0.048128400000010174,71.0936682,71.1417966
Percussion,-1,62,D4,55,0.03743319999999528,71.2540962,71.2915294
Percussion,-1,62,D4,56,0.0267379999999946,71.26479140000001,71.2915294
Percussion,-1,70,A#4,73,0.04278079999998852,71.2540962,71.296877
Percussion,-1,62,D4,127,0.03743319999999528,71.4145242,71.4519574
Percussion,-1,62,D4,80,0.0267379999999946,71.4252194,71.4519574
Percussion,-1,70,A#4,78,0.04278080000000273,71.4145242,71.457305
Percussion,-1,61,C#4,54,0.08021399999999801,71.39046,71.470674
Percussion,-1,64,E4,127,0.03743320000000949,71.5749522,71.61238540000001
Percussion,-1,64,E4,56,0.02673800000000881,71.5856474,71.61238540000001
Percussion,-1,70,A#4,82,0.04278080000000273,71.5749522,71.617733
Percussion,-1,35,B1,77,0.11764719999999329,71.5722784,71.6899256
Percussion,-1,64,E4,127,0.03743320000000949,71.7353802,71.7728134
Percussion,-1,64,E4,56,0.02673800000000881,71.7460754,71.7728134
Percussion,-1,56,G#3,78,0.04278080000000273,71.7353802,71.778161
Percussion,-1,70,A#4,79,0.045454600000013556,71.7353802,71.78083480000001
Percussion,-1,62,D4,88,0.03743319999999528,71.8958082,71.9332414
Percussion,-1,62,D4,80,0.0267379999999946,71.9065034,71.9332414
Percussion,-1,70,A#4,78,0.04278080000000273,71.8958082,71.93858900000001
Percussion,-1,62,D4,56,0.0267379999999946,72.0669314,72.0936694
Percussion,-1,70,A#4,79,0.04278080000000273,72.0562362,72.099017
Percussion,-1,63,D#4,127,0.058823599999996645,72.0562362,72.1150598
Percussion,-1,35,B1,77,0.06951879999999733,72.05891,72.1284288
Percussion,-1,64,E4,56,0.02673800000000881,72.2273594,72.2540974
Percussion,-1,70,A#4,81,0.04278080000000273,72.2166642,72.259445
Percussion,-1,63,D#4,127,0.05080220000000679,72.2166642,72.2674664
Percussion,-1,62,D4,55,0.03743319999999528,72.3770922,72.4145254
Percussion,-1,62,D4,56,0.0267379999999946,72.38778740000001,72.4145254
Percussion,-1,70,A#4,76,0.04812839999999596,72.3770922,72.4252206
Percussion,-1,56,G#3,79,0.05080219999999258,72.3770922,72.4278944
Percussion,-1,70,A#4,54,0.029411799999991217,72.5375202,72.566932
Percussion,-1,62,D4,44,0.03743319999999528,72.5375202,72.5749534
Percussion,-1,62,D4,56,0.0267379999999946,72.5482154,72.5749534
Percussion,-1,62,D4,127,0.03743319999999528,72.6979482,72.7353814
Percussion,-1,62,D4,80,0.0267379999999946,72.7086434,72.7353814
Percussion,-1,70,A#4,70,0.04278080000000273,72.6979482,72.740729
Percussion,-1,61,C#4,52,0.08021399999999801,72.6712102,72.7514242
Percussion,-1,62,D4,55,0.005347600000007446,72.8583762,72.8637238
Percussion,-1,64,E4,56,0.02673800000000881,72.8690714,72.8958094
Percussion,-1,70,A#4,73,0.04278080000000273,72.8583762,72.901157
Percussion,-1,35,B1,77,0.10427819999999599,72.8557024,72.9599806
Percussion,-1,64,E4,56,0.0267379999999946,73.0294994,73.0562374
Percussion,-1,56,G#3,77,0.04278080000000273,73.0188042,73.06158500000001
Percussion,-1,70,A#4,79,0.04812839999999596,73.0188042,73.0669326
Percussion,-1,63,D#4,88,0.12299480000000074,73.0188042,73.141799
Percussion,-1,62,D4,80,0.0267379999999946,73.1899274,73.2166654
Percussion,-1,70,A#4,70,0.04278080000000273,73.1792322,73.222013
Percussion,-1,63,D#4,88,0.05080220000000679,73.1792322,73.23003440000001
Percussion,-1,62,D4,56,0.02673800000000881,73.3503554,73.3770934
Percussion,-1,70,A#4,79,0.048128400000010174,73.3396602,73.38778860000001
Percussion,-1,64,E4,127,0.05614980000000003,73.3396602,73.39581
Percussion,-1,35,B1,77,0.09358299999999531,73.3369864,73.4305694
Percussion,-1,64,E4,127,0.03743319999999528,73.50008820000001,73.5375214
Percussion,-1,64,E4,56,0.0267379999999946,73.51078340000001,73.5375214
Percussion,-1,70,A#4,77,0.04278079999998852,73.50008820000001,73.542869
Percussion,-1,62,D4,55,0.03743319999999528,73.6605162,73.6979494
Percussion,-1,62,D4,56,0.0267379999999946,73.6712114,73.6979494
Percussion,-1,56,G#3,72,0.045454599999999346,73.6605162,73.7059708
Percussion,-1,70,A#4,80,0.04812839999999596,73.6605162,73.7086446
Percussion,-1,62,D4,55,0.03743319999999528,73.8209442,73.8583774
Percussion,-1,62,D4,56,0.0267379999999946,73.8316394,73.8583774
Percussion,-1,70,A#4,73,0.04278080000000273,73.8209442,73.863725
Percussion,-1,62,D4,127,0.03743320000000949,73.9813722,74.0188054
Percussion,-1,62,D4,80,0.02673800000000881,73.9920674,74.0188054
Percussion,-1,70,A#4,78,0.04278080000000273,73.9813722,74.024153
Percussion,-1,61,C#4,54,0.08021399999999801,73.957308,74.037522
Percussion,-1,64,E4,127,0.03743319999999528,74.1418002,74.1792334
Percussion,-1,64,E4,56,0.0267379999999946,74.1524954,74.1792334
Percussion,-1,70,A#4,82,0.04278079999998852,74.1418002,74.184581
Percussion,-1,35,B1,77,0.1176472000000075,74.1391264,74.2567736
Percussion,-1,64,E4,127,0.03743319999999528,74.3022282,74.3396614
Percussion,-1,64,E4,56,0.0267379999999946,74.3129234,74.3396614
Percussion,-1,56,G#3,78,0.04278080000000273,74.3022282,74.345009
Percussion,-1,70,A#4,79,0.045454599999999346,74.3022282,74.3476828
Percussion,-1,62,D4,88,0.03743320000000949,74.4626562,74.50008940000001
Percussion,-1,62,D4,80,0.02673800000000881,74.4733514,74.50008940000001
Percussion,-1,70,A#4,78,0.04278080000000273,74.4626562,74.505437
Percussion,-1,62,D4,56,0.02673800000000881,74.6337794,74.6605174
Percussion,-1,70,A#4,79,0.04278079999998852,74.62308420000001,74.665865
Percussion,-1,63,D#4,127,0.058823599999996645,74.62308420000001,74.6819078
Percussion,-1,35,B1,77,0.06951879999999733,74.625758,74.6952768
Percussion,-1,64,E4,56,0.0267379999999946,74.7942074,74.8209454
Percussion,-1,70,A#4,81,0.04278080000000273,74.7835122,74.826293
Percussion,-1,63,D#4,127,0.05080219999999258,74.7835122,74.8343144
Percussion,-1,62,D4,55,0.03743319999999528,74.9439402,74.9813734
Percussion,-1,62,D4,56,0.0267379999999946,74.9546354,74.9813734
Percussion,-1,70,A#4,76,0.04812839999999596,74.9439402,74.9920686
Percussion,-1,56,G#3,79,0.05080220000000679,74.9439402,74.9947424
Percussion,-1,70,A#4,54,0.029411800000005428,75.1043682,75.13378
Percussion,-1,62,D4,44,0.03743320000000949,75.1043682,75.1418014
Percussion,-1,62,D4,56,0.02673800000000881,75.1150634,75.1418014
Percussion,-1,62,D4,127,0.03743319999999528,75.2647962,75.3022294
Percussion,-1,62,D4,80,0.0267379999999946,75.2754914,75.3022294
Percussion,-1,70,A#4,70,0.04278079999998852,75.2647962,75.307577
Percussion,-1,61,C#4,52,0.08021399999999801,75.2380582,75.3182722
Percussion,-1,62,D4,55,0.0053475999999932355,75.4252242,75.4305718
Percussion,-1,64,E4,56,0.0267379999999946,75.4359194,75.4626574
Percussion,-1,70,A#4,73,0.04278080000000273,75.4252242,75.468005
Percussion,-1,35,B1,77,0.10427819999999599,75.4225504,75.5268286
Percussion,-1,64,E4,56,0.02673800000000881,75.5963474,75.62308540000001
Percussion,-1,56,G#3,77,0.04278080000000273,75.5856522,75.628433
Percussion,-1,70,A#4,79,0.04812839999999596,75.5856522,75.6337806
Percussion,-1,63,D#4,88,0.12299480000000074,75.5856522,75.708647
Percussion,-1,62,D4,80,0.02673800000000881,75.7567754,75.7835134
Percussion,-1,70,A#4,70,0.04278080000000273,75.7460802,75.788861
Percussion,-1,63,D#4,88,0.05080220000000679,75.7460802,75.7968824
Percussion,-1,62,D4,56,0.0267379999999946,75.9172034,75.9439414
Percussion,-1,70,A#4,79,0.04812839999999596,75.9065082,75.9546366
Percussion,-1,64,E4,127,0.05614980000000003,75.9065082,75.962658
Percussion,-1,35,B1,77,0.09358299999999531,75.90383440000001,75.9974174
Percussion,-1,64,E4,127,0.03743319999999528,76.0669362,76.1043694
Percussion,-1,64,E4,56,0.0267379999999946,76.0776314,76.1043694
Percussion,-1,70,A#4,77,0.04278080000000273,76.0669362,76.109717
Percussion,-1,62,D4,55,0.03743320000000949,76.2273642,76.2647974
Percussion,-1,62,D4,55,0.03743320000000949,76.2273642,76.2647974
Percussion,-1,62,D4,56,0.02673800000000881,76.2380594,76.2647974
Percussion,-1,56,G#3,72,0.045454599999999346,76.2273642,76.2728188
Percussion,-1,70,A#4,80,0.048128400000010174,76.2273642,76.2754926
Percussion,-1,62,D4,55,0.03743319999999528,76.3877922,76.4252254
Percussion,-1,62,D4,55,0.03743319999999528,76.3877922,76.4252254
Percussion,-1,62,D4,56,0.0267379999999946,76.39848740000001,76.4252254
Percussion,-1,70,A#4,73,0.04278079999998852,76.3877922,76.430573
Percussion,-1,62,D4,127,0.03743319999999528,76.5482202,76.5856534
Percussion,-1,62,D4,127,0.03743319999999528,76.5482202,76.5856534
Percussion,-1,62,D4,80,0.0267379999999946,76.5589154,76.5856534
Percussion,-1,70,A#4,78,0.04278080000000273,76.5482202,76.591001
Percussion,-1,61,C#4,54,0.08021399999999801,76.524156,76.60437
Percussion,-1,64,E4,127,0.03743320000000949,76.7086482,76.74608140000001
Percussion,-1,64,E4,127,0.03743320000000949,76.7086482,76.74608140000001
Percussion,-1,64,E4,56,0.02673800000000881,76.7193434,76.74608140000001
Percussion,-1,70,A#4,82,0.04278080000000273,76.7086482,76.751429
Percussion,-1,64,E4,127,0.03743320000000949,76.8690762,76.9065094
Percussion,-1,64,E4,127,0.03743320000000949,76.8690762,76.9065094
Percussion,-1,64,E4,56,0.02673800000000881,76.8797714,76.9065094
Percussion,-1,56,G#3,78,0.04278080000000273,76.8690762,76.911857
Percussion,-1,70,A#4,79,0.045454599999999346,76.8690762,76.9145308
Percussion,-1,62,D4,88,0.03743319999999528,77.0295042,77.0669374
Percussion,-1,62,D4,88,0.03743319999999528,77.0295042,77.0669374
Percussion,-1,62,D4,80,0.0267379999999946,77.0401994,77.0669374
Percussion,-1,70,A#4,78,0.04278080000000273,77.0295042,77.07228500000001
Percussion,-1,62,D4,56,0.0267379999999946,77.2006274,77.2273654
Percussion,-1,70,A#4,79,0.04278080000000273,77.1899322,77.232713
Percussion,-1,63,D#4,127,0.058823599999996645,77.1899322,77.2487558
Percussion,-1,63,D#4,127,0.058823599999996645,77.1899322,77.2487558
Percussion,-1,64,E4,56,0.02673800000000881,77.3610554,77.3877934
Percussion,-1,63,D#4,127,0.04010700000000611,77.3503602,77.3904672
Percussion,-1,63,D#4,127,0.04010700000000611,77.3503602,77.3904672
Percussion,-1,70,A#4,81,0.04278080000000273,77.3503602,77.393141
Percussion,-1,62,D4,55,0.03743319999999528,77.51078820000001,77.5482214
Percussion,-1,62,D4,56,0.0267379999999946,77.52148340000001,77.5482214
Percussion,-1,70,A#4,76,0.04812839999999596,77.51078820000001,77.5589166
Percussion,-1,56,G#3,79,0.05080219999999258,77.51078820000001,77.5615904
Percussion,-1,70,A#4,54,0.029411799999991217,77.6712162,77.700628
Percussion,-1,62,D4,44,0.03743319999999528,77.6712162,77.7086494
Percussion,-1,62,D4,56,0.0267379999999946,77.6819114,77.7086494
Percussion,-1,62,D4,127,0.03743319999999528,77.8316442,77.8690774
Percussion,-1,62,D4,80,0.0267379999999946,77.8423394,77.8690774
Percussion,-1,70,A#4,70,0.04278080000000273,77.8316442,77.874425
Percussion,-1,61,C#4,52,0.08021399999999801,77.8049062,77.8851202
Percussion,-1,62,D4,55,0.008021400000004064,77.9920722,78.0000936
Percussion,-1,64,E4,56,0.02673800000000881,78.0027674,78.0295054
Percussion,-1,70,A#4,73,0.04278080000000273,77.9920722,78.034853
Percussion,-1,35,B1,77,0.10427819999999599,77.9893984,78.0936766
Percussion,-1,64,E4,56,0.0267379999999946,78.1631954,78.1899334
Percussion,-1,56,G#3,77,0.04278080000000273,78.1525002,78.19528100000001
Percussion,-1,70,A#4,79,0.04812839999999596,78.1525002,78.2006286
Percussion,-1,63,D#4,88,0.12299480000000074,78.1525002,78.275495
Percussion,-1,62,D4,80,0.0267379999999946,78.3236234,78.3503614
Percussion,-1,70,A#4,70,0.04278080000000273,78.3129282,78.355709
Percussion,-1,63,D#4,88,0.05080219999999258,78.3129282,78.3637304
Percussion,-1,62,D4,56,0.02673800000000881,78.4840514,78.51078940000001
Percussion,-1,70,A#4,79,0.048128400000010174,78.4733562,78.52148460000001
Percussion,-1,64,E4,127,0.05614980000000003,78.4733562,78.529506
Percussion,-1,35,B1,77,0.09358299999999531,78.4706824,78.5642654
Percussion,-1,64,E4,127,0.03743319999999528,78.63378420000001,78.6712174
Percussion,-1,64,E4,56,0.02673800000000881,78.6444794,78.6712174
Percussion,-1,70,A#4,77,0.04278079999998852,78.63378420000001,78.676565
Percussion,-1,62,D4,55,0.03743319999999528,78.7942122,78.8316454
Percussion,-1,62,D4,56,0.0267379999999946,78.8049074,78.8316454
Percussion,-1,56,G#3,72,0.045454599999999346,78.7942122,78.8396668
Percussion,-1,70,A#4,80,0.04812839999999596,78.7942122,78.8423406
Percussion,-1,62,D4,55,0.03743319999999528,78.9546402,78.9920734
Percussion,-1,62,D4,56,0.0267379999999946,78.9653354,78.9920734
Percussion,-1,70,A#4,73,0.04278080000000273,78.9546402,78.997421
Percussion,-1,62,D4,127,0.03743320000000949,79.1150682,79.1525014
Percussion,-1,62,D4,80,0.02673800000000881,79.1257634,79.1525014
Percussion,-1,70,A#4,78,0.04278080000000273,79.1150682,79.157849
Percussion,-1,61,C#4,54,0.08021399999999801,79.091004,79.171218
Percussion,-1,64,E4,127,0.03743319999999528,79.2754962,79.3129294
Percussion,-1,64,E4,56,0.0267379999999946,79.2861914,79.3129294
Percussion,-1,70,A#4,82,0.04278079999998852,79.2754962,79.318277
Percussion,-1,35,B1,77,0.1176472000000075,79.2728224,79.3904696
Percussion,-1,64,E4,127,0.03743319999999528,79.4359242,79.4733574
Percussion,-1,64,E4,56,0.0267379999999946,79.4466194,79.4733574
Percussion,-1,56,G#3,78,0.04278080000000273,79.4359242,79.478705
Percussion,-1,70,A#4,79,0.045454599999999346,79.4359242,79.4813788
Percussion,-1,62,D4,88,0.03743320000000949,79.5963522,79.63378540000001
Percussion,-1,62,D4,80,0.02673800000000881,79.6070474,79.63378540000001
Percussion,-1,70,A#4,78,0.04278080000000273,79.5963522,79.639133
Percussion,-1,62,D4,56,0.02673800000000881,79.7674754,79.7942134
Percussion,-1,70,A#4,79,0.04278080000000273,79.7567802,79.799561
Percussion,-1,63,D#4,127,0.058823600000010856,79.7567802,79.8156038
Percussion,-1,35,B1,77,0.06951879999999733,79.759454,79.8289728
Percussion,-1,64,E4,56,0.0267379999999946,79.9279034,79.9546414
Percussion,-1,70,A#4,81,0.04278080000000273,79.9172082,79.95998900000001
Percussion,-1,63,D#4,127,0.05080219999999258,79.9172082,79.9680104
Percussion,-1,62,D4,55,0.03743319999999528,80.0776362,80.1150694
Percussion,-1,62,D4,56,0.0267379999999946,80.0883314,80.1150694
Percussion,-1,70,A#4,76,0.04812839999999596,80.0776362,80.1257646
Percussion,-1,56,G#3,79,0.05080220000000679,80.0776362,80.12843840000001
Percussion,-1,70,A#4,54,0.029411800000005428,80.2380642,80.267476
Percussion,-1,62,D4,44,0.03743320000000949,80.2380642,80.2754974
Percussion,-1,62,D4,56,0.02673800000000881,80.2487594,80.2754974
Percussion,-1,62,D4,127,0.03743319999999528,80.3984922,80.4359254
Percussion,-1,62,D4,80,0.0267379999999946,80.40918740000001,80.4359254
Percussion,-1,70,A#4,70,0.04278079999998852,80.3984922,80.441273
Percussion,-1,61,C#4,52,0.08021399999999801,80.3717542,80.4519682
Percussion,-1,62,D4,55,0.008021400000004064,80.5589202,80.5669416
Percussion,-1,64,E4,56,0.0267379999999946,80.5696154,80.5963534
Percussion,-1,70,A#4,73,0.04278080000000273,80.5589202,80.601701
Percussion,-1,35,B1,77,0.10427819999999599,80.5562464,80.6605246
Percussion,-1,64,E4,56,0.02673800000000881,80.7300434,80.75678140000001
Percussion,-1,56,G#3,77,0.04278080000000273,80.7193482,80.762129
Percussion,-1,70,A#4,79,0.04812839999999596,80.7193482,80.7674766
Percussion,-1,63,D#4,88,0.12299480000000074,80.7193482,80.842343
Percussion,-1,62,D4,80,0.02673800000000881,80.8904714,80.9172094
Percussion,-1,70,A#4,70,0.04278080000000273,80.8797762,80.922557
Percussion,-1,63,D#4,88,0.05080220000000679,80.8797762,80.9305784
Percussion,-1,62,D4,56,0.0267379999999946,81.0508994,81.0776374
Percussion,-1,70,A#4,79,0.04812839999999596,81.0402042,81.0883326
Percussion,-1,64,E4,127,0.05614980000000003,81.0402042,81.096354
Percussion,-1,35,B1,77,0.09358299999999531,81.03753040000001,81.1311134
Percussion,-1,64,E4,127,0.03743319999999528,81.2006322,81.2380654
Percussion,-1,64,E4,56,0.0267379999999946,81.2113274,81.2380654
Percussion,-1,70,A#4,77,0.04278080000000273,81.2006322,81.243413
Percussion,-1,62,D4,55,0.03743320000000949,81.3610602,81.3984934
Percussion,-1,62,D4,56,0.02673800000000881,81.3717554,81.3984934
Percussion,-1,56,G#3,72,0.045454599999999346,81.3610602,81.4065148
Percussion,-1,70,A#4,80,0.048128400000010174,81.3610602,81.40918860000001
Percussion,-1,62,D4,55,0.03743319999999528,81.52148820000001,81.5589214
Percussion,-1,62,D4,56,0.0267379999999946,81.53218340000001,81.5589214
Percussion,-1,70,A#4,73,0.04278079999998852,81.52148820000001,81.564269
Percussion,-1,62,D4,127,0.03743319999999528,81.6819162,81.7193494
Percussion,-1,62,D4,80,0.0267379999999946,81.6926114,81.7193494
Percussion,-1,70,A#4,78,0.04278080000000273,81.6819162,81.724697
Percussion,-1,61,C#4,54,0.08021399999999801,81.657852,81.738066
Percussion,-1,64,E4,127,0.03743319999999528,81.8423442,81.8797774
Percussion,-1,64,E4,56,0.0267379999999946,81.8530394,81.8797774
Percussion,-1,70,A#4,82,0.04278080000000273,81.8423442,81.885125
Percussion,-1,35,B1,77,0.11764719999999329,81.8396704,81.9573176
Percussion,-1,64,E4,127,0.03743320000000949,82.0027722,82.0402054
Percussion,-1,64,E4,56,0.02673800000000881,82.0134674,82.0402054
Percussion,-1,56,G#3,78,0.04278080000000273,82.0027722,82.045553
Percussion,-1,70,A#4,79,0.045454599999999346,82.0027722,82.0482268
Percussion,-1,62,D4,88,0.03743319999999528,82.1632002,82.2006334
Percussion,-1,62,D4,80,0.0267379999999946,82.1738954,82.2006334
Percussion,-1,70,A#4,78,0.04278080000000273,82.1632002,82.20598100000001
Percussion,-1,62,D4,56,0.0267379999999946,82.3343234,82.3610614
Percussion,-1,70,A#4,79,0.04278080000000273,82.3236282,82.366409
Percussion,-1,63,D#4,127,0.058823599999996645,82.3236282,82.3824518
Percussion,-1,35,B1,77,0.06951879999999733,82.326302,82.3958208
Percussion,-1,64,E4,56,0.02673800000000881,82.4947514,82.52148940000001
Percussion,-1,70,A#4,81,0.04278080000000273,82.4840562,82.526837
Percussion,-1,63,D#4,127,0.05080220000000679,82.4840562,82.5348584
Percussion,-1,62,D4,55,0.03743319999999528,82.64448420000001,82.6819174
Percussion,-1,62,D4,56,0.02673800000000881,82.6551794,82.6819174
Percussion,-1,70,A#4,76,0.04812839999999596,82.64448420000001,82.6926126
Percussion,-1,56,G#3,79,0.05080219999999258,82.64448420000001,82.6952864
Percussion,-1,70,A#4,54,0.029411799999991217,82.8049122,82.834324
Percussion,-1,62,D4,44,0.03743319999999528,82.8049122,82.8423454
Percussion,-1,62,D4,56,0.0267379999999946,82.8156074,82.8423454
Percussion,-1,62,D4,127,0.03743319999999528,82.9653402,83.0027734
Percussion,-1,62,D4,80,0.0267379999999946,82.9760354,83.0027734
Percussion,-1,70,A#4,70,0.04278080000000273,82.9653402,83.008121
Percussion,-1,61,C#4,52,0.08021399999999801,82.9386022,83.0188162
Percussion,-1,62,D4,55,0.008021400000004064,83.1257682,83.1337896
Percussion,-1,64,E4,56,0.02673800000000881,83.1364634,83.1632014
Percussion,-1,70,A#4,73,0.04278080000000273,83.1257682,83.168549
Percussion,-1,35,B1,77,0.10427819999999599,83.1230944,83.2273726
Percussion,-1,64,E4,56,0.0267379999999946,83.2968914,83.3236294
Percussion,-1,56,G#3,77,0.04278079999998852,83.2861962,83.328977
Percussion,-1,70,A#4,79,0.04812839999999596,83.2861962,83.3343246
Percussion,-1,63,D#4,88,0.12299480000000074,83.2861962,83.409191
Percussion,-1,62,D4,80,0.0267379999999946,83.4573194,83.4840574
Percussion,-1,70,A#4,70,0.04278080000000273,83.4466242,83.489405
Percussion,-1,63,D#4,88,0.05080219999999258,83.4466242,83.4974264
Percussion,-1,62,D4,56,0.02673800000000881,83.6177474,83.64448540000001
Percussion,-1,70,A#4,79,0.048128400000010174,83.6070522,83.65518060000001
Percussion,-1,64,E4,127,0.05614980000000003,83.6070522,83.663202
Percussion,-1,35,B1,77,0.09358299999999531,83.6043784,83.6979614
Percussion,-1,64,E4,127,0.03743319999999528,83.76748020000001,83.8049134
Percussion,-1,64,E4,56,0.02673800000000881,83.7781754,83.8049134
Percussion,-1,70,A#4,77,0.04278079999998852,83.76748020000001,83.810261
Percussion,-1,62,D4,55,0.03743319999999528,83.9279082,83.9653414
Percussion,-1,62,D4,56,0.0267379999999946,83.9386034,83.9653414
Percussion,-1,56,G#3,72,0.045454599999999346,83.9279082,83.9733628
Percussion,-1,70,A#4,80,0.04812839999999596,83.9279082,83.9760366
Percussion,-1,62,D4,55,0.03743319999999528,84.0883362,84.1257694
Percussion,-1,62,D4,56,0.0267379999999946,84.0990314,84.1257694
Percussion,-1,70,A#4,73,0.04278080000000273,84.0883362,84.131117
Percussion,-1,62,D4,127,0.03743320000000949,84.2487642,84.2861974
Percussion,-1,62,D4,80,0.02673800000000881,84.2594594,84.2861974
Percussion,-1,70,A#4,78,0.04278080000000273,84.2487642,84.291545
Percussion,-1,61,C#4,54,0.08021399999999801,84.2247,84.304914
Percussion,-1,64,E4,127,0.03743319999999528,84.4091922,84.4466254
Percussion,-1,64,E4,56,0.0267379999999946,84.41988740000001,84.4466254
Percussion,-1,70,A#4,82,0.04278079999998852,84.4091922,84.451973
Percussion,-1,35,B1,77,0.1176472000000075,84.4065184,84.5241656
Percussion,-1,64,E4,127,0.03743319999999528,84.5696202,84.6070534
Percussion,-1,64,E4,56,0.0267379999999946,84.5803154,84.6070534
Percussion,-1,56,G#3,78,0.04278080000000273,84.5696202,84.612401
Percussion,-1,70,A#4,79,0.045454599999999346,84.5696202,84.6150748
Percussion,-1,62,D4,88,0.03743320000000949,84.7300482,84.76748140000001
Percussion,-1,62,D4,80,0.02673800000000881,84.7407434,84.76748140000001
Percussion,-1,70,A#4,78,0.04278080000000273,84.7300482,84.772829
Percussion,-1,62,D4,56,0.02673800000000881,84.9011714,84.9279094
Percussion,-1,70,A#4,79,0.04278080000000273,84.8904762,84.933257
Percussion,-1,63,D#4,127,0.058823600000010856,84.8904762,84.9492998
Percussion,-1,35,B1,77,0.06951879999999733,84.89315,84.9626688
Percussion,-1,64,E4,56,0.0267379999999946,85.0615994,85.0883374
Percussion,-1,70,A#4,81,0.04278080000000273,85.0509042,85.09368500000001
Percussion,-1,63,D#4,127,0.05080219999999258,85.0509042,85.1017064
Percussion,-1,62,D4,55,0.03743319999999528,85.2113322,85.2487654
Percussion,-1,62,D4,56,0.0267379999999946,85.2220274,85.2487654
Percussion,-1,70,A#4,76,0.04812839999999596,85.2113322,85.2594606
Percussion,-1,56,G#3,79,0.05080220000000679,85.2113322,85.26213440000001
Percussion,-1,70,A#4,54,0.029411800000005428,85.3717602,85.401172
Percussion,-1,62,D4,44,0.03743320000000949,85.3717602,85.4091934
Percussion,-1,62,D4,56,0.02673800000000881,85.3824554,85.4091934
Percussion,-1,62,D4,127,0.03743319999999528,85.53218820000001,85.5696214
Percussion,-1,62,D4,80,0.0267379999999946,85.54288340000001,85.5696214
Percussion,-1,70,A#4,70,0.04278079999998852,85.53218820000001,85.574969
Percussion,-1,61,C#4,52,0.08021399999999801,85.5054502,85.5856642
Percussion,-1,62,D4,55,0.008021400000004064,85.6926162,85.70063760000001
Percussion,-1,64,E4,56,0.0267379999999946,85.7033114,85.7300494
Percussion,-1,70,A#4,73,0.04278080000000273,85.6926162,85.735397
Percussion,-1,35,B1,77,0.10427819999999599,85.6899424,85.7942206
Percussion,-1,64,E4,56,0.0267379999999946,85.8637394,85.8904774
Percussion,-1,56,G#3,77,0.04278080000000273,85.8530442,85.895825
Percussion,-1,70,A#4,79,0.04812839999999596,85.8530442,85.9011726
Percussion,-1,63,D#4,88,0.12299480000000074,85.8530442,85.976039
Percussion,-1,62,D4,80,0.02673800000000881,86.0241674,86.0509054
Percussion,-1,70,A#4,70,0.04278080000000273,86.0134722,86.056253
Percussion,-1,63,D#4,88,0.05080220000000679,86.0134722,86.0642744
Percussion,-1,62,D4,56,0.0267379999999946,86.1845954,86.2113334
Percussion,-1,70,A#4,79,0.04812839999999596,86.1739002,86.2220286
Percussion,-1,64,E4,127,0.05614980000000003,86.1739002,86.23005
Percussion,-1,35,B1,77,0.09358300000000952,86.1712264,86.2648094
Percussion,-1,64,E4,127,0.03743319999999528,86.3343282,86.3717614
Percussion,-1,64,E4,56,0.0267379999999946,86.3450234,86.3717614
Percussion,-1,70,A#4,77,0.04278080000000273,86.3343282,86.377109
Percussion,-1,62,D4,55,0.03743320000000949,86.4947562,86.53218940000001
Percussion,-1,62,D4,56,0.02673800000000881,86.5054514,86.53218940000001
Percussion,-1,56,G#3,72,0.045454599999999346,86.4947562,86.5402108
Percussion,-1,70,A#4,80,0.048128400000010174,86.4947562,86.54288460000001
Percussion,-1,62,D4,55,0.03743319999999528,86.65518420000001,86.6926174
Percussion,-1,62,D4,56,0.0267379999999946,86.66587940000001,86.6926174
Percussion,-1,70,A#4,73,0.04278079999998852,86.65518420000001,86.697965
Percussion,-1,62,D4,127,0.03743319999999528,86.8156122,86.8530454
Percussion,-1,62,D4,80,0.0267379999999946,86.8263074,86.8530454
Percussion,-1,70,A#4,78,0.04278080000000273,86.8156122,86.858393
Percussion,-1,61,C#4,54,0.08021399999999801,86.791548,86.871762
Percussion,-1,64,E4,127,0.03743319999999528,86.9760402,87.0134734
Percussion,-1,64,E4,56,0.0267379999999946,86.9867354,87.0134734
Percussion,-1,70,A#4,82,0.04278080000000273,86.9760402,87.018821
Percussion,-1,35,B1,77,0.11764719999999329,86.9733664,87.0910136
Percussion,-1,64,E4,127,0.03743320000000949,87.1364682,87.1739014
Percussion,-1,64,E4,56,0.02673800000000881,87.1471634,87.1739014
Percussion,-1,56,G#3,78,0.04278080000000273,87.1364682,87.179249
Percussion,-1,70,A#4,79,0.045454599999999346,87.1364682,87.1819228
Percussion,-1,62,D4,88,0.03743319999999528,87.2968962,87.3343294
Percussion,-1,62,D4,80,0.0267379999999946,87.3075914,87.3343294
Percussion,-1,70,A#4,78,0.04278079999998852,87.2968962,87.339677
Percussion,-1,62,D4,56,0.0267379999999946,87.4680194,87.4947574
Percussion,-1,70,A#4,79,0.04278080000000273,87.4573242,87.500105
Percussion,-1,63,D#4,127,0.058823599999996645,87.4573242,87.5161478
Percussion,-1,35,B1,77,0.06951879999999733,87.459998,87.5295168
Percussion,-1,64,E4,56,0.02673800000000881,87.6284474,87.65518540000001
Percussion,-1,70,A#4,81,0.04278080000000273,87.6177522,87.660533
Percussion,-1,63,D#4,127,0.05080220000000679,87.6177522,87.6685544
Percussion,-1,62,D4,55,0.03743319999999528,87.77818020000001,87.8156134
Percussion,-1,62,D4,56,0.02673800000000881,87.7888754,87.8156134
Percussion,-1,70,A#4,76,0.04812839999999596,87.77818020000001,87.8263086
Percussion,-1,56,G#3,79,0.05080219999999258,87.77818020000001,87.8289824
Percussion,-1,70,A#4,54,0.029411799999991217,87.9386082,87.96802
Percussion,-1,62,D4,44,0.03743319999999528,87.9386082,87.9760414
Percussion,-1,62,D4,56,0.0267379999999946,87.9493034,87.9760414
Percussion,-1,62,D4,127,0.03743319999999528,88.0990362,88.1364694
Percussion,-1,62,D4,80,0.0267379999999946,88.1097314,88.1364694
Percussion,-1,70,A#4,70,0.04278080000000273,88.0990362,88.141817
Percussion,-1,61,C#4,52,0.08021399999999801,88.0722982,88.1525122
Percussion,-1,62,D4,55,0.008021400000004064,88.2594642,88.2674856
Percussion,-1,64,E4,56,0.02673800000000881,88.2701594,88.2968974
Percussion,-1,70,A#4,73,0.04278080000000273,88.2594642,88.302245
Percussion,-1,35,B1,77,0.10427819999999599,88.2567904,88.3610686
Percussion,-1,64,E4,56,0.0267379999999946,88.43058740000001,88.4573254
Percussion,-1,56,G#3,77,0.04278079999998852,88.4198922,88.462673
Percussion,-1,70,A#4,79,0.04812839999999596,88.4198922,88.4680206
Percussion,-1,63,D#4,88,0.12299480000000074,88.4198922,88.54288700000001
Percussion,-1,62,D4,80,0.0267379999999946,88.5910154,88.6177534
Percussion,-1,70,A#4,70,0.04278080000000273,88.5803202,88.623101
Percussion,-1,63,D#4,88,0.05080219999999258,88.5803202,88.6311224
Percussion,-1,62,D4,56,0.02673800000000881,88.7514434,88.77818140000001
Percussion,-1,70,A#4,79,0.04812839999999596,88.7407482,88.7888766
Percussion,-1,64,E4,127,0.05614980000000003,88.7407482,88.796898
Percussion,-1,35,B1,77,0.09358299999999531,88.7380744,88.8316574
Percussion,-1,64,E4,127,0.03743320000000949,88.9011762,88.9386094
Percussion,-1,64,E4,56,0.02673800000000881,88.9118714,88.9386094
Percussion,-1,70,A#4,77,0.04278080000000273,88.9011762,88.943957
Percussion,-1,62,D4,55,0.03743319999999528,89.0616042,89.0990374
Percussion,-1,62,D4,56,0.0267379999999946,89.0722994,89.0990374
Percussion,-1,56,G#3,72,0.045454599999999346,89.0616042,89.1070588
Percussion,-1,70,A#4,80,0.04812839999999596,89.0616042,89.1097326
Percussion,-1,62,D4,55,0.03743319999999528,89.2220322,89.2594654
Percussion,-1,62,D4,56,0.0267379999999946,89.2327274,89.2594654
Percussion,-1,70,A#4,73,0.04278080000000273,89.2220322,89.264813
Percussion,-1,62,D4,127,0.03743320000000949,89.3824602,89.4198934
Percussion,-1,62,D4,80,0.02673800000000881,89.3931554,89.4198934
Percussion,-1,70,A#4,78,0.04278080000000273,89.3824602,89.425241
Percussion,-1,61,C#4,54,0.08021399999999801,89.358396,89.43861
Percussion,-1,64,E4,127,0.03743319999999528,89.54288820000001,89.5803214
Percussion,-1,64,E4,56,0.0267379999999946,89.55358340000001,89.5803214
Percussion,-1,70,A#4,82,0.04278079999998852,89.54288820000001,89.585669
Percussion,-1,35,B1,77,0.1176472000000075,89.5402144,89.6578616
Percussion,-1,64,E4,127,0.03743319999999528,89.7033162,89.7407494
Percussion,-1,64,E4,56,0.0267379999999946,89.7140114,89.7407494
Percussion,-1,56,G#3,78,0.04278080000000273,89.7033162,89.746097
Percussion,-1,70,A#4,79,0.045454599999999346,89.7033162,89.7487708
Percussion,-1,62,D4,88,0.03743319999999528,89.8637442,89.9011774
Percussion,-1,62,D4,80,0.0267379999999946,89.8744394,89.9011774
Percussion,-1,70,A#4,78,0.04278080000000273,89.8637442,89.906525
Percussion,-1,62,D4,56,0.02673800000000881,90.0348674,90.0616054
Percussion,-1,70,A#4,79,0.04278080000000273,90.0241722,90.066953
Percussion,-1,63,D#4,127,0.058823600000010856,90.0241722,90.0829958
Percussion,-1,35,B1,77,0.06951879999999733,90.026846,90.0963648
Percussion,-1,64,E4,56,0.0267379999999946,90.1952954,90.2220334
Percussion,-1,70,A#4,81,0.04278080000000273,90.1846002,90.22738100000001
Percussion,-1,63,D#4,127,0.05080219999999258,90.1846002,90.2354024
Percussion,-1,62,D4,55,0.03743319999999528,90.3450282,90.3824614
Percussion,-1,62,D4,56,0.0267379999999946,90.3557234,90.3824614
Percussion,-1,70,A#4,76,0.04812839999999596,90.3450282,90.3931566
Percussion,-1,56,G#3,79,0.05080220000000679,90.3450282,90.39583040000001
Percussion,-1,70,A#4,54,0.029411800000005428,90.5054562,90.534868
Percussion,-1,62,D4,44,0.03743320000000949,90.5054562,90.5428894
Percussion,-1,62,D4,56,0.02673800000000881,90.5161514,90.5428894
Percussion,-1,62,D4,127,0.03743319999999528,90.66588420000001,90.7033174
Percussion,-1,62,D4,80,0.0267379999999946,90.67657940000001,90.7033174
Percussion,-1,70,A#4,70,0.04278079999998852,90.66588420000001,90.708665
Percussion,-1,61,C#4,52,0.08021399999999801,90.6391462,90.7193602
Percussion,-1,62,D4,55,0.008021400000004064,90.8263122,90.83433360000001
Percussion,-1,64,E4,56,0.0267379999999946,90.8370074,90.8637454
Percussion,-1,70,A#4,73,0.04278080000000273,90.8263122,90.869093
Percussion,-1,35,B1,77,0.10427819999999599,90.82363840000001,90.9279166
Percussion,-1,64,E4,56,0.0267379999999946,90.9974354,91.0241734
Percussion,-1,56,G#3,77,0.04278080000000273,90.9867402,91.029521
Percussion,-1,70,A#4,79,0.04812839999999596,90.9867402,91.0348686
Percussion,-1,63,D#4,88,0.12299480000000074,90.9867402,91.109735
Percussion,-1,62,D4,80,0.02673800000000881,91.1578634,91.1846014
Percussion,-1,70,A#4,70,0.04278080000000273,91.1471682,91.189949
Percussion,-1,63,D#4,88,0.05080220000000679,91.1471682,91.1979704
Percussion,-1,62,D4,56,0.0267379999999946,91.3182914,91.3450294
Percussion,-1,70,A#4,79,0.04812839999999596,91.3075962,91.3557246
Percussion,-1,64,E4,127,0.05614980000000003,91.3075962,91.363746
Percussion,-1,35,B1,77,0.09358300000000952,91.3049224,91.3985054
Percussion,-1,64,E4,127,0.03743319999999528,91.4680242,91.5054574
Percussion,-1,64,E4,56,0.0267379999999946,91.4787194,91.5054574
Percussion,-1,70,A#4,77,0.04278080000000273,91.4680242,91.510805
Percussion,-1,62,D4,55,0.03743320000000949,91.6284522,91.66588540000001
Percussion,-1,62,D4,56,0.02673800000000881,91.6391474,91.66588540000001
Percussion,-1,56,G#3,72,0.045454599999999346,91.6284522,91.6739068
Percussion,-1,70,A#4,80,0.048128400000010174,91.6284522,91.67658060000001
Percussion,-1,62,D4,55,0.03743319999999528,91.78888020000001,91.8263134
Percussion,-1,62,D4,56,0.02673800000000881,91.7995754,91.8263134
Percussion,-1,70,A#4,73,0.04278079999998852,91.78888020000001,91.831661
Percussion,-1,62,D4,127,0.03743319999999528,91.9493082,91.9867414
Percussion,-1,62,D4,80,0.0267379999999946,91.9600034,91.9867414
Percussion,-1,70,A#4,78,0.04278080000000273,91.9493082,91.992089
Percussion,-1,61,C#4,54,0.08021399999999801,91.925244,92.005458
Percussion,-1,64,E4,127,0.03743319999999528,92.1097362,92.1471694
Percussion,-1,64,E4,56,0.0267379999999946,92.1204314,92.1471694
Percussion,-1,70,A#4,82,0.04278080000000273,92.1097362,92.152517
Percussion,-1,35,B1,77,0.11764719999999329,92.1070624,92.2247096
Percussion,-1,64,E4,127,0.03743320000000949,92.2701642,92.3075974
Percussion,-1,64,E4,56,0.02673800000000881,92.2808594,92.3075974
Percussion,-1,56,G#3,78,0.04278080000000273,92.2701642,92.312945
Percussion,-1,70,A#4,79,0.045454599999999346,92.2701642,92.3156188
Percussion,-1,62,D4,88,0.03743319999999528,92.4305922,92.4680254
Percussion,-1,62,D4,80,0.0267379999999946,92.44128740000001,92.4680254
Percussion,-1,70,A#4,78,0.04278079999998852,92.4305922,92.473373
Percussion,-1,62,D4,56,0.0267379999999946,92.6017154,92.6284534
Percussion,-1,70,A#4,79,0.04278080000000273,92.5910202,92.633801
Percussion,-1,63,D#4,127,0.058823599999996645,92.5910202,92.6498438
Percussion,-1,35,B1,77,0.06951879999999733,92.593694,92.6632128
Percussion,-1,64,E4,56,0.02673800000000881,92.7621434,92.78888140000001
Percussion,-1,70,A#4,81,0.04278080000000273,92.7514482,92.794229
Percussion,-1,63,D#4,127,0.05080220000000679,92.7514482,92.8022504
Percussion,-1,62,D4,55,0.03743320000000949,92.9118762,92.9493094
Percussion,-1,62,D4,56,0.02673800000000881,92.9225714,92.9493094
Percussion,-1,70,A#4,76,0.048128400000010174,92.9118762,92.9600046
Percussion,-1,56,G#3,79,0.05080220000000679,92.9118762,92.9626784
Percussion,-1,70,A#4,54,0.029411799999991217,93.0723042,93.101716
Percussion,-1,62,D4,44,0.03743319999999528,93.0723042,93.1097374
Percussion,-1,62,D4,56,0.0267379999999946,93.0829994,93.1097374
Percussion,-1,62,D4,127,0.03743319999999528,93.2327322,93.2701654
Percussion,-1,62,D4,80,0.0267379999999946,93.2434274,93.2701654
Percussion,-1,70,A#4,70,0.04278080000000273,93.2327322,93.275513
Percussion,-1,61,C#4,52,0.08021399999999801,93.2059942,93.2862082
Percussion,-1,62,D4,55,0.008021400000004064,93.3931602,93.4011816
Percussion,-1,64,E4,56,0.02673800000000881,93.4038554,93.4305934
Percussion,-1,70,A#4,73,0.04278080000000273,93.3931602,93.435941
Percussion,-1,35,B1,77,0.10427819999999599,93.3904864,93.4947646
Percussion,-1,64,E4,56,0.0267379999999946,93.56428340000001,93.5910214
Percussion,-1,56,G#3,77,0.04278079999998852,93.55358820000001,93.596369
Percussion,-1,70,A#4,79,0.04812839999999596,93.55358820000001,93.6017166
Percussion,-1,63,D#4,88,0.12299480000000074,93.55358820000001,93.67658300000001
Percussion,-1,62,D4,80,0.0267379999999946,93.7247114,93.7514494
Percussion,-1,70,A#4,70,0.04278080000000273,93.7140162,93.756797
Percussion,-1,63,D#4,88,0.05080219999999258,93.7140162,93.7648184
Percussion,-1,62,D4,56,0.02673800000000881,93.8851394,93.91187740000001
Percussion,-1,70,A#4,79,0.04812839999999596,93.8744442,93.9225726
Percussion,-1,64,E4,127,0.05614980000000003,93.8744442,93.930594
Percussion,-1,35,B1,77,0.09358299999999531,93.8717704,93.9653534
Percussion,-1,64,E4,127,0.03743320000000949,94.0348722,94.0723054
Percussion,-1,64,E4,56,0.02673800000000881,94.0455674,94.0723054
Percussion,-1,70,A#4,77,0.04278080000000273,94.0348722,94.077653
Percussion,-1,62,D4,55,0.03743319999999528,94.1953002,94.2327334
Percussion,-1,62,D4,56,0.0267379999999946,94.2059954,94.2327334
Percussion,-1,56,G#3,72,0.045454599999999346,94.1953002,94.2407548
Percussion,-1,70,A#4,80,0.04812839999999596,94.1953002,94.2434286
Percussion,-1,62,D4,55,0.03743319999999528,94.3557282,94.3931614
Percussion,-1,62,D4,56,0.0267379999999946,94.3664234,94.3931614
Percussion,-1,70,A#4,73,0.04278080000000273,94.3557282,94.398509
Percussion,-1,62,D4,127,0.03743320000000949,94.5161562,94.5535894
Percussion,-1,62,D4,80,0.02673800000000881,94.5268514,94.5535894
Percussion,-1,70,A#4,78,0.04278080000000273,94.5161562,94.558937
Percussion,-1,61,C#4,54,0.08021399999999801,94.492092,94.572306
Percussion,-1,64,E4,127,0.03743319999999528,94.67658420000001,94.7140174
Percussion,-1,64,E4,56,0.0267379999999946,94.68727940000001,94.7140174
Percussion,-1,70,A#4,82,0.04278079999998852,94.67658420000001,94.719365
Percussion,-1,35,B1,77,0.1176472000000075,94.6739104,94.7915576
Percussion,-1,64,E4,127,0.03743319999999528,94.8370122,94.8744454
Percussion,-1,64,E4,56,0.0267379999999946,94.8477074,94.8744454
Percussion,-1,56,G#3,78,0.04278080000000273,94.8370122,94.879793
Percussion,-1,70,A#4,79,0.045454599999999346,94.8370122,94.8824668
Percussion,-1,62,D4,88,0.03743319999999528,94.9974402,95.0348734
Percussion,-1,62,D4,80,0.0267379999999946,95.0081354,95.0348734
Percussion,-1,70,A#4,78,0.04278080000000273,94.9974402,95.040221
Percussion,-1,62,D4,56,0.02673800000000881,95.1685634,95.1953014
Percussion,-1,70,A#4,79,0.04278080000000273,95.1578682,95.200649
Percussion,-1,63,D#4,127,0.058823600000010856,95.1578682,95.2166918
Percussion,-1,35,B1,77,0.06951879999999733,95.160542,95.2300608
Percussion,-1,64,E4,56,0.0267379999999946,95.3289914,95.3557294
Percussion,-1,70,A#4,81,0.04278080000000273,95.3182962,95.36107700000001
Percussion,-1,63,D#4,127,0.05080219999999258,95.3182962,95.3690984
Percussion,-1,62,D4,55,0.03743319999999528,95.4787242,95.5161574
Percussion,-1,62,D4,56,0.0267379999999946,95.4894194,95.5161574
Percussion,-1,70,A#4,76,0.04812839999999596,95.4787242,95.5268526
Percussion,-1,56,G#3,79,0.05080219999999258,95.4787242,95.5295264
Percussion,-1,70,A#4,54,0.029411800000005428,95.6391522,95.668564
Percussion,-1,62,D4,44,0.03743320000000949,95.6391522,95.67658540000001
Percussion,-1,62,D4,56,0.02673800000000881,95.6498474,95.67658540000001
Percussion,-1,62,D4,127,0.03743319999999528,95.79958020000001,95.8370134
Percussion,-1,62,D4,80,0.02673800000000881,95.8102754,95.8370134
Percussion,-1,70,A#4,70,0.04278079999998852,95.79958020000001,95.842361
Percussion,-1,61,C#4,52,0.08021399999999801,95.7728422,95.8530562
Percussion,-1,62,D4,55,0.008021400000004064,95.9600082,95.96802960000001
Percussion,-1,64,E4,56,0.0267379999999946,95.9707034,95.9974414
Percussion,-1,70,A#4,73,0.04278080000000273,95.9600082,96.002789
Percussion,-1,35,B1,77,0.10427819999999599,95.95733440000001,96.0616126
Percussion,-1,64,E4,56,0.0267379999999946,96.1311314,96.1578694
Percussion,-1,56,G#3,77,0.04278080000000273,96.1204362,96.163217
Percussion,-1,70,A#4,79,0.04812839999999596,96.1204362,96.1685646
Percussion,-1,63,D#4,88,0.12299480000000074,96.1204362,96.243431
Percussion,-1,62,D4,80,0.02673800000000881,96.2915594,96.3182974
Percussion,-1,70,A#4,70,0.04278080000000273,96.2808642,96.323645
Percussion,-1,63,D#4,88,0.05080220000000679,96.2808642,96.3316664
Percussion,-1,62,D4,56,0.0267379999999946,96.45198740000001,96.4787254
Percussion,-1,70,A#4,79,0.04812839999999596,96.4412922,96.4894206
Percussion,-1,64,E4,127,0.05614980000000003,96.4412922,96.497442
Percussion,-1,35,B1,77,0.09358300000000952,96.4386184,96.5322014
Percussion,-1,64,E4,127,0.03743319999999528,96.6017202,96.6391534
Percussion,-1,64,E4,56,0.0267379999999946,96.6124154,96.6391534
Percussion,-1,70,A#4,77,0.04278080000000273,96.6017202,96.644501
Percussion,-1,62,D4,55,0.03743320000000949,96.7621482,96.79958140000001
Percussion,-1,62,D4,56,0.02673800000000881,96.7728434,96.79958140000001
Percussion,-1,56,G#3,72,0.045454599999999346,96.7621482,96.8076028
Percussion,-1,70,A#4,80,0.048128400000010174,96.7621482,96.81027660000001
Percussion,-1,62,D4,55,0.03743319999999528,96.92257620000001,96.9600094
Percussion,-1,62,D4,56,0.02673800000000881,96.9332714,96.9600094
Percussion,-1,70,A#4,73,0.04278079999998852,96.92257620000001,96.965357
Percussion,-1,62,D4,127,0.03743319999999528,97.0830042,97.1204374
Percussion,-1,62,D4,80,0.0267379999999946,97.0936994,97.1204374
Percussion,-1,70,A#4,78,0.04278080000000273,97.0830042,97.12578500000001
Percussion,-1,61,C#4,54,0.08021399999999801,97.05894,97.139154
Percussion,-1,64,E4,127,0.03743319999999528,97.2434322,97.2808654
Percussion,-1,64,E4,56,0.0267379999999946,97.2541274,97.2808654
Percussion,-1,70,A#4,82,0.04278080000000273,97.2434322,97.286213
Percussion,-1,35,B1,77,0.11764719999999329,97.2407584,97.3584056
Percussion,-1,64,E4,127,0.03743320000000949,97.4038602,97.4412934
Percussion,-1,64,E4,56,0.02673800000000881,97.4145554,97.4412934
Percussion,-1,56,G#3,78,0.04278080000000273,97.4038602,97.446641
Percussion,-1,70,A#4,79,0.045454599999999346,97.4038602,97.4493148
Percussion,-1,62,D4,88,0.03743319999999528,97.56428820000001,97.6017214
Percussion,-1,62,D4,80,0.0267379999999946,97.57498340000001,97.6017214
Percussion,-1,70,A#4,78,0.04278079999998852,97.56428820000001,97.607069
Percussion,-1,62,D4,56,0.0267379999999946,97.7354114,97.7621494
Percussion,-1,70,A#4,79,0.04278080000000273,97.7247162,97.767497
Percussion,-1,63,D#4,127,0.058823599999996645,97.7247162,97.7835398
Percussion,-1,35,B1,77,0.06951879999999733,97.72739,97.7969088
Percussion,-1,64,E4,56,0.02673800000000881,97.8958394,97.92257740000001
Percussion,-1,70,A#4,81,0.04278080000000273,97.8851442,97.927925
Percussion,-1,63,D#4,127,0.05080220000000679,97.8851442,97.9359464
Percussion,-1,62,D4,55,0.03743320000000949,98.0455722,98.0830054
Percussion,-1,62,D4,56,0.02673800000000881,98.0562674,98.0830054
Percussion,-1,70,A#4,76,0.048128400000010174,98.0455722,98.0937006
Percussion,-1,56,G#3,79,0.05080220000000679,98.0455722,98.0963744
Percussion,-1,70,A#4,54,0.029411799999991217,98.2060002,98.235412
Percussion,-1,62,D4,44,0.03743319999999528,98.2060002,98.2434334
Percussion,-1,62,D4,56,0.0267379999999946,98.2166954,98.2434334
Percussion,-1,62,D4,127,0.03743319999999528,98.3664282,98.4038614
Percussion,-1,62,D4,80,0.0267379999999946,98.3771234,98.4038614
Percussion,-1,70,A#4,70,0.04278080000000273,98.3664282,98.409209
Percussion,-1,61,C#4,52,0.08021399999999801,98.3396902,98.4199042
Percussion,-1,62,D4,55,0.008021400000004064,98.5268562,98.5348776
Percussion,-1,64,E4,56,0.02673800000000881,98.5375514,98.5642894
Percussion,-1,70,A#4,73,0.04278080000000273,98.5268562,98.569637
Percussion,-1,35,B1,77,0.10427819999999599,98.5241824,98.6284606
Percussion,-1,64,E4,56,0.0267379999999946,98.69797940000001,98.7247174
Percussion,-1,56,G#3,77,0.04278079999998852,98.68728420000001,98.730065
Percussion,-1,70,A#4,79,0.04812839999999596,98.68728420000001,98.7354126
Percussion,-1,63,D#4,88,0.12299480000000074,98.68728420000001,98.81027900000001
Percussion,-1,62,D4,80,0.0267379999999946,98.8584074,98.8851454
Percussion,-1,70,A#4,70,0.04278080000000273,98.8477122,98.890493
Percussion,-1,63,D#4,88,0.05080219999999258,98.8477122,98.8985144
Percussion,-1,62,D4,56,0.0267379999999946,99.0188354,99.0455734
Percussion,-1,70,A#4,79,0.04812839999999596,99.0081402,99.0562686
Percussion,-1,64,E4,127,0.05614980000000003,99.0081402,99.06429
Percussion,-1,35,B1,77,0.09358299999999531,99.0054664,99.0990494
Percussion,-1,64,E4,127,0.03743320000000949,99.1685682,99.2060014
Percussion,-1,64,E4,56,0.02673800000000881,99.1792634,99.2060014
Percussion,-1,70,A#4,77,0.04278080000000273,99.1685682,99.211349
Percussion,-1,62,D4,55,0.03743319999999528,99.3289962,99.3664294
Percussion,-1,62,D4,56,0.0267379999999946,99.3396914,99.3664294
Percussion,-1,56,G#3,72,0.045454599999999346,99.3289962,99.3744508
Percussion,-1,70,A#4,80,0.04812839999999596,99.3289962,99.3771246
Percussion,-1,62,D4,55,0.03743319999999528,99.4894242,99.5268574
Percussion,-1,62,D4,56,0.0267379999999946,99.5001194,99.5268574
Percussion,-1,70,A#4,73,0.04278080000000273,99.4894242,99.532205
Percussion,-1,62,D4,127,0.03743320000000949,99.6498522,99.68728540000001
Percussion,-1,62,D4,80,0.02673800000000881,99.6605474,99.68728540000001
Percussion,-1,70,A#4,78,0.04278080000000273,99.6498522,99.692633
Percussion,-1,61,C#4,54,0.08021399999999801,99.625788,99.706002
Percussion,-1,64,E4,127,0.03743319999999528,99.81028020000001,99.8477134
Percussion,-1,64,E4,56,0.0267379999999946,99.82097540000001,99.8477134
Percussion,-1,70,A#4,82,0.04278079999998852,99.81028020000001,99.853061
Percussion,-1,35,B1,77,0.1176472000000075,99.8076064,99.9252536
Percussion,-1,64,E4,127,0.03743319999999528,99.9707082,100.0081414
Percussion,-1,64,E4,56,0.0267379999999946,99.9814034,100.0081414
Percussion,-1,56,G#3,78,0.04278080000000273,99.9707082,100.013489
Percussion,-1,70,A#4,79,0.045454599999999346,99.9707082,100.0161628
Percussion,-1,62,D4,88,0.03743319999999528,100.1311362,100.1685694
Percussion,-1,62,D4,80,0.0267379999999946,100.1418314,100.1685694
Percussion,-1,70,A#4,78,0.04278080000000273,100.1311362,100.173917
Percussion,-1,62,D4,56,0.02673800000000881,100.3022594,100.3289974
Percussion,-1,70,A#4,79,0.04278080000000273,100.2915642,100.334345
Percussion,-1,63,D#4,127,0.058823600000010856,100.2915642,100.35038780000001
Percussion,-1,35,B1,77,0.06951879999999733,100.294238,100.3637568
Percussion,-1,64,E4,56,0.0267379999999946,100.46268740000001,100.4894254
Percussion,-1,70,A#4,81,0.04278079999998852,100.4519922,100.494773
Percussion,-1,63,D#4,127,0.05080219999999258,100.4519922,100.5027944
Percussion,-1,62,D4,55,0.03743319999999528,100.6124202,100.6498534
Percussion,-1,62,D4,56,0.0267379999999946,100.6231154,100.6498534
Percussion,-1,70,A#4,76,0.04812839999999596,100.6124202,100.6605486
Percussion,-1,56,G#3,79,0.05080219999999258,100.6124202,100.6632224
Percussion,-1,70,A#4,54,0.029411800000005428,100.7728482,100.80226
Percussion,-1,62,D4,44,0.03743320000000949,100.7728482,100.81028140000001
Percussion,-1,62,D4,56,0.02673800000000881,100.7835434,100.81028140000001
Percussion,-1,62,D4,127,0.03743319999999528,100.93327620000001,100.9707094
Percussion,-1,62,D4,80,0.02673800000000881,100.9439714,100.9707094
Percussion,-1,70,A#4,70,0.04278079999998852,100.93327620000001,100.976057
Percussion,-1,61,C#4,52,0.08021399999999801,100.9065382,100.9867522
Percussion,-1,62,D4,55,0.008021400000004064,101.0937042,101.10172560000001
Percussion,-1,64,E4,56,0.0267379999999946,101.1043994,101.1311374
Percussion,-1,70,A#4,73,0.04278080000000273,101.0937042,101.13648500000001
Percussion,-1,35,B1,77,0.10427819999999599,101.09103040000001,101.1953086
Percussion,-1,64,E4,56,0.0267379999999946,101.2648274,101.2915654
Percussion,-1,56,G#3,77,0.04278080000000273,101.2541322,101.296913
Percussion,-1,70,A#4,79,0.04812839999999596,101.2541322,101.3022606
Percussion,-1,63,D#4,88,0.12299480000000074,101.2541322,101.377127
Percussion,-1,62,D4,80,0.02673800000000881,101.4252554,101.4519934
Percussion,-1,70,A#4,70,0.04278080000000273,101.4145602,101.457341
Percussion,-1,63,D#4,88,0.05080220000000679,101.4145602,101.4653624
Percussion,-1,62,D4,56,0.0267379999999946,101.58568340000001,101.6124214
Percussion,-1,70,A#4,79,0.04812839999999596,101.5749882,101.6231166
Percussion,-1,64,E4,127,0.05614980000000003,101.5749882,101.631138
Percussion,-1,35,B1,77,0.09358300000000952,101.5723144,101.6658974
Percussion,-1,64,E4,127,0.03743319999999528,101.7354162,101.7728494
Percussion,-1,64,E4,56,0.0267379999999946,101.7461114,101.7728494
Percussion,-1,70,A#4,77,0.04278080000000273,101.7354162,101.778197
Percussion,-1,62,D4,55,0.03743320000000949,101.8958442,101.93327740000001
Percussion,-1,62,D4,56,0.02673800000000881,101.9065394,101.93327740000001
Percussion,-1,56,G#3,72,0.045454599999999346,101.8958442,101.9412988
Percussion,-1,70,A#4,80,0.04812839999999596,101.8958442,101.9439726
Percussion,-1,62,D4,55,0.03743320000000949,102.0562722,102.0937054
Percussion,-1,62,D4,56,0.02673800000000881,102.0669674,102.0937054
Percussion,-1,70,A#4,73,0.04278080000000273,102.0562722,102.099053
Percussion,-1,62,D4,127,0.03743319999999528,102.2167002,102.2541334
Percussion,-1,62,D4,80,0.0267379999999946,102.2273954,102.2541334
Percussion,-1,70,A#4,78,0.04278080000000273,102.2167002,102.25948100000001
Percussion,-1,61,C#4,54,0.08021399999999801,102.19263600000001,102.27285
Percussion,-1,64,E4,127,0.03743319999999528,102.3771282,102.4145614
Percussion,-1,64,E4,56,0.0267379999999946,102.3878234,102.4145614
Percussion,-1,70,A#4,82,0.04278080000000273,102.3771282,102.419909
Percussion,-1,35,B1,77,0.11764719999999329,102.3744544,102.4921016
Percussion,-1,64,E4,127,0.03743320000000949,102.5375562,102.5749894
Percussion,-1,64,E4,56,0.02673800000000881,102.5482514,102.5749894
Percussion,-1,56,G#3,78,0.04278080000000273,102.5375562,102.580337
Percussion,-1,70,A#4,79,0.045454599999999346,102.5375562,102.5830108
Percussion,-1,62,D4,88,0.03743319999999528,102.69798420000001,102.7354174
Percussion,-1,62,D4,80,0.0267379999999946,102.70867940000001,102.7354174
Percussion,-1,70,A#4,78,0.04278079999998852,102.69798420000001,102.740765
Percussion,-1,62,D4,56,0.0267379999999946,102.8691074,102.8958454
Percussion,-1,70,A#4,79,0.04278080000000273,102.8584122,102.901193
Percussion,-1,63,D#4,127,0.058823599999996645,102.8584122,102.9172358
Percussion,-1,35,B1,77,0.06951879999999733,102.861086,102.9306048
Percussion,-1,64,E4,56,0.0267379999999946,103.0295354,103.0562734
Percussion,-1,70,A#4,81,0.04278080000000273,103.0188402,103.061621
Percussion,-1,63,D#4,127,0.05080220000000679,103.0188402,103.0696424
Percussion,-1,62,D4,55,0.03743320000000949,103.1792682,103.2167014
Percussion,-1,62,D4,56,0.02673800000000881,103.1899634,103.2167014
Percussion,-1,70,A#4,76,0.048128400000010174,103.1792682,103.2273966
Percussion,-1,56,G#3,79,0.05080220000000679,103.1792682,103.2300704
Percussion,-1,70,A#4,54,0.029411799999991217,103.3396962,103.369108
Percussion,-1,62,D4,44,0.03743319999999528,103.3396962,103.3771294
Percussion,-1,62,D4,56,0.0267379999999946,103.3503914,103.3771294
Percussion,-1,62,D4,127,0.03743319999999528,103.5001242,103.5375574
Percussion,-1,62,D4,80,0.0267379999999946,103.5108194,103.5375574
Percussion,-1,70,A#4,70,0.04278080000000273,103.5001242,103.542905
Percussion,-1,61,C#4,52,0.08021399999999801,103.47338620000001,103.5536002
Percussion,-1,62,D4,55,0.008021400000004064,103.6605522,103.6685736
Percussion,-1,64,E4,56,0.02673800000000881,103.6712474,103.69798540000001
Percussion,-1,70,A#4,73,0.04278080000000273,103.6605522,103.703333
Percussion,-1,35,B1,77,0.10427819999999599,103.6578784,103.7621566
Percussion,-1,64,E4,56,0.0267379999999946,103.83167540000001,103.8584134
Percussion,-1,56,G#3,77,0.04278079999998852,103.82098020000001,103.863761
Percussion,-1,70,A#4,79,0.04812839999999596,103.82098020000001,103.8691086
Percussion,-1,63,D#4,88,0.12299480000000074,103.82098020000001,103.94397500000001
Percussion,-1,62,D4,80,0.0267379999999946,103.9921034,104.0188414
Percussion,-1,70,A#4,70,0.04278080000000273,103.9814082,104.024189
Percussion,-1,63,D#4,88,0.05080219999999258,103.9814082,104.0322104
Percussion,-1,62,D4,56,0.0267379999999946,104.1525314,104.1792694
Percussion,-1,70,A#4,79,0.04812839999999596,104.1418362,104.1899646
Percussion,-1,64,E4,127,0.05614980000000003,104.1418362,104.197986
Percussion,-1,35,B1,77,0.09358299999999531,104.1391624,104.2327454
Percussion,-1,64,E4,127,0.03743320000000949,104.3022642,104.3396974
Percussion,-1,64,E4,56,0.02673800000000881,104.3129594,104.3396974
Percussion,-1,70,A#4,77,0.04278080000000273,104.3022642,104.345045
Percussion,-1,62,D4,55,0.03743319999999528,104.4626922,104.5001254
Percussion,-1,62,D4,56,0.0267379999999946,104.47338740000001,104.5001254
Percussion,-1,56,G#3,72,0.045454599999999346,104.4626922,104.5081468
Percussion,-1,70,A#4,80,0.04812839999999596,104.4626922,104.5108206
Percussion,-1,62,D4,55,0.03743319999999528,104.6231202,104.6605534
Percussion,-1,62,D4,56,0.0267379999999946,104.6338154,104.6605534
Percussion,-1,70,A#4,73,0.04278080000000273,104.6231202,104.665901
Percussion,-1,62,D4,127,0.03743320000000949,104.7835482,104.82098140000001
Percussion,-1,62,D4,80,0.02673800000000881,104.7942434,104.82098140000001
Percussion,-1,70,A#4,78,0.04278080000000273,104.7835482,104.826329
Percussion,-1,61,C#4,54,0.08021399999999801,104.759484,104.839698
Percussion,-1,64,E4,127,0.03743319999999528,104.94397620000001,104.9814094
Percussion,-1,64,E4,56,0.02673800000000881,104.9546714,104.9814094
Percussion,-1,70,A#4,82,0.04278079999998852,104.94397620000001,104.986757
Percussion,-1,35,B1,77,0.1176472000000075,104.9413024,105.0589496
Percussion,-1,64,E4,127,0.03743319999999528,105.1044042,105.1418374
Percussion,-1,64,E4,56,0.0267379999999946,105.1150994,105.1418374
Percussion,-1,56,G#3,78,0.04278080000000273,105.1044042,105.14718500000001
Percussion,-1,70,A#4,79,0.045454599999999346,105.1044042,105.1498588
Percussion,-1,62,D4,88,0.03743319999999528,105.2648322,105.3022654
Percussion,-1,62,D4,80,0.0267379999999946,105.2755274,105.3022654
Percussion,-1,70,A#4,78,0.04278080000000273,105.2648322,105.307613
Percussion,-1,62,D4,56,0.02673800000000881,105.4359554,105.4626934
Percussion,-1,70,A#4,79,0.04278080000000273,105.4252602,105.468041
Percussion,-1,63,D#4,127,0.058823600000010856,105.4252602,105.48408380000001
Percussion,-1,35,B1,77,0.06951879999999733,105.42793400000001,105.4974528
Percussion,-1,64,E4,56,0.0267379999999946,105.59638340000001,105.6231214
Percussion,-1,70,A#4,81,0.04278079999998852,105.5856882,105.628469
Percussion,-1,63,D#4,127,0.05080219999999258,105.5856882,105.6364904
Percussion,-1,62,D4,55,0.03743319999999528,105.7461162,105.7835494
Percussion,-1,62,D4,56,0.0267379999999946,105.7568114,105.7835494
Percussion,-1,70,A#4,76,0.04812839999999596,105.7461162,105.7942446
Percussion,-1,56,G#3,79,0.05080219999999258,105.7461162,105.7969184
Percussion,-1,70,A#4,54,0.029411800000005428,105.9065442,105.935956
Percussion,-1,62,D4,44,0.03743320000000949,105.9065442,105.94397740000001
Percussion,-1,62,D4,56,0.02673800000000881,105.9172394,105.94397740000001
Percussion,-1,62,D4,127,0.03743320000000949,106.0669722,106.1044054
Percussion,-1,62,D4,80,0.02673800000000881,106.0776674,106.1044054
Percussion,-1,70,A#4,70,0.04278080000000273,106.0669722,106.109753
Percussion,-1,61,C#4,52,0.08021399999999801,106.0402342,106.1204482
Percussion,-1,62,D4,55,0.008021399999989853,106.2274002,106.2354216
Percussion,-1,64,E4,56,0.0267379999999946,106.2380954,106.2648334
Percussion,-1,70,A#4,73,0.04278080000000273,106.2274002,106.27018100000001
Percussion,-1,35,B1,77,0.10427819999999599,106.22472640000001,106.3290046
Percussion,-1,64,E4,56,0.0267379999999946,106.3985234,106.4252614
Percussion,-1,56,G#3,77,0.04278080000000273,106.3878282,106.430609
Percussion,-1,70,A#4,79,0.04812839999999596,106.3878282,106.4359566
Percussion,-1,63,D#4,88,0.12299480000000074,106.3878282,106.510823
Percussion,-1,62,D4,80,0.02673800000000881,106.5589514,106.5856894
Percussion,-1,70,A#4,70,0.04278080000000273,106.5482562,106.591037
Percussion,-1,63,D#4,88,0.05080220000000679,106.5482562,106.5990584
Percussion,-1,62,D4,56,0.0267379999999946,106.71937940000001,106.7461174
Percussion,-1,70,A#4,79,0.04812839999999596,106.70868420000001,106.7568126
Percussion,-1,64,E4,127,0.05614980000000003,106.70868420000001,106.76483400000001
Percussion,-1,35,B1,77,0.09358300000000952,106.7060104,106.7995934
Percussion,-1,64,E4,127,0.03743319999999528,106.8691122,106.9065454
Percussion,-1,64,E4,56,0.0267379999999946,106.8798074,106.9065454
Percussion,-1,70,A#4,77,0.04278080000000273,106.8691122,106.911893
Percussion,-1,62,D4,55,0.03743319999999528,107.0295402,107.0669734
Percussion,-1,62,D4,56,0.0267379999999946,107.0402354,107.0669734
Percussion,-1,56,G#3,72,0.045454599999999346,107.0295402,107.0749948
Percussion,-1,70,A#4,80,0.04812839999999596,107.0295402,107.0776686
Percussion,-1,62,D4,55,0.03743320000000949,107.1899682,107.2274014
Percussion,-1,62,D4,56,0.02673800000000881,107.2006634,107.2274014
Percussion,-1,70,A#4,73,0.04278080000000273,107.1899682,107.232749
Percussion,-1,62,D4,127,0.03743319999999528,107.3503962,107.3878294
Percussion,-1,62,D4,80,0.0267379999999946,107.3610914,107.3878294
Percussion,-1,70,A#4,78,0.04278080000000273,107.3503962,107.39317700000001
Percussion,-1,61,C#4,54,0.08021399999999801,107.32633200000001,107.406546
Percussion,-1,64,E4,127,0.03743319999999528,107.5108242,107.5482574
Percussion,-1,64,E4,56,0.0267379999999946,107.5215194,107.5482574
Percussion,-1,70,A#4,82,0.04278080000000273,107.5108242,107.553605
Percussion,-1,35,B1,77,0.11764719999999329,107.5081504,107.6257976
Percussion,-1,64,E4,127,0.03743320000000949,107.6712522,107.70868540000001
Percussion,-1,64,E4,56,0.02673800000000881,107.6819474,107.70868540000001
Percussion,-1,56,G#3,78,0.04278080000000273,107.6712522,107.714033
Percussion,-1,70,A#4,79,0.045454599999999346,107.6712522,107.7167068
Percussion,-1,62,D4,88,0.03743319999999528,107.83168020000001,107.8691134
Percussion,-1,62,D4,80,0.0267379999999946,107.84237540000001,107.8691134
Percussion,-1,70,A#4,78,0.04278079999998852,107.83168020000001,107.874461
Percussion,-1,62,D4,56,0.0267379999999946,108.0028034,108.0295414
Percussion,-1,70,A#4,79,0.04278080000000273,107.9921082,108.034889
Percussion,-1,63,D#4,127,0.058823599999996645,107.9921082,108.0509318
Percussion,-1,35,B1,77,0.06951879999999733,107.994782,108.0643008
Percussion,-1,64,E4,56,0.0267379999999946,108.1632314,108.1899694
Percussion,-1,70,A#4,81,0.04278080000000273,108.1525362,108.195317
Percussion,-1,63,D#4,127,0.05080220000000679,108.1525362,108.2033384
Percussion,-1,62,D4,55,0.03743320000000949,108.3129642,108.3503974
Percussion,-1,62,D4,56,0.02673800000000881,108.3236594,108.3503974
Percussion,-1,70,A#4,76,0.048128400000010174,108.3129642,108.3610926
Percussion,-1,56,G#3,79,0.05080220000000679,108.3129642,108.3637664
Percussion,-1,70,A#4,54,0.029411799999991217,108.4733922,108.502804
Percussion,-1,62,D4,44,0.03743319999999528,108.4733922,108.5108254
Percussion,-1,62,D4,56,0.0267379999999946,108.4840874,108.5108254
Percussion,-1,62,D4,127,0.03743319999999528,108.6338202,108.6712534
Percussion,-1,62,D4,80,0.0267379999999946,108.6445154,108.6712534
Percussion,-1,70,A#4,70,0.04278080000000273,108.6338202,108.676601
Percussion,-1,61,C#4,52,0.08021399999999801,108.60708220000001,108.6872962
Percussion,-1,62,D4,55,0.008021400000004064,108.7942482,108.8022696
Percussion,-1,64,E4,56,0.02673800000000881,108.8049434,108.83168140000001
Percussion,-1,70,A#4,73,0.04278080000000273,108.7942482,108.837029
Percussion,-1,35,B1,77,0.10427819999999599,108.7915744,108.8958526
Percussion,-1,64,E4,56,0.02673800000000881,108.9653714,108.9921094
Percussion,-1,56,G#3,77,0.04278079999998852,108.95467620000001,108.997457
Percussion,-1,70,A#4,79,0.04812839999999596,108.95467620000001,109.0028046
Percussion,-1,63,D#4,88,0.12299479999998653,108.95467620000001,109.077671
Percussion,-1,62,D4,80,0.0267379999999946,109.1257994,109.1525374
Percussion,-1,70,A#4,70,0.04278080000000273,109.1151042,109.15788500000001
Percussion,-1,63,D#4,88,0.05080219999999258,109.1151042,109.1659064
Percussion,-1,62,D4,56,0.0267379999999946,109.2862274,109.3129654
Percussion,-1,70,A#4,79,0.04812839999999596,109.2755322,109.3236606
Percussion,-1,64,E4,127,0.05614980000000003,109.2755322,109.331682
Percussion,-1,35,B1,77,0.09358299999999531,109.2728584,109.3664414
Percussion,-1,64,E4,127,0.03743320000000949,109.4359602,109.4733934
Percussion,-1,64,E4,56,0.02673800000000881,109.4466554,109.4733934
Percussion,-1,70,A#4,77,0.04278080000000273,109.4359602,109.478741
Percussion,-1,62,D4,55,0.03743319999999528,109.5963882,109.6338214
Percussion,-1,62,D4,56,0.0267379999999946,109.60708340000001,109.6338214
Percussion,-1,56,G#3,72,0.045454599999999346,109.5963882,109.6418428
Percussion,-1,70,A#4,80,0.04812839999999596,109.5963882,109.6445166
Percussion,-1,62,D4,55,0.03743319999999528,109.7568162,109.7942494
Percussion,-1,62,D4,56,0.0267379999999946,109.7675114,109.7942494
Percussion,-1,70,A#4,73,0.04278080000000273,109.7568162,109.799597
Percussion,-1,62,D4,127,0.03743320000000949,109.9172442,109.95467740000001
Percussion,-1,62,D4,80,0.02673800000000881,109.9279394,109.95467740000001
Percussion,-1,70,A#4,78,0.04278080000000273,109.9172442,109.960025
Percussion,-1,61,C#4,54,0.08021399999999801,109.89318,109.973394
Percussion,-1,64,E4,127,0.03743320000000949,110.0776722,110.1151054
Percussion,-1,64,E4,56,0.02673800000000881,110.0883674,110.1151054
Percussion,-1,70,A#4,82,0.04278080000000273,110.0776722,110.120453
Percussion,-1,35,B1,77,0.1176472000000075,110.0749984,110.1926456
Percussion,-1,64,E4,127,0.03743319999999528,110.2381002,110.2755334
Percussion,-1,64,E4,56,0.0267379999999946,110.2487954,110.2755334
Percussion,-1,56,G#3,78,0.04278080000000273,110.2381002,110.28088100000001
Percussion,-1,70,A#4,79,0.045454599999999346,110.2381002,110.2835548
Percussion,-1,62,D4,88,0.03743319999999528,110.3985282,110.4359614
Percussion,-1,62,D4,80,0.0267379999999946,110.4092234,110.4359614
Percussion,-1,70,A#4,78,0.04278080000000273,110.3985282,110.441309
Percussion,-1,62,D4,56,0.02673800000000881,110.5696514,110.5963894
Percussion,-1,70,A#4,79,0.04278080000000273,110.5589562,110.601737
Percussion,-1,63,D#4,127,0.058823600000010856,110.5589562,110.61777980000001
Percussion,-1,35,B1,77,0.06951879999999733,110.56163000000001,110.6311488
Percussion,-1,64,E4,56,0.0267379999999946,110.73007940000001,110.7568174
Percussion,-1,70,A#4,81,0.04278079999998852,110.71938420000001,110.762165
Percussion,-1,63,D#4,127,0.05080219999999258,110.71938420000001,110.7701864
Percussion,-1,62,D4,55,0.03743319999999528,110.8798122,110.9172454
Percussion,-1,62,D4,56,0.0267379999999946,110.8905074,110.9172454
Percussion,-1,70,A#4,76,0.04812839999999596,110.8798122,110.9279406
Percussion,-1,56,G#3,79,0.05080219999999258,110.8798122,110.9306144
Percussion,-1,70,A#4,54,0.029411800000005428,111.0402402,111.069652
Percussion,-1,62,D4,44,0.03743320000000949,111.0402402,111.07767340000001
Percussion,-1,62,D4,56,0.02673800000000881,111.0509354,111.07767340000001
Percussion,-1,62,D4,127,0.03743320000000949,111.2006682,111.2381014
Percussion,-1,62,D4,80,0.02673800000000881,111.2113634,111.2381014
Percussion,-1,70,A#4,70,0.04278080000000273,111.2006682,111.243449
Percussion,-1,61,C#4,52,0.08021399999999801,111.1739302,111.2541442
Percussion,-1,62,D4,55,0.008021399999989853,111.3610962,111.3691176
Percussion,-1,64,E4,56,0.0267379999999946,111.3717914,111.3985294
Percussion,-1,70,A#4,73,0.04278080000000273,111.3610962,111.40387700000001
Percussion,-1,35,B1,77,0.1042782000000102,111.3584224,111.4627006
Percussion,-1,64,E4,56,0.0267379999999946,111.5322194,111.5589574
Percussion,-1,56,G#3,77,0.04278080000000273,111.5215242,111.564305
Percussion,-1,70,A#4,79,0.04812839999999596,111.5215242,111.5696526
Percussion,-1,63,D#4,88,0.12299480000000074,111.5215242,111.644519
Percussion,-1,62,D4,80,0.02673800000000881,111.6926474,111.71938540000001
Percussion,-1,70,A#4,70,0.04278080000000273,111.6819522,111.724733
Percussion,-1,63,D#4,88,0.05080220000000679,111.6819522,111.7327544
Percussion,-1,62,D4,56,0.0267379999999946,111.85307540000001,111.8798134
Percussion,-1,70,A#4,79,0.04812839999999596,111.84238020000001,111.8905086
Percussion,-1,64,E4,127,0.05614980000000003,111.84238020000001,111.89853000000001
Percussion,-1,35,B1,77,0.09358300000000952,111.8397064,111.9332894
Percussion,-1,64,E4,127,0.03743319999999528,112.0028082,112.0402414
Percussion,-1,64,E4,56,0.0267379999999946,112.0135034,112.0402414
Percussion,-1,70,A#4,77,0.04278080000000273,112.0028082,112.045589
Percussion,-1,62,D4,55,0.03743319999999528,112.1632362,112.2006694
Percussion,-1,62,D4,56,0.0267379999999946,112.1739314,112.2006694
Percussion,-1,56,G#3,72,0.045454599999999346,112.1632362,112.2086908
Percussion,-1,70,A#4,80,0.04812839999999596,112.1632362,112.2113646
Percussion,-1,62,D4,55,0.03743320000000949,112.3236642,112.3610974
Percussion,-1,62,D4,56,0.02673800000000881,112.3343594,112.3610974
Percussion,-1,70,A#4,73,0.04278080000000273,112.3236642,112.366445
Percussion,-1,62,D4,127,0.03743319999999528,112.4840922,112.5215254
Percussion,-1,62,D4,80,0.0267379999999946,112.4947874,112.5215254
Percussion,-1,70,A#4,78,0.04278080000000273,112.4840922,112.52687300000001
Percussion,-1,61,C#4,54,0.08021399999999801,112.46002800000001,112.540242
Percussion,-1,64,E4,127,0.03743319999999528,112.6445202,112.6819534
Percussion,-1,64,E4,56,0.0267379999999946,112.6552154,112.6819534
Percussion,-1,70,A#4,82,0.04278080000000273,112.6445202,112.687301
Percussion,-1,35,B1,77,0.11764719999999329,112.6418464,112.7594936
Percussion,-1,64,E4,127,0.03743320000000949,112.8049482,112.84238140000001
Percussion,-1,64,E4,56,0.02673800000000881,112.8156434,112.84238140000001
Percussion,-1,56,G#3,78,0.04278080000000273,112.8049482,112.847729
Percussion,-1,70,A#4,79,0.045454599999999346,112.8049482,112.8504028
Percussion,-1,62,D4,88,0.03743319999999528,112.96537620000001,113.0028094
Percussion,-1,62,D4,80,0.02673800000000881,112.9760714,113.0028094
Percussion,-1,70,A#4,78,0.04278079999998852,112.96537620000001,113.008157
Percussion,-1,62,D4,56,0.0267379999999946,113.1364994,113.1632374
Percussion,-1,70,A#4,79,0.04278080000000273,113.1258042,113.16858500000001
Percussion,-1,63,D#4,127,0.058823599999996645,113.1258042,113.1846278
Percussion,-1,35,B1,77,0.06951879999999733,113.128478,113.1979968
Percussion,-1,64,E4,56,0.0267379999999946,113.2969274,113.3236654
Percussion,-1,70,A#4,81,0.04278080000000273,113.2862322,113.329013
Percussion,-1,63,D#4,127,0.05080220000000679,113.2862322,113.33703440000001
Percussion,-1,62,D4,55,0.03743320000000949,113.4466602,113.4840934
Percussion,-1,62,D4,56,0.02673800000000881,113.4573554,113.4840934
Percussion,-1,70,A#4,76,0.048128400000010174,113.4466602,113.4947886
Percussion,-1,56,G#3,79,0.05080220000000679,113.4466602,113.4974624
Percussion,-1,70,A#4,54,0.029411799999991217,113.6070882,113.6365
Percussion,-1,62,D4,44,0.03743319999999528,113.6070882,113.6445214
Percussion,-1,62,D4,56,0.0267379999999946,113.61778340000001,113.6445214
Percussion,-1,62,D4,127,0.03743319999999528,113.7675162,113.8049494
Percussion,-1,62,D4,80,0.0267379999999946,113.7782114,113.8049494
Percussion,-1,70,A#4,70,0.04278080000000273,113.7675162,113.810297
Percussion,-1,61,C#4,52,0.08021399999999801,113.74077820000001,113.8209922
Percussion,-1,62,D4,55,0.008021400000004064,113.9279442,113.9359656
Percussion,-1,64,E4,56,0.02673800000000881,113.9386394,113.96537740000001
Percussion,-1,70,A#4,73,0.04278080000000273,113.9279442,113.970725
Percussion,-1,35,B1,77,0.10427819999999599,113.9252704,114.0295486
Percussion,-1,64,E4,56,0.02673800000000881,114.0990674,114.1258054
Percussion,-1,56,G#3,77,0.04278079999998852,114.08837220000001,114.131153
Percussion,-1,70,A#4,79,0.04812839999999596,114.08837220000001,114.1365006
Percussion,-1,63,D#4,88,0.12299479999998653,114.08837220000001,114.211367
Percussion,-1,62,D4,80,0.0267379999999946,114.2594954,114.2862334
Percussion,-1,70,A#4,70,0.04278080000000273,114.2488002,114.29158100000001
Percussion,-1,63,D#4,88,0.05080219999999258,114.2488002,114.2996024
Percussion,-1,62,D4,56,0.0267379999999946,114.4199234,114.4466614
Percussion,-1,70,A#4,79,0.04812839999999596,114.4092282,114.4573566
Percussion,-1,64,E4,127,0.05614980000000003,114.4092282,114.465378
Percussion,-1,35,B1,77,0.09358299999999531,114.4065544,114.5001374
Percussion,-1,64,E4,127,0.03743320000000949,114.5696562,114.6070894
Percussion,-1,64,E4,56,0.02673800000000881,114.5803514,114.6070894
Percussion,-1,70,A#4,77,0.04278080000000273,114.5696562,114.612437
Percussion,-1,62,D4,55,0.03743319999999528,114.73008420000001,114.7675174
Percussion,-1,62,D4,56,0.0267379999999946,114.74077940000001,114.7675174
Percussion,-1,56,G#3,72,0.045454599999999346,114.73008420000001,114.7755388
Percussion,-1,70,A#4,80,0.04812839999999596,114.73008420000001,114.7782126
Percussion,-1,62,D4,55,0.03743319999999528,114.8905122,114.9279454
Percussion,-1,62,D4,56,0.0267379999999946,114.9012074,114.9279454
Percussion,-1,70,A#4,73,0.04278080000000273,114.8905122,114.933293
Percussion,-1,62,D4,127,0.03743320000000949,115.0509402,115.08837340000001
Percussion,-1,62,D4,80,0.02673800000000881,115.0616354,115.08837340000001
Percussion,-1,70,A#4,78,0.04278080000000273,115.0509402,115.093721
Percussion,-1,61,C#4,54,0.08021399999999801,115.026876,115.10709
Percussion,-1,64,E4,127,0.03743320000000949,115.2113682,115.2488014
Percussion,-1,64,E4,56,0.02673800000000881,115.2220634,115.2488014
Percussion,-1,70,A#4,82,0.04278080000000273,115.2113682,115.254149
Percussion,-1,35,B1,77,0.1176472000000075,115.2086944,115.3263416
Percussion,-1,64,E4,127,0.03743319999999528,115.3717962,115.4092294
Percussion,-1,64,E4,56,0.0267379999999946,115.3824914,115.4092294
Percussion,-1,56,G#3,78,0.04278080000000273,115.3717962,115.41457700000001
Percussion,-1,70,A#4,79,0.045454599999999346,115.3717962,115.4172508
Percussion,-1,62,D4,88,0.03743319999999528,115.5322242,115.5696574
Percussion,-1,62,D4,80,0.0267379999999946,115.5429194,115.5696574
Percussion,-1,70,A#4,78,0.04278080000000273,115.5322242,115.575005
Percussion,-1,62,D4,56,0.02673800000000881,115.7033474,115.73008540000001
Percussion,-1,70,A#4,79,0.04278080000000273,115.6926522,115.735433
Percussion,-1,63,D#4,127,0.058823600000010856,115.6926522,115.75147580000001
Percussion,-1,35,B1,77,0.06951879999999733,115.69532600000001,115.7648448
Percussion,-1,64,E4,56,0.0267379999999946,115.86377540000001,115.8905134
Percussion,-1,70,A#4,81,0.04278079999998852,115.85308020000001,115.895861
Percussion,-1,63,D#4,127,0.05080219999999258,115.85308020000001,115.9038824
Percussion,-1,62,D4,55,0.03743319999999528,116.0135082,116.0509414
Percussion,-1,62,D4,56,0.0267379999999946,116.0242034,116.0509414
Percussion,-1,70,A#4,76,0.04812839999999596,116.0135082,116.0616366
Percussion,-1,56,G#3,79,0.05080219999999258,116.0135082,116.0643104
Percussion,-1,70,A#4,54,0.029411800000005428,116.1739362,116.203348
Percussion,-1,62,D4,44,0.03743319999999528,116.1739362,116.2113694
Percussion,-1,62,D4,56,0.0267379999999946,116.1846314,116.2113694
Percussion,-1,62,D4,127,0.03743320000000949,116.3343642,116.3717974
Percussion,-1,62,D4,80,0.02673800000000881,116.3450594,116.3717974
Percussion,-1,70,A#4,70,0.04278080000000273,116.3343642,116.377145
Percussion,-1,61,C#4,52,0.08021399999999801,116.3076262,116.3878402
Percussion,-1,62,D4,55,0.008021399999989853,116.4947922,116.5028136
Percussion,-1,64,E4,56,0.0267379999999946,116.5054874,116.5322254
Percussion,-1,70,A#4,73,0.04278080000000273,116.4947922,116.53757300000001
Percussion,-1,35,B1,77,0.1042782000000102,116.4921184,116.5963966
Percussion,-1,64,E4,56,0.0267379999999946,116.6659154,116.6926534
Percussion,-1,56,G#3,77,0.04278080000000273,116.6552202,116.698001
Percussion,-1,70,A#4,79,0.04812839999999596,116.6552202,116.7033486
Percussion,-1,63,D#4,88,0.12299480000000074,116.6552202,116.778215
Percussion,-1,62,D4,80,0.02673800000000881,116.8263434,116.85308140000001
Percussion,-1,70,A#4,70,0.04278080000000273,116.8156482,116.858429
Percussion,-1,63,D#4,88,0.05080220000000679,116.8156482,116.8664504
Percussion,-1,62,D4,56,0.0267379999999946,116.98677140000001,117.0135094
Percussion,-1,70,A#4,79,0.04812839999999596,116.97607620000001,117.0242046
Percussion,-1,64,E4,127,0.05614980000000003,116.97607620000001,117.03222600000001
Percussion,-1,35,B1,77,0.09358300000000952,116.9734024,117.06698540000001
Percussion,-1,64,E4,127,0.03743319999999528,117.1365042,117.1739374
Percussion,-1,64,E4,56,0.0267379999999946,117.1471994,117.1739374
Percussion,-1,70,A#4,77,0.04278080000000273,117.1365042,117.17928500000001
Percussion,-1,49,C#3,72,0.045454599999999346,117.2969322,117.3423868
Percussion,-1,70,A#4,108,0.04812839999999596,117.2969322,117.3450606
Percussion,-1,62,D4,127,0.08021399999999801,117.2969322,117.3771462
Percussion,-1,62,D4,55,0.03743320000000949,118.5803562,118.6177894
Percussion,-1,62,D4,56,0.02673800000000881,118.5910514,118.6177894
Percussion,-1,70,A#4,76,0.048128400000010174,118.5803562,118.62848460000001
Percussion,-1,56,G#3,79,0.05080220000000679,118.5803562,118.6311584
Percussion,-1,70,A#4,54,0.029411799999991217,118.74078420000001,118.770196
Percussion,-1,62,D4,44,0.03743319999999528,118.74078420000001,118.7782174
Percussion,-1,62,D4,56,0.0267379999999946,118.75147940000001,118.7782174
Percussion,-1,62,D4,127,0.03743319999999528,118.9012122,118.9386454
Percussion,-1,62,D4,80,0.0267379999999946,118.9119074,118.9386454
Percussion,-1,70,A#4,70,0.04278080000000273,118.9012122,118.943993
Percussion,-1,61,C#4,52,0.08021399999999801,118.87447420000001,118.9546882
Percussion,-1,62,D4,55,0.008021400000004064,119.0616402,119.0696616
Percussion,-1,64,E4,56,0.02673800000000881,119.0723354,119.09907340000001
Percussion,-1,70,A#4,73,0.04278080000000273,119.0616402,119.104421
Percussion,-1,35,B1,77,0.10427819999999599,119.0589664,119.1632446
Percussion,-1,64,E4,56,0.02673800000000881,119.2327634,119.2595014
Percussion,-1,56,G#3,77,0.04278080000000273,119.2220682,119.264849
Percussion,-1,70,A#4,79,0.048128400000010174,119.2220682,119.2701966
Percussion,-1,63,D#4,88,0.12299480000000074,119.2220682,119.345063
Percussion,-1,62,D4,80,0.0267379999999946,119.3931914,119.4199294
Percussion,-1,70,A#4,70,0.04278080000000273,119.3824962,119.42527700000001
Percussion,-1,63,D#4,88,0.05080219999999258,119.3824962,119.4332984
Percussion,-1,62,D4,56,0.0267379999999946,119.5536194,119.5803574
Percussion,-1,70,A#4,79,0.04812839999999596,119.5429242,119.5910526
Percussion,-1,64,E4,127,0.05614980000000003,119.5429242,119.599074
Percussion,-1,35,B1,77,0.09358299999999531,119.5402504,119.6338334
Percussion,-1,64,E4,127,0.03743320000000949,119.7033522,119.74078540000001
Percussion,-1,64,E4,56,0.02673800000000881,119.7140474,119.74078540000001
Percussion,-1,70,A#4,77,0.04278080000000273,119.7033522,119.746133
Percussion,-1,62,D4,55,0.03743319999999528,119.86378020000001,119.9012134
Percussion,-1,62,D4,56,0.0267379999999946,119.87447540000001,119.9012134
Percussion,-1,56,G#3,72,0.045454599999999346,119.86378020000001,119.90923480000001
Percussion,-1,70,A#4,80,0.04812839999999596,119.86378020000001,119.9119086
Percussion,-1,62,D4,55,0.03743319999999528,120.0242082,120.0616414
Percussion,-1,62,D4,56,0.0267379999999946,120.0349034,120.0616414
Percussion,-1,70,A#4,73,0.04278080000000273,120.0242082,120.066989
Percussion,-1,62,D4,127,0.03743319999999528,120.1846362,120.2220694
Percussion,-1,62,D4,80,0.0267379999999946,120.1953314,120.2220694
Percussion,-1,70,A#4,78,0.04278080000000273,120.1846362,120.227417
Percussion,-1,61,C#4,54,0.08021399999999801,120.160572,120.240786
Percussion,-1,64,E4,127,0.03743320000000949,120.3450642,120.3824974
Percussion,-1,64,E4,56,0.02673800000000881,120.3557594,120.3824974
Percussion,-1,70,A#4,82,0.04278080000000273,120.3450642,120.387845
Percussion,-1,35,B1,77,0.1176472000000075,120.3423904,120.4600376
Percussion,-1,64,E4,127,0.03743319999999528,120.5054922,120.5429254
Percussion,-1,64,E4,56,0.0267379999999946,120.5161874,120.5429254
Percussion,-1,56,G#3,78,0.04278080000000273,120.5054922,120.54827300000001
Percussion,-1,70,A#4,79,0.045454599999999346,120.5054922,120.5509468
Percussion,-1,62,D4,88,0.03743319999999528,120.6659202,120.7033534
Percussion,-1,62,D4,80,0.0267379999999946,120.6766154,120.7033534
Percussion,-1,70,A#4,78,0.04278080000000273,120.6659202,120.708701
Percussion,-1,62,D4,56,0.02673800000000881,120.8370434,120.86378140000001
Percussion,-1,70,A#4,79,0.04278080000000273,120.8263482,120.869129
Percussion,-1,63,D#4,127,0.058823600000010856,120.8263482,120.88517180000001
Percussion,-1,35,B1,77,0.06951879999999733,120.82902200000001,120.8985408
Percussion,-1,64,E4,56,0.0267379999999946,120.99747140000001,121.0242094
Percussion,-1,70,A#4,81,0.04278079999998852,120.98677620000001,121.029557
Percussion,-1,63,D#4,127,0.05080219999999258,120.98677620000001,121.0375784
Percussion,-1,62,D4,55,0.03743319999999528,121.1472042,121.1846374
Percussion,-1,62,D4,56,0.0267379999999946,121.1578994,121.1846374
Percussion,-1,70,A#4,76,0.04812839999999596,121.1472042,121.1953326
Percussion,-1,56,G#3,79,0.05080219999999258,121.1472042,121.1980064
Percussion,-1,70,A#4,54,0.029411800000005428,121.3076322,121.337044
Percussion,-1,62,D4,44,0.03743319999999528,121.3076322,121.3450654
Percussion,-1,62,D4,56,0.0267379999999946,121.3183274,121.3450654
Percussion,-1,62,D4,127,0.03743320000000949,121.4680602,121.5054934
Percussion,-1,62,D4,80,0.02673800000000881,121.4787554,121.5054934
Percussion,-1,70,A#4,70,0.04278080000000273,121.4680602,121.510841
Percussion,-1,61,C#4,52,0.08021399999999801,121.4413222,121.5215362
Percussion,-1,62,D4,55,0.008021399999989853,121.6284882,121.6365096
Percussion,-1,64,E4,56,0.0267379999999946,121.63918340000001,121.6659214
Percussion,-1,70,A#4,73,0.04278079999998852,121.6284882,121.671269
Percussion,-1,35,B1,77,0.1042782000000102,121.6258144,121.7300926
Percussion,-1,64,E4,56,0.0267379999999946,121.7996114,121.8263494
Percussion,-1,56,G#3,77,0.04278080000000273,121.7889162,121.831697
Percussion,-1,70,A#4,79,0.04812839999999596,121.7889162,121.8370446
Percussion,-1,63,D#4,88,0.12299480000000074,121.7889162,121.911911
Percussion,-1,62,D4,80,0.02673800000000881,121.9600394,121.98677740000001
Percussion,-1,70,A#4,70,0.04278080000000273,121.9493442,121.992125
Percussion,-1,63,D#4,88,0.05080220000000679,121.9493442,122.0001464
Percussion,-1,62,D4,56,0.02673800000000881,122.1204674,122.1472054
Percussion,-1,70,A#4,79,0.04812839999999596,122.10977220000001,122.1579006
Percussion,-1,64,E4,127,0.05614980000000003,122.10977220000001,122.16592200000001
Percussion,-1,35,B1,77,0.09358300000000952,122.1070984,122.20068140000001
Percussion,-1,64,E4,127,0.03743319999999528,122.2702002,122.3076334
Percussion,-1,64,E4,56,0.0267379999999946,122.2808954,122.3076334
Percussion,-1,70,A#4,77,0.04278080000000273,122.2702002,122.31298100000001
Percussion,-1,62,D4,55,0.03743319999999528,122.4306282,122.4680614
Percussion,-1,62,D4,56,0.0267379999999946,122.4413234,122.4680614
Percussion,-1,56,G#3,72,0.045454599999999346,122.4306282,122.4760828
Percussion,-1,70,A#4,80,0.04812839999999596,122.4306282,122.4787566
Percussion,-1,62,D4,55,0.03743320000000949,122.5910562,122.6284894
Percussion,-1,62,D4,56,0.02673800000000881,122.6017514,122.6284894
Percussion,-1,70,A#4,73,0.04278080000000273,122.5910562,122.633837
Percussion,-1,62,D4,127,0.03743319999999528,122.75148420000001,122.7889174
Percussion,-1,62,D4,80,0.0267379999999946,122.76217940000001,122.7889174
Percussion,-1,70,A#4,78,0.04278079999998852,122.75148420000001,122.794265
Percussion,-1,61,C#4,54,0.08021399999999801,122.72742000000001,122.80763400000001
Percussion,-1,64,E4,127,0.03743319999999528,122.9119122,122.9493454
Percussion,-1,64,E4,56,0.0267379999999946,122.9226074,122.9493454
Percussion,-1,70,A#4,82,0.04278080000000273,122.9119122,122.954693
Percussion,-1,35,B1,77,0.11764719999999329,122.9092384,123.0268856
Percussion,-1,64,E4,127,0.03743320000000949,123.0723402,123.10977340000001
Percussion,-1,64,E4,56,0.02673800000000881,123.0830354,123.10977340000001
Percussion,-1,56,G#3,78,0.04278080000000273,123.0723402,123.115121
Percussion,-1,70,A#4,79,0.045454599999999346,123.0723402,123.1177948
Percussion,-1,62,D4,88,0.03743320000000949,123.2327682,123.2702014
Percussion,-1,62,D4,80,0.02673800000000881,123.2434634,123.2702014
Percussion,-1,70,A#4,78,0.04278080000000273,123.2327682,123.275549
Percussion,-1,62,D4,56,0.0267379999999946,123.4038914,123.4306294
Percussion,-1,70,A#4,79,0.04278080000000273,123.3931962,123.43597700000001
Percussion,-1,63,D#4,127,0.058823599999996645,123.3931962,123.4520198
Percussion,-1,35,B1,77,0.06951879999999733,123.39587,123.4653888
Percussion,-1,64,E4,56,0.0267379999999946,123.5643194,123.5910574
Percussion,-1,70,A#4,81,0.04278080000000273,123.5536242,123.596405
Percussion,-1,63,D#4,127,0.05080220000000679,123.5536242,123.60442640000001
Percussion,-1,62,D4,55,0.03743320000000949,123.7140522,123.7514854
Percussion,-1,62,D4,56,0.02673800000000881,123.7247474,123.7514854
Percussion,-1,70,A#4,76,0.048128400000010174,123.7140522,123.76218060000001
Percussion,-1,56,G#3,79,0.05080220000000679,123.7140522,123.7648544
Percussion,-1,70,A#4,54,0.029411799999991217,123.87448020000001,123.903892
Percussion,-1,62,D4,44,0.03743319999999528,123.87448020000001,123.9119134
Percussion,-1,62,D4,56,0.0267379999999946,123.88517540000001,123.9119134
Percussion,-1,62,D4,127,0.03743319999999528,124.0349082,124.0723414
Percussion,-1,62,D4,80,0.0267379999999946,124.0456034,124.0723414
Percussion,-1,70,A#4,70,0.04278080000000273,124.0349082,124.077689
Percussion,-1,61,C#4,52,0.08021399999999801,124.00817020000001,124.08838420000001
Percussion,-1,62,D4,55,0.008021400000004064,124.1953362,124.2033576
Percussion,-1,64,E4,56,0.02673800000000881,124.2060314,124.23276940000001
Percussion,-1,70,A#4,73,0.04278080000000273,124.1953362,124.238117
Percussion,-1,35,B1,77,0.10427819999999599,124.1926624,124.2969406
Percussion,-1,64,E4,56,0.02673800000000881,124.3664594,124.3931974
Percussion,-1,56,G#3,77,0.04278080000000273,124.3557642,124.398545
Percussion,-1,70,A#4,79,0.048128400000010174,124.3557642,124.4038926
Percussion,-1,63,D#4,88,0.12299480000000074,124.3557642,124.478759
Percussion,-1,62,D4,80,0.0267379999999946,124.5268874,124.5536254
Percussion,-1,70,A#4,70,0.04278080000000273,124.5161922,124.55897300000001
Percussion,-1,63,D#4,88,0.05080219999999258,124.5161922,124.5669944
Percussion,-1,62,D4,56,0.0267379999999946,124.6873154,124.7140534
Percussion,-1,70,A#4,79,0.04812839999999596,124.6766202,124.7247486
Percussion,-1,64,E4,127,0.05614980000000003,124.6766202,124.73277
Percussion,-1,35,B1,77,0.09358299999999531,124.6739464,124.7675294
Percussion,-1,64,E4,127,0.03743320000000949,124.8370482,124.87448140000001
Percussion,-1,64,E4,56,0.02673800000000881,124.8477434,124.87448140000001
Percussion,-1,70,A#4,77,0.04278080000000273,124.8370482,124.879829
Percussion,-1,62,D4,55,0.03743319999999528,124.99747620000001,125.0349094
Percussion,-1,62,D4,56,0.0267379999999946,125.00817140000001,125.0349094
Percussion,-1,56,G#3,72,0.045454599999999346,124.99747620000001,125.04293080000001
Percussion,-1,70,A#4,80,0.04812839999999596,124.99747620000001,125.0456046
Percussion,-1,62,D4,55,0.03743319999999528,125.1579042,125.1953374
Percussion,-1,62,D4,56,0.0267379999999946,125.1685994,125.1953374
Percussion,-1,70,A#4,73,0.04278080000000273,125.1579042,125.20068500000001
Percussion,-1,62,D4,127,0.03743319999999528,125.3183322,125.3557654
Percussion,-1,62,D4,80,0.0267379999999946,125.3290274,125.3557654
Percussion,-1,70,A#4,78,0.04278080000000273,125.3183322,125.361113
Percussion,-1,61,C#4,54,0.08021399999999801,125.294268,125.374482
Percussion,-1,64,E4,127,0.03743320000000949,125.4787602,125.5161934
Percussion,-1,64,E4,56,0.02673800000000881,125.4894554,125.5161934
Percussion,-1,70,A#4,82,0.04278080000000273,125.4787602,125.521541
Percussion,-1,35,B1,77,0.1176472000000075,125.4760864,125.59373360000001
Percussion,-1,64,E4,127,0.03743319999999528,125.6391882,125.6766214
Percussion,-1,64,E4,56,0.0267379999999946,125.64988340000001,125.6766214
Percussion,-1,56,G#3,78,0.04278079999998852,125.6391882,125.681969
Percussion,-1,70,A#4,79,0.045454599999999346,125.6391882,125.6846428
Percussion,-1,62,D4,88,0.03743319999999528,125.7996162,125.8370494
Percussion,-1,62,D4,80,0.0267379999999946,125.8103114,125.8370494
Percussion,-1,70,A#4,78,0.04278080000000273,125.7996162,125.842397
Percussion,-1,62,D4,56,0.02673800000000881,125.9707394,125.99747740000001
Percussion,-1,70,A#4,79,0.04278080000000273,125.9600442,126.002825
Percussion,-1,63,D#4,127,0.058823599999996645,125.9600442,126.0188678
Percussion,-1,35,B1,77,0.06951880000001154,125.962718,126.0322368
Percussion,-1,64,E4,56,0.02673800000000881,126.1311674,126.1579054
Percussion,-1,70,A#4,81,0.04278079999998852,126.12047220000001,126.163253
Percussion,-1,63,D#4,127,0.05080219999999258,126.12047220000001,126.1712744
Percussion,-1,62,D4,55,0.03743319999999528,126.2809002,126.3183334
Percussion,-1,62,D4,56,0.0267379999999946,126.2915954,126.3183334
Percussion,-1,70,A#4,76,0.04812839999999596,126.2809002,126.3290286
Percussion,-1,56,G#3,79,0.05080219999999258,126.2809002,126.3317024
Percussion,-1,70,A#4,54,0.029411800000005428,126.4413282,126.47074
Percussion,-1,62,D4,44,0.03743319999999528,126.4413282,126.4787614
Percussion,-1,62,D4,56,0.0267379999999946,126.4520234,126.4787614
Percussion,-1,62,D4,127,0.03743320000000949,126.6017562,126.6391894
Percussion,-1,62,D4,80,0.02673800000000881,126.6124514,126.6391894
Percussion,-1,70,A#4,70,0.04278080000000273,126.6017562,126.644537
Percussion,-1,61,C#4,52,0.08021399999999801,126.5750182,126.6552322
Percussion,-1,62,D4,55,0.008021399999989853,126.76218420000001,126.7702056
Percussion,-1,64,E4,56,0.0267379999999946,126.77287940000001,126.7996174
Percussion,-1,70,A#4,73,0.04278079999998852,126.76218420000001,126.804965
Percussion,-1,35,B1,77,0.1042782000000102,126.7595104,126.8637886
Percussion,-1,64,E4,56,0.0267379999999946,126.9333074,126.9600454
Percussion,-1,56,G#3,77,0.04278080000000273,126.9226122,126.965393
Percussion,-1,70,A#4,79,0.04812839999999596,126.9226122,126.9707406
Percussion,-1,63,D#4,88,0.12299480000000074,126.9226122,127.045607
Percussion,-1,62,D4,80,0.02673800000000881,127.0937354,127.12047340000001
Percussion,-1,70,A#4,70,0.04278080000000273,127.0830402,127.125821
Percussion,-1,63,D#4,88,0.05080220000000679,127.0830402,127.1338424
Percussion,-1,62,D4,56,0.02673800000000881,127.2541634,127.2809014
Percussion,-1,70,A#4,79,0.048128400000010174,127.2434682,127.2915966
Percussion,-1,64,E4,127,0.05614980000000003,127.2434682,127.299618
Percussion,-1,35,B1,77,0.09358300000000952,127.2407944,127.33437740000001
Percussion,-1,64,E4,127,0.03743319999999528,127.4038962,127.4413294
Percussion,-1,64,E4,56,0.0267379999999946,127.4145914,127.4413294
Percussion,-1,70,A#4,77,0.04278080000000273,127.4038962,127.44667700000001
Percussion,-1,62,D4,55,0.03743319999999528,127.5643242,127.6017574
Percussion,-1,62,D4,56,0.0267379999999946,127.5750194,127.6017574
Percussion,-1,56,G#3,72,0.045454599999999346,127.5643242,127.6097788
Percussion,-1,70,A#4,80,0.04812839999999596,127.5643242,127.6124526
Percussion,-1,62,D4,55,0.03743320000000949,127.7247522,127.7621854
Percussion,-1,62,D4,56,0.02673800000000881,127.7354474,127.7621854
Percussion,-1,70,A#4,73,0.04278080000000273,127.7247522,127.767533
Percussion,-1,62,D4,127,0.03743319999999528,127.88518020000001,127.9226134
Percussion,-1,62,D4,80,0.0267379999999946,127.89587540000001,127.9226134
Percussion,-1,70,A#4,78,0.04278079999998852,127.88518020000001,127.927961
Percussion,-1,61,C#4,54,0.08021400000001222,127.861116,127.94133000000001
Percussion,-1,64,E4,127,0.03743320000000949,128.0456082,128.0830414
Percussion,-1,64,E4,56,0.02673800000002302,128.0563034,128.0830414
Percussion,-1,70,A#4,82,0.04278080000000273,128.0456082,128.088389
Percussion,-1,35,B1,77,0.11764719999999329,128.0429344,128.1605816
Percussion,-1,64,E4,127,0.03743320000000949,128.2060362,128.2434694
Percussion,-1,64,E4,56,0.0267379999999946,128.21673140000001,128.2434694
Percussion,-1,56,G#3,78,0.04278080000000273,128.2060362,128.248817
Percussion,-1,70,A#4,79,0.045454599999999346,128.2060362,128.2514908
Percussion,-1,62,D4,88,0.03743320000000949,128.3664642,128.4038974
Percussion,-1,62,D4,80,0.0267379999999946,128.3771594,128.4038974
Percussion,-1,70,A#4,78,0.04278080000000273,128.3664642,128.409245
Percussion,-1,62,D4,56,0.0267379999999946,128.5375874,128.5643254
Percussion,-1,70,A#4,79,0.04278080000000273,128.5268922,128.569673
Percussion,-1,63,D#4,127,0.058823600000010856,128.5268922,128.5857158
Percussion,-1,35,B1,77,0.06951880000002575,128.529566,128.5990848
Percussion,-1,64,E4,56,0.0267379999999946,128.6980154,128.7247534
Percussion,-1,70,A#4,81,0.042780799999974306,128.68732020000002,128.730101
Percussion,-1,63,D#4,127,0.05080219999999258,128.68732020000002,128.7381224
Percussion,-1,62,D4,55,0.03743319999998107,128.8477482,128.8851814
Percussion,-1,62,D4,56,0.0267379999999946,128.8584434,128.8851814
Percussion,-1,70,A#4,76,0.04812839999999596,128.8477482,128.8958766
Percussion,-1,56,G#3,79,0.05080219999999258,128.8477482,128.8985504
Percussion,-1,70,A#4,54,0.029411799999991217,129.0081762,129.037588
Percussion,-1,62,D4,44,0.03743319999998107,129.0081762,129.0456094
Percussion,-1,62,D4,56,0.0267379999999946,129.0188714,129.0456094
Percussion,-1,62,D4,127,0.03743320000000949,129.1686042,129.2060374
Percussion,-1,62,D4,80,0.02673800000002302,129.1792994,129.2060374
Percussion,-1,70,A#4,70,0.04278080000000273,129.1686042,129.211385
Percussion,-1,61,C#4,52,0.0802139999999838,129.1418662,129.2220802
Percussion,-1,62,D4,55,0.008021399999989853,129.3290322,129.3370536
Percussion,-1,64,E4,56,0.0267379999999946,129.33972740000002,129.3664654
Percussion,-1,70,A#4,73,0.04278080000000273,129.3290322,129.371813
Percussion,-1,35,B1,77,0.1042782000000102,129.3263584,129.4306366
Percussion,-1,64,E4,56,0.0267379999999946,129.5001554,129.5268934
Percussion,-1,56,G#3,77,0.04278080000000273,129.4894602,129.532241
Percussion,-1,70,A#4,79,0.04812839999999596,129.4894602,129.5375886
Percussion,-1,63,D#4,88,0.12299480000001495,129.4894602,129.612455
Percussion,-1,62,D4,80,0.0267379999999946,129.6605834,129.6873214
Percussion,-1,70,A#4,70,0.04278080000000273,129.6498882,129.692669
Percussion,-1,63,D#4,88,0.050802200000021,129.6498882,129.7006904
Percussion,-1,62,D4,56,0.0267379999999946,129.8210114,129.8477494
Percussion,-1,70,A#4,79,0.048128400000024385,129.8103162,129.8584446
Percussion,-1,64,E4,127,0.05614980000001424,129.8103162,129.866466
Percussion,-1,35,B1,77,0.09358300000002373,129.8076424,129.90122540000002
Percussion,-1,64,E4,127,0.03743319999998107,129.9707442,130.0081774
Percussion,-1,64,E4,56,0.0267379999999946,129.9814394,130.0081774
Percussion,-1,70,A#4,77,0.04278080000000273,129.9707442,130.01352500000002
Percussion,-1,62,D4,55,0.03743319999998107,130.1311722,130.1686054
Percussion,-1,62,D4,56,0.0267379999999946,130.1418674,130.1686054
Percussion,-1,56,G#3,72,0.045454599999999346,130.1311722,130.1766268
Percussion,-1,70,A#4,80,0.04812839999999596,130.1311722,130.1793006
Percussion,-1,62,D4,55,0.03743320000000949,130.2916002,130.32903340000001
Percussion,-1,62,D4,56,0.02673800000002302,130.3022954,130.32903340000001
Percussion,-1,70,A#4,73,0.04278080000000273,130.2916002,130.334381
Percussion,-1,62,D4,127,0.03743320000000949,130.4520282,130.4894614
Percussion,-1,62,D4,80,0.0267379999999946,130.46272340000002,130.4894614
Percussion,-1,70,A#4,78,0.04278080000000273,130.4520282,130.494809
Percussion,-1,61,C#4,54,0.08021400000001222,130.427964,130.50817800000002
Percussion,-1,64,E4,127,0.03743320000000949,130.6124562,130.6498894
Percussion,-1,64,E4,56,0.0267379999999946,130.6231514,130.6498894
Percussion,-1,70,A#4,82,0.04278080000000273,130.6124562,130.655237
Percussion,-1,35,B1,77,0.11764719999999329,130.6097824,130.7274296
Percussion,-1,64,E4,127,0.03743320000000949,130.7728842,130.8103174
Percussion,-1,64,E4,56,0.0267379999999946,130.7835794,130.8103174
Percussion,-1,56,G#3,78,0.04278080000000273,130.7728842,130.815665
Percussion,-1,70,A#4,79,0.045454599999999346,130.7728842,130.8183388
Percussion,-1,62,D4,88,0.03743320000000949,130.9333122,130.9707454
Percussion,-1,62,D4,80,0.0267379999999946,130.9440074,130.9707454
Percussion,-1,70,A#4,78,0.04278080000000273,130.9333122,130.976093
Percussion,-1,62,D4,56,0.0267379999999946,131.1044354,131.1311734
Percussion,-1,70,A#4,79,0.04278080000000273,131.0937402,131.13652100000002
Percussion,-1,63,D#4,127,0.058823599999982434,131.0937402,131.1525638
Percussion,-1,35,B1,77,0.06951879999999733,131.096414,131.1659328
Percussion,-1,64,E4,56,0.0267379999999946,131.2648634,131.2916014
Percussion,-1,70,A#4,81,0.04278080000000273,131.2541682,131.296949
Percussion,-1,63,D#4,127,0.05080219999999258,131.2541682,131.3049704
Percussion,-1,62,D4,55,0.03743320000000949,131.4145962,131.45202940000001
Percussion,-1,62,D4,56,0.02673800000002302,131.4252914,131.45202940000001
Percussion,-1,70,A#4,76,0.04812839999999596,131.4145962,131.4627246
Percussion,-1,56,G#3,79,0.05080219999999258,131.4145962,131.4653984
Percussion,-1,70,A#4,54,0.029411799999991217,131.5750242,131.604436
Percussion,-1,62,D4,44,0.03743320000000949,131.5750242,131.6124574
Percussion,-1,62,D4,56,0.0267379999999946,131.58571940000002,131.6124574
Percussion,-1,62,D4,127,0.03743320000000949,131.7354522,131.7728854
Percussion,-1,62,D4,80,0.0267379999999946,131.7461474,131.7728854
Percussion,-1,70,A#4,70,0.04278080000000273,131.7354522,131.778233
Percussion,-1,61,C#4,52,0.08021400000001222,131.7087142,131.78892820000002
Percussion,-1,62,D4,55,0.008021400000018275,131.8958802,131.9039016
Percussion,-1,64,E4,56,0.0267379999999946,131.9065754,131.9333134
Percussion,-1,70,A#4,73,0.04278080000000273,131.8958802,131.938661
Percussion,-1,35,B1,77,0.1042782000000102,131.8932064,131.9974846
Percussion,-1,64,E4,56,0.0267379999999946,132.0670034,132.0937414
Percussion,-1,56,G#3,77,0.04278080000000273,132.0563082,132.099089
Percussion,-1,70,A#4,79,0.048128400000024385,132.0563082,132.1044366
Percussion,-1,63,D#4,88,0.12299480000001495,132.0563082,132.179303
Percussion,-1,62,D4,80,0.0267379999999946,132.2274314,132.2541694
Percussion,-1,70,A#4,70,0.042780799999974306,132.2167362,132.259517
Percussion,-1,63,D#4,88,0.05080219999999258,132.2167362,132.2675384
Percussion,-1,62,D4,56,0.0267379999999946,132.3878594,132.4145974
Percussion,-1,70,A#4,79,0.04812839999999596,132.3771642,132.4252926
Percussion,-1,64,E4,127,0.05614979999998582,132.3771642,132.433314
Percussion,-1,35,B1,77,0.09358299999999531,132.3744904,132.4680734
Percussion,-1,64,E4,127,0.03743320000000949,132.5375922,132.57502540000002
Percussion,-1,64,E4,56,0.02673800000002302,132.5482874,132.57502540000002
Percussion,-1,70,A#4,77,0.04278080000000273,132.5375922,132.580373
Percussion,-1,62,D4,55,0.03743320000000949,132.6980202,132.7354534
Percussion,-1,62,D4,56,0.02673800000002302,132.7087154,132.7354534
Percussion,-1,56,G#3,72,0.045454599999999346,132.6980202,132.7434748
Percussion,-1,70,A#4,80,0.04812839999999596,132.6980202,132.7461486
Percussion,-1,62,D4,55,0.03743320000000949,132.8584482,132.8958814
Percussion,-1,62,D4,56,0.0267379999999946,132.8691434,132.8958814
Percussion,-1,70,A#4,73,0.04278080000000273,132.8584482,132.901229
Percussion,-1,62,D4,127,0.03743320000000949,133.0188762,133.0563094
Percussion,-1,62,D4,80,0.0267379999999946,133.0295714,133.0563094
Percussion,-1,70,A#4,78,0.04278080000000273,133.0188762,133.061657
Percussion,-1,61,C#4,54,0.08021400000001222,132.994812,133.075026
Percussion,-1,64,E4,127,0.03743320000000949,133.1793042,133.2167374
Percussion,-1,64,E4,56,0.0267379999999946,133.1899994,133.2167374
Percussion,-1,70,A#4,82,0.04278080000000273,133.1793042,133.222085
Percussion,-1,35,B1,77,0.11764720000002171,133.1766304,133.29427760000002
Percussion,-1,64,E4,127,0.03743319999998107,133.33973220000001,133.3771654
Percussion,-1,64,E4,56,0.0267379999999946,133.3504274,133.3771654
Percussion,-1,56,G#3,78,0.042780799999974306,133.33973220000001,133.382513
Percussion,-1,70,A#4,79,0.045454599999999346,133.33973220000001,133.3851868
Percussion,-1,62,D4,88,0.03743319999998107,133.5001602,133.5375934
Percussion,-1,62,D4,80,0.0267379999999946,133.5108554,133.5375934
Percussion,-1,70,A#4,78,0.04278080000000273,133.5001602,133.542941
Percussion,-1,62,D4,56,0.02673800000002302,133.6712834,133.69802140000002
Percussion,-1,70,A#4,79,0.04278080000000273,133.6605882,133.703369
Percussion,-1,63,D#4,127,0.058823599999982434,133.6605882,133.7194118
Percussion,-1,35,B1,77,0.06951879999999733,133.663262,133.7327808
Percussion,-1,64,E4,56,0.02673800000002302,133.8317114,133.8584494
Percussion,-1,70,A#4,81,0.04278080000000273,133.8210162,133.863797
Percussion,-1,63,D#4,127,0.05080219999999258,133.8210162,133.8718184
Percussion,-1,62,D4,55,0.03743320000000949,133.9814442,134.0188774
Percussion,-1,62,D4,56,0.0267379999999946,133.9921394,134.0188774
Percussion,-1,70,A#4,76,0.04812839999999596,133.9814442,134.0295726
Percussion,-1,56,G#3,79,0.05080219999999258,133.9814442,134.0322464
Percussion,-1,70,A#4,54,0.02941180000001964,134.1418722,134.171284
Percussion,-1,62,D4,44,0.03743320000000949,134.1418722,134.1793054
Percussion,-1,62,D4,56,0.0267379999999946,134.1525674,134.1793054
Percussion,-1,62,D4,127,0.03743320000000949,134.3023002,134.3397334
Percussion,-1,62,D4,80,0.0267379999999946,134.3129954,134.3397334
Percussion,-1,70,A#4,70,0.04278080000000273,134.3023002,134.345081
Percussion,-1,61,C#4,52,0.08021400000001222,134.2755622,134.3557762
Percussion,-1,62,D4,55,0.008021399999989853,134.46272820000002,134.4707496
Percussion,-1,64,E4,56,0.0267379999999946,134.4734234,134.5001614
Percussion,-1,70,A#4,73,0.042780799999974306,134.46272820000002,134.505509
Percussion,-1,35,B1,77,0.1042782000000102,134.4600544,134.5643326
Percussion,-1,64,E4,56,0.0267379999999946,134.6338514,134.6605894
Percussion,-1,56,G#3,77,0.04278080000000273,134.6231562,134.665937
Percussion,-1,70,A#4,79,0.04812839999999596,134.6231562,134.6712846
Percussion,-1,63,D#4,88,0.12299479999998653,134.6231562,134.746151
Percussion,-1,62,D4,80,0.02673800000002302,134.7942794,134.82101740000002
Percussion,-1,70,A#4,70,0.04278080000000273,134.7835842,134.826365
Percussion,-1,63,D#4,88,0.05080219999999258,134.7835842,134.8343864
Percussion,-1,62,D4,56,0.02673800000002302,134.9547074,134.9814454
Percussion,-1,70,A#4,79,0.04812839999999596,134.9440122,134.9921406
Percussion,-1,64,E4,127,0.05614979999998582,134.9440122,135.000162
Percussion,-1,35,B1,77,0.09358299999999531,134.9413384,135.0349214
Percussion,-1,64,E4,127,0.03743320000000949,135.1044402,135.1418734
Percussion,-1,64,E4,56,0.0267379999999946,135.1151354,135.1418734
Percussion,-1,70,A#4,77,0.04278080000000273,135.1044402,135.147221
Percussion,-1,62,D4,55,0.03743320000000949,135.2648682,135.3023014
Percussion,-1,62,D4,56,0.0267379999999946,135.2755634,135.3023014
Percussion,-1,56,G#3,72,0.045454599999999346,135.2648682,135.3103228
Percussion,-1,70,A#4,80,0.04812839999999596,135.2648682,135.3129966
Percussion,-1,62,D4,55,0.03743320000000949,135.4252962,135.4627294
Percussion,-1,62,D4,56,0.0267379999999946,135.4359914,135.4627294
Percussion,-1,70,A#4,73,0.04278080000000273,135.4252962,135.468077
Percussion,-1,62,D4,127,0.03743319999998107,135.58572420000002,135.6231574
Percussion,-1,62,D4,80,0.0267379999999946,135.5964194,135.6231574
Percussion,-1,70,A#4,78,0.042780799999974306,135.58572420000002,135.628505
Percussion,-1,61,C#4,54,0.08021400000001222,135.56166,135.641874
Percussion,-1,64,E4,127,0.03743319999998107,135.7461522,135.7835854
Percussion,-1,64,E4,56,0.0267379999999946,135.7568474,135.7835854
Percussion,-1,70,A#4,82,0.04278080000000273,135.7461522,135.78893300000001
Percussion,-1,35,B1,77,0.11764719999999329,135.74347840000001,135.8611256
Percussion,-1,64,E4,127,0.03743319999998107,135.9065802,135.9440134
Percussion,-1,64,E4,56,0.0267379999999946,135.9172754,135.9440134
Percussion,-1,56,G#3,78,0.04278080000000273,135.9065802,135.949361
Percussion,-1,70,A#4,79,0.045454599999999346,135.9065802,135.9520348
Percussion,-1,62,D4,88,0.03743320000000949,136.0670082,136.1044414
Percussion,-1,62,D4,80,0.02673800000002302,136.0777034,136.1044414
Percussion,-1,70,A#4,78,0.04278080000000273,136.0670082,136.109789
Percussion,-1,62,D4,56,0.0267379999999946,136.23813140000001,136.2648694
Percussion,-1,70,A#4,79,0.04278080000000273,136.2274362,136.270217
Percussion,-1,63,D#4,127,0.058823600000010856,136.2274362,136.2862598
Percussion,-1,35,B1,77,0.06951879999999733,136.23011,136.2996288
Percussion,-1,64,E4,56,0.0267379999999946,136.3985594,136.4252974
Percussion,-1,70,A#4,81,0.04278080000000273,136.3878642,136.430645
Percussion,-1,63,D#4,127,0.050802200000021,136.3878642,136.43866640000002
Percussion,-1,62,D4,55,0.03743320000000949,136.5482922,136.5857254
Percussion,-1,62,D4,56,0.0267379999999946,136.5589874,136.5857254
Percussion,-1,70,A#4,76,0.048128400000024385,136.5482922,136.59642060000002
Percussion,-1,56,G#3,79,0.050802200000021,136.5482922,136.5990944
Percussion,-1,70,A#4,54,0.029411799999991217,136.70872020000002,136.738132
Percussion,-1,62,D4,44,0.03743319999998107,136.70872020000002,136.7461534
Percussion,-1,62,D4,56,0.0267379999999946,136.7194154,136.7461534
Percussion,-1,62,D4,127,0.03743319999998107,136.8691482,136.9065814
Percussion,-1,62,D4,80,0.0267379999999946,136.8798434,136.9065814
Percussion,-1,70,A#4,70,0.04278080000000273,136.8691482,136.91192900000001
Percussion,-1,61,C#4,52,0.08021400000001222,136.8424102,136.9226242
Percussion,-1,62,D4,55,0.008021399999989853,137.0295762,137.0375976
Percussion,-1,64,E4,56,0.0267379999999946,137.0402714,137.0670094
Percussion,-1,70,A#4,73,0.04278080000000273,137.0295762,137.072357
Percussion,-1,35,B1,77,0.10427819999998178,137.0269024,137.1311806
Percussion,-1,64,E4,56,0.02673800000002302,137.2006994,137.2274374
Percussion,-1,56,G#3,77,0.04278080000000273,137.1900042,137.232785
Percussion,-1,70,A#4,79,0.04812839999999596,137.1900042,137.2381326
Percussion,-1,63,D#4,88,0.12299479999998653,137.1900042,137.312999
Percussion,-1,62,D4,80,0.0267379999999946,137.36112740000002,137.3878654
Percussion,-1,70,A#4,70,0.04278080000000273,137.3504322,137.393213
Percussion,-1,63,D#4,88,0.05080219999999258,137.3504322,137.4012344
Percussion,-1,62,D4,56,0.0267379999999946,137.5215554,137.5482934
Percussion,-1,70,A#4,79,0.04812839999999596,137.5108602,137.5589886
Percussion,-1,64,E4,127,0.05614980000001424,137.5108602,137.56701
Percussion,-1,35,B1,77,0.09358299999999531,137.5081864,137.6017694
Percussion,-1,64,E4,127,0.03743320000000949,137.6712882,137.7087214
Percussion,-1,64,E4,56,0.0267379999999946,137.6819834,137.7087214
Percussion,-1,70,A#4,77,0.04278080000000273,137.6712882,137.714069
Percussion,-1,62,D4,55,0.03743319999998107,137.83171620000002,137.8691494
Percussion,-1,62,D4,56,0.0267379999999946,137.8424114,137.8691494
Percussion,-1,56,G#3,72,0.045454599999999346,137.83171620000002,137.87717080000002
Percussion,-1,70,A#4,80,0.04812839999999596,137.83171620000002,137.8798446
Percussion,-1,62,D4,55,0.03743319999998107,137.9921442,138.0295774
Percussion,-1,62,D4,56,0.0267379999999946,138.0028394,138.0295774
Percussion,-1,70,A#4,73,0.04278080000000273,137.9921442,138.03492500000002
Percussion,-1,62,D4,127,0.03743319999998107,138.1525722,138.1900054
Percussion,-1,62,D4,80,0.0267379999999946,138.1632674,138.1900054
Percussion,-1,70,A#4,78,0.04278080000000273,138.1525722,138.195353
Percussion,-1,61,C#4,54,0.0802139999999838,138.128508,138.208722
Percussion,-1,64,E4,127,0.03743320000000949,138.3130002,138.35043340000001
Percussion,-1,64,E4,56,0.02673800000002302,138.3236954,138.35043340000001
Percussion,-1,70,A#4,82,0.04278080000000273,138.3130002,138.355781
Percussion,-1,35,B1,77,0.11764719999999329,138.3103264,138.4279736
Percussion,-1,64,E4,127,0.03743320000000949,138.4734282,138.5108614
Percussion,-1,64,E4,56,0.0267379999999946,138.48412340000002,138.5108614
Percussion,-1,56,G#3,78,0.04278080000000273,138.4734282,138.516209
Percussion,-1,70,A#4,79,0.045454599999999346,138.4734282,138.5188828
Percussion,-1,62,D4,88,0.03743320000000949,138.6338562,138.6712894
Percussion,-1,62,D4,80,0.0267379999999946,138.6445514,138.6712894
Percussion,-1,70,A#4,78,0.04278080000000273,138.6338562,138.676637
Percussion,-1,62,D4,56,0.0267379999999946,138.8049794,138.8317174
Percussion,-1,70,A#4,79,0.04278080000000273,138.7942842,138.837065
Percussion,-1,63,D#4,127,0.058823600000010856,138.7942842,138.8531078
Percussion,-1,35,B1,77,0.06951880000002575,138.796958,138.86647680000002
Percussion,-1,64,E4,56,0.0267379999999946,138.9654074,138.9921454
Percussion,-1,70,A#4,81,0.04278080000000273,138.9547122,138.997493
Percussion,-1,63,D#4,127,0.050802200000021,138.9547122,139.0055144
Percussion,-1,62,D4,55,0.03743319999998107,139.1151402,139.1525734
Percussion,-1,62,D4,56,0.0267379999999946,139.1258354,139.1525734
Percussion,-1,70,A#4,76,0.04812839999999596,139.1151402,139.1632686
Percussion,-1,56,G#3,79,0.05080219999999258,139.1151402,139.1659424
Percussion,-1,70,A#4,54,0.029411799999991217,139.2755682,139.30498
Percussion,-1,62,D4,44,0.03743319999998107,139.2755682,139.3130014
Percussion,-1,62,D4,56,0.0267379999999946,139.2862634,139.3130014
Percussion,-1,62,D4,127,0.03743320000000949,139.4359962,139.47342940000001
Percussion,-1,62,D4,80,0.02673800000002302,139.4466914,139.47342940000001
Percussion,-1,70,A#4,70,0.04278080000000273,139.4359962,139.478777
Percussion,-1,61,C#4,52,0.0802139999999838,139.4092582,139.4894722
Percussion,-1,62,D4,55,0.008021399999989853,139.5964242,139.6044456
Percussion,-1,64,E4,56,0.0267379999999946,139.60711940000002,139.6338574
Percussion,-1,70,A#4,73,0.04278080000000273,139.5964242,139.639205
Percussion,-1,35,B1,77,0.1042782000000102,139.5937504,139.69802860000001
Percussion,-1,64,E4,56,0.0267379999999946,139.7675474,139.7942854
Percussion,-1,56,G#3,77,0.04278080000000273,139.7568522,139.799633
Percussion,-1,70,A#4,79,0.04812839999999596,139.7568522,139.8049806
Percussion,-1,63,D#4,88,0.12299480000001495,139.7568522,139.879847
Percussion,-1,62,D4,80,0.0267379999999946,139.9279754,139.9547134
Percussion,-1,70,A#4,70,0.04278080000000273,139.9172802,139.960061
Percussion,-1,63,D#4,88,0.050802200000021,139.9172802,139.96808240000001
Percussion,-1,62,D4,56,0.0267379999999946,140.0884034,140.1151414
Percussion,-1,70,A#4,79,0.048128400000024385,140.0777082,140.1258366
Percussion,-1,64,E4,127,0.05614980000001424,140.0777082,140.133858
Percussion,-1,35,B1,77,0.09358300000002373,140.0750344,140.16861740000002
Percussion,-1,64,E4,127,0.03743319999998107,140.2381362,140.2755694
Percussion,-1,64,E4,56,0.0267379999999946,140.2488314,140.2755694
Percussion,-1,70,A#4,77,0.04278080000000273,140.2381362,140.28091700000002
Percussion,-1,62,D4,55,0.03743319999998107,140.3985642,140.4359974
Percussion,-1,62,D4,56,0.0267379999999946,140.4092594,140.4359974
Percussion,-1,56,G#3,72,0.045454599999999346,140.3985642,140.4440188
Percussion,-1,70,A#4,80,0.04812839999999596,140.3985642,140.4466926
Percussion,-1,62,D4,55,0.03743320000000949,140.5589922,140.59642540000002
Percussion,-1,62,D4,56,0.02673800000002302,140.5696874,140.59642540000002
Percussion,-1,70,A#4,73,0.04278080000000273,140.5589922,140.601773
Percussion,-1,62,D4,127,0.03743320000000949,140.7194202,140.7568534
Percussion,-1,62,D4,80,0.0267379999999946,140.73011540000002,140.7568534
Percussion,-1,70,A#4,78,0.04278080000000273,140.7194202,140.762201
Percussion,-1,61,C#4,54,0.08021400000001222,140.695356,140.77557000000002
Percussion,-1,64,E4,127,0.03743320000000949,140.8798482,140.9172814
Percussion,-1,64,E4,56,0.0267379999999946,140.8905434,140.9172814
Percussion,-1,70,A#4,82,0.04278080000000273,140.8798482,140.922629
Percussion,-1,35,B1,77,0.11764719999999329,140.8771744,140.9948216
Percussion,-1,64,E4,127,0.03743320000000949,141.0402762,141.0777094
Percussion,-1,64,E4,56,0.0267379999999946,141.0509714,141.0777094
Percussion,-1,56,G#3,78,0.04278080000000273,141.0402762,141.083057
Percussion,-1,70,A#4,79,0.045454599999999346,141.0402762,141.0857308
Percussion,-1,62,D4,88,0.03743320000000949,141.2007042,141.2381374
Percussion,-1,62,D4,80,0.0267379999999946,141.2113994,141.2381374
Percussion,-1,70,A#4,78,0.04278080000000273,141.2007042,141.243485
Percussion,-1,62,D4,56,0.0267379999999946,141.3718274,141.3985654
Percussion,-1,70,A#4,79,0.042780799999974306,141.36113220000001,141.403913
Percussion,-1,63,D#4,127,0.058823599999982434,141.36113220000001,141.4199558
Percussion,-1,35,B1,77,0.06951879999999733,141.363806,141.4333248
Percussion,-1,64,E4,56,0.0267379999999946,141.5322554,141.5589934
Percussion,-1,70,A#4,81,0.04278080000000273,141.5215602,141.564341
Percussion,-1,63,D#4,127,0.05080219999999258,141.5215602,141.5723624
Percussion,-1,62,D4,55,0.03743320000000949,141.6819882,141.71942140000002
Percussion,-1,62,D4,56,0.02673800000002302,141.6926834,141.71942140000002
Percussion,-1,70,A#4,76,0.04812839999999596,141.6819882,141.7301166
Percussion,-1,56,G#3,79,0.05080219999999258,141.6819882,141.7327904
Percussion,-1,70,A#4,54,0.029411799999991217,141.8424162,141.871828
Percussion,-1,62,D4,44,0.03743320000000949,141.8424162,141.8798494
Percussion,-1,62,D4,56,0.02673800000002302,141.8531114,141.8798494
Percussion,-1,62,D4,127,0.03743320000000949,142.0028442,142.0402774
Percussion,-1,62,D4,80,0.0267379999999946,142.0135394,142.0402774
Percussion,-1,70,A#4,70,0.04278080000000273,142.0028442,142.045625
Percussion,-1,61,C#4,52,0.08021400000001222,141.9761062,142.05632020000002
Percussion,-1,62,D4,55,0.008021400000018275,142.1632722,142.1712936
Percussion,-1,64,E4,56,0.0267379999999946,142.1739674,142.2007054
Percussion,-1,70,A#4,73,0.04278080000000273,142.1632722,142.206053
Percussion,-1,35,B1,77,0.1042782000000102,142.1605984,142.2648766
Percussion,-1,64,E4,56,0.0267379999999946,142.3343954,142.3611334
Percussion,-1,56,G#3,77,0.04278080000000273,142.3237002,142.366481
Percussion,-1,70,A#4,79,0.048128400000024385,142.3237002,142.37182860000001
Percussion,-1,63,D#4,88,0.12299480000001495,142.3237002,142.446695
Percussion,-1,62,D4,80,0.0267379999999946,142.4948234,142.5215614
Percussion,-1,70,A#4,70,0.042780799999974306,142.48412820000001,142.526909
Percussion,-1,63,D#4,88,0.05080219999999258,142.48412820000001,142.5349304
Percussion,-1,62,D4,56,0.0267379999999946,142.6552514,142.6819894
Percussion,-1,70,A#4,79,0.04812839999999596,142.6445562,142.6926846
Percussion,-1,64,E4,127,0.05614979999998582,142.6445562,142.700706
Percussion,-1,35,B1,77,0.09358299999999531,142.64188240000001,142.7354654
Percussion,-1,64,E4,127,0.03743320000000949,142.8049842,142.84241740000002
Percussion,-1,64,E4,56,0.02673800000002302,142.8156794,142.84241740000002
Percussion,-1,70,A#4,77,0.04278080000000273,142.8049842,142.847765
Percussion,-1,62,D4,55,0.03743320000000949,142.9654122,143.0028454
Percussion,-1,62,D4,56,0.02673800000002302,142.9761074,143.0028454
Percussion,-1,56,G#3,72,0.045454599999999346,142.9654122,143.0108668
Percussion,-1,70,A#4,80,0.04812839999999596,142.9654122,143.0135406
Percussion,-1,62,D4,55,0.03743320000000949,143.1258402,143.1632734
Percussion,-1,62,D4,56,0.0267379999999946,143.1365354,143.1632734
Percussion,-1,70,A#4,73,0.04278080000000273,143.1258402,143.168621
Percussion,-1,62,D4,127,0.03743320000000949,143.2862682,143.3237014
Percussion,-1,62,D4,80,0.0267379999999946,143.2969634,143.3237014
Percussion,-1,70,A#4,78,0.04278080000000273,143.2862682,143.329049
Percussion,-1,61,C#4,54,0.08021400000001222,143.262204,143.342418
Percussion,-1,64,E4,127,0.03743320000000949,143.4466962,143.4841294
Percussion,-1,64,E4,56,0.0267379999999946,143.4573914,143.4841294
Percussion,-1,70,A#4,82,0.04278080000000273,143.4466962,143.489477
Percussion,-1,35,B1,77,0.11764720000002171,143.4440224,143.56166960000002
Percussion,-1,64,E4,127,0.03743319999998107,143.60712420000002,143.6445574
Percussion,-1,64,E4,56,0.0267379999999946,143.6178194,143.6445574
Percussion,-1,56,G#3,78,0.042780799999974306,143.60712420000002,143.649905
Percussion,-1,70,A#4,79,0.045454599999999346,143.60712420000002,143.65257880000001
Percussion,-1,62,D4,88,0.03743319999998107,143.7675522,143.8049854
Percussion,-1,62,D4,80,0.0267379999999946,143.7782474,143.8049854
Percussion,-1,70,A#4,78,0.04278080000000273,143.7675522,143.810333
Percussion,-1,62,D4,56,0.0267379999999946,143.9386754,143.9654134
Percussion,-1,70,A#4,79,0.04278080000000273,143.9279802,143.970761
Percussion,-1,63,D#4,127,0.058823599999982434,143.9279802,143.9868038
Percussion,-1,35,B1,77,0.06951879999999733,143.930654,144.0001728
Percussion,-1,64,E4,56,0.02673800000002302,144.0991034,144.1258414
Percussion,-1,70,A#4,81,0.04278080000000273,144.0884082,144.131189
Percussion,-1,63,D#4,127,0.05080219999999258,144.0884082,144.1392104
Percussion,-1,62,D4,55,0.03743320000000949,144.2488362,144.2862694
Percussion,-1,62,D4,56,0.0267379999999946,144.25953140000001,144.2862694
Percussion,-1,70,A#4,76,0.04812839999999596,144.2488362,144.2969646
Percussion,-1,56,G#3,79,0.05080219999999258,144.2488362,144.2996384
Percussion,-1,70,A#4,54,0.02941180000001964,144.4092642,144.43867600000002
Percussion,-1,62,D4,44,0.03743320000000949,144.4092642,144.4466974
Percussion,-1,62,D4,56,0.0267379999999946,144.4199594,144.4466974
Percussion,-1,62,D4,127,0.03743320000000949,144.5696922,144.6071254
Percussion,-1,62,D4,80,0.0267379999999946,144.5803874,144.6071254
Percussion,-1,70,A#4,70,0.04278080000000273,144.5696922,144.612473
Percussion,-1,61,C#4,52,0.08021400000001222,144.5429542,144.6231682
Percussion,-1,62,D4,55,0.008021399999989853,144.73012020000002,144.7381416
Percussion,-1,64,E4,56,0.0267379999999946,144.7408154,144.7675534
Percussion,-1,70,A#4,73,0.042780799999974306,144.73012020000002,144.772901
Percussion,-1,35,B1,77,0.1042782000000102,144.7274464,144.8317246
Percussion,-1,64,E4,56,0.0267379999999946,144.9012434,144.9279814
Percussion,-1,56,G#3,77,0.04278080000000273,144.8905482,144.93332900000001
Percussion,-1,70,A#4,79,0.04812839999999596,144.8905482,144.9386766
Percussion,-1,63,D#4,88,0.12299479999998653,144.8905482,145.013543
Percussion,-1,62,D4,80,0.0267379999999946,145.0616714,145.0884094
Percussion,-1,70,A#4,70,0.04278080000000273,145.0509762,145.093757
Percussion,-1,63,D#4,88,0.05080219999999258,145.0509762,145.1017784
Percussion,-1,62,D4,56,0.02673800000002302,145.2220994,145.2488374
Percussion,-1,70,A#4,79,0.04812839999999596,145.2114042,145.2595326
Percussion,-1,64,E4,127,0.05614979999998582,145.2114042,145.267554
Percussion,-1,35,B1,77,0.09358299999999531,145.2087304,145.3023134
Percussion,-1,64,E4,127,0.03743320000000949,145.3718322,145.4092654
Percussion,-1,64,E4,56,0.0267379999999946,145.38252740000001,145.4092654
Percussion,-1,70,A#4,77,0.04278080000000273,145.3718322,145.414613
Percussion,-1,62,D4,55,0.03743320000000949,145.5322602,145.5696934
Percussion,-1,62,D4,56,0.0267379999999946,145.5429554,145.5696934
Percussion,-1,56,G#3,72,0.045454599999999346,145.5322602,145.5777148
Percussion,-1,70,A#4,80,0.04812839999999596,145.5322602,145.5803886
Percussion,-1,62,D4,55,0.03743320000000949,145.6926882,145.7301214
Percussion,-1,62,D4,56,0.0267379999999946,145.7033834,145.7301214
Percussion,-1,70,A#4,73,0.04278080000000273,145.6926882,145.735469
Percussion,-1,62,D4,127,0.03743319999998107,145.85311620000002,145.8905494
Percussion,-1,62,D4,80,0.0267379999999946,145.8638114,145.8905494
Percussion,-1,70,A#4,78,0.042780799999974306,145.85311620000002,145.895897
Percussion,-1,61,C#4,54,0.08021400000001222,145.829052,145.909266
Percussion,-1,64,E4,127,0.03743319999998107,146.0135442,146.0509774
Percussion,-1,64,E4,56,0.0267379999999946,146.0242394,146.0509774
Percussion,-1,70,A#4,82,0.04278080000000273,146.0135442,146.05632500000002
Percussion,-1,35,B1,77,0.11764719999999329,146.01087040000002,146.1285176
Percussion,-1,64,E4,127,0.03743319999998107,146.1739722,146.2114054
Percussion,-1,64,E4,56,0.0267379999999946,146.1846674,146.2114054
Percussion,-1,56,G#3,78,0.04278080000000273,146.1739722,146.216753
Percussion,-1,70,A#4,79,0.045454599999999346,146.1739722,146.2194268
Percussion,-1,62,D4,88,0.03743320000000949,146.3344002,146.3718334
Percussion,-1,62,D4,80,0.02673800000002302,146.3450954,146.3718334
Percussion,-1,70,A#4,78,0.04278080000000273,146.3344002,146.377181
Percussion,-1,62,D4,56,0.0267379999999946,146.50552340000002,146.5322614
Percussion,-1,70,A#4,79,0.04278080000000273,146.4948282,146.537609
Percussion,-1,63,D#4,127,0.058823600000010856,146.4948282,146.5536518
Percussion,-1,35,B1,77,0.06951879999999733,146.497502,146.5670208
Percussion,-1,64,E4,56,0.0267379999999946,146.6659514,146.6926894
Percussion,-1,70,A#4,81,0.04278080000000273,146.6552562,146.698037
Percussion,-1,63,D#4,127,0.05080219999999258,146.6552562,146.7060584
Percussion,-1,62,D4,55,0.03743320000000949,146.8156842,146.8531174
Percussion,-1,62,D4,56,0.0267379999999946,146.8263794,146.8531174
Percussion,-1,70,A#4,76,0.04812839999999596,146.8156842,146.8638126
Percussion,-1,56,G#3,79,0.050802200000021,146.8156842,146.8664864
Percussion,-1,70,A#4,54,0.02941180000001964,146.9761122,147.005524
Percussion,-1,62,D4,44,0.03743320000000949,146.9761122,147.0135454
Percussion,-1,62,D4,56,0.0267379999999946,146.9868074,147.0135454
Percussion,-1,62,D4,127,0.03743319999998107,147.1365402,147.1739734
Percussion,-1,62,D4,80,0.0267379999999946,147.1472354,147.1739734
Percussion,-1,70,A#4,70,0.04278080000000273,147.1365402,147.17932100000002
Percussion,-1,61,C#4,52,0.08021400000001222,147.1098022,147.1900162
Percussion,-1,62,D4,55,0.008021399999989853,147.2969682,147.3049896
Percussion,-1,64,E4,56,0.0267379999999946,147.3076634,147.3344014
Percussion,-1,70,A#4,73,0.04278080000000273,147.2969682,147.339749
Percussion,-1,35,B1,77,0.10427819999998178,147.2942944,147.3985726
Percussion,-1,64,E4,56,0.02673800000002302,147.4680914,147.49482940000001
Percussion,-1,56,G#3,77,0.04278080000000273,147.4573962,147.500177
Percussion,-1,70,A#4,79,0.04812839999999596,147.4573962,147.5055246
Percussion,-1,63,D#4,88,0.12299479999998653,147.4573962,147.580391
Percussion,-1,62,D4,80,0.0267379999999946,147.62851940000002,147.6552574
Percussion,-1,70,A#4,70,0.04278080000000273,147.6178242,147.660605
Percussion,-1,63,D#4,88,0.05080219999999258,147.6178242,147.6686264
Percussion,-1,62,D4,56,0.0267379999999946,147.7889474,147.8156854
Percussion,-1,70,A#4,79,0.04812839999999596,147.7782522,147.8263806
Percussion,-1,64,E4,127,0.05614980000001424,147.7782522,147.834402
Percussion,-1,35,B1,77,0.09358299999999531,147.7755784,147.8691614
Percussion,-1,64,E4,127,0.03743320000000949,147.9386802,147.9761134
Percussion,-1,64,E4,56,0.0267379999999946,147.9493754,147.9761134
Percussion,-1,70,A#4,77,0.04278080000000273,147.9386802,147.981461
Percussion,-1,62,D4,55,0.03743320000000949,148.0991082,148.1365414
Percussion,-1,62,D4,56,0.0267379999999946,148.1098034,148.1365414
Percussion,-1,56,G#3,72,0.045454599999999346,148.0991082,148.1445628
Percussion,-1,70,A#4,80,0.048128400000024385,148.0991082,148.1472366
Percussion,-1,62,D4,55,0.03743319999998107,148.2595362,148.2969694
Percussion,-1,62,D4,56,0.0267379999999946,148.2702314,148.2969694
Percussion,-1,70,A#4,73,0.04278080000000273,148.2595362,148.30231700000002
Percussion,-1,62,D4,127,0.03743319999998107,148.4199642,148.4573974
Percussion,-1,62,D4,80,0.0267379999999946,148.4306594,148.4573974
Percussion,-1,70,A#4,78,0.04278080000000273,148.4199642,148.462745
Percussion,-1,61,C#4,54,0.0802139999999838,148.3959,148.476114
Percussion,-1,64,E4,127,0.03743320000000949,148.5803922,148.61782540000002
Percussion,-1,64,E4,56,0.02673800000002302,148.5910874,148.61782540000002
Percussion,-1,70,A#4,82,0.04278080000000273,148.5803922,148.623173
Percussion,-1,35,B1,77,0.11764719999999329,148.5777184,148.6953656
Percussion,-1,64,E4,127,0.03743320000000949,148.7408202,148.7782534
Percussion,-1,64,E4,56,0.0267379999999946,148.75151540000002,148.7782534
Percussion,-1,56,G#3,78,0.04278080000000273,148.7408202,148.783601
Percussion,-1,70,A#4,79,0.045454599999999346,148.7408202,148.7862748
Percussion,-1,62,D4,88,0.03743320000000949,148.9012482,148.9386814
Percussion,-1,62,D4,80,0.0267379999999946,148.9119434,148.9386814
Percussion,-1,70,A#4,78,0.04278080000000273,148.9012482,148.944029
Percussion,-1,62,D4,56,0.0267379999999946,149.0723714,149.0991094
Percussion,-1,70,A#4,79,0.04278080000000273,149.0616762,149.104457
Percussion,-1,63,D#4,127,0.058823600000010856,149.0616762,149.1204998
Percussion,-1,35,B1,77,0.06951880000002575,149.06435,149.13386880000002
Percussion,-1,64,E4,56,0.0267379999999946,149.2327994,149.2595374
Percussion,-1,70,A#4,81,0.04278080000000273,149.2221042,149.264885
Percussion,-1,63,D#4,127,0.050802200000021,149.2221042,149.2729064
Percussion,-1,62,D4,55,0.03743319999998107,149.3825322,149.4199654
Percussion,-1,62,D4,56,0.0267379999999946,149.3932274,149.4199654
Percussion,-1,70,A#4,76,0.04812839999999596,149.3825322,149.4306606
Percussion,-1,56,G#3,79,0.05080219999999258,149.3825322,149.4333344
Percussion,-1,70,A#4,54,0.029411799999991217,149.5429602,149.572372
Percussion,-1,62,D4,44,0.03743319999998107,149.5429602,149.5803934
Percussion,-1,62,D4,56,0.0267379999999946,149.5536554,149.5803934
Percussion,-1,62,D4,127,0.03743320000000949,149.7033882,149.74082140000002
Percussion,-1,62,D4,80,0.02673800000002302,149.7140834,149.74082140000002
Percussion,-1,70,A#4,70,0.04278080000000273,149.7033882,149.746169
Percussion,-1,61,C#4,52,0.0802139999999838,149.6766502,149.7568642
Percussion,-1,62,D4,55,0.008021399999989853,149.8638162,149.8718376
Percussion,-1,64,E4,56,0.02673800000002302,149.8745114,149.9012494
Percussion,-1,70,A#4,73,0.04278080000000273,149.8638162,149.906597
Percussion,-1,35,B1,77,0.1042782000000102,149.8611424,149.96542060000002
Percussion,-1,64,E4,56,0.0267379999999946,150.0349394,150.0616774
Percussion,-1,56,G#3,77,0.04278080000000273,150.0242442,150.067025
Percussion,-1,70,A#4,79,0.04812839999999596,150.0242442,150.0723726
Percussion,-1,63,D#4,88,0.12299480000001495,150.0242442,150.147239
Percussion,-1,62,D4,80,0.0267379999999946,150.1953674,150.2221054
Percussion,-1,70,A#4,70,0.04278080000000273,150.1846722,150.227453
Percussion,-1,63,D#4,88,0.050802200000021,150.1846722,150.23547440000002
Percussion,-1,62,D4,56,0.0267379999999946,150.3557954,150.3825334
Percussion,-1,70,A#4,79,0.048128400000024385,150.3451002,150.39322860000001
Percussion,-1,64,E4,127,0.05614980000001424,150.3451002,150.40125
Percussion,-1,35,B1,77,0.09358299999999531,150.3424264,150.4360094
Percussion,-1,64,E4,127,0.03743319999998107,150.50552820000001,150.5429614
Percussion,-1,64,E4,56,0.0267379999999946,150.5162234,150.5429614
Percussion,-1,70,A#4,77,0.042780799999974306,150.50552820000001,150.548309
Percussion,-1,62,D4,55,0.03743319999998107,150.6659562,150.7033894
Percussion,-1,62,D4,56,0.0267379999999946,150.6766514,150.7033894
Percussion,-1,56,G#3,72,0.045454599999999346,150.6659562,150.7114108
Percussion,-1,70,A#4,80,0.04812839999999596,150.6659562,150.7140846
Percussion,-1,62,D4,55,0.03743320000000949,150.8263842,150.86381740000002
Percussion,-1,62,D4,56,0.02673800000002302,150.8370794,150.86381740000002
Percussion,-1,70,A#4,73,0.04278080000000273,150.8263842,150.869165
Percussion,-1,62,D4,127,0.03743320000000949,150.9868122,151.0242454
Percussion,-1,62,D4,80,0.02673800000002302,150.9975074,151.0242454
Percussion,-1,70,A#4,78,0.04278080000000273,150.9868122,151.029593
Percussion,-1,61,C#4,54,0.0802139999999838,150.962748,151.042962
Percussion,-1,64,E4,127,0.03743320000000949,151.1472402,151.1846734
Percussion,-1,64,E4,56,0.0267379999999946,151.1579354,151.1846734
Percussion,-1,70,A#4,82,0.04278080000000273,151.1472402,151.190021
Percussion,-1,35,B1,77,0.11764719999999329,151.1445664,151.2622136
Percussion,-1,64,E4,127,0.03743320000000949,151.3076682,151.3451014
Percussion,-1,64,E4,56,0.0267379999999946,151.3183634,151.3451014
Percussion,-1,56,G#3,78,0.04278080000000273,151.3076682,151.350449
Percussion,-1,70,A#4,79,0.045454599999999346,151.3076682,151.3531228
Percussion,-1,62,D4,88,0.03743320000000949,151.4680962,151.5055294
Percussion,-1,62,D4,80,0.0267379999999946,151.4787914,151.5055294
Percussion,-1,70,A#4,78,0.04278080000000273,151.4680962,151.510877
Percussion,-1,62,D4,56,0.0267379999999946,151.6392194,151.6659574
Percussion,-1,70,A#4,79,0.042780799999974306,151.62852420000002,151.671305
Percussion,-1,63,D#4,127,0.058823599999982434,151.62852420000002,151.6873478
Percussion,-1,35,B1,77,0.06951879999999733,151.631198,151.7007168
Percussion,-1,64,E4,56,0.0267379999999946,151.7996474,151.8263854
Percussion,-1,70,A#4,81,0.04278080000000273,151.7889522,151.831733
Percussion,-1,63,D#4,127,0.05080219999999258,151.7889522,151.8397544
Percussion,-1,62,D4,55,0.03743320000000949,151.9493802,151.98681340000002
Percussion,-1,62,D4,56,0.02673800000002302,151.9600754,151.98681340000002
Percussion,-1,70,A#4,76,0.04812839999999596,151.9493802,151.9975086
Percussion,-1,56,G#3,79,0.05080219999999258,151.9493802,152.0001824
Percussion,-1,70,A#4,54,0.029411799999991217,152.1098082,152.13922
Percussion,-1,62,D4,44,0.03743320000000949,152.1098082,152.1472414
Percussion,-1,62,D4,56,0.02673800000002302,152.1205034,152.1472414
Percussion,-1,62,D4,127,0.03743320000000949,152.2702362,152.3076694
Percussion,-1,62,D4,80,0.0267379999999946,152.28093140000001,152.3076694
Percussion,-1,70,A#4,70,0.04278080000000273,152.2702362,152.313017
Percussion,-1,61,C#4,52,0.0802139999999838,152.2434982,152.3237122
Percussion,-1,62,D4,55,0.008021400000018275,152.4306642,152.4386856
Percussion,-1,64,E4,56,0.0267379999999946,152.4413594,152.4680974
Percussion,-1,70,A#4,73,0.04278080000000273,152.4306642,152.473445
Percussion,-1,35,B1,77,0.1042782000000102,152.4279904,152.5322686
Percussion,-1,64,E4,56,0.0267379999999946,152.6017874,152.6285254
Percussion,-1,56,G#3,77,0.04278080000000273,152.5910922,152.633873
Percussion,-1,70,A#4,79,0.048128400000024385,152.5910922,152.63922060000002
Percussion,-1,63,D#4,88,0.12299480000001495,152.5910922,152.714087
Percussion,-1,62,D4,80,0.0267379999999946,152.7622154,152.7889534
Percussion,-1,70,A#4,70,0.042780799999974306,152.75152020000002,152.794301
Percussion,-1,63,D#4,88,0.05080219999999258,152.75152020000002,152.8023224
Percussion,-1,62,D4,56,0.0267379999999946,152.9226434,152.9493814
Percussion,-1,70,A#4,79,0.04812839999999596,152.9119482,152.9600766
Percussion,-1,64,E4,127,0.05614979999998582,152.9119482,152.968098
Percussion,-1,35,B1,77,0.09358299999999531,152.90927440000002,153.0028574
Percussion,-1,64,E4,127,0.03743319999998107,153.0723762,153.1098094
Percussion,-1,64,E4,56,0.0267379999999946,153.0830714,153.1098094
Percussion,-1,70,A#4,77,0.04278080000000273,153.0723762,153.115157
Percussion,-1,62,D4,55,0.03743320000000949,153.2328042,153.2702374
Percussion,-1,62,D4,56,0.02673800000002302,153.2434994,153.2702374
Percussion,-1,56,G#3,72,0.045454599999999346,153.2328042,153.2782588
Percussion,-1,70,A#4,80,0.04812839999999596,153.2328042,153.2809326
Percussion,-1,62,D4,55,0.03743320000000949,153.3932322,153.4306654
Percussion,-1,62,D4,56,0.0267379999999946,153.40392740000001,153.4306654
Percussion,-1,70,A#4,73,0.04278080000000273,153.3932322,153.436013
Percussion,-1,62,D4,127,0.03743320000000949,153.5536602,153.5910934
Percussion,-1,62,D4,80,0.0267379999999946,153.5643554,153.5910934
Percussion,-1,70,A#4,78,0.04278080000000273,153.5536602,153.596441
Percussion,-1,61,C#4,54,0.08021400000001222,153.529596,153.60981
Percussion,-1,64,E4,127,0.03743320000000949,153.7140882,153.7515214
Percussion,-1,64,E4,56,0.0267379999999946,153.7247834,153.7515214
Percussion,-1,70,A#4,82,0.04278080000000273,153.7140882,153.756869
Percussion,-1,35,B1,77,0.11764719999999329,153.7114144,153.8290616
Percussion,-1,64,E4,127,0.03743319999998107,153.87451620000002,153.9119494
Percussion,-1,64,E4,56,0.0267379999999946,153.8852114,153.9119494
Percussion,-1,56,G#3,78,0.042780799999974306,153.87451620000002,153.917297
Percussion,-1,70,A#4,79,0.045454599999999346,153.87451620000002,153.91997080000002
Percussion,-1,62,D4,88,0.03743319999998107,154.0349442,154.0723774
Percussion,-1,62,D4,80,0.0267379999999946,154.0456394,154.0723774
Percussion,-1,70,A#4,78,0.04278080000000273,154.0349442,154.07772500000002
Percussion,-1,62,D4,56,0.0267379999999946,154.2060674,154.2328054
Percussion,-1,70,A#4,79,0.04278080000000273,154.1953722,154.238153
Percussion,-1,63,D#4,127,0.058823599999982434,154.1953722,154.2541958
Percussion,-1,35,B1,77,0.06951879999999733,154.198046,154.2675648
Percussion,-1,64,E4,56,0.02673800000002302,154.3664954,154.3932334
Percussion,-1,70,A#4,81,0.04278080000000273,154.3558002,154.398581
Percussion,-1,63,D#4,127,0.05080219999999258,154.3558002,154.4066024
Percussion,-1,62,D4,55,0.03743320000000949,154.5162282,154.5536614
Percussion,-1,62,D4,56,0.0267379999999946,154.52692340000002,154.5536614
Percussion,-1,70,A#4,76,0.04812839999999596,154.5162282,154.5643566
Percussion,-1,56,G#3,79,0.05080219999999258,154.5162282,154.5670304
Percussion,-1,70,A#4,54,0.02941180000001964,154.6766562,154.70606800000002
Percussion,-1,62,D4,44,0.03743320000000949,154.6766562,154.7140894
Percussion,-1,62,D4,56,0.0267379999999946,154.6873514,154.7140894
Percussion,-1,62,D4,127,0.03743320000000949,154.8370842,154.8745174
Percussion,-1,62,D4,80,0.0267379999999946,154.8477794,154.8745174
Percussion,-1,70,A#4,70,0.04278080000000273,154.8370842,154.879865
Percussion,-1,61,C#4,52,0.08021400000001222,154.8103462,154.8905602
Percussion,-1,62,D4,55,0.008021399999989853,154.99751220000002,155.0055336
Percussion,-1,64,E4,56,0.0267379999999946,155.0082074,155.0349454
Percussion,-1,70,A#4,73,0.042780799999974306,154.99751220000002,155.040293
Percussion,-1,35,B1,77,0.1042782000000102,154.9948384,155.0991166
Percussion,-1,64,E4,56,0.0267379999999946,155.1686354,155.1953734
Percussion,-1,56,G#3,77,0.04278080000000273,155.1579402,155.20072100000002
Percussion,-1,70,A#4,79,0.04812839999999596,155.1579402,155.2060686
Percussion,-1,63,D#4,88,0.12299479999998653,155.1579402,155.280935
Percussion,-1,62,D4,80,0.0267379999999946,155.3290634,155.3558014
Percussion,-1,70,A#4,70,0.04278080000000273,155.3183682,155.361149
Percussion,-1,63,D#4,88,0.05080219999999258,155.3183682,155.3691704
Percussion,-1,62,D4,56,0.02673800000002302,155.4894914,155.51622940000001
Percussion,-1,70,A#4,79,0.04812839999999596,155.4787962,155.5269246
Percussion,-1,64,E4,127,0.05614979999998582,155.4787962,155.534946
Percussion,-1,35,B1,77,0.09358299999999531,155.4761224,155.5697054
Percussion,-1,64,E4,127,0.03743320000000949,155.6392242,155.6766574
Percussion,-1,64,E4,56,0.0267379999999946,155.64991940000002,155.6766574
Percussion,-1,70,A#4,77,0.04278080000000273,155.6392242,155.682005
Percussion,-1,62,D4,55,0.03743320000000949,155.7996522,155.8370854
Percussion,-1,62,D4,56,0.0267379999999946,155.8103474,155.8370854
Percussion,-1,56,G#3,72,0.045454599999999346,155.7996522,155.8451068
Percussion,-1,70,A#4,80,0.04812839999999596,155.7996522,155.8477806
Percussion,-1,62,D4,55,0.03743320000000949,155.9600802,155.9975134
Percussion,-1,62,D4,56,0.0267379999999946,155.9707754,155.9975134
Percussion,-1,70,A#4,73,0.04278080000000273,155.9600802,156.002861
Percussion,-1,62,D4,127,0.03743320000000949,156.1205082,156.1579414
Percussion,-1,62,D4,80,0.0267379999999946,156.1312034,156.1579414
Percussion,-1,70,A#4,78,0.04278080000000273,156.1205082,156.163289
Percussion,-1,61,C#4,54,0.08021400000001222,156.096444,156.176658
Percussion,-1,64,E4,127,0.03743319999998107,156.2809362,156.3183694
Percussion,-1,64,E4,56,0.0267379999999946,156.2916314,156.3183694
Percussion,-1,70,A#4,82,0.04278080000000273,156.2809362,156.32371700000002
Percussion,-1,35,B1,77,0.11764719999999329,156.27826240000002,156.3959096
Percussion,-1,64,E4,127,0.03743319999998107,156.4413642,156.4787974
Percussion,-1,64,E4,56,0.0267379999999946,156.4520594,156.4787974
Percussion,-1,56,G#3,78,0.04278080000000273,156.4413642,156.484145
Percussion,-1,70,A#4,79,0.045454599999999346,156.4413642,156.4868188
Percussion,-1,62,D4,88,0.03743320000000949,156.6017922,156.63922540000002
Percussion,-1,62,D4,80,0.02673800000002302,156.6124874,156.63922540000002
Percussion,-1,70,A#4,78,0.04278080000000273,156.6017922,156.644573
Percussion,-1,62,D4,56,0.0267379999999946,156.77291540000002,156.7996534
Percussion,-1,70,A#4,79,0.04278080000000273,156.7622202,156.805001
Percussion,-1,63,D#4,127,0.058823600000010856,156.7622202,156.8210438
Percussion,-1,35,B1,77,0.06951879999999733,156.764894,156.8344128
Percussion,-1,64,E4,56,0.0267379999999946,156.9333434,156.9600814
Percussion,-1,70,A#4,81,0.04278080000000273,156.9226482,156.965429
Percussion,-1,63,D#4,127,0.05080219999999258,156.9226482,156.9734504
Percussion,-1,62,D4,55,0.03743320000000949,157.0830762,157.1205094
Percussion,-1,62,D4,56,0.0267379999999946,157.0937714,157.1205094
Percussion,-1,70,A#4,76,0.04812839999999596,157.0830762,157.1312046
Percussion,-1,56,G#3,79,0.050802200000021,157.0830762,157.13387840000001
Percussion,-1,70,A#4,54,0.02941180000001964,157.2435042,157.272916
Percussion,-1,62,D4,44,0.03743320000000949,157.2435042,157.2809374
Percussion,-1,62,D4,56,0.0267379999999946,157.2541994,157.2809374
Percussion,-1,62,D4,127,0.03743319999998107,157.4039322,157.4413654
Percussion,-1,62,D4,80,0.0267379999999946,157.4146274,157.4413654
Percussion,-1,70,A#4,70,0.04278080000000273,157.4039322,157.44671300000002
Percussion,-1,61,C#4,52,0.08021400000001222,157.3771942,157.4574082
Percussion,-1,62,D4,55,0.008021399999989853,157.5643602,157.5723816
Percussion,-1,64,E4,56,0.0267379999999946,157.5750554,157.6017934
Percussion,-1,70,A#4,73,0.04278080000000273,157.5643602,157.607141
Percussion,-1,35,B1,77,0.10427819999998178,157.5616864,157.6659646
Percussion,-1,64,E4,56,0.02673800000002302,157.7354834,157.76222140000002
Percussion,-1,56,G#3,77,0.04278080000000273,157.7247882,157.767569
Percussion,-1,70,A#4,79,0.04812839999999596,157.7247882,157.7729166
Percussion,-1,63,D#4,88,0.12299479999998653,157.7247882,157.847783
Percussion,-1,62,D4,80,0.0267379999999946,157.89591140000002,157.9226494
Percussion,-1,70,A#4,70,0.04278080000000273,157.8852162,157.927997
Percussion,-1,63,D#4,88,0.05080219999999258,157.8852162,157.9360184
Percussion,-1,62,D4,56,0.0267379999999946,158.0563394,158.0830774
Percussion,-1,70,A#4,79,0.04812839999999596,158.0456442,158.0937726
Percussion,-1,64,E4,127,0.05614980000001424,158.0456442,158.101794
Percussion,-1,35,B1,77,0.09358299999999531,158.0429704,158.1365534
Percussion,-1,64,E4,127,0.03743320000000949,158.2060722,158.2435054
Percussion,-1,64,E4,56,0.0267379999999946,158.2167674,158.2435054
Percussion,-1,70,A#4,77,0.04278080000000273,158.2060722,158.248853
Percussion,-1,62,D4,55,0.03743320000000949,158.3665002,158.4039334
Percussion,-1,62,D4,56,0.0267379999999946,158.3771954,158.4039334
Percussion,-1,56,G#3,72,0.045454599999999346,158.3665002,158.4119548
Percussion,-1,70,A#4,80,0.048128400000024385,158.3665002,158.41462860000001
Percussion,-1,62,D4,55,0.03743319999998107,158.52692820000001,158.5643614
Percussion,-1,62,D4,56,0.0267379999999946,158.5376234,158.5643614
Percussion,-1,70,A#4,73,0.042780799999974306,158.52692820000001,158.569709
Percussion,-1,62,D4,127,0.03743319999998107,158.6873562,158.7247894
Percussion,-1,62,D4,80,0.0267379999999946,158.6980514,158.7247894
Percussion,-1,70,A#4,78,0.04278080000000273,158.6873562,158.730137
Percussion,-1,61,C#4,54,0.0802139999999838,158.663292,158.743506
Percussion,-1,64,E4,127,0.03743320000000949,158.8477842,158.88521740000002
Percussion,-1,64,E4,56,0.02673800000002302,158.8584794,158.88521740000002
Percussion,-1,70,A#4,82,0.04278080000000273,158.8477842,158.890565
Percussion,-1,35,B1,77,0.11764719999999329,158.8451104,158.9627576
Percussion,-1,64,E4,127,0.03743320000000949,159.0082122,159.0456454
Percussion,-1,64,E4,56,0.02673800000002302,159.0189074,159.0456454
Percussion,-1,56,G#3,78,0.04278080000000273,159.0082122,159.050993
Percussion,-1,70,A#4,79,0.045454599999999346,159.0082122,159.0536668
Percussion,-1,62,D4,88,0.03743320000000949,159.1686402,159.2060734
Percussion,-1,62,D4,80,0.0267379999999946,159.1793354,159.2060734
Percussion,-1,70,A#4,78,0.04278080000000273,159.1686402,159.211421
Percussion,-1,62,D4,56,0.0267379999999946,159.3397634,159.3665014
Percussion,-1,70,A#4,79,0.04278080000000273,159.3290682,159.371849
Percussion,-1,63,D#4,127,0.058823600000010856,159.3290682,159.3878918
Percussion,-1,35,B1,77,0.06951880000002575,159.331742,159.40126080000002
Percussion,-1,64,E4,56,0.0267379999999946,159.5001914,159.5269294
Percussion,-1,70,A#4,81,0.04278080000000273,159.4894962,159.532277
Percussion,-1,63,D#4,127,0.050802200000021,159.4894962,159.5402984
Percussion,-1,62,D4,55,0.03743319999998107,159.64992420000002,159.6873574
Percussion,-1,62,D4,56,0.0267379999999946,159.6606194,159.6873574
Percussion,-1,70,A#4,76,0.04812839999999596,159.64992420000002,159.6980526
Percussion,-1,56,G#3,79,0.05080219999999258,159.64992420000002,159.7007264
Percussion,-1,70,A#4,54,0.029411799999991217,159.8103522,159.839764
Percussion,-1,62,D4,44,0.03743319999998107,159.8103522,159.8477854
Percussion,-1,62,D4,56,0.0267379999999946,159.8210474,159.8477854
Percussion,-1,62,D4,127,0.03743320000000949,159.9707802,160.00821340000002
Percussion,-1,62,D4,80,0.02673800000002302,159.9814754,160.00821340000002
Percussion,-1,70,A#4,70,0.04278080000000273,159.9707802,160.013561
Percussion,-1,61,C#4,52,0.0802139999999838,159.9440422,160.0242562
Percussion,-1,62,D4,55,0.008021399999989853,160.1312082,160.1392296
Percussion,-1,64,E4,56,0.02673800000002302,160.1419034,160.1686414
Percussion,-1,70,A#4,73,0.04278080000000273,160.1312082,160.173989
Percussion,-1,35,B1,77,0.1042782000000102,160.1285344,160.23281260000002
Percussion,-1,64,E4,56,0.0267379999999946,160.3023314,160.3290694
Percussion,-1,56,G#3,77,0.04278080000000273,160.2916362,160.334417
Percussion,-1,70,A#4,79,0.04812839999999596,160.2916362,160.3397646
Percussion,-1,63,D#4,88,0.12299480000001495,160.2916362,160.414631
Percussion,-1,62,D4,80,0.0267379999999946,160.4627594,160.4894974
Percussion,-1,70,A#4,70,0.04278080000000273,160.4520642,160.494845
Percussion,-1,63,D#4,88,0.050802200000021,160.4520642,160.50286640000002
Percussion,-1,62,D4,56,0.0267379999999946,160.6231874,160.6499254
Percussion,-1,70,A#4,79,0.048128400000024385,160.6124922,160.66062060000002
Percussion,-1,64,E4,127,0.05614980000001424,160.6124922,160.668642
Percussion,-1,35,B1,77,0.09358299999999531,160.6098184,160.7034014
Percussion,-1,64,E4,127,0.03743319999998107,160.77292020000002,160.8103534
Percussion,-1,64,E4,56,0.0267379999999946,160.7836154,160.8103534
Percussion,-1,70,A#4,77,0.042780799999974306,160.77292020000002,160.815701
Percussion,-1,62,D4,55,0.03743319999998107,160.9333482,160.9707814
Percussion,-1,62,D4,56,0.0267379999999946,160.9440434,160.9707814
Percussion,-1,56,G#3,72,0.045454599999999346,160.9333482,160.9788028
Percussion,-1,70,A#4,80,0.04812839999999596,160.9333482,160.9814766
Percussion,-1,62,D4,55,0.03743319999998107,161.0937762,161.1312094
Percussion,-1,62,D4,56,0.0267379999999946,161.1044714,161.1312094
Percussion,-1,70,A#4,73,0.04278080000000273,161.0937762,161.136557
Percussion,-1,62,D4,127,0.03743320000000949,161.2542042,161.2916374
Percussion,-1,62,D4,80,0.02673800000002302,161.2648994,161.2916374
Percussion,-1,70,A#4,78,0.04278080000000273,161.2542042,161.296985
Percussion,-1,61,C#4,54,0.0802139999999838,161.23014,161.310354
Percussion,-1,64,E4,127,0.03743320000000949,161.4146322,161.4520654
Percussion,-1,64,E4,56,0.0267379999999946,161.42532740000001,161.4520654
Percussion,-1,70,A#4,82,0.04278080000000273,161.4146322,161.457413
Percussion,-1,35,B1,77,0.11764719999999329,161.4119584,161.5296056
Percussion,-1,64,E4,127,0.03743320000000949,161.5750602,161.6124934
Percussion,-1,64,E4,56,0.0267379999999946,161.5857554,161.6124934
Percussion,-1,56,G#3,78,0.04278080000000273,161.5750602,161.617841
Percussion,-1,70,A#4,79,0.045454599999999346,161.5750602,161.6205148
Percussion,-1,62,D4,88,0.03743320000000949,161.7354882,161.7729214
Percussion,-1,62,D4,80,0.0267379999999946,161.7461834,161.7729214
Percussion,-1,70,A#4,78,0.04278080000000273,161.7354882,161.778269
Percussion,-1,62,D4,56,0.0267379999999946,161.9066114,161.9333494
Percussion,-1,70,A#4,79,0.042780799999974306,161.89591620000002,161.938697
Percussion,-1,63,D#4,127,0.058823599999982434,161.89591620000002,161.9547398
Percussion,-1,35,B1,77,0.06951879999999733,161.89859,161.9681088
Percussion,-1,64,E4,56,0.0267379999999946,162.0670394,162.0937774
Percussion,-1,70,A#4,81,0.04278080000000273,162.0563442,162.09912500000002
Percussion,-1,63,D#4,127,0.05080219999999258,162.0563442,162.1071464
Percussion,-1,62,D4,55,0.03743319999998107,162.2167722,162.2542054
Percussion,-1,62,D4,56,0.0267379999999946,162.2274674,162.2542054
Percussion,-1,70,A#4,76,0.04812839999999596,162.2167722,162.2649006
Percussion,-1,56,G#3,79,0.05080219999999258,162.2167722,162.2675744
Percussion,-1,70,A#4,54,0.029411799999991217,162.3772002,162.406612
Percussion,-1,62,D4,44,0.03743320000000949,162.3772002,162.4146334
Percussion,-1,62,D4,56,0.02673800000002302,162.3878954,162.4146334
Percussion,-1,62,D4,127,0.03743320000000949,162.5376282,162.5750614
Percussion,-1,62,D4,80,0.0267379999999946,162.54832340000002,162.5750614
Percussion,-1,70,A#4,70,0.04278080000000273,162.5376282,162.580409
Percussion,-1,61,C#4,52,0.0802139999999838,162.5108902,162.5911042
Percussion,-1,62,D4,55,0.008021400000018275,162.6980562,162.70607760000001
Percussion,-1,64,E4,56,0.0267379999999946,162.7087514,162.7354894
Percussion,-1,70,A#4,73,0.04278080000000273,162.6980562,162.740837
Percussion,-1,35,B1,77,0.1042782000000102,162.6953824,162.7996606
Percussion,-1,64,E4,56,0.0267379999999946,162.8691794,162.8959174
Percussion,-1,56,G#3,77,0.04278080000000273,162.8584842,162.901265
Percussion,-1,70,A#4,79,0.048128400000024385,162.8584842,162.90661260000002
Percussion,-1,63,D#4,88,0.12299480000001495,162.8584842,162.981479
Percussion,-1,62,D4,80,0.0267379999999946,163.0296074,163.0563454
Percussion,-1,70,A#4,70,0.042780799999974306,163.01891220000002,163.061693
Percussion,-1,63,D#4,88,0.05080219999999258,163.01891220000002,163.0697144
Percussion,-1,62,D4,56,0.0267379999999946,163.1900354,163.2167734
Percussion,-1,70,A#4,79,0.04812839999999596,163.1793402,163.2274686
Percussion,-1,64,E4,127,0.05614979999998582,163.1793402,163.23549
Percussion,-1,35,B1,77,0.09358299999999531,163.17666640000002,163.2702494
Percussion,-1,64,E4,127,0.03743319999998107,163.3397682,163.3772014
Percussion,-1,64,E4,56,0.0267379999999946,163.3504634,163.3772014
Percussion,-1,70,A#4,77,0.04278080000000273,163.3397682,163.382549
Percussion,-1,62,D4,55,0.03743320000000949,163.5001962,163.53762940000001
Percussion,-1,62,D4,56,0.02673800000002302,163.5108914,163.53762940000001
Percussion,-1,56,G#3,72,0.045454599999999346,163.5001962,163.5456508
Percussion,-1,70,A#4,80,0.04812839999999596,163.5001962,163.5483246
Percussion,-1,62,D4,55,0.03743320000000949,163.6606242,163.6980574
Percussion,-1,62,D4,56,0.0267379999999946,163.67131940000002,163.6980574
Percussion,-1,70,A#4,73,0.04278080000000273,163.6606242,163.703405
Percussion,-1,62,D4,127,0.03743320000000949,163.8210522,163.8584854
Percussion,-1,62,D4,80,0.0267379999999946,163.8317474,163.8584854
Percussion,-1,70,A#4,78,0.04278080000000273,163.8210522,163.863833
Percussion,-1,61,C#4,54,0.08021400000001222,163.796988,163.877202
Percussion,-1,64,E4,127,0.03743320000000949,163.9814802,164.0189134
Percussion,-1,64,E4,56,0.0267379999999946,163.9921754,164.0189134
Percussion,-1,70,A#4,82,0.04278080000000273,163.9814802,164.024261
Percussion,-1,35,B1,77,0.11764719999999329,163.9788064,164.0964536
Percussion,-1,64,E4,127,0.03743320000000949,164.1419082,164.1793414
Percussion,-1,64,E4,56,0.0267379999999946,164.1526034,164.1793414
Percussion,-1,56,G#3,78,0.04278080000000273,164.1419082,164.184689
Percussion,-1,70,A#4,79,0.04545460000002777,164.1419082,164.18736280000002
Percussion,-1,62,D4,88,0.03743319999998107,164.3023362,164.3397694
Percussion,-1,62,D4,80,0.0267379999999946,164.3130314,164.3397694
Percussion,-1,70,A#4,78,0.04278080000000273,164.3023362,164.34511700000002
Percussion,-1,62,D4,56,0.0267379999999946,164.4734594,164.5001974
Percussion,-1,70,A#4,79,0.04278080000000273,164.4627642,164.505545
Percussion,-1,63,D#4,127,0.058823599999982434,164.4627642,164.5215878
Percussion,-1,35,B1,77,0.06951879999999733,164.465438,164.5349568
Percussion,-1,64,E4,56,0.02673800000002302,164.6338874,164.66062540000001
Percussion,-1,70,A#4,81,0.04278080000000273,164.6231922,164.665973
Percussion,-1,63,D#4,127,0.05080219999999258,164.6231922,164.6739944
Percussion,-1,62,D4,55,0.03743320000000949,164.7836202,164.8210534
Percussion,-1,62,D4,56,0.0267379999999946,164.79431540000002,164.8210534
Percussion,-1,70,A#4,76,0.04812839999999596,164.7836202,164.8317486
Percussion,-1,56,G#3,79,0.05080219999999258,164.7836202,164.8344224
Percussion,-1,70,A#4,54,0.02941180000001964,164.9440482,164.97346000000002
Percussion,-1,62,D4,44,0.03743320000000949,164.9440482,164.9814814
Percussion,-1,62,D4,56,0.0267379999999946,164.9547434,164.9814814
Percussion,-1,62,D4,127,0.03743320000000949,165.1044762,165.1419094
Percussion,-1,62,D4,80,0.0267379999999946,165.1151714,165.1419094
Percussion,-1,70,A#4,70,0.04278080000000273,165.1044762,165.147257
Percussion,-1,61,C#4,52,0.08021400000001222,165.0777382,165.1579522
Percussion,-1,62,D4,55,0.008021400000018275,165.2649042,165.2729256
Percussion,-1,64,E4,56,0.0267379999999946,165.2755994,165.3023374
Percussion,-1,70,A#4,73,0.04278080000000273,165.2649042,165.307685
Percussion,-1,35,B1,77,0.1042782000000102,165.2622304,165.3665086
Percussion,-1,64,E4,56,0.0267379999999946,165.4360274,165.4627654
Percussion,-1,56,G#3,77,0.04278080000000273,165.4253322,165.46811300000002
Percussion,-1,70,A#4,79,0.04812839999999596,165.4253322,165.4734606
Percussion,-1,63,D#4,88,0.12299479999998653,165.4253322,165.548327
Percussion,-1,62,D4,80,0.0267379999999946,165.5964554,165.6231934
Percussion,-1,70,A#4,70,0.04278080000000273,165.5857602,165.628541
Percussion,-1,63,D#4,88,0.05080219999999258,165.5857602,165.6365624
Percussion,-1,62,D4,56,0.02673800000002302,165.7568834,165.78362140000002
Percussion,-1,70,A#4,79,0.04812839999999596,165.7461882,165.7943166
Percussion,-1,64,E4,127,0.05614979999998582,165.7461882,165.802338
Percussion,-1,35,B1,77,0.09358299999999531,165.7435144,165.8370974
Percussion,-1,64,E4,127,0.03743320000000949,165.9066162,165.9440494
Percussion,-1,64,E4,56,0.0267379999999946,165.91731140000002,165.9440494
Percussion,-1,70,A#4,77,0.04278080000000273,165.9066162,165.949397
Percussion,-1,62,D4,55,0.03743320000000949,166.0670442,166.1044774
Percussion,-1,62,D4,56,0.0267379999999946,166.0777394,166.1044774
Percussion,-1,56,G#3,72,0.045454599999999346,166.0670442,166.1124988
Percussion,-1,70,A#4,80,0.04812839999999596,166.0670442,166.1151726
Percussion,-1,62,D4,55,0.03743320000000949,166.2274722,166.2649054
Percussion,-1,62,D4,56,0.0267379999999946,166.2381674,166.2649054
Percussion,-1,70,A#4,73,0.04278080000000273,166.2274722,166.270253
Percussion,-1,62,D4,127,0.03743320000000949,166.3879002,166.4253334
Percussion,-1,62,D4,80,0.0267379999999946,166.3985954,166.4253334
Percussion,-1,70,A#4,78,0.04278080000000273,166.3879002,166.430681
Percussion,-1,61,C#4,54,0.08021400000001222,166.363836,166.44405
Percussion,-1,64,E4,127,0.03743319999998107,166.54832820000001,166.5857614
Percussion,-1,64,E4,56,0.0267379999999946,166.5590234,166.5857614
Percussion,-1,70,A#4,82,0.04278080000000273,166.54832820000001,166.59110900000002
Percussion,-1,35,B1,77,0.11764720000002171,166.5456544,166.6633016
Percussion,-1,64,E4,127,0.03743319999998107,166.7087562,166.7461894
Percussion,-1,64,E4,56,0.0267379999999946,166.7194514,166.7461894
Percussion,-1,56,G#3,78,0.04278080000000273,166.7087562,166.751537
Percussion,-1,70,A#4,79,0.045454599999999346,166.7087562,166.7542108
Percussion,-1,62,D4,88,0.03743320000000949,166.8691842,166.90661740000002
Percussion,-1,62,D4,80,0.02673800000002302,166.8798794,166.90661740000002
Percussion,-1,70,A#4,78,0.04278080000000273,166.8691842,166.911965
Percussion,-1,62,D4,56,0.02673800000002302,167.0403074,167.0670454
Percussion,-1,70,A#4,79,0.04278080000000273,167.0296122,167.072393
Percussion,-1,63,D#4,127,0.058823600000010856,167.0296122,167.0884358
Percussion,-1,35,B1,77,0.06951879999999733,167.032286,167.1018048
Percussion,-1,64,E4,56,0.0267379999999946,167.2007354,167.2274734
Percussion,-1,70,A#4,81,0.04278080000000273,167.1900402,167.232821
Percussion,-1,63,D#4,127,0.05080219999999258,167.1900402,167.2408424
Percussion,-1,62,D4,55,0.03743320000000949,167.3504682,167.3879014
Percussion,-1,62,D4,56,0.0267379999999946,167.3611634,167.3879014
Percussion,-1,70,A#4,76,0.04812839999999596,167.3504682,167.3985966
Percussion,-1,56,G#3,79,0.050802200000021,167.3504682,167.40127040000002
Percussion,-1,70,A#4,54,0.02941180000001964,167.5108962,167.540308
Percussion,-1,62,D4,44,0.03743320000000949,167.5108962,167.5483294
Percussion,-1,62,D4,56,0.0267379999999946,167.5215914,167.5483294
Percussion,-1,62,D4,127,0.03743319999998107,167.67132420000002,167.7087574
Percussion,-1,62,D4,80,0.0267379999999946,167.6820194,167.7087574
Percussion,-1,70,A#4,70,0.042780799999974306,167.67132420000002,167.714105
Percussion,-1,61,C#4,52,0.08021400000001222,167.6445862,167.7248002
Percussion,-1,62,D4,55,0.008021399999989853,167.8317522,167.8397736
Percussion,-1,64,E4,56,0.0267379999999946,167.8424474,167.8691854
Percussion,-1,70,A#4,73,0.04278080000000273,167.8317522,167.874533
Percussion,-1,35,B1,77,0.10427819999998178,167.82907840000001,167.9333566
Percussion,-1,64,E4,56,0.02673800000002302,168.0028754,168.02961340000002
Percussion,-1,56,G#3,77,0.04278080000000273,167.9921802,168.034961
Percussion,-1,70,A#4,79,0.04812839999999596,167.9921802,168.0403086
Percussion,-1,63,D#4,88,0.12299479999998653,167.9921802,168.115175
Percussion,-1,62,D4,80,0.02673800000002302,168.1633034,168.1900414
Percussion,-1,70,A#4,70,0.04278080000000273,168.1526082,168.195389
Percussion,-1,63,D#4,88,0.05080219999999258,168.1526082,168.2034104
Percussion,-1,62,D4,56,0.0267379999999946,168.3237314,168.3504694
Percussion,-1,70,A#4,79,0.04812839999999596,168.3130362,168.3611646
Percussion,-1,64,E4,127,0.05614980000001424,168.3130362,168.369186
Percussion,-1,35,B1,77,0.09358299999999531,168.3103624,168.4039454
Percussion,-1,64,E4,127,0.03743320000000949,168.4734642,168.5108974
Percussion,-1,64,E4,56,0.0267379999999946,168.4841594,168.5108974
Percussion,-1,70,A#4,77,0.04278080000000273,168.4734642,168.516245
Percussion,-1,62,D4,55,0.03743320000000949,168.6338922,168.6713254
Percussion,-1,62,D4,56,0.0267379999999946,168.6445874,168.6713254
Percussion,-1,56,G#3,72,0.045454599999999346,168.6338922,168.6793468
Percussion,-1,70,A#4,80,0.048128400000024385,168.6338922,168.68202060000002
Percussion,-1,62,D4,55,0.03743319999998107,168.79432020000002,168.8317534
Percussion,-1,62,D4,56,0.0267379999999946,168.8050154,168.8317534
Percussion,-1,70,A#4,73,0.042780799999974306,168.79432020000002,168.837101
Percussion,-1,62,D4,127,0.03743319999998107,168.9547482,168.9921814
Percussion,-1,62,D4,80,0.0267379999999946,168.9654434,168.9921814
Percussion,-1,70,A#4,78,0.04278080000000273,168.9547482,168.99752900000001
Percussion,-1,61,C#4,54,0.0802139999999838,168.930684,169.010898
Percussion,-1,64,E4,127,0.03743320000000949,169.1151762,169.15260940000002
Percussion,-1,64,E4,56,0.02673800000002302,169.1258714,169.15260940000002
Percussion,-1,70,A#4,82,0.04278080000000273,169.1151762,169.157957
Percussion,-1,35,B1,77,0.11764719999999329,169.1125024,169.2301496
Percussion,-1,64,E4,127,0.03743320000000949,169.2756042,169.3130374
Percussion,-1,64,E4,56,0.02673800000002302,169.2862994,169.3130374
Percussion,-1,56,G#3,78,0.04278080000000273,169.2756042,169.318385
Percussion,-1,70,A#4,79,0.045454599999999346,169.2756042,169.3210588
Percussion,-1,62,D4,88,0.03743320000000949,169.4360322,169.4734654
Percussion,-1,62,D4,80,0.0267379999999946,169.44672740000001,169.4734654
Percussion,-1,70,A#4,78,0.04278080000000273,169.4360322,169.478813
Percussion,-1,62,D4,56,0.0267379999999946,169.6071554,169.6338934
Percussion,-1,70,A#4,79,0.04278080000000273,169.5964602,169.639241
Percussion,-1,63,D#4,127,0.058823600000010856,169.5964602,169.6552838
Percussion,-1,35,B1,77,0.06951879999999733,169.599134,169.6686528
Percussion,-1,64,E4,56,0.0267379999999946,169.7675834,169.7943214
Percussion,-1,70,A#4,81,0.04278080000000273,169.7568882,169.799669
Percussion,-1,63,D#4,127,0.050802200000021,169.7568882,169.8076904
Percussion,-1,62,D4,55,0.03743319999998107,169.91731620000002,169.9547494
Percussion,-1,62,D4,56,0.0267379999999946,169.9280114,169.9547494
Percussion,-1,70,A#4,76,0.04812839999999596,169.91731620000002,169.9654446
Percussion,-1,56,G#3,79,0.05080219999999258,169.91731620000002,169.9681184
Percussion,-1,70,A#4,54,0.029411799999991217,170.0777442,170.107156
Percussion,-1,62,D4,44,0.03743319999998107,170.0777442,170.1151774
Percussion,-1,62,D4,56,0.0267379999999946,170.0884394,170.1151774
Percussion,-1,62,D4,127,0.03743319999998107,170.2381722,170.2756054
Percussion,-1,62,D4,80,0.0267379999999946,170.2488674,170.2756054
Percussion,-1,70,A#4,70,0.04278080000000273,170.2381722,170.280953
Percussion,-1,61,C#4,52,0.0802139999999838,170.2114342,170.2916482
Percussion,-1,62,D4,55,0.008021399999989853,170.3986002,170.4066216
Percussion,-1,64,E4,56,0.02673800000002302,170.4092954,170.4360334
Percussion,-1,70,A#4,73,0.04278080000000273,170.3986002,170.441381
Percussion,-1,35,B1,77,0.10427819999998178,170.3959264,170.5002046
Percussion,-1,64,E4,56,0.0267379999999946,170.56972340000002,170.5964614
Percussion,-1,56,G#3,77,0.04278080000000273,170.5590282,170.601809
Percussion,-1,70,A#4,79,0.04812839999999596,170.5590282,170.6071566
Percussion,-1,63,D#4,88,0.12299480000001495,170.5590282,170.68202300000002
Percussion,-1,62,D4,80,0.0267379999999946,170.7301514,170.7568894
Percussion,-1,70,A#4,70,0.04278080000000273,170.7194562,170.762237
Percussion,-1,63,D#4,88,0.050802200000021,170.7194562,170.77025840000002
Percussion,-1,62,D4,56,0.0267379999999946,170.8905794,170.9173174
Percussion,-1,70,A#4,79,0.048128400000024385,170.8798842,170.92801260000002
Percussion,-1,64,E4,127,0.05614980000001424,170.8798842,170.936034
Percussion,-1,35,B1,77,0.09358299999999531,170.8772104,170.9707934
Percussion,-1,64,E4,127,0.03743319999998107,171.04031220000002,171.0777454
Percussion,-1,64,E4,56,0.0267379999999946,171.0510074,171.0777454
Percussion,-1,70,A#4,77,0.042780799999974306,171.04031220000002,171.083093
Percussion,-1,62,D4,55,0.03743319999998107,171.2007402,171.2381734
Percussion,-1,62,D4,56,0.0267379999999946,171.2114354,171.2381734
Percussion,-1,56,G#3,72,0.045454599999999346,171.2007402,171.2461948
Percussion,-1,70,A#4,80,0.04812839999999596,171.2007402,171.2488686
Percussion,-1,62,D4,55,0.03743319999998107,171.3611682,171.3986014
Percussion,-1,62,D4,56,0.0267379999999946,171.3718634,171.3986014
Percussion,-1,70,A#4,73,0.04278080000000273,171.3611682,171.403949
Percussion,-1,62,D4,127,0.03743320000000949,171.5215962,171.55902940000001
Percussion,-1,62,D4,80,0.02673800000002302,171.5322914,171.55902940000001
Percussion,-1,70,A#4,78,0.04278080000000273,171.5215962,171.564377
Percussion,-1,61,C#4,54,0.0802139999999838,171.497532,171.577746
Percussion,-1,64,E4,127,0.03743320000000949,171.6820242,171.7194574
Percussion,-1,64,E4,56,0.0267379999999946,171.69271940000002,171.7194574
Percussion,-1,70,A#4,82,0.04278080000000273,171.6820242,171.724805
Percussion,-1,35,B1,77,0.11764719999999329,171.6793504,171.7969976
Percussion,-1,64,E4,127,0.03743320000000949,171.8424522,171.8798854
Percussion,-1,64,E4,56,0.0267379999999946,171.8531474,171.8798854
Percussion,-1,56,G#3,78,0.04278080000000273,171.8424522,171.885233
Percussion,-1,70,A#4,79,0.045454599999999346,171.8424522,171.8879068
Percussion,-1,62,D4,88,0.03743320000000949,172.0028802,172.0403134
Percussion,-1,62,D4,80,0.0267379999999946,172.0135754,172.0403134
Percussion,-1,70,A#4,78,0.04278080000000273,172.0028802,172.045661
Percussion,-1,62,D4,56,0.0267379999999946,172.1740034,172.2007414
Percussion,-1,70,A#4,79,0.042780799999974306,172.16330820000002,172.206089
Percussion,-1,63,D#4,127,0.058823599999982434,172.16330820000002,172.2221318
Percussion,-1,35,B1,77,0.06951879999999733,172.165982,172.2355008
Percussion,-1,64,E4,56,0.0267379999999946,172.3344314,172.3611694
Percussion,-1,70,A#4,81,0.04278080000000273,172.3237362,172.36651700000002
Percussion,-1,63,D#4,127,0.05080219999999258,172.3237362,172.3745384
Percussion,-1,62,D4,55,0.03743319999998107,172.4841642,172.5215974
Percussion,-1,62,D4,56,0.0267379999999946,172.4948594,172.5215974
Percussion,-1,70,A#4,76,0.04812839999999596,172.4841642,172.5322926
Percussion,-1,56,G#3,79,0.05080219999999258,172.4841642,172.5349664
Percussion,-1,70,A#4,54,0.029411799999991217,172.6445922,172.674004
Percussion,-1,62,D4,44,0.03743320000000949,172.6445922,172.68202540000001
Percussion,-1,62,D4,56,0.02673800000002302,172.6552874,172.68202540000001
Percussion,-1,62,D4,127,0.03743320000000949,172.8050202,172.8424534
Percussion,-1,62,D4,80,0.0267379999999946,172.81571540000002,172.8424534
Percussion,-1,70,A#4,70,0.04278080000000273,172.8050202,172.847801
Percussion,-1,61,C#4,52,0.0802139999999838,172.7782822,172.8584962
Percussion,-1,62,D4,55,0.008021400000018275,172.9654482,172.97346960000002
Percussion,-1,64,E4,56,0.0267379999999946,172.9761434,173.0028814
Percussion,-1,70,A#4,73,0.04278080000000273,172.9654482,173.008229
Percussion,-1,35,B1,77,0.1042782000000102,172.9627744,173.0670526
Percussion,-1,64,E4,56,0.0267379999999946,173.1365714,173.1633094
Percussion,-1,56,G#3,77,0.04278080000000273,173.1258762,173.168657
Percussion,-1,70,A#4,79,0.04812839999999596,173.1258762,173.1740046
Percussion,-1,63,D#4,88,0.12299480000001495,173.1258762,173.248871
Percussion,-1,62,D4,80,0.0267379999999946,173.2969994,173.3237374
Percussion,-1,70,A#4,70,0.04278080000000273,173.2863042,173.329085
Percussion,-1,63,D#4,88,0.050802200000021,173.2863042,173.3371064
Percussion,-1,62,D4,56,0.0267379999999946,173.4574274,173.4841654
Percussion,-1,70,A#4,79,0.04812839999999596,173.4467322,173.4948606
Percussion,-1,64,E4,127,0.05614979999998582,173.4467322,173.502882
Percussion,-1,35,B1,77,0.09358299999999531,173.44405840000002,173.5376414
Percussion,-1,64,E4,127,0.03743319999998107,173.6071602,173.6445934
Percussion,-1,64,E4,56,0.0267379999999946,173.6178554,173.6445934
Percussion,-1,70,A#4,77,0.04278080000000273,173.6071602,173.649941
Percussion,-1,62,D4,55,0.03743320000000949,173.7675882,173.80502140000002
Percussion,-1,62,D4,56,0.02673800000002302,173.7782834,173.80502140000002
Percussion,-1,56,G#3,72,0.045454599999999346,173.7675882,173.8130428
Percussion,-1,70,A#4,80,0.04812839999999596,173.7675882,173.8157166
Percussion,-1,62,D4,55,0.03743320000000949,173.9280162,173.9654494
Percussion,-1,62,D4,56,0.0267379999999946,173.93871140000002,173.9654494
Percussion,-1,70,A#4,73,0.04278080000000273,173.9280162,173.970797
Percussion,-1,62,D4,127,0.03743320000000949,174.0884442,174.1258774
Percussion,-1,62,D4,80,0.0267379999999946,174.0991394,174.1258774
Percussion,-1,70,A#4,78,0.04278080000000273,174.0884442,174.131225
Percussion,-1,61,C#4,54,0.08021400000001222,174.06438,174.144594
Percussion,-1,64,E4,127,0.03743320000000949,174.2488722,174.2863054
Percussion,-1,64,E4,56,0.0267379999999946,174.2595674,174.2863054
Percussion,-1,70,A#4,82,0.04278080000000273,174.2488722,174.291653
Percussion,-1,35,B1,77,0.11764719999999329,174.2461984,174.3638456
Percussion,-1,64,E4,127,0.03743320000000949,174.4093002,174.4467334
Percussion,-1,64,E4,56,0.0267379999999946,174.4199954,174.4467334
Percussion,-1,56,G#3,78,0.04278080000000273,174.4093002,174.452081
Percussion,-1,70,A#4,79,0.045454599999999346,174.4093002,174.4547548
Percussion,-1,62,D4,88,0.03743319999998107,174.56972820000001,174.6071614
Percussion,-1,62,D4,80,0.0267379999999946,174.5804234,174.6071614
Percussion,-1,70,A#4,78,0.04278080000000273,174.56972820000001,174.61250900000002
Percussion,-1,62,D4,56,0.0267379999999946,174.7408514,174.7675894
Percussion,-1,70,A#4,79,0.04278080000000273,174.7301562,174.772937
Percussion,-1,63,D#4,127,0.058823599999982434,174.7301562,174.7889798
Percussion,-1,35,B1,77,0.06951879999999733,174.73283,174.8023488
Percussion,-1,64,E4,56,0.02673800000002302,174.9012794,174.92801740000002
Percussion,-1,70,A#4,81,0.04278080000000273,174.8905842,174.933365
Percussion,-1,63,D#4,127,0.05080219999999258,174.8905842,174.9413864
Percussion,-1,62,D4,55,0.03743320000000949,175.0510122,175.0884454
Percussion,-1,62,D4,56,0.0267379999999946,175.06170740000002,175.0884454
Percussion,-1,70,A#4,76,0.04812839999999596,175.0510122,175.0991406
Percussion,-1,56,G#3,79,0.05080219999999258,175.0510122,175.1018144
Percussion,-1,70,A#4,54,0.029411799999991217,175.2114402,175.240852
Percussion,-1,62,D4,44,0.03743320000000949,175.2114402,175.2488734
Percussion,-1,62,D4,56,0.0267379999999946,175.2221354,175.2488734
Percussion,-1,62,D4,127,0.03743320000000949,175.3718682,175.4093014
Percussion,-1,62,D4,80,0.0267379999999946,175.3825634,175.4093014
Percussion,-1,70,A#4,70,0.04278080000000273,175.3718682,175.414649
Percussion,-1,61,C#4,52,0.08021400000001222,175.3451302,175.4253442
Percussion,-1,62,D4,55,0.008021400000018275,175.5322962,175.5403176
Percussion,-1,64,E4,56,0.0267379999999946,175.5429914,175.5697294
Percussion,-1,70,A#4,73,0.04278080000000273,175.5322962,175.575077
Percussion,-1,35,B1,77,0.1042782000000102,175.5296224,175.6339006
Percussion,-1,64,E4,56,0.0267379999999946,175.7034194,175.7301574
Percussion,-1,56,G#3,77,0.042780799999974306,175.69272420000001,175.735505
Percussion,-1,70,A#4,79,0.04812839999999596,175.69272420000001,175.7408526
Percussion,-1,63,D#4,88,0.12299479999998653,175.69272420000001,175.815719
Percussion,-1,62,D4,80,0.0267379999999946,175.8638474,175.8905854
Percussion,-1,70,A#4,70,0.04278080000000273,175.8531522,175.895933
Percussion,-1,63,D#4,88,0.05080219999999258,175.8531522,175.9039544
Percussion,-1,62,D4,56,0.02673800000002302,176.0242754,176.05101340000002
Percussion,-1,70,A#4,79,0.04812839999999596,176.0135802,176.0617086
Percussion,-1,64,E4,127,0.05614979999998582,176.0135802,176.06973
Percussion,-1,35,B1,77,0.09358299999999531,176.0109064,176.1044894
Percussion,-1,64,E4,127,0.03743320000000949,176.1740082,176.2114414
Percussion,-1,64,E4,56,0.02673800000002302,176.1847034,176.2114414
Percussion,-1,70,A#4,77,0.04278080000000273,176.1740082,176.216789
Percussion,-1,62,D4,55,0.03743320000000949,176.3344362,176.3718694
Percussion,-1,62,D4,56,0.0267379999999946,176.3451314,176.3718694
Percussion,-1,56,G#3,72,0.045454599999999346,176.3344362,176.3798908
Percussion,-1,70,A#4,80,0.04812839999999596,176.3344362,176.3825646
Percussion,-1,62,D4,55,0.03743320000000949,176.4948642,176.5322974
Percussion,-1,62,D4,56,0.0267379999999946,176.5055594,176.5322974
Percussion,-1,70,A#4,73,0.04278080000000273,176.4948642,176.537645
Percussion,-1,62,D4,127,0.03743320000000949,176.6552922,176.6927254
Percussion,-1,62,D4,80,0.0267379999999946,176.6659874,176.6927254
Percussion,-1,70,A#4,78,0.04278080000000273,176.6552922,176.698073
Percussion,-1,61,C#4,54,0.08021400000001222,176.631228,176.711442
Percussion,-1,64,E4,127,0.03743319999998107,176.81572020000002,176.8531534
Percussion,-1,64,E4,56,0.0267379999999946,176.8264154,176.8531534
Percussion,-1,70,A#4,82,0.042780799999974306,176.81572020000002,176.858501
Percussion,-1,35,B1,77,0.11764720000002171,176.8130464,176.9306936
Percussion,-1,64,E4,127,0.03743319999998107,176.9761482,177.0135814
Percussion,-1,64,E4,56,0.0267379999999946,176.9868434,177.0135814
Percussion,-1,56,G#3,78,0.04278080000000273,176.9761482,177.018929
Percussion,-1,70,A#4,79,0.045454599999999346,176.9761482,177.0216028
Percussion,-1,62,D4,88,0.03743320000000949,177.1365762,177.17400940000002
Percussion,-1,62,D4,80,0.02673800000002302,177.1472714,177.17400940000002
Percussion,-1,70,A#4,78,0.04278080000000273,177.1365762,177.179357
Percussion,-1,62,D4,56,0.02673800000002302,177.3076994,177.3344374
Percussion,-1,70,A#4,79,0.04278080000000273,177.2970042,177.339785
Percussion,-1,63,D#4,127,0.058823600000010856,177.2970042,177.35582780000001
Percussion,-1,35,B1,77,0.06951879999999733,177.299678,177.3691968
Percussion,-1,64,E4,56,0.0267379999999946,177.46812740000001,177.4948654
Percussion,-1,70,A#4,81,0.04278080000000273,177.4574322,177.500213
Percussion,-1,63,D#4,127,0.05080219999999258,177.4574322,177.5082344
Percussion,-1,62,D4,55,0.03743320000000949,177.6178602,177.6552934
Percussion,-1,62,D4,56,0.0267379999999946,177.6285554,177.6552934
Percussion,-1,70,A#4,76,0.04812839999999596,177.6178602,177.6659886
Percussion,-1,56,G#3,79,0.050802200000021,177.6178602,177.66866240000002
Percussion,-1,70,A#4,54,0.02941180000001964,177.7782882,177.8077
Percussion,-1,62,D4,44,0.03743320000000949,177.7782882,177.8157214
Percussion,-1,62,D4,56,0.0267379999999946,177.7889834,177.8157214
Percussion,-1,62,D4,127,0.03743319999998107,177.93871620000002,177.9761494
Percussion,-1,62,D4,80,0.0267379999999946,177.9494114,177.9761494
Percussion,-1,70,A#4,70,0.042780799999974306,177.93871620000002,177.981497
Percussion,-1,61,C#4,52,0.08021400000001222,177.9119782,177.9921922
Percussion,-1,62,D4,55,0.008021399999989853,178.0991442,178.1071656
Percussion,-1,64,E4,56,0.0267379999999946,178.1098394,178.1365774
Percussion,-1,70,A#4,73,0.04278080000000273,178.0991442,178.14192500000001
Percussion,-1,35,B1,77,0.10427819999998178,178.09647040000002,178.2007486
Percussion,-1,64,E4,56,0.0267379999999946,178.2702674,178.2970054
Percussion,-1,56,G#3,77,0.04278080000000273,178.2595722,178.302353
Percussion,-1,70,A#4,79,0.04812839999999596,178.2595722,178.3077006
Percussion,-1,63,D#4,88,0.12299479999998653,178.2595722,178.382567
Percussion,-1,62,D4,80,0.02673800000002302,178.4306954,178.4574334
Percussion,-1,70,A#4,70,0.04278080000000273,178.4200002,178.462781
Percussion,-1,63,D#4,88,0.05080219999999258,178.4200002,178.4708024
Percussion,-1,62,D4,56,0.0267379999999946,178.59112340000001,178.6178614
Percussion,-1,64,E4,127,0.05614980000001424,178.5804282,178.63657800000001
Percussion,-1,30,F#1,79,0.07486639999999056,178.5804282,178.6552946
Percussion,-1,35,B1,77,0.09358299999999531,178.5777544,178.6713374
Percussion,-1,64,E4,127,0.03743320000000949,178.7408562,178.7782894
Percussion,-1,64,E4,56,0.0267379999999946,178.7515514,178.7782894
Percussion,-1,70,A#4,77,0.04278080000000273,178.7408562,178.783637
Percussion,-1,62,D4,55,0.03743320000000949,178.9012842,178.9387174
Percussion,-1,62,D4,56,0.0267379999999946,178.9119794,178.9387174
Percussion,-1,56,G#3,72,0.045454599999999346,178.9012842,178.9467388
Percussion,-1,70,A#4,80,0.048128400000024385,178.9012842,178.94941260000002
Percussion,-1,62,D4,55,0.03743319999998107,179.06171220000002,179.0991454
Percussion,-1,62,D4,56,0.0267379999999946,179.0724074,179.0991454
Percussion,-1,70,A#4,73,0.042780799999974306,179.06171220000002,179.104493
Percussion,-1,62,D4,127,0.03743319999998107,179.2221402,179.2595734
Percussion,-1,62,D4,80,0.0267379999999946,179.2328354,179.2595734
Percussion,-1,70,A#4,78,0.04278080000000273,179.2221402,179.26492100000002
Percussion,-1,61,C#4,54,0.0802139999999838,179.19807600000001,179.27829
Percussion,-1,64,E4,127,0.03743319999998107,179.3825682,179.4200014
Percussion,-1,64,E4,56,0.0267379999999946,179.3932634,179.4200014
Percussion,-1,70,A#4,82,0.04278080000000273,179.3825682,179.425349
Percussion,-1,35,B1,77,0.11764719999999329,179.3798944,179.4975416
Percussion,-1,64,E4,127,0.03743320000000949,179.5429962,179.5804294
Percussion,-1,64,E4,56,0.02673800000002302,179.5536914,179.5804294
Percussion,-1,56,G#3,78,0.04278080000000273,179.5429962,179.585777
Percussion,-1,70,A#4,79,0.045454599999999346,179.5429962,179.5884508
Percussion,-1,62,D4,88,0.03743320000000949,179.7034242,179.7408574
Percussion,-1,62,D4,80,0.0267379999999946,179.71411940000002,179.7408574
Percussion,-1,70,A#4,78,0.04278080000000273,179.7034242,179.746205
Percussion,-1,62,D4,56,0.0267379999999946,179.8745474,179.9012854
Percussion,-1,70,A#4,79,0.04278080000000273,179.8638522,179.906633
Percussion,-1,63,D#4,127,0.058823600000010856,179.8638522,179.9226758
Percussion,-1,35,B1,77,0.06951879999999733,179.866526,179.9360448
Percussion,-1,64,E4,56,0.0267379999999946,180.0349754,180.0617134
Percussion,-1,70,A#4,81,0.04278080000000273,180.0242802,180.067061
Percussion,-1,63,D#4,127,0.050802200000021,180.0242802,180.0750824
Percussion,-1,62,D4,55,0.03743319999998107,180.18470820000002,180.2221414
Percussion,-1,62,D4,56,0.0267379999999946,180.1954034,180.2221414
Percussion,-1,70,A#4,76,0.04812839999999596,180.18470820000002,180.2328366
Percussion,-1,56,G#3,79,0.05080219999999258,180.18470820000002,180.2355104
Percussion,-1,70,A#4,54,0.029411799999991217,180.3451362,180.374548
Percussion,-1,62,D4,44,0.03743319999998107,180.3451362,180.3825694
Percussion,-1,62,D4,56,0.0267379999999946,180.3558314,180.3825694
Percussion,-1,62,D4,127,0.03743319999998107,180.5055642,180.5429974
Percussion,-1,62,D4,80,0.0267379999999946,180.5162594,180.5429974
Percussion,-1,70,A#4,70,0.04278080000000273,180.5055642,180.548345
Percussion,-1,61,C#4,52,0.0802139999999838,180.47882620000001,180.5590402
Percussion,-1,62,D4,55,0.008021399999989853,180.6659922,180.6740136
Percussion,-1,64,E4,56,0.02673800000002302,180.6766874,180.70342540000001
Percussion,-1,70,A#4,73,0.04278080000000273,180.6659922,180.708773
Percussion,-1,35,B1,77,0.10427819999998178,180.6633184,180.7675966
Percussion,-1,64,E4,56,0.0267379999999946,180.83711540000002,180.8638534
Percussion,-1,56,G#3,77,0.04278080000000273,180.8264202,180.869201
Percussion,-1,70,A#4,79,0.04812839999999596,180.8264202,180.8745486
Percussion,-1,63,D#4,88,0.12299480000001495,180.8264202,180.94941500000002
Percussion,-1,62,D4,80,0.0267379999999946,180.9975434,181.0242814
Percussion,-1,70,A#4,70,0.04278080000000273,180.9868482,181.029629
Percussion,-1,63,D#4,88,0.05080219999999258,180.9868482,181.0376504
Percussion,-1,62,D4,56,0.0267379999999946,181.1579714,181.1847094
Percussion,-1,70,A#4,79,0.04812839999999596,181.1472762,181.1954046
Percussion,-1,64,E4,127,0.05614980000001424,181.1472762,181.203426
Percussion,-1,35,B1,77,0.09358299999999531,181.1446024,181.2381854
Percussion,-1,64,E4,127,0.03743320000000949,181.3077042,181.3451374
Percussion,-1,64,E4,56,0.0267379999999946,181.3183994,181.3451374
Percussion,-1,70,A#4,77,0.04278080000000273,181.3077042,181.350485
Percussion,-1,62,D4,55,0.03743319999998107,181.4681322,181.5055654
Percussion,-1,62,D4,56,0.0267379999999946,181.4788274,181.5055654
Percussion,-1,56,G#3,72,0.045454599999999346,181.4681322,181.5135868
Percussion,-1,70,A#4,80,0.04812839999999596,181.4681322,181.5162606
Percussion,-1,62,D4,55,0.03743319999998107,181.6285602,181.6659934
Percussion,-1,62,D4,56,0.0267379999999946,181.6392554,181.6659934
Percussion,-1,70,A#4,73,0.04278080000000273,181.6285602,181.671341
Percussion,-1,62,D4,127,0.03743320000000949,181.7889882,181.82642140000002
Percussion,-1,62,D4,80,0.02673800000002302,181.7996834,181.82642140000002
Percussion,-1,70,A#4,78,0.04278080000000273,181.7889882,181.831769
Percussion,-1,61,C#4,54,0.0802139999999838,181.764924,181.845138
Percussion,-1,64,E4,127,0.03743320000000949,181.9494162,181.9868494
Percussion,-1,64,E4,56,0.0267379999999946,181.96011140000002,181.9868494
Percussion,-1,70,A#4,82,0.04278080000000273,181.9494162,181.992197
Percussion,-1,35,B1,77,0.11764719999999329,181.9467424,182.0643896
Percussion,-1,64,E4,127,0.03743320000000949,182.1098442,182.1472774
Percussion,-1,64,E4,56,0.0267379999999946,182.1205394,182.1472774
Percussion,-1,56,G#3,78,0.04278080000000273,182.1098442,182.152625
Percussion,-1,70,A#4,79,0.045454599999999346,182.1098442,182.1552988
Percussion,-1,62,D4,88,0.03743320000000949,182.2702722,182.3077054
Percussion,-1,62,D4,80,0.0267379999999946,182.2809674,182.3077054
Percussion,-1,70,A#4,78,0.04278080000000273,182.2702722,182.313053
Percussion,-1,62,D4,56,0.0267379999999946,182.4413954,182.4681334
Percussion,-1,70,A#4,79,0.04278080000000273,182.4307002,182.473481
Percussion,-1,63,D#4,127,0.058823600000010856,182.4307002,182.4895238
Percussion,-1,35,B1,77,0.06951879999999733,182.43337400000001,182.5028928
Percussion,-1,64,E4,56,0.0267379999999946,182.6018234,182.6285614
Percussion,-1,70,A#4,81,0.04278080000000273,182.5911282,182.63390900000002
Percussion,-1,63,D#4,127,0.05080219999999258,182.5911282,182.6419304
Percussion,-1,62,D4,55,0.03743319999998107,182.7515562,182.7889894
Percussion,-1,62,D4,56,0.0267379999999946,182.7622514,182.7889894
Percussion,-1,70,A#4,76,0.04812839999999596,182.7515562,182.7996846
Percussion,-1,56,G#3,79,0.05080219999999258,182.7515562,182.8023584
Percussion,-1,70,A#4,54,0.029411799999991217,182.9119842,182.941396
Percussion,-1,62,D4,44,0.03743320000000949,182.9119842,182.94941740000002
Percussion,-1,62,D4,56,0.02673800000002302,182.9226794,182.94941740000002
Percussion,-1,62,D4,127,0.03743320000000949,183.0724122,183.1098454
Percussion,-1,62,D4,80,0.0267379999999946,183.08310740000002,183.1098454
Percussion,-1,70,A#4,70,0.04278080000000273,183.0724122,183.115193
Percussion,-1,61,C#4,52,0.0802139999999838,183.0456742,183.1258882
Percussion,-1,62,D4,55,0.008021400000018275,183.2328402,183.24086160000002
Percussion,-1,64,E4,56,0.0267379999999946,183.2435354,183.2702734
Percussion,-1,70,A#4,73,0.04278080000000273,183.2328402,183.275621
Percussion,-1,35,B1,77,0.1042782000000102,183.2301664,183.3344446
Percussion,-1,64,E4,56,0.0267379999999946,183.4039634,183.4307014
Percussion,-1,56,G#3,77,0.04278080000000273,183.3932682,183.436049
Percussion,-1,70,A#4,79,0.04812839999999596,183.3932682,183.4413966
Percussion,-1,63,D#4,88,0.12299480000001495,183.3932682,183.516263
Percussion,-1,62,D4,80,0.0267379999999946,183.5643914,183.5911294
Percussion,-1,70,A#4,70,0.04278080000000273,183.5536962,183.596477
Percussion,-1,63,D#4,88,0.050802200000021,183.5536962,183.6044984
Percussion,-1,62,D4,56,0.0267379999999946,183.7248194,183.7515574
Percussion,-1,70,A#4,79,0.04812839999999596,183.71412420000001,183.7622526
Percussion,-1,64,E4,127,0.05614979999998582,183.71412420000001,183.770274
Percussion,-1,35,B1,77,0.09358300000002373,183.7114504,183.8050334
Percussion,-1,64,E4,127,0.03743319999998107,183.8745522,183.9119854
Percussion,-1,64,E4,56,0.0267379999999946,183.8852474,183.9119854
Percussion,-1,70,A#4,77,0.04278080000000273,183.8745522,183.917333
Percussion,-1,62,D4,55,0.03743320000000949,184.0349802,184.07241340000002
Percussion,-1,62,D4,56,0.02673800000002302,184.0456754,184.07241340000002
Percussion,-1,56,G#3,72,0.045454599999999346,184.0349802,184.0804348
Percussion,-1,70,A#4,80,0.04812839999999596,184.0349802,184.0831086
Percussion,-1,62,D4,55,0.03743320000000949,184.1954082,184.2328414
Percussion,-1,62,D4,56,0.02673800000002302,184.2061034,184.2328414
Percussion,-1,70,A#4,73,0.04278080000000273,184.1954082,184.238189
Percussion,-1,62,D4,127,0.03743320000000949,184.3558362,184.3932694
Percussion,-1,62,D4,80,0.0267379999999946,184.3665314,184.3932694
Percussion,-1,70,A#4,78,0.04278080000000273,184.3558362,184.398617
Percussion,-1,61,C#4,54,0.08021400000001222,184.331772,184.411986
Percussion,-1,64,E4,127,0.03743320000000949,184.5162642,184.5536974
Percussion,-1,64,E4,56,0.0267379999999946,184.5269594,184.5536974
Percussion,-1,70,A#4,82,0.04278080000000273,184.5162642,184.559045
Percussion,-1,35,B1,77,0.11764719999999329,184.5135904,184.6312376
Percussion,-1,64,E4,127,0.03743320000000949,184.6766922,184.7141254
Percussion,-1,64,E4,56,0.0267379999999946,184.6873874,184.7141254
Percussion,-1,56,G#3,78,0.04278080000000273,184.6766922,184.719473
Percussion,-1,70,A#4,79,0.045454599999999346,184.6766922,184.7221468
Percussion,-1,62,D4,88,0.03743319999998107,184.83712020000002,184.8745534
Percussion,-1,62,D4,80,0.0267379999999946,184.8478154,184.8745534
Percussion,-1,70,A#4,78,0.042780799999974306,184.83712020000002,184.879901
Percussion,-1,62,D4,56,0.0267379999999946,185.0082434,185.0349814
Percussion,-1,70,A#4,79,0.04278080000000273,184.9975482,185.040329
Percussion,-1,63,D#4,127,0.058823599999982434,184.9975482,185.0563718
Percussion,-1,35,B1,77,0.06951879999999733,185.000222,185.0697408
Percussion,-1,64,E4,56,0.02673800000002302,185.1686714,185.19540940000002
Percussion,-1,70,A#4,81,0.04278080000000273,185.1579762,185.200757
Percussion,-1,63,D#4,127,0.05080219999999258,185.1579762,185.2087784
Percussion,-1,62,D4,55,0.03743320000000949,185.3184042,185.3558374
Percussion,-1,62,D4,56,0.02673800000002302,185.3290994,185.3558374
Percussion,-1,70,A#4,76,0.04812839999999596,185.3184042,185.3665326
Percussion,-1,56,G#3,79,0.05080219999999258,185.3184042,185.3692064
Percussion,-1,70,A#4,54,0.029411799999991217,185.4788322,185.508244
Percussion,-1,62,D4,44,0.03743320000000949,185.4788322,185.5162654
Percussion,-1,62,D4,56,0.0267379999999946,185.48952740000001,185.5162654
Percussion,-1,62,D4,127,0.03743320000000949,185.6392602,185.6766934
Percussion,-1,62,D4,80,0.0267379999999946,185.6499554,185.6766934
Percussion,-1,70,A#4,70,0.04278080000000273,185.6392602,185.682041
Percussion,-1,61,C#4,52,0.08021400000001222,185.6125222,185.6927362
Percussion,-1,62,D4,55,0.008021400000018275,185.7996882,185.8077096
Percussion,-1,64,E4,56,0.0267379999999946,185.8103834,185.8371214
Percussion,-1,70,A#4,73,0.04278080000000273,185.7996882,185.842469
Percussion,-1,35,B1,77,0.1042782000000102,185.7970144,185.9012926
Percussion,-1,64,E4,56,0.0267379999999946,185.9708114,185.9975494
Percussion,-1,56,G#3,77,0.042780799999974306,185.96011620000002,186.002897
Percussion,-1,70,A#4,79,0.04812839999999596,185.96011620000002,186.0082446
Percussion,-1,63,D#4,88,0.12299479999998653,185.96011620000002,186.083111
Percussion,-1,62,D4,80,0.0267379999999946,186.1312394,186.1579774
Percussion,-1,70,A#4,70,0.04278080000000273,186.1205442,186.16332500000001
Percussion,-1,63,D#4,88,0.05080219999999258,186.1205442,186.1713464
Percussion,-1,62,D4,56,0.02673800000002302,186.2916674,186.31840540000002
Percussion,-1,70,A#4,79,0.04812839999999596,186.2809722,186.3291006
Percussion,-1,64,E4,127,0.05614979999998582,186.2809722,186.337122
Percussion,-1,35,B1,77,0.09358299999999531,186.2782984,186.3718814
Percussion,-1,64,E4,127,0.03743320000000949,186.4414002,186.4788334
Percussion,-1,64,E4,56,0.02673800000002302,186.4520954,186.4788334
Percussion,-1,70,A#4,77,0.04278080000000273,186.4414002,186.484181
Percussion,-1,62,D4,55,0.03743320000000949,186.6018282,186.6392614
Percussion,-1,62,D4,56,0.0267379999999946,186.61252340000001,186.6392614
Percussion,-1,56,G#3,72,0.045454599999999346,186.6018282,186.6472828
Percussion,-1,70,A#4,80,0.04812839999999596,186.6018282,186.6499566
Percussion,-1,62,D4,55,0.03743320000000949,186.7622562,186.7996894
Percussion,-1,62,D4,56,0.0267379999999946,186.7729514,186.7996894
Percussion,-1,70,A#4,73,0.04278080000000273,186.7622562,186.805037
Percussion,-1,62,D4,127,0.03743320000000949,186.9226842,186.9601174
Percussion,-1,62,D4,80,0.0267379999999946,186.9333794,186.9601174
Percussion,-1,70,A#4,78,0.04278080000000273,186.9226842,186.965465
Percussion,-1,61,C#4,54,0.08021400000001222,186.89862,186.978834
Percussion,-1,64,E4,127,0.03743319999998107,187.08311220000002,187.1205454
Percussion,-1,64,E4,56,0.0267379999999946,187.0938074,187.1205454
Percussion,-1,70,A#4,82,0.042780799999974306,187.08311220000002,187.125893
Percussion,-1,35,B1,77,0.11764720000002171,187.0804384,187.1980856
Percussion,-1,64,E4,127,0.03743319999998107,187.2435402,187.2809734
Percussion,-1,64,E4,56,0.0267379999999946,187.2542354,187.2809734
Percussion,-1,56,G#3,78,0.04278080000000273,187.2435402,187.28632100000002
Percussion,-1,70,A#4,79,0.045454599999999346,187.2435402,187.2889948
Percussion,-1,62,D4,88,0.03743319999998107,187.4039682,187.4414014
Percussion,-1,62,D4,80,0.0267379999999946,187.4146634,187.4414014
Percussion,-1,70,A#4,78,0.04278080000000273,187.4039682,187.446749
Percussion,-1,62,D4,56,0.02673800000002302,187.5750914,187.6018294
Percussion,-1,70,A#4,79,0.04278080000000273,187.5643962,187.607177
Percussion,-1,63,D#4,127,0.058823600000010856,187.5643962,187.62321980000002
Percussion,-1,35,B1,77,0.06951879999999733,187.56707,187.6365888
Percussion,-1,64,E4,56,0.0267379999999946,187.73551940000002,187.7622574
Percussion,-1,70,A#4,81,0.04278080000000273,187.7248242,187.767605
Percussion,-1,63,D#4,127,0.05080219999999258,187.7248242,187.7756264
Percussion,-1,62,D4,55,0.03743320000000949,187.8852522,187.9226854
Percussion,-1,62,D4,56,0.0267379999999946,187.8959474,187.9226854
Percussion,-1,70,A#4,76,0.04812839999999596,187.8852522,187.9333806
Percussion,-1,56,G#3,79,0.050802200000021,187.8852522,187.93605440000002
Percussion,-1,70,A#4,54,0.02941180000001964,188.0456802,188.075092
Percussion,-1,62,D4,44,0.03743320000000949,188.0456802,188.0831134
Percussion,-1,62,D4,56,0.0267379999999946,188.0563754,188.0831134
Percussion,-1,62,D4,127,0.03743319999998107,188.20610820000002,188.2435414
Percussion,-1,62,D4,80,0.0267379999999946,188.2168034,188.2435414
Percussion,-1,70,A#4,70,0.042780799999974306,188.20610820000002,188.248889
Percussion,-1,61,C#4,52,0.08021400000001222,188.1793702,188.2595842
Percussion,-1,62,D4,55,0.008021399999989853,188.3665362,188.3745576
Percussion,-1,64,E4,56,0.0267379999999946,188.3772314,188.4039694
Percussion,-1,70,A#4,73,0.04278080000000273,188.3665362,188.40931700000002
Percussion,-1,35,B1,77,0.10427819999998178,188.36386240000002,188.4681406
Percussion,-1,64,E4,56,0.0267379999999946,188.5376594,188.5643974
Percussion,-1,56,G#3,77,0.04278080000000273,188.5269642,188.569745
Percussion,-1,70,A#4,79,0.04812839999999596,188.5269642,188.5750926
Percussion,-1,63,D#4,88,0.12299479999998653,188.5269642,188.649959
Percussion,-1,62,D4,80,0.02673800000002302,188.6980874,188.72482540000001
Percussion,-1,70,A#4,70,0.04278080000000273,188.6873922,188.730173
Percussion,-1,63,D#4,88,0.05080219999999258,188.6873922,188.7381944
Percussion,-1,62,D4,56,0.0267379999999946,188.85851540000002,188.8852534
Percussion,-1,70,A#4,79,0.04812839999999596,188.8478202,188.8959486
Percussion,-1,64,E4,127,0.05614980000001424,188.8478202,188.90397000000002
Percussion,-1,35,B1,77,0.09358299999999531,188.8451464,188.9387294
Percussion,-1,64,E4,127,0.03743320000000949,189.0082482,189.0456814
Percussion,-1,64,E4,56,0.0267379999999946,189.0189434,189.0456814
Percussion,-1,70,A#4,77,0.04278080000000273,189.0082482,189.051029
Percussion,-1,62,D4,55,0.03743320000000949,189.1686762,189.2061094
Percussion,-1,62,D4,56,0.0267379999999946,189.1793714,189.2061094
Percussion,-1,56,G#3,72,0.045454599999999346,189.1686762,189.2141308
Percussion,-1,70,A#4,80,0.048128400000024385,189.1686762,189.21680460000002
Percussion,-1,62,D4,55,0.03743319999998107,189.32910420000002,189.3665374
Percussion,-1,62,D4,56,0.0267379999999946,189.3397994,189.3665374
Percussion,-1,70,A#4,73,0.042780799999974306,189.32910420000002,189.371885
Percussion,-1,62,D4,127,0.03743319999998107,189.4895322,189.5269654
Percussion,-1,62,D4,80,0.0267379999999946,189.5002274,189.5269654
Percussion,-1,70,A#4,78,0.04278080000000273,189.4895322,189.53231300000002
Percussion,-1,61,C#4,54,0.0802139999999838,189.46546800000002,189.545682
Percussion,-1,64,E4,127,0.03743319999998107,189.6499602,189.6873934
Percussion,-1,64,E4,56,0.0267379999999946,189.6606554,189.6873934
Percussion,-1,70,A#4,82,0.04278080000000273,189.6499602,189.692741
Percussion,-1,35,B1,77,0.11764719999999329,189.6472864,189.7649336
Percussion,-1,64,E4,127,0.03743320000000949,189.8103882,189.84782140000002
Percussion,-1,64,E4,56,0.02673800000002302,189.8210834,189.84782140000002
Percussion,-1,56,G#3,78,0.04278080000000273,189.8103882,189.853169
Percussion,-1,70,A#4,79,0.045454599999999346,189.8103882,189.8558428
Percussion,-1,62,D4,88,0.03743320000000949,189.9708162,190.0082494
Percussion,-1,62,D4,80,0.0267379999999946,189.98151140000002,190.0082494
Percussion,-1,70,A#4,78,0.04278080000000273,189.9708162,190.013597
Percussion,-1,62,D4,56,0.0267379999999946,190.1419394,190.1686774
Percussion,-1,70,A#4,79,0.04278080000000273,190.1312442,190.174025
Percussion,-1,63,D#4,127,0.058823600000010856,190.1312442,190.1900678
Percussion,-1,35,B1,77,0.06951879999999733,190.133918,190.2034368
Percussion,-1,64,E4,56,0.0267379999999946,190.3023674,190.3291054
Percussion,-1,70,A#4,81,0.04278080000000273,190.2916722,190.334453
Percussion,-1,63,D#4,127,0.050802200000021,190.2916722,190.34247440000001
Percussion,-1,62,D4,55,0.03743320000000949,190.4521002,190.4895334
Percussion,-1,62,D4,56,0.0267379999999946,190.4627954,190.4895334
Percussion,-1,70,A#4,76,0.048128400000024385,190.4521002,190.5002286
Percussion,-1,56,G#3,79,0.050802200000021,190.4521002,190.5029024
Percussion,-1,70,A#4,54,0.029411799999991217,190.6125282,190.64194
Percussion,-1,62,D4,44,0.03743319999998107,190.6125282,190.6499614
Percussion,-1,62,D4,56,0.0267379999999946,190.6232234,190.6499614
Percussion,-1,62,D4,127,0.03743319999998107,190.7729562,190.8103894
Percussion,-1,62,D4,80,0.0267379999999946,190.7836514,190.8103894
Percussion,-1,70,A#4,70,0.04278080000000273,190.7729562,190.815737
Percussion,-1,61,C#4,52,0.0802139999999838,190.74621820000002,190.8264322
Percussion,-1,62,D4,55,0.008021399999989853,190.9333842,190.9414056
Percussion,-1,64,E4,56,0.02673800000002302,190.9440794,190.97081740000002
Percussion,-1,70,A#4,73,0.04278080000000273,190.9333842,190.976165
Percussion,-1,35,B1,77,0.10427819999998178,190.9307104,191.0349886
Percussion,-1,64,E4,56,0.0267379999999946,191.10450740000002,191.1312454
Percussion,-1,56,G#3,77,0.04278080000000273,191.0938122,191.136593
Percussion,-1,70,A#4,79,0.04812839999999596,191.0938122,191.1419406
Percussion,-1,63,D#4,88,0.12299480000001495,191.0938122,191.21680700000002
Percussion,-1,62,D4,80,0.0267379999999946,191.2649354,191.2916734
Percussion,-1,70,A#4,70,0.04278080000000273,191.2542402,191.297021
Percussion,-1,63,D#4,88,0.05080219999999258,191.2542402,191.3050424
Percussion,-1,62,D4,56,0.0267379999999946,191.4253634,191.4521014
Percussion,-1,70,A#4,79,0.04812839999999596,191.4146682,191.4627966
Percussion,-1,64,E4,127,0.05614980000001424,191.4146682,191.470818
Percussion,-1,35,B1,77,0.09358299999999531,191.4119944,191.5055774
Percussion,-1,64,E4,127,0.03743320000000949,191.5750962,191.6125294
Percussion,-1,64,E4,56,0.0267379999999946,191.5857914,191.6125294
Percussion,-1,70,A#4,77,0.04278080000000273,191.5750962,191.617877
Percussion,-1,62,D4,55,0.03743319999998107,191.73552420000001,191.7729574
Percussion,-1,62,D4,56,0.0267379999999946,191.7462194,191.7729574
Percussion,-1,56,G#3,72,0.045454599999999346,191.73552420000001,191.7809788
Percussion,-1,70,A#4,80,0.04812839999999596,191.73552420000001,191.7836526
Percussion,-1,62,D4,55,0.03743319999998107,191.8959522,191.9333854
Percussion,-1,62,D4,56,0.0267379999999946,191.9066474,191.9333854
Percussion,-1,70,A#4,73,0.04278080000000273,191.8959522,191.938733
Percussion,-1,62,D4,127,0.03743320000000949,192.0563802,192.09381340000002
Percussion,-1,62,D4,80,0.02673800000002302,192.0670754,192.09381340000002
Percussion,-1,70,A#4,78,0.04278080000000273,192.0563802,192.099161
Percussion,-1,61,C#4,54,0.0802139999999838,192.032316,192.11253
Percussion,-1,64,E4,127,0.03743320000000949,192.2168082,192.2542414
Percussion,-1,64,E4,56,0.0267379999999946,192.22750340000002,192.2542414
Percussion,-1,70,A#4,82,0.04278080000000273,192.2168082,192.259589
Percussion,-1,35,B1,77,0.11764719999999329,192.2141344,192.3317816
Percussion,-1,64,E4,127,0.03743320000000949,192.3772362,192.4146694
Percussion,-1,64,E4,56,0.0267379999999946,192.3879314,192.4146694
Percussion,-1,56,G#3,78,0.04278080000000273,192.3772362,192.420017
Percussion,-1,70,A#4,79,0.045454599999999346,192.3772362,192.4226908
Percussion,-1,62,D4,88,0.03743320000000949,192.5376642,192.5750974
Percussion,-1,62,D4,80,0.0267379999999946,192.5483594,192.5750974
Percussion,-1,70,A#4,78,0.04278080000000273,192.5376642,192.580445
Percussion,-1,62,D4,56,0.0267379999999946,192.7087874,192.7355254
Percussion,-1,70,A#4,79,0.04278080000000273,192.6980922,192.740873
Percussion,-1,63,D#4,127,0.058823600000010856,192.6980922,192.7569158
Percussion,-1,35,B1,77,0.06951879999999733,192.70076600000002,192.7702848
Percussion,-1,64,E4,56,0.0267379999999946,192.8692154,192.8959534
Percussion,-1,70,A#4,81,0.042780799999974306,192.85852020000002,192.901301
Percussion,-1,63,D#4,127,0.05080219999999258,192.85852020000002,192.9093224
Percussion,-1,62,D4,55,0.03743319999998107,193.0189482,193.0563814
Percussion,-1,62,D4,56,0.0267379999999946,193.0296434,193.0563814
Percussion,-1,70,A#4,76,0.04812839999999596,193.0189482,193.0670766
Percussion,-1,56,G#3,79,0.05080219999999258,193.0189482,193.0697504
Percussion,-1,70,A#4,54,0.029411799999991217,193.1793762,193.208788
Percussion,-1,62,D4,44,0.03743320000000949,193.1793762,193.21680940000002
Percussion,-1,62,D4,56,0.02673800000002302,193.1900714,193.21680940000002
Percussion,-1,62,D4,127,0.03743320000000949,193.3398042,193.3772374
Percussion,-1,62,D4,80,0.02673800000002302,193.3504994,193.3772374
Percussion,-1,70,A#4,70,0.04278080000000273,193.3398042,193.382585
Percussion,-1,61,C#4,52,0.0802139999999838,193.3130662,193.3932802
Percussion,-1,62,D4,55,0.008021400000018275,193.5002322,193.50825360000002
Percussion,-1,64,E4,56,0.0267379999999946,193.5109274,193.5376654
Percussion,-1,70,A#4,73,0.04278080000000273,193.5002322,193.543013
Percussion,-1,35,B1,77,0.1042782000000102,193.4975584,193.6018366
Percussion,-1,64,E4,56,0.0267379999999946,193.6713554,193.6980934
Percussion,-1,56,G#3,77,0.04278080000000273,193.6606602,193.703441
Percussion,-1,70,A#4,79,0.04812839999999596,193.6606602,193.7087886
Percussion,-1,63,D#4,88,0.12299480000001495,193.6606602,193.783655
Percussion,-1,62,D4,80,0.0267379999999946,193.8317834,193.8585214
Percussion,-1,70,A#4,70,0.04278080000000273,193.8210882,193.863869
Percussion,-1,63,D#4,88,0.050802200000021,193.8210882,193.8718904
Percussion,-1,62,D4,56,0.0267379999999946,193.9922114,194.0189494
Percussion,-1,70,A#4,79,0.04812839999999596,193.98151620000002,194.0296446
Percussion,-1,64,E4,127,0.05614979999998582,193.98151620000002,194.037666
Percussion,-1,35,B1,77,0.09358300000002373,193.9788424,194.07242540000001
Percussion,-1,64,E4,127,0.03743319999998107,194.1419442,194.1793774
Percussion,-1,64,E4,56,0.0267379999999946,194.1526394,194.1793774
Percussion,-1,70,A#4,77,0.04278080000000273,194.1419442,194.18472500000001
Percussion,-1,62,D4,55,0.03743320000000949,194.3023722,194.33980540000002
Percussion,-1,62,D4,56,0.02673800000002302,194.3130674,194.33980540000002
Percussion,-1,56,G#3,72,0.045454599999999346,194.3023722,194.3478268
Percussion,-1,70,A#4,80,0.04812839999999596,194.3023722,194.3505006
Percussion,-1,62,D4,55,0.03743320000000949,194.4628002,194.5002334
Percussion,-1,62,D4,56,0.02673800000002302,194.4734954,194.5002334
Percussion,-1,70,A#4,73,0.04278080000000273,194.4628002,194.505581
Percussion,-1,62,D4,127,0.03743320000000949,194.6232282,194.6606614
Percussion,-1,62,D4,80,0.0267379999999946,194.63392340000001,194.6606614
Percussion,-1,70,A#4,78,0.04278080000000273,194.6232282,194.666009
Percussion,-1,61,C#4,54,0.08021400000001222,194.599164,194.679378
Percussion,-1,64,E4,127,0.03743320000000949,194.7836562,194.8210894
Percussion,-1,64,E4,56,0.0267379999999946,194.7943514,194.8210894
Percussion,-1,70,A#4,82,0.04278080000000273,194.7836562,194.826437
Percussion,-1,35,B1,77,0.11764719999999329,194.7809824,194.8986296
Percussion,-1,64,E4,127,0.03743320000000949,194.9440842,194.9815174
Percussion,-1,64,E4,56,0.0267379999999946,194.9547794,194.9815174
Percussion,-1,56,G#3,78,0.04278080000000273,194.9440842,194.986865
Percussion,-1,70,A#4,79,0.045454599999999346,194.9440842,194.9895388
Percussion,-1,62,D4,88,0.03743319999998107,195.10451220000002,195.1419454
Percussion,-1,62,D4,80,0.0267379999999946,195.1152074,195.1419454
Percussion,-1,70,A#4,78,0.042780799999974306,195.10451220000002,195.147293
Percussion,-1,62,D4,56,0.0267379999999946,195.2756354,195.3023734
Percussion,-1,70,A#4,79,0.04278080000000273,195.2649402,195.30772100000002
Percussion,-1,63,D#4,127,0.058823599999982434,195.2649402,195.3237638
Percussion,-1,35,B1,77,0.06951879999999733,195.267614,195.3371328
Percussion,-1,64,E4,56,0.0267379999999946,195.4360634,195.4628014
Percussion,-1,70,A#4,81,0.04278080000000273,195.4253682,195.468149
Percussion,-1,63,D#4,127,0.05080219999999258,195.4253682,195.4761704
Percussion,-1,62,D4,55,0.03743320000000949,195.5857962,195.6232294
Percussion,-1,62,D4,56,0.02673800000002302,195.5964914,195.6232294
Percussion,-1,70,A#4,76,0.04812839999999596,195.5857962,195.6339246
Percussion,-1,56,G#3,79,0.05080219999999258,195.5857962,195.6365984
Percussion,-1,70,A#4,54,0.029411799999991217,195.7462242,195.775636
Percussion,-1,62,D4,44,0.03743320000000949,195.7462242,195.7836574
Percussion,-1,62,D4,56,0.0267379999999946,195.75691940000002,195.7836574
Percussion,-1,62,D4,127,0.03743320000000949,195.9066522,195.9440854
Percussion,-1,62,D4,80,0.0267379999999946,195.9173474,195.9440854
Percussion,-1,70,A#4,70,0.04278080000000273,195.9066522,195.949433
Percussion,-1,61,C#4,52,0.08021400000001222,195.8799142,195.9601282
Percussion,-1,62,D4,55,0.008021400000018275,196.0670802,196.0751016
Percussion,-1,64,E4,56,0.0267379999999946,196.0777754,196.1045134
Percussion,-1,70,A#4,73,0.04278080000000273,196.0670802,196.109861
Percussion,-1,35,B1,77,0.1042782000000102,196.0644064,196.1686846
Percussion,-1,64,E4,56,0.0267379999999946,196.2382034,196.2649414
Percussion,-1,56,G#3,77,0.042780799999974306,196.22750820000002,196.270289
Percussion,-1,70,A#4,79,0.04812839999999596,196.22750820000002,196.2756366
Percussion,-1,63,D#4,88,0.12299479999998653,196.22750820000002,196.350503
Percussion,-1,62,D4,80,0.0267379999999946,196.3986314,196.4253694
Percussion,-1,70,A#4,70,0.04278080000000273,196.3879362,196.43071700000002
Percussion,-1,63,D#4,88,0.05080219999999258,196.3879362,196.4387384
Percussion,-1,62,D4,56,0.0267379999999946,196.5590594,196.5857974
Percussion,-1,70,A#4,79,0.04812839999999596,196.5483642,196.5964926
Percussion,-1,64,E4,127,0.05614979999998582,196.5483642,196.604514
Percussion,-1,35,B1,77,0.09358299999999531,196.5456904,196.6392734
Percussion,-1,64,E4,127,0.03743320000000949,196.7087922,196.74622540000001
Percussion,-1,64,E4,56,0.02673800000002302,196.7194874,196.74622540000001
Percussion,-1,70,A#4,77,0.04278080000000273,196.7087922,196.751573
Percussion,-1,62,D4,55,0.03743320000000949,196.8692202,196.9066534
Percussion,-1,62,D4,56,0.0267379999999946,196.87991540000002,196.9066534
Percussion,-1,56,G#3,72,0.045454599999999346,196.8692202,196.9146748
Percussion,-1,70,A#4,80,0.04812839999999596,196.8692202,196.9173486
Percussion,-1,62,D4,55,0.03743320000000949,197.0296482,197.0670814
Percussion,-1,62,D4,56,0.0267379999999946,197.0403434,197.0670814
Percussion,-1,70,A#4,73,0.04278080000000273,197.0296482,197.072429
Percussion,-1,62,D4,127,0.03743320000000949,197.1900762,197.2275094
Percussion,-1,62,D4,80,0.0267379999999946,197.2007714,197.2275094
Percussion,-1,70,A#4,78,0.04278080000000273,197.1900762,197.232857
Percussion,-1,61,C#4,54,0.08021400000001222,197.166012,197.246226
Percussion,-1,64,E4,127,0.03743319999998107,197.35050420000002,197.3879374
Percussion,-1,64,E4,56,0.0267379999999946,197.3611994,197.3879374
Percussion,-1,70,A#4,82,0.042780799999974306,197.35050420000002,197.393285
Percussion,-1,35,B1,77,0.11764720000002171,197.3478304,197.4654776
Percussion,-1,64,E4,127,0.03743319999998107,197.5109322,197.5483654
Percussion,-1,64,E4,56,0.0267379999999946,197.5216274,197.5483654
Percussion,-1,56,G#3,78,0.04278080000000273,197.5109322,197.55371300000002
Percussion,-1,70,A#4,79,0.045454599999999346,197.5109322,197.5563868
Percussion,-1,62,D4,88,0.03743319999998107,197.6713602,197.7087934
Percussion,-1,62,D4,80,0.0267379999999946,197.6820554,197.7087934
Percussion,-1,70,A#4,78,0.04278080000000273,197.6713602,197.714141
Percussion,-1,62,D4,56,0.02673800000002302,197.8424834,197.86922140000001
Percussion,-1,70,A#4,79,0.04278080000000273,197.8317882,197.874569
Percussion,-1,63,D#4,127,0.058823600000010856,197.8317882,197.89061180000002
Percussion,-1,35,B1,77,0.06951879999999733,197.834462,197.9039808
Percussion,-1,64,E4,56,0.0267379999999946,198.00291140000002,198.0296494
Percussion,-1,70,A#4,81,0.04278080000000273,197.9922162,198.034997
Percussion,-1,63,D#4,127,0.05080219999999258,197.9922162,198.0430184
Percussion,-1,62,D4,55,0.03743320000000949,198.1526442,198.1900774
Percussion,-1,62,D4,56,0.0267379999999946,198.1633394,198.1900774
Percussion,-1,70,A#4,76,0.04812839999999596,198.1526442,198.2007726
Percussion,-1,56,G#3,79,0.05080219999999258,198.1526442,198.2034464
Percussion,-1,70,A#4,54,0.02941180000001964,198.3130722,198.342484
Percussion,-1,62,D4,44,0.03743320000000949,198.3130722,198.3505054
Percussion,-1,62,D4,56,0.0267379999999946,198.3237674,198.3505054
Percussion,-1,62,D4,127,0.03743320000000949,198.4735002,198.5109334
Percussion,-1,62,D4,80,0.0267379999999946,198.4841954,198.5109334
Percussion,-1,70,A#4,70,0.04278080000000273,198.4735002,198.516281
Percussion,-1,61,C#4,52,0.08021400000001222,198.4467622,198.5269762
Percussion,-1,62,D4,55,0.008021399999989853,198.6339282,198.6419496
Percussion,-1,64,E4,56,0.0267379999999946,198.6446234,198.6713614
Percussion,-1,70,A#4,73,0.04278080000000273,198.6339282,198.67670900000002
Percussion,-1,35,B1,77,0.10427819999998178,198.63125440000002,198.7355326
Percussion,-1,64,E4,56,0.0267379999999946,198.8050514,198.8317894
Percussion,-1,56,G#3,77,0.04278080000000273,198.7943562,198.837137
Percussion,-1,70,A#4,79,0.04812839999999596,198.7943562,198.8424846
Percussion,-1,63,D#4,88,0.12299479999998653,198.7943562,198.917351
Percussion,-1,62,D4,80,0.02673800000002302,198.9654794,198.99221740000002
Percussion,-1,70,A#4,70,0.04278080000000273,198.9547842,198.997565
Percussion,-1,63,D#4,88,0.05080219999999258,198.9547842,199.0055864
Percussion,-1,62,D4,56,0.0267379999999946,199.12590740000002,199.1526454
Percussion,-1,49,C#3,127,0.04812839999999596,199.1152122,199.1633406
Percussion,-1,64,E4,127,0.05614980000001424,199.1152122,199.17136200000002
Percussion,-1,35,B1,77,0.09358299999999531,199.1125384,199.2061214
Percussion,-1,64,E4,127,0.03743320000000949,199.2756402,199.3130734
Percussion,-1,64,E4,56,0.0267379999999946,199.2863354,199.3130734
Percussion,-1,70,A#4,77,0.04278080000000273,199.2756402,199.318421
Percussion,-1,62,D4,55,0.03743320000000949,199.4360682,199.4735014
Percussion,-1,62,D4,56,0.0267379999999946,199.4467634,199.4735014
Percussion,-1,56,G#3,72,0.045454599999999346,199.4360682,199.4815228
Percussion,-1,70,A#4,80,0.04812839999999596,199.4360682,199.4841966
Percussion,-1,62,D4,55,0.03743320000000949,199.5964962,199.6339294
Percussion,-1,62,D4,56,0.0267379999999946,199.6071914,199.6339294
Percussion,-1,70,A#4,73,0.04278080000000273,199.5964962,199.639277
Percussion,-1,62,D4,127,0.03743319999998107,199.75692420000001,199.7943574
Percussion,-1,62,D4,80,0.0267379999999946,199.7676194,199.7943574
Percussion,-1,70,A#4,78,0.04278080000000273,199.75692420000001,199.79970500000002
Percussion,-1,61,C#4,54,0.0802139999999838,199.73286000000002,199.813074
Percussion,-1,64,E4,127,0.03743319999998107,199.9173522,199.9547854
Percussion,-1,64,E4,56,0.0267379999999946,199.9280474,199.9547854
Percussion,-1,70,A#4,82,0.04278080000000273,199.9173522,199.960133
Percussion,-1,35,B1,77,0.11764719999999329,199.9146784,200.0323256
Percussion,-1,64,E4,127,0.03743320000000949,200.0777802,200.11521340000002
Percussion,-1,64,E4,56,0.02673800000002302,200.0884754,200.11521340000002
Percussion,-1,56,G#3,78,0.04278080000000273,200.0777802,200.120561
Percussion,-1,70,A#4,79,0.045454599999999346,200.0777802,200.1232348
Percussion,-1,62,D4,88,0.03743320000000949,200.2382082,200.2756414
Percussion,-1,62,D4,80,0.0267379999999946,200.24890340000002,200.2756414
Percussion,-1,70,A#4,78,0.04278080000000273,200.2382082,200.280989
Percussion,-1,62,D4,56,0.0267379999999946,200.4093314,200.4360694
Percussion,-1,70,A#4,79,0.04278080000000273,200.3986362,200.441417
Percussion,-1,63,D#4,127,0.058823600000010856,200.3986362,200.4574598
Percussion,-1,35,B1,77,0.06951879999999733,200.40131,200.4708288
Percussion,-1,64,E4,56,0.0267379999999946,200.5697594,200.5964974
Percussion,-1,70,A#4,81,0.04278080000000273,200.5590642,200.601845
Percussion,-1,63,D#4,127,0.050802200000021,200.5590642,200.60986640000002
Percussion,-1,62,D4,55,0.03743320000000949,200.7194922,200.7569254
Percussion,-1,62,D4,56,0.0267379999999946,200.7301874,200.7569254
Percussion,-1,70,A#4,76,0.048128400000024385,200.7194922,200.76762060000001
Percussion,-1,56,G#3,79,0.050802200000021,200.7194922,200.7702944
Percussion,-1,70,A#4,54,0.029411799999991217,200.87992020000002,200.909332
Percussion,-1,62,D4,44,0.03743319999998107,200.87992020000002,200.9173534
Percussion,-1,62,D4,56,0.0267379999999946,200.8906154,200.9173534
Percussion,-1,62,D4,127,0.03743319999998107,201.0403482,201.0777814
Percussion,-1,62,D4,80,0.0267379999999946,201.0510434,201.0777814
Percussion,-1,70,A#4,70,0.04278080000000273,201.0403482,201.083129
Percussion,-1,61,C#4,52,0.0802139999999838,201.01361020000002,201.0938242
Percussion,-1,62,D4,55,0.008021399999989853,201.2007762,201.2087976
Percussion,-1,64,E4,56,0.02673800000002302,201.2114714,201.23820940000002
Percussion,-1,70,A#4,73,0.04278080000000273,201.2007762,201.243557
Percussion,-1,35,B1,77,0.10427819999998178,201.1981024,201.3023806
Percussion,-1,64,E4,56,0.02673800000002302,201.3718994,201.3986374
Percussion,-1,56,G#3,77,0.04278080000000273,201.3612042,201.403985
Percussion,-1,70,A#4,79,0.04812839999999596,201.3612042,201.4093326
Percussion,-1,63,D#4,88,0.12299479999998653,201.3612042,201.484199
Percussion,-1,62,D4,80,0.0267379999999946,201.5323274,201.5590654
Percussion,-1,70,A#4,70,0.04278080000000273,201.5216322,201.564413
Percussion,-1,63,D#4,88,0.05080219999999258,201.5216322,201.5724344
Percussion,-1,62,D4,56,0.0267379999999946,201.6927554,201.7194934
Percussion,-1,70,A#4,79,0.04812839999999596,201.6820602,201.7301886
Percussion,-1,64,E4,127,0.05614980000001424,201.6820602,201.73821
Percussion,-1,35,B1,77,0.09358299999999531,201.6793864,201.7729694
Percussion,-1,64,E4,127,0.03743320000000949,201.8424882,201.8799214
Percussion,-1,64,E4,56,0.0267379999999946,201.8531834,201.8799214
Percussion,-1,70,A#4,77,0.04278080000000273,201.8424882,201.885269
Percussion,-1,62,D4,55,0.03743319999998107,202.00291620000002,202.0403494
Percussion,-1,62,D4,56,0.0267379999999946,202.0136114,202.0403494
Percussion,-1,56,G#3,72,0.045454599999999346,202.00291620000002,202.04837080000001
Percussion,-1,70,A#4,80,0.04812839999999596,202.00291620000002,202.0510446
Percussion,-1,62,D4,55,0.03743319999998107,202.1633442,202.2007774
Percussion,-1,62,D4,56,0.0267379999999946,202.1740394,202.2007774
Percussion,-1,70,A#4,73,0.04278080000000273,202.1633442,202.20612500000001
Percussion,-1,62,D4,127,0.03743320000000949,202.3237722,202.36120540000002
Percussion,-1,62,D4,80,0.02673800000002302,202.3344674,202.36120540000002
Percussion,-1,70,A#4,78,0.04278080000000273,202.3237722,202.366553
Percussion,-1,61,C#4,54,0.0802139999999838,202.299708,202.379922
Percussion,-1,64,E4,127,0.03743320000000949,202.4842002,202.5216334
Percussion,-1,64,E4,56,0.02673800000002302,202.4948954,202.5216334
Percussion,-1,70,A#4,82,0.04278080000000273,202.4842002,202.526981
Percussion,-1,35,B1,77,0.11764719999999329,202.4815264,202.5991736
Percussion,-1,64,E4,127,0.03743320000000949,202.6446282,202.6820614
Percussion,-1,64,E4,56,0.0267379999999946,202.65532340000001,202.6820614
Percussion,-1,56,G#3,78,0.04278080000000273,202.6446282,202.687409
Percussion,-1,70,A#4,79,0.045454599999999346,202.6446282,202.6900828
Percussion,-1,62,D4,88,0.03743320000000949,202.8050562,202.8424894
Percussion,-1,62,D4,80,0.0267379999999946,202.8157514,202.8424894
Percussion,-1,70,A#4,78,0.04278080000000273,202.8050562,202.847837
Percussion,-1,62,D4,56,0.0267379999999946,202.9761794,203.0029174
Percussion,-1,70,A#4,79,0.04278080000000273,202.9654842,203.008265
Percussion,-1,63,D#4,127,0.058823600000010856,202.9654842,203.0243078
Percussion,-1,35,B1,77,0.06951879999999733,202.96815800000002,203.0376768
Percussion,-1,64,E4,56,0.0267379999999946,203.1366074,203.1633454
Percussion,-1,70,A#4,81,0.042780799999974306,203.12591220000002,203.168693
Percussion,-1,63,D#4,127,0.05080219999999258,203.12591220000002,203.1767144
Percussion,-1,62,D4,55,0.03743319999998107,203.2863402,203.3237734
Percussion,-1,62,D4,56,0.0267379999999946,203.2970354,203.3237734
Percussion,-1,70,A#4,76,0.04812839999999596,203.2863402,203.3344686
Percussion,-1,56,G#3,79,0.05080219999999258,203.2863402,203.3371424
Percussion,-1,70,A#4,54,0.029411799999991217,203.4467682,203.47618
Percussion,-1,62,D4,44,0.03743320000000949,203.4467682,203.48420140000002
Percussion,-1,62,D4,56,0.02673800000002302,203.4574634,203.48420140000002
Percussion,-1,62,D4,127,0.03743320000000949,203.6071962,203.6446294
Percussion,-1,62,D4,80,0.02673800000002302,203.6178914,203.6446294
Percussion,-1,70,A#4,70,0.04278080000000273,203.6071962,203.649977
Percussion,-1,61,C#4,52,0.0802139999999838,203.5804582,203.6606722
Percussion,-1,62,D4,55,0.008021399999989853,203.7676242,203.7756456
Percussion,-1,64,E4,56,0.0267379999999946,203.77831940000002,203.8050574
Percussion,-1,70,A#4,73,0.04278080000000273,203.7676242,203.810405
Percussion,-1,35,B1,77,0.1042782000000102,203.7649504,203.8692286
Percussion,-1,64,E4,56,0.0267379999999946,203.9387474,203.9654854
Percussion,-1,56,G#3,77,0.04278080000000273,203.9280522,203.970833
Percussion,-1,70,A#4,79,0.04812839999999596,203.9280522,203.9761806
Percussion,-1,63,D#4,88,0.12299480000001495,203.9280522,204.051047
Percussion,-1,62,D4,80,0.0267379999999946,204.0991754,204.1259134
Percussion,-1,70,A#4,70,0.04278080000000273,204.0884802,204.131261
Percussion,-1,63,D#4,88,0.050802200000021,204.0884802,204.1392824
Percussion,-1,62,D4,56,0.0267379999999946,204.2596034,204.2863414
Percussion,-1,70,A#4,79,0.04812839999999596,204.24890820000002,204.2970366
Percussion,-1,64,E4,127,0.05614979999998582,204.24890820000002,204.305058
Percussion,-1,35,B1,77,0.09358300000002373,204.2462344,204.33981740000002
Percussion,-1,64,E4,127,0.03743319999998107,204.4093362,204.4467694
Percussion,-1,64,E4,56,0.0267379999999946,204.4200314,204.4467694
Percussion,-1,70,A#4,77,0.04278080000000273,204.4093362,204.45211700000002
Percussion,-1,62,D4,55,0.03743319999998107,204.5697642,204.6071974
Percussion,-1,62,D4,56,0.0267379999999946,204.5804594,204.6071974
Percussion,-1,56,G#3,72,0.045454599999999346,204.5697642,204.6152188
Percussion,-1,70,A#4,80,0.04812839999999596,204.5697642,204.6178926
Percussion,-1,62,D4,55,0.03743320000000949,204.7301922,204.76762540000001
Percussion,-1,62,D4,56,0.02673800000002302,204.7408874,204.76762540000001
Percussion,-1,70,A#4,73,0.04278080000000273,204.7301922,204.772973
Percussion,-1,62,D4,127,0.03743320000000949,204.8906202,204.9280534
Percussion,-1,62,D4,80,0.0267379999999946,204.90131540000002,204.9280534
Percussion,-1,70,A#4,78,0.04278080000000273,204.8906202,204.933401
Percussion,-1,61,C#4,54,0.08021400000001222,204.866556,204.94677000000001
Percussion,-1,64,E4,127,0.03743320000000949,205.0510482,205.0884814
Percussion,-1,64,E4,56,0.0267379999999946,205.0617434,205.0884814
Percussion,-1,70,A#4,82,0.04278080000000273,205.0510482,205.093829
Percussion,-1,35,B1,77,0.11764719999999329,205.0483744,205.1660216
Percussion,-1,64,E4,127,0.03743320000000949,205.2114762,205.2489094
Percussion,-1,64,E4,56,0.0267379999999946,205.2221714,205.2489094
Percussion,-1,56,G#3,78,0.04278080000000273,205.2114762,205.254257
Percussion,-1,70,A#4,79,0.045454599999999346,205.2114762,205.2569308
Percussion,-1,62,D4,88,0.03743319999998107,205.37190420000002,205.4093374
Percussion,-1,62,D4,80,0.0267379999999946,205.3825994,205.4093374
Percussion,-1,70,A#4,78,0.042780799999974306,205.37190420000002,205.414685
Percussion,-1,62,D4,56,0.0267379999999946,205.5430274,205.5697654
Percussion,-1,70,A#4,79,0.04278080000000273,205.5323322,205.57511300000002
Percussion,-1,63,D#4,127,0.058823599999982434,205.5323322,205.5911558
Percussion,-1,35,B1,77,0.06951879999999733,205.535006,205.6045248
Percussion,-1,64,E4,56,0.0267379999999946,205.7034554,205.7301934
Percussion,-1,70,A#4,81,0.04278080000000273,205.6927602,205.735541
Percussion,-1,63,D#4,127,0.05080219999999258,205.6927602,205.7435624
Percussion,-1,62,D4,55,0.03743320000000949,205.8531882,205.89062140000001
Percussion,-1,62,D4,56,0.02673800000002302,205.8638834,205.89062140000001
Percussion,-1,70,A#4,76,0.04812839999999596,205.8531882,205.9013166
Percussion,-1,56,G#3,79,0.05080219999999258,205.8531882,205.9039904
Percussion,-1,70,A#4,54,0.029411799999991217,206.0136162,206.043028
Percussion,-1,62,D4,44,0.03743320000000949,206.0136162,206.0510494
Percussion,-1,62,D4,56,0.0267379999999946,206.02431140000002,206.0510494
Percussion,-1,62,D4,127,0.03743320000000949,206.1740442,206.2114774
Percussion,-1,62,D4,80,0.0267379999999946,206.1847394,206.2114774
Percussion,-1,70,A#4,70,0.04278080000000273,206.1740442,206.216825
Percussion,-1,61,C#4,52,0.08021400000001222,206.1473062,206.22752020000001
Percussion,-1,62,D4,55,0.008021400000018275,206.3344722,206.3424936
Percussion,-1,64,E4,56,0.0267379999999946,206.3451674,206.3719054
Percussion,-1,70,A#4,73,0.04278080000000273,206.3344722,206.377253
Percussion,-1,35,B1,77,0.1042782000000102,206.3317984,206.4360766
Percussion,-1,64,E4,56,0.0267379999999946,206.5055954,206.5323334
Percussion,-1,56,G#3,77,0.042780799999974306,206.49490020000002,206.537681
Percussion,-1,70,A#4,79,0.04812839999999596,206.49490020000002,206.5430286
Percussion,-1,63,D#4,88,0.12299479999998653,206.49490020000002,206.617895
Percussion,-1,62,D4,80,0.0267379999999946,206.6660234,206.6927614
Percussion,-1,70,A#4,70,0.04278080000000273,206.6553282,206.69810900000002
Percussion,-1,63,D#4,88,0.05080219999999258,206.6553282,206.7061304
Percussion,-1,62,D4,56,0.0267379999999946,206.8264514,206.8531894
Percussion,-1,70,A#4,79,0.04812839999999596,206.8157562,206.8638846
Percussion,-1,64,E4,127,0.05614979999998582,206.8157562,206.871906
Percussion,-1,35,B1,77,0.09358299999999531,206.8130824,206.9066654
Percussion,-1,64,E4,127,0.03743320000000949,206.9761842,207.01361740000002
Percussion,-1,64,E4,56,0.02673800000002302,206.9868794,207.01361740000002
Percussion,-1,70,A#4,77,0.04278080000000273,206.9761842,207.018965
Percussion,-1,62,D4,55,0.03743320000000949,207.1366122,207.1740454
Percussion,-1,62,D4,56,0.0267379999999946,207.14730740000002,207.1740454
Percussion,-1,56,G#3,72,0.045454599999999346,207.1366122,207.1820668
Percussion,-1,70,A#4,80,0.04812839999999596,207.1366122,207.1847406
Percussion,-1,62,D4,55,0.03743320000000949,207.2970402,207.3344734
Percussion,-1,62,D4,56,0.0267379999999946,207.3077354,207.3344734
Percussion,-1,70,A#4,73,0.04278080000000273,207.2970402,207.339821
Percussion,-1,62,D4,127,0.03743320000000949,207.4574682,207.4949014
Percussion,-1,62,D4,80,0.0267379999999946,207.4681634,207.4949014
Percussion,-1,70,A#4,78,0.04278080000000273,207.4574682,207.500249
Percussion,-1,61,C#4,54,0.08021400000001222,207.433404,207.513618
Percussion,-1,64,E4,127,0.03743320000000949,207.6178962,207.6553294
Percussion,-1,64,E4,56,0.0267379999999946,207.6285914,207.6553294
Percussion,-1,70,A#4,82,0.04278080000000273,207.6178962,207.660677
Percussion,-1,35,B1,77,0.11764720000002171,207.6152224,207.73286960000001
Percussion,-1,64,E4,127,0.03743319999998107,207.77832420000001,207.8157574
Percussion,-1,64,E4,56,0.0267379999999946,207.7890194,207.8157574
Percussion,-1,56,G#3,78,0.04278080000000273,207.77832420000001,207.82110500000002
Percussion,-1,70,A#4,79,0.045454599999999346,207.77832420000001,207.8237788
Percussion,-1,62,D4,88,0.03743319999998107,207.9387522,207.9761854
Percussion,-1,62,D4,80,0.0267379999999946,207.9494474,207.9761854
Percussion,-1,70,A#4,78,0.04278080000000273,207.9387522,207.981533
Percussion,-1,62,D4,56,0.02673800000002302,208.1098754,208.13661340000002
Percussion,-1,70,A#4,79,0.04278080000000273,208.0991802,208.141961
Percussion,-1,63,D#4,127,0.058823600000010856,208.0991802,208.15800380000002
Percussion,-1,35,B1,77,0.06951879999999733,208.101854,208.1713728
Percussion,-1,64,E4,56,0.0267379999999946,208.27030340000002,208.2970414
Percussion,-1,70,A#4,81,0.04278080000000273,208.2596082,208.302389
Percussion,-1,63,D#4,127,0.05080219999999258,208.2596082,208.3104104
Percussion,-1,62,D4,55,0.03743320000000949,208.4200362,208.4574694
Percussion,-1,62,D4,56,0.0267379999999946,208.4307314,208.4574694
Percussion,-1,70,A#4,76,0.04812839999999596,208.4200362,208.4681646
Percussion,-1,56,G#3,79,0.05080219999999258,208.4200362,208.4708384
Percussion,-1,70,A#4,54,0.02941180000001964,208.5804642,208.609876
Percussion,-1,62,D4,44,0.03743320000000949,208.5804642,208.6178974
Percussion,-1,62,D4,56,0.0267379999999946,208.5911594,208.6178974
Percussion,-1,62,D4,127,0.03743320000000949,208.7408922,208.7783254
Percussion,-1,62,D4,80,0.0267379999999946,208.7515874,208.7783254
Percussion,-1,70,A#4,70,0.04278080000000273,208.7408922,208.783673
Percussion,-1,61,C#4,52,0.08021400000001222,208.7141542,208.7943682
Percussion,-1,62,D4,55,0.008021399999989853,208.90132020000001,208.9093416
Percussion,-1,64,E4,56,0.0267379999999946,208.9120154,208.9387534
Percussion,-1,70,A#4,73,0.04278080000000273,208.90132020000001,208.94410100000002
Percussion,-1,35,B1,77,0.1042782000000102,208.8986464,209.0029246
Percussion,-1,64,E4,56,0.0267379999999946,209.0724434,209.0991814
Percussion,-1,56,G#3,77,0.04278080000000273,209.0617482,209.104529
Percussion,-1,70,A#4,79,0.04812839999999596,209.0617482,209.1098766
Percussion,-1,63,D#4,88,0.12299479999998653,209.0617482,209.184743
Percussion,-1,62,D4,80,0.02673800000002302,209.2328714,209.25960940000002
Percussion,-1,70,A#4,70,0.04278080000000273,209.2221762,209.264957
Percussion,-1,63,D#4,88,0.05080219999999258,209.2221762,209.2729784
Percussion,-1,62,D4,56,0.0267379999999946,209.39329940000002,209.4200374
Percussion,-1,70,A#4,79,0.04812839999999596,209.3826042,209.4307326
Percussion,-1,64,E4,127,0.05614980000001424,209.3826042,209.43875400000002
Percussion,-1,35,B1,77,0.09358299999999531,209.3799304,209.4735134
Percussion,-1,64,E4,127,0.03743320000000949,209.5430322,209.5804654
Percussion,-1,64,E4,56,0.0267379999999946,209.5537274,209.5804654
Percussion,-1,70,A#4,77,0.04278080000000273,209.5430322,209.585813
Percussion,-1,62,D4,55,0.03743320000000949,209.7034602,209.7408934
Percussion,-1,62,D4,56,0.0267379999999946,209.7141554,209.7408934
Percussion,-1,56,G#3,72,0.045454599999999346,209.7034602,209.7489148
Percussion,-1,70,A#4,80,0.04812839999999596,209.7034602,209.7515886
Percussion,-1,62,D4,55,0.03743320000000949,209.8638882,209.9013214
Percussion,-1,62,D4,56,0.0267379999999946,209.8745834,209.9013214
Percussion,-1,70,A#4,73,0.04278080000000273,209.8638882,209.906669
Percussion,-1,62,D4,127,0.03743319999998107,210.02431620000002,210.0617494
Percussion,-1,62,D4,80,0.0267379999999946,210.0350114,210.0617494
Percussion,-1,70,A#4,78,0.042780799999974306,210.02431620000002,210.067097
Percussion,-1,61,C#4,54,0.0802139999999838,210.00025200000002,210.080466
Percussion,-1,64,E4,127,0.03743319999998107,210.1847442,210.2221774
Percussion,-1,64,E4,56,0.0267379999999946,210.1954394,210.2221774
Percussion,-1,70,A#4,82,0.04278080000000273,210.1847442,210.227525
Percussion,-1,35,B1,77,0.11764719999999329,210.18207040000001,210.2997176
Percussion,-1,64,E4,127,0.03743320000000949,210.3451722,210.38260540000002
Percussion,-1,64,E4,56,0.02673800000002302,210.3558674,210.38260540000002
Percussion,-1,56,G#3,78,0.04278080000000273,210.3451722,210.387953
Percussion,-1,70,A#4,79,0.045454599999999346,210.3451722,210.3906268
Percussion,-1,62,D4,88,0.03743320000000949,210.5056002,210.5430334
Percussion,-1,62,D4,80,0.02673800000002302,210.5162954,210.5430334
Percussion,-1,70,A#4,78,0.04278080000000273,210.5056002,210.548381
Percussion,-1,62,D4,56,0.0267379999999946,210.67672340000001,210.7034614
Percussion,-1,70,A#4,79,0.04278080000000273,210.6660282,210.708809
Percussion,-1,63,D#4,127,0.058823600000010856,210.6660282,210.7248518
Percussion,-1,35,B1,77,0.06951879999999733,210.668702,210.7382208
Percussion,-1,64,E4,56,0.0267379999999946,210.8371514,210.8638894
Percussion,-1,70,A#4,81,0.04278080000000273,210.8264562,210.869237
Percussion,-1,63,D#4,127,0.050802200000021,210.8264562,210.87725840000002
Percussion,-1,62,D4,55,0.03743320000000949,210.9868842,211.0243174
Percussion,-1,62,D4,56,0.0267379999999946,210.9975794,211.0243174
Percussion,-1,70,A#4,76,0.048128400000024385,210.9868842,211.03501260000002
Percussion,-1,56,G#3,79,0.050802200000021,210.9868842,211.0376864
Percussion,-1,70,A#4,54,0.029411799999991217,211.14731220000002,211.176724
Percussion,-1,62,D4,44,0.03743319999998107,211.14731220000002,211.1847454
Percussion,-1,62,D4,56,0.0267379999999946,211.1580074,211.1847454
Percussion,-1,62,D4,127,0.03743319999998107,211.3077402,211.3451734
Percussion,-1,62,D4,80,0.0267379999999946,211.3184354,211.3451734
Percussion,-1,70,A#4,70,0.04278080000000273,211.3077402,211.35052100000001
Percussion,-1,61,C#4,52,0.0802139999999838,211.28100220000002,211.3612162
Percussion,-1,62,D4,55,0.008021399999989853,211.4681682,211.4761896
Percussion,-1,64,E4,56,0.02673800000002302,211.4788634,211.50560140000002
Percussion,-1,70,A#4,73,0.04278080000000273,211.4681682,211.510949
Percussion,-1,35,B1,77,0.10427819999998178,211.4654944,211.5697726
Percussion,-1,64,E4,56,0.02673800000002302,211.6392914,211.6660294
Percussion,-1,56,G#3,77,0.04278080000000273,211.6285962,211.671377
Percussion,-1,70,A#4,79,0.04812839999999596,211.6285962,211.6767246
Percussion,-1,63,D#4,88,0.12299479999998653,211.6285962,211.751591
Percussion,-1,62,D4,80,0.0267379999999946,211.79971940000001,211.8264574
Percussion,-1,70,A#4,70,0.04278080000000273,211.7890242,211.831805
Percussion,-1,63,D#4,88,0.05080219999999258,211.7890242,211.8398264
Percussion,-1,62,D4,56,0.0267379999999946,211.9601474,211.9868854
Percussion,-1,70,A#4,79,0.04812839999999596,211.9494522,211.9975806
Percussion,-1,64,E4,127,0.05614980000001424,211.9494522,212.005602
Percussion,-1,35,B1,77,0.09358299999999531,211.9467784,212.0403614
Percussion,-1,64,E4,127,0.03743320000000949,212.1098802,212.1473134
Percussion,-1,64,E4,56,0.0267379999999946,212.1205754,212.1473134
Percussion,-1,70,A#4,77,0.04278080000000273,212.1098802,212.152661
Percussion,-1,62,D4,55,0.03743319999998107,212.27030820000002,212.3077414
Percussion,-1,62,D4,56,0.0267379999999946,212.2810034,212.3077414
Percussion,-1,56,G#3,72,0.045454599999999346,212.27030820000002,212.31576280000002
Percussion,-1,70,A#4,80,0.04812839999999596,212.27030820000002,212.3184366
Percussion,-1,62,D4,55,0.03743319999998107,212.4307362,212.4681694
Percussion,-1,62,D4,56,0.0267379999999946,212.4414314,212.4681694
Percussion,-1,70,A#4,73,0.04278080000000273,212.4307362,212.47351700000002
Percussion,-1,62,D4,127,0.03743319999998107,212.5911642,212.6285974
Percussion,-1,62,D4,80,0.0267379999999946,212.6018594,212.6285974
Percussion,-1,70,A#4,78,0.04278080000000273,212.5911642,212.633945
Percussion,-1,61,C#4,54,0.0802139999999838,212.5671,212.647314
Percussion,-1,64,E4,127,0.03743320000000949,212.7515922,212.7890254
Percussion,-1,64,E4,56,0.02673800000002302,212.7622874,212.7890254
Percussion,-1,70,A#4,82,0.04278080000000273,212.7515922,212.794373
Percussion,-1,35,B1,77,0.11764719999999329,212.7489184,212.8665656
Percussion,-1,64,E4,127,0.03743320000000949,212.9120202,212.9494534
Percussion,-1,64,E4,56,0.0267379999999946,212.92271540000002,212.9494534
Percussion,-1,56,G#3,78,0.04278080000000273,212.9120202,212.954801
Percussion,-1,70,A#4,79,0.045454599999999346,212.9120202,212.9574748
Percussion,-1,62,D4,88,0.03743320000000949,213.0724482,213.1098814
Percussion,-1,62,D4,80,0.0267379999999946,213.0831434,213.1098814
Percussion,-1,70,A#4,78,0.04278080000000273,213.0724482,213.115229
Percussion,-1,62,D4,56,0.0267379999999946,213.2435714,213.2703094
Percussion,-1,70,A#4,79,0.04278080000000273,213.2328762,213.275657
Percussion,-1,63,D#4,127,0.058823600000010856,213.2328762,213.2916998
Percussion,-1,35,B1,77,0.06951879999999733,213.23555000000002,213.30506880000002
Percussion,-1,64,E4,56,0.0267379999999946,213.4039994,213.4307374
Percussion,-1,70,A#4,81,0.042780799999974306,213.39330420000002,213.436085
Percussion,-1,63,D#4,127,0.05080219999999258,213.39330420000002,213.4441064
Percussion,-1,62,D4,55,0.03743319999998107,213.5537322,213.5911654
Percussion,-1,62,D4,56,0.0267379999999946,213.5644274,213.5911654
Percussion,-1,70,A#4,76,0.04812839999999596,213.5537322,213.6018606
Percussion,-1,56,G#3,79,0.05080219999999258,213.5537322,213.6045344
Percussion,-1,70,A#4,54,0.029411799999991217,213.7141602,213.743572
Percussion,-1,62,D4,44,0.03743319999998107,213.7141602,213.7515934
Percussion,-1,62,D4,56,0.0267379999999946,213.7248554,213.7515934
Percussion,-1,62,D4,127,0.03743320000000949,213.8745882,213.91202140000001
Percussion,-1,62,D4,80,0.02673800000002302,213.8852834,213.91202140000001
Percussion,-1,70,A#4,70,0.04278080000000273,213.8745882,213.917369
Percussion,-1,61,C#4,52,0.0802139999999838,213.8478502,213.9280642
Percussion,-1,62,D4,55,0.008021399999989853,214.0350162,214.0430376
Percussion,-1,64,E4,56,0.0267379999999946,214.04571140000002,214.0724494
Percussion,-1,70,A#4,73,0.04278080000000273,214.0350162,214.077797
Percussion,-1,35,B1,77,0.1042782000000102,214.0323424,214.13662060000001
Percussion,-1,64,E4,56,0.0267379999999946,214.2061394,214.2328774
Percussion,-1,56,G#3,77,0.04278080000000273,214.1954442,214.238225
Percussion,-1,70,A#4,79,0.04812839999999596,214.1954442,214.2435726
Percussion,-1,63,D#4,88,0.12299480000001495,214.1954442,214.318439
Percussion,-1,62,D4,80,0.0267379999999946,214.3665674,214.3933054
Percussion,-1,70,A#4,70,0.04278080000000273,214.3558722,214.398653
Percussion,-1,63,D#4,88,0.050802200000021,214.3558722,214.4066744
Percussion,-1,62,D4,56,0.0267379999999946,214.5269954,214.5537334
Percussion,-1,70,A#4,79,0.04812839999999596,214.51630020000002,214.5644286
Percussion,-1,64,E4,127,0.05614979999998582,214.51630020000002,214.57245
Percussion,-1,35,B1,77,0.09358300000002373,214.5136264,214.60720940000002
Percussion,-1,64,E4,127,0.03743319999998107,214.6767282,214.7141614
Percussion,-1,64,E4,56,0.0267379999999946,214.6874234,214.7141614
Percussion,-1,70,A#4,77,0.04278080000000273,214.6767282,214.71950900000002
Percussion,-1,62,D4,55,0.03743319999998107,214.8371562,214.8745894
Percussion,-1,62,D4,56,0.0267379999999946,214.8478514,214.8745894
Percussion,-1,56,G#3,72,0.045454599999999346,214.8371562,214.8826108
Percussion,-1,70,A#4,80,0.04812839999999596,214.8371562,214.8852846
Percussion,-1,62,D4,55,0.03743320000000949,214.9975842,215.03501740000002
Percussion,-1,62,D4,56,0.02673800000002302,215.0082794,215.03501740000002
Percussion,-1,70,A#4,73,0.04278080000000273,214.9975842,215.040365
Percussion,-1,62,D4,127,0.03743320000000949,215.1580122,215.1954454
Percussion,-1,62,D4,80,0.0267379999999946,215.16870740000002,215.1954454
Percussion,-1,70,A#4,78,0.04278080000000273,215.1580122,215.200793
Percussion,-1,61,C#4,54,0.08021400000001222,215.133948,215.21416200000002
Percussion,-1,64,E4,127,0.03743320000000949,215.3184402,215.3558734
Percussion,-1,64,E4,56,0.0267379999999946,215.3291354,215.3558734
Percussion,-1,70,A#4,82,0.04278080000000273,215.3184402,215.361221
Percussion,-1,35,B1,77,0.11764719999999329,215.3157664,215.4334136
Percussion,-1,64,E4,127,0.03743320000000949,215.4788682,215.5163014
Percussion,-1,64,E4,56,0.0267379999999946,215.4895634,215.5163014
Percussion,-1,56,G#3,78,0.04278080000000273,215.4788682,215.521649
Percussion,-1,70,A#4,79,0.045454599999999346,215.4788682,215.5243228
Percussion,-1,62,D4,88,0.03743320000000949,215.6392962,215.6767294
Percussion,-1,62,D4,80,0.0267379999999946,215.6499914,215.6767294
Percussion,-1,70,A#4,78,0.04278080000000273,215.6392962,215.682077
Percussion,-1,62,D4,56,0.0267379999999946,215.8104194,215.8371574
Percussion,-1,70,A#4,79,0.04278080000000273,215.7997242,215.84250500000002
Percussion,-1,63,D#4,127,0.058823599999982434,215.7997242,215.8585478
Percussion,-1,35,B1,77,0.06951879999999733,215.802398,215.8719168
Percussion,-1,64,E4,56,0.0267379999999946,215.9708474,215.9975854
Percussion,-1,70,A#4,81,0.04278080000000273,215.9601522,216.002933
Percussion,-1,63,D#4,127,0.05080219999999258,215.9601522,216.0109544
Percussion,-1,62,D4,55,0.03743320000000949,216.1205802,216.15801340000002
Percussion,-1,62,D4,56,0.02673800000002302,216.1312754,216.15801340000002
Percussion,-1,70,A#4,76,0.04812839999999596,216.1205802,216.1687086
Percussion,-1,56,G#3,79,0.05080219999999258,216.1205802,216.1713824
Percussion,-1,70,A#4,54,0.029411799999991217,216.2810082,216.31042
Percussion,-1,62,D4,44,0.03743320000000949,216.2810082,216.3184414
Percussion,-1,62,D4,56,0.0267379999999946,216.29170340000002,216.3184414
Percussion,-1,62,D4,127,0.03743320000000949,216.4414362,216.4788694
Percussion,-1,62,D4,80,0.0267379999999946,216.4521314,216.4788694
Percussion,-1,70,A#4,70,0.04278080000000273,216.4414362,216.484217
Percussion,-1,61,C#4,52,0.08021400000001222,216.4146982,216.49491220000002
Percussion,-1,62,D4,55,0.008021400000018275,216.6018642,216.6098856
Percussion,-1,64,E4,56,0.0267379999999946,216.6125594,216.6392974
Percussion,-1,70,A#4,73,0.04278080000000273,216.6018642,216.644645
Percussion,-1,35,B1,77,0.1042782000000102,216.5991904,216.7034686
Percussion,-1,64,E4,56,0.0267379999999946,216.7729874,216.7997254
Percussion,-1,56,G#3,77,0.04278080000000273,216.7622922,216.805073
Percussion,-1,70,A#4,79,0.048128400000024385,216.7622922,216.81042060000001
Percussion,-1,63,D#4,88,0.12299480000001495,216.7622922,216.885287
Percussion,-1,62,D4,80,0.0267379999999946,216.9334154,216.9601534
Percussion,-1,70,A#4,70,0.04278080000000273,216.92272020000001,216.96550100000002
Percussion,-1,63,D#4,88,0.05080219999999258,216.92272020000001,216.9735224
Percussion,-1,62,D4,56,0.0267379999999946,217.0938434,217.1205814
Percussion,-1,70,A#4,79,0.04812839999999596,217.0831482,217.1312766
Percussion,-1,64,E4,127,0.05614979999998582,217.0831482,217.139298
Percussion,-1,35,B1,77,0.09358299999999531,217.0804744,217.1740574
Percussion,-1,64,E4,127,0.03743320000000949,217.2435762,217.28100940000002
Percussion,-1,64,E4,56,0.02673800000002302,217.2542714,217.28100940000002
Percussion,-1,70,A#4,77,0.04278080000000273,217.2435762,217.286357
Percussion,-1,62,D4,55,0.03743320000000949,217.4040042,217.4414374
Percussion,-1,62,D4,56,0.0267379999999946,217.41469940000002,217.4414374
Percussion,-1,56,G#3,72,0.045454599999999346,217.4040042,217.4494588
Percussion,-1,70,A#4,80,0.04812839999999596,217.4040042,217.4521326
Percussion,-1,62,D4,55,0.03743320000000949,217.5644322,217.6018654
Percussion,-1,62,D4,56,0.0267379999999946,217.5751274,217.6018654
Percussion,-1,70,A#4,73,0.04278080000000273,217.5644322,217.607213
Percussion,-1,62,D4,127,0.03743320000000949,217.7248602,217.7622934
Percussion,-1,62,D4,80,0.0267379999999946,217.7355554,217.7622934
Percussion,-1,70,A#4,78,0.04278080000000273,217.7248602,217.767641
Percussion,-1,61,C#4,54,0.08021400000001222,217.700796,217.78101
Percussion,-1,64,E4,127,0.03743320000000949,217.8852882,217.9227214
Percussion,-1,64,E4,56,0.0267379999999946,217.8959834,217.9227214
Percussion,-1,70,A#4,82,0.04278080000000273,217.8852882,217.928069
Percussion,-1,35,B1,77,0.11764720000002171,217.8826144,218.00026160000002
Percussion,-1,64,E4,127,0.03743319999998107,218.04571620000002,218.0831494
Percussion,-1,64,E4,56,0.0267379999999946,218.0564114,218.0831494
Percussion,-1,56,G#3,78,0.04278080000000273,218.04571620000002,218.08849700000002
Percussion,-1,70,A#4,79,0.045454599999999346,218.04571620000002,218.09117080000001
Percussion,-1,62,D4,88,0.03743319999998107,218.2061442,218.2435774
Percussion,-1,62,D4,80,0.0267379999999946,218.2168394,218.2435774
Percussion,-1,70,A#4,78,0.04278080000000273,218.2061442,218.248925
Percussion,-1,62,D4,56,0.02673800000002302,218.3772674,218.40400540000002
Percussion,-1,70,A#4,79,0.04278080000000273,218.3665722,218.409353
Percussion,-1,63,D#4,127,0.058823599999982434,218.3665722,218.4253958
Percussion,-1,35,B1,77,0.06951879999999733,218.369246,218.4387648
Percussion,-1,64,E4,56,0.02673800000002302,218.5376954,218.5644334
Percussion,-1,70,A#4,81,0.04278080000000273,218.5270002,218.569781
Percussion,-1,63,D#4,127,0.05080219999999258,218.5270002,218.5778024
Percussion,-1,62,D4,55,0.03743320000000949,218.6874282,218.7248614
Percussion,-1,62,D4,56,0.0267379999999946,218.69812340000001,218.7248614
Percussion,-1,70,A#4,76,0.04812839999999596,218.6874282,218.7355566
Percussion,-1,56,G#3,79,0.05080219999999258,218.6874282,218.7382304
Percussion,-1,70,A#4,54,0.02941180000001964,218.8478562,218.87726800000002
Percussion,-1,62,D4,44,0.03743320000000949,218.8478562,218.8852894
Percussion,-1,62,D4,56,0.0267379999999946,218.8585514,218.8852894
Percussion,-1,62,D4,127,0.03743320000000949,219.0082842,219.0457174
Percussion,-1,62,D4,80,0.0267379999999946,219.0189794,219.0457174
Percussion,-1,70,A#4,70,0.04278080000000273,219.0082842,219.051065
Percussion,-1,61,C#4,52,0.08021400000001222,218.9815462,219.0617602
Percussion,-1,62,D4,55,0.008021399999989853,219.16871220000002,219.1767336
Percussion,-1,64,E4,56,0.0267379999999946,219.1794074,219.2061454
Percussion,-1,70,A#4,73,0.042780799999974306,219.16871220000002,219.211493
Percussion,-1,35,B1,77,0.1042782000000102,219.1660384,219.2703166
Percussion,-1,64,E4,56,0.0267379999999946,219.3398354,219.3665734
Percussion,-1,56,G#3,77,0.04278080000000273,219.3291402,219.37192100000001
Percussion,-1,70,A#4,79,0.04812839999999596,219.3291402,219.3772686
Percussion,-1,63,D#4,88,0.12299479999998653,219.3291402,219.452135
Percussion,-1,62,D4,80,0.02673800000002302,219.5002634,219.52700140000002
Percussion,-1,70,A#4,70,0.04278080000000273,219.4895682,219.532349
Percussion,-1,63,D#4,88,0.05080219999999258,219.4895682,219.5403704
Percussion,-1,62,D4,56,0.02673800000002302,219.6606914,219.6874294
Percussion,-1,49,C#3,127,0.04812839999999596,219.6499962,219.6981246
Percussion,-1,64,E4,127,0.05614980000001424,219.6499962,219.70614600000002
Percussion,-1,35,B1,77,0.09358299999999531,219.6473224,219.7409054
Percussion,-1,64,E4,127,0.03743320000000949,219.8104242,219.8478574
Percussion,-1,64,E4,56,0.0267379999999946,219.82111940000001,219.8478574
Percussion,-1,70,A#4,77,0.04278080000000273,219.8104242,219.853205
Percussion,-1,62,D4,55,0.03743320000000949,219.9708522,220.0082854
Percussion,-1,62,D4,56,0.0267379999999946,219.9815474,220.0082854
Percussion,-1,56,G#3,72,0.045454599999999346,219.9708522,220.0163068
Percussion,-1,70,A#4,80,0.04812839999999596,219.9708522,220.0189806
Percussion,-1,62,D4,55,0.03743320000000949,220.1312802,220.1687134
Percussion,-1,62,D4,56,0.0267379999999946,220.1419754,220.1687134
Percussion,-1,70,A#4,73,0.04278080000000273,220.1312802,220.174061
Percussion,-1,62,D4,127,0.03743319999998107,220.29170820000002,220.3291414
Percussion,-1,62,D4,80,0.0267379999999946,220.3024034,220.3291414
Percussion,-1,70,A#4,78,0.042780799999974306,220.29170820000002,220.334489
Percussion,-1,61,C#4,54,0.08021400000001222,220.267644,220.347858
Percussion,-1,64,E4,127,0.03743319999998107,220.4521362,220.4895694
Percussion,-1,64,E4,56,0.0267379999999946,220.4628314,220.4895694
Percussion,-1,70,A#4,82,0.04278080000000273,220.4521362,220.49491700000002
Percussion,-1,35,B1,77,0.11764719999999329,220.44946240000002,220.5671096
Percussion,-1,64,E4,127,0.03743320000000949,220.6125642,220.64999740000002
Percussion,-1,64,E4,56,0.02673800000002302,220.6232594,220.64999740000002
Percussion,-1,56,G#3,78,0.04278080000000273,220.6125642,220.655345
Percussion,-1,70,A#4,79,0.045454599999999346,220.6125642,220.6580188
Percussion,-1,62,D4,88,0.03743320000000949,220.7729922,220.8104254
Percussion,-1,62,D4,80,0.02673800000002302,220.7836874,220.8104254
Percussion,-1,70,A#4,78,0.04278080000000273,220.7729922,220.815773
Percussion,-1,62,D4,56,0.0267379999999946,220.94411540000002,220.9708534
Percussion,-1,70,A#4,79,0.04278080000000273,220.9334202,220.976201
Percussion,-1,63,D#4,127,0.058823600000010856,220.9334202,220.9922438
Percussion,-1,35,B1,77,0.06951879999999733,220.936094,221.0056128
Percussion,-1,64,E4,56,0.0267379999999946,221.1045434,221.1312814
Percussion,-1,70,A#4,81,0.04278080000000273,221.0938482,221.136629
Percussion,-1,63,D#4,127,0.050802200000021,221.0938482,221.14465040000002
Percussion,-1,62,D4,55,0.03743320000000949,221.2542762,221.2917094
Percussion,-1,62,D4,56,0.0267379999999946,221.2649714,221.2917094
Percussion,-1,70,A#4,76,0.048128400000024385,221.2542762,221.30240460000002
Percussion,-1,56,G#3,79,0.050802200000021,221.2542762,221.3050784
Percussion,-1,70,A#4,54,0.029411799999991217,221.41470420000002,221.444116
Percussion,-1,62,D4,44,0.03743319999998107,221.41470420000002,221.4521374
Percussion,-1,62,D4,56,0.0267379999999946,221.4253994,221.4521374
Percussion,-1,62,D4,127,0.03743319999998107,221.5751322,221.6125654
Percussion,-1,62,D4,80,0.0267379999999946,221.5858274,221.6125654
Percussion,-1,70,A#4,70,0.04278080000000273,221.5751322,221.61791300000002
Percussion,-1,61,C#4,52,0.08021400000001222,221.5483942,221.6286082
Percussion,-1,62,D4,55,0.008021399999989853,221.7355602,221.7435816
Percussion,-1,64,E4,56,0.0267379999999946,221.7462554,221.7729934
Percussion,-1,70,A#4,73,0.04278080000000273,221.7355602,221.778341
Percussion,-1,35,B1,77,0.10427819999998178,221.7328864,221.8371646
Percussion,-1,64,E4,56,0.02673800000002302,221.9066834,221.93342140000001
Percussion,-1,56,G#3,77,0.04278080000000273,221.8959882,221.938769
Percussion,-1,70,A#4,79,0.04812839999999596,221.8959882,221.9441166
Percussion,-1,63,D#4,88,0.12299479999998653,221.8959882,222.018983
Percussion,-1,62,D4,80,0.0267379999999946,222.06711140000002,222.0938494
Percussion,-1,70,A#4,70,0.04278080000000273,222.0564162,222.099197
Percussion,-1,63,D#4,88,0.05080219999999258,222.0564162,222.1072184
Percussion,-1,62,D4,56,0.0267379999999946,222.2275394,222.2542774
Percussion,-1,70,A#4,79,0.04812839999999596,222.2168442,222.2649726
Percussion,-1,64,E4,127,0.05614980000001424,222.2168442,222.272994
Percussion,-1,35,B1,77,0.09358299999999531,222.2141704,222.3077534
Percussion,-1,64,E4,127,0.03743320000000949,222.3772722,222.4147054
Percussion,-1,64,E4,56,0.0267379999999946,222.3879674,222.4147054
Percussion,-1,70,A#4,77,0.04278080000000273,222.3772722,222.420053
Percussion,-1,62,D4,55,0.03743319999998107,222.53770020000002,222.5751334
Percussion,-1,62,D4,56,0.0267379999999946,222.5483954,222.5751334
Percussion,-1,56,G#3,72,0.045454599999999346,222.53770020000002,222.58315480000002
Percussion,-1,70,A#4,80,0.04812839999999596,222.53770020000002,222.5858286
Percussion,-1,62,D4,55,0.03743319999998107,222.6981282,222.7355614
Percussion,-1,62,D4,56,0.0267379999999946,222.7088234,222.7355614
Percussion,-1,70,A#4,73,0.04278080000000273,222.6981282,222.74090900000002
Percussion,-1,62,D4,127,0.03743319999998107,222.8585562,222.8959894
Percussion,-1,62,D4,80,0.0267379999999946,222.8692514,222.8959894
Percussion,-1,70,A#4,78,0.04278080000000273,222.8585562,222.901337
Percussion,-1,61,C#4,54,0.0802139999999838,222.834492,222.914706
Percussion,-1,64,E4,127,0.03743320000000949,223.0189842,223.05641740000002
Percussion,-1,64,E4,56,0.02673800000002302,223.0296794,223.05641740000002
Percussion,-1,70,A#4,82,0.04278080000000273,223.0189842,223.061765
Percussion,-1,35,B1,77,0.11764719999999329,223.0163104,223.1339576
Percussion,-1,64,E4,127,0.03743320000000949,223.1794122,223.2168454
Percussion,-1,64,E4,56,0.0267379999999946,223.19010740000002,223.2168454
Percussion,-1,56,G#3,78,0.04278080000000273,223.1794122,223.222193
Percussion,-1,70,A#4,79,0.045454599999999346,223.1794122,223.2248668
Percussion,-1,62,D4,88,0.03743320000000949,223.3398402,223.3772734
Percussion,-1,62,D4,80,0.0267379999999946,223.3505354,223.3772734
Percussion,-1,70,A#4,78,0.04278080000000273,223.3398402,223.382621
Percussion,-1,62,D4,56,0.0267379999999946,223.5109634,223.5377014
Percussion,-1,70,A#4,79,0.04278080000000273,223.5002682,223.543049
Percussion,-1,63,D#4,127,0.058823600000010856,223.5002682,223.5590918
Percussion,-1,35,B1,77,0.06951880000002575,223.502942,223.57246080000002
Percussion,-1,64,E4,56,0.0267379999999946,223.6713914,223.6981294
Percussion,-1,70,A#4,81,0.042780799999974306,223.66069620000002,223.703477
Percussion,-1,63,D#4,127,0.05080219999999258,223.66069620000002,223.7114984
Percussion,-1,62,D4,55,0.03743319999998107,223.8211242,223.8585574
Percussion,-1,62,D4,56,0.0267379999999946,223.8318194,223.8585574
Percussion,-1,70,A#4,76,0.04812839999999596,223.8211242,223.8692526
Percussion,-1,56,G#3,79,0.05080219999999258,223.8211242,223.8719264
Percussion,-1,70,A#4,54,0.029411799999991217,223.9815522,224.010964
Percussion,-1,62,D4,44,0.03743319999998107,223.9815522,224.0189854
Percussion,-1,62,D4,56,0.0267379999999946,223.9922474,224.0189854
Percussion,-1,62,D4,127,0.03743320000000949,224.1419802,224.17941340000002
Percussion,-1,62,D4,80,0.02673800000002302,224.1526754,224.17941340000002
Percussion,-1,70,A#4,70,0.04278080000000273,224.1419802,224.184761
Percussion,-1,61,C#4,52,0.0802139999999838,224.1152422,224.1954562
Percussion,-1,62,D4,55,0.008021399999989853,224.3024082,224.3104296
Percussion,-1,64,E4,56,0.0267379999999946,224.31310340000002,224.3398414
Percussion,-1,70,A#4,73,0.04278080000000273,224.3024082,224.345189
Percussion,-1,35,B1,77,0.1042782000000102,224.2997344,224.40401260000002
Percussion,-1,64,E4,56,0.0267379999999946,224.4735314,224.5002694
Percussion,-1,56,G#3,77,0.04278080000000273,224.4628362,224.505617
Percussion,-1,70,A#4,79,0.04812839999999596,224.4628362,224.5109646
Percussion,-1,63,D#4,88,0.12299480000001495,224.4628362,224.585831
Percussion,-1,62,D4,80,0.0267379999999946,224.6339594,224.6606974
Percussion,-1,70,A#4,70,0.04278080000000273,224.6232642,224.666045
Percussion,-1,63,D#4,88,0.050802200000021,224.6232642,224.67406640000002
Percussion,-1,62,D4,56,0.0267379999999946,224.7943874,224.8211254
Percussion,-1,70,A#4,79,0.048128400000024385,224.7836922,224.83182060000001
Percussion,-1,64,E4,127,0.05614980000001424,224.7836922,224.839842
Percussion,-1,35,B1,77,0.09358300000002373,224.7810184,224.87460140000002
Percussion,-1,64,E4,127,0.03743319999998107,224.94412020000001,224.9815534
Percussion,-1,64,E4,56,0.0267379999999946,224.9548154,224.9815534
Percussion,-1,70,A#4,77,0.04278080000000273,224.94412020000001,224.98690100000002
Percussion,-1,62,D4,55,0.03743319999998107,225.1045482,225.1419814
Percussion,-1,62,D4,56,0.0267379999999946,225.1152434,225.1419814
Percussion,-1,56,G#3,72,0.045454599999999346,225.1045482,225.1500028
Percussion,-1,70,A#4,80,0.04812839999999596,225.1045482,225.1526766
Percussion,-1,62,D4,55,0.03743320000000949,225.2649762,225.30240940000002
Percussion,-1,62,D4,56,0.02673800000002302,225.2756714,225.30240940000002
Percussion,-1,70,A#4,73,0.04278080000000273,225.2649762,225.307757
Percussion,-1,62,D4,127,0.03743320000000949,225.4254042,225.4628374
Percussion,-1,62,D4,80,0.0267379999999946,225.43609940000002,225.4628374
Percussion,-1,70,A#4,78,0.04278080000000273,225.4254042,225.468185
Percussion,-1,61,C#4,54,0.08021400000001222,225.40134,225.48155400000002
Percussion,-1,64,E4,127,0.03743320000000949,225.5858322,225.6232654
Percussion,-1,64,E4,56,0.0267379999999946,225.5965274,225.6232654
Percussion,-1,70,A#4,82,0.04278080000000273,225.5858322,225.628613
Percussion,-1,35,B1,77,0.11764719999999329,225.5831584,225.7008056
Percussion,-1,64,E4,127,0.03743320000000949,225.7462602,225.7836934
Percussion,-1,64,E4,56,0.0267379999999946,225.7569554,225.7836934
Percussion,-1,56,G#3,78,0.04278080000000273,225.7462602,225.789041
Percussion,-1,70,A#4,79,0.045454599999999346,225.7462602,225.7917148
Percussion,-1,62,D4,88,0.03743320000000949,225.9066882,225.9441214
Percussion,-1,62,D4,80,0.0267379999999946,225.9173834,225.9441214
Percussion,-1,70,A#4,78,0.04278080000000273,225.9066882,225.949469
Percussion,-1,62,D4,56,0.0267379999999946,226.0778114,226.1045494
Percussion,-1,70,A#4,79,0.04278080000000273,226.06711620000002,226.10989700000002
Percussion,-1,63,D#4,127,0.058823599999982434,226.06711620000002,226.1259398
Percussion,-1,35,B1,77,0.06951879999999733,226.06979,226.1393088
Percussion,-1,64,E4,56,0.0267379999999946,226.2382394,226.2649774
Percussion,-1,70,A#4,81,0.04278080000000273,226.2275442,226.270325
Percussion,-1,63,D#4,127,0.05080219999999258,226.2275442,226.2783464
Percussion,-1,62,D4,55,0.03743320000000949,226.3879722,226.42540540000002
Percussion,-1,62,D4,56,0.02673800000002302,226.3986674,226.42540540000002
Percussion,-1,70,A#4,76,0.04812839999999596,226.3879722,226.4361006
Percussion,-1,56,G#3,79,0.05080219999999258,226.3879722,226.4387744
Percussion,-1,70,A#4,54,0.029411799999991217,226.5484002,226.577812
Percussion,-1,62,D4,44,0.03743320000000949,226.5484002,226.5858334
Percussion,-1,62,D4,56,0.0267379999999946,226.55909540000002,226.5858334
Percussion,-1,62,D4,127,0.03743320000000949,226.7088282,226.7462614
Percussion,-1,62,D4,80,0.0267379999999946,226.7195234,226.7462614
Percussion,-1,70,A#4,70,0.04278080000000273,226.7088282,226.751609
Percussion,-1,61,C#4,52,0.08021400000001222,226.6820902,226.76230420000002
Percussion,-1,62,D4,55,0.008021400000018275,226.8692562,226.8772776
Percussion,-1,64,E4,56,0.0267379999999946,226.8799514,226.9066894
Percussion,-1,70,A#4,73,0.04278080000000273,226.8692562,226.912037
Percussion,-1,35,B1,77,0.1042782000000102,226.8665824,226.9708606
Percussion,-1,64,E4,56,0.0267379999999946,227.0403794,227.0671174
Percussion,-1,56,G#3,77,0.04278080000000273,227.0296842,227.072465
Percussion,-1,70,A#4,79,0.048128400000024385,227.0296842,227.07781260000002
Percussion,-1,63,D#4,88,0.12299480000001495,227.0296842,227.152679
Percussion,-1,62,D4,80,0.0267379999999946,227.2008074,227.2275454
Percussion,-1,70,A#4,70,0.042780799999974306,227.19011220000002,227.232893
Percussion,-1,63,D#4,88,0.05080219999999258,227.19011220000002,227.2409144
Percussion,-1,62,D4,56,0.0267379999999946,227.3612354,227.3879734
Percussion,-1,70,A#4,79,0.04812839999999596,227.3505402,227.3986686
Percussion,-1,64,E4,127,0.05614979999998582,227.3505402,227.40669
Percussion,-1,35,B1,77,0.09358299999999531,227.34786640000002,227.4414494
Percussion,-1,64,E4,127,0.03743320000000949,227.5109682,227.54840140000002
Percussion,-1,64,E4,56,0.02673800000002302,227.5216634,227.54840140000002
Percussion,-1,70,A#4,77,0.04278080000000273,227.5109682,227.553749
Percussion,-1,62,D4,55,0.03743320000000949,227.6713962,227.7088294
Percussion,-1,62,D4,56,0.02673800000002302,227.6820914,227.7088294
Percussion,-1,56,G#3,72,0.045454599999999346,227.6713962,227.7168508
Percussion,-1,70,A#4,80,0.04812839999999596,227.6713962,227.7195246
Percussion,-1,62,D4,55,0.03743320000000949,227.8318242,227.8692574
Percussion,-1,62,D4,56,0.0267379999999946,227.84251940000001,227.8692574
Percussion,-1,70,A#4,73,0.04278080000000273,227.8318242,227.874605
Percussion,-1,62,D4,127,0.03743320000000949,227.9922522,228.0296854
Percussion,-1,62,D4,80,0.0267379999999946,228.0029474,228.0296854
Percussion,-1,70,A#4,78,0.04278080000000273,227.9922522,228.035033
Percussion,-1,61,C#4,54,0.08021400000001222,227.968188,228.048402
Percussion,-1,64,E4,127,0.03743320000000949,228.1526802,228.1901134
Percussion,-1,64,E4,56,0.0267379999999946,228.1633754,228.1901134
Percussion,-1,70,A#4,82,0.04278080000000273,228.1526802,228.195461
Percussion,-1,35,B1,77,0.11764720000002171,228.1500064,228.26765360000002
Percussion,-1,64,E4,127,0.03743319999998107,228.31310820000002,228.3505414
Percussion,-1,64,E4,56,0.0267379999999946,228.3238034,228.3505414
Percussion,-1,56,G#3,78,0.042780799999974306,228.31310820000002,228.355889
Percussion,-1,70,A#4,79,0.045454599999999346,228.31310820000002,228.35856280000002
Percussion,-1,62,D4,88,0.03743319999998107,228.4735362,228.5109694
Percussion,-1,62,D4,80,0.0267379999999946,228.4842314,228.5109694
Percussion,-1,70,A#4,78,0.04278080000000273,228.4735362,228.51631700000002
Percussion,-1,62,D4,56,0.02673800000002302,228.6446594,228.67139740000002
Percussion,-1,70,A#4,79,0.04278080000000273,228.6339642,228.676745
Percussion,-1,63,D#4,127,0.058823599999982434,228.6339642,228.6927878
Percussion,-1,35,B1,77,0.06951879999999733,228.636638,228.7061568
Percussion,-1,64,E4,56,0.02673800000002302,228.8050874,228.8318254
Percussion,-1,70,A#4,81,0.04278080000000273,228.7943922,228.837173
Percussion,-1,63,D#4,127,0.05080219999999258,228.7943922,228.8451944
Percussion,-1,62,D4,55,0.03743320000000949,228.9548202,228.9922534
Percussion,-1,62,D4,56,0.0267379999999946,228.96551540000002,228.9922534
Percussion,-1,70,A#4,76,0.04812839999999596,228.9548202,229.0029486
Percussion,-1,56,G#3,79,0.05080219999999258,228.9548202,229.0056224
Percussion,-1,70,A#4,54,0.02941180000001964,229.1152482,229.14466000000002
Percussion,-1,62,D4,44,0.03743320000000949,229.1152482,229.1526814
Percussion,-1,62,D4,56,0.0267379999999946,229.1259434,229.1526814
Percussion,-1,62,D4,127,0.03743320000000949,229.2756762,229.3131094
Percussion,-1,62,D4,80,0.0267379999999946,229.2863714,229.3131094
Percussion,-1,70,A#4,70,0.04278080000000273,229.2756762,229.318457
Percussion,-1,61,C#4,52,0.08021400000001222,229.2489382,229.3291522
Percussion,-1,62,D4,55,0.008021399999989853,229.43610420000002,229.4441256
Percussion,-1,64,E4,56,0.0267379999999946,229.4467994,229.4735374
Percussion,-1,70,A#4,73,0.042780799999974306,229.43610420000002,229.478885
Percussion,-1,35,B1,77,0.1042782000000102,229.4334304,229.5377086
Percussion,-1,64,E4,56,0.0267379999999946,229.6072274,229.6339654
Percussion,-1,56,G#3,77,0.04278080000000273,229.5965322,229.63931300000002
Percussion,-1,70,A#4,79,0.04812839999999596,229.5965322,229.6446606
Percussion,-1,63,D#4,88,0.12299479999998653,229.5965322,229.719527
Percussion,-1,62,D4,80,0.02673800000002302,229.7676554,229.79439340000002
Percussion,-1,70,A#4,70,0.04278080000000273,229.7569602,229.799741
Percussion,-1,63,D#4,88,0.05080219999999258,229.7569602,229.8077624
Percussion,-1,62,D4,56,0.02673800000002302,229.9280834,229.95482140000001
Percussion,-1,49,C#3,127,0.04812839999999596,229.9173882,229.9655166
Percussion,-1,64,E4,127,0.05614979999998582,229.9173882,229.973538
Percussion,-1,35,B1,77,0.09358299999999531,229.9147144,230.0082974
Percussion,-1,64,E4,127,0.03743320000000949,230.0778162,230.1152494
Percussion,-1,64,E4,56,0.0267379999999946,230.08851140000002,230.1152494
Percussion,-1,70,A#4,77,0.04278080000000273,230.0778162,230.120597
Percussion,-1,62,D4,55,0.03743320000000949,230.2382442,230.2756774
Percussion,-1,62,D4,56,0.0267379999999946,230.2489394,230.2756774
Percussion,-1,56,G#3,72,0.045454599999999346,230.2382442,230.2836988
Percussion,-1,70,A#4,80,0.04812839999999596,230.2382442,230.2863726
Percussion,-1,62,D4,55,0.03743320000000949,230.3986722,230.4361054
Percussion,-1,62,D4,56,0.0267379999999946,230.4093674,230.4361054
Percussion,-1,70,A#4,73,0.04278080000000273,230.3986722,230.441453
Percussion,-1,62,D4,127,0.03743319999998107,230.55910020000002,230.5965334
Percussion,-1,62,D4,80,0.0267379999999946,230.5697954,230.5965334
Percussion,-1,70,A#4,78,0.042780799999974306,230.55910020000002,230.601881
Percussion,-1,61,C#4,54,0.08021400000001222,230.535036,230.61525
Percussion,-1,64,E4,127,0.03743319999998107,230.7195282,230.7569614
Percussion,-1,64,E4,56,0.0267379999999946,230.7302234,230.7569614
Percussion,-1,70,A#4,82,0.04278080000000273,230.7195282,230.76230900000002
Percussion,-1,35,B1,77,0.11764719999999329,230.71685440000002,230.8345016
Percussion,-1,64,E4,127,0.03743319999998107,230.8799562,230.9173894
Percussion,-1,64,E4,56,0.0267379999999946,230.8906514,230.9173894
Percussion,-1,56,G#3,78,0.04278080000000273,230.8799562,230.922737
Percussion,-1,70,A#4,79,0.045454599999999346,230.8799562,230.9254108
Percussion,-1,62,D4,88,0.03743320000000949,231.0403842,231.07781740000001
Percussion,-1,62,D4,80,0.02673800000002302,231.0510794,231.07781740000001
Percussion,-1,70,A#4,78,0.04278080000000273,231.0403842,231.083165
Percussion,-1,62,D4,56,0.0267379999999946,231.21150740000002,231.2382454
Percussion,-1,70,A#4,79,0.04278080000000273,231.2008122,231.243593
Percussion,-1,63,D#4,127,0.058823600000010856,231.2008122,231.2596358
Percussion,-1,35,B1,77,0.06951879999999733,231.203486,231.2730048
Percussion,-1,64,E4,56,0.0267379999999946,231.3719354,231.3986734
Percussion,-1,70,A#4,81,0.04278080000000273,231.3612402,231.404021
Percussion,-1,63,D#4,127,0.05080219999999258,231.3612402,231.4120424
Percussion,-1,62,D4,55,0.03743320000000949,231.5216682,231.5591014
Percussion,-1,62,D4,56,0.0267379999999946,231.5323634,231.5591014
Percussion,-1,70,A#4,76,0.048128400000024385,231.5216682,231.56979660000002
Percussion,-1,56,G#3,79,0.050802200000021,231.5216682,231.57247040000001
Percussion,-1,70,A#4,54,0.029411799999991217,231.68209620000002,231.711508
Percussion,-1,62,D4,44,0.03743319999998107,231.68209620000002,231.7195294
Percussion,-1,62,D4,56,0.0267379999999946,231.6927914,231.7195294
Percussion,-1,62,D4,127,0.03743319999998107,231.8425242,231.8799574
Percussion,-1,62,D4,80,0.0267379999999946,231.8532194,231.8799574
Percussion,-1,70,A#4,70,0.04278080000000273,231.8425242,231.88530500000002
Percussion,-1,61,C#4,52,0.08021400000001222,231.8157862,231.8960002
Percussion,-1,62,D4,55,0.008021399999989853,232.0029522,232.0109736
Percussion,-1,64,E4,56,0.0267379999999946,232.0136474,232.0403854
Percussion,-1,70,A#4,73,0.04278080000000273,232.0029522,232.045733
Percussion,-1,35,B1,77,0.10427819999998178,232.0002784,232.1045566
Percussion,-1,64,E4,56,0.02673800000002302,232.1740754,232.20081340000002
Percussion,-1,56,G#3,77,0.04278080000000273,232.1633802,232.206161
Percussion,-1,70,A#4,79,0.04812839999999596,232.1633802,232.2115086
Percussion,-1,63,D#4,88,0.12299479999998653,232.1633802,232.286375
Percussion,-1,62,D4,80,0.0267379999999946,232.33450340000002,232.3612414
Percussion,-1,70,A#4,70,0.04278080000000273,232.3238082,232.366589
Percussion,-1,63,D#4,88,0.05080219999999258,232.3238082,232.3746104
Percussion,-1,62,D4,56,0.0267379999999946,232.4949314,232.5216694
Percussion,-1,70,A#4,79,0.04812839999999596,232.4842362,232.5323646
Percussion,-1,64,E4,127,0.05614980000001424,232.4842362,232.540386
Percussion,-1,35,B1,77,0.09358299999999531,232.4815624,232.5751454
Percussion,-1,64,E4,127,0.03743320000000949,232.6446642,232.6820974
Percussion,-1,64,E4,56,0.0267379999999946,232.6553594,232.6820974
Percussion,-1,70,A#4,77,0.04278080000000273,232.6446642,232.687445
Percussion,-1,62,D4,55,0.03743320000000949,232.8050922,232.8425254
Percussion,-1,62,D4,56,0.0267379999999946,232.8157874,232.8425254
Percussion,-1,56,G#3,72,0.04545460000002777,232.8050922,232.85054680000002
Percussion,-1,70,A#4,80,0.048128400000024385,232.8050922,232.85322060000001
Percussion,-1,62,D4,55,0.03743319999998107,232.96552020000001,233.0029534
Percussion,-1,62,D4,56,0.0267379999999946,232.9762154,233.0029534
Percussion,-1,70,A#4,73,0.04278080000000273,232.96552020000001,233.00830100000002
Percussion,-1,62,D4,127,0.03743319999998107,233.1259482,233.1633814
Percussion,-1,62,D4,80,0.0267379999999946,233.1366434,233.1633814
Percussion,-1,70,A#4,78,0.04278080000000273,233.1259482,233.168729
Percussion,-1,61,C#4,54,0.0802139999999838,233.101884,233.182098
Percussion,-1,64,E4,127,0.03743320000000949,233.2863762,233.32380940000002
Percussion,-1,64,E4,56,0.02673800000002302,233.2970714,233.32380940000002
Percussion,-1,70,A#4,82,0.04278080000000273,233.2863762,233.329157
Percussion,-1,35,B1,77,0.11764719999999329,233.2837024,233.4013496
Percussion,-1,64,E4,127,0.03743320000000949,233.4468042,233.4842374
Percussion,-1,64,E4,56,0.0267379999999946,233.45749940000002,233.4842374
Percussion,-1,56,G#3,78,0.04278080000000273,233.4468042,233.489585
Percussion,-1,70,A#4,79,0.045454599999999346,233.4468042,233.4922588
Percussion,-1,62,D4,88,0.03743320000000949,233.6072322,233.6446654
Percussion,-1,62,D4,80,0.0267379999999946,233.6179274,233.6446654
Percussion,-1,70,A#4,78,0.04278080000000273,233.6072322,233.650013
Percussion,-1,62,D4,56,0.0267379999999946,233.7783554,233.8050934
Percussion,-1,70,A#4,79,0.04278080000000273,233.7676602,233.810441
Percussion,-1,63,D#4,127,0.058823600000010856,233.7676602,233.8264838
Percussion,-1,35,B1,77,0.06951880000002575,233.770334,233.83985280000002
Percussion,-1,64,E4,56,0.0267379999999946,233.9387834,233.9655214
Percussion,-1,70,A#4,81,0.04278080000000273,233.9280882,233.970869
Percussion,-1,63,D#4,127,0.050802200000021,233.9280882,233.9788904
Percussion,-1,62,D4,55,0.03743319999998107,234.08851620000002,234.1259494
Percussion,-1,62,D4,56,0.0267379999999946,234.0992114,234.1259494
Percussion,-1,70,A#4,76,0.04812839999999596,234.08851620000002,234.1366446
Percussion,-1,56,G#3,79,0.05080219999999258,234.08851620000002,234.1393184
Percussion,-1,70,A#4,54,0.029411799999991217,234.2489442,234.278356
Percussion,-1,62,D4,44,0.03743319999998107,234.2489442,234.2863774
Percussion,-1,62,D4,56,0.0267379999999946,234.2596394,234.2863774
Percussion,-1,62,D4,127,0.03743320000000949,234.4093722,234.44680540000002
Percussion,-1,62,D4,80,0.02673800000002302,234.4200674,234.44680540000002
Percussion,-1,70,A#4,70,0.04278080000000273,234.4093722,234.452153
Percussion,-1,61,C#4,52,0.0802139999999838,234.3826342,234.4628482
Percussion,-1,62,D4,55,0.008021399999989853,234.5698002,234.5778216
Percussion,-1,64,E4,56,0.0267379999999946,234.58049540000002,234.6072334
Percussion,-1,70,A#4,73,0.04278080000000273,234.5698002,234.612581
Percussion,-1,35,B1,77,0.1042782000000102,234.5671264,234.67140460000002
Percussion,-1,64,E4,56,0.0267379999999946,234.7409234,234.7676614
Percussion,-1,56,G#3,77,0.04278080000000273,234.7302282,234.773009
Percussion,-1,70,A#4,79,0.04812839999999596,234.7302282,234.7783566
Percussion,-1,63,D#4,88,0.12299480000001495,234.7302282,234.853223
Percussion,-1,62,D4,80,0.0267379999999946,234.9013514,234.9280894
Percussion,-1,70,A#4,70,0.04278080000000273,234.8906562,234.933437
Percussion,-1,63,D#4,88,0.050802200000021,234.8906562,234.94145840000002
Percussion,-1,62,D4,56,0.0267379999999946,235.0617794,235.0885174
Percussion,-1,70,A#4,79,0.048128400000024385,235.0510842,235.09921260000002
Percussion,-1,64,E4,127,0.05614980000001424,235.0510842,235.107234
Percussion,-1,35,B1,77,0.09358300000002373,235.0484104,235.14199340000002
Percussion,-1,64,E4,127,0.03743319999998107,235.21151220000002,235.2489454
Percussion,-1,64,E4,56,0.0267379999999946,235.2222074,235.2489454
Percussion,-1,70,A#4,77,0.04278080000000273,235.21151220000002,235.25429300000002
Percussion,-1,62,D4,55,0.03743319999998107,235.3719402,235.4093734
Percussion,-1,62,D4,56,0.0267379999999946,235.3826354,235.4093734
Percussion,-1,56,G#3,72,0.045454599999999346,235.3719402,235.4173948
Percussion,-1,70,A#4,80,0.04812839999999596,235.3719402,235.4200686
Percussion,-1,62,D4,55,0.03743320000000949,235.5323682,235.56980140000002
Percussion,-1,62,D4,56,0.02673800000002302,235.5430634,235.56980140000002
Percussion,-1,70,A#4,73,0.04278080000000273,235.5323682,235.575149
Percussion,-1,62,D4,127,0.03743320000000949,235.6927962,235.7302294
Percussion,-1,62,D4,80,0.02673800000002302,235.7034914,235.7302294
Percussion,-1,70,A#4,78,0.04278080000000273,235.6927962,235.735577
Percussion,-1,61,C#4,54,0.08021400000001222,235.668732,235.74894600000002
Percussion,-1,64,E4,127,0.03743320000000949,235.8532242,235.8906574
Percussion,-1,64,E4,56,0.0267379999999946,235.86391940000001,235.8906574
Percussion,-1,70,A#4,82,0.04278080000000273,235.8532242,235.896005
Percussion,-1,35,B1,77,0.11764719999999329,235.8505504,235.9681976
Percussion,-1,64,E4,127,0.03743320000000949,236.0136522,236.0510854
Percussion,-1,64,E4,56,0.0267379999999946,236.0243474,236.0510854
Percussion,-1,56,G#3,78,0.04278080000000273,236.0136522,236.056433
Percussion,-1,70,A#4,79,0.045454599999999346,236.0136522,236.0591068
Percussion,-1,62,D4,88,0.03743320000000949,236.1740802,236.2115134
Percussion,-1,62,D4,80,0.0267379999999946,236.1847754,236.2115134
Percussion,-1,70,A#4,78,0.04278080000000273,236.1740802,236.216861
Percussion,-1,62,D4,56,0.0267379999999946,236.3452034,236.3719414
Percussion,-1,70,A#4,79,0.042780799999974306,236.33450820000002,236.377289
Percussion,-1,63,D#4,127,0.058823599999982434,236.33450820000002,236.3933318
Percussion,-1,35,B1,77,0.06951879999999733,236.337182,236.4067008
Percussion,-1,64,E4,56,0.0267379999999946,236.5056314,236.5323694
Percussion,-1,70,A#4,81,0.04278080000000273,236.4949362,236.53771700000001
Percussion,-1,63,D#4,127,0.05080219999999258,236.4949362,236.5457384
Percussion,-1,62,D4,55,0.03743320000000949,236.6553642,236.69279740000002
Percussion,-1,62,D4,56,0.02673800000002302,236.6660594,236.69279740000002
Percussion,-1,70,A#4,76,0.04812839999999596,236.6553642,236.7034926
Percussion,-1,56,G#3,79,0.05080219999999258,236.6553642,236.7061664
Percussion,-1,70,A#4,54,0.029411799999991217,236.8157922,236.845204
Percussion,-1,62,D4,44,0.03743320000000949,236.8157922,236.8532254
Percussion,-1,62,D4,56,0.02673800000002302,236.8264874,236.8532254
Percussion,-1,62,D4,127,0.03743320000000949,236.9762202,237.0136534
Percussion,-1,62,D4,80,0.0267379999999946,236.98691540000002,237.0136534
Percussion,-1,70,A#4,70,0.04278080000000273,236.9762202,237.019001
Percussion,-1,61,C#4,52,0.08021400000001222,236.9494822,237.02969620000002
Percussion,-1,62,D4,55,0.008021400000018275,237.1366482,237.14466960000001
Percussion,-1,64,E4,56,0.0267379999999946,237.1473434,237.1740814
Percussion,-1,70,A#4,73,0.04278080000000273,237.1366482,237.179429
Percussion,-1,35,B1,77,0.1042782000000102,237.1339744,237.2382526
Percussion,-1,64,E4,56,0.0267379999999946,237.3077714,237.3345094
Percussion,-1,56,G#3,77,0.04278080000000273,237.2970762,237.339857
Percussion,-1,70,A#4,79,0.048128400000024385,237.2970762,237.34520460000002
Percussion,-1,63,D#4,88,0.12299480000001495,237.2970762,237.420071
Percussion,-1,62,D4,80,0.0267379999999946,237.4681994,237.4949374
Percussion,-1,70,A#4,70,0.042780799999974306,237.45750420000002,237.500285
Percussion,-1,63,D#4,88,0.05080219999999258,237.45750420000002,237.5083064
Percussion,-1,62,D4,56,0.0267379999999946,237.6286274,237.6553654
Percussion,-1,70,A#4,79,0.04812839999999596,237.6179322,237.6660606
Percussion,-1,64,E4,127,0.05614979999998582,237.6179322,237.674082
Percussion,-1,35,B1,77,0.09358299999999531,237.61525840000002,237.7088414
Percussion,-1,64,E4,127,0.03743320000000949,237.7783602,237.81579340000002
Percussion,-1,64,E4,56,0.02673800000002302,237.7890554,237.81579340000002
Percussion,-1,70,A#4,77,0.04278080000000273,237.7783602,237.821141
Percussion,-1,62,D4,55,0.03743320000000949,237.9387882,237.97622140000001
Percussion,-1,62,D4,56,0.02673800000002302,237.9494834,237.97622140000001
Percussion,-1,70,A#4,76,0.04812839999999596,237.9387882,237.9869166
Percussion,-1,56,G#3,79,0.05080219999999258,237.9387882,237.9895904
Percussion,-1,65,F4,127,0.08823540000000207,237.9387882,238.0270236
Percussion,-1,70,A#4,54,0.029411799999991217,238.0992162,238.128628
Percussion,-1,62,D4,44,0.03743320000000949,238.0992162,238.1366494
Percussion,-1,62,D4,56,0.0267379999999946,238.10991140000002,238.1366494
Percussion,-1,65,F4,127,0.10962580000000344,238.0992162,238.208842
Percussion,-1,62,D4,127,0.03743320000000949,238.2596442,238.2970774
Percussion,-1,62,D4,80,0.0267379999999946,238.2703394,238.2970774
Percussion,-1,70,A#4,70,0.04278080000000273,238.2596442,238.302425
Percussion,-1,61,C#4,52,0.08021400000001222,238.2329062,238.31312020000001
Percussion,-1,65,F4,127,0.15240660000000616,238.2596442,238.4120508
Percussion,-1,62,D4,55,0.008021400000018275,238.4200722,238.4280936
Percussion,-1,64,E4,56,0.0267379999999946,238.4307674,238.4575054
Percussion,-1,70,A#4,73,0.04278080000000273,238.4200722,238.462853
Percussion,-1,35,B1,77,0.1042782000000102,238.4173984,238.5216766
Percussion,-1,64,E4,56,0.0267379999999946,238.5911954,238.6179334
Percussion,-1,56,G#3,77,0.042780799999974306,238.58050020000002,238.623281
Percussion,-1,70,A#4,79,0.04812839999999596,238.58050020000002,238.6286286
Percussion,-1,63,D#4,88,0.12299479999998653,238.58050020000002,238.703495
Percussion,-1,65,F4,127,0.16042799999999602,238.58050020000002,238.7409282
Percussion,-1,62,D4,80,0.0267379999999946,238.7516234,238.7783614
Percussion,-1,70,A#4,70,0.04278080000000273,238.7409282,238.78370900000002
Percussion,-1,63,D#4,88,0.05080219999999258,238.7409282,238.7917304
Percussion,-1,62,D4,56,0.0267379999999946,238.9120514,238.9387894
Percussion,-1,49,C#3,127,0.04812839999999596,238.9013562,238.9494846
Percussion,-1,64,E4,127,0.05614979999998582,238.9013562,238.957506
Percussion,-1,35,B1,77,0.09358299999999531,238.8986824,238.9922654
Percussion,-1,64,E4,127,0.03743320000000949,239.0617842,239.09921740000001
Percussion,-1,64,E4,56,0.02673800000002302,239.0724794,239.09921740000001
Percussion,-1,70,A#4,77,0.04278080000000273,239.0617842,239.104565
Percussion,-1,62,D4,55,0.03743320000000949,239.2222122,239.2596454
Percussion,-1,62,D4,56,0.0267379999999946,239.23290740000002,239.2596454
Percussion,-1,56,G#3,72,0.045454599999999346,239.2222122,239.2676668
Percussion,-1,70,A#4,80,0.04812839999999596,239.2222122,239.2703406
Percussion,-1,65,F4,127,0.12032099999998991,239.2222122,239.3425332
Percussion,-1,62,D4,55,0.03743320000000949,239.3826402,239.4200734
Percussion,-1,62,D4,56,0.0267379999999946,239.3933354,239.4200734
Percussion,-1,70,A#4,73,0.04278080000000273,239.3826402,239.425421
Percussion,-1,62,D4,127,0.03743320000000949,239.5430682,239.5805014
Percussion,-1,62,D4,80,0.0267379999999946,239.5537634,239.5805014
Percussion,-1,70,A#4,78,0.04278080000000273,239.5430682,239.585849
Percussion,-1,61,C#4,54,0.08021400000001222,239.519004,239.599218
Percussion,-1,65,F4,127,0.08288780000000884,239.5430682,239.625956
Percussion,-1,64,E4,127,0.03743319999998107,239.70349620000002,239.7409294
Percussion,-1,64,E4,56,0.0267379999999946,239.7141914,239.7409294
Percussion,-1,70,A#4,82,0.042780799999974306,239.70349620000002,239.746277
Percussion,-1,35,B1,77,0.11764720000002171,239.7008224,239.81846960000001
Percussion,-1,65,F4,127,0.14171139999999127,239.70349620000002,239.8452076
Percussion,-1,64,E4,127,0.03743319999998107,239.8639242,239.9013574
Percussion,-1,64,E4,56,0.0267379999999946,239.8746194,239.9013574
Percussion,-1,56,G#3,78,0.04278080000000273,239.8639242,239.90670500000002
Percussion,-1,70,A#4,79,0.045454599999999346,239.8639242,239.9093788
Percussion,-1,62,D4,88,0.03743319999998107,240.0243522,240.0617854
Percussion,-1,62,D4,80,0.0267379999999946,240.0350474,240.0617854
Percussion,-1,70,A#4,78,0.04278080000000273,240.0243522,240.067133
Percussion,-1,65,F4,111,0.07486639999999056,240.04306880000001,240.1179352
Percussion,-1,62,D4,56,0.02673800000002302,240.1954754,240.22221340000002
Percussion,-1,70,A#4,79,0.04278080000000273,240.1847802,240.227561
Percussion,-1,63,D#4,127,0.058823600000010856,240.1847802,240.24360380000002
Percussion,-1,35,B1,77,0.06951879999999733,240.187454,240.2569728
Percussion,-1,65,F4,117,0.09893060000001697,240.1954754,240.294406
Percussion,-1,64,E4,56,0.0267379999999946,240.35590340000002,240.3826414
Percussion,-1,70,A#4,81,0.04278080000000273,240.3452082,240.387989
Percussion,-1,63,D#4,127,0.05080219999999258,240.3452082,240.3960104
Percussion,-1,62,D4,55,0.03743320000000949,240.5056362,240.5430694
Percussion,-1,62,D4,56,0.0267379999999946,240.5163314,240.5430694
Percussion,-1,70,A#4,76,0.04812839999999596,240.5056362,240.5537646
Percussion,-1,56,G#3,75,0.05080219999999258,240.5056362,240.5564384
Percussion,-1,92,G#6,44,0.061497400000007474,240.5056362,240.5671336
Percussion,-1,92,G#6,44,0.061497400000007474,240.5056362,240.5671336
Percussion,-1,70,A#4,54,0.02941180000001964,240.6660642,240.695476
Percussion,-1,62,D4,44,0.03743320000000949,240.6660642,240.7034974
Percussion,-1,62,D4,56,0.0267379999999946,240.6767594,240.7034974
Percussion,-1,62,D4,127,0.03743319999998107,240.82649220000002,240.8639254
Percussion,-1,62,D4,80,0.0267379999999946,240.8371874,240.8639254
Percussion,-1,70,A#4,70,0.042780799999974306,240.82649220000002,240.869273
Percussion,-1,61,C#4,52,0.08021400000001222,240.7997542,240.8799682
Percussion,-1,92,G#6,44,0.07219259999999394,240.82649220000002,240.8986848
Percussion,-1,92,G#6,44,0.07219259999999394,240.82649220000002,240.8986848
Percussion,-1,62,D4,55,0.008021399999989853,240.98692020000001,240.9949416
Percussion,-1,64,E4,56,0.0267379999999946,240.9976154,241.0243534
Percussion,-1,70,A#4,73,0.04278080000000273,240.98692020000001,241.02970100000002
Percussion,-1,56,G#3,97,0.06684500000000071,240.9735512,241.0403962
Percussion,-1,56,G#3,55,0.06684500000000071,240.9735512,241.0403962
Percussion,-1,35,B1,77,0.10427819999998178,240.98424640000002,241.0885246
Percussion,-1,64,E4,56,0.0267379999999946,241.1580434,241.1847814
Percussion,-1,56,G#3,77,0.04278080000000273,241.1473482,241.190129
Percussion,-1,70,A#4,79,0.04812839999999596,241.1473482,241.1954766
Percussion,-1,92,G#6,44,0.05080219999999258,241.1473482,241.1981504
Percussion,-1,92,G#6,44,0.05080219999999258,241.1473482,241.1981504
Percussion,-1,63,D#4,88,0.12299479999998653,241.1473482,241.270343
Percussion,-1,62,D4,80,0.02673800000002302,241.3184714,241.34520940000002
Percussion,-1,70,A#4,70,0.04278080000000273,241.3077762,241.350557
Percussion,-1,63,D#4,88,0.05080219999999258,241.3077762,241.3585784
Percussion,-1,92,G#6,44,0.07754019999998718,241.3077762,241.3853164
Percussion,-1,92,G#6,44,0.07754019999998718,241.3077762,241.3853164
Percussion,-1,62,D4,56,0.0267379999999946,241.47889940000002,241.5056374
Percussion,-1,70,A#4,79,0.04812839999999596,241.4682042,241.5163326
Percussion,-1,64,E4,127,0.05614980000001424,241.4682042,241.52435400000002
Percussion,-1,35,B1,77,0.09358299999999531,241.4655304,241.5591134
Percussion,-1,64,E4,127,0.03743320000000949,241.6286322,241.6660654
Percussion,-1,64,E4,56,0.0267379999999946,241.6393274,241.6660654
Percussion,-1,70,A#4,77,0.04278080000000273,241.6286322,241.671413
Percussion,-1,56,G#3,55,0.061497400000007474,241.631306,241.6928034
Percussion,-1,92,G#6,44,0.07219259999999394,241.6286322,241.7008248
Percussion,-1,92,G#6,44,0.07219259999999394,241.6286322,241.7008248
Percussion,-1,62,D4,55,0.03743320000000949,241.7890602,241.8264934
Percussion,-1,62,D4,56,0.0267379999999946,241.7997554,241.8264934
Percussion,-1,56,G#3,72,0.045454599999999346,241.7890602,241.8345148
Percussion,-1,70,A#4,80,0.04812839999999596,241.7890602,241.8371886
Percussion,-1,62,D4,55,0.03743320000000949,241.9494882,241.9869214
Percussion,-1,62,D4,56,0.0267379999999946,241.9601834,241.9869214
Percussion,-1,70,A#4,73,0.04278080000000273,241.9494882,241.992269
Percussion,-1,92,G#6,44,0.048128400000024385,241.9494882,241.99761660000001
Percussion,-1,92,G#6,44,0.048128400000024385,241.9494882,241.99761660000001
Percussion,-1,62,D4,127,0.03743319999998107,242.10991620000001,242.1473494
Percussion,-1,62,D4,80,0.0267379999999946,242.1206114,242.1473494
Percussion,-1,70,A#4,78,0.04278080000000273,242.10991620000001,242.15269700000002
Percussion,-1,61,C#4,54,0.0802139999999838,242.08585200000002,242.166066
Percussion,-1,92,G#6,44,0.058823599999982434,242.10991620000001,242.1687398
Percussion,-1,92,G#6,44,0.058823599999982434,242.10991620000001,242.1687398
Percussion,-1,64,E4,127,0.03743319999998107,242.2703442,242.3077774
Percussion,-1,64,E4,56,0.0267379999999946,242.2810394,242.3077774
Percussion,-1,70,A#4,82,0.04278080000000273,242.2703442,242.313125
Percussion,-1,56,G#3,55,0.06417120000000409,242.2623228,242.326494
Percussion,-1,92,G#6,44,0.07486639999999056,242.2703442,242.3452106
Percussion,-1,92,G#6,44,0.07486639999999056,242.2703442,242.3452106
Percussion,-1,35,B1,77,0.11764719999999329,242.26767040000001,242.3853176
Percussion,-1,64,E4,127,0.03743320000000949,242.4307722,242.46820540000002
Percussion,-1,64,E4,56,0.02673800000002302,242.4414674,242.46820540000002
Percussion,-1,56,G#3,78,0.04010700000000611,242.4307722,242.4708792
Percussion,-1,70,A#4,79,0.045454599999999346,242.4307722,242.4762268
Percussion,-1,62,D4,88,0.03743320000000949,242.5912002,242.6286334
Percussion,-1,62,D4,80,0.0267379999999946,242.60189540000002,242.6286334
Percussion,-1,70,A#4,78,0.04278080000000273,242.5912002,242.633981
Percussion,-1,92,G#6,44,0.06417120000000409,242.5912002,242.6553714
Percussion,-1,92,G#6,44,0.06417120000000409,242.5912002,242.6553714
Percussion,-1,62,D4,56,0.0267379999999946,242.7623234,242.7890614
Percussion,-1,70,A#4,79,0.04278080000000273,242.7516282,242.794409
Percussion,-1,63,D#4,127,0.058823600000010856,242.7516282,242.8104518
Percussion,-1,35,B1,77,0.06951879999999733,242.754302,242.8238208
Percussion,-1,64,E4,56,0.0267379999999946,242.9227514,242.9494894
Percussion,-1,56,G#3,55,0.06684500000000071,242.887992,242.954837
Percussion,-1,70,A#4,81,0.04278080000000273,242.9120562,242.954837
Percussion,-1,92,G#6,44,0.050802200000021,242.9120562,242.96285840000002
Percussion,-1,92,G#6,44,0.050802200000021,242.9120562,242.96285840000002
Percussion,-1,63,D#4,127,0.050802200000021,242.9120562,242.96285840000002
Percussion,-1,62,D4,55,0.03743320000000949,243.0724842,243.1099174
Percussion,-1,62,D4,56,0.0267379999999946,243.0831794,243.1099174
Percussion,-1,70,A#4,76,0.048128400000024385,243.0724842,243.12061260000002
Percussion,-1,56,G#3,75,0.050802200000021,243.0724842,243.1232864
Percussion,-1,92,G#6,44,0.061497400000007474,243.0724842,243.1339816
Percussion,-1,92,G#6,44,0.061497400000007474,243.0724842,243.1339816
Percussion,-1,70,A#4,54,0.029411799999991217,243.23291220000002,243.262324
Percussion,-1,62,D4,44,0.03743319999998107,243.23291220000002,243.2703454
Percussion,-1,62,D4,56,0.0267379999999946,243.2436074,243.2703454
Percussion,-1,62,D4,127,0.03743319999998107,243.3933402,243.4307734
Percussion,-1,62,D4,80,0.0267379999999946,243.4040354,243.4307734
Percussion,-1,70,A#4,70,0.04278080000000273,243.3933402,243.436121
Percussion,-1,61,C#4,52,0.0802139999999838,243.36660220000002,243.4468162
Percussion,-1,92,G#6,44,0.07219259999999394,243.3933402,243.4655328
Percussion,-1,92,G#6,44,0.07219259999999394,243.3933402,243.4655328
Percussion,-1,62,D4,55,0.008021399999989853,243.5537682,243.5617896
Percussion,-1,64,E4,56,0.02673800000002302,243.5644634,243.59120140000002
Percussion,-1,70,A#4,73,0.04278080000000273,243.5537682,243.596549
Percussion,-1,56,G#3,97,0.06684500000000071,243.5403992,243.6072442
Percussion,-1,56,G#3,55,0.06684500000000071,243.5403992,243.6072442
Percussion,-1,35,B1,77,0.10427819999998178,243.5510944,243.6553726
Percussion,-1,64,E4,56,0.0267379999999946,243.72489140000002,243.7516294
Percussion,-1,56,G#3,77,0.04278080000000273,243.7141962,243.756977
Percussion,-1,70,A#4,79,0.04812839999999596,243.7141962,243.7623246
Percussion,-1,92,G#6,44,0.05080219999999258,243.7141962,243.7649984
Percussion,-1,92,G#6,44,0.05080219999999258,243.7141962,243.7649984
Percussion,-1,63,D#4,88,0.12299480000001495,243.7141962,243.83719100000002
Percussion,-1,62,D4,80,0.0267379999999946,243.88531940000001,243.9120574
Percussion,-1,70,A#4,70,0.04278080000000273,243.8746242,243.917405
Percussion,-1,63,D#4,88,0.05080219999999258,243.8746242,243.9254264
Percussion,-1,92,G#6,44,0.0775402000000156,243.8746242,243.95216440000002
Percussion,-1,92,G#6,44,0.0775402000000156,243.8746242,243.95216440000002
Percussion,-1,62,D4,56,0.0267379999999946,244.0457474,244.0724854
Percussion,-1,70,A#4,79,0.04812839999999596,244.0350522,244.0831806
Percussion,-1,64,E4,127,0.05614980000001424,244.0350522,244.091202
Percussion,-1,35,B1,77,0.09358299999999531,244.0323784,244.1259614
Percussion,-1,64,E4,127,0.03743320000000949,244.1954802,244.2329134
Percussion,-1,64,E4,56,0.0267379999999946,244.2061754,244.2329134
Percussion,-1,70,A#4,77,0.04278080000000273,244.1954802,244.238261
Percussion,-1,56,G#3,55,0.06149739999997905,244.19815400000002,244.2596514
Percussion,-1,92,G#6,44,0.07219260000002237,244.1954802,244.2676728
Percussion,-1,92,G#6,44,0.07219260000002237,244.1954802,244.2676728
Percussion,-1,62,D4,55,0.03743319999998107,244.35590820000002,244.3933414
Percussion,-1,62,D4,56,0.0267379999999946,244.3666034,244.3933414
Percussion,-1,56,G#3,72,0.045454599999999346,244.35590820000002,244.40136280000002
Percussion,-1,70,A#4,80,0.04812839999999596,244.35590820000002,244.4040366
Percussion,-1,62,D4,55,0.03743319999998107,244.5163362,244.5537694
Percussion,-1,62,D4,56,0.0267379999999946,244.5270314,244.5537694
Percussion,-1,70,A#4,73,0.04278080000000273,244.5163362,244.55911700000001
Percussion,-1,92,G#6,44,0.04812839999999596,244.5163362,244.5644646
Percussion,-1,92,G#6,44,0.04812839999999596,244.5163362,244.5644646
Percussion,-1,62,D4,127,0.03743320000000949,244.6767642,244.71419740000002
Percussion,-1,62,D4,80,0.02673800000002302,244.6874594,244.71419740000002
Percussion,-1,70,A#4,78,0.04278080000000273,244.6767642,244.719545
Percussion,-1,61,C#4,54,0.0802139999999838,244.6527,244.732914
Percussion,-1,92,G#6,44,0.058823599999982434,244.6767642,244.7355878
Percussion,-1,92,G#6,44,0.058823599999982434,244.6767642,244.7355878
Percussion,-1,64,E4,127,0.03743320000000949,244.8371922,244.8746254
Percussion,-1,64,E4,56,0.02673800000002302,244.8478874,244.8746254
Percussion,-1,70,A#4,82,0.04278080000000273,244.8371922,244.879973
Percussion,-1,56,G#3,55,0.06417120000000409,244.8291708,244.89334200000002
Percussion,-1,92,G#6,44,0.07486639999999056,244.8371922,244.9120586
Percussion,-1,92,G#6,44,0.07486639999999056,244.8371922,244.9120586
Percussion,-1,35,B1,77,0.11764719999999329,244.8345184,244.9521656
Percussion,-1,64,E4,127,0.03743320000000949,244.9976202,245.0350534
Percussion,-1,64,E4,56,0.0267379999999946,245.00831540000001,245.0350534
Percussion,-1,56,G#3,78,0.04010700000000611,244.9976202,245.0377272
Percussion,-1,70,A#4,79,0.045454599999999346,244.9976202,245.0430748
Percussion,-1,62,D4,88,0.03743320000000949,245.1580482,245.1954814
Percussion,-1,62,D4,80,0.0267379999999946,245.1687434,245.1954814
Percussion,-1,70,A#4,78,0.04278080000000273,245.1580482,245.200829
Percussion,-1,92,G#6,44,0.06417120000000409,245.1580482,245.2222194
Percussion,-1,92,G#6,44,0.06417120000000409,245.1580482,245.2222194
Percussion,-1,62,D4,56,0.0267379999999946,245.3291714,245.3559094
Percussion,-1,70,A#4,79,0.04278080000000273,245.3184762,245.361257
Percussion,-1,63,D#4,127,0.058823600000010856,245.3184762,245.3772998
Percussion,-1,35,B1,77,0.06951879999999733,245.32115000000002,245.39066880000001
Percussion,-1,64,E4,56,0.0267379999999946,245.4895994,245.5163374
Percussion,-1,56,G#3,55,0.06684499999997229,245.45484000000002,245.521685
Percussion,-1,70,A#4,81,0.042780799999974306,245.47890420000002,245.521685
Percussion,-1,92,G#6,44,0.05080219999999258,245.47890420000002,245.5297064
Percussion,-1,92,G#6,44,0.05080219999999258,245.47890420000002,245.5297064
Percussion,-1,63,D#4,127,0.05080219999999258,245.47890420000002,245.5297064
Percussion,-1,62,D4,55,0.03743319999998107,245.6393322,245.6767654
Percussion,-1,62,D4,56,0.0267379999999946,245.6500274,245.6767654
Percussion,-1,70,A#4,76,0.04812839999999596,245.6393322,245.6874606
Percussion,-1,56,G#3,75,0.05080219999999258,245.6393322,245.6901344
Percussion,-1,92,G#6,44,0.06149739999997905,245.6393322,245.7008296
Percussion,-1,92,G#6,44,0.06149739999997905,245.6393322,245.7008296
Percussion,-1,70,A#4,54,0.029411799999991217,245.7997602,245.829172
Percussion,-1,62,D4,44,0.03743320000000949,245.7997602,245.83719340000002
Percussion,-1,62,D4,56,0.02673800000002302,245.8104554,245.83719340000002
Percussion,-1,62,D4,127,0.03743320000000949,245.9601882,245.9976214
Percussion,-1,62,D4,80,0.02673800000002302,245.9708834,245.9976214
Percussion,-1,70,A#4,70,0.04278080000000273,245.9601882,246.002969
Percussion,-1,61,C#4,52,0.0802139999999838,245.9334502,246.0136642
Percussion,-1,92,G#6,44,0.07219259999999394,245.9601882,246.0323808
Percussion,-1,92,G#6,44,0.07219259999999394,245.9601882,246.0323808
Percussion,-1,62,D4,55,0.008021399999989853,246.1206162,246.1286376
Percussion,-1,64,E4,56,0.0267379999999946,246.13131140000002,246.1580494
Percussion,-1,70,A#4,73,0.04278080000000273,246.1206162,246.163397
Percussion,-1,56,G#3,97,0.06684500000000071,246.10724720000002,246.17409220000002
Percussion,-1,56,G#3,55,0.06684500000000071,246.10724720000002,246.17409220000002
Percussion,-1,35,B1,77,0.1042782000000102,246.1179424,246.2222206
Percussion,-1,64,E4,56,0.0267379999999946,246.2917394,246.3184774
Percussion,-1,56,G#3,77,0.04278080000000273,246.2810442,246.323825
Percussion,-1,70,A#4,79,0.04812839999999596,246.2810442,246.3291726
Percussion,-1,92,G#6,44,0.050802200000021,246.2810442,246.33184640000002
Percussion,-1,92,G#6,44,0.050802200000021,246.2810442,246.33184640000002
Percussion,-1,63,D#4,88,0.12299480000001495,246.2810442,246.404039
Percussion,-1,62,D4,80,0.0267379999999946,246.4521674,246.4789054
Percussion,-1,70,A#4,70,0.04278080000000273,246.4414722,246.484253
Percussion,-1,63,D#4,88,0.050802200000021,246.4414722,246.4922744
Percussion,-1,92,G#6,44,0.0775402000000156,246.4414722,246.5190124
Percussion,-1,92,G#6,44,0.0775402000000156,246.4414722,246.5190124
Percussion,-1,62,D4,56,0.0267379999999946,246.6125954,246.6393334
Percussion,-1,70,A#4,79,0.04812839999999596,246.60190020000002,246.6500286
Percussion,-1,64,E4,127,0.05614979999998582,246.60190020000002,246.65805
Percussion,-1,35,B1,77,0.09358300000002373,246.5992264,246.69280940000002
Percussion,-1,64,E4,127,0.03743319999998107,246.7623282,246.7997614
Percussion,-1,64,E4,56,0.0267379999999946,246.7730234,246.7997614
Percussion,-1,70,A#4,77,0.04278080000000273,246.7623282,246.80510900000002
Percussion,-1,56,G#3,55,0.061497400000007474,246.765002,246.82649940000002
Percussion,-1,92,G#6,44,0.07219259999999394,246.7623282,246.8345208
Percussion,-1,92,G#6,44,0.07219259999999394,246.7623282,246.8345208
Percussion,-1,62,D4,55,0.03743320000000949,246.9227562,246.96018940000002
Percussion,-1,62,D4,56,0.02673800000002302,246.9334514,246.96018940000002
Percussion,-1,56,G#3,72,0.045454599999999346,246.9227562,246.9682108
Percussion,-1,70,A#4,80,0.04812839999999596,246.9227562,246.9708846
Percussion,-1,62,D4,55,0.03743320000000949,247.0831842,247.12061740000001
Percussion,-1,62,D4,56,0.02673800000002302,247.0938794,247.12061740000001
Percussion,-1,70,A#4,73,0.04278080000000273,247.0831842,247.125965
Percussion,-1,92,G#6,44,0.04812839999999596,247.0831842,247.1313126
Percussion,-1,92,G#6,44,0.04812839999999596,247.0831842,247.1313126
Percussion,-1,62,D4,127,0.03743320000000949,247.2436122,247.2810454
Percussion,-1,62,D4,80,0.0267379999999946,247.25430740000002,247.2810454
Percussion,-1,70,A#4,78,0.04278080000000273,247.2436122,247.286393
Percussion,-1,61,C#4,54,0.08021400000001222,247.219548,247.29976200000002
Percussion,-1,92,G#6,44,0.058823600000010856,247.2436122,247.3024358
Percussion,-1,92,G#6,44,0.058823600000010856,247.2436122,247.3024358
Percussion,-1,64,E4,127,0.03743320000000949,247.4040402,247.4414734
Percussion,-1,64,E4,56,0.0267379999999946,247.4147354,247.4414734
Percussion,-1,70,A#4,82,0.04278080000000273,247.4040402,247.446821
Percussion,-1,56,G#3,55,0.06417120000000409,247.3960188,247.46019
Percussion,-1,92,G#6,44,0.07486640000001898,247.4040402,247.47890660000002
Percussion,-1,92,G#6,44,0.07486640000001898,247.4040402,247.47890660000002
Percussion,-1,35,B1,77,0.11764719999999329,247.4013664,247.5190136
Percussion,-1,64,E4,127,0.03743320000000949,247.5644682,247.6019014
Percussion,-1,64,E4,56,0.0267379999999946,247.5751634,247.6019014
Percussion,-1,56,G#3,78,0.04010700000000611,247.5644682,247.6045752
Percussion,-1,70,A#4,79,0.045454599999999346,247.5644682,247.6099228
Percussion,-1,62,D4,88,0.03743319999998107,247.72489620000002,247.7623294
Percussion,-1,62,D4,80,0.0267379999999946,247.7355914,247.7623294
Percussion,-1,70,A#4,78,0.042780799999974306,247.72489620000002,247.767677
Percussion,-1,92,G#6,44,0.06417119999997567,247.72489620000002,247.7890674
Percussion,-1,92,G#6,44,0.06417119999997567,247.72489620000002,247.7890674
Percussion,-1,62,D4,56,0.0267379999999946,247.8960194,247.9227574
Percussion,-1,70,A#4,79,0.04278080000000273,247.8853242,247.92810500000002
Percussion,-1,63,D#4,127,0.058823599999982434,247.8853242,247.9441478
Percussion,-1,35,B1,77,0.06951879999999733,247.887998,247.9575168
Percussion,-1,64,E4,56,0.0267379999999946,248.0564474,248.0831854
Percussion,-1,56,G#3,55,0.06684500000000071,248.021688,248.088533
Percussion,-1,70,A#4,81,0.04278080000000273,248.0457522,248.088533
Percussion,-1,92,G#6,44,0.05080219999999258,248.0457522,248.0965544
Percussion,-1,92,G#6,44,0.05080219999999258,248.0457522,248.0965544
Percussion,-1,63,D#4,127,0.05080219999999258,248.0457522,248.0965544
Percussion,-1,62,D4,55,0.03743320000000949,248.2061802,248.24361340000002
Percussion,-1,62,D4,56,0.02673800000002302,248.2168754,248.24361340000002
Percussion,-1,70,A#4,76,0.04812839999999596,248.2061802,248.2543086
Percussion,-1,56,G#3,75,0.05080219999999258,248.2061802,248.2569824
Percussion,-1,92,G#6,44,0.061497400000007474,248.2061802,248.2676776
Percussion,-1,92,G#6,44,0.061497400000007474,248.2061802,248.2676776
Percussion,-1,70,A#4,54,0.029411799999991217,248.3666082,248.39602
Percussion,-1,62,D4,44,0.03743320000000949,248.3666082,248.4040414
Percussion,-1,62,D4,56,0.0267379999999946,248.37730340000002,248.4040414
Percussion,-1,62,D4,127,0.03743320000000949,248.5270362,248.5644694
Percussion,-1,62,D4,80,0.0267379999999946,248.5377314,248.5644694
Percussion,-1,70,A#4,70,0.04278080000000273,248.5270362,248.569817
Percussion,-1,61,C#4,52,0.08021400000001222,248.5002982,248.58051220000002
Percussion,-1,92,G#6,44,0.07219259999999394,248.5270362,248.5992288
Percussion,-1,92,G#6,44,0.07219259999999394,248.5270362,248.5992288
Percussion,-1,62,D4,55,0.008021400000018275,248.6874642,248.6954856
Percussion,-1,64,E4,56,0.0267379999999946,248.6981594,248.7248974
Percussion,-1,70,A#4,73,0.04278080000000273,248.6874642,248.730245
Percussion,-1,56,G#3,97,0.06684500000000071,248.6740952,248.7409402
Percussion,-1,56,G#3,55,0.06684500000000071,248.6740952,248.7409402
Percussion,-1,35,B1,77,0.1042782000000102,248.6847904,248.7890686
Percussion,-1,64,E4,56,0.0267379999999946,248.8585874,248.8853254
Percussion,-1,56,G#3,77,0.042780799999974306,248.84789220000002,248.890673
Percussion,-1,70,A#4,79,0.04812839999999596,248.84789220000002,248.8960206
Percussion,-1,92,G#6,44,0.05080219999999258,248.84789220000002,248.8986944
Percussion,-1,92,G#6,44,0.05080219999999258,248.84789220000002,248.8986944
Percussion,-1,63,D#4,88,0.12299479999998653,248.84789220000002,248.970887
Percussion,-1,62,D4,80,0.0267379999999946,249.0190154,249.0457534
Percussion,-1,70,A#4,70,0.04278080000000273,249.0083202,249.05110100000002
Percussion,-1,63,D#4,88,0.05080219999999258,249.0083202,249.0591224
Percussion,-1,92,G#6,44,0.07754019999998718,249.0083202,249.0858604
Percussion,-1,92,G#6,44,0.07754019999998718,249.0083202,249.0858604
Percussion,-1,62,D4,56,0.0267379999999946,249.1794434,249.2061814
Percussion,-1,70,A#4,79,0.04812839999999596,249.1687482,249.2168766
Percussion,-1,64,E4,127,0.05614979999998582,249.1687482,249.224898
Percussion,-1,35,B1,77,0.09358299999999531,249.1660744,249.2596574
Percussion,-1,64,E4,127,0.03743320000000949,249.3291762,249.36660940000002
Percussion,-1,64,E4,56,0.02673800000002302,249.3398714,249.36660940000002
Percussion,-1,70,A#4,77,0.04278080000000273,249.3291762,249.371957
Percussion,-1,56,G#3,55,0.061497400000007474,249.33185,249.3933474
Percussion,-1,92,G#6,44,0.07219259999999394,249.3291762,249.4013688
Percussion,-1,92,G#6,44,0.07219259999999394,249.3291762,249.4013688
Percussion,-1,62,D4,55,0.03743320000000949,249.4896042,249.5270374
Percussion,-1,62,D4,56,0.0267379999999946,249.50029940000002,249.5270374
Percussion,-1,56,G#3,72,0.045454599999999346,249.4896042,249.5350588
Percussion,-1,70,A#4,80,0.04812839999999596,249.4896042,249.5377326
Percussion,-1,62,D4,55,0.03743320000000949,249.6500322,249.6874654
Percussion,-1,62,D4,56,0.0267379999999946,249.6607274,249.6874654
Percussion,-1,70,A#4,73,0.04278080000000273,249.6500322,249.692813
Percussion,-1,92,G#6,44,0.04812839999999596,249.6500322,249.6981606
Percussion,-1,92,G#6,44,0.04812839999999596,249.6500322,249.6981606
Percussion,-1,62,D4,127,0.03743320000000949,249.8104602,249.8478934
Percussion,-1,62,D4,80,0.0267379999999946,249.8211554,249.8478934
Percussion,-1,70,A#4,78,0.04278080000000273,249.8104602,249.853241
Percussion,-1,61,C#4,54,0.08021400000001222,249.786396,249.86661
Percussion,-1,92,G#6,44,0.058823600000010856,249.8104602,249.8692838
Percussion,-1,92,G#6,44,0.058823600000010856,249.8104602,249.8692838
Percussion,-1,64,E4,127,0.03743320000000949,249.9708882,250.0083214
Percussion,-1,64,E4,56,0.0267379999999946,249.9815834,250.0083214
Percussion,-1,70,A#4,82,0.04278080000000273,249.9708882,250.013669
Percussion,-1,56,G#3,55,0.06417120000000409,249.9628668,250.027038
Percussion,-1,92,G#6,44,0.07486640000001898,249.9708882,250.0457546
Percussion,-1,92,G#6,44,0.07486640000001898,249.9708882,250.0457546
Percussion,-1,35,B1,77,0.11764720000002171,249.9682144,250.08586160000002
Percussion,-1,64,E4,127,0.03743319999998107,250.13131620000001,250.1687494
Percussion,-1,64,E4,56,0.0267379999999946,250.1420114,250.1687494
Percussion,-1,56,G#3,78,0.04010699999997769,250.13131620000001,250.1714232
Percussion,-1,70,A#4,79,0.045454599999999346,250.13131620000001,250.1767708
Percussion,-1,62,D4,88,0.03743319999998107,250.2917442,250.3291774
Percussion,-1,62,D4,80,0.0267379999999946,250.3024394,250.3291774
Percussion,-1,70,A#4,78,0.04278080000000273,250.2917442,250.334525
Percussion,-1,92,G#6,44,0.06417120000000409,250.2917442,250.35591540000001
Percussion,-1,92,G#6,44,0.06417120000000409,250.2917442,250.35591540000001
Percussion,-1,62,D4,56,0.02673800000002302,250.4628674,250.48960540000002
Percussion,-1,70,A#4,79,0.04278080000000273,250.4521722,250.494953
Percussion,-1,63,D#4,127,0.058823600000010856,250.4521722,250.51099580000002
Percussion,-1,35,B1,77,0.06951879999999733,250.454846,250.5243648
Percussion,-1,64,E4,56,0.0267379999999946,250.62329540000002,250.6500334
Percussion,-1,56,G#3,55,0.06684500000000071,250.588536,250.655381
Percussion,-1,70,A#4,81,0.04278080000000273,250.6126002,250.655381
Percussion,-1,92,G#6,44,0.05080219999999258,250.6126002,250.6634024
Percussion,-1,92,G#6,44,0.05080219999999258,250.6126002,250.6634024
Percussion,-1,63,D#4,127,0.05080219999999258,250.6126002,250.6634024
Percussion,-1,62,D4,55,0.03743320000000949,250.7730282,250.8104614
Percussion,-1,62,D4,56,0.0267379999999946,250.7837234,250.8104614
Percussion,-1,70,A#4,76,0.04812839999999596,250.7730282,250.8211566
Percussion,-1,56,G#3,75,0.05080219999999258,250.7730282,250.8238304
Percussion,-1,92,G#6,44,0.061497400000007474,250.7730282,250.8345256
Percussion,-1,92,G#6,44,0.061497400000007474,250.7730282,250.8345256
Percussion,-1,70,A#4,54,0.02941180000001964,250.9334562,250.96286800000001
Percussion,-1,62,D4,44,0.03743320000000949,250.9334562,250.9708894
Percussion,-1,62,D4,56,0.0267379999999946,250.9441514,250.9708894
Percussion,-1,62,D4,127,0.03743320000000949,251.0938842,251.1313174
Percussion,-1,62,D4,80,0.0267379999999946,251.1045794,251.1313174
Percussion,-1,70,A#4,70,0.04278080000000273,251.0938842,251.136665
Percussion,-1,61,C#4,52,0.08021400000001222,251.0671462,251.1473602
Percussion,-1,92,G#6,44,0.07219260000002237,251.0938842,251.1660768
Percussion,-1,92,G#6,44,0.07219260000002237,251.0938842,251.1660768
Percussion,-1,62,D4,55,0.008021399999989853,251.25431220000002,251.2623336
Percussion,-1,64,E4,56,0.0267379999999946,251.2650074,251.2917454
Percussion,-1,70,A#4,73,0.04278080000000273,251.25431220000002,251.29709300000002
Percussion,-1,56,G#3,97,0.06684500000000071,251.2409432,251.3077882
Percussion,-1,56,G#3,55,0.06684500000000071,251.2409432,251.3077882
Percussion,-1,35,B1,77,0.10427819999998178,251.25163840000002,251.3559166
Percussion,-1,64,E4,56,0.0267379999999946,251.4254354,251.4521734
Percussion,-1,56,G#3,77,0.04278080000000273,251.4147402,251.457521
Percussion,-1,70,A#4,79,0.04812839999999596,251.4147402,251.4628686
Percussion,-1,92,G#6,44,0.05080219999999258,251.4147402,251.4655424
Percussion,-1,92,G#6,44,0.05080219999999258,251.4147402,251.4655424
Percussion,-1,63,D#4,88,0.12299479999998653,251.4147402,251.537735
Percussion,-1,62,D4,80,0.02673800000002302,251.5858634,251.61260140000002
Percussion,-1,70,A#4,70,0.04278080000000273,251.5751682,251.617949
Percussion,-1,63,D#4,88,0.05080219999999258,251.5751682,251.6259704
Percussion,-1,92,G#6,44,0.07754019999998718,251.5751682,251.6527084
Percussion,-1,92,G#6,44,0.07754019999998718,251.5751682,251.6527084
Percussion,-1,62,D4,56,0.0267379999999946,251.74629140000002,251.7730294
Percussion,-1,70,A#4,79,0.04812839999999596,251.7355962,251.7837246
Percussion,-1,64,E4,127,0.05614980000001424,251.7355962,251.79174600000002
Percussion,-1,35,B1,77,0.09358299999999531,251.7329224,251.8265054
Percussion,-1,64,E4,127,0.03743320000000949,251.8960242,251.9334574
Percussion,-1,64,E4,56,0.0267379999999946,251.90671940000001,251.9334574
Percussion,-1,70,A#4,77,0.04278080000000273,251.8960242,251.938805
Percussion,-1,56,G#3,55,0.061497400000007474,251.898698,251.9601954
Percussion,-1,92,G#6,44,0.07219259999999394,251.8960242,251.9682168
Percussion,-1,92,G#6,44,0.07219259999999394,251.8960242,251.9682168
Percussion,-1,62,D4,55,0.03743320000000949,252.0564522,252.0938854
Percussion,-1,62,D4,56,0.0267379999999946,252.0671474,252.0938854
Percussion,-1,56,G#3,72,0.045454599999999346,252.0564522,252.1019068
Percussion,-1,70,A#4,80,0.04812839999999596,252.0564522,252.1045806
Percussion,-1,62,D4,55,0.03743320000000949,252.2168802,252.2543134
Percussion,-1,62,D4,56,0.0267379999999946,252.2275754,252.2543134
Percussion,-1,70,A#4,73,0.04278080000000273,252.2168802,252.259661
Percussion,-1,92,G#6,44,0.048128400000024385,252.2168802,252.26500860000002
Percussion,-1,92,G#6,44,0.048128400000024385,252.2168802,252.26500860000002
Percussion,-1,62,D4,127,0.03743319999998107,252.37730820000002,252.4147414
Percussion,-1,62,D4,80,0.0267379999999946,252.3880034,252.4147414
Percussion,-1,70,A#4,78,0.04278080000000273,252.37730820000002,252.42008900000002
Percussion,-1,61,C#4,54,0.0802139999999838,252.35324400000002,252.433458
Percussion,-1,92,G#6,44,0.058823599999982434,252.37730820000002,252.4361318
Percussion,-1,92,G#6,44,0.058823599999982434,252.37730820000002,252.4361318
Percussion,-1,64,E4,127,0.03743319999998107,252.5377362,252.5751694
Percussion,-1,64,E4,56,0.0267379999999946,252.5484314,252.5751694
Percussion,-1,70,A#4,82,0.04278080000000273,252.5377362,252.58051700000001
Percussion,-1,56,G#3,55,0.06417120000000409,252.5297148,252.593886
Percussion,-1,92,G#6,44,0.07486639999999056,252.5377362,252.6126026
Percussion,-1,92,G#6,44,0.07486639999999056,252.5377362,252.6126026
Percussion,-1,35,B1,77,0.11764719999999329,252.53506240000002,252.6527096
Percussion,-1,64,E4,127,0.03743320000000949,252.6981642,252.73559740000002
Percussion,-1,64,E4,56,0.02673800000002302,252.7088594,252.73559740000002
Percussion,-1,56,G#3,78,0.04010700000000611,252.6981642,252.7382712
Percussion,-1,70,A#4,79,0.045454599999999346,252.6981642,252.7436188
Percussion,-1,62,D4,88,0.03743320000000949,252.8585922,252.8960254
Percussion,-1,62,D4,80,0.02673800000002302,252.8692874,252.8960254
Percussion,-1,70,A#4,78,0.04278080000000273,252.8585922,252.901373
Percussion,-1,92,G#6,44,0.06417120000000409,252.8585922,252.9227634
Percussion,-1,92,G#6,44,0.06417120000000409,252.8585922,252.9227634
Percussion,-1,62,D4,56,0.0267379999999946,253.02971540000001,253.0564534
Percussion,-1,70,A#4,79,0.04278080000000273,253.0190202,253.061801
Percussion,-1,63,D#4,127,0.058823600000010856,253.0190202,253.0778438
Percussion,-1,35,B1,77,0.06951879999999733,253.021694,253.0912128
Percussion,-1,64,E4,56,0.0267379999999946,253.1901434,253.2168814
Percussion,-1,56,G#3,55,0.06684500000000071,253.155384,253.222229
Percussion,-1,70,A#4,81,0.04278080000000273,253.1794482,253.222229
Percussion,-1,92,G#6,44,0.050802200000021,253.1794482,253.23025040000002
Percussion,-1,92,G#6,44,0.050802200000021,253.1794482,253.23025040000002
Percussion,-1,63,D#4,127,0.050802200000021,253.1794482,253.23025040000002
Percussion,-1,62,D4,55,0.03743320000000949,253.3398762,253.3773094
Percussion,-1,62,D4,56,0.0267379999999946,253.3505714,253.3773094
Percussion,-1,70,A#4,76,0.048128400000024385,253.3398762,253.38800460000002
Percussion,-1,56,G#3,75,0.050802200000021,253.3398762,253.3906784
Percussion,-1,92,G#6,44,0.061497400000007474,253.3398762,253.4013736
Percussion,-1,92,G#6,44,0.061497400000007474,253.3398762,253.4013736
Percussion,-1,70,A#4,54,0.029411799999991217,253.50030420000002,253.529716
Percussion,-1,62,D4,44,0.03743319999998107,253.50030420000002,253.5377374
Percussion,-1,62,D4,56,0.0267379999999946,253.5109994,253.5377374
Percussion,-1,62,D4,127,0.03743319999998107,253.6607322,253.6981654
Percussion,-1,62,D4,80,0.0267379999999946,253.6714274,253.6981654
Percussion,-1,70,A#4,70,0.04278080000000273,253.6607322,253.70351300000002
Percussion,-1,61,C#4,52,0.0802139999999838,253.63399420000002,253.7142082
Percussion,-1,92,G#6,44,0.07219259999999394,253.6607322,253.7329248
Percussion,-1,92,G#6,44,0.07219259999999394,253.6607322,253.7329248
Percussion,-1,62,D4,55,0.008021399999989853,253.8211602,253.8291816
Percussion,-1,64,E4,56,0.02673800000002302,253.8318554,253.85859340000002
Percussion,-1,70,A#4,73,0.04278080000000273,253.8211602,253.863941
Percussion,-1,56,G#3,97,0.06684500000000071,253.8077912,253.8746362
Percussion,-1,56,G#3,55,0.06684500000000071,253.8077912,253.8746362
Percussion,-1,35,B1,77,0.10427819999998178,253.8184864,253.9227646
Percussion,-1,64,E4,56,0.02673800000002302,253.9922834,254.0190214
Percussion,-1,56,G#3,77,0.04278080000000273,253.9815882,254.024369
Percussion,-1,70,A#4,79,0.04812839999999596,253.9815882,254.0297166
Percussion,-1,92,G#6,44,0.05080219999999258,253.9815882,254.0323904
Percussion,-1,92,G#6,44,0.05080219999999258,253.9815882,254.0323904
Percussion,-1,63,D#4,88,0.12299479999998653,253.9815882,254.104583
Percussion,-1,62,D4,80,0.0267379999999946,254.15271140000002,254.1794494
Percussion,-1,70,A#4,70,0.04278080000000273,254.1420162,254.184797
Percussion,-1,63,D#4,88,0.05080219999999258,254.1420162,254.1928184
Percussion,-1,92,G#6,44,0.0775402000000156,254.1420162,254.21955640000002
Percussion,-1,92,G#6,44,0.0775402000000156,254.1420162,254.21955640000002
Percussion,-1,62,D4,56,0.0267379999999946,254.3131394,254.3398774
Percussion,-1,70,A#4,79,0.04812839999999596,254.3024442,254.3505726
Percussion,-1,64,E4,127,0.05614980000001424,254.3024442,254.358594
Percussion,-1,35,B1,77,0.09358299999999531,254.2997704,254.3933534
Percussion,-1,64,E4,127,0.03743320000000949,254.4628722,254.5003054
Percussion,-1,64,E4,56,0.0267379999999946,254.4735674,254.5003054
Percussion,-1,70,A#4,77,0.04278080000000273,254.4628722,254.505653
Percussion,-1,56,G#3,55,0.06149739999997905,254.46554600000002,254.5270434
Percussion,-1,92,G#6,44,0.07219260000002237,254.4628722,254.53506480000001
Percussion,-1,92,G#6,44,0.07219260000002237,254.4628722,254.53506480000001
Percussion,-1,62,D4,55,0.03743319999998107,254.62330020000002,254.6607334
Percussion,-1,62,D4,56,0.0267379999999946,254.6339954,254.6607334
Percussion,-1,56,G#3,72,0.045454599999999346,254.62330020000002,254.66875480000002
Percussion,-1,70,A#4,80,0.04812839999999596,254.62330020000002,254.6714286
Percussion,-1,62,D4,55,0.03743319999998107,254.7837282,254.8211614
Percussion,-1,62,D4,56,0.0267379999999946,254.7944234,254.8211614
Percussion,-1,70,A#4,73,0.04278080000000273,254.7837282,254.82650900000002
Percussion,-1,92,G#6,44,0.04812839999999596,254.7837282,254.8318566
Percussion,-1,92,G#6,44,0.04812839999999596,254.7837282,254.8318566
Percussion,-1,62,D4,127,0.03743320000000949,254.9441562,254.98158940000002
Percussion,-1,62,D4,80,0.02673800000002302,254.9548514,254.98158940000002
Percussion,-1,70,A#4,78,0.04278080000000273,254.9441562,254.986937
Percussion,-1,61,C#4,54,0.0802139999999838,254.920092,255.000306
Percussion,-1,92,G#6,44,0.058823599999982434,254.9441562,255.0029798
Percussion,-1,92,G#6,44,0.058823599999982434,254.9441562,255.0029798
Percussion,-1,64,E4,127,0.03743320000000949,255.1045842,255.14201740000001
Percussion,-1,64,E4,56,0.02673800000002302,255.1152794,255.14201740000001
Percussion,-1,70,A#4,82,0.04278080000000273,255.1045842,255.147365
Percussion,-1,56,G#3,55,0.06417119999997567,255.09656280000002,255.160734
Percussion,-1,92,G#6,44,0.07486639999999056,255.1045842,255.1794506
Percussion,-1,92,G#6,44,0.07486639999999056,255.1045842,255.1794506
Percussion,-1,35,B1,77,0.11764719999999329,255.1019104,255.2195576
Percussion,-1,64,E4,127,0.03743320000000949,255.2650122,255.3024454
Percussion,-1,64,E4,56,0.0267379999999946,255.27570740000002,255.3024454
Percussion,-1,56,G#3,78,0.04010700000000611,255.2650122,255.3051192
Percussion,-1,70,A#4,79,0.045454599999999346,255.2650122,255.3104668
Percussion,-1,62,D4,88,0.03743320000000949,255.4254402,255.4628734
Percussion,-1,62,D4,80,0.0267379999999946,255.4361354,255.4628734
Percussion,-1,70,A#4,78,0.04278080000000273,255.4254402,255.468221
Percussion,-1,92,G#6,44,0.06417120000000409,255.4254402,255.4896114
Percussion,-1,92,G#6,44,0.06417120000000409,255.4254402,255.4896114
Percussion,-1,62,D4,56,0.0267379999999946,255.5965634,255.6233014
Percussion,-1,70,A#4,79,0.04278080000000273,255.5858682,255.628649
Percussion,-1,63,D#4,127,0.058823600000010856,255.5858682,255.6446918
Percussion,-1,35,B1,77,0.06951879999999733,255.58854200000002,255.65806080000002
Percussion,-1,64,E4,56,0.0267379999999946,255.7569914,255.7837294
Percussion,-1,56,G#3,55,0.06684500000000071,255.722232,255.789077
Percussion,-1,70,A#4,81,0.042780799999974306,255.74629620000002,255.789077
Percussion,-1,92,G#6,44,0.05080219999999258,255.74629620000002,255.7970984
Percussion,-1,92,G#6,44,0.05080219999999258,255.74629620000002,255.7970984
Percussion,-1,63,D#4,127,0.05080219999999258,255.74629620000002,255.7970984
Percussion,-1,62,D4,55,0.03743319999998107,255.9067242,255.9441574
Percussion,-1,62,D4,56,0.0267379999999946,255.9174194,255.9441574
Percussion,-1,70,A#4,76,0.04812839999999596,255.9067242,255.9548526
Percussion,-1,56,G#3,75,0.05080219999999258,255.9067242,255.9575264
Percussion,-1,92,G#6,44,0.06149739999997905,255.9067242,255.9682216
Percussion,-1,92,G#6,44,0.06149739999997905,255.9067242,255.9682216
Percussion,-1,70,A#4,54,0.029411799999991217,256.0671522,256.096564
Percussion,-1,62,D4,44,0.03743320000000949,256.0671522,256.1045854
Percussion,-1,62,D4,56,0.02673800000002302,256.0778474,256.1045854
Percussion,-1,62,D4,127,0.03743320000000949,256.2275802,256.2650134
Percussion,-1,62,D4,80,0.026737999999966178,256.2382754,256.2650134
Percussion,-1,70,A#4,70,0.04278080000000273,256.2275802,256.270361
Percussion,-1,61,C#4,52,0.08021400000001222,256.2008422,256.2810562
Percussion,-1,92,G#6,44,0.07219260000005079,256.2275802,256.2997728
Percussion,-1,92,G#6,44,0.07219260000005079,256.2275802,256.2997728
Percussion,-1,62,D4,55,0.008021400000018275,256.3880082,256.3960296
Percussion,-1,64,E4,56,0.02673800000002302,256.3987034,256.4254414
Percussion,-1,70,A#4,73,0.04278080000000273,256.3880082,256.430789
Percussion,-1,56,G#3,97,0.06684500000000071,256.3746392,256.4414842
Percussion,-1,56,G#3,55,0.06684500000000071,256.3746392,256.4414842
Percussion,-1,35,B1,77,0.1042782000000102,256.3853344,256.4896126
Percussion,-1,64,E4,56,0.026737999999966178,256.5591314,256.5858694
Percussion,-1,56,G#3,77,0.04278080000000273,256.5484362,256.59121700000003
Percussion,-1,70,A#4,79,0.04812839999999596,256.5484362,256.5965646
Percussion,-1,92,G#6,44,0.05080219999996416,256.5484362,256.5992384
Percussion,-1,92,G#6,44,0.05080219999996416,256.5484362,256.5992384
Percussion,-1,63,D#4,88,0.1229947999999581,256.5484362,256.671431
Percussion,-1,92,G#6,44,0.002673799999968196,256.7061904,256.7088642
Percussion,-1,92,G#6,44,0.002673799999968196,256.7061904,256.7088642
Percussion,-1,62,D4,88,0.03743319999995265,256.7061904,256.7436236
Percussion,-1,62,D4,80,0.02406419999999798,256.7195594,256.7436236
Percussion,-1,70,A#4,78,0.04278080000000273,256.7061904,256.7489712
Percussion,-1,62,D4,56,0.02673800000002302,256.8799874,256.9067254
Percussion,-1,70,A#4,79,0.04278080000000273,256.8666184,256.9093992
Percussion,-1,63,D#4,127,0.05882360000003928,256.8666184,256.92544200000003
Percussion,-1,35,B1,77,0.0695187999999689,256.8692922,256.938811
Percussion,-1,64,E4,56,0.026737999999966178,257.04041540000003,257.0671534
Percussion,-1,70,A#4,81,0.04278080000000273,257.0270464,257.0698272
Percussion,-1,92,G#6,44,0.05080219999996416,257.0270464,257.0778486
Percussion,-1,92,G#6,44,0.05080219999996416,257.0270464,257.0778486
Percussion,-1,63,D#4,127,0.05080219999996416,257.0270464,257.0778486
Percussion,-1,56,G#3,55,0.09090919999999869,257.0029822,257.0938914
Percussion,-1,62,D4,55,0.03743320000000949,257.1874744,257.2249076
Percussion,-1,62,D4,56,0.02406419999999798,257.2008434,257.2249076
Percussion,-1,70,A#4,76,0.04812839999999596,257.1874744,257.2356028
Percussion,-1,56,G#3,75,0.050802200000021,257.1874744,257.2382766
Percussion,-1,92,G#6,44,0.061497400000007474,257.1874744,257.2489718
Percussion,-1,92,G#6,44,0.061497400000007474,257.1874744,257.2489718
Percussion,-1,70,A#4,54,0.029411799999991217,257.3479024,257.3773142
Percussion,-1,62,D4,44,0.03743320000000949,257.3479024,257.3853356
Percussion,-1,62,D4,56,0.02406419999999798,257.3612714,257.3853356
Percussion,-1,62,D4,127,0.03743320000000949,257.5083304,257.5457636
Percussion,-1,62,D4,80,0.02406419999999798,257.5216994,257.5457636
Percussion,-1,70,A#4,70,0.04278080000000273,257.5083304,257.5511112
Percussion,-1,61,C#4,52,0.08021400000001222,257.4815924,257.5618064
Percussion,-1,92,G#6,44,0.07219260000005079,257.5083304,257.580523
Percussion,-1,92,G#6,44,0.07219260000005079,257.5083304,257.580523
Percussion,-1,62,D4,55,0.008021400000018275,257.6687584,257.6767798
Percussion,-1,64,E4,56,0.026737999999966178,257.6821274,257.7088654
Percussion,-1,70,A#4,73,0.04278080000000273,257.6687584,257.7115392
Percussion,-1,56,G#3,97,0.06684500000000071,257.6553894,257.7222344
Percussion,-1,56,G#3,55,0.06684500000000071,257.6553894,257.7222344
Percussion,-1,35,B1,77,0.1042782000000102,257.6687584,257.7730366
Percussion,-1,64,E4,56,0.02673800000002302,257.8425554,257.8692934
Percussion,-1,66,F#4,120,0.04010699999997769,257.8291864,257.8692934
Percussion,-1,62,D4,120,0.04010699999997769,257.8291864,257.8692934
Percussion,-1,56,G#3,77,0.04278080000000273,257.8291864,257.87196720000003
Percussion,-1,70,A#4,79,0.04812839999999596,257.8291864,257.8773148
Percussion,-1,92,G#6,44,0.05080219999996416,257.8291864,257.8799886
Percussion,-1,92,G#6,44,0.05080219999996416,257.8291864,257.8799886
Percussion,-1,63,D#4,88,0.1229947999999581,257.8291864,257.9521812
Percussion,-1,62,D4,120,0.03743320000000949,257.9896144,258.0270476
Percussion,-1,62,D4,80,0.02406419999999798,258.0029834,258.0270476
Percussion,-1,66,F#4,120,0.04010700000003453,257.9896144,258.0297214
Percussion,-1,70,A#4,70,0.04278080000000273,257.9896144,258.0323952
Percussion,-1,63,D#4,88,0.050802200000021,257.9896144,258.0404166
Percussion,-1,92,G#6,44,0.07754019999998718,257.9896144,258.0671546
Percussion,-1,92,G#6,44,0.07754019999998718,257.9896144,258.0671546
Percussion,-1,62,D4,120,0.03743320000000949,258.1500424,258.1874756
Percussion,-1,62,D4,56,0.02406419999999798,258.16341140000003,258.1874756
Percussion,-1,66,F#4,120,0.04010699999997769,258.1500424,258.1901494
Percussion,-1,70,A#4,79,0.04812839999999596,258.1500424,258.1981708
Percussion,-1,64,E4,127,0.05614980000001424,258.1500424,258.20619220000003
Percussion,-1,35,B1,77,0.09358299999996689,258.1500424,258.2436254
Percussion,-1,64,E4,127,0.03743320000000949,258.3104704,258.3479036
Percussion,-1,64,E4,56,0.02406419999999798,258.3238394,258.3479036
Percussion,-1,62,D4,120,0.04010700000003453,258.3104704,258.3505774
Percussion,-1,49,C#3,120,0.04010700000003453,258.3104704,258.3505774
Percussion,-1,66,F#4,120,0.04010700000003453,258.3104704,258.3505774
Percussion,-1,35,B1,120,0.04010700000003453,258.3104704,258.3505774
Percussion,-1,70,A#4,77,0.04278080000000273,258.3104704,258.3532512
Percussion,-1,56,G#3,55,0.05882360000003928,258.315818,258.3746416
Percussion,-1,92,G#6,44,0.07219259999999394,258.3104704,258.382663
Percussion,-1,92,G#6,44,0.07219259999999394,258.3104704,258.382663
Percussion,-1,66,F#4,120,0.04010700000003453,259.1126104,259.15271740000003
Percussion,-1,62,D4,120,0.04010700000003453,259.1126104,259.15271740000003
Percussion,-1,65,F4,120,0.04010699999997769,259.2730384,259.3131454
Percussion,-1,62,D4,120,0.04010699999997769,259.2730384,259.3131454
Percussion,-1,66,F#4,120,0.04010700000003453,259.4334664,259.4735734
Percussion,-1,62,D4,120,0.04010700000003453,259.4334664,259.4735734
Percussion,-1,62,D4,55,0.03743320000000949,259.7543224,259.7917556
Percussion,-1,62,D4,56,0.02406419999999798,259.7676914,259.7917556
Percussion,-1,70,A#4,76,0.04812840000005281,259.7543224,259.80245080000003
Percussion,-1,56,G#3,75,0.05347600000004604,259.7543224,259.8077984
Percussion,-1,92,G#6,44,0.061497400000007474,259.7543224,259.8158198
Percussion,-1,92,G#6,44,0.061497400000007474,259.7543224,259.8158198
Percussion,-1,70,A#4,54,0.029411799999991217,259.9147504,259.9441622
Percussion,-1,62,D4,44,0.03743320000000949,259.9147504,259.9521836
Percussion,-1,62,D4,56,0.02406419999999798,259.9281194,259.9521836
Percussion,-1,62,D4,127,0.03743319999995265,260.0751784,260.1126116
Percussion,-1,62,D4,80,0.02406419999999798,260.0885474,260.1126116
Percussion,-1,70,A#4,70,0.04278080000000273,260.0751784,260.11795920000003
Percussion,-1,61,C#4,52,0.08021400000001222,260.0484404,260.1286544
Percussion,-1,92,G#6,44,0.07219259999999394,260.0751784,260.147371
Percussion,-1,92,G#6,44,0.07219259999999394,260.0751784,260.147371
Percussion,-1,62,D4,55,0.008021400000018275,260.2356064,260.2436278
Percussion,-1,64,E4,56,0.02673800000002302,260.2489754,260.27571340000003
Percussion,-1,70,A#4,73,0.04278080000000273,260.2356064,260.2783872
Percussion,-1,56,G#3,97,0.06684500000000071,260.2222374,260.2890824
Percussion,-1,56,G#3,55,0.06684500000000071,260.2222374,260.2890824
Percussion,-1,35,B1,77,0.1042782000000102,260.2356064,260.3398846
Percussion,-1,64,E4,56,0.026737999999966178,260.40940340000003,260.4361414
Percussion,-1,56,G#3,77,0.04278080000000273,260.3960344,260.4388152
Percussion,-1,70,A#4,79,0.04812839999999596,260.3960344,260.4441628
Percussion,-1,92,G#6,44,0.05080219999996416,260.3960344,260.4468366
Percussion,-1,92,G#6,44,0.05080219999996416,260.3960344,260.4468366
Percussion,-1,63,D#4,88,0.1229947999999581,260.3960344,260.5190292
Percussion,-1,62,D4,80,0.02673800000002302,260.5698314,260.5965694
Percussion,-1,70,A#4,70,0.04278080000000273,260.5564624,260.5992432
Percussion,-1,63,D#4,88,0.050802200000021,260.5564624,260.6072646
Percussion,-1,92,G#6,44,0.07754020000004402,260.5564624,260.63400260000003
Percussion,-1,92,G#6,44,0.07754020000004402,260.5564624,260.63400260000003
Percussion,-1,62,D4,56,0.026737999999966178,260.7302594,260.7569974
Percussion,-1,70,A#4,79,0.04812839999999596,260.7168904,260.7650188
Percussion,-1,64,E4,127,0.05614980000001424,260.7168904,260.7730402
Percussion,-1,35,B1,77,0.09358299999996689,260.7168904,260.8104734
Percussion,-1,64,E4,127,0.03743320000000949,260.8773184,260.9147516
Percussion,-1,64,E4,56,0.02406419999999798,260.8906874,260.9147516
Percussion,-1,70,A#4,77,0.04278080000000273,260.8773184,260.9200992
Percussion,-1,56,G#3,55,0.058823599999982434,260.88266600000003,260.9414896
Percussion,-1,92,G#6,44,0.07219260000005079,260.8773184,260.94951100000003
Percussion,-1,92,G#6,44,0.07219260000005079,260.8773184,260.94951100000003
Percussion,-1,62,D4,55,0.03743320000000949,261.0377464,261.0751796
Percussion,-1,62,D4,56,0.02406419999999798,261.0511154,261.0751796
Percussion,-1,70,A#4,80,0.04812839999999596,261.0377464,261.0858748
Percussion,-1,56,G#3,72,0.04812839999999596,261.0377464,261.0858748
Percussion,-1,62,D4,55,0.03743319999995265,261.1981744,261.2356076
Percussion,-1,62,D4,56,0.02406419999999798,261.2115434,261.2356076
Percussion,-1,70,A#4,73,0.04278080000000273,261.1981744,261.24095520000003
Percussion,-1,92,G#6,44,0.04812839999999596,261.1981744,261.2463028
Percussion,-1,92,G#6,44,0.04812839999999596,261.1981744,261.2463028
Percussion,-1,62,D4,127,0.03743320000000949,261.3586024,261.3960356
Percussion,-1,62,D4,80,0.02406419999999798,261.3719714,261.3960356
Percussion,-1,70,A#4,78,0.04278080000000273,261.3586024,261.4013832
Percussion,-1,61,C#4,54,0.08021400000001222,261.3345382,261.4147522
Percussion,-1,92,G#6,44,0.058823599999982434,261.3586024,261.417426
Percussion,-1,92,G#6,44,0.058823599999982434,261.3586024,261.417426
Percussion,-1,64,E4,127,0.03743320000000949,261.5190304,261.55646360000003
Percussion,-1,64,E4,56,0.02406419999999798,261.53239940000003,261.55646360000003
Percussion,-1,70,A#4,82,0.04278080000000273,261.5190304,261.5618112
Percussion,-1,56,G#3,55,0.06149739999995063,261.5136828,261.5751802
Percussion,-1,92,G#6,44,0.07486639999996214,261.5190304,261.5938968
Percussion,-1,92,G#6,44,0.07486639999996214,261.5190304,261.5938968
Percussion,-1,35,B1,77,0.11764719999996487,261.5190304,261.6366776
Percussion,-1,64,E4,127,0.03743320000000949,261.6794584,261.7168916
Percussion,-1,64,E4,56,0.02406419999999798,261.6928274,261.7168916
Percussion,-1,56,G#3,78,0.04278080000000273,261.6794584,261.7222392
Percussion,-1,70,A#4,79,0.04545460000002777,261.6794584,261.724913
Percussion,-1,62,D4,88,0.03743320000000949,261.8398864,261.8773196
Percussion,-1,62,D4,80,0.02406419999999798,261.8532554,261.8773196
Percussion,-1,70,A#4,78,0.04278080000000273,261.8398864,261.8826672
Percussion,-1,92,G#6,44,0.06417119999997567,261.8398864,261.9040576
Percussion,-1,92,G#6,44,0.06417119999997567,261.8398864,261.9040576
Percussion,-1,62,D4,56,0.02673800000002302,262.0136834,262.0404214
Percussion,-1,70,A#4,79,0.04278080000000273,262.0003144,262.0430952
Percussion,-1,63,D#4,127,0.05882360000003928,262.0003144,262.059138
Percussion,-1,35,B1,77,0.06951880000002575,262.0029882,262.07250700000003
Percussion,-1,64,E4,56,0.026737999999966178,262.1741114,262.2008494
Percussion,-1,56,G#3,55,0.06684500000000071,262.1366782,262.2035232
Percussion,-1,70,A#4,81,0.04278080000000273,262.1607424,262.2035232
Percussion,-1,92,G#6,44,0.050802200000021,262.1607424,262.2115446
Percussion,-1,92,G#6,44,0.050802200000021,262.1607424,262.2115446
Percussion,-1,63,D#4,127,0.050802200000021,262.1607424,262.2115446
Percussion,-1,62,D4,55,0.03743319999995265,262.3211704,262.3586036
Percussion,-1,62,D4,56,0.02406419999999798,262.3345394,262.3586036
Percussion,-1,70,A#4,76,0.04812839999999596,262.3211704,262.3692988
Percussion,-1,56,G#3,75,0.05080219999996416,262.3211704,262.3719726
Percussion,-1,92,G#6,44,0.06149739999995063,262.3211704,262.3826678
Percussion,-1,92,G#6,44,0.06149739999995063,262.3211704,262.3826678
Percussion,-1,70,A#4,54,0.029411799999991217,262.4815984,262.5110102
Percussion,-1,62,D4,44,0.03743320000000949,262.4815984,262.5190316
Percussion,-1,62,D4,56,0.02406419999999798,262.4949674,262.5190316
Percussion,-1,62,D4,127,0.03743320000000949,262.6420264,262.67945960000003
Percussion,-1,62,D4,80,0.02406419999999798,262.65539540000003,262.67945960000003
Percussion,-1,70,A#4,70,0.04278080000000273,262.6420264,262.6848072
Percussion,-1,61,C#4,52,0.08021400000001222,262.6152884,262.6955024
Percussion,-1,92,G#6,44,0.07219259999999394,262.6420264,262.714219
Percussion,-1,92,G#6,44,0.07219259999999394,262.6420264,262.714219
Percussion,-1,62,D4,55,0.008021400000018275,262.8024544,262.8104758
Percussion,-1,64,E4,56,0.02673800000002302,262.8158234,262.8425614
Percussion,-1,70,A#4,73,0.04278080000000273,262.8024544,262.8452352
Percussion,-1,56,G#3,97,0.06684499999994387,262.78908540000003,262.8559304
Percussion,-1,56,G#3,55,0.06684499999994387,262.78908540000003,262.8559304
Percussion,-1,35,B1,77,0.1042782000000102,262.8024544,262.9067326
Percussion,-1,64,E4,56,0.026737999999966178,262.9762514,263.0029894
Percussion,-1,56,G#3,77,0.04278080000000273,262.9628824,263.0056632
Percussion,-1,70,A#4,79,0.04812839999999596,262.9628824,263.0110108
Percussion,-1,92,G#6,44,0.05080219999996416,262.9628824,263.0136846
Percussion,-1,92,G#6,44,0.05080219999996416,262.9628824,263.0136846
Percussion,-1,63,D#4,88,0.12299480000001495,262.9628824,263.0858772
Percussion,-1,62,D4,80,0.02673800000002302,263.1366794,263.1634174
Percussion,-1,70,A#4,70,0.04278080000000273,263.1233104,263.1660912
Percussion,-1,63,D#4,88,0.050802200000021,263.1233104,263.1741126
Percussion,-1,92,G#6,44,0.07754020000004402,263.1233104,263.2008506
Percussion,-1,92,G#6,44,0.07754020000004402,263.1233104,263.2008506
Percussion,-1,62,D4,56,0.026737999999966178,263.2971074,263.3238454
Percussion,-1,70,A#4,79,0.04812839999999596,263.2837384,263.3318668
Percussion,-1,64,E4,127,0.05614980000001424,263.2837384,263.3398882
Percussion,-1,35,B1,77,0.09358300000002373,263.2837384,263.3773214
Percussion,-1,64,E4,127,0.03743319999995265,263.44416640000003,263.4815996
Percussion,-1,64,E4,56,0.02406419999999798,263.4575354,263.4815996
Percussion,-1,70,A#4,77,0.04278080000000273,263.44416640000003,263.48694720000003
Percussion,-1,56,G#3,55,0.058823599999982434,263.449514,263.5083376
Percussion,-1,92,G#6,44,0.07219259999999394,263.44416640000003,263.516359
Percussion,-1,92,G#6,44,0.07219259999999394,263.44416640000003,263.516359
Percussion,-1,62,D4,55,0.03743320000000949,263.6045944,263.6420276
Percussion,-1,62,D4,56,0.02406419999999798,263.6179634,263.6420276
Percussion,-1,70,A#4,80,0.04812839999999596,263.6045944,263.6527228
Percussion,-1,56,G#3,72,0.04812839999999596,263.6045944,263.6527228
Percussion,-1,62,D4,55,0.03743320000000949,263.7650224,263.80245560000003
Percussion,-1,62,D4,56,0.02406419999999798,263.77839140000003,263.80245560000003
Percussion,-1,70,A#4,73,0.04278080000000273,263.7650224,263.8078032
Percussion,-1,92,G#6,44,0.04812839999999596,263.7650224,263.8131508
Percussion,-1,92,G#6,44,0.04812839999999596,263.7650224,263.8131508
Percussion,-1,62,D4,127,0.03743320000000949,263.9254504,263.9628836
Percussion,-1,62,D4,80,0.02406419999999798,263.9388194,263.9628836
Percussion,-1,70,A#4,78,0.04278080000000273,263.9254504,263.9682312
Percussion,-1,61,C#4,54,0.08021400000001222,263.9013862,263.9816002
Percussion,-1,92,G#6,44,0.05882360000003928,263.9254504,263.984274
Percussion,-1,92,G#6,44,0.05882360000003928,263.9254504,263.984274
Percussion,-1,64,E4,127,0.03743320000000949,264.0858784,264.1233116
Percussion,-1,64,E4,56,0.02406419999999798,264.0992474,264.1233116
Percussion,-1,70,A#4,82,0.04278080000000273,264.0858784,264.1286592
Percussion,-1,56,G#3,55,0.061497400000007474,264.0805308,264.1420282
Percussion,-1,92,G#6,44,0.07486640000001898,264.0858784,264.16074480000003
Percussion,-1,92,G#6,44,0.07486640000001898,264.0858784,264.16074480000003
Percussion,-1,35,B1,77,0.11764719999996487,264.0858784,264.2035256
Percussion,-1,64,E4,127,0.03743320000000949,264.2463064,264.2837396
Percussion,-1,64,E4,56,0.02406419999999798,264.2596754,264.2837396
Percussion,-1,56,G#3,78,0.04278080000000273,264.2463064,264.2890872
Percussion,-1,70,A#4,79,0.04545460000002777,264.2463064,264.291761
Percussion,-1,62,D4,88,0.03743320000000949,264.4067344,264.4441676
Percussion,-1,62,D4,80,0.02406419999999798,264.4201034,264.4441676
Percussion,-1,70,A#4,78,0.04278080000000273,264.4067344,264.4495152
Percussion,-1,92,G#6,44,0.06417119999997567,264.4067344,264.4709056
Percussion,-1,92,G#6,44,0.06417119999997567,264.4067344,264.4709056
Percussion,-1,62,D4,56,0.02673800000002302,264.5805314,264.6072694
Percussion,-1,70,A#4,79,0.04278080000000273,264.56716240000003,264.60994320000003
Percussion,-1,63,D#4,127,0.058823599999982434,264.56716240000003,264.625986
Percussion,-1,35,B1,77,0.06951880000002575,264.5698362,264.639355
Percussion,-1,64,E4,56,0.02673800000002302,264.7409594,264.76769740000003
Percussion,-1,56,G#3,55,0.06684500000000071,264.7035262,264.7703712
Percussion,-1,70,A#4,81,0.04278080000000273,264.7275904,264.7703712
Percussion,-1,92,G#6,44,0.050802200000021,264.7275904,264.7783926
Percussion,-1,92,G#6,44,0.050802200000021,264.7275904,264.7783926
Percussion,-1,63,D#4,127,0.050802200000021,264.7275904,264.7783926
Percussion,-1,62,D4,55,0.03743320000000949,264.8880184,264.92545160000003
Percussion,-1,62,D4,56,0.02406419999999798,264.90138740000003,264.92545160000003
Percussion,-1,70,A#4,76,0.04812839999999596,264.8880184,264.9361468
Percussion,-1,56,G#3,75,0.05080219999996416,264.8880184,264.9388206
Percussion,-1,92,G#6,44,0.061497400000007474,264.8880184,264.94951580000003
Percussion,-1,92,G#6,44,0.061497400000007474,264.8880184,264.94951580000003
Percussion,-1,70,A#4,54,0.029411799999991217,265.0484464,265.0778582
Percussion,-1,62,D4,44,0.03743320000000949,265.0484464,265.0858796
Percussion,-1,62,D4,56,0.02406419999999798,265.0618154,265.0858796
Percussion,-1,62,D4,127,0.03743320000000949,265.2088744,265.2463076
Percussion,-1,62,D4,80,0.02406419999999798,265.2222434,265.2463076
Percussion,-1,70,A#4,70,0.04278080000000273,265.2088744,265.2516552
Percussion,-1,61,C#4,52,0.08021400000001222,265.1821364,265.2623504
Percussion,-1,92,G#6,44,0.07219259999999394,265.2088744,265.281067
Percussion,-1,92,G#6,44,0.07219259999999394,265.2088744,265.281067
Percussion,-1,62,D4,55,0.008021400000018275,265.3693024,265.3773238
Percussion,-1,64,E4,56,0.02673800000002302,265.3826714,265.4094094
Percussion,-1,70,A#4,73,0.04278080000000273,265.3693024,265.4120832
Percussion,-1,56,G#3,97,0.06684500000000071,265.3559334,265.4227784
Percussion,-1,56,G#3,55,0.06684500000000071,265.3559334,265.4227784
Percussion,-1,35,B1,77,0.1042782000000102,265.3693024,265.4735806
Percussion,-1,64,E4,56,0.026737999999966178,265.5430994,265.5698374
Percussion,-1,56,G#3,77,0.04278080000000273,265.5297304,265.5725112
Percussion,-1,70,A#4,79,0.04812839999999596,265.5297304,265.5778588
Percussion,-1,92,G#6,44,0.050802200000021,265.5297304,265.5805326
Percussion,-1,92,G#6,44,0.050802200000021,265.5297304,265.5805326
Percussion,-1,63,D#4,88,0.12299480000001495,265.5297304,265.6527252
Percussion,-1,62,D4,80,0.02673800000002302,265.7035274,265.7302654
Percussion,-1,70,A#4,70,0.04278080000000273,265.69015840000003,265.73293920000003
Percussion,-1,63,D#4,88,0.05080219999996416,265.69015840000003,265.7409606
Percussion,-1,92,G#6,44,0.07754019999998718,265.69015840000003,265.7676986
Percussion,-1,92,G#6,44,0.07754019999998718,265.69015840000003,265.7676986
Percussion,-1,62,D4,56,0.02673800000002302,265.8639554,265.89069340000003
Percussion,-1,70,A#4,79,0.04812839999999596,265.8505864,265.8987148
Percussion,-1,64,E4,127,0.05614980000001424,265.8505864,265.9067362
Percussion,-1,35,B1,77,0.09358300000002373,265.8505864,265.9441694
Percussion,-1,64,E4,127,0.03743320000000949,266.0110144,266.04844760000003
Percussion,-1,64,E4,56,0.024064200000054825,266.0243834,266.04844760000003
Percussion,-1,70,A#4,77,0.04278080000000273,266.0110144,266.0537952
Percussion,-1,56,G#3,55,0.058823599999982434,266.016362,266.0751856
Percussion,-1,92,G#6,44,0.07219259999999394,266.0110144,266.083207
Percussion,-1,92,G#6,44,0.07219259999999394,266.0110144,266.083207
Percussion,-1,62,D4,55,0.03743320000000949,266.1714424,266.2088756
Percussion,-1,62,D4,56,0.02406419999999798,266.1848114,266.2088756
Percussion,-1,70,A#4,80,0.04812839999999596,266.1714424,266.2195708
Percussion,-1,56,G#3,72,0.04812839999999596,266.1714424,266.2195708
Percussion,-1,62,D4,55,0.03743320000000949,266.3318704,266.3693036
Percussion,-1,62,D4,56,0.02406419999999798,266.3452394,266.3693036
Percussion,-1,70,A#4,73,0.04278080000000273,266.3318704,266.3746512
Percussion,-1,92,G#6,44,0.04812839999999596,266.3318704,266.3799988
Percussion,-1,92,G#6,44,0.04812839999999596,266.3318704,266.3799988
Percussion,-1,62,D4,127,0.03743320000000949,266.4922984,266.5297316
Percussion,-1,62,D4,80,0.02406419999999798,266.5056674,266.5297316
Percussion,-1,70,A#4,78,0.04278080000000273,266.4922984,266.5350792
Percussion,-1,61,C#4,54,0.08021400000001222,266.4682342,266.5484482
Percussion,-1,92,G#6,44,0.05882360000003928,266.4922984,266.551122
Percussion,-1,92,G#6,44,0.05882360000003928,266.4922984,266.551122
Percussion,-1,64,E4,127,0.03743320000000949,266.6527264,266.6901596
Percussion,-1,64,E4,56,0.02406419999999798,266.6660954,266.6901596
Percussion,-1,70,A#4,82,0.04278080000000273,266.6527264,266.6955072
Percussion,-1,56,G#3,55,0.061497400000007474,266.6473788,266.7088762
Percussion,-1,92,G#6,44,0.07486640000001898,266.6527264,266.7275928
Percussion,-1,92,G#6,44,0.07486640000001898,266.6527264,266.7275928
Percussion,-1,35,B1,77,0.11764720000002171,266.6527264,266.7703736
Percussion,-1,64,E4,127,0.03743319999995265,266.81315440000003,266.8505876
Percussion,-1,64,E4,56,0.02406419999999798,266.8265234,266.8505876
Percussion,-1,56,G#3,78,0.04278080000000273,266.81315440000003,266.85593520000003
Percussion,-1,70,A#4,79,0.045454599999970924,266.81315440000003,266.858609
Percussion,-1,62,D4,88,0.03743320000000949,266.9735824,267.0110156
Percussion,-1,62,D4,80,0.02406419999999798,266.9869514,267.0110156
Percussion,-1,70,A#4,78,0.04278080000000273,266.9735824,267.0163632
Percussion,-1,92,G#6,44,0.06417120000003251,266.9735824,267.03775360000003
Percussion,-1,92,G#6,44,0.06417120000003251,266.9735824,267.03775360000003
Percussion,-1,62,D4,56,0.02673800000002302,267.1473794,267.1741174
Percussion,-1,70,A#4,79,0.04278080000000273,267.1340104,267.1767912
Percussion,-1,63,D#4,127,0.058823599999982434,267.1340104,267.192834
Percussion,-1,35,B1,77,0.06951880000002575,267.1366842,267.206203
Percussion,-1,64,E4,56,0.02673800000002302,267.3078074,267.3345454
Percussion,-1,56,G#3,55,0.06684500000000071,267.2703742,267.3372192
Percussion,-1,70,A#4,81,0.04278080000000273,267.2944384,267.3372192
Percussion,-1,92,G#6,44,0.050802200000021,267.2944384,267.3452406
Percussion,-1,92,G#6,44,0.050802200000021,267.2944384,267.3452406
Percussion,-1,63,D#4,127,0.050802200000021,267.2944384,267.3452406
Percussion,-1,62,D4,55,0.03743320000000949,267.4548664,267.4922996
Percussion,-1,62,D4,56,0.02406419999999798,267.4682354,267.4922996
Percussion,-1,70,A#4,76,0.04812839999999596,267.4548664,267.5029948
Percussion,-1,56,G#3,75,0.05080219999996416,267.4548664,267.5056686
Percussion,-1,92,G#6,44,0.061497400000007474,267.4548664,267.5163638
Percussion,-1,92,G#6,44,0.061497400000007474,267.4548664,267.5163638
Percussion,-1,70,A#4,54,0.02941180000004806,267.6152944,267.64470620000003
Percussion,-1,62,D4,44,0.03743320000000949,267.6152944,267.6527276
Percussion,-1,62,D4,56,0.02406419999999798,267.6286634,267.6527276
Percussion,-1,62,D4,127,0.03743320000000949,267.7757224,267.8131556
Percussion,-1,62,D4,80,0.02406419999999798,267.7890914,267.8131556
Percussion,-1,70,A#4,70,0.04278080000000273,267.7757224,267.8185032
Percussion,-1,61,C#4,52,0.08021400000001222,267.7489844,267.8291984
Percussion,-1,92,G#6,44,0.07219259999999394,267.7757224,267.847915
Percussion,-1,92,G#6,44,0.07219259999999394,267.7757224,267.847915
Percussion,-1,62,D4,55,0.008021399999961432,267.93615040000003,267.9441718
Percussion,-1,64,E4,56,0.02673800000002302,267.9495194,267.9762574
Percussion,-1,70,A#4,73,0.042780799999945884,267.93615040000003,267.9789312
Percussion,-1,56,G#3,97,0.06684500000000071,267.9227814,267.9896264
Percussion,-1,56,G#3,55,0.06684500000000071,267.9227814,267.9896264
Percussion,-1,35,B1,77,0.10427819999995336,267.93615040000003,268.0404286
Percussion,-1,64,E4,56,0.02673800000002302,268.1099474,268.13668540000003
Percussion,-1,56,G#3,77,0.04278080000000273,268.0965784,268.1393592
Percussion,-1,70,A#4,79,0.04812839999999596,268.0965784,268.1447068
Percussion,-1,92,G#6,44,0.050802200000021,268.0965784,268.1473806
Percussion,-1,92,G#6,44,0.050802200000021,268.0965784,268.1473806
Percussion,-1,63,D#4,88,0.12299480000001495,268.0965784,268.2195732
Percussion,-1,62,D4,80,0.02673800000002302,268.2703754,268.2971134
Percussion,-1,70,A#4,70,0.04278080000000273,268.2570064,268.2997872
Percussion,-1,63,D#4,88,0.05080219999996416,268.2570064,268.3078086
Percussion,-1,92,G#6,44,0.07754019999998718,268.2570064,268.3345466
Percussion,-1,92,G#6,44,0.07754019999998718,268.2570064,268.3345466
Percussion,-1,62,D4,56,0.02673800000002302,268.4308034,268.4575414
Percussion,-1,70,A#4,79,0.04812839999999596,268.4174344,268.4655628
Percussion,-1,64,E4,127,0.05614980000001424,268.4174344,268.4735842
Percussion,-1,35,B1,77,0.09358300000002373,268.4174344,268.5110174
Percussion,-1,64,E4,127,0.03743320000000949,268.5778624,268.6152956
Percussion,-1,64,E4,56,0.02406419999999798,268.5912314,268.6152956
Percussion,-1,70,A#4,77,0.04278080000000273,268.5778624,268.6206432
Percussion,-1,56,G#3,55,0.058823599999982434,268.58321,268.6420336
Percussion,-1,92,G#6,44,0.07219259999999394,268.5778624,268.650055
Percussion,-1,92,G#6,44,0.07219259999999394,268.5778624,268.650055
Percussion,-1,62,D4,55,0.03743320000000949,268.7382904,268.7757236
Percussion,-1,62,D4,56,0.02406419999999798,268.7516594,268.7757236
Percussion,-1,70,A#4,80,0.04812839999999596,268.7382904,268.7864188
Percussion,-1,56,G#3,72,0.04812839999999596,268.7382904,268.7864188
Percussion,-1,62,D4,55,0.03743320000000949,268.8987184,268.9361516
Percussion,-1,62,D4,56,0.02406419999999798,268.9120874,268.9361516
Percussion,-1,70,A#4,73,0.04278080000000273,268.8987184,268.9414992
Percussion,-1,92,G#6,44,0.04812839999999596,268.8987184,268.9468468
Percussion,-1,92,G#6,44,0.04812839999999596,268.8987184,268.9468468
Percussion,-1,62,D4,127,0.03743319999995265,269.05914640000003,269.0965796
Percussion,-1,62,D4,80,0.02406419999999798,269.0725154,269.0965796
Percussion,-1,70,A#4,78,0.042780799999945884,269.05914640000003,269.1019272
Percussion,-1,61,C#4,54,0.08021400000001222,269.0350822,269.1152962
Percussion,-1,92,G#6,44,0.058823599999982434,269.05914640000003,269.11797
Percussion,-1,92,G#6,44,0.058823599999982434,269.05914640000003,269.11797
Percussion,-1,64,E4,127,0.03743320000000949,269.2195744,269.2570076
Percussion,-1,64,E4,56,0.02406419999999798,269.2329434,269.2570076
Percussion,-1,70,A#4,82,0.04278080000000273,269.2195744,269.2623552
Percussion,-1,56,G#3,55,0.061497400000007474,269.2142268,269.2757242
Percussion,-1,92,G#6,44,0.07486640000001898,269.2195744,269.2944408
Percussion,-1,92,G#6,44,0.07486640000001898,269.2195744,269.2944408
Percussion,-1,35,B1,77,0.11764720000002171,269.2195744,269.3372216
Percussion,-1,64,E4,127,0.03743320000000949,269.3800024,269.41743560000003
Percussion,-1,64,E4,56,0.024064200000054825,269.3933714,269.41743560000003
Percussion,-1,56,G#3,78,0.04278080000000273,269.3800024,269.4227832
Percussion,-1,70,A#4,79,0.045454599999970924,269.3800024,269.425457
Percussion,-1,62,D4,88,0.03743320000000949,269.5404304,269.5778636
Percussion,-1,62,D4,80,0.02406419999999798,269.5537994,269.5778636
Percussion,-1,70,A#4,78,0.04278080000000273,269.5404304,269.5832112
Percussion,-1,92,G#6,44,0.06417120000003251,269.5404304,269.6046016
Percussion,-1,92,G#6,44,0.06417120000003251,269.5404304,269.6046016
Percussion,-1,62,D4,56,0.026737999999966178,269.7142274,269.7409654
Percussion,-1,70,A#4,79,0.04278080000000273,269.7008584,269.7436392
Percussion,-1,63,D#4,127,0.058823599999982434,269.7008584,269.759682
Percussion,-1,35,B1,77,0.06951880000002575,269.7035322,269.773051
Percussion,-1,64,E4,56,0.02673800000002302,269.8746554,269.9013934
Percussion,-1,56,G#3,55,0.06684500000000071,269.8372222,269.9040672
Percussion,-1,70,A#4,81,0.04278080000000273,269.8612864,269.9040672
Percussion,-1,92,G#6,44,0.050802200000021,269.8612864,269.9120886
Percussion,-1,92,G#6,44,0.050802200000021,269.8612864,269.9120886
Percussion,-1,63,D#4,127,0.050802200000021,269.8612864,269.9120886
Percussion,-1,62,D4,55,0.03743320000000949,270.0217144,270.0591476
Percussion,-1,62,D4,56,0.02406419999999798,270.0350834,270.0591476
Percussion,-1,70,A#4,76,0.04812839999999596,270.0217144,270.0698428
Percussion,-1,56,G#3,75,0.050802200000021,270.0217144,270.07251660000003
Percussion,-1,92,G#6,44,0.061497400000007474,270.0217144,270.0832118
Percussion,-1,92,G#6,44,0.061497400000007474,270.0217144,270.0832118
Percussion,-1,70,A#4,54,0.029411799999991217,270.18214240000003,270.2115542
Percussion,-1,62,D4,44,0.03743319999995265,270.18214240000003,270.2195756
Percussion,-1,62,D4,56,0.02406419999999798,270.1955114,270.2195756
Percussion,-1,62,D4,127,0.03743320000000949,270.3425704,270.3800036
Percussion,-1,62,D4,80,0.02406419999999798,270.3559394,270.3800036
Percussion,-1,70,A#4,70,0.04278080000000273,270.3425704,270.3853512
Percussion,-1,61,C#4,52,0.08021400000001222,270.3158324,270.3960464
Percussion,-1,92,G#6,44,0.07219259999999394,270.3425704,270.414763
Percussion,-1,92,G#6,44,0.07219259999999394,270.3425704,270.414763
Percussion,-1,62,D4,55,0.008021399999961432,270.5029984,270.5110198
Percussion,-1,64,E4,56,0.02673800000002302,270.5163674,270.5431054
Percussion,-1,70,A#4,73,0.04278080000000273,270.5029984,270.5457792
Percussion,-1,56,G#3,97,0.06684500000000071,270.4896294,270.5564744
Percussion,-1,56,G#3,55,0.06684500000000071,270.4896294,270.5564744
Percussion,-1,35,B1,77,0.10427819999995336,270.5029984,270.6072766
Percussion,-1,64,E4,56,0.02673800000002302,270.6767954,270.7035334
Percussion,-1,56,G#3,77,0.04278080000000273,270.6634264,270.7062072
Percussion,-1,70,A#4,79,0.04812839999999596,270.6634264,270.7115548
Percussion,-1,92,G#6,44,0.050802200000021,270.6634264,270.7142286
Percussion,-1,92,G#6,44,0.050802200000021,270.6634264,270.7142286
Percussion,-1,63,D#4,88,0.12299480000001495,270.6634264,270.7864212
Percussion,-1,62,D4,80,0.026737999999966178,270.8372234,270.8639614
Percussion,-1,70,A#4,70,0.04278080000000273,270.8238544,270.8666352
Percussion,-1,63,D#4,88,0.05080219999996416,270.8238544,270.8746566
Percussion,-1,92,G#6,44,0.07754019999998718,270.8238544,270.9013946
Percussion,-1,92,G#6,44,0.07754019999998718,270.8238544,270.9013946
Percussion,-1,62,D4,56,0.02673800000002302,270.9976514,271.0243894
Percussion,-1,70,A#4,79,0.04812839999999596,270.9842824,271.0324108
Percussion,-1,64,E4,127,0.05614980000001424,270.9842824,271.0404322
Percussion,-1,35,B1,77,0.09358300000002373,270.9842824,271.0778654
Percussion,-1,64,E4,127,0.03743320000000949,271.1447104,271.1821436
Percussion,-1,64,E4,56,0.02406419999999798,271.1580794,271.1821436
Percussion,-1,70,A#4,77,0.04278080000000273,271.1447104,271.1874912
Percussion,-1,56,G#3,55,0.058823599999982434,271.150058,271.2088816
Percussion,-1,92,G#6,44,0.07219259999999394,271.1447104,271.216903
Percussion,-1,92,G#6,44,0.07219259999999394,271.1447104,271.216903
Percussion,-1,62,D4,55,0.03743319999995265,271.30513840000003,271.3425716
Percussion,-1,62,D4,56,0.02406419999999798,271.3185074,271.3425716
Percussion,-1,70,A#4,80,0.04812839999999596,271.30513840000003,271.35326680000003
Percussion,-1,56,G#3,72,0.04812839999999596,271.30513840000003,271.35326680000003
Percussion,-1,62,D4,55,0.03743320000000949,271.4655664,271.5029996
Percussion,-1,62,D4,56,0.02406419999999798,271.4789354,271.5029996
Percussion,-1,70,A#4,73,0.04278080000000273,271.4655664,271.5083472
Percussion,-1,92,G#6,44,0.04812839999999596,271.4655664,271.5136948
Percussion,-1,92,G#6,44,0.04812839999999596,271.4655664,271.5136948
Percussion,-1,62,D4,127,0.03743319999995265,271.6259944,271.6634276
Percussion,-1,62,D4,80,0.02406419999999798,271.6393634,271.6634276
Percussion,-1,70,A#4,78,0.04278080000000273,271.6259944,271.6687752
Percussion,-1,61,C#4,54,0.08021399999995538,271.6019302,271.6821442
Percussion,-1,92,G#6,44,0.058823599999982434,271.6259944,271.684818
Percussion,-1,92,G#6,44,0.058823599999982434,271.6259944,271.684818
Percussion,-1,64,E4,127,0.03743320000000949,271.7864224,271.8238556
Percussion,-1,64,E4,56,0.02406419999999798,271.7997914,271.8238556
Percussion,-1,70,A#4,82,0.04278080000000273,271.7864224,271.8292032
Percussion,-1,56,G#3,55,0.061497400000007474,271.7810748,271.8425722
Percussion,-1,92,G#6,44,0.07486640000001898,271.7864224,271.8612888
Percussion,-1,92,G#6,44,0.07486640000001898,271.7864224,271.8612888
Percussion,-1,35,B1,77,0.11764720000002171,271.7864224,271.9040696
Percussion,-1,64,E4,127,0.03743320000000949,271.9468504,271.9842836
Percussion,-1,64,E4,56,0.02406419999999798,271.9602194,271.9842836
Percussion,-1,56,G#3,78,0.04278080000000273,271.9468504,271.9896312
Percussion,-1,70,A#4,79,0.045454599999970924,271.9468504,271.992305
Percussion,-1,62,D4,88,0.03743320000000949,272.1072784,272.1447116
Percussion,-1,62,D4,80,0.02406419999999798,272.1206474,272.1447116
Percussion,-1,70,A#4,78,0.04278080000000273,272.1072784,272.1500592
Percussion,-1,92,G#6,44,0.06417120000003251,272.1072784,272.1714496
Percussion,-1,92,G#6,44,0.06417120000003251,272.1072784,272.1714496
Percussion,-1,62,D4,56,0.026737999999966178,272.2810754,272.3078134
Percussion,-1,70,A#4,79,0.04278080000000273,272.2677064,272.3104872
Percussion,-1,63,D#4,127,0.058823599999982434,272.2677064,272.32653
Percussion,-1,35,B1,77,0.06951880000002575,272.2703802,272.339899
Percussion,-1,64,E4,56,0.02673800000002302,272.4415034,272.4682414
Percussion,-1,56,G#3,55,0.06684500000000071,272.4040702,272.4709152
Percussion,-1,70,A#4,81,0.042780799999945884,272.42813440000003,272.4709152
Percussion,-1,92,G#6,44,0.05080219999996416,272.42813440000003,272.4789366
Percussion,-1,92,G#6,44,0.05080219999996416,272.42813440000003,272.4789366
Percussion,-1,63,D#4,127,0.05080219999996416,272.42813440000003,272.4789366
Percussion,-1,62,D4,55,0.03743320000000949,272.5885624,272.6259956
Percussion,-1,62,D4,56,0.02406419999999798,272.6019314,272.6259956
Percussion,-1,70,A#4,76,0.04812839999999596,272.5885624,272.6366908
Percussion,-1,56,G#3,75,0.050802200000021,272.5885624,272.6393646
Percussion,-1,92,G#6,44,0.061497400000007474,272.5885624,272.6500598
Percussion,-1,92,G#6,44,0.061497400000007474,272.5885624,272.6500598
Percussion,-1,70,A#4,54,0.029411799999991217,272.7489904,272.7784022
Percussion,-1,62,D4,44,0.03743319999995265,272.7489904,272.7864236
Percussion,-1,62,D4,56,0.02406419999999798,272.7623594,272.7864236
Percussion,-1,62,D4,127,0.03743320000000949,272.9094184,272.9468516
Percussion,-1,62,D4,80,0.02406419999999798,272.9227874,272.9468516
Percussion,-1,70,A#4,70,0.04278080000000273,272.9094184,272.9521992
Percussion,-1,61,C#4,52,0.08021399999995538,272.8826804,272.9628944
Percussion,-1,92,G#6,44,0.07219259999999394,272.9094184,272.981611
Percussion,-1,92,G#6,44,0.07219259999999394,272.9094184,272.981611
Percussion,-1,62,D4,55,0.008021399999961432,273.0698464,273.0778678
Percussion,-1,64,E4,56,0.026737999999966178,273.08321540000003,273.1099534
Percussion,-1,70,A#4,73,0.04278080000000273,273.0698464,273.1126272
Percussion,-1,56,G#3,97,0.06684500000000071,273.0564774,273.1233224
Percussion,-1,56,G#3,55,0.06684500000000071,273.0564774,273.1233224
Percussion,-1,35,B1,77,0.1042782000000102,273.0698464,273.1741246
Percussion,-1,64,E4,56,0.02673800000002302,273.2436434,273.2703814
Percussion,-1,56,G#3,77,0.04278080000000273,273.2302744,273.2730552
Percussion,-1,70,A#4,79,0.04812839999999596,273.2302744,273.2784028
Percussion,-1,92,G#6,44,0.050802200000021,273.2302744,273.2810766
Percussion,-1,92,G#6,44,0.050802200000021,273.2302744,273.2810766
Percussion,-1,63,D#4,88,0.12299480000001495,273.2302744,273.3532692
Percussion,-1,62,D4,80,0.026737999999966178,273.4040714,273.4308094
Percussion,-1,70,A#4,70,0.04278080000000273,273.3907024,273.4334832
Percussion,-1,63,D#4,88,0.050802200000021,273.3907024,273.44150460000003
Percussion,-1,92,G#6,44,0.07754019999998718,273.3907024,273.4682426
Percussion,-1,92,G#6,44,0.07754019999998718,273.3907024,273.4682426
Percussion,-1,62,D4,56,0.02673800000002302,273.5644994,273.5912374
Percussion,-1,70,A#4,79,0.04812840000005281,273.5511304,273.59925880000003
Percussion,-1,64,E4,127,0.05614980000001424,273.5511304,273.6072802
Percussion,-1,35,B1,77,0.09358300000002373,273.5511304,273.6447134
Percussion,-1,64,E4,127,0.03743320000000949,273.7115584,273.7489916
Percussion,-1,64,E4,56,0.02406419999999798,273.7249274,273.7489916
Percussion,-1,70,A#4,77,0.04278080000000273,273.7115584,273.7543392
Percussion,-1,56,G#3,55,0.058823599999982434,273.716906,273.7757296
Percussion,-1,92,G#6,44,0.07219259999999394,273.7115584,273.783751
Percussion,-1,92,G#6,44,0.07219259999999394,273.7115584,273.783751
Percussion,-1,62,D4,55,0.03743319999995265,273.8719864,273.9094196
Percussion,-1,62,D4,56,0.02406419999999798,273.8853554,273.9094196
Percussion,-1,70,A#4,80,0.04812839999999596,273.8719864,273.9201148
Percussion,-1,56,G#3,72,0.04812839999999596,273.8719864,273.9201148
Percussion,-1,62,D4,55,0.03743320000000949,274.0324144,274.0698476
Percussion,-1,62,D4,56,0.02406419999999798,274.0457834,274.0698476
Percussion,-1,70,A#4,73,0.04278080000000273,274.0324144,274.0751952
Percussion,-1,92,G#6,44,0.04812839999999596,274.0324144,274.0805428
Percussion,-1,92,G#6,44,0.04812839999999596,274.0324144,274.0805428
Percussion,-1,62,D4,127,0.03743320000000949,274.1928424,274.2302756
Percussion,-1,62,D4,80,0.02406419999999798,274.20621140000003,274.2302756
Percussion,-1,70,A#4,78,0.04278080000000273,274.1928424,274.2356232
Percussion,-1,61,C#4,54,0.08021400000001222,274.1687782,274.24899220000003
Percussion,-1,92,G#6,44,0.058823599999982434,274.1928424,274.251666
Percussion,-1,92,G#6,44,0.058823599999982434,274.1928424,274.251666
Percussion,-1,64,E4,127,0.03743320000000949,274.3532704,274.3907036
Percussion,-1,64,E4,56,0.02406419999999798,274.3666394,274.3907036
Percussion,-1,70,A#4,82,0.04278080000000273,274.3532704,274.3960512
Percussion,-1,56,G#3,55,0.061497400000007474,274.3479228,274.4094202
Percussion,-1,92,G#6,44,0.07486640000001898,274.3532704,274.4281368
Percussion,-1,92,G#6,44,0.07486640000001898,274.3532704,274.4281368
Percussion,-1,35,B1,77,0.11764720000002171,274.3532704,274.4709176
Percussion,-1,64,E4,127,0.03743320000000949,274.5136984,274.5511316
Percussion,-1,64,E4,56,0.02406419999999798,274.5270674,274.5511316
Percussion,-1,56,G#3,78,0.04278080000000273,274.5136984,274.5564792
Percussion,-1,70,A#4,79,0.045454599999970924,274.5136984,274.559153
Percussion,-1,62,D4,88,0.03743320000000949,274.6741264,274.7115596
Percussion,-1,62,D4,80,0.02406419999999798,274.6874954,274.7115596
Percussion,-1,70,A#4,78,0.04278080000000273,274.6741264,274.7169072
Percussion,-1,92,G#6,44,0.06417120000003251,274.6741264,274.7382976
Percussion,-1,92,G#6,44,0.06417120000003251,274.6741264,274.7382976
Percussion,-1,62,D4,56,0.026737999999966178,274.8479234,274.8746614
Percussion,-1,70,A#4,79,0.04278080000000273,274.8345544,274.8773352
Percussion,-1,63,D#4,127,0.058823599999982434,274.8345544,274.893378
Percussion,-1,35,B1,77,0.0695187999999689,274.8372282,274.906747
Percussion,-1,64,E4,56,0.02673800000002302,275.0083514,275.0350894
Percussion,-1,56,G#3,55,0.06684500000000071,274.9709182,275.03776320000003
Percussion,-1,70,A#4,81,0.04278080000000273,274.9949824,275.03776320000003
Percussion,-1,92,G#6,44,0.05080219999996416,274.9949824,275.0457846
Percussion,-1,92,G#6,44,0.05080219999996416,274.9949824,275.0457846
Percussion,-1,63,D#4,127,0.05080219999996416,274.9949824,275.0457846
Percussion,-1,62,D4,55,0.03743320000000949,275.1554104,275.1928436
Percussion,-1,62,D4,56,0.02406419999999798,275.1687794,275.1928436
Percussion,-1,70,A#4,76,0.04812839999999596,275.1554104,275.2035388
Percussion,-1,56,G#3,75,0.050802200000021,275.1554104,275.2062126
Percussion,-1,92,G#6,44,0.061497400000007474,275.1554104,275.2169078
Percussion,-1,92,G#6,44,0.061497400000007474,275.1554104,275.2169078
Percussion,-1,70,A#4,54,0.029411799999991217,275.3158384,275.3452502
Percussion,-1,62,D4,44,0.03743320000000949,275.3158384,275.3532716
Percussion,-1,62,D4,56,0.02406419999999798,275.32920740000003,275.3532716
Percussion,-1,62,D4,127,0.03743320000000949,275.4762664,275.5136996
Percussion,-1,62,D4,80,0.02406419999999798,275.4896354,275.5136996
Percussion,-1,70,A#4,70,0.04278080000000273,275.4762664,275.5190472
Percussion,-1,61,C#4,52,0.08021400000001222,275.4495284,275.52974240000003
Percussion,-1,92,G#6,44,0.07219259999999394,275.4762664,275.548459
Percussion,-1,92,G#6,44,0.07219259999999394,275.4762664,275.548459
Percussion,-1,62,D4,55,0.008021400000018275,275.6366944,275.64471580000003
Percussion,-1,64,E4,56,0.026737999999966178,275.6500634,275.6768014
Percussion,-1,70,A#4,73,0.04278080000000273,275.6366944,275.6794752
Percussion,-1,56,G#3,97,0.06684500000000071,275.6233254,275.6901704
Percussion,-1,56,G#3,55,0.06684500000000071,275.6233254,275.6901704
Percussion,-1,35,B1,77,0.1042782000000102,275.6366944,275.7409726
Percussion,-1,64,E4,56,0.02673800000002302,275.8104914,275.8372294
Percussion,-1,56,G#3,77,0.04278080000000273,275.7971224,275.8399032
Percussion,-1,70,A#4,79,0.04812840000005281,275.7971224,275.84525080000003
Percussion,-1,92,G#6,44,0.050802200000021,275.7971224,275.8479246
Percussion,-1,92,G#6,44,0.050802200000021,275.7971224,275.8479246
Percussion,-1,63,D#4,88,0.12299480000001495,275.7971224,275.9201172
Percussion,-1,62,D4,80,0.026737999999966178,275.9709194,275.9976574
Percussion,-1,70,A#4,70,0.04278080000000273,275.9575504,276.0003312
Percussion,-1,63,D#4,88,0.050802200000021,275.9575504,276.0083526
Percussion,-1,92,G#6,44,0.07754019999998718,275.9575504,276.0350906
Percussion,-1,92,G#6,44,0.07754019999998718,275.9575504,276.0350906
Percussion,-1,62,D4,56,0.02673800000002302,276.1313474,276.1580854
Percussion,-1,70,A#4,79,0.04812839999999596,276.1179784,276.1661068
Percussion,-1,64,E4,127,0.056149799999957395,276.1179784,276.1741282
Percussion,-1,35,B1,77,0.09358299999996689,276.1179784,276.2115614
Percussion,-1,64,E4,127,0.03743320000000949,276.2784064,276.3158396
Percussion,-1,64,E4,56,0.02406419999999798,276.2917754,276.3158396
Percussion,-1,70,A#4,77,0.04278080000000273,276.2784064,276.3211872
Percussion,-1,56,G#3,55,0.05882360000003928,276.283754,276.3425776
Percussion,-1,92,G#6,44,0.07219259999999394,276.2784064,276.350599
Percussion,-1,92,G#6,44,0.07219259999999394,276.2784064,276.350599
Percussion,-1,62,D4,55,0.03743320000000949,276.4388344,276.4762676
Percussion,-1,62,D4,56,0.02406419999999798,276.45220340000003,276.4762676
Percussion,-1,70,A#4,80,0.04812839999999596,276.4388344,276.4869628
Percussion,-1,56,G#3,72,0.04812839999999596,276.4388344,276.4869628
Percussion,-1,62,D4,55,0.03743320000000949,276.5992624,276.6366956
Percussion,-1,62,D4,56,0.02406419999999798,276.6126314,276.6366956
Percussion,-1,70,A#4,73,0.04278080000000273,276.5992624,276.6420432
Percussion,-1,92,G#6,44,0.04812839999999596,276.5992624,276.6473908
Percussion,-1,92,G#6,44,0.04812839999999596,276.5992624,276.6473908
Percussion,-1,62,D4,127,0.03743320000000949,276.7596904,276.7971236
Percussion,-1,62,D4,80,0.02406419999999798,276.7730594,276.7971236
Percussion,-1,70,A#4,78,0.04278080000000273,276.7596904,276.8024712
Percussion,-1,61,C#4,54,0.08021400000001222,276.7356262,276.8158402
Percussion,-1,92,G#6,44,0.058823599999982434,276.7596904,276.818514
Percussion,-1,92,G#6,44,0.058823599999982434,276.7596904,276.818514
Percussion,-1,64,E4,127,0.03743320000000949,276.9201184,276.9575516
Percussion,-1,64,E4,56,0.02406419999999798,276.9334874,276.9575516
Percussion,-1,70,A#4,82,0.04278080000000273,276.9201184,276.9628992
Percussion,-1,56,G#3,55,0.061497400000007474,276.9147708,276.9762682
Percussion,-1,92,G#6,44,0.07486640000001898,276.9201184,276.9949848
Percussion,-1,92,G#6,44,0.07486640000001898,276.9201184,276.9949848
Percussion,-1,35,B1,77,0.11764720000002171,276.9201184,277.0377656
Percussion,-1,64,E4,127,0.03743320000000949,277.0805464,277.1179796
Percussion,-1,64,E4,56,0.02406419999999798,277.0939154,277.1179796
Percussion,-1,56,G#3,78,0.04278080000000273,277.0805464,277.1233272
Percussion,-1,70,A#4,79,0.04545460000002777,277.0805464,277.12600100000003
Percussion,-1,62,D4,88,0.03743319999995265,277.2409744,277.2784076
Percussion,-1,62,D4,80,0.02406419999999798,277.2543434,277.2784076
Percussion,-1,70,A#4,78,0.04278080000000273,277.2409744,277.28375520000003
Percussion,-1,92,G#6,44,0.06417119999997567,277.2409744,277.3051456
Percussion,-1,92,G#6,44,0.06417119999997567,277.2409744,277.3051456
Percussion,-1,62,D4,56,0.02673800000002302,277.4147714,277.44150940000003
Percussion,-1,70,A#4,79,0.04278080000000273,277.4014024,277.4441832
Percussion,-1,63,D#4,127,0.058823599999982434,277.4014024,277.460226
Percussion,-1,35,B1,77,0.0695187999999689,277.4040762,277.473595
Percussion,-1,64,E4,56,0.026737999999966178,277.57519940000003,277.6019374
Percussion,-1,56,G#3,55,0.06684500000000071,277.5377662,277.6046112
Percussion,-1,70,A#4,81,0.04278080000000273,277.5618304,277.6046112
Percussion,-1,92,G#6,44,0.05080219999996416,277.5618304,277.6126326
Percussion,-1,92,G#6,44,0.05080219999996416,277.5618304,277.6126326
Percussion,-1,63,D#4,127,0.05080219999996416,277.5618304,277.6126326
Percussion,-1,62,D4,55,0.03743320000000949,277.7222584,277.7596916
Percussion,-1,62,D4,56,0.02406419999999798,277.7356274,277.7596916
Percussion,-1,70,A#4,76,0.04812839999999596,277.7222584,277.7703868
Percussion,-1,56,G#3,75,0.050802200000021,277.7222584,277.7730606
Percussion,-1,92,G#6,44,0.061497400000007474,277.7222584,277.7837558
Percussion,-1,92,G#6,44,0.061497400000007474,277.7222584,277.7837558
Percussion,-1,70,A#4,54,0.029411799999991217,277.8826864,277.9120982
Percussion,-1,62,D4,44,0.03743320000000949,277.8826864,277.9201196
Percussion,-1,62,D4,56,0.02406419999999798,277.8960554,277.9201196
Percussion,-1,62,D4,127,0.03743320000000949,278.0431144,278.0805476
Percussion,-1,62,D4,80,0.02406419999999798,278.0564834,278.0805476
Percussion,-1,70,A#4,70,0.04278080000000273,278.0431144,278.0858952
Percussion,-1,61,C#4,52,0.08021400000001222,278.0163764,278.0965904
Percussion,-1,92,G#6,44,0.07219260000005079,278.0431144,278.11530700000003
Percussion,-1,92,G#6,44,0.07219260000005079,278.0431144,278.11530700000003
Percussion,-1,62,D4,55,0.008021400000018275,278.2035424,278.2115638
Percussion,-1,64,E4,56,0.026737999999966178,278.2169114,278.2436494
Percussion,-1,70,A#4,73,0.04278080000000273,278.2035424,278.2463232
Percussion,-1,56,G#3,97,0.06684500000000071,278.1901734,278.2570184
Percussion,-1,56,G#3,55,0.06684500000000071,278.1901734,278.2570184
Percussion,-1,35,B1,77,0.1042782000000102,278.2035424,278.3078206
Percussion,-1,64,E4,56,0.02673800000002302,278.3773394,278.4040774
Percussion,-1,56,G#3,77,0.04278080000000273,278.3639704,278.40675120000003
Percussion,-1,70,A#4,79,0.04812839999999596,278.3639704,278.4120988
Percussion,-1,92,G#6,44,0.05080219999996416,278.3639704,278.4147726
Percussion,-1,92,G#6,44,0.05080219999996416,278.3639704,278.4147726
Percussion,-1,63,D#4,88,0.1229947999999581,278.3639704,278.4869652
Percussion,-1,62,D4,80,0.02673800000002302,278.5377674,278.56450540000003
Percussion,-1,70,A#4,70,0.04278080000000273,278.5243984,278.5671792
Percussion,-1,63,D#4,88,0.050802200000021,278.5243984,278.5752006
Percussion,-1,92,G#6,44,0.07754019999998718,278.5243984,278.6019386
Percussion,-1,92,G#6,44,0.07754019999998718,278.5243984,278.6019386
Percussion,-1,62,D4,56,0.026737999999966178,278.69819540000003,278.7249334
Percussion,-1,70,A#4,79,0.04812839999999596,278.6848264,278.7329548
Percussion,-1,64,E4,127,0.056149799999957395,278.6848264,278.7409762
Percussion,-1,35,B1,77,0.09358299999996689,278.6848264,278.7784094
Percussion,-1,64,E4,127,0.03743320000000949,278.8452544,278.8826876
Percussion,-1,64,E4,56,0.02406419999999798,278.8586234,278.8826876
Percussion,-1,70,A#4,77,0.04278080000000273,278.8452544,278.8880352
Percussion,-1,56,G#3,55,0.05882360000003928,278.850602,278.9094256
Percussion,-1,92,G#6,44,0.07219259999999394,278.8452544,278.917447
Percussion,-1,92,G#6,44,0.07219259999999394,278.8452544,278.917447
Percussion,-1,62,D4,55,0.03743320000000949,279.0056824,279.0431156
Percussion,-1,62,D4,56,0.02406419999999798,279.0190514,279.0431156
Percussion,-1,70,A#4,80,0.04812839999999596,279.0056824,279.0538108
Percussion,-1,56,G#3,72,0.04812839999999596,279.0056824,279.0538108
Percussion,-1,62,D4,55,0.03743320000000949,279.1661104,279.2035436
Percussion,-1,62,D4,56,0.02406419999999798,279.1794794,279.2035436
Percussion,-1,70,A#4,73,0.04278080000000273,279.1661104,279.2088912
Percussion,-1,92,G#6,44,0.04812840000005281,279.1661104,279.21423880000003
Percussion,-1,92,G#6,44,0.04812840000005281,279.1661104,279.21423880000003
Percussion,-1,62,D4,127,0.03743320000000949,279.3265384,279.3639716
Percussion,-1,62,D4,80,0.02406419999999798,279.3399074,279.3639716
Percussion,-1,70,A#4,78,0.04278080000000273,279.3265384,279.3693192
Percussion,-1,61,C#4,54,0.08021400000001222,279.3024742,279.3826882
Percussion,-1,92,G#6,44,0.058823599999982434,279.3265384,279.385362
Percussion,-1,92,G#6,44,0.058823599999982434,279.3265384,279.385362
Percussion,-1,64,E4,127,0.03743319999995265,279.48696640000003,279.5243996
Percussion,-1,64,E4,56,0.02406419999999798,279.5003354,279.5243996
Percussion,-1,70,A#4,82,0.04278080000000273,279.48696640000003,279.52974720000003
Percussion,-1,56,G#3,55,0.061497400000007474,279.4816188,279.5431162
Percussion,-1,92,G#6,44,0.07486639999996214,279.48696640000003,279.5618328
Percussion,-1,92,G#6,44,0.07486639999996214,279.48696640000003,279.5618328
Percussion,-1,35,B1,77,0.11764719999996487,279.48696640000003,279.6046136
Percussion,-1,64,E4,127,0.03743320000000949,279.6473944,279.6848276
Percussion,-1,64,E4,56,0.02406419999999798,279.6607634,279.6848276
Percussion,-1,62,D4,120,0.04010700000003453,279.6473944,279.68750140000003
Percussion,-1,66,F#4,120,0.04010700000003453,279.6473944,279.68750140000003
Percussion,-1,56,G#3,78,0.04278080000000273,279.6473944,279.6901752
Percussion,-1,70,A#4,79,0.04545460000002777,279.6473944,279.692849
Percussion,-1,62,D4,120,0.03743320000000949,279.8078224,279.84525560000003
Percussion,-1,62,D4,88,0.03743320000000949,279.8078224,279.84525560000003
Percussion,-1,62,D4,80,0.02406419999999798,279.82119140000003,279.84525560000003
Percussion,-1,66,F#4,120,0.04010699999997769,279.8078224,279.8479294
Percussion,-1,70,A#4,78,0.04278080000000273,279.8078224,279.8506032
Percussion,-1,92,G#6,44,0.06417119999997567,279.8078224,279.8719936
Percussion,-1,92,G#6,44,0.06417119999997567,279.8078224,279.8719936
Percussion,-1,62,D4,120,0.03743320000000949,279.9682504,280.0056836
Percussion,-1,62,D4,56,0.02406419999999798,279.9816194,280.0056836
Percussion,-1,66,F#4,120,0.04010700000003453,279.9682504,280.0083574
Percussion,-1,70,A#4,79,0.04278080000000273,279.9682504,280.0110312
Percussion,-1,63,D#4,127,0.05882360000003928,279.9682504,280.027074
Percussion,-1,35,B1,77,0.0695187999999689,279.9709242,280.040443
Percussion,-1,64,E4,56,0.026737999999966178,280.1420474,280.1687854
Percussion,-1,35,B1,120,0.04010699999997769,280.1286784,280.1687854
Percussion,-1,66,F#4,120,0.04010699999997769,280.1286784,280.1687854
Percussion,-1,49,C#3,120,0.04010699999997769,280.1286784,280.1687854
Percussion,-1,62,D4,120,0.04010699999997769,280.1286784,280.1687854
Percussion,-1,70,A#4,81,0.04278080000000273,280.1286784,280.1714592
Percussion,-1,56,G#3,55,0.06684500000000071,280.1046142,280.1714592
Percussion,-1,92,G#6,44,0.05080219999996416,280.1286784,280.1794806
Percussion,-1,92,G#6,44,0.05080219999996416,280.1286784,280.1794806
Percussion,-1,63,D#4,127,0.05080219999996416,280.1286784,280.1794806
Percussion,-1,62,D4,55,0.03743320000000949,280.2891064,280.3265396
Percussion,-1,62,D4,56,0.02406419999999798,280.3024754,280.3265396
Percussion,-1,70,A#4,76,0.04812840000005281,280.2891064,280.33723480000003
Percussion,-1,56,G#3,75,0.050802200000021,280.2891064,280.3399086
Percussion,-1,92,G#6,44,0.061497400000007474,280.2891064,280.3506038
Percussion,-1,92,G#6,44,0.061497400000007474,280.2891064,280.3506038
Percussion,-1,70,A#4,54,0.029411799999991217,280.4495344,280.4789462
Percussion,-1,62,D4,44,0.03743320000000949,280.4495344,280.4869676
Percussion,-1,62,D4,56,0.02406419999999798,280.4629034,280.4869676
Percussion,-1,62,D4,127,0.03743319999995265,280.60996240000003,280.6473956
Percussion,-1,62,D4,80,0.02406419999999798,280.6233314,280.6473956
Percussion,-1,70,A#4,70,0.04278080000000273,280.60996240000003,280.65274320000003
Percussion,-1,61,C#4,52,0.08021400000001222,280.5832244,280.6634384
Percussion,-1,92,G#6,44,0.07219259999999394,280.60996240000003,280.682155
Percussion,-1,92,G#6,44,0.07219259999999394,280.60996240000003,280.682155
Percussion,-1,62,D4,55,0.008021400000018275,280.7703904,280.7784118
Percussion,-1,64,E4,56,0.02673800000002302,280.7837594,280.81049740000003
Percussion,-1,70,A#4,73,0.04278080000000273,280.7703904,280.8131712
Percussion,-1,56,G#3,97,0.06684500000000071,280.7570214,280.8238664
Percussion,-1,56,G#3,55,0.06684500000000071,280.7570214,280.8238664
Percussion,-1,35,B1,77,0.1042782000000102,280.7703904,280.8746686
Percussion,-1,64,E4,56,0.026737999999966178,280.94418740000003,280.9709254
Percussion,-1,56,G#3,77,0.04278080000000273,280.9308184,280.9735992
Percussion,-1,70,A#4,79,0.04812839999999596,280.9308184,280.9789468
Percussion,-1,92,G#6,44,0.05080219999996416,280.9308184,280.9816206
Percussion,-1,92,G#6,44,0.05080219999996416,280.9308184,280.9816206
Percussion,-1,63,D#4,88,0.1229947999999581,280.9308184,281.0538132
Percussion,-1,62,D4,80,0.02673800000002302,281.1046154,281.1313534
Percussion,-1,70,A#4,70,0.04278080000000273,281.0912464,281.1340272
Percussion,-1,63,D#4,88,0.050802200000021,281.0912464,281.1420486
Percussion,-1,92,G#6,44,0.07754020000004402,281.0912464,281.16878660000003
Percussion,-1,92,G#6,44,0.07754020000004402,281.0912464,281.16878660000003
Percussion,-1,62,D4,56,0.026737999999966178,281.2650434,281.2917814
Percussion,-1,70,A#4,79,0.04812839999999596,281.2516744,281.2998028
Percussion,-1,64,E4,127,0.05614980000001424,281.2516744,281.3078242
Percussion,-1,35,B1,77,0.09358299999996689,281.2516744,281.3452574
Percussion,-1,64,E4,127,0.03743320000000949,281.4121024,281.4495356
Percussion,-1,64,E4,56,0.02406419999999798,281.4254714,281.4495356
Percussion,-1,70,A#4,77,0.04278080000000273,281.4121024,281.4548832
Percussion,-1,56,G#3,55,0.058823599999982434,281.41745000000003,281.4762736
Percussion,-1,92,G#6,44,0.07219260000005079,281.4121024,281.48429500000003
Percussion,-1,92,G#6,44,0.07219260000005079,281.4121024,281.48429500000003
Percussion,-1,62,D4,55,0.03743320000000949,281.5725304,281.6099636
Percussion,-1,62,D4,56,0.02406419999999798,281.5858994,281.6099636
Percussion,-1,70,A#4,80,0.04812839999999596,281.5725304,281.6206588
Percussion,-1,56,G#3,72,0.04812839999999596,281.5725304,281.6206588
Percussion,-1,62,D4,55,0.03743319999995265,281.73295840000003,281.7703916
Percussion,-1,62,D4,56,0.02406419999999798,281.7463274,281.7703916
Percussion,-1,70,A#4,73,0.04278080000000273,281.73295840000003,281.77573920000003
Percussion,-1,92,G#6,44,0.04812839999999596,281.73295840000003,281.7810868
Percussion,-1,92,G#6,44,0.04812839999999596,281.73295840000003,281.7810868
Percussion,-1,62,D4,127,0.03743320000000949,281.8933864,281.9308196
Percussion,-1,62,D4,80,0.02406419999999798,281.9067554,281.9308196
Percussion,-1,70,A#4,78,0.04278080000000273,281.8933864,281.9361672
Percussion,-1,61,C#4,54,0.08021400000001222,281.8693222,281.9495362
Percussion,-1,92,G#6,44,0.058823599999982434,281.8933864,281.95221
Percussion,-1,92,G#6,44,0.058823599999982434,281.8933864,281.95221
Percussion,-1,64,E4,127,0.03743320000000949,282.0538144,282.09124760000003
Percussion,-1,64,E4,56,0.02406419999999798,282.06718340000003,282.09124760000003
Percussion,-1,70,A#4,82,0.04278080000000273,282.0538144,282.0965952
Percussion,-1,56,G#3,55,0.06149739999995063,282.0484668,282.1099642
Percussion,-1,92,G#6,44,0.07486639999996214,282.0538144,282.1286808
Percussion,-1,92,G#6,44,0.07486639999996214,282.0538144,282.1286808
Percussion,-1,35,B1,77,0.11764719999996487,282.0538144,282.1714616
Percussion,-1,64,E4,127,0.03743320000000949,282.2142424,282.2516756
Percussion,-1,64,E4,56,0.02406419999999798,282.2276114,282.2516756
Percussion,-1,56,G#3,78,0.04278080000000273,282.2142424,282.2570232
Percussion,-1,70,A#4,79,0.04545460000002777,282.2142424,282.259697
Percussion,-1,62,D4,88,0.03743320000000949,282.3746704,282.4121036
Percussion,-1,62,D4,80,0.02406419999999798,282.3880394,282.4121036
Percussion,-1,70,A#4,78,0.04278080000000273,282.3746704,282.4174512
Percussion,-1,92,G#6,44,0.06417119999997567,282.3746704,282.4388416
Percussion,-1,92,G#6,44,0.06417119999997567,282.3746704,282.4388416
Percussion,-1,62,D4,56,0.02673800000002302,282.5484674,282.5752054
Percussion,-1,70,A#4,79,0.04278080000000273,282.5350984,282.5778792
Percussion,-1,63,D#4,127,0.05882360000003928,282.5350984,282.593922
Percussion,-1,35,B1,77,0.06951880000002575,282.5377722,282.60729100000003
Percussion,-1,64,E4,56,0.026737999999966178,282.7088954,282.7356334
Percussion,-1,56,G#3,55,0.06684500000000071,282.6714622,282.7383072
Percussion,-1,70,A#4,81,0.04278080000000273,282.6955264,282.7383072
Percussion,-1,92,G#6,44,0.050802200000021,282.6955264,282.7463286
Percussion,-1,92,G#6,44,0.050802200000021,282.6955264,282.7463286
Percussion,-1,63,D#4,127,0.050802200000021,282.6955264,282.7463286
Percussion,-1,62,D4,55,0.03743319999995265,282.85595440000003,282.8933876
Percussion,-1,62,D4,56,0.02406419999999798,282.8693234,282.8933876
Percussion,-1,70,A#4,76,0.04812839999999596,282.85595440000003,282.9040828
Percussion,-1,56,G#3,75,0.05080219999996416,282.85595440000003,282.9067566
Percussion,-1,92,G#6,44,0.06149739999995063,282.85595440000003,282.9174518
Percussion,-1,92,G#6,44,0.06149739999995063,282.85595440000003,282.9174518
Percussion,-1,70,A#4,54,0.029411799999991217,283.0163824,283.0457942
Percussion,-1,62,D4,44,0.03743320000000949,283.0163824,283.0538156
Percussion,-1,62,D4,56,0.02406419999999798,283.0297514,283.0538156
Percussion,-1,62,D4,127,0.03743320000000949,283.1768104,283.21424360000003
Percussion,-1,62,D4,80,0.024064200000054825,283.1901794,283.21424360000003
Percussion,-1,70,A#4,70,0.04278080000000273,283.1768104,283.2195912
Percussion,-1,61,C#4,52,0.08021400000001222,283.1500724,283.2302864
Percussion,-1,92,G#6,44,0.07219259999999394,283.1768104,283.249003
Percussion,-1,92,G#6,44,0.07219259999999394,283.1768104,283.249003
Percussion,-1,62,D4,55,0.008021400000018275,283.3372384,283.3452598
Percussion,-1,64,E4,56,0.02673800000002302,283.3506074,283.3773454
Percussion,-1,70,A#4,73,0.04278080000000273,283.3372384,283.3800192
Percussion,-1,56,G#3,97,0.06684500000000071,283.3238694,283.3907144
Percussion,-1,56,G#3,55,0.06684500000000071,283.3238694,283.3907144
Percussion,-1,35,B1,77,0.1042782000000102,283.3372384,283.4415166
Percussion,-1,64,E4,56,0.026737999999966178,283.5110354,283.5377734
Percussion,-1,56,G#3,77,0.04278080000000273,283.4976664,283.5404472
Percussion,-1,70,A#4,79,0.04812839999999596,283.4976664,283.5457948
Percussion,-1,92,G#6,44,0.05080219999996416,283.4976664,283.5484686
Percussion,-1,92,G#6,44,0.05080219999996416,283.4976664,283.5484686
Percussion,-1,63,D#4,88,0.12299480000001495,283.4976664,283.62066120000003
Percussion,-1,62,D4,80,0.02673800000002302,283.6714634,283.6982014
Percussion,-1,70,A#4,70,0.04278080000000273,283.6580944,283.7008752
Percussion,-1,63,D#4,88,0.050802200000021,283.6580944,283.7088966
Percussion,-1,92,G#6,44,0.07754020000004402,283.6580944,283.7356346
Percussion,-1,92,G#6,44,0.07754020000004402,283.6580944,283.7356346
Percussion,-1,62,D4,56,0.026737999999966178,283.8318914,283.8586294
Percussion,-1,70,A#4,79,0.04812839999999596,283.8185224,283.8666508
Percussion,-1,64,E4,127,0.05614980000001424,283.8185224,283.8746722
Percussion,-1,35,B1,77,0.09358300000002373,283.8185224,283.91210540000003
Percussion,-1,64,E4,127,0.03743319999995265,283.97895040000003,284.0163836
Percussion,-1,64,E4,56,0.02406419999999798,283.9923194,284.0163836
Percussion,-1,70,A#4,77,0.04278080000000273,283.97895040000003,284.02173120000003
Percussion,-1,56,G#3,55,0.058823599999982434,283.984298,284.0431216
Percussion,-1,92,G#6,44,0.07219259999999394,283.97895040000003,284.051143
Percussion,-1,92,G#6,44,0.07219259999999394,283.97895040000003,284.051143
Percussion,-1,62,D4,55,0.03743320000000949,284.1393784,284.1768116
Percussion,-1,62,D4,56,0.02406419999999798,284.1527474,284.1768116
Percussion,-1,70,A#4,80,0.04812839999999596,284.1393784,284.1875068
Percussion,-1,56,G#3,72,0.04812839999999596,284.1393784,284.1875068
Percussion,-1,62,D4,55,0.03743320000000949,284.2998064,284.33723960000003
Percussion,-1,62,D4,56,0.024064200000054825,284.3131754,284.33723960000003
Percussion,-1,70,A#4,73,0.04278080000000273,284.2998064,284.3425872
Percussion,-1,92,G#6,44,0.04812839999999596,284.2998064,284.3479348
Percussion,-1,92,G#6,44,0.04812839999999596,284.2998064,284.3479348
Percussion,-1,62,D4,127,0.03743320000000949,284.4602344,284.4976676
Percussion,-1,62,D4,80,0.02406419999999798,284.4736034,284.4976676
Percussion,-1,70,A#4,78,0.04278080000000273,284.4602344,284.5030152
Percussion,-1,61,C#4,54,0.08021400000001222,284.4361702,284.5163842
Percussion,-1,92,G#6,44,0.05882360000003928,284.4602344,284.51905800000003
Percussion,-1,92,G#6,44,0.05882360000003928,284.4602344,284.51905800000003
Percussion,-1,64,E4,127,0.03743320000000949,284.6206624,284.6580956
Percussion,-1,64,E4,56,0.02406419999999798,284.6340314,284.6580956
Percussion,-1,70,A#4,82,0.04278080000000273,284.6206624,284.6634432
Percussion,-1,56,G#3,55,0.061497400000007474,284.6153148,284.67681220000003
Percussion,-1,92,G#6,44,0.07486639999996214,284.6206624,284.6955288
Percussion,-1,92,G#6,44,0.07486639999996214,284.6206624,284.6955288
Percussion,-1,35,B1,77,0.11764719999996487,284.6206624,284.7383096
Percussion,-1,64,E4,127,0.03743320000000949,284.7810904,284.8185236
Percussion,-1,64,E4,56,0.02406419999999798,284.7944594,284.8185236
Percussion,-1,56,G#3,78,0.04278080000000273,284.7810904,284.8238712
Percussion,-1,70,A#4,79,0.04545460000002777,284.7810904,284.826545
Percussion,-1,62,D4,88,0.03743320000000949,284.9415184,284.9789516
Percussion,-1,62,D4,80,0.02406419999999798,284.9548874,284.9789516
Percussion,-1,70,A#4,78,0.04278080000000273,284.9415184,284.9842992
Percussion,-1,92,G#6,44,0.06417119999997567,284.9415184,285.0056896
Percussion,-1,92,G#6,44,0.06417119999997567,284.9415184,285.0056896
Percussion,-1,62,D4,56,0.02673800000002302,285.1153154,285.1420534
Percussion,-1,70,A#4,79,0.042780799999945884,285.10194640000003,285.1447272
Percussion,-1,63,D#4,127,0.058823599999982434,285.10194640000003,285.16077
Percussion,-1,35,B1,77,0.06951880000002575,285.1046202,285.174139
Percussion,-1,64,E4,56,0.02673800000002302,285.2757434,285.30248140000003
Percussion,-1,56,G#3,55,0.06684500000000071,285.2383102,285.3051552
Percussion,-1,70,A#4,81,0.04278080000000273,285.2623744,285.3051552
Percussion,-1,92,G#6,44,0.050802200000021,285.2623744,285.3131766
Percussion,-1,92,G#6,44,0.050802200000021,285.2623744,285.3131766
Percussion,-1,63,D#4,127,0.050802200000021,285.2623744,285.3131766
Percussion,-1,62,D4,55,0.03743320000000949,285.4228024,285.46023560000003
Percussion,-1,62,D4,56,0.024064200000054825,285.4361714,285.46023560000003
Percussion,-1,70,A#4,76,0.04812839999999596,285.4228024,285.4709308
Percussion,-1,56,G#3,75,0.05080219999996416,285.4228024,285.4736046
Percussion,-1,92,G#6,44,0.061497400000007474,285.4228024,285.48429980000003
Percussion,-1,92,G#6,44,0.061497400000007474,285.4228024,285.48429980000003
Percussion,-1,70,A#4,54,0.029411799999991217,285.5832304,285.6126422
Percussion,-1,62,D4,44,0.03743320000000949,285.5832304,285.6206636
Percussion,-1,62,D4,56,0.02406419999999798,285.5965994,285.6206636
Percussion,-1,62,D4,127,0.03743320000000949,285.7436584,285.7810916
Percussion,-1,62,D4,80,0.02406419999999798,285.7570274,285.7810916
Percussion,-1,70,A#4,70,0.04278080000000273,285.7436584,285.7864392
Percussion,-1,61,C#4,52,0.08021400000001222,285.7169204,285.7971344
Percussion,-1,92,G#6,44,0.07219259999999394,285.7436584,285.815851
Percussion,-1,92,G#6,44,0.07219259999999394,285.7436584,285.815851
Percussion,-1,62,D4,55,0.008021400000018275,285.9040864,285.9121078
Percussion,-1,56,G#3,97,0.04010699999997769,285.8907174,285.9308244
Percussion,-1,56,G#3,55,0.04010699999997769,285.8907174,285.9308244
Percussion,-1,64,E4,56,0.02673800000002302,285.9174554,285.9441934
Percussion,-1,70,A#4,73,0.04278080000000273,285.9040864,285.9468672
Percussion,-1,35,B1,77,0.1042782000000102,285.9040864,286.0083646
Percussion,-1,64,E4,56,0.026737999999966178,286.0778834,286.1046214
Percussion,-1,56,G#3,77,0.04278080000000273,286.0645144,286.1072952
Percussion,-1,70,A#4,79,0.04812839999999596,286.0645144,286.1126428
Percussion,-1,92,G#6,44,0.050802200000021,286.0645144,286.1153166
Percussion,-1,92,G#6,44,0.050802200000021,286.0645144,286.1153166
Percussion,-1,63,D#4,88,0.12299480000001495,286.0645144,286.1875092
Percussion,-1,62,D4,80,0.02673800000002302,286.2383114,286.2650494
Percussion,-1,70,A#4,70,0.042780799999945884,286.22494240000003,286.2677232
Percussion,-1,63,D#4,88,0.05080219999996416,286.22494240000003,286.2757446
Percussion,-1,92,G#6,44,0.07754019999998718,286.22494240000003,286.3024826
Percussion,-1,92,G#6,44,0.07754019999998718,286.22494240000003,286.3024826
Percussion,-1,62,D4,56,0.026737999999966178,286.3987394,286.4254774
Percussion,-1,70,A#4,79,0.04812839999999596,286.3853704,286.4334988
Percussion,-1,64,E4,127,0.05614980000001424,286.3853704,286.4415202
Percussion,-1,35,B1,77,0.09358300000002373,286.3853704,286.4789534
Percussion,-1,64,E4,127,0.03743320000000949,286.5457984,286.58323160000003
Percussion,-1,64,E4,56,0.024064200000054825,286.5591674,286.58323160000003
Percussion,-1,70,A#4,77,0.04278080000000273,286.5457984,286.5885792
Percussion,-1,56,G#3,55,0.061497400000007474,286.551146,286.6126434
Percussion,-1,92,G#6,44,0.07219259999999394,286.5457984,286.617991
Percussion,-1,92,G#6,44,0.07219259999999394,286.5457984,286.617991
Percussion,-1,62,D4,55,0.03743320000000949,286.7062264,286.7436596
Percussion,-1,62,D4,56,0.02406419999999798,286.7195954,286.7436596
Percussion,-1,56,G#3,72,0.04545460000002777,286.7062264,286.751681
Percussion,-1,70,A#4,80,0.04812839999999596,286.7062264,286.7543548
Percussion,-1,62,D4,55,0.03743320000000949,286.8666544,286.9040876
Percussion,-1,62,D4,56,0.02406419999999798,286.8800234,286.9040876
Percussion,-1,70,A#4,73,0.04278080000000273,286.8666544,286.9094352
Percussion,-1,92,G#6,44,0.04812839999999596,286.8666544,286.9147828
Percussion,-1,92,G#6,44,0.04812839999999596,286.8666544,286.9147828
Percussion,-1,62,D4,127,0.03743320000000949,287.0270824,287.0645156
Percussion,-1,62,D4,80,0.02406419999999798,287.0404514,287.0645156
Percussion,-1,70,A#4,78,0.04278080000000273,287.0270824,287.0698632
Percussion,-1,61,C#4,54,0.08021400000001222,287.0030182,287.0832322
Percussion,-1,92,G#6,44,0.05882360000003928,287.0270824,287.085906
Percussion,-1,92,G#6,44,0.05882360000003928,287.0270824,287.085906
Percussion,-1,64,E4,127,0.03743320000000949,287.1875104,287.2249436
Percussion,-1,64,E4,56,0.02406419999999798,287.2008794,287.2249436
Percussion,-1,70,A#4,82,0.04278080000000273,287.1875104,287.2302912
Percussion,-1,56,G#3,55,0.06417119999997567,287.1821628,287.246334
Percussion,-1,92,G#6,44,0.07486640000001898,287.1875104,287.2623768
Percussion,-1,92,G#6,44,0.07486640000001898,287.1875104,287.2623768
Percussion,-1,35,B1,77,0.11764720000002171,287.1875104,287.30515760000003
Percussion,-1,64,E4,127,0.03743319999995265,287.34793840000003,287.3853716
Percussion,-1,64,E4,56,0.02406419999999798,287.3613074,287.3853716
Percussion,-1,56,G#3,78,0.042780799999945884,287.34793840000003,287.3907192
Percussion,-1,70,A#4,79,0.045454599999970924,287.34793840000003,287.393393
Percussion,-1,62,D4,88,0.03743320000000949,287.5083664,287.5457996
Percussion,-1,62,D4,80,0.02406419999999798,287.5217354,287.5457996
Percussion,-1,70,A#4,78,0.04278080000000273,287.5083664,287.5511472
Percussion,-1,92,G#6,44,0.06417120000003251,287.5083664,287.57253760000003
Percussion,-1,92,G#6,44,0.06417120000003251,287.5083664,287.57253760000003
Percussion,-1,62,D4,56,0.02673800000002302,287.6821634,287.7089014
Percussion,-1,70,A#4,79,0.04278080000000273,287.6687944,287.7115752
Percussion,-1,63,D#4,127,0.058823599999982434,287.6687944,287.727618
Percussion,-1,35,B1,77,0.06951880000002575,287.6714682,287.740987
Percussion,-1,64,E4,56,0.02673800000002302,287.8425914,287.8693294
Percussion,-1,92,G#6,44,0.04010700000003453,287.8292224,287.8693294
Percussion,-1,92,G#6,44,0.04010700000003453,287.8292224,287.8693294
Percussion,-1,56,G#3,55,0.06684500000000071,287.8051582,287.8720032
Percussion,-1,56,G#3,70,0.03475939999998445,287.9896504,288.0244098
Percussion,-1,62,D4,56,0.026737999999966178,288.0030194,288.0297574
Percussion,-1,70,A#4,81,0.20588259999999536,287.8292224,288.035105
Percussion,-1,70,A#4,97,0.045454599999970924,287.9896504,288.035105
Percussion,-1,61,C#4,97,0.06417119999997567,287.9896504,288.0538216
Percussion,-1,62,D4,77,0.0053475999999932355,288.1500784,288.155426
Percussion,-1,62,D4,56,0.02673800000002302,288.1634474,288.1901854
Percussion,-1,70,A#4,82,0.04545460000002777,288.1500784,288.195533
Percussion,-1,62,D4,77,0.0053475999999932355,288.3105064,288.315854
Percussion,-1,62,D4,80,0.026737999999966178,288.3238754,288.3506134
Percussion,-1,70,A#4,94,0.04812839999999596,288.3105064,288.3586348
Percussion,-1,64,E4,56,0.02673800000002302,288.4843034,288.5110414
Percussion,-1,70,A#4,92,0.045454599999970924,288.47093440000003,288.516389
Percussion,-1,63,D#4,127,0.7245998000000213,287.8292224,288.5538222
Percussion,-1,63,D#4,127,0.08288779999998042,288.47093440000003,288.5538222
Percussion,-1,62,D4,81,0.0053475999999932355,288.6313624,288.63671
Percussion,-1,35,B1,77,0.14705900000001293,288.489651,288.63671
Percussion,-1,64,E4,56,0.026737999999966178,288.6447314,288.6714694
Percussion,-1,70,A#4,96,0.04545460000002777,288.6313624,288.676817
Percussion,-1,56,G#3,76,0.04812839999999596,288.6393838,288.6875122
Percussion,-1,62,D4,80,0.02673800000002302,288.8051594,288.8318974
Percussion,-1,70,A#4,94,0.04278080000000273,288.7917904,288.8345712
Percussion,-1,61,C#4,72,0.04812839999999596,288.7917904,288.8399188
Percussion,-1,62,D4,56,0.02673800000002302,288.9655874,288.9923254
Percussion,-1,49,C#3,127,0.04545460000002777,288.9522184,288.997673
Percussion,-1,64,E4,127,0.07219259999999394,288.9522184,289.024411
Percussion,-1,35,B1,77,0.12834240000000818,288.9468708,289.0752132
Percussion,-1,64,E4,56,0.026737999999966178,289.1260154,289.1527534
