instrumento,nota,volumen,dura,empieza,termina
-1.0,82,47,0.019607866666666657,0.5053482,0.5249560666666667
-1.0,62,56,0.02673799999999993,0.5160434,0.5427814
-1.0,63,75,0.04946529999999999,0.5053482,0.5548135000000001
-1.0,66,49,0.033422499999999966,0.6657762,0.6991987
-1.0,62,56,0.02673799999999993,0.6764714000000001,0.7032094
-1.0,62,127,0.037433199999999944,0.8262042,0.8636374
-1.0,62,80,0.02673800000000004,0.8368994,0.8636374
-1.0,70,70,0.04278079999999995,0.8262042,0.868985
-1.0,61,52,0.08021400000000001,0.7994662,0.8796802
-1.0,92,44,0.07219259999999994,0.8262042,0.8983968
-1.0,56,76,0.010695200000000016,0.9732632,0.9839584
-1.0,62,55,0.008021399999999956,0.9866322000000001,0.9946536
-1.0,64,56,0.02673800000000004,0.9973274,1.0240654
-1.0,70,73,0.04278079999999984,0.9866322000000001,1.029413
-1.0,35,77,0.1042782000000001,0.9839584,1.0882366
-1.0,64,56,0.02673799999999993,1.1577554,1.1844934
-1.0,74,66,0.0631016799999999,1.1470602,1.21016188
-1.0,62,80,0.02673799999999993,1.3181834000000001,1.3449214
-1.0,79,61,0.062165849999999856,1.3074882,1.3696540499999998
-1.0,62,56,0.02673799999999993,1.4786114000000001,1.5053494
-1.0,67,103,0.05213909999999988,1.4679162000000001,1.5200553
-1.0,35,77,0.0935830000000002,1.4652424,1.5588254000000001
-1.0,64,127,0.037433199999999944,1.6283442000000001,1.6657774
-1.0,64,56,0.02673800000000015,1.6390394,1.6657774
-1.0,70,77,0.04278079999999984,1.6283442000000001,1.671125
-1.0,56,55,0.061497399999999924,1.631018,1.6925154
-1.0,92,44,0.07219259999999994,1.6283442000000001,1.7005368
-1.0,62,55,0.037433200000000166,1.7887722,1.8262054
-1.0,62,56,0.02673800000000015,1.7994674,1.8262054
-1.0,63,76,0.0467915000000001,1.7887722,1.8355637
-1.0,62,55,0.037433200000000166,1.9492002,1.9866334
-1.0,62,56,0.02673800000000015,1.9598954,1.9866334
-1.0,84,53,0.04634586666666681,1.9492002,1.9955460666666667
-1.0,62,127,0.037433200000000166,2.1096282,2.1470614
-1.0,62,80,0.02673799999999993,2.1203234,2.1470614
-1.0,70,78,0.04278080000000006,2.1096282,2.152409
-1.0,61,54,0.08021399999999979,2.085564,2.165778
-1.0,92,44,0.0588236000000002,2.1096282,2.1684518
-1.0,64,127,0.037433200000000166,2.2700562,2.3074894
-1.0,64,56,0.02673799999999993,2.2807514,2.3074894
-1.0,70,82,0.04278080000000006,2.2700562,2.312837
-1.0,56,55,0.0641712000000001,2.2620348,2.326206
-1.0,92,44,0.07486639999999989,2.2700562,2.3449226
-1.0,35,77,0.11764719999999995,2.2673824000000002,2.3850296
-1.0,64,127,0.037433200000000166,2.4304842,2.4679174
-1.0,64,56,0.02673799999999993,2.4411794,2.4679174
-1.0,63,78,0.04411770000000015,2.4304842,2.4746019
-1.0,62,88,0.037433200000000166,2.5909122,2.6283454
-1.0,62,80,0.02673799999999993,2.6016074000000002,2.6283454
-1.0,84,55,0.05704106666666675,2.5909122,2.6479532666666667
-1.0,62,56,0.02673799999999993,2.7620354000000003,2.7887734
-1.0,66,103,0.05080220000000013,2.7513402,2.8021424
-1.0,35,77,0.06951879999999999,2.754014,2.8235328
-1.0,64,56,0.02673799999999993,2.9224634000000003,2.9492014
-1.0,56,55,0.06684499999999982,2.8877040000000003,2.954549
-1.0,79,74,0.048796850000000114,2.9117682,2.96056505
-1.0,62,55,0.037433200000000166,3.0721962,3.1096294
-1.0,62,56,0.026738000000000373,3.0828914,3.1096294
-1.0,77,59,0.055481349999999985,3.0721962,3.12767755
-1.0,66,49,0.03342250000000013,3.2326242,3.2660467000000004
-1.0,62,56,0.026738000000000373,3.2433194,3.2700574000000002
-1.0,62,127,0.037433200000000166,3.3930522,3.4304854000000002
-1.0,62,80,0.026738000000000373,3.4037474,3.4304854000000002
-1.0,70,70,0.04278080000000006,3.3930522,3.435833
-1.0,61,52,0.08021399999999979,3.3663142,3.4465282
-1.0,92,44,0.07219260000000016,3.3930522,3.4652448000000002
-1.0,62,55,0.008021400000000067,3.5534802,3.5615016
-1.0,64,56,0.026738000000000373,3.5641754,3.5909134000000003
-1.0,70,73,0.04278080000000006,3.5534802,3.596261
-1.0,56,76,0.06684499999999982,3.5401112,3.6069562
-1.0,35,77,0.10427819999999999,3.5508064,3.6550846
-1.0,64,56,0.026738000000000373,3.7246034,3.7513414000000003
-1.0,74,66,0.06310168000000002,3.7139082,3.77700988
-1.0,62,80,0.026738000000000373,3.8850314,3.9117694000000003
-1.0,79,61,0.06216585000000008,3.8743362,3.93650205
-1.0,62,56,0.02673799999999993,4.0454594,4.0721974
-1.0,67,103,0.052139100000000216,4.0347642,4.0869032999999995
-1.0,35,77,0.09358299999999975,4.0320904,4.1256734
-1.0,64,127,0.03743319999999972,4.1951922,4.2326254
-1.0,64,56,0.02673799999999993,4.2058874,4.2326254
-1.0,70,77,0.04278080000000006,4.1951922,4.237973
-1.0,56,55,0.06149739999999948,4.197866,4.2593634
-1.0,92,44,0.07219260000000016,4.1951922,4.2673848
-1.0,62,55,0.03743320000000061,4.3556202,4.3930534
-1.0,62,56,0.02673799999999993,4.3663154,4.3930534
-1.0,63,76,0.04679150000000032,4.3556202,4.4024117
-1.0,62,55,0.03743319999999972,4.5160482,4.5534814
-1.0,62,56,0.02673799999999993,4.5267434,4.5534814
-1.0,84,53,0.04634586666666637,4.5160482,4.562394066666666
-1.0,62,127,0.03743320000000061,4.6764762,4.7139094
-1.0,62,80,0.02673799999999993,4.6871714,4.7139094
-1.0,70,78,0.04278080000000006,4.6764762,4.719257
-1.0,61,54,0.08021399999999979,4.652412,4.732626
-1.0,92,44,0.0588236000000002,4.6764762,4.7352998
-1.0,64,127,0.03743319999999972,4.8369042,4.8743374
-1.0,64,56,0.02673799999999993,4.8475994,4.8743374
-1.0,70,82,0.04278080000000006,4.8369042,4.879685
-1.0,56,55,0.06417120000000054,4.8288828,4.893054
-1.0,92,44,0.07486639999999944,4.8369042,4.9117706
-1.0,35,77,0.1176472000000004,4.8342304,4.9518776
-1.0,64,127,0.03743320000000061,4.9973322,5.0347654
-1.0,64,56,0.02673799999999993,5.0080274000000005,5.0347654
-1.0,63,78,0.04278080000000006,4.9973322,5.040113
-1.0,62,88,0.03743319999999972,5.1577602,5.1951934
-1.0,62,80,0.02673799999999993,5.1684554,5.1951934
-1.0,84,55,0.05704106666666645,5.1577602,5.214801266666667
-1.0,62,56,0.02673799999999993,5.3288834000000005,5.3556214
-1.0,66,103,0.05080220000000013,5.3181882,5.3689903999999995
-1.0,35,77,0.06951879999999999,5.320862,5.3903808
-1.0,64,56,0.02673799999999993,5.4893114,5.5160494
-1.0,56,55,0.06684499999999982,5.4545520000000005,5.521397
-1.0,79,74,0.04879684999999978,5.4786162,5.52741305
-1.0,62,55,0.03743320000000061,5.6390442,5.6764774000000005
-1.0,62,56,0.02673799999999993,5.6497394000000005,5.6764774000000005
-1.0,77,59,0.05548135000000043,5.6390442,5.69452555
-1.0,66,49,0.03342249999999991,5.7994722,5.832894700000001
-1.0,62,56,0.02673799999999993,5.8101674,5.8369054
-1.0,62,127,0.03743320000000061,5.9599002,5.9973334000000005
-1.0,62,80,0.026738000000000817,5.9705954,5.9973334000000005
-1.0,70,70,0.04278080000000006,5.9599002,6.002681
-1.0,61,52,0.08021399999999979,5.9331622,6.0133762
-1.0,92,44,0.07219260000000016,5.9599002,6.0320928
-1.0,62,55,0.008021399999999623,6.1203282,6.1283496
-1.0,64,56,0.02673799999999993,6.1310234,6.1577614
-1.0,70,73,0.04278080000000006,6.1203282,6.163109
-1.0,56,76,0.06684499999999982,6.1069592,6.1738042
-1.0,35,77,0.10427819999999954,6.1176544,6.2219326
-1.0,64,56,0.026738000000000817,6.2914514,6.3181894000000005
-1.0,74,66,0.0631016800000003,6.2807562,6.34385788
-1.0,62,80,0.02673799999999993,6.4518794,6.4786174
-1.0,79,61,0.062165849999999745,6.4411842,6.50335005
-1.0,62,56,0.026738000000000817,6.6123074,6.6390454000000005
-1.0,67,103,0.052139100000000216,6.6016122,6.6537513
-1.0,35,77,0.09358300000000064,6.5989384,6.6925214
-1.0,64,127,0.03743319999999972,6.7620402,6.7994734
-1.0,64,56,0.02673799999999993,6.7727354,6.7994734
-1.0,70,77,0.04278080000000006,6.7620402,6.8048210000000005
-1.0,56,55,0.06149739999999948,6.764714000000001,6.8262114
-1.0,92,44,0.07219260000000016,6.7620402,6.8342328000000006
-1.0,62,55,0.03743319999999972,6.9224682,6.9599014
-1.0,62,56,0.02673799999999993,6.9331634,6.9599014
-1.0,63,76,0.04679150000000032,6.9224682,6.9692597
-1.0,62,55,0.03743319999999972,7.0828962,7.1203294
-1.0,62,56,0.02673799999999993,7.0935914,7.1203294
-1.0,84,53,0.04634586666666637,7.0828962,7.1292420666666665
-1.0,62,127,0.03743319999999972,7.2433242,7.2807574
-1.0,62,80,0.02673799999999993,7.2540194,7.2807574
-1.0,70,78,0.04278080000000006,7.2433242,7.286105
-1.0,61,54,0.08021399999999979,7.21926,7.299474
-1.0,92,44,0.0588236000000002,7.2433242,7.3021478
-1.0,64,127,0.03743319999999972,7.4037522000000004,7.4411854
-1.0,64,56,0.02673799999999993,7.4144474,7.4411854
-1.0,70,82,0.04278080000000006,7.4037522000000004,7.4465330000000005
-1.0,56,55,0.06417120000000054,7.3957308,7.4599020000000005
-1.0,92,44,0.07486639999999944,7.4037522000000004,7.4786186
-1.0,35,77,0.11764719999999951,7.4010784,7.5187256
-1.0,64,127,0.03743319999999972,7.5641802,7.6016134
-1.0,64,56,0.02673799999999993,7.5748754,7.6016134
-1.0,63,78,0.04278080000000006,7.5641802,7.606961
-1.0,62,88,0.03743319999999972,7.7246082000000005,7.7620414
-1.0,62,80,0.02673799999999993,7.7353034,7.7620414
-1.0,84,55,0.05704106666666645,7.724608200000001,7.781649266666668
-1.0,62,56,0.02673799999999993,7.8957314,7.9224694
-1.0,66,103,0.05080220000000013,7.8850362,7.9358384
-1.0,35,77,0.06951879999999999,7.88771,7.9572288
-1.0,64,56,0.02673799999999993,8.0561594,8.0828974
-1.0,56,55,0.06684500000000071,8.0214,8.088245
-1.0,79,74,0.04879685,8.0454642,8.09426105
-1.0,56,70,0.034759399999998664,8.205892200000001,8.2406516
-1.0,62,56,0.02673799999999993,8.2165874,8.2433254
-1.0,65,97,0.054812899999999054,8.205892200000001,8.2607051
-1.0,62,77,0.005347600000000341,8.3663202,8.3716678
-1.0,62,56,0.02673799999999993,8.3770154,8.4037534
-1.0,70,82,0.045454599999999346,8.3663202,8.4117748
-1.0,62,77,0.005347600000000341,8.5267482,8.5320958
-1.0,62,80,0.02673799999999993,8.5374434,8.5641814
-1.0,70,94,0.048128399999999516,8.5267482,8.5748766
-1.0,64,56,0.02673799999999993,8.6978714,8.7246094
-1.0,66,109,0.06417120000000054,8.6871762,8.7513474
-1.0,35,77,0.14705899999999872,8.703219,8.850278
-1.0,62,81,0.005347599999998565,8.847604200000001,8.8529518
-1.0,64,56,0.02673799999999993,8.8582994,8.8850374
-1.0,70,96,0.045454599999999346,8.847604200000001,8.8930588
-1.0,56,76,0.048128399999999516,8.8556256,8.903754
-1.0,62,80,0.02673799999999993,9.0187274,9.0454654
-1.0,65,83,0.045454599999999346,9.0080322,9.0534868
-1.0,62,56,0.02673799999999993,9.1791554,9.2058934
-1.0,67,111,0.05882359999999931,9.1684602,9.227283799999999
-1.0,35,77,0.12834240000000108,9.1631126,9.291455000000001
-1.0,64,127,0.03743320000000061,9.3288882,9.3663214
-1.0,64,56,0.02673799999999993,9.3395834,9.3663214
-1.0,70,98,0.04545460000000112,9.3288882,9.3743428
-1.0,62,56,0.02673799999999993,10.7834354,10.8101734
-1.0,67,83,0.08021400000000156,10.7727402,10.852954200000001
-1.0,62,56,0.02673799999999993,10.9438634,10.9706014
-1.0,70,55,0.08021399999999979,10.9331682,11.0133822
-1.0,62,80,0.008021399999998735,11.069532,11.0775534
-1.0,62,127,0.03743320000000061,11.0935962,11.131029400000001
-1.0,62,80,0.02673799999999993,11.104291400000001,11.131029400000001
-1.0,70,55,0.08021399999999979,11.0935962,11.1738102
-1.0,64,56,0.02673799999999993,11.2647194,11.2914574
-1.0,70,55,0.08021399999999979,11.2540242,11.3342382
-1.0,64,56,0.02673799999999993,11.4251474,11.4518854
-1.0,66,71,0.10160440000000115,11.4144522,11.5160566
-1.0,62,80,0.02673799999999993,11.5855754,11.6123134
-1.0,66,71,0.06550809999999974,11.5748802,11.640388300000001
-1.0,62,56,0.02673799999999993,11.746003400000001,11.772741400000001
-1.0,64,127,0.05614980000000003,11.737982,11.7941318
-1.0,70,55,0.08021399999999979,11.7353082,11.8155222
-1.0,64,127,0.03743320000000061,11.8957362,11.9331694
-1.0,64,56,0.02673799999999993,11.9064314,11.9331694
-1.0,70,55,0.08021399999999979,11.8957362,11.9759502
-1.0,62,56,0.02673799999999993,12.0668594,12.0935974
-1.0,70,55,0.08021399999999979,12.0561642,12.1363782
-1.0,62,56,0.02673799999999993,12.2272874,12.2540254
-1.0,70,55,0.08021399999999979,12.216592200000001,12.2968062
-1.0,62,80,0.008021399999998735,12.352956,12.3609774
-1.0,62,127,0.03743320000000061,12.3770202,12.414453400000001
-1.0,62,80,0.026738000000001705,12.3877154,12.414453400000001
-1.0,70,55,0.08021399999999979,12.3770202,12.4572342
-1.0,64,127,0.03743320000000061,12.5374482,12.5748814
-1.0,64,56,0.02673799999999993,12.5481434,12.5748814
-1.0,70,55,0.08021399999999979,12.5374482,12.6176622
-1.0,64,127,0.03743320000000061,12.6978762,12.7353094
-1.0,64,56,0.02673799999999993,12.7085714,12.7353094
-1.0,70,55,0.08021399999999979,12.6978762,12.7780902
-1.0,62,80,0.02673799999999993,12.8689994,12.8957374
-1.0,70,55,0.08021399999999979,12.858304200000001,12.9385182
-1.0,62,56,0.02673799999999993,13.0294274,13.0561654
-1.0,66,91,0.06951879999999999,13.0187322,13.088251
-1.0,64,56,0.02673799999999993,13.1898554,13.2165934
-1.0,66,91,0.06550809999999974,13.1791602,13.2446683
-1.0,62,56,0.02673799999999993,13.3502834,13.3770214
-1.0,70,55,0.08021399999999979,13.3395882,13.4198022
-1.0,62,56,0.02673799999999993,13.5107114,13.5374494
-1.0,70,55,0.08021399999999979,13.500016200000001,13.5802302
-1.0,62,80,0.008021399999998735,13.63638,13.6444014
-1.0,62,127,0.037433199999998834,13.6604442,13.6978774
-1.0,62,80,0.02673799999999993,13.6711394,13.6978774
-1.0,70,55,0.08021399999999979,13.6604442,13.7406582
-1.0,64,56,0.02673799999999993,13.8315674,13.8583054
-1.0,70,55,0.08021399999999979,13.8208722,13.9010862
-1.0,64,56,0.02673799999999993,13.9919954,14.0187334
-1.0,66,71,0.10160440000000026,13.9813002,14.082904599999999
-1.0,62,80,0.02673799999999993,14.1524234,14.1791614
-1.0,66,71,0.06550809999999974,14.141728200000001,14.207236300000002
-1.0,62,56,0.02673799999999993,14.3128514,14.3395894
-1.0,64,127,0.05614980000000003,14.30483,14.3609798
-1.0,70,55,0.08021399999999979,14.3021562,14.3823702
-1.0,64,127,0.03743320000000061,14.4625842,14.5000174
-1.0,64,56,0.02673799999999993,14.473279400000001,14.5000174
-1.0,70,55,0.08021399999999979,14.4625842,14.5427982
-1.0,62,56,0.02673799999999993,14.6337074,14.6604454
-1.0,67,77,0.08021399999999979,14.6230122,14.7032262
-1.0,62,56,0.02673799999999993,14.7941354,14.8208734
-1.0,67,77,0.08021399999999979,14.783440200000001,14.863654200000001
-1.0,62,80,0.008021399999998735,14.919804000000001,14.9278254
-1.0,62,127,0.037433199999998834,14.9438682,14.9813014
-1.0,62,80,0.02673799999999993,14.9545634,14.9813014
-1.0,70,55,0.08021399999999979,14.9438682,15.0240822
-1.0,64,127,0.03743320000000061,15.1042962,15.141729400000001
-1.0,64,56,0.02673799999999993,15.114991400000001,15.141729400000001
-1.0,67,77,0.08021399999999979,15.1042962,15.1845102
-1.0,64,127,0.03743320000000061,15.2647242,15.3021574
-1.0,64,56,0.02673799999999993,15.2754194,15.3021574
-1.0,70,55,0.08021399999999979,15.2647242,15.3449382
-1.0,62,80,0.02673799999999993,15.4358474,15.4625854
-1.0,70,55,0.08021400000000156,15.4251522,15.505366200000001
-1.0,62,56,0.02673799999999993,15.5962754,15.6230134
-1.0,66,91,0.06951879999999999,15.5855802,15.655099
-1.0,64,56,0.02673799999999993,15.756703400000001,15.783441400000001
-1.0,66,91,0.06550809999999974,15.7460082,15.811516300000001
-1.0,62,56,0.02673799999999993,15.9171314,15.9438694
-1.0,70,55,0.08021399999999979,15.9064362,15.9866502
-1.0,62,56,0.026737999999998152,16.077559400000002,16.1042974
-1.0,70,55,0.08021399999999801,16.0668642,16.1470782
-1.0,62,80,0.008021400000000511,16.203228,16.2112494
-1.0,62,127,0.037433199999998834,16.2272922,16.2647254
-1.0,62,80,0.026737999999998152,16.2379874,16.2647254
-1.0,70,55,0.08021399999999801,16.2272922,16.3075062
-1.0,64,56,0.026737999999998152,16.3984154,16.4251534
-1.0,70,55,0.08021400000000156,16.3877202,16.467934200000002
-1.0,64,56,0.026737999999998152,16.5588434,16.5855814
-1.0,66,71,0.10160440000000115,16.5481482,16.6497526
-1.0,62,80,0.026738000000001705,16.7192714,16.746009400000002
-1.0,66,71,0.06550810000000062,16.7085762,16.7740843
-1.0,62,56,0.026738000000001705,16.8796994,16.9064374
-1.0,64,127,0.05614980000000003,16.871678,16.9278278
-1.0,70,55,0.08021400000000156,16.8690042,16.9492182
-1.0,64,127,0.03743320000000239,17.0294322,17.0668654
-1.0,64,56,0.026738000000001705,17.0401274,17.0668654
-1.0,70,55,0.08021400000000156,17.0294322,17.1096462
-1.0,62,56,0.026738000000001705,17.2005554,17.2272934
-1.0,70,55,0.08021399999999801,17.189860200000002,17.2700742
-1.0,62,56,0.026737999999998152,17.360983400000002,17.3877214
-1.0,70,55,0.08021399999999801,17.3502882,17.4305022
-1.0,62,80,0.008021400000000511,17.486652,17.4946734
-1.0,62,127,0.037433199999998834,17.5107162,17.5481494
-1.0,62,80,0.026737999999998152,17.5214114,17.5481494
-1.0,70,55,0.08021399999999801,17.5107162,17.5909302
-1.0,64,127,0.037433199999998834,17.6711442,17.7085774
-1.0,64,56,0.026737999999998152,17.6818394,17.7085774
-1.0,70,55,0.08021400000000156,17.6711442,17.751358200000002
-1.0,64,127,0.037433199999998834,17.8315722,17.8690054
-1.0,64,56,0.026737999999998152,17.8422674,17.8690054
-1.0,70,55,0.08021400000000156,17.8315722,17.9117862
-1.0,62,80,0.026738000000001705,18.0026954,18.029433400000002
-1.0,70,55,0.08021400000000156,17.9920002,18.0722142
-1.0,62,56,0.026738000000001705,18.1631234,18.1898614
-1.0,66,91,0.06951880000000088,18.1524282,18.221947
-1.0,64,56,0.026738000000001705,18.3235514,18.3502894
-1.0,66,91,0.0655081000000024,18.3128562,18.3783643
-1.0,62,56,0.026738000000001705,18.4839794,18.5107174
-1.0,70,55,0.08021399999999801,18.473284200000002,18.5534982
-1.0,62,56,0.026738000000001705,18.6444074,18.6711454
-1.0,70,55,0.08021399999999801,18.6337122,18.7139262
-1.0,62,80,0.008021400000000511,18.770076,18.7780974
-1.0,62,127,0.037433199999998834,18.7941402,18.8315734
-1.0,62,80,0.026737999999998152,18.8048354,18.8315734
-1.0,70,55,0.08021399999999801,18.7941402,18.8743542
-1.0,64,56,0.026737999999998152,18.9652634,18.9920014
-1.0,70,55,0.08021399999999801,18.9545682,19.0347822
-1.0,64,56,0.026737999999998152,19.1256914,19.1524294
-1.0,66,71,0.10160440000000115,19.1149962,19.2166006
-1.0,62,80,0.026737999999998152,19.2861194,19.3128574
-1.0,66,71,0.06550810000000062,19.2754242,19.3409323
-1.0,62,56,0.026738000000001705,19.4465474,19.4732854
-1.0,64,127,0.05614980000000003,19.438526,19.4946758
-1.0,70,55,0.08021400000000156,19.4358522,19.5160662
-1.0,64,127,0.03743320000000239,19.5962802,19.6337134
-1.0,64,56,0.026738000000001705,19.6069754,19.6337134
-1.0,70,55,0.08021400000000156,19.5962802,19.6764942
-1.0,62,56,0.026738000000001705,19.7674034,19.7941414
-1.0,70,55,0.08021399999999801,19.756708200000002,19.8369222
-1.0,62,56,0.026738000000001705,19.9278314,19.9545694
-1.0,70,55,0.08021399999999801,19.9171362,19.9973502
-1.0,62,80,0.008021400000000511,20.0535,20.0615214
-1.0,62,127,0.037433199999998834,20.0775642,20.1149974
-1.0,62,80,0.026737999999998152,20.088259400000002,20.1149974
-1.0,70,55,0.08021399999999801,20.0775642,20.1577782
-1.0,64,127,0.037433199999998834,20.2379922,20.2754254
-1.0,64,56,0.026737999999998152,20.2486874,20.2754254
-1.0,70,55,0.08021399999999801,20.2379922,20.3182062
-1.0,64,127,0.037433199999998834,20.3984202,20.4358534
-1.0,64,56,0.026737999999998152,20.4091154,20.4358534
-1.0,70,55,0.08021400000000156,20.3984202,20.478634200000002
-1.0,62,80,0.026737999999998152,20.5695434,20.5962814
-1.0,70,55,0.08021400000000156,20.5588482,20.6390622
-1.0,62,56,0.026738000000001705,20.7299714,20.756709400000002
-1.0,66,91,0.06951880000000088,20.7192762,20.788795
-1.0,64,56,0.026738000000001705,20.8903994,20.9171374
-1.0,66,91,0.06550810000000062,20.8797042,20.9452123
-1.0,62,56,0.026738000000001705,21.0508274,21.0775654
-1.0,70,55,0.08021400000000156,21.0401322,21.1203462
-1.0,62,56,0.026738000000001705,21.2112554,21.2379934
-1.0,70,55,0.08021399999999801,21.2005602,21.2807742
-1.0,62,80,0.008021400000000511,21.336924,21.3449454
-1.0,62,127,0.037433199999998834,21.3609882,21.3984214
-1.0,62,80,0.026737999999998152,21.371683400000002,21.3984214
-1.0,70,55,0.08021399999999801,21.3609882,21.4412022
-1.0,64,56,0.026737999999998152,21.5321114,21.5588494
-1.0,70,55,0.08021399999999801,21.5214162,21.6016302
-1.0,64,56,0.026737999999998152,21.6925394,21.7192774
-1.0,66,71,0.10160440000000115,21.6818442,21.7834486
-1.0,62,80,0.026737999999998152,21.8529674,21.8797054
-1.0,66,71,0.06550810000000062,21.8422722,21.9077803
-1.0,62,56,0.026738000000001705,22.0133954,22.040133400000002
-1.0,64,127,0.05614980000000003,22.005374,22.0615238
-1.0,70,55,0.08021400000000156,22.0027002,22.0829142
-1.0,64,127,0.03743320000000239,22.1631282,22.2005614
-1.0,64,56,0.026738000000001705,22.1738234,22.2005614
-1.0,70,55,0.08021400000000156,22.1631282,22.2433422
-1.0,62,56,0.026738000000001705,22.3342514,22.3609894
-1.0,70,55,0.08021400000000156,22.3235562,22.4037702
-1.0,62,56,0.026738000000001705,22.4946794,22.5214174
-1.0,70,55,0.08021399999999801,22.483984200000002,22.5641982
-1.0,62,80,0.008021400000000511,22.620348,22.6283694
-1.0,62,127,0.037433199999998834,22.6444122,22.6818454
-1.0,62,80,0.026737999999998152,22.655107400000002,22.6818454
-1.0,70,55,0.08021399999999801,22.6444122,22.7246262
-1.0,64,127,0.037433199999998834,22.8048402,22.8422734
-1.0,64,56,0.026737999999998152,22.8155354,22.8422734
-1.0,70,55,0.08021399999999801,22.8048402,22.8850542
-1.0,64,127,0.037433199999998834,22.9652682,23.0027014
-1.0,64,56,0.026737999999998152,22.9759634,23.0027014
-1.0,70,55,0.08021400000000156,22.9652682,23.045482200000002
-1.0,62,80,0.026737999999998152,23.1363914,23.1631294
-1.0,70,55,0.08021400000000156,23.1256962,23.2059102
-1.0,62,56,0.026738000000001705,23.2968194,23.323557400000002
-1.0,66,91,0.06951880000000088,23.2861242,23.355643
-1.0,64,56,0.026738000000001705,23.4572474,23.4839854
-1.0,66,91,0.06550810000000062,23.4465522,23.5120603
-1.0,62,56,0.026738000000001705,23.6176754,23.6444134
-1.0,70,55,0.08021400000000156,23.6069802,23.6871942
-1.0,62,56,0.026738000000001705,23.7781034,23.8048414
-1.0,70,55,0.08021399999999801,23.767408200000002,23.8476222
-1.0,62,80,0.008021400000000511,23.903772,23.9117934
-1.0,62,127,0.037433199999998834,23.9278362,23.9652694
-1.0,62,80,0.026738000000001705,23.9385314,23.9652694
-1.0,70,55,0.08021399999999801,23.9278362,24.0080502
-1.0,64,56,0.026737999999998152,24.098959400000002,24.1256974
-1.0,70,55,0.08021399999999801,24.0882642,24.1684782
-1.0,64,56,0.026737999999998152,24.2593874,24.2861254
-1.0,66,71,0.10160439999999937,24.2486922,24.3502966
-1.0,62,80,0.026737999999998152,24.4198154,24.4465534
-1.0,66,71,0.06550810000000062,24.4091202,24.4746283
-1.0,62,56,0.026737999999998152,24.5802434,24.6069814
-1.0,64,127,0.05614980000000003,24.572222,24.6283718
-1.0,70,55,0.08021400000000156,24.5695482,24.6497622
-1.0,64,127,0.03743320000000239,24.7299762,24.767409400000002
-1.0,64,56,0.026738000000001705,24.7406714,24.767409400000002
-1.0,70,55,0.08021400000000156,24.7299762,24.8101902
-1.0,62,56,0.026738000000001705,24.9010994,24.9278374
-1.0,70,55,0.08021400000000156,24.8904042,24.9706182
-1.0,62,56,0.026738000000001705,25.0615274,25.0882654
-1.0,70,55,0.08021399999999801,25.050832200000002,25.1310462
-1.0,62,80,0.008021400000000511,25.187196,25.1952174
-1.0,62,127,0.037433199999998834,25.2112602,25.2486934
-1.0,62,80,0.026738000000001705,25.2219554,25.2486934
-1.0,70,55,0.08021399999999801,25.2112602,25.2914742
-1.0,64,127,0.037433199999998834,25.3716882,25.4091214
-1.0,64,56,0.026737999999998152,25.382383400000002,25.4091214
-1.0,70,55,0.08021399999999801,25.3716882,25.4519022
-1.0,64,127,0.037433199999998834,25.5321162,25.5695494
-1.0,64,56,0.026737999999998152,25.5428114,25.5695494
-1.0,70,55,0.08021399999999801,25.5321162,25.6123302
-1.0,62,80,0.026737999999998152,25.7032394,25.7299774
-1.0,70,55,0.08021400000000156,25.6925442,25.772758200000002
-1.0,62,56,0.026737999999998152,25.8636674,25.8904054
-1.0,66,91,0.06951880000000088,25.8529722,25.922491
-1.0,64,56,0.026738000000001705,26.0240954,26.050833400000002
-1.0,66,91,0.06550810000000062,26.0134002,26.078908300000002
-1.0,62,56,0.026738000000001705,26.1845234,26.2112614
-1.0,70,55,0.08021400000000156,26.1738282,26.2540422
-1.0,62,56,0.026738000000001705,26.3449514,26.3716894
-1.0,70,55,0.08021399999999801,26.334256200000002,26.4144702
-1.0,62,80,0.008021400000000511,26.47062,26.4786414
-1.0,62,127,0.037433199999998834,26.494684200000002,26.5321174
-1.0,62,80,0.026738000000001705,26.5053794,26.5321174
-1.0,70,55,0.08021399999999801,26.494684200000002,26.5748982
-1.0,64,56,0.026737999999998152,26.665807400000002,26.6925454
-1.0,70,55,0.08021399999999801,26.6551122,26.7353262
-1.0,64,56,0.026737999999998152,26.8262354,26.8529734
-1.0,66,71,0.10160439999999937,26.8155402,26.9171446
-1.0,62,80,0.026737999999998152,26.9866634,27.0134014
-1.0,66,71,0.06550810000000062,26.9759682,27.0414763
-1.0,62,56,0.026737999999998152,27.1470914,27.1738294
-1.0,64,127,0.05614980000000003,27.13907,27.1952198
-1.0,70,55,0.08021400000000156,27.1363962,27.2166102
-1.0,64,127,0.03743320000000239,27.2968242,27.334257400000002
-1.0,64,56,0.026738000000001705,27.3075194,27.334257400000002
-1.0,70,55,0.08021400000000156,27.2968242,27.3770382
-1.0,62,56,0.026738000000001705,27.4679474,27.4946854
-1.0,70,55,0.08021400000000156,27.4572522,27.5374662
-1.0,62,56,0.026738000000001705,27.6283754,27.6551134
-1.0,70,55,0.08021400000000156,27.6176802,27.6978942
-1.0,62,80,0.008021400000000511,27.754044,27.7620654
-1.0,62,127,0.037433199999998834,27.778108200000002,27.8155414
-1.0,62,80,0.026738000000001705,27.7888034,27.8155414
-1.0,70,55,0.08021399999999801,27.778108200000002,27.8583222
-1.0,64,127,0.037433199999998834,27.9385362,27.9759694
-1.0,64,56,0.026737999999998152,27.949231400000002,27.9759694
-1.0,70,55,0.08021399999999801,27.9385362,28.0187502
-1.0,64,127,0.037433199999998834,28.0989642,28.1363974
-1.0,64,56,0.026737999999998152,28.1096594,28.1363974
-1.0,70,55,0.08021399999999801,28.0989642,28.1791782
-1.0,62,80,0.026737999999998152,28.2700874,28.2968254
-1.0,70,55,0.08021400000000156,28.2593922,28.339606200000002
-1.0,62,56,0.026737999999998152,28.4305154,28.4572534
-1.0,66,91,0.06951880000000088,28.4198202,28.489339
-1.0,64,56,0.026738000000001705,28.5909434,28.617681400000002
-1.0,66,91,0.06550810000000062,28.5802482,28.645756300000002
-1.0,62,56,0.026738000000001705,28.7513714,28.7781094
-1.0,70,55,0.08021400000000156,28.7406762,28.8208902
-1.0,62,56,0.026738000000001705,28.9117994,28.9385374
-1.0,70,55,0.08021400000000156,28.9011042,28.9813182
-1.0,62,80,0.008021400000000511,29.037468,29.0454894
-1.0,62,127,0.037433199999998834,29.061532200000002,29.0989654
-1.0,62,80,0.026738000000001705,29.0722274,29.0989654
-1.0,70,55,0.08021399999999801,29.061532200000002,29.1417462
-1.0,64,56,0.026737999999998152,29.232655400000002,29.2593934
-1.0,70,55,0.08021399999999801,29.2219602,29.3021742
-1.0,64,56,0.026737999999998152,29.393083400000002,29.4198214
-1.0,66,71,0.10160439999999937,29.3823882,29.4839926
-1.0,62,80,0.026737999999998152,29.5535114,29.5802494
-1.0,66,71,0.06550810000000062,29.5428162,29.6083243
-1.0,62,56,0.026737999999998152,29.7139394,29.7406774
-1.0,64,127,0.05614980000000003,29.705918,29.7620678
-1.0,70,55,0.08021400000000156,29.7032442,29.783458200000002
-1.0,64,127,0.03743320000000239,29.8636722,29.901105400000002
-1.0,64,56,0.026738000000001705,29.8743674,29.901105400000002
-1.0,70,55,0.08021400000000156,29.8636722,29.9438862
-1.0,62,56,0.026738000000001705,30.0347954,30.061533400000002
-1.0,70,55,0.08021400000000156,30.0241002,30.1043142
-1.0,62,56,0.026738000000001705,30.1952234,30.2219614
-1.0,70,55,0.08021400000000156,30.1845282,30.2647422
-1.0,62,80,0.008021400000000511,30.320892,30.3289134
-1.0,62,127,0.037433199999998834,30.344956200000002,30.3823894
-1.0,62,80,0.026738000000001705,30.3556514,30.3823894
-1.0,70,55,0.08021399999999801,30.344956200000002,30.4251702
-1.0,64,127,0.037433199999998834,30.5053842,30.5428174
-1.0,64,56,0.026738000000001705,30.5160794,30.5428174
-1.0,70,55,0.08021399999999801,30.5053842,30.5855982
-1.0,64,127,0.037433199999998834,30.6658122,30.7032454
-1.0,64,56,0.026737999999998152,30.676507400000002,30.7032454
-1.0,70,55,0.08021399999999801,30.6658122,30.7460262
-1.0,62,80,0.026737999999998152,30.8369354,30.8636734
-1.0,70,55,0.08021399999999801,30.8262402,30.9064542
-1.0,62,56,0.026737999999998152,30.9973634,31.0241014
-1.0,66,91,0.06951880000000088,30.9866682,31.056187
-1.0,64,56,0.026737999999998152,31.1577914,31.1845294
-1.0,66,91,0.06550810000000062,31.1470962,31.212604300000002
-1.0,62,56,0.026738000000001705,31.3182194,31.344957400000002
-1.0,70,55,0.08021400000000156,31.3075242,31.3877382
-1.0,62,56,0.026738000000001705,31.4786474,31.5053854
-1.0,70,55,0.08021400000000156,31.4679522,31.5481662
-1.0,62,80,0.008021400000000511,31.604316,31.6123374
-1.0,62,127,0.037433199999998834,31.628380200000002,31.6658134
-1.0,62,80,0.026738000000001705,31.6390754,31.6658134
-1.0,70,55,0.08021399999999801,31.628380200000002,31.7085942
-1.0,64,56,0.026738000000001705,31.7995034,31.8262414
-1.0,70,55,0.08021399999999801,31.788808200000002,31.8690222
-1.0,64,56,0.026737999999998152,31.959931400000002,31.9866694
-1.0,66,71,0.10160439999999937,31.9492362,32.0508406
-1.0,62,80,0.026738000000001705,32.1203594,32.1470974
-1.0,66,71,0.0655081000000024,32.1096642,32.1751723
-1.0,62,56,0.026738000000001705,32.2807874,32.3075254
-1.0,64,127,0.05614980000000003,32.272766,32.3289158
-1.0,70,55,0.08021399999999801,32.2700922,32.3503062
-1.0,64,127,0.03743319999999528,32.430520200000004,32.4679534
-1.0,64,56,0.026738000000001705,32.4412154,32.4679534
-1.0,70,55,0.08021399999999801,32.430520200000004,32.5107342
-1.0,62,56,0.026738000000001705,32.6016434,32.6283814
-1.0,70,55,0.08021399999999801,32.5909482,32.6711622
-1.0,62,56,0.0267379999999946,32.7620714,32.7888094
-1.0,70,55,0.08021399999999801,32.7513762,32.8315902
-1.0,62,80,0.008021399999996959,32.88774,32.8957614
-1.0,62,127,0.03743320000000239,32.9118042,32.9492374
-1.0,62,80,0.026738000000001705,32.9224994,32.9492374
-1.0,70,55,0.08021400000000511,32.9118042,32.992018200000004
-1.0,64,127,0.03743319999999528,33.0722322,33.1096654
-1.0,64,56,0.0267379999999946,33.0829274,33.1096654
-1.0,70,55,0.08021399999999801,33.0722322,33.1524462
-1.0,64,127,0.03743320000000239,33.2326602,33.2700934
-1.0,64,56,0.026738000000001705,33.2433554,33.2700934
-1.0,70,55,0.08021400000000511,33.2326602,33.3128742
-1.0,62,80,0.026738000000001705,33.4037834,33.4305214
-1.0,70,55,0.08021399999999801,33.3930882,33.4733022
-1.0,62,56,0.026738000000001705,33.5642114,33.5909494
-1.0,66,91,0.06951880000000443,33.5535162,33.623035
-1.0,64,56,0.026738000000001705,33.7246394,33.7513774
-1.0,66,91,0.06550809999999885,33.7139442,33.7794523
-1.0,62,56,0.0267379999999946,33.885067400000004,33.9118054
-1.0,70,55,0.08021399999999801,33.8743722,33.9545862
-1.0,62,56,0.026738000000001705,34.0454954,34.0722334
-1.0,70,55,0.08021399999999801,34.0348002,34.1150142
-1.0,62,80,0.008021400000004064,34.171164,34.1791854
-1.0,62,127,0.03743319999999528,34.1952282,34.2326614
-1.0,62,80,0.0267379999999946,34.2059234,34.2326614
-1.0,70,55,0.08021399999999801,34.1952282,34.2754422
-1.0,64,56,0.026738000000001705,34.3663514,34.3930894
-1.0,70,55,0.08021400000000511,34.3556562,34.435870200000004
-1.0,64,56,0.026738000000001705,34.5267794,34.553517400000004
-1.0,66,71,0.10160439999999937,34.5160842,34.6176886
-1.0,62,80,0.026738000000001705,34.6872074,34.7139454
-1.0,66,71,0.0655081000000024,34.6765122,34.7420203
-1.0,62,56,0.026738000000001705,34.8476354,34.8743734
-1.0,64,127,0.05614980000000003,34.839614,34.8957638
-1.0,70,55,0.08021399999999801,34.8369402,34.9171542
-1.0,64,127,0.03743319999999528,34.997368200000004,35.0348014
-1.0,64,56,0.026738000000001705,35.0080634,35.0348014
-1.0,70,55,0.08021399999999801,34.997368200000004,35.0775822
-1.0,62,56,0.026738000000001705,35.1684914,35.1952294
-1.0,70,55,0.08021399999999801,35.1577962,35.2380102
-1.0,62,56,0.0267379999999946,35.328919400000004,35.3556574
-1.0,70,55,0.08021399999999801,35.3182242,35.3984382
-1.0,62,80,0.008021399999996959,35.454588,35.4626094
-1.0,62,127,0.03743320000000239,35.4786522,35.5160854
-1.0,62,80,0.026738000000001705,35.4893474,35.5160854
-1.0,70,55,0.08021399999999801,35.4786522,35.5588662
-1.0,64,127,0.03743319999999528,35.6390802,35.6765134
-1.0,64,56,0.0267379999999946,35.6497754,35.6765134
-1.0,70,55,0.08021399999999801,35.6390802,35.7192942
-1.0,64,127,0.03743320000000239,35.7995082,35.8369414
-1.0,64,56,0.026738000000001705,35.8102034,35.8369414
-1.0,70,55,0.08021400000000511,35.7995082,35.8797222
-1.0,62,80,0.026738000000001705,35.9706314,35.997369400000004
-1.0,70,55,0.08021399999999801,35.9599362,36.0401502
-1.0,62,56,0.026738000000001705,36.1310594,36.1577974
-1.0,66,91,0.06951880000000443,36.1203642,36.189883
-1.0,64,56,0.026738000000001705,36.2914874,36.3182254
-1.0,66,91,0.06550809999999885,36.2807922,36.346300299999996
-1.0,62,55,0.010695199999993577,36.441220200000004,36.4519154
-1.0,62,56,0.026738000000001705,36.4519154,36.4786534
-1.0,63,77,0.049465299999997825,36.441220200000004,36.4906855
-1.0,64,47,0.03475940000000103,36.6016482,36.6364076
-1.0,62,56,0.026738000000001705,36.6123434,36.6390814
-1.0,62,127,0.03743319999999528,36.7620762,36.7995094
-1.0,62,80,0.0267379999999946,36.7727714,36.7995094
-1.0,70,70,0.04278079999999562,36.7620762,36.804857
-1.0,61,52,0.08021399999999801,36.7353382,36.8155522
-1.0,62,55,0.008021400000004064,36.9225042,36.9305256
-1.0,64,56,0.026738000000001705,36.9331994,36.9599374
-1.0,70,73,0.04278080000000273,36.9225042,36.965285
-1.0,63,88,0.010695200000000682,37.0829322,37.0936274
-1.0,64,56,0.0267379999999946,37.0936274,37.1203654
-1.0,63,78,0.04545459999999579,37.0829322,37.1283868
-1.0,62,80,0.026738000000001705,37.2540554,37.2807934
-1.0,65,82,0.0481284000000007,37.2433602,37.2914886
-1.0,64,127,0.010695200000000682,37.4037882,37.4144834
-1.0,62,56,0.026738000000001705,37.4144834,37.4412214
-1.0,70,79,0.04812840000000307,37.4037882,37.451916600000004
-1.0,64,127,0.03743319999999528,37.564216200000004,37.6016494
-1.0,64,56,0.026738000000001705,37.5749114,37.6016494
-1.0,70,77,0.04278079999999562,37.564216200000004,37.606997
-1.0,62,55,0.03743320000000239,37.7246442,37.7620774
-1.0,62,56,0.026738000000001705,37.7353394,37.7620774
-1.0,63,76,0.04679150000000121,37.7246442,37.7714357
-1.0,62,55,0.03743319999999528,37.8850722,37.9225054
-1.0,62,56,0.0267379999999946,37.895767400000004,37.9225054
-1.0,70,73,0.04278079999999562,37.8850722,37.927853
-1.0,62,127,0.03743320000000239,38.0455002,38.0829334
-1.0,62,80,0.026738000000001705,38.0561954,38.0829334
-1.0,70,78,0.04278080000000273,38.0455002,38.088281
-1.0,61,54,0.08021399999999801,38.021436,38.10165
-1.0,64,127,0.03743319999999528,38.2059282,38.2433614
-1.0,64,56,0.0267379999999946,38.2166234,38.2433614
-1.0,70,82,0.04278079999999562,38.2059282,38.248709
-1.0,64,127,0.03743320000000239,38.3663562,38.4037894
-1.0,64,56,0.026738000000001705,38.3770514,38.4037894
-1.0,63,78,0.04411770000000104,38.3663562,38.4104739
-1.0,62,88,0.03743320000000239,38.5267842,38.564217400000004
-1.0,62,80,0.026738000000001705,38.5374794,38.564217400000004
-1.0,70,78,0.04278079999999562,38.5267842,38.569565
-1.0,62,56,0.026738000000001705,38.6979074,38.7246454
-1.0,65,111,0.05347600000000341,38.6872122,38.7406882
-1.0,64,56,0.026738000000001705,38.8583354,38.8850734
-1.0,65,111,0.0481284000000007,38.8476402,38.895768600000004
-1.0,62,55,0.03743319999999528,39.008068200000004,39.0455014
-1.0,62,56,0.026738000000001705,39.0187634,39.0455014
-1.0,63,77,0.049465299999997825,39.008068200000004,39.057533500000005
-1.0,64,47,0.03475940000000103,39.1684962,39.2032556
-1.0,62,56,0.026738000000001705,39.1791914,39.2059294
-1.0,62,127,0.03743319999999528,39.3289242,39.3663574
-1.0,62,80,0.0267379999999946,39.339619400000004,39.3663574
-1.0,70,70,0.04278079999999562,39.3289242,39.371705
-1.0,61,52,0.08021399999999801,39.3021862,39.3824002
-1.0,62,55,0.008021400000004064,39.4893522,39.4973736
-1.0,64,56,0.026738000000001705,39.5000474,39.5267854
-1.0,70,73,0.04278080000000273,39.4893522,39.532133
-1.0,64,56,0.0267379999999946,39.6604754,39.6872134
-1.0,63,83,0.08422469999999826,39.6497802,39.7340049
-1.0,62,80,0.026738000000001705,39.8209034,39.8476414
-1.0,65,82,0.0481284000000007,39.8102082,39.8583366
-1.0,62,56,0.026738000000001705,39.9813314,40.008069400000004
-1.0,66,111,0.05347599999999867,39.9706362,40.0241122
-1.0,64,127,0.03743320000000239,40.1310642,40.1684974
-1.0,64,56,0.026738000000001705,40.1417594,40.1684974
-1.0,70,77,0.04278080000000273,40.1310642,40.173845
-1.0,62,55,0.03743320000000239,40.2914922,40.3289254
-1.0,62,56,0.026738000000001705,40.3021874,40.3289254
-1.0,63,76,0.04679150000000121,40.2914922,40.338283700000005
-1.0,62,55,0.03743319999999528,40.4519202,40.4893534
-1.0,62,56,0.0267379999999946,40.462615400000004,40.4893534
-1.0,70,73,0.04278079999999562,40.4519202,40.494701
-1.0,62,127,0.03743320000000239,40.6123482,40.6497814
-1.0,62,80,0.026738000000001705,40.6230434,40.6497814
-1.0,70,78,0.04278080000000273,40.6123482,40.655129
-1.0,61,54,0.08021399999999801,40.588284,40.668498
-1.0,64,127,0.03743319999999528,40.7727762,40.8102094
-1.0,64,56,0.0267379999999946,40.7834714,40.8102094
-1.0,70,82,0.04278079999999562,40.7727762,40.815557
-1.0,64,127,0.03743320000000239,40.9332042,40.9706374
-1.0,64,56,0.026738000000001705,40.9438994,40.9706374
-1.0,63,78,0.04411770000000104,40.9332042,40.9773219
-1.0,62,88,0.03743320000000239,41.0936322,41.131065400000004
-1.0,62,80,0.026738000000001705,41.1043274,41.131065400000004
-1.0,70,78,0.04278079999999562,41.0936322,41.136413
-1.0,62,56,0.026738000000001705,41.2647554,41.2914934
-1.0,65,111,0.05347600000000341,41.2540602,41.3075362
-1.0,64,56,0.026738000000001705,41.4251834,41.4519214
-1.0,65,111,0.0481284000000007,41.4144882,41.462616600000004
-1.0,62,55,0.03743319999999528,41.574916200000004,41.6123494
-1.0,62,56,0.026738000000001705,41.5856114,41.6123494
-1.0,63,77,0.049465299999997825,41.574916200000004,41.6243815
-1.0,64,47,0.03475940000000103,41.7353442,41.7701036
-1.0,62,56,0.026738000000001705,41.7460394,41.7727774
-1.0,62,127,0.03743319999999528,41.8957722,41.9332054
-1.0,62,80,0.0267379999999946,41.906467400000004,41.9332054
-1.0,70,70,0.04278079999999562,41.8957722,41.938553
-1.0,61,52,0.08021399999999801,41.8690342,41.9492482
-1.0,62,55,0.008021400000004064,42.0562002,42.0642216
-1.0,64,56,0.026738000000001705,42.0668954,42.0936334
-1.0,70,73,0.04278080000000273,42.0562002,42.098981
-1.0,64,56,0.0267379999999946,42.2273234,42.2540614
-1.0,63,83,0.08422469999999826,42.2166282,42.3008529
-1.0,62,80,0.026738000000001705,42.3877514,42.4144894
-1.0,65,82,0.0481284000000007,42.3770562,42.4251846
-1.0,62,56,0.026738000000001705,42.5481794,42.574917400000004
-1.0,66,111,0.05347599999999867,42.5374842,42.5909602
-1.0,64,127,0.03743320000000239,42.6979122,42.7353454
-1.0,64,56,0.026738000000001705,42.7086074,42.7353454
-1.0,70,77,0.04278080000000273,42.6979122,42.740693
-1.0,62,55,0.03743320000000239,42.8583402,42.8957734
-1.0,62,56,0.026738000000001705,42.8690354,42.8957734
-1.0,63,76,0.04679150000000121,42.8583402,42.9051317
-1.0,62,55,0.03743319999999528,43.018768200000004,43.0562014
-1.0,62,56,0.026738000000001705,43.0294634,43.0562014
-1.0,70,73,0.04278079999999562,43.018768200000004,43.061549
-1.0,62,127,0.03743320000000239,43.1791962,43.2166294
-1.0,62,80,0.026738000000001705,43.1898914,43.2166294
-1.0,70,78,0.04278080000000273,43.1791962,43.221977
-1.0,61,54,0.08021399999999801,43.155132,43.235346
-1.0,64,127,0.03743319999999528,43.3396242,43.3770574
-1.0,64,56,0.0267379999999946,43.350319400000004,43.3770574
-1.0,70,82,0.04278079999999562,43.3396242,43.382405
-1.0,64,127,0.03743320000000239,43.5000522,43.5374854
-1.0,64,56,0.026738000000001705,43.5107474,43.5374854
-1.0,63,78,0.04411770000000104,43.5000522,43.5441699
-1.0,62,88,0.03743319999999528,43.6604802,43.6979134
-1.0,62,80,0.0267379999999946,43.6711754,43.6979134
-1.0,70,78,0.04278079999999562,43.6604802,43.703261
-1.0,62,56,0.026738000000001705,43.8316034,43.8583414
-1.0,65,111,0.05347600000000341,43.8209082,43.8743842
-1.0,64,56,0.026738000000001705,43.9920314,44.018769400000004
-1.0,65,111,0.0481284000000007,43.98133620000001,44.02946460000001
-1.0,62,55,0.03743319999999528,44.141764200000004,44.1791974
-1.0,62,56,0.026738000000001705,44.1524594,44.1791974
-1.0,63,77,0.049465299999997825,44.141764200000004,44.191229500000006
-1.0,64,47,0.03475940000000103,44.3021922,44.3369516
-1.0,62,56,0.026738000000001705,44.3128874,44.3396254
-1.0,62,127,0.03743319999999528,44.4626202,44.5000534
-1.0,62,80,0.0267379999999946,44.473315400000004,44.5000534
-1.0,70,70,0.04278079999999562,44.4626202,44.505401
-1.0,61,52,0.08021399999999801,44.4358822,44.5160962
-1.0,62,55,0.008021400000004064,44.6230482,44.631069600000004
-1.0,64,56,0.026738000000001705,44.6337434,44.6604814
-1.0,70,73,0.04278080000000273,44.6230482,44.665829
-1.0,64,56,0.0267379999999946,44.7941714,44.8209094
-1.0,63,83,0.08422469999999826,44.7834762,44.8677009
-1.0,62,80,0.026738000000001705,44.9545994,44.9813374
-1.0,65,82,0.0481284000000007,44.9439042,44.9920326
-1.0,62,56,0.026738000000001705,45.1150274,45.141765400000004
-1.0,66,111,0.05347599999999867,45.10433220000001,45.157808200000005
-1.0,64,127,0.03743320000000239,45.2647602,45.3021934
-1.0,64,56,0.026738000000001705,45.2754554,45.3021934
-1.0,70,77,0.04278080000000273,45.2647602,45.307541
-1.0,62,55,0.03743320000000239,45.4251882,45.4626214
-1.0,62,56,0.026738000000001705,45.4358834,45.4626214
-1.0,63,76,0.04679150000000121,45.4251882,45.471979700000006
-1.0,62,55,0.03743319999999528,45.585616200000004,45.6230494
-1.0,62,56,0.026738000000001705,45.5963114,45.6230494
-1.0,70,73,0.04278079999999562,45.585616200000004,45.628397
-1.0,62,127,0.03743320000000239,45.7460442,45.7834774
-1.0,62,80,0.026738000000001705,45.7567394,45.7834774
-1.0,70,78,0.04278080000000273,45.7460442,45.788825
-1.0,61,54,0.08021399999999801,45.72198,45.802194
-1.0,64,127,0.03743319999999528,45.9064722,45.9439054
-1.0,64,56,0.0267379999999946,45.917167400000004,45.9439054
-1.0,70,82,0.04278079999999562,45.9064722,45.949253
-1.0,64,127,0.03743320000000239,46.0669002,46.1043334
-1.0,64,56,0.026738000000001705,46.0775954,46.1043334
-1.0,63,78,0.04411770000000104,46.0669002,46.1110179
-1.0,62,88,0.03743319999999528,46.2273282,46.2647614
-1.0,62,80,0.0267379999999946,46.2380234,46.2647614
-1.0,70,78,0.04278079999999562,46.2273282,46.270109
-1.0,62,56,0.026738000000001705,46.3984514,46.4251894
-1.0,65,111,0.05347600000000341,46.38775619999999,46.441232199999995
-1.0,64,56,0.026738000000001705,46.5588794,46.585617400000004
-1.0,65,111,0.0481284000000007,46.5481842,46.596312600000005
-1.0,62,55,0.03743320000000239,46.7086122,46.7460454
-1.0,62,56,0.026738000000001705,46.7193074,46.7460454
-1.0,63,77,0.04946530000000493,46.7086122,46.7580775
-1.0,64,47,0.03475940000000103,46.8690402,46.9037996
-1.0,62,56,0.026738000000001705,46.8797354,46.9064734
-1.0,62,127,0.03743319999999528,47.029468200000004,47.0669014
-1.0,62,80,0.026738000000001705,47.0401634,47.0669014
-1.0,70,70,0.04278079999999562,47.029468200000004,47.072249
-1.0,61,52,0.08021399999999801,47.0027302,47.0829442
-1.0,62,55,0.008021400000004064,47.1898962,47.197917600000004
-1.0,64,56,0.026738000000001705,47.2005914,47.2273294
-1.0,70,73,0.04278080000000273,47.1898962,47.232677
-1.0,64,56,0.0267379999999946,47.3610194,47.3877574
-1.0,63,83,0.08422469999999826,47.3503242,47.4345489
-1.0,62,80,0.026738000000001705,47.5214474,47.5481854
-1.0,65,82,0.0481284000000007,47.51075219999999,47.558880599999995
-1.0,62,56,0.026738000000001705,47.6818754,47.708613400000004
-1.0,66,111,0.05347599999999867,47.6711802,47.7246562
-1.0,64,127,0.03743320000000239,47.8316082,47.8690414
-1.0,64,56,0.026738000000001705,47.8423034,47.8690414
-1.0,70,77,0.04278080000000273,47.8316082,47.874389
-1.0,62,55,0.03743320000000239,47.9920362,48.0294694
-1.0,62,56,0.026738000000001705,48.0027314,48.0294694
-1.0,63,76,0.04679150000000121,47.9920362,48.0388277
-1.0,62,55,0.03743319999999528,48.152464200000004,48.1898974
-1.0,62,56,0.026738000000001705,48.1631594,48.1898974
-1.0,70,73,0.04278079999999562,48.152464200000004,48.195245
-1.0,62,127,0.03743320000000239,48.3128922,48.3503254
-1.0,62,80,0.026738000000001705,48.3235874,48.3503254
-1.0,70,78,0.04278080000000273,48.3128922,48.355673
-1.0,61,54,0.08021399999999801,48.288828,48.369042
-1.0,64,127,0.03743319999999528,48.4733202,48.5107534
-1.0,64,56,0.0267379999999946,48.484015400000004,48.5107534
-1.0,70,82,0.04278079999999562,48.4733202,48.516101
-1.0,64,127,0.03743320000000239,48.6337482,48.6711814
-1.0,64,56,0.026738000000001705,48.6444434,48.6711814
-1.0,63,78,0.04411770000000104,48.6337482,48.6778659
-1.0,62,88,0.03743319999999528,48.7941762,48.8316094
-1.0,62,80,0.0267379999999946,48.8048714,48.8316094
-1.0,70,78,0.04278079999999562,48.7941762,48.836957
-1.0,62,56,0.026738000000001705,48.9652994,48.9920374
-1.0,65,111,0.05347600000000341,48.9546042,49.0080802
-1.0,64,56,0.026738000000001705,49.1257274,49.152465400000004
-1.0,65,111,0.0481284000000007,49.1150322,49.163160600000005
-1.0,62,55,0.03743320000000239,49.2754602,49.3128934
-1.0,62,56,0.026738000000001705,49.2861554,49.3128934
-1.0,63,77,0.04946530000000138,49.2754602,49.3249255
-1.0,64,47,0.03475940000000103,49.4358882,49.4706476
-1.0,62,56,0.026738000000001705,49.4465834,49.4733214
-1.0,62,127,0.03743319999999528,49.596316200000004,49.6337494
-1.0,62,80,0.026738000000001705,49.6070114,49.6337494
-1.0,70,70,0.04278079999999562,49.596316200000004,49.639097
-1.0,61,52,0.08021399999999801,49.5695782,49.6497922
-1.0,62,55,0.008021400000004064,49.7567442,49.764765600000004
-1.0,64,56,0.026738000000001705,49.7674394,49.7941774
-1.0,70,73,0.04278080000000273,49.7567442,49.799525
-1.0,64,56,0.0267379999999946,49.927867400000004,49.9546054
-1.0,63,83,0.08422469999999826,49.9171722,50.0013969
-1.0,62,80,0.026738000000001705,50.0882954,50.1150334
-1.0,65,82,0.0481284000000007,50.0776002,50.1257286
-1.0,62,56,0.0267379999999946,50.2487234,50.2754614
-1.0,66,111,0.05347599999999867,50.2380282,50.2915042
-1.0,64,127,0.03743320000000239,50.3984562,50.4358894
-1.0,64,56,0.026738000000001705,50.4091514,50.4358894
-1.0,70,77,0.04278080000000273,50.3984562,50.441237
-1.0,62,55,0.03743320000000239,50.5588842,50.596317400000004
-1.0,62,56,0.026738000000001705,50.5695794,50.596317400000004
-1.0,63,76,0.04679150000000121,50.5588842,50.605675700000006
-1.0,62,55,0.03743320000000239,50.7193122,50.7567454
-1.0,62,56,0.026738000000001705,50.7300074,50.7567454
-1.0,70,73,0.04278080000000273,50.7193122,50.762093
-1.0,62,127,0.03743320000000239,50.8797402,50.9171734
-1.0,62,80,0.026738000000001705,50.8904354,50.9171734
-1.0,70,78,0.04278080000000273,50.8797402,50.922521
-1.0,61,54,0.08021399999999801,50.855676,50.93589
-1.0,64,127,0.03743319999999528,51.040168200000004,51.0776014
-1.0,64,56,0.0267379999999946,51.050863400000004,51.0776014
-1.0,70,82,0.04278079999999562,51.040168200000004,51.082949
-1.0,64,127,0.03743320000000239,51.2005962,51.2380294
-1.0,64,56,0.026738000000001705,51.2112914,51.2380294
-1.0,63,78,0.04411770000000104,51.2005962,51.2447139
-1.0,62,88,0.03743319999999528,51.3610242,51.3984574
-1.0,62,80,0.0267379999999946,51.3717194,51.3984574
-1.0,70,78,0.04278079999999562,51.3610242,51.403805
-1.0,62,56,0.026738000000001705,51.5321474,51.5588854
-1.0,65,111,0.05347600000000341,51.5214522,51.5749282
-1.0,64,56,0.026738000000001705,51.6925754,51.719313400000004
-1.0,65,111,0.04812839999999833,51.6818802,51.7300086
-1.0,62,55,0.03743320000000239,51.8423082,51.8797414
-1.0,62,56,0.026738000000001705,51.8530034,51.8797414
-1.0,63,77,0.04946530000000138,51.8423082,51.8917735
-1.0,64,47,0.03475940000000103,52.002736199999994,52.03749559999999
-1.0,62,56,0.026738000000001705,52.0134314,52.0401694
-1.0,62,127,0.03743319999999528,52.163164200000004,52.2005974
-1.0,62,80,0.026738000000001705,52.1738594,52.2005974
-1.0,70,70,0.04278079999999562,52.163164200000004,52.205945
-1.0,61,52,0.08021399999999801,52.1364262,52.2166402
-1.0,62,55,0.008021400000004064,52.3235922,52.331613600000004
-1.0,64,56,0.026738000000001705,52.3342874,52.3610254
-1.0,70,73,0.04278080000000273,52.3235922,52.366373
-1.0,64,56,0.0267379999999946,52.494715400000004,52.5214534
-1.0,63,83,0.08422469999999826,52.4840202,52.5682449
-1.0,62,80,0.026738000000001705,52.6551434,52.6818814
-1.0,65,82,0.0481284000000007,52.6444482,52.6925766
-1.0,62,56,0.0267379999999946,52.8155714,52.8423094
-1.0,66,111,0.05347599999999867,52.8048762,52.8583522
-1.0,64,127,0.03743320000000239,52.9653042,53.0027374
-1.0,64,56,0.026738000000001705,52.9759994,53.0027374
-1.0,70,77,0.04278080000000273,52.9653042,53.008085
-1.0,62,55,0.03743320000000239,53.1257322,53.163165400000004
-1.0,62,56,0.026738000000001705,53.1364274,53.163165400000004
-1.0,63,76,0.046791499999997654,53.1257322,53.1725237
-1.0,62,55,0.03743320000000239,53.2861602,53.3235934
-1.0,62,56,0.026738000000001705,53.2968554,53.3235934
-1.0,70,73,0.04278080000000273,53.2861602,53.328941
-1.0,62,127,0.03743320000000239,53.4465882,53.4840214
-1.0,62,80,0.026738000000001705,53.4572834,53.4840214
-1.0,70,78,0.04278080000000273,53.4465882,53.489369
-1.0,61,54,0.08021399999999801,53.422524,53.502738
-1.0,64,127,0.03743319999999528,53.607016200000004,53.6444494
-1.0,64,56,0.026738000000001705,53.6177114,53.6444494
-1.0,70,82,0.04278079999999562,53.607016200000004,53.649797
-1.0,64,127,0.03743320000000239,53.7674442,53.8048774
-1.0,64,56,0.026738000000001705,53.7781394,53.8048774
-1.0,63,78,0.04411770000000104,53.7674442,53.8115619
-1.0,62,88,0.03743319999999528,53.9278722,53.9653054
-1.0,62,80,0.0267379999999946,53.938567400000004,53.9653054
-1.0,70,78,0.04278079999999562,53.9278722,53.970653
-1.0,62,56,0.026738000000001705,54.0989954,54.1257334
-1.0,65,111,0.05347600000000341,54.0883002,54.1417762
-1.0,64,56,0.0267379999999946,54.2594234,54.2861614
-1.0,65,111,0.04812839999999833,54.248728199999995,54.29685659999999
-1.0,62,55,0.03743320000000239,54.4091562,54.4465894
-1.0,62,56,0.026738000000001705,54.4198514,54.4465894
-1.0,63,77,0.04946530000000138,54.4091562,54.4586215
-1.0,64,47,0.03475940000000103,54.5695842,54.6043436
-1.0,62,56,0.026738000000001705,54.5802794,54.607017400000004
-1.0,62,127,0.03743319999999528,54.730012200000004,54.7674454
-1.0,62,80,0.026738000000001705,54.7407074,54.7674454
-1.0,70,70,0.04278079999999562,54.730012200000004,54.772793
-1.0,61,52,0.08021399999999801,54.7032742,54.7834882
-1.0,62,55,0.008021400000004064,54.8904402,54.898461600000005
-1.0,64,56,0.026738000000001705,54.9011354,54.9278734
-1.0,70,73,0.04278080000000273,54.8904402,54.933221
-1.0,64,56,0.0267379999999946,55.061563400000004,55.0883014
-1.0,63,83,0.08422469999999826,55.050868200000004,55.135092900000004
-1.0,62,80,0.026738000000001705,55.2219914,55.2487294
-1.0,65,82,0.0481284000000007,55.2112962,55.2594246
-1.0,62,56,0.0267379999999946,55.3824194,55.4091574
-1.0,66,111,0.05347599999999867,55.371724199999996,55.42520019999999
-1.0,64,127,0.03743320000000239,55.5321522,55.5695854
-1.0,64,56,0.026738000000001705,55.5428474,55.5695854
-1.0,70,77,0.04278080000000273,55.5321522,55.574933
-1.0,62,55,0.03743320000000239,55.6925802,55.730013400000004
-1.0,62,56,0.026738000000001705,55.7032754,55.730013400000004
-1.0,63,76,0.046791499999997654,55.6925802,55.7393717
-1.0,62,55,0.03743320000000239,55.8530082,55.8904414
-1.0,62,56,0.026738000000001705,55.8637034,55.8904414
-1.0,70,73,0.04278080000000273,55.8530082,55.895789
-1.0,62,127,0.03743320000000239,56.0134362,56.0508694
-1.0,62,80,0.026738000000001705,56.0241314,56.0508694
-1.0,70,78,0.04278080000000273,56.0134362,56.056217000000004
-1.0,61,54,0.08021399999999801,55.989372,56.069586
-1.0,64,127,0.03743319999999528,56.173864200000004,56.2112974
-1.0,64,56,0.026738000000001705,56.1845594,56.2112974
-1.0,70,82,0.04278079999999562,56.173864200000004,56.216645
-1.0,64,127,0.03743320000000239,56.3342922,56.3717254
-1.0,64,56,0.026738000000001705,56.3449874,56.3717254
-1.0,63,78,0.04411770000000104,56.3342922,56.3784099
-1.0,62,88,0.03743319999999528,56.4947202,56.5321534
-1.0,62,80,0.0267379999999946,56.505415400000004,56.5321534
-1.0,70,78,0.04278079999999562,56.4947202,56.537501
-1.0,62,56,0.026738000000001705,56.6658434,56.6925814
-1.0,65,111,0.05347600000000341,56.655148200000006,56.70862420000001
-1.0,64,56,0.0267379999999946,56.8262714,56.8530094
-1.0,65,111,0.04812839999999833,56.8155762,56.8637046
-1.0,62,55,0.03743320000000239,56.9760042,57.0134374
-1.0,62,56,0.026738000000001705,56.9866994,57.0134374
-1.0,63,77,0.04946530000000138,56.9760042,57.0254695
-1.0,66,49,0.033422500000000355,57.1364322,57.1698547
-1.0,62,56,0.026738000000001705,57.1471274,57.173865400000004
-1.0,62,127,0.03743320000000239,57.2968602,57.3342934
-1.0,62,80,0.026738000000001705,57.3075554,57.3342934
-1.0,70,70,0.04278080000000273,57.2968602,57.339641
-1.0,61,52,0.08021399999999801,57.2701222,57.3503362
-1.0,62,55,0.005347600000000341,57.4572882,57.4626358
-1.0,64,56,0.026738000000001705,57.4679834,57.4947214
-1.0,70,73,0.04278080000000273,57.4572882,57.500069
-1.0,35,77,0.10427819999999599,57.454614400000004,57.5588926
-1.0,64,56,0.0267379999999946,57.628411400000005,57.6551494
-1.0,63,81,0.07130133333333077,57.6177162,57.68901753333333
-1.0,62,80,0.026738000000001705,57.7888394,57.8155774
-1.0,66,79,0.04679150000000121,57.7781442,57.8249357
-1.0,62,56,0.0267379999999946,57.949267400000004,57.9760054
-1.0,67,103,0.052139099999997995,57.9385722,57.9907113
-1.0,35,77,0.09358300000000241,57.9358984,58.0294814
-1.0,64,127,0.03743320000000239,58.0990002,58.1364334
-1.0,64,56,0.026738000000001705,58.1096954,58.1364334
-1.0,70,77,0.04278080000000273,58.0990002,58.141781
-1.0,62,55,0.03743320000000239,58.2594282,58.296861400000004
-1.0,62,56,0.026738000000001705,58.2701234,58.296861400000004
-1.0,63,76,0.046791499999997654,58.2594282,58.3062197
-1.0,62,55,0.03743320000000239,58.4198562,58.4572894
-1.0,62,56,0.026738000000001705,58.4305514,58.4572894
-1.0,70,73,0.04278080000000273,58.4198562,58.462637
-1.0,62,127,0.03743320000000239,58.5802842,58.617717400000004
-1.0,62,80,0.026738000000001705,58.5909794,58.617717400000004
-1.0,70,78,0.04278080000000273,58.5802842,58.623065000000004
-1.0,61,54,0.08021399999999801,58.55622,58.636434
-1.0,64,127,0.03743319999999528,58.740712200000004,58.7781454
-1.0,64,56,0.026738000000001705,58.7514074,58.7781454
-1.0,70,82,0.04278079999999562,58.740712200000004,58.783493
-1.0,35,77,0.1176472000000004,58.7380384,58.8556856
-1.0,64,127,0.03743320000000239,58.9011402,58.9385734
-1.0,64,56,0.026738000000001705,58.9118354,58.9385734
-1.0,63,78,0.04411770000000104,58.9011402,58.9452579
-1.0,62,88,0.03743319999999528,59.0615682,59.0990014
-1.0,62,80,0.0267379999999946,59.072263400000004,59.0990014
-1.0,70,78,0.04278079999999562,59.0615682,59.104349
-1.0,62,56,0.026738000000001705,59.2326914,59.2594294
-1.0,66,103,0.05080220000000324,59.2219962,59.2727984
-1.0,35,77,0.06951879999999733,59.22467,59.2941888
-1.0,64,56,0.0267379999999946,59.3931194,59.4198574
-1.0,66,104,0.046791499999997654,59.3824242,59.4292157
-1.0,62,55,0.03743320000000239,59.5428522,59.5802854
-1.0,62,56,0.026738000000001705,59.5535474,59.5802854
-1.0,63,77,0.04946530000000138,59.5428522,59.5923175
-1.0,66,49,0.033422500000000355,59.7032802,59.7367027
-1.0,62,56,0.026738000000001705,59.7139754,59.740713400000004
-1.0,62,127,0.03743320000000239,59.8637082,59.9011414
-1.0,62,80,0.026738000000001705,59.8744034,59.9011414
-1.0,70,70,0.04278080000000273,59.8637082,59.906489
-1.0,61,52,0.08021399999999801,59.8369702,59.9171842
-1.0,62,55,0.005347600000000341,60.0241362,60.0294838
-1.0,64,56,0.026738000000001705,60.0348314,60.0615694
-1.0,70,73,0.04278080000000273,60.0241362,60.066917000000004
-1.0,35,77,0.10427819999999599,60.021462400000004,60.1257406
-1.0,64,56,0.026738000000001705,60.1952594,60.2219974
-1.0,63,81,0.0713013333333284,60.184564200000004,60.255865533333335
-1.0,62,80,0.026738000000001705,60.3556874,60.3824254
-1.0,66,79,0.04679150000000121,60.3449922,60.391783700000005
-1.0,62,56,0.0267379999999946,60.516115400000004,60.5428534
-1.0,67,103,0.052139099999997995,60.5054202,60.5575593
-1.0,35,77,0.09358300000000241,60.5027464,60.5963294
-1.0,64,127,0.03743320000000239,60.6658482,60.7032814
-1.0,64,56,0.026738000000001705,60.6765434,60.7032814
-1.0,70,77,0.04278080000000273,60.6658482,60.708629
-1.0,62,55,0.03743319999999528,60.8262762,60.8637094
-1.0,62,56,0.0267379999999946,60.8369714,60.8637094
-1.0,63,76,0.046791499999997654,60.8262762,60.8730677
-1.0,62,55,0.03743320000000239,60.9867042,61.0241374
-1.0,62,56,0.026738000000001705,60.9973994,61.0241374
-1.0,70,73,0.04278080000000273,60.9867042,61.029485
-1.0,62,127,0.03743320000000239,61.1471322,61.184565400000004
-1.0,62,80,0.026738000000001705,61.1578274,61.184565400000004
-1.0,70,78,0.04278080000000273,61.1471322,61.189913000000004
-1.0,61,54,0.08021399999999801,61.123068,61.203282
-1.0,64,127,0.03743319999999528,61.307560200000005,61.3449934
-1.0,64,56,0.026738000000001705,61.3182554,61.3449934
-1.0,70,82,0.04278079999999562,61.307560200000005,61.350341
-1.0,35,77,0.1176472000000004,61.3048864,61.4225336
-1.0,64,127,0.03743320000000239,61.4679882,61.5054214
-1.0,64,56,0.026738000000001705,61.4786834,61.5054214
-1.0,63,78,0.04411770000000104,61.4679882,61.5121059
-1.0,62,88,0.03743319999999528,61.628416200000004,61.6658494
-1.0,62,80,0.0267379999999946,61.639111400000004,61.6658494
-1.0,70,78,0.04278079999999562,61.628416200000004,61.671197
-1.0,62,56,0.026738000000001705,61.7995394,61.8262774
-1.0,66,103,0.05080220000000324,61.7888442,61.83964640000001
-1.0,35,77,0.06951879999999733,61.791518,61.8610368
-1.0,64,56,0.0267379999999946,61.959967400000004,61.9867054
-1.0,66,104,0.046791499999997654,61.9492722,61.9960637
-1.0,62,55,0.03743320000000239,62.1097002,62.1471334
-1.0,62,56,0.026738000000001705,62.1203954,62.1471334
-1.0,63,77,0.04946530000000138,62.1097002,62.1591655
-1.0,66,49,0.033422500000000355,62.2701282,62.3035507
-1.0,62,56,0.026738000000001705,62.2808234,62.307561400000004
-1.0,62,127,0.03743320000000239,62.4305562,62.4679894
-1.0,62,80,0.026738000000001705,62.4412514,62.4679894
-1.0,70,70,0.04278080000000273,62.4305562,62.473337
-1.0,61,52,0.08021399999999801,62.4038182,62.4840322
-1.0,62,55,0.005347600000000341,62.5909842,62.5963318
-1.0,64,56,0.026738000000001705,62.6016794,62.628417400000004
-1.0,70,73,0.04278080000000273,62.5909842,62.633765000000004
-1.0,35,77,0.10427819999999599,62.588310400000005,62.6925886
-1.0,64,56,0.026738000000001705,62.7621074,62.7888454
-1.0,63,81,0.0713013333333284,62.751412200000004,62.822713533333335
-1.0,62,80,0.026738000000001705,62.9225354,62.9492734
-1.0,66,79,0.04679150000000121,62.9118402,62.9586317
-1.0,62,56,0.0267379999999946,63.082963400000004,63.1097014
-1.0,67,103,0.052139099999997995,63.0722682,63.1244073
-1.0,35,77,0.09358300000000241,63.0695944,63.1631774
-1.0,64,127,0.03743320000000239,63.2326962,63.2701294
-1.0,64,56,0.026738000000001705,63.2433914,63.2701294
-1.0,70,77,0.04278080000000273,63.2326962,63.275477
-1.0,62,55,0.03743319999999528,63.3931242,63.4305574
-1.0,62,56,0.0267379999999946,63.4038194,63.4305574
-1.0,63,76,0.046791499999997654,63.3931242,63.4399157
-1.0,62,55,0.03743320000000239,63.5535522,63.5909854
-1.0,62,56,0.026738000000001705,63.5642474,63.5909854
-1.0,70,73,0.04278080000000273,63.5535522,63.596333
-1.0,62,127,0.03743320000000239,63.7139802,63.751413400000004
-1.0,62,80,0.026738000000001705,63.7246754,63.751413400000004
-1.0,70,78,0.04278080000000273,63.7139802,63.756761000000004
-1.0,61,54,0.08021399999999801,63.689916000000004,63.77013
-1.0,64,127,0.03743320000000239,63.8744082,63.9118414
-1.0,64,56,0.026738000000001705,63.8851034,63.9118414
-1.0,70,82,0.04278080000000273,63.8744082,63.917189
-1.0,35,77,0.1176472000000004,63.8717344,63.9893816
-1.0,64,127,0.03743319999999528,64.0348362,64.0722694
-1.0,64,56,0.0267379999999946,64.0455314,64.0722694
-1.0,63,78,0.04411770000000104,64.0348362,64.0789539
-1.0,62,88,0.03743320000000949,64.1952642,64.2326974
-1.0,62,80,0.02673800000000881,64.2059594,64.2326974
-1.0,70,78,0.04278080000000273,64.1952642,64.238045
-1.0,62,56,0.0267379999999946,64.36638740000001,64.3931254
-1.0,66,103,0.05080219999999258,64.35569220000001,64.4064944
-1.0,35,77,0.06951879999999733,64.358366,64.4278848
-1.0,64,56,0.0267379999999946,64.5268154,64.5535534
-1.0,66,104,0.046791499999997654,64.5161202,64.5629117
-1.0,62,55,0.03743319999999528,64.6765482,64.7139814
-1.0,62,56,0.0267379999999946,64.6872434,64.7139814
-1.0,63,77,0.04946530000000138,64.6765482,64.7260135
-1.0,66,49,0.03342250000000746,64.8369762,64.87039870000001
-1.0,62,56,0.02673800000000881,64.8476714,64.8744094
-1.0,62,127,0.03743319999999528,64.9974042,65.0348374
-1.0,62,80,0.0267379999999946,65.0080994,65.0348374
-1.0,70,70,0.04278080000000273,64.9974042,65.04018500000001
-1.0,61,52,0.08021399999999801,64.9706662,65.0508802
-1.0,62,55,0.0053475999999932355,65.1578322,65.1631798
-1.0,64,56,0.0267379999999946,65.1685274,65.1952654
-1.0,70,73,0.04278080000000273,65.1578322,65.200613
-1.0,35,77,0.10427819999999599,65.1551584,65.2594366
-1.0,64,56,0.02673800000000881,65.3289554,65.3556934
-1.0,63,81,0.07130133333333788,65.3182602,65.38956153333334
-1.0,62,80,0.02673800000000881,65.4893834,65.5161214
-1.0,66,79,0.04679149999999055,65.47868820000001,65.5254797
-1.0,62,56,0.0267379999999946,65.6498114,65.6765494
-1.0,67,103,0.052139099999997995,65.6391162,65.6912553
-1.0,35,77,0.09358299999999531,65.6364424,65.7300254
-1.0,64,127,0.03743319999999528,65.7995442,65.8369774
-1.0,64,56,0.0267379999999946,65.8102394,65.8369774
-1.0,70,77,0.04278080000000273,65.7995442,65.842325
-1.0,62,55,0.03743320000000949,65.9599722,65.9974054
-1.0,62,56,0.02673800000000881,65.9706674,65.9974054
-1.0,63,76,0.04679150000000476,65.9599722,66.0067637
-1.0,62,55,0.03743319999999528,66.1204002,66.1578334
-1.0,62,56,0.0267379999999946,66.1310954,66.1578334
-1.0,70,73,0.04278079999998852,66.1204002,66.163181
-1.0,62,127,0.03743319999999528,66.2808282,66.3182614
-1.0,62,80,0.0267379999999946,66.2915234,66.3182614
-1.0,70,78,0.04278080000000273,66.2808282,66.323609
-1.0,61,54,0.08021399999999801,66.256764,66.336978
-1.0,64,127,0.03743320000000949,66.4412562,66.47868940000001
-1.0,64,56,0.02673800000000881,66.4519514,66.47868940000001
-1.0,70,82,0.04278080000000273,66.4412562,66.484037
-1.0,35,77,0.11764719999999329,66.4385824,66.5562296
-1.0,64,127,0.03743319999999528,66.60168420000001,66.6391174
-1.0,64,56,0.02673800000000881,66.6123794,66.6391174
-1.0,63,78,0.04411769999999393,66.60168420000001,66.64580190000001
-1.0,62,88,0.03743319999999528,66.7621122,66.7995454
-1.0,62,80,0.0267379999999946,66.7728074,66.7995454
-1.0,70,78,0.04278080000000273,66.7621122,66.804893
-1.0,62,56,0.0267379999999946,66.9332354,66.9599734
-1.0,66,103,0.050802199999999686,66.9225402,66.9733424
-1.0,35,77,0.06951879999999733,66.925214,66.9947328
-1.0,64,56,0.02673800000000881,67.0936634,67.1204014
-1.0,66,104,0.04679150000000476,67.0829682,67.1297597
-1.0,62,55,0.03743319999999528,67.2433962,67.2808294
-1.0,62,56,0.0267379999999946,67.25409140000001,67.2808294
-1.0,63,77,0.04946529999999427,67.2433962,67.2928615
-1.0,66,49,0.033422500000000355,67.4038242,67.4372467
-1.0,62,56,0.0267379999999946,67.4145194,67.4412574
-1.0,62,127,0.03743320000000949,67.5642522,67.60168540000001
-1.0,62,80,0.02673800000000881,67.5749474,67.60168540000001
-1.0,70,70,0.04278080000000273,67.5642522,67.607033
-1.0,61,52,0.08021399999999801,67.5375142,67.6177282
-1.0,62,55,0.005347600000007446,67.7246802,67.7300278
-1.0,64,56,0.02673800000000881,67.7353754,67.7621134
-1.0,70,73,0.04278080000000273,67.7246802,67.767461
-1.0,35,77,0.1042782000000102,67.7220064,67.82628460000001
-1.0,64,56,0.0267379999999946,67.8958034,67.9225414
-1.0,63,81,0.07130133333333315,67.8851082,67.95640953333334
-1.0,62,80,0.0267379999999946,68.0562314,68.0829694
-1.0,66,79,0.04679150000000476,68.0455362,68.0923277
-1.0,62,56,0.02673800000000881,68.2166594,68.2433974
-1.0,67,103,0.0521391000000051,68.2059642,68.2581033
-1.0,35,77,0.09358299999999531,68.2032904,68.2968734
-1.0,64,127,0.03743319999999528,68.3663922,68.4038254
-1.0,64,56,0.0267379999999946,68.37708740000001,68.4038254
-1.0,70,77,0.04278079999998852,68.3663922,68.409173
-1.0,62,55,0.03743319999999528,68.5268202,68.5642534
-1.0,62,56,0.0267379999999946,68.5375154,68.5642534
-1.0,63,76,0.046791499999997654,68.5268202,68.5736117
-1.0,62,55,0.03743319999999528,68.6872482,68.7246814
-1.0,62,56,0.0267379999999946,68.6979434,68.7246814
-1.0,70,73,0.04278080000000273,68.6872482,68.730029
-1.0,62,127,0.03743320000000949,68.8476762,68.8851094
-1.0,62,80,0.02673800000000881,68.8583714,68.8851094
-1.0,70,78,0.04278080000000273,68.8476762,68.890457
-1.0,61,54,0.08021399999999801,68.823612,68.903826
-1.0,64,127,0.03743319999999528,69.0081042,69.0455374
-1.0,64,56,0.0267379999999946,69.0187994,69.0455374
-1.0,70,82,0.04278080000000273,69.0081042,69.05088500000001
-1.0,35,77,0.1176472000000075,69.0054304,69.1230776
-1.0,64,127,0.03743319999999528,69.1685322,69.2059654
-1.0,64,56,0.0267379999999946,69.1792274,69.2059654
-1.0,63,78,0.04411770000000104,69.1685322,69.2126499
-1.0,62,88,0.03743320000000949,69.3289602,69.3663934
-1.0,62,80,0.02673800000000881,69.3396554,69.3663934
-1.0,70,78,0.04278080000000273,69.3289602,69.371741
-1.0,62,56,0.0267379999999946,69.50008340000001,69.5268214
-1.0,66,103,0.05080219999999258,69.48938820000001,69.5401904
-1.0,35,77,0.06951879999999733,69.492062,69.5615808
-1.0,64,56,0.0267379999999946,69.6605114,69.6872494
-1.0,66,104,0.046791499999997654,69.6498162,69.6966077
-1.0,62,55,0.03743319999999528,69.8102442,69.8476774
-1.0,62,56,0.0267379999999946,69.8209394,69.8476774
-1.0,63,77,0.04946530000000138,69.8102442,69.85970950000001
-1.0,66,49,0.03342250000000746,69.9706722,70.0040947
-1.0,62,56,0.02673800000000881,69.9813674,70.0081054
-1.0,62,127,0.03743319999999528,70.1311002,70.1685334
-1.0,62,80,0.0267379999999946,70.1417954,70.1685334
-1.0,70,70,0.04278079999998852,70.1311002,70.173881
-1.0,61,52,0.08021399999999801,70.1043622,70.1845762
-1.0,62,55,0.0053475999999932355,70.2915282,70.2968758
-1.0,64,56,0.0267379999999946,70.3022234,70.3289614
-1.0,70,73,0.04278080000000273,70.2915282,70.334309
-1.0,35,77,0.10427819999999599,70.2888544,70.3931326
-1.0,64,56,0.02673800000000881,70.4626514,70.48938940000001
-1.0,63,81,0.07130133333333788,70.4519562,70.52325753333334
-1.0,62,80,0.02673800000000881,70.6230794,70.6498174
-1.0,66,79,0.04679149999999055,70.61238420000001,70.65917569999999
-1.0,62,56,0.0267379999999946,70.7835074,70.8102454
-1.0,67,103,0.052139099999997995,70.7728122,70.82495130000001
-1.0,35,77,0.09358299999999531,70.77013840000001,70.8637214
-1.0,64,127,0.03743319999999528,70.9332402,70.9706734
-1.0,64,56,0.0267379999999946,70.9439354,70.9706734
-1.0,70,77,0.04278080000000273,70.9332402,70.976021
-1.0,62,55,0.03743320000000949,71.0936682,71.1311014
-1.0,62,56,0.02673800000000881,71.1043634,71.1311014
-1.0,63,76,0.04679150000000476,71.0936682,71.14045970000001
-1.0,62,55,0.03743319999999528,71.2540962,71.2915294
-1.0,62,56,0.0267379999999946,71.26479140000001,71.2915294
-1.0,70,73,0.04278079999998852,71.2540962,71.296877
-1.0,62,127,0.03743319999999528,71.4145242,71.4519574
-1.0,62,80,0.0267379999999946,71.4252194,71.4519574
-1.0,70,78,0.04278080000000273,71.4145242,71.457305
-1.0,61,54,0.08021399999999801,71.39046,71.470674
-1.0,64,127,0.03743320000000949,71.5749522,71.61238540000001
-1.0,64,56,0.02673800000000881,71.5856474,71.61238540000001
-1.0,70,82,0.04278080000000273,71.5749522,71.617733
-1.0,35,77,0.11764719999999329,71.5722784,71.6899256
-1.0,64,127,0.03743320000000949,71.7353802,71.7728134
-1.0,64,56,0.02673800000000881,71.7460754,71.7728134
-1.0,63,78,0.04411770000000814,71.7353802,71.7794979
-1.0,62,88,0.03743319999999528,71.8958082,71.9332414
-1.0,62,80,0.0267379999999946,71.9065034,71.9332414
-1.0,70,78,0.04278080000000273,71.8958082,71.93858900000001
-1.0,62,56,0.0267379999999946,72.0669314,72.0936694
-1.0,66,103,0.050802199999999686,72.0562362,72.1070384
-1.0,35,77,0.06951879999999733,72.05891,72.1284288
-1.0,64,56,0.02673800000000881,72.2273594,72.2540974
-1.0,66,104,0.04679150000000476,72.2166642,72.26345570000001
-1.0,62,55,0.03743319999999528,72.3770922,72.4145254
-1.0,62,56,0.0267379999999946,72.38778740000001,72.4145254
-1.0,63,77,0.04946529999999427,72.3770922,72.4265575
-1.0,66,49,0.03342249999999325,72.5375202,72.57094269999999
-1.0,62,56,0.0267379999999946,72.5482154,72.5749534
-1.0,62,127,0.03743319999999528,72.6979482,72.7353814
-1.0,62,80,0.0267379999999946,72.7086434,72.7353814
-1.0,70,70,0.04278080000000273,72.6979482,72.740729
-1.0,61,52,0.08021399999999801,72.6712102,72.7514242
-1.0,62,55,0.005347600000007446,72.8583762,72.8637238
-1.0,64,56,0.02673800000000881,72.8690714,72.8958094
-1.0,70,73,0.04278080000000273,72.8583762,72.901157
-1.0,35,77,0.10427819999999599,72.8557024,72.9599806
-1.0,64,56,0.0267379999999946,73.0294994,73.0562374
-1.0,63,81,0.07130133333333315,73.0188042,73.09010553333334
-1.0,62,80,0.0267379999999946,73.1899274,73.2166654
-1.0,66,79,0.04679150000000476,73.1792322,73.22602370000001
-1.0,62,56,0.02673800000000881,73.3503554,73.3770934
-1.0,67,103,0.0521391000000051,73.3396602,73.3917993
-1.0,35,77,0.09358299999999531,73.3369864,73.4305694
-1.0,64,127,0.03743319999999528,73.50008820000001,73.5375214
-1.0,64,56,0.0267379999999946,73.51078340000001,73.5375214
-1.0,70,77,0.04278079999998852,73.50008820000001,73.542869
-1.0,62,55,0.03743319999999528,73.6605162,73.6979494
-1.0,62,56,0.0267379999999946,73.6712114,73.6979494
-1.0,63,76,0.046791499999997654,73.6605162,73.7073077
-1.0,62,55,0.03743319999999528,73.8209442,73.8583774
-1.0,62,56,0.0267379999999946,73.8316394,73.8583774
-1.0,70,73,0.04278080000000273,73.8209442,73.863725
-1.0,62,127,0.03743320000000949,73.9813722,74.0188054
-1.0,62,80,0.02673800000000881,73.9920674,74.0188054
-1.0,70,78,0.04278080000000273,73.9813722,74.024153
-1.0,61,54,0.08021399999999801,73.957308,74.037522
-1.0,64,127,0.03743319999999528,74.1418002,74.1792334
-1.0,64,56,0.0267379999999946,74.1524954,74.1792334
-1.0,70,82,0.04278079999998852,74.1418002,74.184581
-1.0,35,77,0.1176472000000075,74.1391264,74.2567736
-1.0,64,127,0.03743319999999528,74.3022282,74.3396614
-1.0,64,56,0.0267379999999946,74.3129234,74.3396614
-1.0,63,78,0.04411770000000104,74.3022282,74.3463459
-1.0,62,88,0.03743320000000949,74.4626562,74.50008940000001
-1.0,62,80,0.02673800000000881,74.4733514,74.50008940000001
-1.0,70,78,0.04278080000000273,74.4626562,74.505437
-1.0,62,56,0.02673800000000881,74.6337794,74.6605174
-1.0,66,103,0.05080219999999258,74.62308420000001,74.6738864
-1.0,35,77,0.06951879999999733,74.625758,74.6952768
-1.0,64,56,0.0267379999999946,74.7942074,74.8209454
-1.0,66,104,0.046791499999997654,74.7835122,74.8303037
-1.0,62,55,0.03743319999999528,74.9439402,74.9813734
-1.0,62,56,0.0267379999999946,74.9546354,74.9813734
-1.0,63,77,0.04946530000000138,74.9439402,74.9934055
-1.0,66,49,0.03342250000000746,75.1043682,75.13779070000001
-1.0,62,56,0.02673800000000881,75.1150634,75.1418014
-1.0,62,127,0.03743319999999528,75.2647962,75.3022294
-1.0,62,80,0.0267379999999946,75.2754914,75.3022294
-1.0,70,70,0.04278079999998852,75.2647962,75.307577
-1.0,61,52,0.08021399999999801,75.2380582,75.3182722
-1.0,62,55,0.0053475999999932355,75.4252242,75.4305718
-1.0,64,56,0.0267379999999946,75.4359194,75.4626574
-1.0,70,73,0.04278080000000273,75.4252242,75.468005
-1.0,35,77,0.10427819999999599,75.4225504,75.5268286
-1.0,64,56,0.02673800000000881,75.5963474,75.62308540000001
-1.0,63,81,0.07130133333333315,75.5856522,75.65695353333334
-1.0,62,80,0.02673800000000881,75.7567754,75.7835134
-1.0,66,79,0.04679150000000476,75.7460802,75.7928717
-1.0,62,56,0.0267379999999946,75.9172034,75.9439414
-1.0,67,103,0.052139099999997995,75.9065082,75.9586473
-1.0,35,77,0.09358299999999531,75.90383440000001,75.9974174
-1.0,64,127,0.03743319999999528,76.0669362,76.1043694
-1.0,64,56,0.0267379999999946,76.0776314,76.1043694
-1.0,70,77,0.04278080000000273,76.0669362,76.109717
-1.0,62,55,0.03743320000000949,76.2273642,76.2647974
-1.0,62,56,0.02673800000000881,76.2380594,76.2647974
-1.0,63,76,0.04679150000000476,76.2273642,76.2741557
-1.0,62,55,0.03743319999999528,76.3877922,76.4252254
-1.0,62,56,0.0267379999999946,76.39848740000001,76.4252254
-1.0,70,73,0.04278079999998852,76.3877922,76.430573
-1.0,62,127,0.03743319999999528,76.5482202,76.5856534
-1.0,62,80,0.0267379999999946,76.5589154,76.5856534
-1.0,70,78,0.04278080000000273,76.5482202,76.591001
-1.0,61,54,0.08021399999999801,76.524156,76.60437
-1.0,64,127,0.03743320000000949,76.7086482,76.74608140000001
-1.0,64,56,0.02673800000000881,76.7193434,76.74608140000001
-1.0,70,82,0.04278080000000273,76.7086482,76.751429
-1.0,64,127,0.03743320000000949,76.8690762,76.9065094
-1.0,64,56,0.02673800000000881,76.8797714,76.9065094
-1.0,63,78,0.04411770000000104,76.8690762,76.9131939
-1.0,62,88,0.03743319999999528,77.0295042,77.0669374
-1.0,62,80,0.0267379999999946,77.0401994,77.0669374
-1.0,70,78,0.04278080000000273,77.0295042,77.07228500000001
-1.0,62,56,0.0267379999999946,77.2006274,77.2273654
-1.0,65,111,0.05347599999999867,77.1899322,77.2434082
-1.0,64,56,0.02673800000000881,77.3610554,77.3877934
-1.0,65,111,0.04099826666667165,77.3503602,77.39135846666667
-1.0,62,55,0.03743319999999528,77.51078820000001,77.5482214
-1.0,62,56,0.0267379999999946,77.52148340000001,77.5482214
-1.0,63,77,0.04946529999999427,77.51078820000001,77.5602535
-1.0,66,49,0.03342249999999325,77.6712162,77.7046387
-1.0,62,56,0.0267379999999946,77.6819114,77.7086494
-1.0,62,127,0.03743319999999528,77.8316442,77.8690774
-1.0,62,80,0.0267379999999946,77.8423394,77.8690774
-1.0,70,70,0.04278080000000273,77.8316442,77.874425
-1.0,61,52,0.08021399999999801,77.8049062,77.8851202
-1.0,62,55,0.008021400000004064,77.9920722,78.0000936
-1.0,64,56,0.02673800000000881,78.0027674,78.0295054
-1.0,70,73,0.04278080000000273,77.9920722,78.034853
-1.0,35,77,0.10427819999999599,77.9893984,78.0936766
-1.0,64,56,0.0267379999999946,78.1631954,78.1899334
-1.0,63,81,0.07130133333333315,78.1525002,78.22380153333334
-1.0,62,80,0.0267379999999946,78.3236234,78.3503614
-1.0,66,79,0.046791499999997654,78.3129282,78.3597197
-1.0,62,56,0.02673800000000881,78.4840514,78.51078940000001
-1.0,67,103,0.0521391000000051,78.4733562,78.5254953
-1.0,35,77,0.09358299999999531,78.4706824,78.5642654
-1.0,64,127,0.03743319999999528,78.63378420000001,78.6712174
-1.0,64,56,0.02673800000000881,78.6444794,78.6712174
-1.0,70,77,0.04278079999998852,78.63378420000001,78.676565
-1.0,62,55,0.03743319999999528,78.7942122,78.8316454
-1.0,62,56,0.0267379999999946,78.8049074,78.8316454
-1.0,63,76,0.046791499999997654,78.7942122,78.8410037
-1.0,62,55,0.03743319999999528,78.9546402,78.9920734
-1.0,62,56,0.0267379999999946,78.9653354,78.9920734
-1.0,70,73,0.04278080000000273,78.9546402,78.997421
-1.0,62,127,0.03743320000000949,79.1150682,79.1525014
-1.0,62,80,0.02673800000000881,79.1257634,79.1525014
-1.0,70,78,0.04278080000000273,79.1150682,79.157849
-1.0,61,54,0.08021399999999801,79.091004,79.171218
-1.0,64,127,0.03743319999999528,79.2754962,79.3129294
-1.0,64,56,0.0267379999999946,79.2861914,79.3129294
-1.0,70,82,0.04278079999998852,79.2754962,79.318277
-1.0,35,77,0.1176472000000075,79.2728224,79.3904696
-1.0,64,127,0.03743319999999528,79.4359242,79.4733574
-1.0,64,56,0.0267379999999946,79.4466194,79.4733574
-1.0,63,78,0.04411770000000104,79.4359242,79.4800419
-1.0,62,88,0.03743320000000949,79.5963522,79.63378540000001
-1.0,62,80,0.02673800000000881,79.6070474,79.63378540000001
-1.0,70,78,0.04278080000000273,79.5963522,79.639133
-1.0,62,56,0.02673800000000881,79.7674754,79.7942134
-1.0,66,103,0.05080220000000679,79.7567802,79.8075824
-1.0,35,77,0.06951879999999733,79.759454,79.8289728
-1.0,64,56,0.0267379999999946,79.9279034,79.9546414
-1.0,66,104,0.046791499999997654,79.9172082,79.9639997
-1.0,62,55,0.03743319999999528,80.0776362,80.1150694
-1.0,62,56,0.0267379999999946,80.0883314,80.1150694
-1.0,63,77,0.04946530000000138,80.0776362,80.12710150000001
-1.0,66,49,0.03342250000000746,80.2380642,80.2714867
-1.0,62,56,0.02673800000000881,80.2487594,80.2754974
-1.0,62,127,0.03743319999999528,80.3984922,80.4359254
-1.0,62,80,0.0267379999999946,80.40918740000001,80.4359254
-1.0,70,70,0.04278079999998852,80.3984922,80.441273
-1.0,61,52,0.08021399999999801,80.3717542,80.4519682
-1.0,62,55,0.008021400000004064,80.5589202,80.5669416
-1.0,64,56,0.0267379999999946,80.5696154,80.5963534
-1.0,70,73,0.04278080000000273,80.5589202,80.601701
-1.0,35,77,0.10427819999999599,80.5562464,80.6605246
-1.0,64,56,0.02673800000000881,80.7300434,80.75678140000001
-1.0,63,81,0.07130133333333315,80.7193482,80.79064953333334
-1.0,62,80,0.02673800000000881,80.8904714,80.9172094
-1.0,66,79,0.04679150000000476,80.8797762,80.92656769999999
-1.0,62,56,0.0267379999999946,81.0508994,81.0776374
-1.0,67,103,0.052139099999997995,81.0402042,81.09234330000001
-1.0,35,77,0.09358299999999531,81.03753040000001,81.1311134
-1.0,64,127,0.03743319999999528,81.2006322,81.2380654
-1.0,64,56,0.0267379999999946,81.2113274,81.2380654
-1.0,70,77,0.04278080000000273,81.2006322,81.243413
-1.0,62,55,0.03743320000000949,81.3610602,81.3984934
-1.0,62,56,0.02673800000000881,81.3717554,81.3984934
-1.0,63,76,0.04679150000000476,81.3610602,81.40785170000001
-1.0,62,55,0.03743319999999528,81.52148820000001,81.5589214
-1.0,62,56,0.0267379999999946,81.53218340000001,81.5589214
-1.0,70,73,0.04278079999998852,81.52148820000001,81.564269
-1.0,62,127,0.03743319999999528,81.6819162,81.7193494
-1.0,62,80,0.0267379999999946,81.6926114,81.7193494
-1.0,70,78,0.04278080000000273,81.6819162,81.724697
-1.0,61,54,0.08021399999999801,81.657852,81.738066
-1.0,64,127,0.03743319999999528,81.8423442,81.8797774
-1.0,64,56,0.0267379999999946,81.8530394,81.8797774
-1.0,70,82,0.04278080000000273,81.8423442,81.885125
-1.0,35,77,0.11764719999999329,81.8396704,81.9573176
-1.0,64,127,0.03743320000000949,82.0027722,82.0402054
-1.0,64,56,0.02673800000000881,82.0134674,82.0402054
-1.0,63,78,0.04411770000000104,82.0027722,82.0468899
-1.0,62,88,0.03743319999999528,82.1632002,82.2006334
-1.0,62,80,0.0267379999999946,82.1738954,82.2006334
-1.0,70,78,0.04278080000000273,82.1632002,82.20598100000001
-1.0,62,56,0.0267379999999946,82.3343234,82.3610614
-1.0,66,103,0.050802199999999686,82.3236282,82.3744304
-1.0,35,77,0.06951879999999733,82.326302,82.3958208
-1.0,64,56,0.02673800000000881,82.4947514,82.52148940000001
-1.0,66,104,0.04679150000000476,82.4840562,82.53084770000001
-1.0,62,55,0.03743319999999528,82.64448420000001,82.6819174
-1.0,62,56,0.02673800000000881,82.6551794,82.6819174
-1.0,63,77,0.04946529999999427,82.64448420000001,82.6939495
-1.0,66,49,0.03342249999999325,82.8049122,82.83833469999999
-1.0,62,56,0.0267379999999946,82.8156074,82.8423454
-1.0,62,127,0.03743319999999528,82.9653402,83.0027734
-1.0,62,80,0.0267379999999946,82.9760354,83.0027734
-1.0,70,70,0.04278080000000273,82.9653402,83.008121
-1.0,61,52,0.08021399999999801,82.9386022,83.0188162
-1.0,62,55,0.008021400000004064,83.1257682,83.1337896
-1.0,64,56,0.02673800000000881,83.1364634,83.1632014
-1.0,70,73,0.04278080000000273,83.1257682,83.168549
-1.0,35,77,0.10427819999999599,83.1230944,83.2273726
-1.0,64,56,0.0267379999999946,83.2968914,83.3236294
-1.0,63,81,0.0713013333333284,83.2861962,83.35749753333333
-1.0,62,80,0.0267379999999946,83.4573194,83.4840574
-1.0,66,79,0.046791499999997654,83.4466242,83.4934157
-1.0,62,56,0.02673800000000881,83.6177474,83.64448540000001
-1.0,67,103,0.0521391000000051,83.6070522,83.6591913
-1.0,35,77,0.09358299999999531,83.6043784,83.6979614
-1.0,64,127,0.03743319999999528,83.76748020000001,83.8049134
-1.0,64,56,0.02673800000000881,83.7781754,83.8049134
-1.0,70,77,0.04278079999998852,83.76748020000001,83.810261
-1.0,62,55,0.03743319999999528,83.9279082,83.9653414
-1.0,62,56,0.0267379999999946,83.9386034,83.9653414
-1.0,63,76,0.046791499999997654,83.9279082,83.9746997
-1.0,62,55,0.03743319999999528,84.0883362,84.1257694
-1.0,62,56,0.0267379999999946,84.0990314,84.1257694
-1.0,70,73,0.04278080000000273,84.0883362,84.131117
-1.0,62,127,0.03743320000000949,84.2487642,84.2861974
-1.0,62,80,0.02673800000000881,84.2594594,84.2861974
-1.0,70,78,0.04278080000000273,84.2487642,84.291545
-1.0,61,54,0.08021399999999801,84.2247,84.304914
-1.0,64,127,0.03743319999999528,84.4091922,84.4466254
-1.0,64,56,0.0267379999999946,84.41988740000001,84.4466254
-1.0,70,82,0.04278079999998852,84.4091922,84.451973
-1.0,35,77,0.1176472000000075,84.4065184,84.5241656
-1.0,64,127,0.03743319999999528,84.5696202,84.6070534
-1.0,64,56,0.0267379999999946,84.5803154,84.6070534
-1.0,63,78,0.04411770000000104,84.5696202,84.6137379
-1.0,62,88,0.03743320000000949,84.7300482,84.76748140000001
-1.0,62,80,0.02673800000000881,84.7407434,84.76748140000001
-1.0,70,78,0.04278080000000273,84.7300482,84.772829
-1.0,62,56,0.02673800000000881,84.9011714,84.9279094
-1.0,66,103,0.05080220000000679,84.8904762,84.9412784
-1.0,35,77,0.06951879999999733,84.89315,84.9626688
-1.0,64,56,0.0267379999999946,85.0615994,85.0883374
-1.0,66,104,0.046791499999997654,85.0509042,85.0976957
-1.0,62,55,0.03743319999999528,85.2113322,85.2487654
-1.0,62,56,0.0267379999999946,85.2220274,85.2487654
-1.0,63,77,0.04946530000000138,85.2113322,85.2607975
-1.0,66,49,0.03342250000000746,85.3717602,85.40518270000001
-1.0,62,56,0.02673800000000881,85.3824554,85.4091934
-1.0,62,127,0.03743319999999528,85.53218820000001,85.5696214
-1.0,62,80,0.0267379999999946,85.54288340000001,85.5696214
-1.0,70,70,0.04278079999998852,85.53218820000001,85.574969
-1.0,61,52,0.08021399999999801,85.5054502,85.5856642
-1.0,62,55,0.008021400000004064,85.6926162,85.70063760000001
-1.0,64,56,0.0267379999999946,85.7033114,85.7300494
-1.0,70,73,0.04278080000000273,85.6926162,85.735397
-1.0,35,77,0.10427819999999599,85.6899424,85.7942206
-1.0,64,56,0.0267379999999946,85.8637394,85.8904774
-1.0,63,81,0.07130133333333315,85.8530442,85.92434553333334
-1.0,62,80,0.02673800000000881,86.0241674,86.0509054
-1.0,66,79,0.04679150000000476,86.0134722,86.06026370000001
-1.0,62,56,0.0267379999999946,86.1845954,86.2113334
-1.0,67,103,0.052139099999997995,86.1739002,86.2260393
-1.0,35,77,0.09358300000000952,86.1712264,86.2648094
-1.0,64,127,0.03743319999999528,86.3343282,86.3717614
-1.0,64,56,0.0267379999999946,86.3450234,86.3717614
-1.0,70,77,0.04278080000000273,86.3343282,86.377109
-1.0,62,55,0.03743320000000949,86.4947562,86.53218940000001
-1.0,62,56,0.02673800000000881,86.5054514,86.53218940000001
-1.0,63,76,0.04679150000000476,86.4947562,86.5415477
-1.0,62,55,0.03743319999999528,86.65518420000001,86.6926174
-1.0,62,56,0.0267379999999946,86.66587940000001,86.6926174
-1.0,70,73,0.04278079999998852,86.65518420000001,86.697965
-1.0,62,127,0.03743319999999528,86.8156122,86.8530454
-1.0,62,80,0.0267379999999946,86.8263074,86.8530454
-1.0,70,78,0.04278080000000273,86.8156122,86.858393
-1.0,61,54,0.08021399999999801,86.791548,86.871762
-1.0,64,127,0.03743319999999528,86.9760402,87.0134734
-1.0,64,56,0.0267379999999946,86.9867354,87.0134734
-1.0,70,82,0.04278080000000273,86.9760402,87.018821
-1.0,35,77,0.11764719999999329,86.9733664,87.0910136
-1.0,64,127,0.03743320000000949,87.1364682,87.1739014
-1.0,64,56,0.02673800000000881,87.1471634,87.1739014
-1.0,63,78,0.04411770000000104,87.1364682,87.1805859
-1.0,62,88,0.03743319999999528,87.2968962,87.3343294
-1.0,62,80,0.0267379999999946,87.3075914,87.3343294
-1.0,70,78,0.04278079999998852,87.2968962,87.339677
-1.0,62,56,0.0267379999999946,87.4680194,87.4947574
-1.0,66,103,0.050802199999999686,87.4573242,87.50812640000001
-1.0,35,77,0.06951879999999733,87.459998,87.5295168
-1.0,64,56,0.02673800000000881,87.6284474,87.65518540000001
-1.0,66,104,0.04679150000000476,87.6177522,87.6645437
-1.0,62,55,0.03743319999999528,87.77818020000001,87.8156134
-1.0,62,56,0.02673800000000881,87.7888754,87.8156134
-1.0,63,77,0.04946529999999427,87.77818020000001,87.8276455
-1.0,66,49,0.03342249999999325,87.9386082,87.9720307
-1.0,62,56,0.0267379999999946,87.9493034,87.9760414
-1.0,62,127,0.03743319999999528,88.0990362,88.1364694
-1.0,62,80,0.0267379999999946,88.1097314,88.1364694
-1.0,70,70,0.04278080000000273,88.0990362,88.141817
-1.0,61,52,0.08021399999999801,88.0722982,88.1525122
-1.0,62,55,0.008021400000004064,88.2594642,88.2674856
-1.0,64,56,0.02673800000000881,88.2701594,88.2968974
-1.0,70,73,0.04278080000000273,88.2594642,88.302245
-1.0,35,77,0.10427819999999599,88.2567904,88.3610686
-1.0,64,56,0.0267379999999946,88.43058740000001,88.4573254
-1.0,63,81,0.0713013333333284,88.4198922,88.49119353333333
-1.0,62,80,0.0267379999999946,88.5910154,88.6177534
-1.0,66,79,0.046791499999997654,88.5803202,88.6271117
-1.0,62,56,0.02673800000000881,88.7514434,88.77818140000001
-1.0,67,103,0.052139099999997995,88.7407482,88.79288729999999
-1.0,35,77,0.09358299999999531,88.7380744,88.8316574
-1.0,64,127,0.03743320000000949,88.9011762,88.9386094
-1.0,64,56,0.02673800000000881,88.9118714,88.9386094
-1.0,70,77,0.04278080000000273,88.9011762,88.943957
-1.0,62,55,0.03743319999999528,89.0616042,89.0990374
-1.0,62,56,0.0267379999999946,89.0722994,89.0990374
-1.0,63,76,0.046791499999997654,89.0616042,89.1083957
-1.0,62,55,0.03743319999999528,89.2220322,89.2594654
-1.0,62,56,0.0267379999999946,89.2327274,89.2594654
-1.0,70,73,0.04278080000000273,89.2220322,89.264813
-1.0,62,127,0.03743320000000949,89.3824602,89.4198934
-1.0,62,80,0.02673800000000881,89.3931554,89.4198934
-1.0,70,78,0.04278080000000273,89.3824602,89.425241
-1.0,61,54,0.08021399999999801,89.358396,89.43861
-1.0,64,127,0.03743319999999528,89.54288820000001,89.5803214
-1.0,64,56,0.0267379999999946,89.55358340000001,89.5803214
-1.0,70,82,0.04278079999998852,89.54288820000001,89.585669
-1.0,35,77,0.1176472000000075,89.5402144,89.6578616
-1.0,64,127,0.03743319999999528,89.7033162,89.7407494
-1.0,64,56,0.0267379999999946,89.7140114,89.7407494
-1.0,63,78,0.04411770000000104,89.7033162,89.7474339
-1.0,62,88,0.03743319999999528,89.8637442,89.9011774
-1.0,62,80,0.0267379999999946,89.8744394,89.9011774
-1.0,70,78,0.04278080000000273,89.8637442,89.906525
-1.0,62,56,0.02673800000000881,90.0348674,90.0616054
-1.0,66,103,0.05080220000000679,90.0241722,90.0749744
-1.0,35,77,0.06951879999999733,90.026846,90.0963648
-1.0,64,56,0.0267379999999946,90.1952954,90.2220334
-1.0,66,104,0.046791499999997654,90.1846002,90.2313917
-1.0,62,55,0.03743319999999528,90.3450282,90.3824614
-1.0,62,56,0.0267379999999946,90.3557234,90.3824614
-1.0,63,77,0.04946530000000138,90.3450282,90.39449350000001
-1.0,66,49,0.03342250000000746,90.5054562,90.5388787
-1.0,62,56,0.02673800000000881,90.5161514,90.5428894
-1.0,62,127,0.03743319999999528,90.66588420000001,90.7033174
-1.0,62,80,0.0267379999999946,90.67657940000001,90.7033174
-1.0,70,70,0.04278079999998852,90.66588420000001,90.708665
-1.0,61,52,0.08021399999999801,90.6391462,90.7193602
-1.0,62,55,0.008021400000004064,90.8263122,90.83433360000001
-1.0,64,56,0.0267379999999946,90.8370074,90.8637454
-1.0,70,73,0.04278080000000273,90.8263122,90.869093
-1.0,35,77,0.10427819999999599,90.82363840000001,90.9279166
-1.0,64,56,0.0267379999999946,90.9974354,91.0241734
-1.0,63,81,0.07130133333333315,90.9867402,91.05804153333334
-1.0,62,80,0.02673800000000881,91.1578634,91.1846014
-1.0,66,79,0.04679150000000476,91.1471682,91.1939597
-1.0,62,56,0.0267379999999946,91.3182914,91.3450294
-1.0,67,103,0.052139099999997995,91.3075962,91.35973530000001
-1.0,35,77,0.09358300000000952,91.3049224,91.3985054
-1.0,64,127,0.03743319999999528,91.4680242,91.5054574
-1.0,64,56,0.0267379999999946,91.4787194,91.5054574
-1.0,70,77,0.04278080000000273,91.4680242,91.510805
-1.0,62,55,0.03743320000000949,91.6284522,91.66588540000001
-1.0,62,56,0.02673800000000881,91.6391474,91.66588540000001
-1.0,63,76,0.04679150000000476,91.6284522,91.67524370000001
-1.0,62,55,0.03743319999999528,91.78888020000001,91.8263134
-1.0,62,56,0.02673800000000881,91.7995754,91.8263134
-1.0,70,73,0.04278079999998852,91.78888020000001,91.831661
-1.0,62,127,0.03743319999999528,91.9493082,91.9867414
-1.0,62,80,0.0267379999999946,91.9600034,91.9867414
-1.0,70,78,0.04278080000000273,91.9493082,91.992089
-1.0,61,54,0.08021399999999801,91.925244,92.005458
-1.0,64,127,0.03743319999999528,92.1097362,92.1471694
-1.0,64,56,0.0267379999999946,92.1204314,92.1471694
-1.0,70,82,0.04278080000000273,92.1097362,92.152517
-1.0,35,77,0.11764719999999329,92.1070624,92.2247096
-1.0,64,127,0.03743320000000949,92.2701642,92.3075974
-1.0,64,56,0.02673800000000881,92.2808594,92.3075974
-1.0,63,78,0.04411770000000104,92.2701642,92.3142819
-1.0,62,88,0.03743319999999528,92.4305922,92.4680254
-1.0,62,80,0.0267379999999946,92.44128740000001,92.4680254
-1.0,70,78,0.04278079999998852,92.4305922,92.473373
-1.0,62,56,0.0267379999999946,92.6017154,92.6284534
-1.0,66,103,0.050802199999999686,92.5910202,92.6418224
-1.0,35,77,0.06951879999999733,92.593694,92.6632128
-1.0,64,56,0.02673800000000881,92.7621434,92.78888140000001
-1.0,66,104,0.04679150000000476,92.7514482,92.79823970000001
-1.0,62,55,0.03743320000000949,92.9118762,92.9493094
-1.0,62,56,0.02673800000000881,92.9225714,92.9493094
-1.0,63,77,0.04946530000000848,92.9118762,92.9613415
-1.0,66,49,0.03342249999999325,93.0723042,93.10572669999999
-1.0,62,56,0.0267379999999946,93.0829994,93.1097374
-1.0,62,127,0.03743319999999528,93.2327322,93.2701654
-1.0,62,80,0.0267379999999946,93.2434274,93.2701654
-1.0,70,70,0.04278080000000273,93.2327322,93.275513
-1.0,61,52,0.08021399999999801,93.2059942,93.2862082
-1.0,62,55,0.008021400000004064,93.3931602,93.4011816
-1.0,64,56,0.02673800000000881,93.4038554,93.4305934
-1.0,70,73,0.04278080000000273,93.3931602,93.435941
-1.0,35,77,0.10427819999999599,93.3904864,93.4947646
-1.0,64,56,0.0267379999999946,93.56428340000001,93.5910214
-1.0,63,81,0.0713013333333284,93.5535882,93.62488953333332
-1.0,62,80,0.0267379999999946,93.7247114,93.7514494
-1.0,66,79,0.046791499999997654,93.7140162,93.7608077
-1.0,62,56,0.02673800000000881,93.8851394,93.91187740000001
-1.0,67,103,0.052139099999997995,93.8744442,93.9265833
-1.0,35,77,0.09358299999999531,93.8717704,93.9653534
-1.0,64,127,0.03743320000000949,94.0348722,94.0723054
-1.0,64,56,0.02673800000000881,94.0455674,94.0723054
-1.0,70,77,0.04278080000000273,94.0348722,94.077653
-1.0,62,55,0.03743319999999528,94.1953002,94.2327334
-1.0,62,56,0.0267379999999946,94.2059954,94.2327334
-1.0,63,76,0.046791499999997654,94.1953002,94.2420917
-1.0,62,55,0.03743319999999528,94.3557282,94.3931614
-1.0,62,56,0.0267379999999946,94.3664234,94.3931614
-1.0,70,73,0.04278080000000273,94.3557282,94.398509
-1.0,62,127,0.03743320000000949,94.5161562,94.5535894
-1.0,62,80,0.02673800000000881,94.5268514,94.5535894
-1.0,70,78,0.04278080000000273,94.5161562,94.558937
-1.0,61,54,0.08021399999999801,94.492092,94.572306
-1.0,64,127,0.03743319999999528,94.67658420000001,94.7140174
-1.0,64,56,0.0267379999999946,94.68727940000001,94.7140174
-1.0,70,82,0.04278079999998852,94.67658420000001,94.719365
-1.0,35,77,0.1176472000000075,94.6739104,94.7915576
-1.0,64,127,0.03743319999999528,94.8370122,94.8744454
-1.0,64,56,0.0267379999999946,94.8477074,94.8744454
-1.0,63,78,0.04411770000000104,94.8370122,94.8811299
-1.0,62,88,0.03743319999999528,94.9974402,95.0348734
-1.0,62,80,0.0267379999999946,95.0081354,95.0348734
-1.0,70,78,0.04278080000000273,94.9974402,95.040221
-1.0,62,56,0.02673800000000881,95.1685634,95.1953014
-1.0,66,103,0.05080220000000679,95.1578682,95.2086704
-1.0,35,77,0.06951879999999733,95.160542,95.2300608
-1.0,64,56,0.0267379999999946,95.3289914,95.3557294
-1.0,66,104,0.046791499999997654,95.3182962,95.3650877
-1.0,62,55,0.03743319999999528,95.4787242,95.5161574
-1.0,62,56,0.0267379999999946,95.4894194,95.5161574
-1.0,63,77,0.04946529999999427,95.4787242,95.5281895
-1.0,66,49,0.03342250000000746,95.6391522,95.67257470000001
-1.0,62,56,0.02673800000000881,95.6498474,95.67658540000001
-1.0,62,127,0.03743319999999528,95.79958020000001,95.8370134
-1.0,62,80,0.02673800000000881,95.8102754,95.8370134
-1.0,70,70,0.04278079999998852,95.79958020000001,95.842361
-1.0,61,52,0.08021399999999801,95.7728422,95.8530562
-1.0,62,55,0.008021400000004064,95.9600082,95.96802960000001
-1.0,64,56,0.0267379999999946,95.9707034,95.9974414
-1.0,70,73,0.04278080000000273,95.9600082,96.002789
-1.0,35,77,0.10427819999999599,95.95733440000001,96.0616126
-1.0,64,56,0.0267379999999946,96.1311314,96.1578694
-1.0,63,81,0.07130133333333315,96.12043620000001,96.19173753333335
-1.0,62,80,0.02673800000000881,96.2915594,96.3182974
-1.0,66,79,0.04679150000000476,96.2808642,96.32765570000001
-1.0,62,56,0.0267379999999946,96.45198740000001,96.4787254
-1.0,67,103,0.052139099999997995,96.4412922,96.4934313
-1.0,35,77,0.09358300000000952,96.4386184,96.5322014
-1.0,64,127,0.03743319999999528,96.6017202,96.6391534
-1.0,64,56,0.0267379999999946,96.6124154,96.6391534
-1.0,70,77,0.04278080000000273,96.6017202,96.644501
-1.0,62,55,0.03743320000000949,96.7621482,96.79958140000001
-1.0,62,56,0.02673800000000881,96.7728434,96.79958140000001
-1.0,63,76,0.04679150000000476,96.7621482,96.8089397
-1.0,62,55,0.03743319999999528,96.92257620000001,96.9600094
-1.0,62,56,0.02673800000000881,96.9332714,96.9600094
-1.0,70,73,0.04278079999998852,96.92257620000001,96.965357
-1.0,62,127,0.03743319999999528,97.0830042,97.1204374
-1.0,62,80,0.0267379999999946,97.0936994,97.1204374
-1.0,70,78,0.04278080000000273,97.0830042,97.12578500000001
-1.0,61,54,0.08021399999999801,97.05894,97.139154
-1.0,64,127,0.03743319999999528,97.2434322,97.2808654
-1.0,64,56,0.0267379999999946,97.2541274,97.2808654
-1.0,70,82,0.04278080000000273,97.2434322,97.286213
-1.0,35,77,0.11764719999999329,97.2407584,97.3584056
-1.0,64,127,0.03743320000000949,97.4038602,97.4412934
-1.0,64,56,0.02673800000000881,97.4145554,97.4412934
-1.0,63,78,0.04411770000000104,97.4038602,97.4479779
-1.0,62,88,0.03743319999999528,97.56428820000001,97.6017214
-1.0,62,80,0.0267379999999946,97.57498340000001,97.6017214
-1.0,70,78,0.04278079999998852,97.56428820000001,97.607069
-1.0,62,56,0.0267379999999946,97.7354114,97.7621494
-1.0,66,103,0.050802199999999686,97.7247162,97.77551840000001
-1.0,35,77,0.06951879999999733,97.72739,97.7969088
-1.0,64,56,0.02673800000000881,97.8958394,97.92257740000001
-1.0,66,104,0.04679150000000476,97.8851442,97.9319357
-1.0,62,55,0.03743320000000949,98.0455722,98.0830054
-1.0,62,56,0.02673800000000881,98.0562674,98.0830054
-1.0,63,77,0.04946530000000848,98.0455722,98.0950375
-1.0,66,49,0.03342249999999325,98.2060002,98.2394227
-1.0,62,56,0.0267379999999946,98.2166954,98.2434334
-1.0,62,127,0.03743319999999528,98.3664282,98.4038614
-1.0,62,80,0.0267379999999946,98.3771234,98.4038614
-1.0,70,70,0.04278080000000273,98.3664282,98.409209
-1.0,61,52,0.08021399999999801,98.3396902,98.4199042
-1.0,62,55,0.008021400000004064,98.5268562,98.5348776
-1.0,64,56,0.02673800000000881,98.5375514,98.5642894
-1.0,70,73,0.04278080000000273,98.5268562,98.569637
-1.0,35,77,0.10427819999999599,98.5241824,98.6284606
-1.0,64,56,0.0267379999999946,98.69797940000001,98.7247174
-1.0,63,81,0.0713013333333284,98.68728420000001,98.75858553333333
-1.0,62,80,0.0267379999999946,98.8584074,98.8851454
-1.0,66,79,0.046791499999997654,98.8477122,98.8945037
-1.0,62,56,0.0267379999999946,99.0188354,99.0455734
-1.0,67,103,0.052139099999997995,99.0081402,99.06027929999999
-1.0,35,77,0.09358299999999531,99.0054664,99.0990494
-1.0,64,127,0.03743320000000949,99.1685682,99.2060014
-1.0,64,56,0.02673800000000881,99.1792634,99.2060014
-1.0,70,77,0.04278080000000273,99.1685682,99.211349
-1.0,62,55,0.03743319999999528,99.3289962,99.3664294
-1.0,62,56,0.0267379999999946,99.3396914,99.3664294
-1.0,63,76,0.046791499999997654,99.3289962,99.3757877
-1.0,62,55,0.03743319999999528,99.4894242,99.5268574
-1.0,62,56,0.0267379999999946,99.5001194,99.5268574
-1.0,70,73,0.04278080000000273,99.4894242,99.532205
-1.0,62,127,0.03743320000000949,99.6498522,99.68728540000001
-1.0,62,80,0.02673800000000881,99.6605474,99.68728540000001
-1.0,70,78,0.04278080000000273,99.6498522,99.692633
-1.0,61,54,0.08021399999999801,99.625788,99.706002
-1.0,64,127,0.03743319999999528,99.81028020000001,99.8477134
-1.0,64,56,0.0267379999999946,99.82097540000001,99.8477134
-1.0,70,82,0.04278079999998852,99.81028020000001,99.853061
-1.0,35,77,0.1176472000000075,99.8076064,99.9252536
-1.0,64,127,0.03743319999999528,99.9707082,100.0081414
-1.0,64,56,0.0267379999999946,99.9814034,100.0081414
-1.0,63,78,0.04411770000000104,99.9707082,100.0148259
-1.0,62,88,0.03743319999999528,100.1311362,100.1685694
-1.0,62,80,0.0267379999999946,100.1418314,100.1685694
-1.0,70,78,0.04278080000000273,100.1311362,100.173917
-1.0,62,56,0.02673800000000881,100.3022594,100.3289974
-1.0,66,103,0.05080220000000679,100.2915642,100.3423664
-1.0,35,77,0.06951879999999733,100.294238,100.3637568
-1.0,64,56,0.0267379999999946,100.46268740000001,100.4894254
-1.0,66,104,0.04679149999999055,100.4519922,100.49878369999999
-1.0,62,55,0.03743319999999528,100.6124202,100.6498534
-1.0,62,56,0.0267379999999946,100.6231154,100.6498534
-1.0,63,77,0.04946529999999427,100.6124202,100.6618855
-1.0,66,49,0.03342250000000746,100.7728482,100.8062707
-1.0,62,56,0.02673800000000881,100.7835434,100.81028140000001
-1.0,62,127,0.03743319999999528,100.93327620000001,100.9707094
-1.0,62,80,0.02673800000000881,100.9439714,100.9707094
-1.0,70,70,0.04278079999998852,100.93327620000001,100.976057
-1.0,61,52,0.08021399999999801,100.9065382,100.9867522
-1.0,62,55,0.008021400000004064,101.0937042,101.10172560000001
-1.0,64,56,0.0267379999999946,101.1043994,101.1311374
-1.0,70,73,0.04278080000000273,101.0937042,101.13648500000001
-1.0,35,77,0.10427819999999599,101.09103040000001,101.1953086
-1.0,64,56,0.0267379999999946,101.2648274,101.2915654
-1.0,63,81,0.07130133333333315,101.2541322,101.32543353333334
-1.0,62,80,0.02673800000000881,101.4252554,101.4519934
-1.0,66,79,0.04679150000000476,101.4145602,101.4613517
-1.0,62,56,0.0267379999999946,101.58568340000001,101.6124214
-1.0,67,103,0.052139099999997995,101.5749882,101.62712730000001
-1.0,35,77,0.09358300000000952,101.5723144,101.6658974
-1.0,64,127,0.03743319999999528,101.7354162,101.7728494
-1.0,64,56,0.0267379999999946,101.7461114,101.7728494
-1.0,70,77,0.04278080000000273,101.7354162,101.778197
-1.0,62,55,0.03743320000000949,101.8958442,101.93327740000001
-1.0,62,56,0.02673800000000881,101.9065394,101.93327740000001
-1.0,63,76,0.046791499999997654,101.8958442,101.9426357
-1.0,62,55,0.03743320000000949,102.0562722,102.0937054
-1.0,62,56,0.02673800000000881,102.0669674,102.0937054
-1.0,70,73,0.04278080000000273,102.0562722,102.099053
-1.0,62,127,0.03743319999999528,102.2167002,102.2541334
-1.0,62,80,0.0267379999999946,102.2273954,102.2541334
-1.0,70,78,0.04278080000000273,102.2167002,102.25948100000001
-1.0,61,54,0.08021399999999801,102.19263600000001,102.27285
-1.0,64,127,0.03743319999999528,102.3771282,102.4145614
-1.0,64,56,0.0267379999999946,102.3878234,102.4145614
-1.0,70,82,0.04278080000000273,102.3771282,102.419909
-1.0,35,77,0.11764719999999329,102.3744544,102.4921016
-1.0,64,127,0.03743320000000949,102.5375562,102.5749894
-1.0,64,56,0.02673800000000881,102.5482514,102.5749894
-1.0,63,78,0.04411770000000104,102.5375562,102.5816739
-1.0,62,88,0.03743319999999528,102.69798420000001,102.7354174
-1.0,62,80,0.0267379999999946,102.70867940000001,102.7354174
-1.0,70,78,0.04278079999998852,102.69798420000001,102.740765
-1.0,62,56,0.0267379999999946,102.8691074,102.8958454
-1.0,66,103,0.050802199999999686,102.8584122,102.9092144
-1.0,35,77,0.06951879999999733,102.861086,102.9306048
-1.0,64,56,0.0267379999999946,103.0295354,103.0562734
-1.0,66,104,0.04679150000000476,103.0188402,103.06563170000001
-1.0,62,55,0.03743320000000949,103.1792682,103.2167014
-1.0,62,56,0.02673800000000881,103.1899634,103.2167014
-1.0,63,77,0.04946530000000848,103.1792682,103.2287335
-1.0,66,49,0.03342249999999325,103.3396962,103.37311869999999
-1.0,62,56,0.0267379999999946,103.3503914,103.3771294
-1.0,62,127,0.03743319999999528,103.5001242,103.5375574
-1.0,62,80,0.0267379999999946,103.5108194,103.5375574
-1.0,70,70,0.04278080000000273,103.5001242,103.542905
-1.0,61,52,0.08021399999999801,103.47338620000001,103.5536002
-1.0,62,55,0.008021400000004064,103.6605522,103.6685736
-1.0,64,56,0.02673800000000881,103.6712474,103.69798540000001
-1.0,70,73,0.04278080000000273,103.6605522,103.703333
-1.0,35,77,0.10427819999999599,103.6578784,103.7621566
-1.0,64,56,0.0267379999999946,103.83167540000001,103.8584134
-1.0,63,81,0.0713013333333284,103.82098020000001,103.89228153333333
-1.0,62,80,0.0267379999999946,103.9921034,104.0188414
-1.0,66,79,0.046791499999997654,103.9814082,104.0281997
-1.0,62,56,0.0267379999999946,104.1525314,104.1792694
-1.0,67,103,0.052139099999997995,104.1418362,104.1939753
-1.0,35,77,0.09358299999999531,104.1391624,104.2327454
-1.0,64,127,0.03743320000000949,104.3022642,104.3396974
-1.0,64,56,0.02673800000000881,104.3129594,104.3396974
-1.0,70,77,0.04278080000000273,104.3022642,104.345045
-1.0,62,55,0.03743319999999528,104.4626922,104.5001254
-1.0,62,56,0.0267379999999946,104.47338740000001,104.5001254
-1.0,63,76,0.046791499999997654,104.4626922,104.5094837
-1.0,62,55,0.03743319999999528,104.6231202,104.6605534
-1.0,62,56,0.0267379999999946,104.6338154,104.6605534
-1.0,70,73,0.04278080000000273,104.6231202,104.665901
-1.0,62,127,0.03743320000000949,104.7835482,104.82098140000001
-1.0,62,80,0.02673800000000881,104.7942434,104.82098140000001
-1.0,70,78,0.04278080000000273,104.7835482,104.826329
-1.0,61,54,0.08021399999999801,104.759484,104.839698
-1.0,64,127,0.03743319999999528,104.94397620000001,104.9814094
-1.0,64,56,0.02673800000000881,104.9546714,104.9814094
-1.0,70,82,0.04278079999998852,104.94397620000001,104.986757
-1.0,35,77,0.1176472000000075,104.9413024,105.0589496
-1.0,64,127,0.03743319999999528,105.1044042,105.1418374
-1.0,64,56,0.0267379999999946,105.1150994,105.1418374
-1.0,63,78,0.04411770000000104,105.1044042,105.1485219
-1.0,62,88,0.03743319999999528,105.2648322,105.3022654
-1.0,62,80,0.0267379999999946,105.2755274,105.3022654
-1.0,70,78,0.04278080000000273,105.2648322,105.307613
-1.0,62,56,0.02673800000000881,105.4359554,105.4626934
-1.0,66,103,0.05080220000000679,105.4252602,105.4760624
-1.0,35,77,0.06951879999999733,105.42793400000001,105.4974528
-1.0,64,56,0.0267379999999946,105.59638340000001,105.6231214
-1.0,66,104,0.04679149999999055,105.5856882,105.6324797
-1.0,62,55,0.03743319999999528,105.7461162,105.7835494
-1.0,62,56,0.0267379999999946,105.7568114,105.7835494
-1.0,63,77,0.04946529999999427,105.7461162,105.7955815
-1.0,66,49,0.03342250000000746,105.9065442,105.93996670000001
-1.0,62,56,0.02673800000000881,105.9172394,105.94397740000001
-1.0,62,127,0.03743320000000949,106.0669722,106.1044054
-1.0,62,80,0.02673800000000881,106.0776674,106.1044054
-1.0,70,70,0.04278080000000273,106.0669722,106.109753
-1.0,61,52,0.08021399999999801,106.0402342,106.1204482
-1.0,62,55,0.008021399999989853,106.2274002,106.2354216
-1.0,64,56,0.0267379999999946,106.2380954,106.2648334
-1.0,70,73,0.04278080000000273,106.2274002,106.27018100000001
-1.0,35,77,0.10427819999999599,106.22472640000001,106.3290046
-1.0,64,56,0.0267379999999946,106.3985234,106.4252614
-1.0,63,81,0.07130133333333315,106.3878282,106.45912953333334
-1.0,62,80,0.02673800000000881,106.5589514,106.5856894
-1.0,66,79,0.04679150000000476,106.5482562,106.59504770000001
-1.0,62,56,0.0267379999999946,106.71937940000001,106.7461174
-1.0,67,103,0.052139099999997995,106.70868420000001,106.7608233
-1.0,35,77,0.09358300000000952,106.7060104,106.7995934
-1.0,64,127,0.03743319999999528,106.8691122,106.9065454
-1.0,64,56,0.0267379999999946,106.8798074,106.9065454
-1.0,70,77,0.04278080000000273,106.8691122,106.911893
-1.0,62,55,0.03743319999999528,107.0295402,107.0669734
-1.0,62,56,0.0267379999999946,107.0402354,107.0669734
-1.0,63,76,0.046791499999997654,107.0295402,107.0763317
-1.0,62,55,0.03743320000000949,107.1899682,107.2274014
-1.0,62,56,0.02673800000000881,107.2006634,107.2274014
-1.0,70,73,0.04278080000000273,107.1899682,107.232749
-1.0,62,127,0.03743319999999528,107.3503962,107.3878294
-1.0,62,80,0.0267379999999946,107.3610914,107.3878294
-1.0,70,78,0.04278080000000273,107.3503962,107.39317700000001
-1.0,61,54,0.08021399999999801,107.32633200000001,107.406546
-1.0,64,127,0.03743319999999528,107.5108242,107.5482574
-1.0,64,56,0.0267379999999946,107.5215194,107.5482574
-1.0,70,82,0.04278080000000273,107.5108242,107.553605
-1.0,35,77,0.11764719999999329,107.5081504,107.6257976
-1.0,64,127,0.03743320000000949,107.6712522,107.70868540000001
-1.0,64,56,0.02673800000000881,107.6819474,107.70868540000001
-1.0,63,78,0.04411770000000104,107.6712522,107.7153699
-1.0,62,88,0.03743319999999528,107.83168020000001,107.8691134
-1.0,62,80,0.0267379999999946,107.84237540000001,107.8691134
-1.0,70,78,0.04278079999998852,107.83168020000001,107.874461
-1.0,62,56,0.0267379999999946,108.0028034,108.0295414
-1.0,66,103,0.050802199999999686,107.9921082,108.04291040000001
-1.0,35,77,0.06951879999999733,107.994782,108.0643008
-1.0,64,56,0.0267379999999946,108.1632314,108.1899694
-1.0,66,104,0.04679150000000476,108.1525362,108.1993277
-1.0,62,55,0.03743320000000949,108.3129642,108.3503974
-1.0,62,56,0.02673800000000881,108.3236594,108.3503974
-1.0,63,77,0.04946530000000848,108.3129642,108.3624295
-1.0,66,49,0.03342249999999325,108.4733922,108.5068147
-1.0,62,56,0.0267379999999946,108.4840874,108.5108254
-1.0,62,127,0.03743319999999528,108.6338202,108.6712534
-1.0,62,80,0.0267379999999946,108.6445154,108.6712534
-1.0,70,70,0.04278080000000273,108.6338202,108.676601
-1.0,61,52,0.08021399999999801,108.60708220000001,108.6872962
-1.0,62,55,0.008021400000004064,108.7942482,108.8022696
-1.0,64,56,0.02673800000000881,108.8049434,108.83168140000001
-1.0,70,73,0.04278080000000273,108.7942482,108.837029
-1.0,35,77,0.10427819999999599,108.7915744,108.8958526
-1.0,64,56,0.02673800000000881,108.9653714,108.9921094
-1.0,63,81,0.07130133333332367,108.95467620000001,109.02597753333333
-1.0,62,80,0.0267379999999946,109.1257994,109.1525374
-1.0,66,79,0.046791499999997654,109.1151042,109.1618957
-1.0,62,56,0.0267379999999946,109.2862274,109.3129654
-1.0,67,103,0.052139099999997995,109.2755322,109.32767129999999
-1.0,35,77,0.09358299999999531,109.2728584,109.3664414
-1.0,64,127,0.03743320000000949,109.4359602,109.4733934
-1.0,64,56,0.02673800000000881,109.4466554,109.4733934
-1.0,70,77,0.04278080000000273,109.4359602,109.478741
-1.0,62,55,0.03743319999999528,109.5963882,109.6338214
-1.0,62,56,0.0267379999999946,109.60708340000001,109.6338214
-1.0,63,76,0.046791499999997654,109.5963882,109.6431797
-1.0,62,55,0.03743319999999528,109.7568162,109.7942494
-1.0,62,56,0.0267379999999946,109.7675114,109.7942494
-1.0,70,73,0.04278080000000273,109.7568162,109.799597
-1.0,62,127,0.03743320000000949,109.9172442,109.95467740000001
-1.0,62,80,0.02673800000000881,109.9279394,109.95467740000001
-1.0,70,78,0.04278080000000273,109.9172442,109.960025
-1.0,61,54,0.08021399999999801,109.89318,109.973394
-1.0,64,127,0.03743320000000949,110.0776722,110.1151054
-1.0,64,56,0.02673800000000881,110.0883674,110.1151054
-1.0,70,82,0.04278080000000273,110.0776722,110.120453
-1.0,35,77,0.1176472000000075,110.0749984,110.1926456
-1.0,64,127,0.03743319999999528,110.2381002,110.2755334
-1.0,64,56,0.0267379999999946,110.2487954,110.2755334
-1.0,63,78,0.04411770000000104,110.2381002,110.2822179
-1.0,62,88,0.03743319999999528,110.3985282,110.4359614
-1.0,62,80,0.0267379999999946,110.4092234,110.4359614
-1.0,70,78,0.04278080000000273,110.3985282,110.441309
-1.0,62,56,0.02673800000000881,110.5696514,110.5963894
-1.0,66,103,0.05080220000000679,110.5589562,110.6097584
-1.0,35,77,0.06951879999999733,110.56163000000001,110.6311488
-1.0,64,56,0.0267379999999946,110.73007940000001,110.7568174
-1.0,66,104,0.04679149999999055,110.71938420000001,110.76617569999999
-1.0,62,55,0.03743319999999528,110.8798122,110.9172454
-1.0,62,56,0.0267379999999946,110.8905074,110.9172454
-1.0,63,77,0.04946529999999427,110.8798122,110.9292775
-1.0,66,49,0.03342250000000746,111.0402402,111.0736627
-1.0,62,56,0.02673800000000881,111.0509354,111.07767340000001
-1.0,62,127,0.03743320000000949,111.2006682,111.2381014
-1.0,62,80,0.02673800000000881,111.2113634,111.2381014
-1.0,70,70,0.04278080000000273,111.2006682,111.243449
-1.0,61,52,0.08021399999999801,111.1739302,111.2541442
-1.0,62,55,0.008021399999989853,111.3610962,111.3691176
-1.0,64,56,0.0267379999999946,111.3717914,111.3985294
-1.0,70,73,0.04278080000000273,111.3610962,111.40387700000001
-1.0,35,77,0.1042782000000102,111.3584224,111.4627006
-1.0,64,56,0.0267379999999946,111.5322194,111.5589574
-1.0,63,81,0.07130133333333315,111.5215242,111.59282553333334
-1.0,62,80,0.02673800000000881,111.6926474,111.71938540000001
-1.0,66,79,0.04679150000000476,111.6819522,111.7287437
-1.0,62,56,0.0267379999999946,111.85307540000001,111.8798134
-1.0,67,103,0.052139099999997995,111.84238020000001,111.89451930000001
-1.0,35,77,0.09358300000000952,111.8397064,111.9332894
-1.0,64,127,0.03743319999999528,112.0028082,112.0402414
-1.0,64,56,0.0267379999999946,112.0135034,112.0402414
-1.0,70,77,0.04278080000000273,112.0028082,112.045589
-1.0,62,55,0.03743319999999528,112.1632362,112.2006694
-1.0,62,56,0.0267379999999946,112.1739314,112.2006694
-1.0,63,76,0.046791499999997654,112.1632362,112.2100277
-1.0,62,55,0.03743320000000949,112.3236642,112.3610974
-1.0,62,56,0.02673800000000881,112.3343594,112.3610974
-1.0,70,73,0.04278080000000273,112.3236642,112.366445
-1.0,62,127,0.03743319999999528,112.4840922,112.5215254
-1.0,62,80,0.0267379999999946,112.4947874,112.5215254
-1.0,70,78,0.04278080000000273,112.4840922,112.52687300000001
-1.0,61,54,0.08021399999999801,112.46002800000001,112.540242
-1.0,64,127,0.03743319999999528,112.6445202,112.6819534
-1.0,64,56,0.0267379999999946,112.6552154,112.6819534
-1.0,70,82,0.04278080000000273,112.6445202,112.687301
-1.0,35,77,0.11764719999999329,112.6418464,112.7594936
-1.0,64,127,0.03743320000000949,112.8049482,112.84238140000001
-1.0,64,56,0.02673800000000881,112.8156434,112.84238140000001
-1.0,63,78,0.04411770000000104,112.8049482,112.8490659
-1.0,62,88,0.03743319999999528,112.96537620000001,113.0028094
-1.0,62,80,0.02673800000000881,112.9760714,113.0028094
-1.0,70,78,0.04278079999998852,112.96537620000001,113.008157
-1.0,62,56,0.0267379999999946,113.1364994,113.1632374
-1.0,66,103,0.050802199999999686,113.1258042,113.1766064
-1.0,35,77,0.06951879999999733,113.128478,113.1979968
-1.0,64,56,0.0267379999999946,113.2969274,113.3236654
-1.0,66,104,0.04679150000000476,113.2862322,113.33302370000001
-1.0,62,55,0.03743320000000949,113.4466602,113.4840934
-1.0,62,56,0.02673800000000881,113.4573554,113.4840934
-1.0,63,77,0.04946530000000848,113.4466602,113.4961255
-1.0,66,49,0.03342249999999325,113.6070882,113.6405107
-1.0,62,56,0.0267379999999946,113.61778340000001,113.6445214
-1.0,62,127,0.03743319999999528,113.7675162,113.8049494
-1.0,62,80,0.0267379999999946,113.7782114,113.8049494
-1.0,70,70,0.04278080000000273,113.7675162,113.810297
-1.0,61,52,0.08021399999999801,113.74077820000001,113.8209922
-1.0,62,55,0.008021400000004064,113.9279442,113.9359656
-1.0,64,56,0.02673800000000881,113.9386394,113.96537740000001
-1.0,70,73,0.04278080000000273,113.9279442,113.970725
-1.0,35,77,0.10427819999999599,113.9252704,114.0295486
-1.0,64,56,0.02673800000000881,114.0990674,114.1258054
-1.0,63,81,0.07130133333332367,114.08837220000002,114.15967353333335
-1.0,62,80,0.0267379999999946,114.2594954,114.2862334
-1.0,66,79,0.046791499999997654,114.2488002,114.2955917
-1.0,62,56,0.0267379999999946,114.4199234,114.4466614
-1.0,67,103,0.052139099999997995,114.4092282,114.4613673
-1.0,35,77,0.09358299999999531,114.4065544,114.5001374
-1.0,64,127,0.03743320000000949,114.5696562,114.6070894
-1.0,64,56,0.02673800000000881,114.5803514,114.6070894
-1.0,70,77,0.04278080000000273,114.5696562,114.612437
-1.0,62,55,0.03743319999999528,114.73008420000001,114.7675174
-1.0,62,56,0.0267379999999946,114.74077940000001,114.7675174
-1.0,63,76,0.046791499999997654,114.73008420000001,114.7768757
-1.0,62,55,0.03743319999999528,114.8905122,114.9279454
-1.0,62,56,0.0267379999999946,114.9012074,114.9279454
-1.0,70,73,0.04278080000000273,114.8905122,114.933293
-1.0,62,127,0.03743320000000949,115.0509402,115.08837340000001
-1.0,62,80,0.02673800000000881,115.0616354,115.08837340000001
-1.0,70,78,0.04278080000000273,115.0509402,115.093721
-1.0,61,54,0.08021399999999801,115.026876,115.10709
-1.0,64,127,0.03743320000000949,115.2113682,115.2488014
-1.0,64,56,0.02673800000000881,115.2220634,115.2488014
-1.0,70,82,0.04278080000000273,115.2113682,115.254149
-1.0,35,77,0.1176472000000075,115.2086944,115.3263416
-1.0,64,127,0.03743319999999528,115.3717962,115.4092294
-1.0,64,56,0.0267379999999946,115.3824914,115.4092294
-1.0,63,78,0.04411770000000104,115.3717962,115.4159139
-1.0,62,88,0.03743319999999528,115.5322242,115.5696574
-1.0,62,80,0.0267379999999946,115.5429194,115.5696574
-1.0,70,78,0.04278080000000273,115.5322242,115.575005
-1.0,62,56,0.02673800000000881,115.7033474,115.73008540000001
-1.0,66,103,0.05080220000000679,115.6926522,115.7434544
-1.0,35,77,0.06951879999999733,115.69532600000001,115.7648448
-1.0,64,56,0.0267379999999946,115.86377540000001,115.8905134
-1.0,66,104,0.04679149999999055,115.85308020000001,115.8998717
-1.0,62,55,0.03743319999999528,116.0135082,116.0509414
-1.0,62,56,0.0267379999999946,116.0242034,116.0509414
-1.0,63,77,0.04946529999999427,116.0135082,116.0629735
-1.0,66,49,0.033422500000000355,116.1739362,116.2073587
-1.0,62,56,0.0267379999999946,116.1846314,116.2113694
-1.0,62,127,0.03743320000000949,116.3343642,116.3717974
-1.0,62,80,0.02673800000000881,116.3450594,116.3717974
-1.0,70,70,0.04278080000000273,116.3343642,116.377145
-1.0,61,52,0.08021399999999801,116.3076262,116.3878402
-1.0,62,55,0.008021399999989853,116.4947922,116.5028136
-1.0,64,56,0.0267379999999946,116.5054874,116.5322254
-1.0,70,73,0.04278080000000273,116.4947922,116.53757300000001
-1.0,35,77,0.1042782000000102,116.4921184,116.5963966
-1.0,64,56,0.0267379999999946,116.6659154,116.6926534
-1.0,63,81,0.07130133333333315,116.65522019999999,116.72652153333333
-1.0,62,80,0.02673800000000881,116.8263434,116.85308140000001
-1.0,66,79,0.04679150000000476,116.8156482,116.86243970000001
-1.0,62,56,0.0267379999999946,116.98677140000001,117.0135094
-1.0,67,103,0.052139099999997995,116.97607620000001,117.0282153
-1.0,35,77,0.09358300000000952,116.9734024,117.06698540000001
-1.0,64,127,0.03743319999999528,117.1365042,117.1739374
-1.0,64,56,0.0267379999999946,117.1471994,117.1739374
-1.0,70,77,0.04278080000000273,117.1365042,117.17928500000001
-1.0,60,102,0.05793233333333111,117.2969322,117.35486453333333
-1.0,62,55,0.03743320000000949,118.5803562,118.6177894
-1.0,62,56,0.02673800000000881,118.5910514,118.6177894
-1.0,63,77,0.04946530000000848,118.5803562,118.6298215
-1.0,66,49,0.03342249999999325,118.74078420000001,118.77420670000001
-1.0,62,56,0.0267379999999946,118.75147940000001,118.7782174
-1.0,62,127,0.03743319999999528,118.9012122,118.9386454
-1.0,62,80,0.0267379999999946,118.9119074,118.9386454
-1.0,70,70,0.04278080000000273,118.9012122,118.943993
-1.0,61,52,0.08021399999999801,118.87447420000001,118.9546882
-1.0,62,55,0.008021400000004064,119.0616402,119.0696616
-1.0,64,56,0.02673800000000881,119.0723354,119.09907340000001
-1.0,70,73,0.04278080000000273,119.0616402,119.104421
-1.0,35,77,0.10427819999999599,119.0589664,119.1632446
-1.0,64,56,0.02673800000000881,119.2327634,119.2595014
-1.0,63,81,0.07130133333333788,119.22206820000001,119.29336953333335
-1.0,62,80,0.0267379999999946,119.3931914,119.4199294
-1.0,66,79,0.046791499999997654,119.3824962,119.4292877
-1.0,62,56,0.0267379999999946,119.5536194,119.5803574
-1.0,67,103,0.052139099999997995,119.5429242,119.59506329999999
-1.0,35,77,0.09358299999999531,119.5402504,119.6338334
-1.0,64,127,0.03743320000000949,119.7033522,119.74078540000001
-1.0,64,56,0.02673800000000881,119.7140474,119.74078540000001
-1.0,70,77,0.04278080000000273,119.7033522,119.746133
-1.0,62,55,0.03743319999999528,119.86378020000001,119.9012134
-1.0,62,56,0.0267379999999946,119.87447540000001,119.9012134
-1.0,63,76,0.046791499999997654,119.86378020000001,119.9105717
-1.0,62,55,0.03743319999999528,120.0242082,120.0616414
-1.0,62,56,0.0267379999999946,120.0349034,120.0616414
-1.0,70,73,0.04278080000000273,120.0242082,120.066989
-1.0,62,127,0.03743319999999528,120.1846362,120.2220694
-1.0,62,80,0.0267379999999946,120.1953314,120.2220694
-1.0,70,78,0.04278080000000273,120.1846362,120.227417
-1.0,61,54,0.08021399999999801,120.160572,120.240786
-1.0,64,127,0.03743320000000949,120.3450642,120.3824974
-1.0,64,56,0.02673800000000881,120.3557594,120.3824974
-1.0,70,82,0.04278080000000273,120.3450642,120.387845
-1.0,35,77,0.1176472000000075,120.3423904,120.4600376
-1.0,64,127,0.03743319999999528,120.5054922,120.5429254
-1.0,64,56,0.0267379999999946,120.5161874,120.5429254
-1.0,63,78,0.04411770000000104,120.5054922,120.54960990000001
-1.0,62,88,0.03743319999999528,120.6659202,120.7033534
-1.0,62,80,0.0267379999999946,120.6766154,120.7033534
-1.0,70,78,0.04278080000000273,120.6659202,120.708701
-1.0,62,56,0.02673800000000881,120.8370434,120.86378140000001
-1.0,66,103,0.05080220000000679,120.8263482,120.8771504
-1.0,35,77,0.06951879999999733,120.82902200000001,120.8985408
-1.0,64,56,0.0267379999999946,120.99747140000001,121.0242094
-1.0,66,104,0.04679149999999055,120.98677620000001,121.03356769999999
-1.0,62,55,0.03743319999999528,121.1472042,121.1846374
-1.0,62,56,0.0267379999999946,121.1578994,121.1846374
-1.0,63,77,0.04946529999999427,121.1472042,121.1966695
-1.0,66,49,0.033422500000000355,121.3076322,121.3410547
-1.0,62,56,0.0267379999999946,121.3183274,121.3450654
-1.0,62,127,0.03743320000000949,121.4680602,121.5054934
-1.0,62,80,0.02673800000000881,121.4787554,121.5054934
-1.0,70,70,0.04278080000000273,121.4680602,121.510841
-1.0,61,52,0.08021399999999801,121.4413222,121.5215362
-1.0,62,55,0.008021399999989853,121.6284882,121.6365096
-1.0,64,56,0.0267379999999946,121.63918340000001,121.6659214
-1.0,70,73,0.04278079999998852,121.6284882,121.671269
-1.0,35,77,0.1042782000000102,121.6258144,121.7300926
-1.0,64,56,0.0267379999999946,121.7996114,121.8263494
-1.0,63,81,0.07130133333333315,121.7889162,121.86021753333334
-1.0,62,80,0.02673800000000881,121.9600394,121.98677740000001
-1.0,66,79,0.04679150000000476,121.9493442,121.9961357
-1.0,62,56,0.02673800000000881,122.1204674,122.1472054
-1.0,67,103,0.052139099999997995,122.10977220000001,122.16191130000001
-1.0,35,77,0.09358300000000952,122.1070984,122.20068140000001
-1.0,64,127,0.03743319999999528,122.2702002,122.3076334
-1.0,64,56,0.0267379999999946,122.2808954,122.3076334
-1.0,70,77,0.04278080000000273,122.2702002,122.31298100000001
-1.0,62,55,0.03743319999999528,122.4306282,122.4680614
-1.0,62,56,0.0267379999999946,122.4413234,122.4680614
-1.0,63,76,0.046791499999997654,122.4306282,122.4774197
-1.0,62,55,0.03743320000000949,122.5910562,122.6284894
-1.0,62,56,0.02673800000000881,122.6017514,122.6284894
-1.0,70,73,0.04278080000000273,122.5910562,122.633837
-1.0,62,127,0.03743319999999528,122.75148420000001,122.7889174
-1.0,62,80,0.0267379999999946,122.76217940000001,122.7889174
-1.0,70,78,0.04278079999998852,122.75148420000001,122.794265
-1.0,61,54,0.08021399999999801,122.72742000000001,122.80763400000001
-1.0,64,127,0.03743319999999528,122.9119122,122.9493454
-1.0,64,56,0.0267379999999946,122.9226074,122.9493454
-1.0,70,82,0.04278080000000273,122.9119122,122.954693
-1.0,35,77,0.11764719999999329,122.9092384,123.0268856
-1.0,64,127,0.03743320000000949,123.0723402,123.10977340000001
-1.0,64,56,0.02673800000000881,123.0830354,123.10977340000001
-1.0,63,78,0.04411770000000104,123.0723402,123.1164579
-1.0,62,88,0.03743320000000949,123.2327682,123.2702014
-1.0,62,80,0.02673800000000881,123.2434634,123.2702014
-1.0,70,78,0.04278080000000273,123.2327682,123.275549
-1.0,62,56,0.0267379999999946,123.4038914,123.4306294
-1.0,66,103,0.050802199999999686,123.3931962,123.4439984
-1.0,35,77,0.06951879999999733,123.39587,123.4653888
-1.0,64,56,0.0267379999999946,123.5643194,123.5910574
-1.0,66,104,0.04679150000000476,123.5536242,123.60041570000001
-1.0,62,55,0.03743320000000949,123.7140522,123.7514854
-1.0,62,56,0.02673800000000881,123.7247474,123.7514854
-1.0,63,77,0.04946530000000848,123.7140522,123.7635175
-1.0,66,49,0.03342249999999325,123.87448020000001,123.9079027
-1.0,62,56,0.0267379999999946,123.88517540000001,123.9119134
-1.0,62,127,0.03743319999999528,124.0349082,124.0723414
-1.0,62,80,0.0267379999999946,124.0456034,124.0723414
-1.0,70,70,0.04278080000000273,124.0349082,124.077689
-1.0,61,52,0.08021399999999801,124.00817020000001,124.08838420000001
-1.0,62,55,0.008021400000004064,124.1953362,124.2033576
-1.0,64,56,0.02673800000000881,124.2060314,124.23276940000001
-1.0,70,73,0.04278080000000273,124.1953362,124.238117
-1.0,35,77,0.10427819999999599,124.1926624,124.2969406
-1.0,64,56,0.02673800000000881,124.3664594,124.3931974
-1.0,63,81,0.07130133333333788,124.3557642,124.42706553333333
-1.0,62,80,0.0267379999999946,124.5268874,124.5536254
-1.0,66,79,0.046791499999997654,124.5161922,124.5629837
-1.0,62,56,0.0267379999999946,124.6873154,124.7140534
-1.0,67,103,0.052139099999997995,124.6766202,124.72875930000001
-1.0,35,77,0.09358299999999531,124.6739464,124.7675294
-1.0,64,127,0.03743320000000949,124.8370482,124.87448140000001
-1.0,64,56,0.02673800000000881,124.8477434,124.87448140000001
-1.0,70,77,0.04278080000000273,124.8370482,124.879829
-1.0,62,55,0.03743319999999528,124.99747620000001,125.0349094
-1.0,62,56,0.0267379999999946,125.00817140000001,125.0349094
-1.0,63,76,0.046791499999997654,124.99747620000001,125.0442677
-1.0,62,55,0.03743319999999528,125.1579042,125.1953374
-1.0,62,56,0.0267379999999946,125.1685994,125.1953374
-1.0,70,73,0.04278080000000273,125.1579042,125.20068500000001
-1.0,62,127,0.03743319999999528,125.3183322,125.3557654
-1.0,62,80,0.0267379999999946,125.3290274,125.3557654
-1.0,70,78,0.04278080000000273,125.3183322,125.361113
-1.0,61,54,0.08021399999999801,125.294268,125.374482
-1.0,64,127,0.03743320000000949,125.4787602,125.5161934
-1.0,64,56,0.02673800000000881,125.4894554,125.5161934
-1.0,70,82,0.04278080000000273,125.4787602,125.521541
-1.0,35,77,0.1176472000000075,125.4760864,125.59373360000001
-1.0,64,127,0.03743319999999528,125.6391882,125.6766214
-1.0,64,56,0.0267379999999946,125.64988340000001,125.6766214
-1.0,63,78,0.04411769999999393,125.6391882,125.6833059
-1.0,62,88,0.03743319999999528,125.7996162,125.8370494
-1.0,62,80,0.0267379999999946,125.8103114,125.8370494
-1.0,70,78,0.04278080000000273,125.7996162,125.842397
-1.0,62,56,0.02673800000000881,125.9707394,125.99747740000001
-1.0,66,103,0.050802199999999686,125.9600442,126.01084639999999
-1.0,35,77,0.06951880000001154,125.962718,126.0322368
-1.0,64,56,0.02673800000000881,126.1311674,126.1579054
-1.0,66,104,0.04679149999999055,126.12047220000001,126.1672637
-1.0,62,55,0.03743319999999528,126.2809002,126.3183334
-1.0,62,56,0.0267379999999946,126.2915954,126.3183334
-1.0,63,77,0.04946529999999427,126.2809002,126.3303655
-1.0,66,49,0.033422500000000355,126.4413282,126.4747507
-1.0,62,56,0.0267379999999946,126.4520234,126.4787614
-1.0,62,127,0.03743320000000949,126.6017562,126.6391894
-1.0,62,80,0.02673800000000881,126.6124514,126.6391894
-1.0,70,70,0.04278080000000273,126.6017562,126.644537
-1.0,61,52,0.08021399999999801,126.5750182,126.6552322
-1.0,62,55,0.008021399999989853,126.76218420000001,126.7702056
-1.0,64,56,0.0267379999999946,126.77287940000001,126.7996174
-1.0,70,73,0.04278079999998852,126.76218420000001,126.804965
-1.0,35,77,0.1042782000000102,126.7595104,126.8637886
-1.0,64,56,0.0267379999999946,126.9333074,126.9600454
-1.0,63,81,0.07130133333333315,126.9226122,126.99391353333334
-1.0,62,80,0.02673800000000881,127.0937354,127.12047340000001
-1.0,66,79,0.04679150000000476,127.0830402,127.12983170000001
-1.0,62,56,0.02673800000000881,127.2541634,127.2809014
-1.0,67,103,0.0521391000000051,127.2434682,127.2956073
-1.0,35,77,0.09358300000000952,127.2407944,127.33437740000001
-1.0,64,127,0.03743319999999528,127.4038962,127.4413294
-1.0,64,56,0.0267379999999946,127.4145914,127.4413294
-1.0,70,77,0.04278080000000273,127.4038962,127.44667700000001
-1.0,62,55,0.03743319999999528,127.5643242,127.6017574
-1.0,62,56,0.0267379999999946,127.5750194,127.6017574
-1.0,63,76,0.046791499999997654,127.5643242,127.6111157
-1.0,62,55,0.03743320000000949,127.7247522,127.7621854
-1.0,62,56,0.02673800000000881,127.7354474,127.7621854
-1.0,70,73,0.04278080000000273,127.7247522,127.767533
-1.0,62,127,0.03743319999999528,127.88518020000001,127.9226134
-1.0,62,80,0.0267379999999946,127.89587540000001,127.9226134
-1.0,70,78,0.04278079999998852,127.88518020000001,127.927961
-1.0,61,54,0.08021400000001222,127.861116,127.94133000000001
-1.0,64,127,0.03743320000000949,128.0456082,128.0830414
-1.0,64,56,0.02673800000002302,128.0563034,128.0830414
-1.0,70,82,0.04278080000000273,128.0456082,128.088389
-1.0,35,77,0.11764719999999329,128.0429344,128.1605816
-1.0,64,127,0.03743320000000949,128.2060362,128.2434694
-1.0,64,56,0.0267379999999946,128.21673140000001,128.2434694
-1.0,63,78,0.04411770000000104,128.2060362,128.2501539
-1.0,62,88,0.03743320000000949,128.3664642,128.4038974
-1.0,62,80,0.0267379999999946,128.3771594,128.4038974
-1.0,70,78,0.04278080000000273,128.3664642,128.409245
-1.0,62,56,0.0267379999999946,128.5375874,128.5643254
-1.0,66,103,0.05080220000000679,128.5268922,128.57769439999998
-1.0,35,77,0.06951880000002575,128.529566,128.5990848
-1.0,64,56,0.0267379999999946,128.6980154,128.7247534
-1.0,66,104,0.046791499999983444,128.68732020000002,128.7341117
-1.0,62,55,0.03743319999998107,128.8477482,128.8851814
-1.0,62,56,0.0267379999999946,128.8584434,128.8851814
-1.0,63,77,0.04946529999999427,128.8477482,128.89721350000002
-1.0,66,49,0.033422499999986144,129.0081762,129.0415987
-1.0,62,56,0.0267379999999946,129.0188714,129.0456094
-1.0,62,127,0.03743320000000949,129.1686042,129.2060374
-1.0,62,80,0.02673800000002302,129.1792994,129.2060374
-1.0,70,70,0.04278080000000273,129.1686042,129.211385
-1.0,61,52,0.0802139999999838,129.1418662,129.2220802
-1.0,62,55,0.008021399999989853,129.3290322,129.3370536
-1.0,64,56,0.0267379999999946,129.33972740000002,129.3664654
-1.0,70,73,0.04278080000000273,129.3290322,129.371813
-1.0,35,77,0.1042782000000102,129.3263584,129.4306366
-1.0,64,56,0.0267379999999946,129.5001554,129.5268934
-1.0,63,81,0.07130133333333788,129.4894602,129.56076153333333
-1.0,62,80,0.0267379999999946,129.6605834,129.6873214
-1.0,66,79,0.046791500000011865,129.6498882,129.6966797
-1.0,62,56,0.0267379999999946,129.8210114,129.8477494
-1.0,67,103,0.05213910000001931,129.8103162,129.86245530000002
-1.0,35,77,0.09358300000002373,129.8076424,129.90122540000002
-1.0,64,127,0.03743319999998107,129.9707442,130.0081774
-1.0,64,56,0.0267379999999946,129.9814394,130.0081774
-1.0,70,77,0.04278080000000273,129.9707442,130.01352500000002
-1.0,62,55,0.03743319999998107,130.1311722,130.1686054
-1.0,62,56,0.0267379999999946,130.1418674,130.1686054
-1.0,63,76,0.046791499999997654,130.1311722,130.17796370000002
-1.0,62,55,0.03743320000000949,130.2916002,130.32903340000001
-1.0,62,56,0.02673800000002302,130.3022954,130.32903340000001
-1.0,70,73,0.04278080000000273,130.2916002,130.334381
-1.0,62,127,0.03743320000000949,130.4520282,130.4894614
-1.0,62,80,0.0267379999999946,130.46272340000002,130.4894614
-1.0,70,78,0.04278080000000273,130.4520282,130.494809
-1.0,61,54,0.08021400000001222,130.427964,130.50817800000002
-1.0,64,127,0.03743320000000949,130.6124562,130.6498894
-1.0,64,56,0.0267379999999946,130.6231514,130.6498894
-1.0,70,82,0.04278080000000273,130.6124562,130.655237
-1.0,35,77,0.11764719999999329,130.6097824,130.7274296
-1.0,64,127,0.03743320000000949,130.7728842,130.8103174
-1.0,64,56,0.0267379999999946,130.7835794,130.8103174
-1.0,63,78,0.04411770000000104,130.7728842,130.81700189999998
-1.0,62,88,0.03743320000000949,130.9333122,130.9707454
-1.0,62,80,0.0267379999999946,130.9440074,130.9707454
-1.0,70,78,0.04278080000000273,130.9333122,130.976093
-1.0,62,56,0.0267379999999946,131.1044354,131.1311734
-1.0,66,103,0.05080219999999258,131.0937402,131.1445424
-1.0,35,77,0.06951879999999733,131.096414,131.1659328
-1.0,64,56,0.0267379999999946,131.2648634,131.2916014
-1.0,66,104,0.046791499999997654,131.2541682,131.30095970000002
-1.0,62,55,0.03743320000000949,131.4145962,131.45202940000001
-1.0,62,56,0.02673800000002302,131.4252914,131.45202940000001
-1.0,63,77,0.04946529999999427,131.4145962,131.4640615
-1.0,66,49,0.033422500000000355,131.5750242,131.6084467
-1.0,62,56,0.0267379999999946,131.58571940000002,131.6124574
-1.0,62,127,0.03743320000000949,131.7354522,131.7728854
-1.0,62,80,0.0267379999999946,131.7461474,131.7728854
-1.0,70,70,0.04278080000000273,131.7354522,131.778233
-1.0,61,52,0.08021400000001222,131.7087142,131.78892820000002
-1.0,62,55,0.008021400000018275,131.8958802,131.9039016
-1.0,64,56,0.0267379999999946,131.9065754,131.9333134
-1.0,70,73,0.04278080000000273,131.8958802,131.938661
-1.0,35,77,0.1042782000000102,131.8932064,131.9974846
-1.0,64,56,0.0267379999999946,132.0670034,132.0937414
-1.0,63,81,0.07130133333334736,132.0563082,132.12760953333333
-1.0,62,80,0.0267379999999946,132.2274314,132.2541694
-1.0,66,79,0.046791499999983444,132.2167362,132.2635277
-1.0,62,56,0.0267379999999946,132.3878594,132.4145974
-1.0,67,103,0.05213909999999089,132.3771642,132.42930330000002
-1.0,35,77,0.09358299999999531,132.3744904,132.4680734
-1.0,64,127,0.03743320000000949,132.5375922,132.57502540000002
-1.0,64,56,0.02673800000002302,132.5482874,132.57502540000002
-1.0,70,77,0.04278080000000273,132.5375922,132.580373
-1.0,62,55,0.03743320000000949,132.6980202,132.7354534
-1.0,62,56,0.02673800000002302,132.7087154,132.7354534
-1.0,63,76,0.046791499999997654,132.6980202,132.7448117
-1.0,62,55,0.03743320000000949,132.8584482,132.8958814
-1.0,62,56,0.0267379999999946,132.8691434,132.8958814
-1.0,70,73,0.04278080000000273,132.8584482,132.901229
-1.0,62,127,0.03743320000000949,133.0188762,133.0563094
-1.0,62,80,0.0267379999999946,133.0295714,133.0563094
-1.0,70,78,0.04278080000000273,133.0188762,133.061657
-1.0,61,54,0.08021400000001222,132.994812,133.075026
-1.0,64,127,0.03743320000000949,133.1793042,133.2167374
-1.0,64,56,0.0267379999999946,133.1899994,133.2167374
-1.0,70,82,0.04278080000000273,133.1793042,133.222085
-1.0,35,77,0.11764720000002171,133.1766304,133.29427760000002
-1.0,64,127,0.03743319999998107,133.33973220000001,133.3771654
-1.0,64,56,0.0267379999999946,133.3504274,133.3771654
-1.0,63,78,0.044117699999986826,133.33973220000001,133.3838499
-1.0,62,88,0.03743319999998107,133.5001602,133.5375934
-1.0,62,80,0.0267379999999946,133.5108554,133.5375934
-1.0,70,78,0.04278080000000273,133.5001602,133.542941
-1.0,62,56,0.02673800000002302,133.6712834,133.69802140000002
-1.0,66,103,0.05080219999999258,133.6605882,133.7113904
-1.0,35,77,0.06951879999999733,133.663262,133.7327808
-1.0,64,56,0.02673800000002302,133.8317114,133.8584494
-1.0,66,104,0.046791499999997654,133.8210162,133.86780770000001
-1.0,62,55,0.03743320000000949,133.9814442,134.0188774
-1.0,62,56,0.0267379999999946,133.9921394,134.0188774
-1.0,63,77,0.04946529999999427,133.9814442,134.0309095
-1.0,66,49,0.033422500000014566,134.1418722,134.1752947
-1.0,62,56,0.0267379999999946,134.1525674,134.1793054
-1.0,62,127,0.03743320000000949,134.3023002,134.3397334
-1.0,62,80,0.0267379999999946,134.3129954,134.3397334
-1.0,70,70,0.04278080000000273,134.3023002,134.345081
-1.0,61,52,0.08021400000001222,134.2755622,134.3557762
-1.0,62,55,0.008021399999989853,134.46272820000002,134.4707496
-1.0,64,56,0.0267379999999946,134.4734234,134.5001614
-1.0,70,73,0.042780799999974306,134.46272820000002,134.505509
-1.0,35,77,0.1042782000000102,134.4600544,134.5643326
-1.0,64,56,0.0267379999999946,134.6338514,134.6605894
-1.0,63,81,0.0713013333333284,134.6231562,134.69445753333335
-1.0,62,80,0.02673800000002302,134.7942794,134.82101740000002
-1.0,66,79,0.046791499999997654,134.7835842,134.8303757
-1.0,62,56,0.02673800000002302,134.9547074,134.9814454
-1.0,67,103,0.05213909999999089,134.9440122,134.9961513
-1.0,35,77,0.09358299999999531,134.9413384,135.0349214
-1.0,64,127,0.03743320000000949,135.1044402,135.1418734
-1.0,64,56,0.0267379999999946,135.1151354,135.1418734
-1.0,70,77,0.04278080000000273,135.1044402,135.147221
-1.0,62,55,0.03743320000000949,135.2648682,135.3023014
-1.0,62,56,0.0267379999999946,135.2755634,135.3023014
-1.0,63,76,0.046791499999997654,135.2648682,135.3116597
-1.0,62,55,0.03743320000000949,135.4252962,135.4627294
-1.0,62,56,0.0267379999999946,135.4359914,135.4627294
-1.0,70,73,0.04278080000000273,135.4252962,135.468077
-1.0,62,127,0.03743319999998107,135.58572420000002,135.6231574
-1.0,62,80,0.0267379999999946,135.5964194,135.6231574
-1.0,70,78,0.042780799999974306,135.58572420000002,135.628505
-1.0,61,54,0.08021400000001222,135.56166,135.641874
-1.0,64,127,0.03743319999998107,135.7461522,135.7835854
-1.0,64,56,0.0267379999999946,135.7568474,135.7835854
-1.0,70,82,0.04278080000000273,135.7461522,135.78893300000001
-1.0,35,77,0.11764719999999329,135.74347840000001,135.8611256
-1.0,64,127,0.03743319999998107,135.9065802,135.9440134
-1.0,64,56,0.0267379999999946,135.9172754,135.9440134
-1.0,63,78,0.04411770000000104,135.9065802,135.95069790000002
-1.0,62,88,0.03743320000000949,136.0670082,136.1044414
-1.0,62,80,0.02673800000002302,136.0777034,136.1044414
-1.0,70,78,0.04278080000000273,136.0670082,136.109789
-1.0,62,56,0.0267379999999946,136.23813140000001,136.2648694
-1.0,66,103,0.05080220000000679,136.2274362,136.27823840000002
-1.0,35,77,0.06951879999999733,136.23011,136.2996288
-1.0,64,56,0.0267379999999946,136.3985594,136.4252974
-1.0,66,104,0.046791500000011865,136.3878642,136.4346557
-1.0,62,55,0.03743320000000949,136.5482922,136.5857254
-1.0,62,56,0.0267379999999946,136.5589874,136.5857254
-1.0,63,77,0.049465300000022694,136.5482922,136.5977575
-1.0,66,49,0.033422499999986144,136.70872020000002,136.7421427
-1.0,62,56,0.0267379999999946,136.7194154,136.7461534
-1.0,62,127,0.03743319999998107,136.8691482,136.9065814
-1.0,62,80,0.0267379999999946,136.8798434,136.9065814
-1.0,70,70,0.04278080000000273,136.8691482,136.91192900000001
-1.0,61,52,0.08021400000001222,136.8424102,136.9226242
-1.0,62,55,0.008021399999989853,137.0295762,137.0375976
-1.0,64,56,0.0267379999999946,137.0402714,137.0670094
-1.0,70,73,0.04278080000000273,137.0295762,137.072357
-1.0,35,77,0.10427819999998178,137.0269024,137.1311806
-1.0,64,56,0.02673800000002302,137.2006994,137.2274374
-1.0,63,81,0.0713013333333284,137.1900042,137.26130553333334
-1.0,62,80,0.0267379999999946,137.36112740000002,137.3878654
-1.0,66,79,0.046791499999997654,137.3504322,137.39722369999998
-1.0,62,56,0.0267379999999946,137.5215554,137.5482934
-1.0,67,103,0.0521391000000051,137.5108602,137.5629993
-1.0,35,77,0.09358299999999531,137.5081864,137.6017694
-1.0,64,127,0.03743320000000949,137.6712882,137.7087214
-1.0,64,56,0.0267379999999946,137.6819834,137.7087214
-1.0,70,77,0.04278080000000273,137.6712882,137.714069
-1.0,62,55,0.03743319999998107,137.83171620000002,137.8691494
-1.0,62,56,0.0267379999999946,137.8424114,137.8691494
-1.0,63,76,0.046791499999997654,137.83171620000002,137.8785077
-1.0,62,55,0.03743319999998107,137.9921442,138.0295774
-1.0,62,56,0.0267379999999946,138.0028394,138.0295774
-1.0,70,73,0.04278080000000273,137.9921442,138.03492500000002
-1.0,62,127,0.03743319999998107,138.1525722,138.1900054
-1.0,62,80,0.0267379999999946,138.1632674,138.1900054
-1.0,70,78,0.04278080000000273,138.1525722,138.195353
-1.0,61,54,0.0802139999999838,138.128508,138.208722
-1.0,64,127,0.03743320000000949,138.3130002,138.35043340000001
-1.0,64,56,0.02673800000002302,138.3236954,138.35043340000001
-1.0,70,82,0.04278080000000273,138.3130002,138.355781
-1.0,35,77,0.11764719999999329,138.3103264,138.4279736
-1.0,64,127,0.03743320000000949,138.4734282,138.5108614
-1.0,64,56,0.0267379999999946,138.48412340000002,138.5108614
-1.0,63,78,0.04411770000000104,138.4734282,138.51754590000002
-1.0,62,88,0.03743320000000949,138.6338562,138.6712894
-1.0,62,80,0.0267379999999946,138.6445514,138.6712894
-1.0,70,78,0.04278080000000273,138.6338562,138.676637
-1.0,62,56,0.0267379999999946,138.8049794,138.8317174
-1.0,66,103,0.05080220000000679,138.7942842,138.8450864
-1.0,35,77,0.06951880000002575,138.796958,138.86647680000002
-1.0,64,56,0.0267379999999946,138.9654074,138.9921454
-1.0,66,104,0.046791500000011865,138.9547122,139.0015037
-1.0,62,55,0.03743319999998107,139.1151402,139.1525734
-1.0,62,56,0.0267379999999946,139.1258354,139.1525734
-1.0,63,77,0.04946529999999427,139.1151402,139.1646055
-1.0,66,49,0.033422499999986144,139.2755682,139.30899069999998
-1.0,62,56,0.0267379999999946,139.2862634,139.3130014
-1.0,62,127,0.03743320000000949,139.4359962,139.47342940000001
-1.0,62,80,0.02673800000002302,139.4466914,139.47342940000001
-1.0,70,70,0.04278080000000273,139.4359962,139.478777
-1.0,61,52,0.0802139999999838,139.4092582,139.4894722
-1.0,62,55,0.008021399999989853,139.5964242,139.6044456
-1.0,64,56,0.0267379999999946,139.60711940000002,139.6338574
-1.0,70,73,0.04278080000000273,139.5964242,139.639205
-1.0,35,77,0.1042782000000102,139.5937504,139.69802860000001
-1.0,64,56,0.0267379999999946,139.7675474,139.7942854
-1.0,63,81,0.07130133333333788,139.7568522,139.82815353333334
-1.0,62,80,0.0267379999999946,139.9279754,139.9547134
-1.0,66,79,0.046791500000011865,139.9172802,139.9640717
-1.0,62,56,0.0267379999999946,140.0884034,140.1151414
-1.0,67,103,0.05213910000001931,140.0777082,140.1298473
-1.0,35,77,0.09358300000002373,140.0750344,140.16861740000002
-1.0,64,127,0.03743319999998107,140.2381362,140.2755694
-1.0,64,56,0.0267379999999946,140.2488314,140.2755694
-1.0,70,77,0.04278080000000273,140.2381362,140.28091700000002
-1.0,62,55,0.03743319999998107,140.3985642,140.4359974
-1.0,62,56,0.0267379999999946,140.4092594,140.4359974
-1.0,63,76,0.046791499999997654,140.3985642,140.4453557
-1.0,62,55,0.03743320000000949,140.5589922,140.59642540000002
-1.0,62,56,0.02673800000002302,140.5696874,140.59642540000002
-1.0,70,73,0.04278080000000273,140.5589922,140.601773
-1.0,62,127,0.03743320000000949,140.7194202,140.7568534
-1.0,62,80,0.0267379999999946,140.73011540000002,140.7568534
-1.0,70,78,0.04278080000000273,140.7194202,140.762201
-1.0,61,54,0.08021400000001222,140.695356,140.77557000000002
-1.0,64,127,0.03743320000000949,140.8798482,140.9172814
-1.0,64,56,0.0267379999999946,140.8905434,140.9172814
-1.0,70,82,0.04278080000000273,140.8798482,140.922629
-1.0,35,77,0.11764719999999329,140.8771744,140.9948216
-1.0,64,127,0.03743320000000949,141.0402762,141.0777094
-1.0,64,56,0.0267379999999946,141.0509714,141.0777094
-1.0,63,78,0.04411770000000104,141.0402762,141.0843939
-1.0,62,88,0.03743320000000949,141.2007042,141.2381374
-1.0,62,80,0.0267379999999946,141.2113994,141.2381374
-1.0,70,78,0.04278080000000273,141.2007042,141.243485
-1.0,62,56,0.0267379999999946,141.3718274,141.3985654
-1.0,66,103,0.05080219999997837,141.36113220000001,141.4119344
-1.0,35,77,0.06951879999999733,141.363806,141.4333248
-1.0,64,56,0.0267379999999946,141.5322554,141.5589934
-1.0,66,104,0.046791499999997654,141.5215602,141.5683517
-1.0,62,55,0.03743320000000949,141.6819882,141.71942140000002
-1.0,62,56,0.02673800000002302,141.6926834,141.71942140000002
-1.0,63,77,0.04946529999999427,141.6819882,141.7314535
-1.0,66,49,0.033422500000000355,141.8424162,141.8758387
-1.0,62,56,0.02673800000002302,141.8531114,141.8798494
-1.0,62,127,0.03743320000000949,142.0028442,142.0402774
-1.0,62,80,0.0267379999999946,142.0135394,142.0402774
-1.0,70,70,0.04278080000000273,142.0028442,142.045625
-1.0,61,52,0.08021400000001222,141.9761062,142.05632020000002
-1.0,62,55,0.008021400000018275,142.1632722,142.1712936
-1.0,64,56,0.0267379999999946,142.1739674,142.2007054
-1.0,70,73,0.04278080000000273,142.1632722,142.206053
-1.0,35,77,0.1042782000000102,142.1605984,142.2648766
-1.0,64,56,0.0267379999999946,142.3343954,142.3611334
-1.0,63,81,0.07130133333334736,142.3237002,142.39500153333333
-1.0,62,80,0.0267379999999946,142.4948234,142.5215614
-1.0,66,79,0.046791499999983444,142.48412820000001,142.5309197
-1.0,62,56,0.0267379999999946,142.6552514,142.6819894
-1.0,67,103,0.05213909999999089,142.6445562,142.6966953
-1.0,35,77,0.09358299999999531,142.64188240000001,142.7354654
-1.0,64,127,0.03743320000000949,142.8049842,142.84241740000002
-1.0,64,56,0.02673800000002302,142.8156794,142.84241740000002
-1.0,70,77,0.04278080000000273,142.8049842,142.847765
-1.0,62,55,0.03743320000000949,142.9654122,143.0028454
-1.0,62,56,0.02673800000002302,142.9761074,143.0028454
-1.0,63,76,0.046791499999997654,142.9654122,143.0122037
-1.0,62,55,0.03743320000000949,143.1258402,143.1632734
-1.0,62,56,0.0267379999999946,143.1365354,143.1632734
-1.0,70,73,0.04278080000000273,143.1258402,143.168621
-1.0,62,127,0.03743320000000949,143.2862682,143.3237014
-1.0,62,80,0.0267379999999946,143.2969634,143.3237014
-1.0,70,78,0.04278080000000273,143.2862682,143.329049
-1.0,61,54,0.08021400000001222,143.262204,143.342418
-1.0,64,127,0.03743320000000949,143.4466962,143.4841294
-1.0,64,56,0.0267379999999946,143.4573914,143.4841294
-1.0,70,82,0.04278080000000273,143.4466962,143.489477
-1.0,35,77,0.11764720000002171,143.4440224,143.56166960000002
-1.0,64,127,0.03743319999998107,143.60712420000002,143.6445574
-1.0,64,56,0.0267379999999946,143.6178194,143.6445574
-1.0,63,78,0.044117699999986826,143.60712420000002,143.6512419
-1.0,62,88,0.03743319999998107,143.7675522,143.8049854
-1.0,62,80,0.0267379999999946,143.7782474,143.8049854
-1.0,70,78,0.04278080000000273,143.7675522,143.810333
-1.0,62,56,0.0267379999999946,143.9386754,143.9654134
-1.0,66,103,0.05080219999999258,143.9279802,143.9787824
-1.0,35,77,0.06951879999999733,143.930654,144.0001728
-1.0,64,56,0.02673800000002302,144.0991034,144.1258414
-1.0,66,104,0.046791499999997654,144.0884082,144.1351997
-1.0,62,55,0.03743320000000949,144.2488362,144.2862694
-1.0,62,56,0.0267379999999946,144.25953140000001,144.2862694
-1.0,63,77,0.04946529999999427,144.2488362,144.29830149999998
-1.0,66,49,0.033422500000014566,144.4092642,144.44268670000002
-1.0,62,56,0.0267379999999946,144.4199594,144.4466974
-1.0,62,127,0.03743320000000949,144.5696922,144.6071254
-1.0,62,80,0.0267379999999946,144.5803874,144.6071254
-1.0,70,70,0.04278080000000273,144.5696922,144.612473
-1.0,61,52,0.08021400000001222,144.5429542,144.6231682
-1.0,62,55,0.008021399999989853,144.73012020000002,144.7381416
-1.0,64,56,0.0267379999999946,144.7408154,144.7675534
-1.0,70,73,0.042780799999974306,144.73012020000002,144.772901
-1.0,35,77,0.1042782000000102,144.7274464,144.8317246
-1.0,64,56,0.0267379999999946,144.9012434,144.9279814
-1.0,63,81,0.0713013333333284,144.8905482,144.96184953333335
-1.0,62,80,0.0267379999999946,145.0616714,145.0884094
-1.0,66,79,0.046791499999997654,145.0509762,145.09776770000002
-1.0,62,56,0.02673800000002302,145.2220994,145.2488374
-1.0,67,103,0.05213909999999089,145.2114042,145.26354329999998
-1.0,35,77,0.09358299999999531,145.2087304,145.3023134
-1.0,64,127,0.03743320000000949,145.3718322,145.4092654
-1.0,64,56,0.0267379999999946,145.38252740000001,145.4092654
-1.0,70,77,0.04278080000000273,145.3718322,145.414613
-1.0,62,55,0.03743320000000949,145.5322602,145.5696934
-1.0,62,56,0.0267379999999946,145.5429554,145.5696934
-1.0,63,76,0.046791499999997654,145.5322602,145.57905169999998
-1.0,62,55,0.03743320000000949,145.6926882,145.7301214
-1.0,62,56,0.0267379999999946,145.7033834,145.7301214
-1.0,70,73,0.04278080000000273,145.6926882,145.735469
-1.0,62,127,0.03743319999998107,145.85311620000002,145.8905494
-1.0,62,80,0.0267379999999946,145.8638114,145.8905494
-1.0,70,78,0.042780799999974306,145.85311620000002,145.895897
-1.0,61,54,0.08021400000001222,145.829052,145.909266
-1.0,64,127,0.03743319999998107,146.0135442,146.0509774
-1.0,64,56,0.0267379999999946,146.0242394,146.0509774
-1.0,70,82,0.04278080000000273,146.0135442,146.05632500000002
-1.0,35,77,0.11764719999999329,146.01087040000002,146.1285176
-1.0,64,127,0.03743319999998107,146.1739722,146.2114054
-1.0,64,56,0.0267379999999946,146.1846674,146.2114054
-1.0,63,78,0.04411770000000104,146.1739722,146.2180899
-1.0,62,88,0.03743320000000949,146.3344002,146.3718334
-1.0,62,80,0.02673800000002302,146.3450954,146.3718334
-1.0,70,78,0.04278080000000273,146.3344002,146.377181
-1.0,62,56,0.0267379999999946,146.50552340000002,146.5322614
-1.0,66,103,0.05080220000000679,146.4948282,146.5456304
-1.0,35,77,0.06951879999999733,146.497502,146.5670208
-1.0,64,56,0.0267379999999946,146.6659514,146.6926894
-1.0,66,104,0.046791499999997654,146.6552562,146.70204769999998
-1.0,62,55,0.03743320000000949,146.8156842,146.8531174
-1.0,62,56,0.0267379999999946,146.8263794,146.8531174
-1.0,63,77,0.04946530000000848,146.8156842,146.8651495
-1.0,66,49,0.033422500000014566,146.9761122,147.00953470000002
-1.0,62,56,0.0267379999999946,146.9868074,147.0135454
-1.0,62,127,0.03743319999998107,147.1365402,147.1739734
-1.0,62,80,0.0267379999999946,147.1472354,147.1739734
-1.0,70,70,0.04278080000000273,147.1365402,147.17932100000002
-1.0,61,52,0.08021400000001222,147.1098022,147.1900162
-1.0,62,55,0.008021399999989853,147.2969682,147.3049896
-1.0,64,56,0.0267379999999946,147.3076634,147.3344014
-1.0,70,73,0.04278080000000273,147.2969682,147.339749
-1.0,35,77,0.10427819999998178,147.2942944,147.3985726
-1.0,64,56,0.02673800000002302,147.4680914,147.49482940000001
-1.0,63,81,0.0713013333333284,147.4573962,147.52869753333334
-1.0,62,80,0.0267379999999946,147.62851940000002,147.6552574
-1.0,66,79,0.046791499999997654,147.6178242,147.6646157
-1.0,62,56,0.0267379999999946,147.7889474,147.8156854
-1.0,67,103,0.0521391000000051,147.7782522,147.8303913
-1.0,35,77,0.09358299999999531,147.7755784,147.8691614
-1.0,64,127,0.03743320000000949,147.9386802,147.9761134
-1.0,64,56,0.0267379999999946,147.9493754,147.9761134
-1.0,70,77,0.04278080000000273,147.9386802,147.981461
-1.0,62,55,0.03743320000000949,148.0991082,148.1365414
-1.0,62,56,0.0267379999999946,148.1098034,148.1365414
-1.0,63,76,0.046791500000011865,148.0991082,148.1458997
-1.0,62,55,0.03743319999998107,148.2595362,148.2969694
-1.0,62,56,0.0267379999999946,148.2702314,148.2969694
-1.0,70,73,0.04278080000000273,148.2595362,148.30231700000002
-1.0,62,127,0.03743319999998107,148.4199642,148.4573974
-1.0,62,80,0.0267379999999946,148.4306594,148.4573974
-1.0,70,78,0.04278080000000273,148.4199642,148.462745
-1.0,61,54,0.0802139999999838,148.3959,148.476114
-1.0,64,127,0.03743320000000949,148.5803922,148.61782540000002
-1.0,64,56,0.02673800000002302,148.5910874,148.61782540000002
-1.0,70,82,0.04278080000000273,148.5803922,148.623173
-1.0,35,77,0.11764719999999329,148.5777184,148.6953656
-1.0,64,127,0.03743320000000949,148.7408202,148.7782534
-1.0,64,56,0.0267379999999946,148.75151540000002,148.7782534
-1.0,63,78,0.04411770000000104,148.7408202,148.7849379
-1.0,62,88,0.03743320000000949,148.9012482,148.9386814
-1.0,62,80,0.0267379999999946,148.9119434,148.9386814
-1.0,70,78,0.04278080000000273,148.9012482,148.944029
-1.0,62,56,0.0267379999999946,149.0723714,149.0991094
-1.0,66,103,0.05080220000000679,149.0616762,149.1124784
-1.0,35,77,0.06951880000002575,149.06435,149.13386880000002
-1.0,64,56,0.0267379999999946,149.2327994,149.2595374
-1.0,66,104,0.046791500000011865,149.2221042,149.2688957
-1.0,62,55,0.03743319999998107,149.3825322,149.4199654
-1.0,62,56,0.0267379999999946,149.3932274,149.4199654
-1.0,63,77,0.04946529999999427,149.3825322,149.43199750000002
-1.0,66,49,0.033422499999986144,149.5429602,149.5763827
-1.0,62,56,0.0267379999999946,149.5536554,149.5803934
-1.0,62,127,0.03743320000000949,149.7033882,149.74082140000002
-1.0,62,80,0.02673800000002302,149.7140834,149.74082140000002
-1.0,70,70,0.04278080000000273,149.7033882,149.746169
-1.0,61,52,0.0802139999999838,149.6766502,149.7568642
-1.0,62,55,0.008021399999989853,149.8638162,149.8718376
-1.0,64,56,0.02673800000002302,149.8745114,149.9012494
-1.0,70,73,0.04278080000000273,149.8638162,149.906597
-1.0,35,77,0.1042782000000102,149.8611424,149.96542060000002
-1.0,64,56,0.0267379999999946,150.0349394,150.0616774
-1.0,63,81,0.07130133333333788,150.0242442,150.09554553333334
-1.0,62,80,0.0267379999999946,150.1953674,150.2221054
-1.0,66,79,0.046791500000011865,150.1846722,150.2314637
-1.0,62,56,0.0267379999999946,150.3557954,150.3825334
-1.0,67,103,0.05213910000001931,150.3451002,150.39723930000002
-1.0,35,77,0.09358299999999531,150.3424264,150.4360094
-1.0,64,127,0.03743319999998107,150.50552820000001,150.5429614
-1.0,64,56,0.0267379999999946,150.5162234,150.5429614
-1.0,70,77,0.042780799999974306,150.50552820000001,150.548309
-1.0,62,55,0.03743319999998107,150.6659562,150.7033894
-1.0,62,56,0.0267379999999946,150.6766514,150.7033894
-1.0,63,76,0.046791499999997654,150.6659562,150.71274770000002
-1.0,62,55,0.03743320000000949,150.8263842,150.86381740000002
-1.0,62,56,0.02673800000002302,150.8370794,150.86381740000002
-1.0,70,73,0.04278080000000273,150.8263842,150.869165
-1.0,62,127,0.03743320000000949,150.9868122,151.0242454
-1.0,62,80,0.02673800000002302,150.9975074,151.0242454
-1.0,70,78,0.04278080000000273,150.9868122,151.029593
-1.0,61,54,0.0802139999999838,150.962748,151.042962
-1.0,64,127,0.03743320000000949,151.1472402,151.1846734
-1.0,64,56,0.0267379999999946,151.1579354,151.1846734
-1.0,70,82,0.04278080000000273,151.1472402,151.190021
-1.0,35,77,0.11764719999999329,151.1445664,151.2622136
-1.0,64,127,0.03743320000000949,151.3076682,151.3451014
-1.0,64,56,0.0267379999999946,151.3183634,151.3451014
-1.0,63,78,0.04411770000000104,151.3076682,151.35178589999998
-1.0,62,88,0.03743320000000949,151.4680962,151.5055294
-1.0,62,80,0.0267379999999946,151.4787914,151.5055294
-1.0,70,78,0.04278080000000273,151.4680962,151.510877
-1.0,62,56,0.0267379999999946,151.6392194,151.6659574
-1.0,66,103,0.05080219999997837,151.62852420000002,151.67932639999998
-1.0,35,77,0.06951879999999733,151.631198,151.7007168
-1.0,64,56,0.0267379999999946,151.7996474,151.8263854
-1.0,66,104,0.046791499999997654,151.7889522,151.83574370000002
-1.0,62,55,0.03743320000000949,151.9493802,151.98681340000002
-1.0,62,56,0.02673800000002302,151.9600754,151.98681340000002
-1.0,63,77,0.04946529999999427,151.9493802,151.99884550000002
-1.0,66,49,0.033422500000000355,152.1098082,152.1432307
-1.0,62,56,0.02673800000002302,152.1205034,152.1472414
-1.0,62,127,0.03743320000000949,152.2702362,152.3076694
-1.0,62,80,0.0267379999999946,152.28093140000001,152.3076694
-1.0,70,70,0.04278080000000273,152.2702362,152.313017
-1.0,61,52,0.0802139999999838,152.2434982,152.3237122
-1.0,62,55,0.008021400000018275,152.4306642,152.4386856
-1.0,64,56,0.0267379999999946,152.4413594,152.4680974
-1.0,70,73,0.04278080000000273,152.4306642,152.473445
-1.0,35,77,0.1042782000000102,152.4279904,152.5322686
-1.0,64,56,0.0267379999999946,152.6017874,152.6285254
-1.0,63,81,0.07130133333334736,152.5910922,152.66239353333333
-1.0,62,80,0.0267379999999946,152.7622154,152.7889534
-1.0,66,79,0.046791499999983444,152.75152020000002,152.7983117
-1.0,62,56,0.0267379999999946,152.9226434,152.9493814
-1.0,67,103,0.05213909999999089,152.9119482,152.96408730000002
-1.0,35,77,0.09358299999999531,152.90927440000002,153.0028574
-1.0,64,127,0.03743319999998107,153.0723762,153.1098094
-1.0,64,56,0.0267379999999946,153.0830714,153.1098094
-1.0,70,77,0.04278080000000273,153.0723762,153.115157
-1.0,62,55,0.03743320000000949,153.2328042,153.2702374
-1.0,62,56,0.02673800000002302,153.2434994,153.2702374
-1.0,63,76,0.046791499999997654,153.2328042,153.27959570000002
-1.0,62,55,0.03743320000000949,153.3932322,153.4306654
-1.0,62,56,0.0267379999999946,153.40392740000001,153.4306654
-1.0,70,73,0.04278080000000273,153.3932322,153.436013
-1.0,62,127,0.03743320000000949,153.5536602,153.5910934
-1.0,62,80,0.0267379999999946,153.5643554,153.5910934
-1.0,70,78,0.04278080000000273,153.5536602,153.596441
-1.0,61,54,0.08021400000001222,153.529596,153.60981
-1.0,64,127,0.03743320000000949,153.7140882,153.7515214
-1.0,64,56,0.0267379999999946,153.7247834,153.7515214
-1.0,70,82,0.04278080000000273,153.7140882,153.756869
-1.0,35,77,0.11764719999999329,153.7114144,153.8290616
-1.0,64,127,0.03743319999998107,153.87451620000002,153.9119494
-1.0,64,56,0.0267379999999946,153.8852114,153.9119494
-1.0,63,78,0.044117699999986826,153.87451620000002,153.9186339
-1.0,62,88,0.03743319999998107,154.0349442,154.0723774
-1.0,62,80,0.0267379999999946,154.0456394,154.0723774
-1.0,70,78,0.04278080000000273,154.0349442,154.07772500000002
-1.0,62,56,0.0267379999999946,154.2060674,154.2328054
-1.0,66,103,0.05080219999999258,154.1953722,154.2461744
-1.0,35,77,0.06951879999999733,154.198046,154.2675648
-1.0,64,56,0.02673800000002302,154.3664954,154.3932334
-1.0,66,104,0.046791499999997654,154.3558002,154.40259170000002
-1.0,62,55,0.03743320000000949,154.5162282,154.5536614
-1.0,62,56,0.0267379999999946,154.52692340000002,154.5536614
-1.0,63,77,0.04946529999999427,154.5162282,154.5656935
-1.0,66,49,0.033422500000014566,154.6766562,154.7100787
-1.0,62,56,0.0267379999999946,154.6873514,154.7140894
-1.0,62,127,0.03743320000000949,154.8370842,154.8745174
-1.0,62,80,0.0267379999999946,154.8477794,154.8745174
-1.0,70,70,0.04278080000000273,154.8370842,154.879865
-1.0,61,52,0.08021400000001222,154.8103462,154.8905602
-1.0,62,55,0.008021399999989853,154.99751220000002,155.0055336
-1.0,64,56,0.0267379999999946,155.0082074,155.0349454
-1.0,70,73,0.042780799999974306,154.99751220000002,155.040293
-1.0,35,77,0.1042782000000102,154.9948384,155.0991166
-1.0,64,56,0.0267379999999946,155.1686354,155.1953734
-1.0,63,81,0.0713013333333284,155.1579402,155.22924153333335
-1.0,62,80,0.0267379999999946,155.3290634,155.3558014
-1.0,66,79,0.046791499999997654,155.3183682,155.3651597
-1.0,62,56,0.02673800000002302,155.4894914,155.51622940000001
-1.0,67,103,0.05213909999999089,155.4787962,155.5309353
-1.0,35,77,0.09358299999999531,155.4761224,155.5697054
-1.0,64,127,0.03743320000000949,155.6392242,155.6766574
-1.0,64,56,0.0267379999999946,155.64991940000002,155.6766574
-1.0,70,77,0.04278080000000273,155.6392242,155.682005
-1.0,62,55,0.03743320000000949,155.7996522,155.8370854
-1.0,62,56,0.0267379999999946,155.8103474,155.8370854
-1.0,63,76,0.046791499999997654,155.7996522,155.8464437
-1.0,62,55,0.03743320000000949,155.9600802,155.9975134
-1.0,62,56,0.0267379999999946,155.9707754,155.9975134
-1.0,70,73,0.04278080000000273,155.9600802,156.002861
-1.0,62,127,0.03743320000000949,156.1205082,156.1579414
-1.0,62,80,0.0267379999999946,156.1312034,156.1579414
-1.0,70,78,0.04278080000000273,156.1205082,156.163289
-1.0,61,54,0.08021400000001222,156.096444,156.176658
-1.0,64,127,0.03743319999998107,156.2809362,156.3183694
-1.0,64,56,0.0267379999999946,156.2916314,156.3183694
-1.0,70,82,0.04278080000000273,156.2809362,156.32371700000002
-1.0,35,77,0.11764719999999329,156.27826240000002,156.3959096
-1.0,64,127,0.03743319999998107,156.4413642,156.4787974
-1.0,64,56,0.0267379999999946,156.4520594,156.4787974
-1.0,63,78,0.04411770000000104,156.4413642,156.48548190000002
-1.0,62,88,0.03743320000000949,156.6017922,156.63922540000002
-1.0,62,80,0.02673800000002302,156.6124874,156.63922540000002
-1.0,70,78,0.04278080000000273,156.6017922,156.644573
-1.0,62,56,0.0267379999999946,156.77291540000002,156.7996534
-1.0,66,103,0.05080220000000679,156.7622202,156.81302240000002
-1.0,35,77,0.06951879999999733,156.764894,156.8344128
-1.0,64,56,0.0267379999999946,156.9333434,156.9600814
-1.0,66,104,0.046791499999997654,156.9226482,156.9694397
-1.0,62,55,0.03743320000000949,157.0830762,157.1205094
-1.0,62,56,0.0267379999999946,157.0937714,157.1205094
-1.0,63,77,0.04946530000000848,157.0830762,157.1325415
-1.0,66,49,0.033422500000014566,157.2435042,157.2769267
-1.0,62,56,0.0267379999999946,157.2541994,157.2809374
-1.0,62,127,0.03743319999998107,157.4039322,157.4413654
-1.0,62,80,0.0267379999999946,157.4146274,157.4413654
-1.0,70,70,0.04278080000000273,157.4039322,157.44671300000002
-1.0,61,52,0.08021400000001222,157.3771942,157.4574082
-1.0,62,55,0.008021399999989853,157.5643602,157.5723816
-1.0,64,56,0.0267379999999946,157.5750554,157.6017934
-1.0,70,73,0.04278080000000273,157.5643602,157.607141
-1.0,35,77,0.10427819999998178,157.5616864,157.6659646
-1.0,64,56,0.02673800000002302,157.7354834,157.76222140000002
-1.0,63,81,0.0713013333333284,157.7247882,157.79608953333334
-1.0,62,80,0.0267379999999946,157.89591140000002,157.9226494
-1.0,66,79,0.046791499999997654,157.8852162,157.93200769999999
-1.0,62,56,0.0267379999999946,158.0563394,158.0830774
-1.0,67,103,0.0521391000000051,158.0456442,158.0977833
-1.0,35,77,0.09358299999999531,158.0429704,158.1365534
-1.0,64,127,0.03743320000000949,158.2060722,158.2435054
-1.0,64,56,0.0267379999999946,158.2167674,158.2435054
-1.0,70,77,0.04278080000000273,158.2060722,158.248853
-1.0,62,55,0.03743320000000949,158.3665002,158.4039334
-1.0,62,56,0.0267379999999946,158.3771954,158.4039334
-1.0,63,76,0.046791500000011865,158.3665002,158.4132917
-1.0,62,55,0.03743319999998107,158.52692820000001,158.5643614
-1.0,62,56,0.0267379999999946,158.5376234,158.5643614
-1.0,70,73,0.042780799999974306,158.52692820000001,158.569709
-1.0,62,127,0.03743319999998107,158.6873562,158.7247894
-1.0,62,80,0.0267379999999946,158.6980514,158.7247894
-1.0,70,78,0.04278080000000273,158.6873562,158.730137
-1.0,61,54,0.0802139999999838,158.663292,158.743506
-1.0,64,127,0.03743320000000949,158.8477842,158.88521740000002
-1.0,64,56,0.02673800000002302,158.8584794,158.88521740000002
-1.0,70,82,0.04278080000000273,158.8477842,158.890565
-1.0,35,77,0.11764719999999329,158.8451104,158.9627576
-1.0,64,127,0.03743320000000949,159.0082122,159.0456454
-1.0,64,56,0.02673800000002302,159.0189074,159.0456454
-1.0,63,78,0.04411770000000104,159.0082122,159.05232990000002
-1.0,62,88,0.03743320000000949,159.1686402,159.2060734
-1.0,62,80,0.0267379999999946,159.1793354,159.2060734
-1.0,70,78,0.04278080000000273,159.1686402,159.211421
-1.0,62,56,0.0267379999999946,159.3397634,159.3665014
-1.0,66,103,0.05080220000000679,159.3290682,159.37987040000002
-1.0,35,77,0.06951880000002575,159.331742,159.40126080000002
-1.0,64,56,0.0267379999999946,159.5001914,159.5269294
-1.0,66,104,0.046791500000011865,159.4894962,159.5362877
-1.0,62,55,0.03743319999998107,159.64992420000002,159.6873574
-1.0,62,56,0.0267379999999946,159.6606194,159.6873574
-1.0,63,77,0.04946529999999427,159.64992420000002,159.6993895
-1.0,66,49,0.033422499999986144,159.8103522,159.84377469999998
-1.0,62,56,0.0267379999999946,159.8210474,159.8477854
-1.0,62,127,0.03743320000000949,159.9707802,160.00821340000002
-1.0,62,80,0.02673800000002302,159.9814754,160.00821340000002
-1.0,70,70,0.04278080000000273,159.9707802,160.013561
-1.0,61,52,0.0802139999999838,159.9440422,160.0242562
-1.0,62,55,0.008021399999989853,160.1312082,160.1392296
-1.0,64,56,0.02673800000002302,160.1419034,160.1686414
-1.0,70,73,0.04278080000000273,160.1312082,160.173989
-1.0,35,77,0.1042782000000102,160.1285344,160.23281260000002
-1.0,64,56,0.0267379999999946,160.3023314,160.3290694
-1.0,63,81,0.07130133333333788,160.2916362,160.36293753333334
-1.0,62,80,0.0267379999999946,160.4627594,160.4894974
-1.0,66,79,0.046791500000011865,160.4520642,160.4988557
-1.0,62,56,0.0267379999999946,160.6231874,160.6499254
-1.0,67,103,0.05213910000001931,160.6124922,160.6646313
-1.0,35,77,0.09358299999999531,160.6098184,160.7034014
-1.0,64,127,0.03743319999998107,160.77292020000002,160.8103534
-1.0,64,56,0.0267379999999946,160.7836154,160.8103534
-1.0,70,77,0.042780799999974306,160.77292020000002,160.815701
-1.0,62,55,0.03743319999998107,160.9333482,160.9707814
-1.0,62,56,0.0267379999999946,160.9440434,160.9707814
-1.0,63,76,0.046791499999997654,160.9333482,160.9801397
-1.0,62,55,0.03743319999998107,161.0937762,161.1312094
-1.0,62,56,0.0267379999999946,161.1044714,161.1312094
-1.0,70,73,0.04278080000000273,161.0937762,161.136557
-1.0,62,127,0.03743320000000949,161.2542042,161.2916374
-1.0,62,80,0.02673800000002302,161.2648994,161.2916374
-1.0,70,78,0.04278080000000273,161.2542042,161.296985
-1.0,61,54,0.0802139999999838,161.23014,161.310354
-1.0,64,127,0.03743320000000949,161.4146322,161.4520654
-1.0,64,56,0.0267379999999946,161.42532740000001,161.4520654
-1.0,70,82,0.04278080000000273,161.4146322,161.457413
-1.0,35,77,0.11764719999999329,161.4119584,161.5296056
-1.0,64,127,0.03743320000000949,161.5750602,161.6124934
-1.0,64,56,0.0267379999999946,161.5857554,161.6124934
-1.0,63,78,0.04411770000000104,161.5750602,161.6191779
-1.0,62,88,0.03743320000000949,161.7354882,161.7729214
-1.0,62,80,0.0267379999999946,161.7461834,161.7729214
-1.0,70,78,0.04278080000000273,161.7354882,161.778269
-1.0,62,56,0.0267379999999946,161.9066114,161.9333494
-1.0,66,103,0.05080219999997837,161.89591620000002,161.9467184
-1.0,35,77,0.06951879999999733,161.89859,161.9681088
-1.0,64,56,0.0267379999999946,162.0670394,162.0937774
-1.0,66,104,0.046791499999997654,162.0563442,162.1031357
-1.0,62,55,0.03743319999998107,162.2167722,162.2542054
-1.0,62,56,0.0267379999999946,162.2274674,162.2542054
-1.0,63,77,0.04946529999999427,162.2167722,162.2662375
-1.0,66,49,0.033422500000000355,162.3772002,162.4106227
-1.0,62,56,0.02673800000002302,162.3878954,162.4146334
-1.0,62,127,0.03743320000000949,162.5376282,162.5750614
-1.0,62,80,0.0267379999999946,162.54832340000002,162.5750614
-1.0,70,70,0.04278080000000273,162.5376282,162.580409
-1.0,61,52,0.0802139999999838,162.5108902,162.5911042
-1.0,62,55,0.008021400000018275,162.6980562,162.70607760000001
-1.0,64,56,0.0267379999999946,162.7087514,162.7354894
-1.0,70,73,0.04278080000000273,162.6980562,162.740837
-1.0,35,77,0.1042782000000102,162.6953824,162.7996606
-1.0,64,56,0.0267379999999946,162.8691794,162.8959174
-1.0,63,81,0.07130133333334736,162.8584842,162.92978553333333
-1.0,62,80,0.0267379999999946,163.0296074,163.0563454
-1.0,66,79,0.046791499999983444,163.01891220000002,163.0657037
-1.0,62,56,0.0267379999999946,163.1900354,163.2167734
-1.0,67,103,0.05213909999999089,163.1793402,163.2314793
-1.0,35,77,0.09358299999999531,163.17666640000002,163.2702494
-1.0,64,127,0.03743319999998107,163.3397682,163.3772014
-1.0,64,56,0.0267379999999946,163.3504634,163.3772014
-1.0,70,77,0.04278080000000273,163.3397682,163.382549
-1.0,62,55,0.03743320000000949,163.5001962,163.53762940000001
-1.0,62,56,0.02673800000002302,163.5108914,163.53762940000001
-1.0,63,76,0.046791499999997654,163.5001962,163.5469877
-1.0,62,55,0.03743320000000949,163.6606242,163.6980574
-1.0,62,56,0.0267379999999946,163.67131940000002,163.6980574
-1.0,70,73,0.04278080000000273,163.6606242,163.703405
-1.0,62,127,0.03743320000000949,163.8210522,163.8584854
-1.0,62,80,0.0267379999999946,163.8317474,163.8584854
-1.0,70,78,0.04278080000000273,163.8210522,163.863833
-1.0,61,54,0.08021400000001222,163.796988,163.877202
-1.0,64,127,0.03743320000000949,163.9814802,164.0189134
-1.0,64,56,0.0267379999999946,163.9921754,164.0189134
-1.0,70,82,0.04278080000000273,163.9814802,164.024261
-1.0,35,77,0.11764719999999329,163.9788064,164.0964536
-1.0,64,127,0.03743320000000949,164.1419082,164.1793414
-1.0,64,56,0.0267379999999946,164.1526034,164.1793414
-1.0,63,78,0.04411770000001525,164.1419082,164.1860259
-1.0,62,88,0.03743319999998107,164.3023362,164.3397694
-1.0,62,80,0.0267379999999946,164.3130314,164.3397694
-1.0,70,78,0.04278080000000273,164.3023362,164.34511700000002
-1.0,62,56,0.0267379999999946,164.4734594,164.5001974
-1.0,66,103,0.05080219999999258,164.4627642,164.5135664
-1.0,35,77,0.06951879999999733,164.465438,164.5349568
-1.0,64,56,0.02673800000002302,164.6338874,164.66062540000001
-1.0,66,104,0.046791499999997654,164.6231922,164.6699837
-1.0,62,55,0.03743320000000949,164.7836202,164.8210534
-1.0,62,56,0.0267379999999946,164.79431540000002,164.8210534
-1.0,63,77,0.04946529999999427,164.7836202,164.83308549999998
-1.0,66,49,0.033422500000014566,164.9440482,164.97747070000003
-1.0,62,56,0.0267379999999946,164.9547434,164.9814814
-1.0,62,127,0.03743320000000949,165.1044762,165.1419094
-1.0,62,80,0.0267379999999946,165.1151714,165.1419094
-1.0,70,70,0.04278080000000273,165.1044762,165.147257
-1.0,61,52,0.08021400000001222,165.0777382,165.1579522
-1.0,62,55,0.008021400000018275,165.2649042,165.2729256
-1.0,64,56,0.0267379999999946,165.2755994,165.3023374
-1.0,70,73,0.04278080000000273,165.2649042,165.307685
-1.0,35,77,0.1042782000000102,165.2622304,165.3665086
-1.0,64,56,0.0267379999999946,165.4360274,165.4627654
-1.0,63,81,0.0713013333333284,165.4253322,165.49663353333335
-1.0,62,80,0.0267379999999946,165.5964554,165.6231934
-1.0,66,79,0.046791499999997654,165.5857602,165.63255170000002
-1.0,62,56,0.02673800000002302,165.7568834,165.78362140000002
-1.0,67,103,0.05213909999999089,165.7461882,165.79832729999998
-1.0,35,77,0.09358299999999531,165.7435144,165.8370974
-1.0,64,127,0.03743320000000949,165.9066162,165.9440494
-1.0,64,56,0.0267379999999946,165.91731140000002,165.9440494
-1.0,70,77,0.04278080000000273,165.9066162,165.949397
-1.0,62,55,0.03743320000000949,166.0670442,166.1044774
-1.0,62,56,0.0267379999999946,166.0777394,166.1044774
-1.0,63,76,0.046791499999997654,166.0670442,166.11383569999998
-1.0,62,55,0.03743320000000949,166.2274722,166.2649054
-1.0,62,56,0.0267379999999946,166.2381674,166.2649054
-1.0,70,73,0.04278080000000273,166.2274722,166.270253
-1.0,62,127,0.03743320000000949,166.3879002,166.4253334
-1.0,62,80,0.0267379999999946,166.3985954,166.4253334
-1.0,70,78,0.04278080000000273,166.3879002,166.430681
-1.0,61,54,0.08021400000001222,166.363836,166.44405
-1.0,64,127,0.03743319999998107,166.54832820000001,166.5857614
-1.0,64,56,0.0267379999999946,166.5590234,166.5857614
-1.0,70,82,0.04278080000000273,166.54832820000001,166.59110900000002
-1.0,35,77,0.11764720000002171,166.5456544,166.6633016
-1.0,64,127,0.03743319999998107,166.7087562,166.7461894
-1.0,64,56,0.0267379999999946,166.7194514,166.7461894
-1.0,63,78,0.04411770000000104,166.7087562,166.7528739
-1.0,62,88,0.03743320000000949,166.8691842,166.90661740000002
-1.0,62,80,0.02673800000002302,166.8798794,166.90661740000002
-1.0,70,78,0.04278080000000273,166.8691842,166.911965
-1.0,62,56,0.02673800000002302,167.0403074,167.0670454
-1.0,66,103,0.05080220000000679,167.0296122,167.0804144
-1.0,35,77,0.06951879999999733,167.032286,167.1018048
-1.0,64,56,0.0267379999999946,167.2007354,167.2274734
-1.0,66,104,0.046791499999997654,167.1900402,167.23683169999998
-1.0,62,55,0.03743320000000949,167.3504682,167.3879014
-1.0,62,56,0.0267379999999946,167.3611634,167.3879014
-1.0,63,77,0.04946530000000848,167.3504682,167.3999335
-1.0,66,49,0.033422500000014566,167.5108962,167.54431870000002
-1.0,62,56,0.0267379999999946,167.5215914,167.5483294
-1.0,62,127,0.03743319999998107,167.67132420000002,167.7087574
-1.0,62,80,0.0267379999999946,167.6820194,167.7087574
-1.0,70,70,0.042780799999974306,167.67132420000002,167.714105
-1.0,61,52,0.08021400000001222,167.6445862,167.7248002
-1.0,62,55,0.008021399999989853,167.8317522,167.8397736
-1.0,64,56,0.0267379999999946,167.8424474,167.8691854
-1.0,70,73,0.04278080000000273,167.8317522,167.874533
-1.0,35,77,0.10427819999998178,167.82907840000001,167.9333566
-1.0,64,56,0.02673800000002302,168.0028754,168.02961340000002
-1.0,63,81,0.0713013333333284,167.9921802,168.06348153333334
-1.0,62,80,0.02673800000002302,168.1633034,168.1900414
-1.0,66,79,0.046791499999997654,168.1526082,168.19939970000001
-1.0,62,56,0.0267379999999946,168.3237314,168.3504694
-1.0,67,103,0.0521391000000051,168.3130362,168.3651753
-1.0,35,77,0.09358299999999531,168.3103624,168.4039454
-1.0,64,127,0.03743320000000949,168.4734642,168.5108974
-1.0,64,56,0.0267379999999946,168.4841594,168.5108974
-1.0,70,77,0.04278080000000273,168.4734642,168.516245
-1.0,62,55,0.03743320000000949,168.6338922,168.6713254
-1.0,62,56,0.0267379999999946,168.6445874,168.6713254
-1.0,63,76,0.046791500000011865,168.6338922,168.6806837
-1.0,62,55,0.03743319999998107,168.79432020000002,168.8317534
-1.0,62,56,0.0267379999999946,168.8050154,168.8317534
-1.0,70,73,0.042780799999974306,168.79432020000002,168.837101
-1.0,62,127,0.03743319999998107,168.9547482,168.9921814
-1.0,62,80,0.0267379999999946,168.9654434,168.9921814
-1.0,70,78,0.04278080000000273,168.9547482,168.99752900000001
-1.0,61,54,0.0802139999999838,168.930684,169.010898
-1.0,64,127,0.03743320000000949,169.1151762,169.15260940000002
-1.0,64,56,0.02673800000002302,169.1258714,169.15260940000002
-1.0,70,82,0.04278080000000273,169.1151762,169.157957
-1.0,35,77,0.11764719999999329,169.1125024,169.2301496
-1.0,64,127,0.03743320000000949,169.2756042,169.3130374
-1.0,64,56,0.02673800000002302,169.2862994,169.3130374
-1.0,63,78,0.04411770000000104,169.2756042,169.3197219
-1.0,62,88,0.03743320000000949,169.4360322,169.4734654
-1.0,62,80,0.0267379999999946,169.44672740000001,169.4734654
-1.0,70,78,0.04278080000000273,169.4360322,169.478813
-1.0,62,56,0.0267379999999946,169.6071554,169.6338934
-1.0,66,103,0.05080220000000679,169.5964602,169.6472624
-1.0,35,77,0.06951879999999733,169.599134,169.6686528
-1.0,64,56,0.0267379999999946,169.7675834,169.7943214
-1.0,66,104,0.046791500000011865,169.7568882,169.8036797
-1.0,62,55,0.03743319999998107,169.91731620000002,169.9547494
-1.0,62,56,0.0267379999999946,169.9280114,169.9547494
-1.0,63,77,0.04946529999999427,169.91731620000002,169.96678150000002
-1.0,66,49,0.033422499999986144,170.0777442,170.1111667
-1.0,62,56,0.0267379999999946,170.0884394,170.1151774
-1.0,62,127,0.03743319999998107,170.2381722,170.2756054
-1.0,62,80,0.0267379999999946,170.2488674,170.2756054
-1.0,70,70,0.04278080000000273,170.2381722,170.280953
-1.0,61,52,0.0802139999999838,170.2114342,170.2916482
-1.0,62,55,0.008021399999989853,170.3986002,170.4066216
-1.0,64,56,0.02673800000002302,170.4092954,170.4360334
-1.0,70,73,0.04278080000000273,170.3986002,170.441381
-1.0,35,77,0.10427819999998178,170.3959264,170.5002046
-1.0,64,56,0.0267379999999946,170.56972340000002,170.5964614
-1.0,63,81,0.07130133333333788,170.5590282,170.63032953333334
-1.0,62,80,0.0267379999999946,170.7301514,170.7568894
-1.0,66,79,0.046791500000011865,170.7194562,170.7662477
-1.0,62,56,0.0267379999999946,170.8905794,170.9173174
-1.0,67,103,0.05213910000001931,170.8798842,170.93202330000003
-1.0,35,77,0.09358299999999531,170.8772104,170.9707934
-1.0,64,127,0.03743319999998107,171.04031220000002,171.0777454
-1.0,64,56,0.0267379999999946,171.0510074,171.0777454
-1.0,70,77,0.042780799999974306,171.04031220000002,171.083093
-1.0,62,55,0.03743319999998107,171.2007402,171.2381734
-1.0,62,56,0.0267379999999946,171.2114354,171.2381734
-1.0,63,76,0.046791499999997654,171.2007402,171.24753170000002
-1.0,62,55,0.03743319999998107,171.3611682,171.3986014
-1.0,62,56,0.0267379999999946,171.3718634,171.3986014
-1.0,70,73,0.04278080000000273,171.3611682,171.403949
-1.0,62,127,0.03743320000000949,171.5215962,171.55902940000001
-1.0,62,80,0.02673800000002302,171.5322914,171.55902940000001
-1.0,70,78,0.04278080000000273,171.5215962,171.564377
-1.0,61,54,0.0802139999999838,171.497532,171.577746
-1.0,64,127,0.03743320000000949,171.6820242,171.7194574
-1.0,64,56,0.0267379999999946,171.69271940000002,171.7194574
-1.0,70,82,0.04278080000000273,171.6820242,171.724805
-1.0,35,77,0.11764719999999329,171.6793504,171.7969976
-1.0,64,127,0.03743320000000949,171.8424522,171.8798854
-1.0,64,56,0.0267379999999946,171.8531474,171.8798854
-1.0,63,78,0.04411770000000104,171.8424522,171.88656989999998
-1.0,62,88,0.03743320000000949,172.0028802,172.0403134
-1.0,62,80,0.0267379999999946,172.0135754,172.0403134
-1.0,70,78,0.04278080000000273,172.0028802,172.045661
-1.0,62,56,0.0267379999999946,172.1740034,172.2007414
-1.0,66,103,0.05080219999997837,172.16330820000002,172.21411039999998
-1.0,35,77,0.06951879999999733,172.165982,172.2355008
-1.0,64,56,0.0267379999999946,172.3344314,172.3611694
-1.0,66,104,0.046791499999997654,172.3237362,172.37052770000003
-1.0,62,55,0.03743319999998107,172.4841642,172.5215974
-1.0,62,56,0.0267379999999946,172.4948594,172.5215974
-1.0,63,77,0.04946529999999427,172.4841642,172.53362950000002
-1.0,66,49,0.033422500000000355,172.6445922,172.6780147
-1.0,62,56,0.02673800000002302,172.6552874,172.68202540000001
-1.0,62,127,0.03743320000000949,172.8050202,172.8424534
-1.0,62,80,0.0267379999999946,172.81571540000002,172.8424534
-1.0,70,70,0.04278080000000273,172.8050202,172.847801
-1.0,61,52,0.0802139999999838,172.7782822,172.8584962
-1.0,62,55,0.008021400000018275,172.9654482,172.97346960000002
-1.0,64,56,0.0267379999999946,172.9761434,173.0028814
-1.0,70,73,0.04278080000000273,172.9654482,173.008229
-1.0,35,77,0.1042782000000102,172.9627744,173.0670526
-1.0,64,56,0.0267379999999946,173.1365714,173.1633094
-1.0,63,81,0.07130133333333788,173.1258762,173.19717753333333
-1.0,62,80,0.0267379999999946,173.2969994,173.3237374
-1.0,66,79,0.046791500000011865,173.2863042,173.3330957
-1.0,62,56,0.0267379999999946,173.4574274,173.4841654
-1.0,67,103,0.05213909999999089,173.4467322,173.49887130000002
-1.0,35,77,0.09358299999999531,173.44405840000002,173.5376414
-1.0,64,127,0.03743319999998107,173.6071602,173.6445934
-1.0,64,56,0.0267379999999946,173.6178554,173.6445934
-1.0,70,77,0.04278080000000273,173.6071602,173.649941
-1.0,62,55,0.03743320000000949,173.7675882,173.80502140000002
-1.0,62,56,0.02673800000002302,173.7782834,173.80502140000002
-1.0,63,76,0.046791499999997654,173.7675882,173.81437970000002
-1.0,62,55,0.03743320000000949,173.9280162,173.9654494
-1.0,62,56,0.0267379999999946,173.93871140000002,173.9654494
-1.0,70,73,0.04278080000000273,173.9280162,173.970797
-1.0,62,127,0.03743320000000949,174.0884442,174.1258774
-1.0,62,80,0.0267379999999946,174.0991394,174.1258774
-1.0,70,78,0.04278080000000273,174.0884442,174.131225
-1.0,61,54,0.08021400000001222,174.06438,174.144594
-1.0,64,127,0.03743320000000949,174.2488722,174.2863054
-1.0,64,56,0.0267379999999946,174.2595674,174.2863054
-1.0,70,82,0.04278080000000273,174.2488722,174.291653
-1.0,35,77,0.11764719999999329,174.2461984,174.3638456
-1.0,64,127,0.03743320000000949,174.4093002,174.4467334
-1.0,64,56,0.0267379999999946,174.4199954,174.4467334
-1.0,63,78,0.04411770000000104,174.4093002,174.45341789999998
-1.0,62,88,0.03743319999998107,174.56972820000001,174.6071614
-1.0,62,80,0.0267379999999946,174.5804234,174.6071614
-1.0,70,78,0.04278080000000273,174.56972820000001,174.61250900000002
-1.0,62,56,0.0267379999999946,174.7408514,174.7675894
-1.0,66,103,0.05080219999999258,174.7301562,174.7809584
-1.0,35,77,0.06951879999999733,174.73283,174.8023488
-1.0,64,56,0.02673800000002302,174.9012794,174.92801740000002
-1.0,66,104,0.046791499999997654,174.8905842,174.93737570000002
-1.0,62,55,0.03743320000000949,175.0510122,175.0884454
-1.0,62,56,0.0267379999999946,175.06170740000002,175.0884454
-1.0,63,77,0.04946529999999427,175.0510122,175.1004775
-1.0,66,49,0.033422500000000355,175.2114402,175.2448627
-1.0,62,56,0.0267379999999946,175.2221354,175.2488734
-1.0,62,127,0.03743320000000949,175.3718682,175.4093014
-1.0,62,80,0.0267379999999946,175.3825634,175.4093014
-1.0,70,70,0.04278080000000273,175.3718682,175.414649
-1.0,61,52,0.08021400000001222,175.3451302,175.4253442
-1.0,62,55,0.008021400000018275,175.5322962,175.5403176
-1.0,64,56,0.0267379999999946,175.5429914,175.5697294
-1.0,70,73,0.04278080000000273,175.5322962,175.575077
-1.0,35,77,0.1042782000000102,175.5296224,175.6339006
-1.0,64,56,0.0267379999999946,175.7034194,175.7301574
-1.0,63,81,0.07130133333331894,175.69272420000001,175.76402553333332
-1.0,62,80,0.0267379999999946,175.8638474,175.8905854
-1.0,66,79,0.046791499999997654,175.8531522,175.8999437
-1.0,62,56,0.02673800000002302,176.0242754,176.05101340000002
-1.0,67,103,0.05213909999999089,176.0135802,176.0657193
-1.0,35,77,0.09358299999999531,176.0109064,176.1044894
-1.0,64,127,0.03743320000000949,176.1740082,176.2114414
-1.0,64,56,0.02673800000002302,176.1847034,176.2114414
-1.0,70,77,0.04278080000000273,176.1740082,176.216789
-1.0,62,55,0.03743320000000949,176.3344362,176.3718694
-1.0,62,56,0.0267379999999946,176.3451314,176.3718694
-1.0,63,76,0.046791499999997654,176.3344362,176.3812277
-1.0,62,55,0.03743320000000949,176.4948642,176.5322974
-1.0,62,56,0.0267379999999946,176.5055594,176.5322974
-1.0,70,73,0.04278080000000273,176.4948642,176.537645
-1.0,62,127,0.03743320000000949,176.6552922,176.6927254
-1.0,62,80,0.0267379999999946,176.6659874,176.6927254
-1.0,70,78,0.04278080000000273,176.6552922,176.698073
-1.0,61,54,0.08021400000001222,176.631228,176.711442
-1.0,64,127,0.03743319999998107,176.81572020000002,176.8531534
-1.0,64,56,0.0267379999999946,176.8264154,176.8531534
-1.0,70,82,0.042780799999974306,176.81572020000002,176.858501
-1.0,35,77,0.11764720000002171,176.8130464,176.9306936
-1.0,64,127,0.03743319999998107,176.9761482,177.0135814
-1.0,64,56,0.0267379999999946,176.9868434,177.0135814
-1.0,63,78,0.04411770000000104,176.9761482,177.02026590000003
-1.0,62,88,0.03743320000000949,177.1365762,177.17400940000002
-1.0,62,80,0.02673800000002302,177.1472714,177.17400940000002
-1.0,70,78,0.04278080000000273,177.1365762,177.179357
-1.0,62,56,0.02673800000002302,177.3076994,177.3344374
-1.0,66,103,0.05080220000000679,177.2970042,177.34780640000002
-1.0,35,77,0.06951879999999733,177.299678,177.3691968
-1.0,64,56,0.0267379999999946,177.46812740000001,177.4948654
-1.0,66,104,0.046791499999997654,177.4574322,177.5042237
-1.0,62,55,0.03743320000000949,177.6178602,177.6552934
-1.0,62,56,0.0267379999999946,177.6285554,177.6552934
-1.0,63,77,0.04946530000000848,177.6178602,177.6673255
-1.0,66,49,0.033422500000014566,177.7782882,177.8117107
-1.0,62,56,0.0267379999999946,177.7889834,177.8157214
-1.0,62,127,0.03743319999998107,177.93871620000002,177.9761494
-1.0,62,80,0.0267379999999946,177.9494114,177.9761494
-1.0,70,70,0.042780799999974306,177.93871620000002,177.981497
-1.0,61,52,0.08021400000001222,177.9119782,177.9921922
-1.0,62,55,0.008021399999989853,178.0991442,178.1071656
-1.0,64,56,0.0267379999999946,178.1098394,178.1365774
-1.0,70,73,0.04278080000000273,178.0991442,178.14192500000001
-1.0,35,77,0.10427819999998178,178.09647040000002,178.2007486
-1.0,64,56,0.0267379999999946,178.2702674,178.2970054
-1.0,63,81,0.0713013333333284,178.2595722,178.33087353333335
-1.0,62,80,0.02673800000002302,178.4306954,178.4574334
-1.0,66,79,0.046791499999997654,178.4200002,178.4667917
-1.0,62,56,0.0267379999999946,178.59112340000001,178.6178614
-1.0,47,103,0.0655081000000024,178.5804282,178.64593630000002
-1.0,35,77,0.09358299999999531,178.5777544,178.6713374
-1.0,64,127,0.03743320000000949,178.7408562,178.7782894
-1.0,64,56,0.0267379999999946,178.7515514,178.7782894
-1.0,70,77,0.04278080000000273,178.7408562,178.783637
-1.0,62,55,0.03743320000000949,178.9012842,178.9387174
-1.0,62,56,0.0267379999999946,178.9119794,178.9387174
-1.0,63,76,0.046791500000011865,178.9012842,178.9480757
-1.0,62,55,0.03743319999998107,179.06171220000002,179.0991454
-1.0,62,56,0.0267379999999946,179.0724074,179.0991454
-1.0,70,73,0.042780799999974306,179.06171220000002,179.104493
-1.0,62,127,0.03743319999998107,179.2221402,179.2595734
-1.0,62,80,0.0267379999999946,179.2328354,179.2595734
-1.0,70,78,0.04278080000000273,179.2221402,179.26492100000002
-1.0,61,54,0.0802139999999838,179.19807600000001,179.27829
-1.0,64,127,0.03743319999998107,179.3825682,179.4200014
-1.0,64,56,0.0267379999999946,179.3932634,179.4200014
-1.0,70,82,0.04278080000000273,179.3825682,179.425349
-1.0,35,77,0.11764719999999329,179.3798944,179.4975416
-1.0,64,127,0.03743320000000949,179.5429962,179.5804294
-1.0,64,56,0.02673800000002302,179.5536914,179.5804294
-1.0,63,78,0.04411770000000104,179.5429962,179.58711390000002
-1.0,62,88,0.03743320000000949,179.7034242,179.7408574
-1.0,62,80,0.0267379999999946,179.71411940000002,179.7408574
-1.0,70,78,0.04278080000000273,179.7034242,179.746205
-1.0,62,56,0.0267379999999946,179.8745474,179.9012854
-1.0,66,103,0.05080220000000679,179.8638522,179.91465440000002
-1.0,35,77,0.06951879999999733,179.866526,179.9360448
-1.0,64,56,0.0267379999999946,180.0349754,180.0617134
-1.0,66,104,0.046791500000011865,180.0242802,180.0710717
-1.0,62,55,0.03743319999998107,180.18470820000002,180.2221414
-1.0,62,56,0.0267379999999946,180.1954034,180.2221414
-1.0,63,77,0.04946529999999427,180.18470820000002,180.2341735
-1.0,66,49,0.033422499999986144,180.3451362,180.37855869999999
-1.0,62,56,0.0267379999999946,180.3558314,180.3825694
-1.0,62,127,0.03743319999998107,180.5055642,180.5429974
-1.0,62,80,0.0267379999999946,180.5162594,180.5429974
-1.0,70,70,0.04278080000000273,180.5055642,180.548345
-1.0,61,52,0.0802139999999838,180.47882620000001,180.5590402
-1.0,62,55,0.008021399999989853,180.6659922,180.6740136
-1.0,64,56,0.02673800000002302,180.6766874,180.70342540000001
-1.0,70,73,0.04278080000000273,180.6659922,180.708773
-1.0,35,77,0.10427819999998178,180.6633184,180.7675966
-1.0,64,56,0.0267379999999946,180.83711540000002,180.8638534
-1.0,63,81,0.07130133333333788,180.8264202,180.89772153333334
-1.0,62,80,0.0267379999999946,180.9975434,181.0242814
-1.0,66,79,0.046791499999997654,180.9868482,181.03363969999998
-1.0,62,56,0.0267379999999946,181.1579714,181.1847094
-1.0,67,103,0.0521391000000051,181.1472762,181.1994153
-1.0,35,77,0.09358299999999531,181.1446024,181.2381854
-1.0,64,127,0.03743320000000949,181.3077042,181.3451374
-1.0,64,56,0.0267379999999946,181.3183994,181.3451374
-1.0,70,77,0.04278080000000273,181.3077042,181.350485
-1.0,62,55,0.03743319999998107,181.4681322,181.5055654
-1.0,62,56,0.0267379999999946,181.4788274,181.5055654
-1.0,63,76,0.046791499999997654,181.4681322,181.5149237
-1.0,62,55,0.03743319999998107,181.6285602,181.6659934
-1.0,62,56,0.0267379999999946,181.6392554,181.6659934
-1.0,70,73,0.04278080000000273,181.6285602,181.671341
-1.0,62,127,0.03743320000000949,181.7889882,181.82642140000002
-1.0,62,80,0.02673800000002302,181.7996834,181.82642140000002
-1.0,70,78,0.04278080000000273,181.7889882,181.831769
-1.0,61,54,0.0802139999999838,181.764924,181.845138
-1.0,64,127,0.03743320000000949,181.9494162,181.9868494
-1.0,64,56,0.0267379999999946,181.96011140000002,181.9868494
-1.0,70,82,0.04278080000000273,181.9494162,181.992197
-1.0,35,77,0.11764719999999329,181.9467424,182.0643896
-1.0,64,127,0.03743320000000949,182.1098442,182.1472774
-1.0,64,56,0.0267379999999946,182.1205394,182.1472774
-1.0,63,78,0.04411770000000104,182.1098442,182.1539619
-1.0,62,88,0.03743320000000949,182.2702722,182.3077054
-1.0,62,80,0.0267379999999946,182.2809674,182.3077054
-1.0,70,78,0.04278080000000273,182.2702722,182.313053
-1.0,62,56,0.0267379999999946,182.4413954,182.4681334
-1.0,66,103,0.05080220000000679,182.4307002,182.4815024
-1.0,35,77,0.06951879999999733,182.43337400000001,182.5028928
-1.0,64,56,0.0267379999999946,182.6018234,182.6285614
-1.0,66,104,0.046791499999997654,182.5911282,182.6379197
-1.0,62,55,0.03743319999998107,182.7515562,182.7889894
-1.0,62,56,0.0267379999999946,182.7622514,182.7889894
-1.0,63,77,0.04946529999999427,182.7515562,182.8010215
-1.0,66,49,0.033422500000000355,182.9119842,182.9454067
-1.0,62,56,0.02673800000002302,182.9226794,182.94941740000002
-1.0,62,127,0.03743320000000949,183.0724122,183.1098454
-1.0,62,80,0.0267379999999946,183.08310740000002,183.1098454
-1.0,70,70,0.04278080000000273,183.0724122,183.115193
-1.0,61,52,0.0802139999999838,183.0456742,183.1258882
-1.0,62,55,0.008021400000018275,183.2328402,183.24086160000002
-1.0,64,56,0.0267379999999946,183.2435354,183.2702734
-1.0,70,73,0.04278080000000273,183.2328402,183.275621
-1.0,35,77,0.1042782000000102,183.2301664,183.3344446
-1.0,64,56,0.0267379999999946,183.4039634,183.4307014
-1.0,63,81,0.07130133333333788,183.3932682,183.46456953333333
-1.0,62,80,0.0267379999999946,183.5643914,183.5911294
-1.0,66,79,0.046791500000011865,183.5536962,183.6004877
-1.0,62,56,0.0267379999999946,183.7248194,183.7515574
-1.0,67,103,0.05213909999999089,183.71412420000001,183.7662633
-1.0,35,77,0.09358300000002373,183.7114504,183.8050334
-1.0,64,127,0.03743319999998107,183.8745522,183.9119854
-1.0,64,56,0.0267379999999946,183.8852474,183.9119854
-1.0,70,77,0.04278080000000273,183.8745522,183.917333
-1.0,62,55,0.03743320000000949,184.0349802,184.07241340000002
-1.0,62,56,0.02673800000002302,184.0456754,184.07241340000002
-1.0,63,76,0.046791499999997654,184.0349802,184.0817717
-1.0,62,55,0.03743320000000949,184.1954082,184.2328414
-1.0,62,56,0.02673800000002302,184.2061034,184.2328414
-1.0,70,73,0.04278080000000273,184.1954082,184.238189
-1.0,62,127,0.03743320000000949,184.3558362,184.3932694
-1.0,62,80,0.0267379999999946,184.3665314,184.3932694
-1.0,70,78,0.04278080000000273,184.3558362,184.398617
-1.0,61,54,0.08021400000001222,184.331772,184.411986
-1.0,64,127,0.03743320000000949,184.5162642,184.5536974
-1.0,64,56,0.0267379999999946,184.5269594,184.5536974
-1.0,70,82,0.04278080000000273,184.5162642,184.559045
-1.0,35,77,0.11764719999999329,184.5135904,184.6312376
-1.0,64,127,0.03743320000000949,184.6766922,184.7141254
-1.0,64,56,0.0267379999999946,184.6873874,184.7141254
-1.0,63,78,0.04411770000000104,184.6766922,184.7208099
-1.0,62,88,0.03743319999998107,184.83712020000002,184.8745534
-1.0,62,80,0.0267379999999946,184.8478154,184.8745534
-1.0,70,78,0.042780799999974306,184.83712020000002,184.879901
-1.0,62,56,0.0267379999999946,185.0082434,185.0349814
-1.0,66,103,0.05080219999999258,184.9975482,185.0483504
-1.0,35,77,0.06951879999999733,185.000222,185.0697408
-1.0,64,56,0.02673800000002302,185.1686714,185.19540940000002
-1.0,66,104,0.046791499999997654,185.1579762,185.2047677
-1.0,62,55,0.03743320000000949,185.3184042,185.3558374
-1.0,62,56,0.02673800000002302,185.3290994,185.3558374
-1.0,63,77,0.04946529999999427,185.3184042,185.36786949999998
-1.0,66,49,0.033422500000000355,185.4788322,185.5122547
-1.0,62,56,0.0267379999999946,185.48952740000001,185.5162654
-1.0,62,127,0.03743320000000949,185.6392602,185.6766934
-1.0,62,80,0.0267379999999946,185.6499554,185.6766934
-1.0,70,70,0.04278080000000273,185.6392602,185.682041
-1.0,61,52,0.08021400000001222,185.6125222,185.6927362
-1.0,62,55,0.008021400000018275,185.7996882,185.8077096
-1.0,64,56,0.0267379999999946,185.8103834,185.8371214
-1.0,70,73,0.04278080000000273,185.7996882,185.842469
-1.0,35,77,0.1042782000000102,185.7970144,185.9012926
-1.0,64,56,0.0267379999999946,185.9708114,185.9975494
-1.0,63,81,0.07130133333331894,185.96011620000002,186.03141753333333
-1.0,62,80,0.0267379999999946,186.1312394,186.1579774
-1.0,66,79,0.046791499999997654,186.1205442,186.16733570000002
-1.0,62,56,0.02673800000002302,186.2916674,186.31840540000002
-1.0,67,103,0.05213909999999089,186.2809722,186.33311129999998
-1.0,35,77,0.09358299999999531,186.2782984,186.3718814
-1.0,64,127,0.03743320000000949,186.4414002,186.4788334
-1.0,64,56,0.02673800000002302,186.4520954,186.4788334
-1.0,70,77,0.04278080000000273,186.4414002,186.484181
-1.0,62,55,0.03743320000000949,186.6018282,186.6392614
-1.0,62,56,0.0267379999999946,186.61252340000001,186.6392614
-1.0,63,76,0.046791499999997654,186.6018282,186.64861969999998
-1.0,62,55,0.03743320000000949,186.7622562,186.7996894
-1.0,62,56,0.0267379999999946,186.7729514,186.7996894
-1.0,70,73,0.04278080000000273,186.7622562,186.805037
-1.0,62,127,0.03743320000000949,186.9226842,186.9601174
-1.0,62,80,0.0267379999999946,186.9333794,186.9601174
-1.0,70,78,0.04278080000000273,186.9226842,186.965465
-1.0,61,54,0.08021400000001222,186.89862,186.978834
-1.0,64,127,0.03743319999998107,187.08311220000002,187.1205454
-1.0,64,56,0.0267379999999946,187.0938074,187.1205454
-1.0,70,82,0.042780799999974306,187.08311220000002,187.125893
-1.0,35,77,0.11764720000002171,187.0804384,187.1980856
-1.0,64,127,0.03743319999998107,187.2435402,187.2809734
-1.0,64,56,0.0267379999999946,187.2542354,187.2809734
-1.0,63,78,0.04411770000000104,187.2435402,187.2876579
-1.0,62,88,0.03743319999998107,187.4039682,187.4414014
-1.0,62,80,0.0267379999999946,187.4146634,187.4414014
-1.0,70,78,0.04278080000000273,187.4039682,187.446749
-1.0,62,56,0.02673800000002302,187.5750914,187.6018294
-1.0,66,103,0.05080220000000679,187.5643962,187.6151984
-1.0,35,77,0.06951879999999733,187.56707,187.6365888
-1.0,64,56,0.0267379999999946,187.73551940000002,187.7622574
-1.0,66,104,0.046791499999997654,187.7248242,187.77161569999998
-1.0,62,55,0.03743320000000949,187.8852522,187.9226854
-1.0,62,56,0.0267379999999946,187.8959474,187.9226854
-1.0,63,77,0.04946530000000848,187.8852522,187.9347175
-1.0,66,49,0.033422500000014566,188.0456802,188.07910270000002
-1.0,62,56,0.0267379999999946,188.0563754,188.0831134
-1.0,62,127,0.03743319999998107,188.20610820000002,188.2435414
-1.0,62,80,0.0267379999999946,188.2168034,188.2435414
-1.0,70,70,0.042780799999974306,188.20610820000002,188.248889
-1.0,61,52,0.08021400000001222,188.1793702,188.2595842
-1.0,62,55,0.008021399999989853,188.3665362,188.3745576
-1.0,64,56,0.0267379999999946,188.3772314,188.4039694
-1.0,70,73,0.04278080000000273,188.3665362,188.40931700000002
-1.0,35,77,0.10427819999998178,188.36386240000002,188.4681406
-1.0,64,56,0.0267379999999946,188.5376594,188.5643974
-1.0,63,81,0.0713013333333284,188.52696419999998,188.59826553333332
-1.0,62,80,0.02673800000002302,188.6980874,188.72482540000001
-1.0,66,79,0.046791499999997654,188.6873922,188.73418370000002
-1.0,62,56,0.0267379999999946,188.85851540000002,188.8852534
-1.0,67,103,0.0521391000000051,188.8478202,188.8999593
-1.0,35,77,0.09358299999999531,188.8451464,188.9387294
-1.0,64,127,0.03743320000000949,189.0082482,189.0456814
-1.0,64,56,0.0267379999999946,189.0189434,189.0456814
-1.0,70,77,0.04278080000000273,189.0082482,189.051029
-1.0,62,55,0.03743320000000949,189.1686762,189.2061094
-1.0,62,56,0.0267379999999946,189.1793714,189.2061094
-1.0,63,76,0.046791500000011865,189.1686762,189.2154677
-1.0,62,55,0.03743319999998107,189.32910420000002,189.3665374
-1.0,62,56,0.0267379999999946,189.3397994,189.3665374
-1.0,70,73,0.042780799999974306,189.32910420000002,189.371885
-1.0,62,127,0.03743319999998107,189.4895322,189.5269654
-1.0,62,80,0.0267379999999946,189.5002274,189.5269654
-1.0,70,78,0.04278080000000273,189.4895322,189.53231300000002
-1.0,61,54,0.0802139999999838,189.46546800000002,189.545682
-1.0,64,127,0.03743319999998107,189.6499602,189.6873934
-1.0,64,56,0.0267379999999946,189.6606554,189.6873934
-1.0,70,82,0.04278080000000273,189.6499602,189.692741
-1.0,35,77,0.11764719999999329,189.6472864,189.7649336
-1.0,64,127,0.03743320000000949,189.8103882,189.84782140000002
-1.0,64,56,0.02673800000002302,189.8210834,189.84782140000002
-1.0,63,78,0.04411770000000104,189.8103882,189.8545059
-1.0,62,88,0.03743320000000949,189.9708162,190.0082494
-1.0,62,80,0.0267379999999946,189.98151140000002,190.0082494
-1.0,70,78,0.04278080000000273,189.9708162,190.013597
-1.0,62,56,0.0267379999999946,190.1419394,190.1686774
-1.0,66,103,0.05080220000000679,190.1312442,190.1820464
-1.0,35,77,0.06951879999999733,190.133918,190.2034368
-1.0,64,56,0.0267379999999946,190.3023674,190.3291054
-1.0,66,104,0.046791500000011865,190.2916722,190.3384637
-1.0,62,55,0.03743320000000949,190.4521002,190.4895334
-1.0,62,56,0.0267379999999946,190.4627954,190.4895334
-1.0,63,77,0.049465300000022694,190.4521002,190.50156550000003
-1.0,66,49,0.033422499999986144,190.6125282,190.64595070000001
-1.0,62,56,0.0267379999999946,190.6232234,190.6499614
-1.0,62,127,0.03743319999998107,190.7729562,190.8103894
-1.0,62,80,0.0267379999999946,190.7836514,190.8103894
-1.0,70,70,0.04278080000000273,190.7729562,190.815737
-1.0,61,52,0.0802139999999838,190.74621820000002,190.8264322
-1.0,62,55,0.008021399999989853,190.9333842,190.9414056
-1.0,64,56,0.02673800000002302,190.9440794,190.97081740000002
-1.0,70,73,0.04278080000000273,190.9333842,190.976165
-1.0,35,77,0.10427819999998178,190.9307104,191.0349886
-1.0,64,56,0.0267379999999946,191.10450740000002,191.1312454
-1.0,63,81,0.07130133333333788,191.0938122,191.16511353333334
-1.0,62,80,0.0267379999999946,191.2649354,191.2916734
-1.0,66,79,0.046791499999997654,191.2542402,191.3010317
-1.0,62,56,0.0267379999999946,191.4253634,191.4521014
-1.0,67,103,0.0521391000000051,191.4146682,191.4668073
-1.0,35,77,0.09358299999999531,191.4119944,191.5055774
-1.0,64,127,0.03743320000000949,191.5750962,191.6125294
-1.0,64,56,0.0267379999999946,191.5857914,191.6125294
-1.0,70,77,0.04278080000000273,191.5750962,191.617877
-1.0,62,55,0.03743319999998107,191.73552420000001,191.7729574
-1.0,62,56,0.0267379999999946,191.7462194,191.7729574
-1.0,63,76,0.046791499999997654,191.73552420000001,191.78231570000003
-1.0,62,55,0.03743319999998107,191.8959522,191.9333854
-1.0,62,56,0.0267379999999946,191.9066474,191.9333854
-1.0,70,73,0.04278080000000273,191.8959522,191.938733
-1.0,62,127,0.03743320000000949,192.0563802,192.09381340000002
-1.0,62,80,0.02673800000002302,192.0670754,192.09381340000002
-1.0,70,78,0.04278080000000273,192.0563802,192.099161
-1.0,61,54,0.0802139999999838,192.032316,192.11253
-1.0,64,127,0.03743320000000949,192.2168082,192.2542414
-1.0,64,56,0.0267379999999946,192.22750340000002,192.2542414
-1.0,70,82,0.04278080000000273,192.2168082,192.259589
-1.0,35,77,0.11764719999999329,192.2141344,192.3317816
-1.0,64,127,0.03743320000000949,192.3772362,192.4146694
-1.0,64,56,0.0267379999999946,192.3879314,192.4146694
-1.0,63,78,0.04411770000000104,192.3772362,192.42135389999999
-1.0,62,88,0.03743320000000949,192.5376642,192.5750974
-1.0,62,80,0.0267379999999946,192.5483594,192.5750974
-1.0,70,78,0.04278080000000273,192.5376642,192.580445
-1.0,62,56,0.0267379999999946,192.7087874,192.7355254
-1.0,66,103,0.05080220000000679,192.6980922,192.74889439999998
-1.0,35,77,0.06951879999999733,192.70076600000002,192.7702848
-1.0,64,56,0.0267379999999946,192.8692154,192.8959534
-1.0,66,104,0.046791499999983444,192.85852020000002,192.9053117
-1.0,62,55,0.03743319999998107,193.0189482,193.0563814
-1.0,62,56,0.0267379999999946,193.0296434,193.0563814
-1.0,63,77,0.04946529999999427,193.0189482,193.06841350000002
-1.0,66,49,0.033422500000000355,193.1793762,193.2127987
-1.0,62,56,0.02673800000002302,193.1900714,193.21680940000002
-1.0,62,127,0.03743320000000949,193.3398042,193.3772374
-1.0,62,80,0.02673800000002302,193.3504994,193.3772374
-1.0,70,70,0.04278080000000273,193.3398042,193.382585
-1.0,61,52,0.0802139999999838,193.3130662,193.3932802
-1.0,62,55,0.008021400000018275,193.5002322,193.50825360000002
-1.0,64,56,0.0267379999999946,193.5109274,193.5376654
-1.0,70,73,0.04278080000000273,193.5002322,193.543013
-1.0,35,77,0.1042782000000102,193.4975584,193.6018366
-1.0,64,56,0.0267379999999946,193.6713554,193.6980934
-1.0,63,81,0.07130133333333788,193.66066020000002,193.73196153333336
-1.0,62,80,0.0267379999999946,193.8317834,193.8585214
-1.0,66,79,0.046791500000011865,193.8210882,193.8678797
-1.0,62,56,0.0267379999999946,193.9922114,194.0189494
-1.0,67,103,0.05213909999999089,193.98151620000002,194.03365530000002
-1.0,35,77,0.09358300000002373,193.9788424,194.07242540000001
-1.0,64,127,0.03743319999998107,194.1419442,194.1793774
-1.0,64,56,0.0267379999999946,194.1526394,194.1793774
-1.0,70,77,0.04278080000000273,194.1419442,194.18472500000001
-1.0,62,55,0.03743320000000949,194.3023722,194.33980540000002
-1.0,62,56,0.02673800000002302,194.3130674,194.33980540000002
-1.0,63,76,0.046791499999997654,194.3023722,194.34916370000002
-1.0,62,55,0.03743320000000949,194.4628002,194.5002334
-1.0,62,56,0.02673800000002302,194.4734954,194.5002334
-1.0,70,73,0.04278080000000273,194.4628002,194.505581
-1.0,62,127,0.03743320000000949,194.6232282,194.6606614
-1.0,62,80,0.0267379999999946,194.63392340000001,194.6606614
-1.0,70,78,0.04278080000000273,194.6232282,194.666009
-1.0,61,54,0.08021400000001222,194.599164,194.679378
-1.0,64,127,0.03743320000000949,194.7836562,194.8210894
-1.0,64,56,0.0267379999999946,194.7943514,194.8210894
-1.0,70,82,0.04278080000000273,194.7836562,194.826437
-1.0,35,77,0.11764719999999329,194.7809824,194.8986296
-1.0,64,127,0.03743320000000949,194.9440842,194.9815174
-1.0,64,56,0.0267379999999946,194.9547794,194.9815174
-1.0,63,78,0.04411770000000104,194.9440842,194.98820189999998
-1.0,62,88,0.03743319999998107,195.10451220000002,195.1419454
-1.0,62,80,0.0267379999999946,195.1152074,195.1419454
-1.0,70,78,0.042780799999974306,195.10451220000002,195.147293
-1.0,62,56,0.0267379999999946,195.2756354,195.3023734
-1.0,66,103,0.05080219999999258,195.2649402,195.3157424
-1.0,35,77,0.06951879999999733,195.267614,195.3371328
-1.0,64,56,0.0267379999999946,195.4360634,195.4628014
-1.0,66,104,0.046791499999997654,195.4253682,195.47215970000002
-1.0,62,55,0.03743320000000949,195.5857962,195.6232294
-1.0,62,56,0.02673800000002302,195.5964914,195.6232294
-1.0,63,77,0.04946529999999427,195.5857962,195.6352615
-1.0,66,49,0.033422500000000355,195.7462242,195.7796467
-1.0,62,56,0.0267379999999946,195.75691940000002,195.7836574
-1.0,62,127,0.03743320000000949,195.9066522,195.9440854
-1.0,62,80,0.0267379999999946,195.9173474,195.9440854
-1.0,70,70,0.04278080000000273,195.9066522,195.949433
-1.0,61,52,0.08021400000001222,195.8799142,195.9601282
-1.0,62,55,0.008021400000018275,196.0670802,196.0751016
-1.0,64,56,0.0267379999999946,196.0777754,196.1045134
-1.0,70,73,0.04278080000000273,196.0670802,196.109861
-1.0,35,77,0.1042782000000102,196.0644064,196.1686846
-1.0,64,56,0.0267379999999946,196.2382034,196.2649414
-1.0,63,81,0.07130133333331894,196.22750820000002,196.29880953333333
-1.0,62,80,0.0267379999999946,196.3986314,196.4253694
-1.0,66,79,0.046791499999997654,196.3879362,196.4347277
-1.0,62,56,0.0267379999999946,196.5590594,196.5857974
-1.0,67,103,0.05213909999999089,196.5483642,196.6005033
-1.0,35,77,0.09358299999999531,196.5456904,196.6392734
-1.0,64,127,0.03743320000000949,196.7087922,196.74622540000001
-1.0,64,56,0.02673800000002302,196.7194874,196.74622540000001
-1.0,70,77,0.04278080000000273,196.7087922,196.751573
-1.0,62,55,0.03743320000000949,196.8692202,196.9066534
-1.0,62,56,0.0267379999999946,196.87991540000002,196.9066534
-1.0,63,76,0.046791499999997654,196.8692202,196.9160117
-1.0,62,55,0.03743320000000949,197.0296482,197.0670814
-1.0,62,56,0.0267379999999946,197.0403434,197.0670814
-1.0,70,73,0.04278080000000273,197.0296482,197.072429
-1.0,62,127,0.03743320000000949,197.1900762,197.2275094
-1.0,62,80,0.0267379999999946,197.2007714,197.2275094
-1.0,70,78,0.04278080000000273,197.1900762,197.232857
-1.0,61,54,0.08021400000001222,197.166012,197.246226
-1.0,64,127,0.03743319999998107,197.35050420000002,197.3879374
-1.0,64,56,0.0267379999999946,197.3611994,197.3879374
-1.0,70,82,0.042780799999974306,197.35050420000002,197.393285
-1.0,35,77,0.11764720000002171,197.3478304,197.4654776
-1.0,64,127,0.03743319999998107,197.5109322,197.5483654
-1.0,64,56,0.0267379999999946,197.5216274,197.5483654
-1.0,63,78,0.04411770000000104,197.5109322,197.55504990000003
-1.0,62,88,0.03743319999998107,197.6713602,197.7087934
-1.0,62,80,0.0267379999999946,197.6820554,197.7087934
-1.0,70,78,0.04278080000000273,197.6713602,197.714141
-1.0,62,56,0.02673800000002302,197.8424834,197.86922140000001
-1.0,66,103,0.05080220000000679,197.8317882,197.88259040000003
-1.0,35,77,0.06951879999999733,197.834462,197.9039808
-1.0,64,56,0.0267379999999946,198.00291140000002,198.0296494
-1.0,66,104,0.046791499999997654,197.9922162,198.0390077
-1.0,62,55,0.03743320000000949,198.1526442,198.1900774
-1.0,62,56,0.0267379999999946,198.1633394,198.1900774
-1.0,63,77,0.04946529999999427,198.1526442,198.2021095
-1.0,66,49,0.033422500000014566,198.3130722,198.3464947
-1.0,62,56,0.0267379999999946,198.3237674,198.3505054
-1.0,62,127,0.03743320000000949,198.4735002,198.5109334
-1.0,62,80,0.0267379999999946,198.4841954,198.5109334
-1.0,70,70,0.04278080000000273,198.4735002,198.516281
-1.0,61,52,0.08021400000001222,198.4467622,198.5269762
-1.0,62,55,0.008021399999989853,198.6339282,198.6419496
-1.0,64,56,0.0267379999999946,198.6446234,198.6713614
-1.0,70,73,0.04278080000000273,198.6339282,198.67670900000002
-1.0,35,77,0.10427819999998178,198.63125440000002,198.7355326
-1.0,64,56,0.0267379999999946,198.8050514,198.8317894
-1.0,63,81,0.0713013333333284,198.7943562,198.86565753333335
-1.0,62,80,0.02673800000002302,198.9654794,198.99221740000002
-1.0,66,79,0.046791499999997654,198.9547842,199.0015757
-1.0,62,56,0.0267379999999946,199.12590740000002,199.1526454
-1.0,56,127,0.0521391000000051,199.1152122,199.1673513
-1.0,35,77,0.09358299999999531,199.1125384,199.2061214
-1.0,64,127,0.03743320000000949,199.2756402,199.3130734
-1.0,64,56,0.0267379999999946,199.2863354,199.3130734
-1.0,70,77,0.04278080000000273,199.2756402,199.318421
-1.0,62,55,0.03743320000000949,199.4360682,199.4735014
-1.0,62,56,0.0267379999999946,199.4467634,199.4735014
-1.0,63,76,0.046791499999997654,199.4360682,199.4828597
-1.0,62,55,0.03743320000000949,199.5964962,199.6339294
-1.0,62,56,0.0267379999999946,199.6071914,199.6339294
-1.0,70,73,0.04278080000000273,199.5964962,199.639277
-1.0,62,127,0.03743319999998107,199.75692420000001,199.7943574
-1.0,62,80,0.0267379999999946,199.7676194,199.7943574
-1.0,70,78,0.04278080000000273,199.75692420000001,199.79970500000002
-1.0,61,54,0.0802139999999838,199.73286000000002,199.813074
-1.0,64,127,0.03743319999998107,199.9173522,199.9547854
-1.0,64,56,0.0267379999999946,199.9280474,199.9547854
-1.0,70,82,0.04278080000000273,199.9173522,199.960133
-1.0,35,77,0.11764719999999329,199.9146784,200.0323256
-1.0,64,127,0.03743320000000949,200.0777802,200.11521340000002
-1.0,64,56,0.02673800000002302,200.0884754,200.11521340000002
-1.0,63,78,0.04411770000000104,200.0777802,200.12189790000002
-1.0,62,88,0.03743320000000949,200.2382082,200.2756414
-1.0,62,80,0.0267379999999946,200.24890340000002,200.2756414
-1.0,70,78,0.04278080000000273,200.2382082,200.280989
-1.0,62,56,0.0267379999999946,200.4093314,200.4360694
-1.0,66,103,0.05080220000000679,200.3986362,200.44943840000002
-1.0,35,77,0.06951879999999733,200.40131,200.4708288
-1.0,64,56,0.0267379999999946,200.5697594,200.5964974
-1.0,66,104,0.046791500000011865,200.5590642,200.6058557
-1.0,62,55,0.03743320000000949,200.7194922,200.7569254
-1.0,62,56,0.0267379999999946,200.7301874,200.7569254
-1.0,63,77,0.049465300000022694,200.7194922,200.7689575
-1.0,66,49,0.033422499999986144,200.87992020000002,200.9133427
-1.0,62,56,0.0267379999999946,200.8906154,200.9173534
-1.0,62,127,0.03743319999998107,201.0403482,201.0777814
-1.0,62,80,0.0267379999999946,201.0510434,201.0777814
-1.0,70,70,0.04278080000000273,201.0403482,201.083129
-1.0,61,52,0.0802139999999838,201.01361020000002,201.0938242
-1.0,62,55,0.008021399999989853,201.2007762,201.2087976
-1.0,64,56,0.02673800000002302,201.2114714,201.23820940000002
-1.0,70,73,0.04278080000000273,201.2007762,201.243557
-1.0,35,77,0.10427819999998178,201.1981024,201.3023806
-1.0,64,56,0.02673800000002302,201.3718994,201.3986374
-1.0,63,81,0.0713013333333284,201.3612042,201.43250553333334
-1.0,62,80,0.0267379999999946,201.5323274,201.5590654
-1.0,66,79,0.046791499999997654,201.5216322,201.56842369999998
-1.0,62,56,0.0267379999999946,201.6927554,201.7194934
-1.0,67,103,0.0521391000000051,201.6820602,201.7341993
-1.0,35,77,0.09358299999999531,201.6793864,201.7729694
-1.0,64,127,0.03743320000000949,201.8424882,201.8799214
-1.0,64,56,0.0267379999999946,201.8531834,201.8799214
-1.0,70,77,0.04278080000000273,201.8424882,201.885269
-1.0,62,55,0.03743319999998107,202.00291620000002,202.0403494
-1.0,62,56,0.0267379999999946,202.0136114,202.0403494
-1.0,63,76,0.046791499999997654,202.00291620000002,202.0497077
-1.0,62,55,0.03743319999998107,202.1633442,202.2007774
-1.0,62,56,0.0267379999999946,202.1740394,202.2007774
-1.0,70,73,0.04278080000000273,202.1633442,202.20612500000001
-1.0,62,127,0.03743320000000949,202.3237722,202.36120540000002
-1.0,62,80,0.02673800000002302,202.3344674,202.36120540000002
-1.0,70,78,0.04278080000000273,202.3237722,202.366553
-1.0,61,54,0.0802139999999838,202.299708,202.379922
-1.0,64,127,0.03743320000000949,202.4842002,202.5216334
-1.0,64,56,0.02673800000002302,202.4948954,202.5216334
-1.0,70,82,0.04278080000000273,202.4842002,202.526981
-1.0,35,77,0.11764719999999329,202.4815264,202.5991736
-1.0,64,127,0.03743320000000949,202.6446282,202.6820614
-1.0,64,56,0.0267379999999946,202.65532340000001,202.6820614
-1.0,63,78,0.04411770000000104,202.6446282,202.68874590000001
-1.0,62,88,0.03743320000000949,202.8050562,202.8424894
-1.0,62,80,0.0267379999999946,202.8157514,202.8424894
-1.0,70,78,0.04278080000000273,202.8050562,202.847837
-1.0,62,56,0.0267379999999946,202.9761794,203.0029174
-1.0,66,103,0.05080220000000679,202.9654842,203.0162864
-1.0,35,77,0.06951879999999733,202.96815800000002,203.0376768
-1.0,64,56,0.0267379999999946,203.1366074,203.1633454
-1.0,66,104,0.046791499999983444,203.12591220000002,203.1727037
-1.0,62,55,0.03743319999998107,203.2863402,203.3237734
-1.0,62,56,0.0267379999999946,203.2970354,203.3237734
-1.0,63,77,0.04946529999999427,203.2863402,203.3358055
-1.0,66,49,0.033422500000000355,203.4467682,203.4801907
-1.0,62,56,0.02673800000002302,203.4574634,203.48420140000002
-1.0,62,127,0.03743320000000949,203.6071962,203.6446294
-1.0,62,80,0.02673800000002302,203.6178914,203.6446294
-1.0,70,70,0.04278080000000273,203.6071962,203.649977
-1.0,61,52,0.0802139999999838,203.5804582,203.6606722
-1.0,62,55,0.008021399999989853,203.7676242,203.7756456
-1.0,64,56,0.0267379999999946,203.77831940000002,203.8050574
-1.0,70,73,0.04278080000000273,203.7676242,203.810405
-1.0,35,77,0.1042782000000102,203.7649504,203.8692286
-1.0,64,56,0.0267379999999946,203.9387474,203.9654854
-1.0,63,81,0.07130133333333788,203.9280522,203.99935353333333
-1.0,62,80,0.0267379999999946,204.0991754,204.1259134
-1.0,66,79,0.046791500000011865,204.0884802,204.1352717
-1.0,62,56,0.0267379999999946,204.2596034,204.2863414
-1.0,67,103,0.05213909999999089,204.24890820000002,204.3010473
-1.0,35,77,0.09358300000002373,204.2462344,204.33981740000002
-1.0,64,127,0.03743319999998107,204.4093362,204.4467694
-1.0,64,56,0.0267379999999946,204.4200314,204.4467694
-1.0,70,77,0.04278080000000273,204.4093362,204.45211700000002
-1.0,62,55,0.03743319999998107,204.5697642,204.6071974
-1.0,62,56,0.0267379999999946,204.5804594,204.6071974
-1.0,63,76,0.046791499999997654,204.5697642,204.6165557
-1.0,62,55,0.03743320000000949,204.7301922,204.76762540000001
-1.0,62,56,0.02673800000002302,204.7408874,204.76762540000001
-1.0,70,73,0.04278080000000273,204.7301922,204.772973
-1.0,62,127,0.03743320000000949,204.8906202,204.9280534
-1.0,62,80,0.0267379999999946,204.90131540000002,204.9280534
-1.0,70,78,0.04278080000000273,204.8906202,204.933401
-1.0,61,54,0.08021400000001222,204.866556,204.94677000000001
-1.0,64,127,0.03743320000000949,205.0510482,205.0884814
-1.0,64,56,0.0267379999999946,205.0617434,205.0884814
-1.0,70,82,0.04278080000000273,205.0510482,205.093829
-1.0,35,77,0.11764719999999329,205.0483744,205.1660216
-1.0,64,127,0.03743320000000949,205.2114762,205.2489094
-1.0,64,56,0.0267379999999946,205.2221714,205.2489094
-1.0,63,78,0.04411770000000104,205.2114762,205.2555939
-1.0,62,88,0.03743319999998107,205.37190420000002,205.4093374
-1.0,62,80,0.0267379999999946,205.3825994,205.4093374
-1.0,70,78,0.042780799999974306,205.37190420000002,205.414685
-1.0,62,56,0.0267379999999946,205.5430274,205.5697654
-1.0,66,103,0.05080219999999258,205.5323322,205.5831344
-1.0,35,77,0.06951879999999733,205.535006,205.6045248
-1.0,64,56,0.0267379999999946,205.7034554,205.7301934
-1.0,66,104,0.046791499999997654,205.6927602,205.7395517
-1.0,62,55,0.03743320000000949,205.8531882,205.89062140000001
-1.0,62,56,0.02673800000002302,205.8638834,205.89062140000001
-1.0,63,77,0.04946529999999427,205.8531882,205.90265349999999
-1.0,66,49,0.033422500000000355,206.0136162,206.0470387
-1.0,62,56,0.0267379999999946,206.02431140000002,206.0510494
-1.0,62,127,0.03743320000000949,206.1740442,206.2114774
-1.0,62,80,0.0267379999999946,206.1847394,206.2114774
-1.0,70,70,0.04278080000000273,206.1740442,206.216825
-1.0,61,52,0.08021400000001222,206.1473062,206.22752020000001
-1.0,62,55,0.008021400000018275,206.3344722,206.3424936
-1.0,64,56,0.0267379999999946,206.3451674,206.3719054
-1.0,70,73,0.04278080000000273,206.3344722,206.377253
-1.0,35,77,0.1042782000000102,206.3317984,206.4360766
-1.0,64,56,0.0267379999999946,206.5055954,206.5323334
-1.0,63,81,0.07130133333331894,206.4949002,206.5662015333333
-1.0,62,80,0.0267379999999946,206.6660234,206.6927614
-1.0,66,79,0.046791499999997654,206.6553282,206.70211970000003
-1.0,62,56,0.0267379999999946,206.8264514,206.8531894
-1.0,67,103,0.05213909999999089,206.8157562,206.8678953
-1.0,35,77,0.09358299999999531,206.8130824,206.9066654
-1.0,64,127,0.03743320000000949,206.9761842,207.01361740000002
-1.0,64,56,0.02673800000002302,206.9868794,207.01361740000002
-1.0,70,77,0.04278080000000273,206.9761842,207.018965
-1.0,62,55,0.03743320000000949,207.1366122,207.1740454
-1.0,62,56,0.0267379999999946,207.14730740000002,207.1740454
-1.0,63,76,0.046791499999997654,207.1366122,207.18340369999999
-1.0,62,55,0.03743320000000949,207.2970402,207.3344734
-1.0,62,56,0.0267379999999946,207.3077354,207.3344734
-1.0,70,73,0.04278080000000273,207.2970402,207.339821
-1.0,62,127,0.03743320000000949,207.4574682,207.4949014
-1.0,62,80,0.0267379999999946,207.4681634,207.4949014
-1.0,70,78,0.04278080000000273,207.4574682,207.500249
-1.0,61,54,0.08021400000001222,207.433404,207.513618
-1.0,64,127,0.03743320000000949,207.6178962,207.6553294
-1.0,64,56,0.0267379999999946,207.6285914,207.6553294
-1.0,70,82,0.04278080000000273,207.6178962,207.660677
-1.0,35,77,0.11764720000002171,207.6152224,207.73286960000001
-1.0,64,127,0.03743319999998107,207.77832420000001,207.8157574
-1.0,64,56,0.0267379999999946,207.7890194,207.8157574
-1.0,63,78,0.04411770000000104,207.77832420000001,207.8224419
-1.0,62,88,0.03743319999998107,207.9387522,207.9761854
-1.0,62,80,0.0267379999999946,207.9494474,207.9761854
-1.0,70,78,0.04278080000000273,207.9387522,207.981533
-1.0,62,56,0.02673800000002302,208.1098754,208.13661340000002
-1.0,66,103,0.05080220000000679,208.0991802,208.1499824
-1.0,35,77,0.06951879999999733,208.101854,208.1713728
-1.0,64,56,0.0267379999999946,208.27030340000002,208.2970414
-1.0,66,104,0.046791499999997654,208.2596082,208.3063997
-1.0,62,55,0.03743320000000949,208.4200362,208.4574694
-1.0,62,56,0.0267379999999946,208.4307314,208.4574694
-1.0,63,77,0.04946529999999427,208.4200362,208.46950149999998
-1.0,66,49,0.033422500000014566,208.5804642,208.61388670000002
-1.0,62,56,0.0267379999999946,208.5911594,208.6178974
-1.0,62,127,0.03743320000000949,208.7408922,208.7783254
-1.0,62,80,0.0267379999999946,208.7515874,208.7783254
-1.0,70,70,0.04278080000000273,208.7408922,208.783673
-1.0,61,52,0.08021400000001222,208.7141542,208.7943682
-1.0,62,55,0.008021399999989853,208.90132020000001,208.9093416
-1.0,64,56,0.0267379999999946,208.9120154,208.9387534
-1.0,70,73,0.04278080000000273,208.90132020000001,208.94410100000002
-1.0,35,77,0.1042782000000102,208.8986464,209.0029246
-1.0,64,56,0.0267379999999946,209.0724434,209.0991814
-1.0,63,81,0.0713013333333284,209.0617482,209.13304953333335
-1.0,62,80,0.02673800000002302,209.2328714,209.25960940000002
-1.0,66,79,0.046791499999997654,209.2221762,209.26896770000002
-1.0,62,56,0.0267379999999946,209.39329940000002,209.4200374
-1.0,67,103,0.0521391000000051,209.3826042,209.4347433
-1.0,35,77,0.09358299999999531,209.3799304,209.4735134
-1.0,64,127,0.03743320000000949,209.5430322,209.5804654
-1.0,64,56,0.0267379999999946,209.5537274,209.5804654
-1.0,70,77,0.04278080000000273,209.5430322,209.585813
-1.0,62,55,0.03743320000000949,209.7034602,209.7408934
-1.0,62,56,0.0267379999999946,209.7141554,209.7408934
-1.0,63,76,0.046791499999997654,209.7034602,209.75025169999998
-1.0,62,55,0.03743320000000949,209.8638882,209.9013214
-1.0,62,56,0.0267379999999946,209.8745834,209.9013214
-1.0,70,73,0.04278080000000273,209.8638882,209.906669
-1.0,62,127,0.03743319999998107,210.02431620000002,210.0617494
-1.0,62,80,0.0267379999999946,210.0350114,210.0617494
-1.0,70,78,0.042780799999974306,210.02431620000002,210.067097
-1.0,61,54,0.0802139999999838,210.00025200000002,210.080466
-1.0,64,127,0.03743319999998107,210.1847442,210.2221774
-1.0,64,56,0.0267379999999946,210.1954394,210.2221774
-1.0,70,82,0.04278080000000273,210.1847442,210.227525
-1.0,35,77,0.11764719999999329,210.18207040000001,210.2997176
-1.0,64,127,0.03743320000000949,210.3451722,210.38260540000002
-1.0,64,56,0.02673800000002302,210.3558674,210.38260540000002
-1.0,63,78,0.04411770000000104,210.3451722,210.3892899
-1.0,62,88,0.03743320000000949,210.5056002,210.5430334
-1.0,62,80,0.02673800000002302,210.5162954,210.5430334
-1.0,70,78,0.04278080000000273,210.5056002,210.548381
-1.0,62,56,0.0267379999999946,210.67672340000001,210.7034614
-1.0,66,103,0.05080220000000679,210.6660282,210.7168304
-1.0,35,77,0.06951879999999733,210.668702,210.7382208
-1.0,64,56,0.0267379999999946,210.8371514,210.8638894
-1.0,66,104,0.046791500000011865,210.8264562,210.8732477
-1.0,62,55,0.03743320000000949,210.9868842,211.0243174
-1.0,62,56,0.0267379999999946,210.9975794,211.0243174
-1.0,63,77,0.049465300000022694,210.9868842,211.03634950000003
-1.0,66,49,0.033422499999986144,211.14731220000002,211.18073470000002
-1.0,62,56,0.0267379999999946,211.1580074,211.1847454
-1.0,62,127,0.03743319999998107,211.3077402,211.3451734
-1.0,62,80,0.0267379999999946,211.3184354,211.3451734
-1.0,70,70,0.04278080000000273,211.3077402,211.35052100000001
-1.0,61,52,0.0802139999999838,211.28100220000002,211.3612162
-1.0,62,55,0.008021399999989853,211.4681682,211.4761896
-1.0,64,56,0.02673800000002302,211.4788634,211.50560140000002
-1.0,70,73,0.04278080000000273,211.4681682,211.510949
-1.0,35,77,0.10427819999998178,211.4654944,211.5697726
-1.0,64,56,0.02673800000002302,211.6392914,211.6660294
-1.0,63,81,0.0713013333333284,211.62859620000003,211.69989753333337
-1.0,62,80,0.0267379999999946,211.79971940000001,211.8264574
-1.0,66,79,0.046791499999997654,211.7890242,211.8358157
-1.0,62,56,0.0267379999999946,211.9601474,211.9868854
-1.0,67,103,0.0521391000000051,211.9494522,212.0015913
-1.0,35,77,0.09358299999999531,211.9467784,212.0403614
-1.0,64,127,0.03743320000000949,212.1098802,212.1473134
-1.0,64,56,0.0267379999999946,212.1205754,212.1473134
-1.0,70,77,0.04278080000000273,212.1098802,212.152661
-1.0,62,55,0.03743319999998107,212.27030820000002,212.3077414
-1.0,62,56,0.0267379999999946,212.2810034,212.3077414
-1.0,63,76,0.046791499999997654,212.27030820000002,212.31709970000003
-1.0,62,55,0.03743319999998107,212.4307362,212.4681694
-1.0,62,56,0.0267379999999946,212.4414314,212.4681694
-1.0,70,73,0.04278080000000273,212.4307362,212.47351700000002
-1.0,62,127,0.03743319999998107,212.5911642,212.6285974
-1.0,62,80,0.0267379999999946,212.6018594,212.6285974
-1.0,70,78,0.04278080000000273,212.5911642,212.633945
-1.0,61,54,0.0802139999999838,212.5671,212.647314
-1.0,64,127,0.03743320000000949,212.7515922,212.7890254
-1.0,64,56,0.02673800000002302,212.7622874,212.7890254
-1.0,70,82,0.04278080000000273,212.7515922,212.794373
-1.0,35,77,0.11764719999999329,212.7489184,212.8665656
-1.0,64,127,0.03743320000000949,212.9120202,212.9494534
-1.0,64,56,0.0267379999999946,212.92271540000002,212.9494534
-1.0,63,78,0.04411770000000104,212.9120202,212.9561379
-1.0,62,88,0.03743320000000949,213.0724482,213.1098814
-1.0,62,80,0.0267379999999946,213.0831434,213.1098814
-1.0,70,78,0.04278080000000273,213.0724482,213.115229
-1.0,62,56,0.0267379999999946,213.2435714,213.2703094
-1.0,66,103,0.05080220000000679,213.2328762,213.28367839999999
-1.0,35,77,0.06951879999999733,213.23555000000002,213.30506880000002
-1.0,64,56,0.0267379999999946,213.4039994,213.4307374
-1.0,66,104,0.046791499999983444,213.39330420000002,213.4400957
-1.0,62,55,0.03743319999998107,213.5537322,213.5911654
-1.0,62,56,0.0267379999999946,213.5644274,213.5911654
-1.0,63,77,0.04946529999999427,213.5537322,213.60319750000002
-1.0,66,49,0.033422499999986144,213.7141602,213.7475827
-1.0,62,56,0.0267379999999946,213.7248554,213.7515934
-1.0,62,127,0.03743320000000949,213.8745882,213.91202140000001
-1.0,62,80,0.02673800000002302,213.8852834,213.91202140000001
-1.0,70,70,0.04278080000000273,213.8745882,213.917369
-1.0,61,52,0.0802139999999838,213.8478502,213.9280642
-1.0,62,55,0.008021399999989853,214.0350162,214.0430376
-1.0,64,56,0.0267379999999946,214.04571140000002,214.0724494
-1.0,70,73,0.04278080000000273,214.0350162,214.077797
-1.0,35,77,0.1042782000000102,214.0323424,214.13662060000001
-1.0,64,56,0.0267379999999946,214.2061394,214.2328774
-1.0,63,81,0.07130133333333788,214.1954442,214.26674553333334
-1.0,62,80,0.0267379999999946,214.3665674,214.3933054
-1.0,66,79,0.046791500000011865,214.3558722,214.4026637
-1.0,62,56,0.0267379999999946,214.5269954,214.5537334
-1.0,67,103,0.05213909999999089,214.51630020000002,214.56843930000002
-1.0,35,77,0.09358300000002373,214.5136264,214.60720940000002
-1.0,64,127,0.03743319999998107,214.6767282,214.7141614
-1.0,64,56,0.0267379999999946,214.6874234,214.7141614
-1.0,70,77,0.04278080000000273,214.6767282,214.71950900000002
-1.0,62,55,0.03743319999998107,214.8371562,214.8745894
-1.0,62,56,0.0267379999999946,214.8478514,214.8745894
-1.0,63,76,0.046791499999997654,214.8371562,214.88394770000002
-1.0,62,55,0.03743320000000949,214.9975842,215.03501740000002
-1.0,62,56,0.02673800000002302,215.0082794,215.03501740000002
-1.0,70,73,0.04278080000000273,214.9975842,215.040365
-1.0,62,127,0.03743320000000949,215.1580122,215.1954454
-1.0,62,80,0.0267379999999946,215.16870740000002,215.1954454
-1.0,70,78,0.04278080000000273,215.1580122,215.200793
-1.0,61,54,0.08021400000001222,215.133948,215.21416200000002
-1.0,64,127,0.03743320000000949,215.3184402,215.3558734
-1.0,64,56,0.0267379999999946,215.3291354,215.3558734
-1.0,70,82,0.04278080000000273,215.3184402,215.361221
-1.0,35,77,0.11764719999999329,215.3157664,215.4334136
-1.0,64,127,0.03743320000000949,215.4788682,215.5163014
-1.0,64,56,0.0267379999999946,215.4895634,215.5163014
-1.0,63,78,0.04411770000000104,215.4788682,215.52298589999998
-1.0,62,88,0.03743320000000949,215.6392962,215.6767294
-1.0,62,80,0.0267379999999946,215.6499914,215.6767294
-1.0,70,78,0.04278080000000273,215.6392962,215.682077
-1.0,62,56,0.0267379999999946,215.8104194,215.8371574
-1.0,66,103,0.05080219999999258,215.7997242,215.8505264
-1.0,35,77,0.06951879999999733,215.802398,215.8719168
-1.0,64,56,0.0267379999999946,215.9708474,215.9975854
-1.0,66,104,0.046791499999997654,215.9601522,216.00694370000002
-1.0,62,55,0.03743320000000949,216.1205802,216.15801340000002
-1.0,62,56,0.02673800000002302,216.1312754,216.15801340000002
-1.0,63,77,0.04946529999999427,216.1205802,216.17004550000001
-1.0,66,49,0.033422500000000355,216.2810082,216.3144307
-1.0,62,56,0.0267379999999946,216.29170340000002,216.3184414
-1.0,62,127,0.03743320000000949,216.4414362,216.4788694
-1.0,62,80,0.0267379999999946,216.4521314,216.4788694
-1.0,70,70,0.04278080000000273,216.4414362,216.484217
-1.0,61,52,0.08021400000001222,216.4146982,216.49491220000002
-1.0,62,55,0.008021400000018275,216.6018642,216.6098856
-1.0,64,56,0.0267379999999946,216.6125594,216.6392974
-1.0,70,73,0.04278080000000273,216.6018642,216.644645
-1.0,35,77,0.1042782000000102,216.5991904,216.7034686
-1.0,64,56,0.0267379999999946,216.7729874,216.7997254
-1.0,63,81,0.07130133333334736,216.76229219999996,216.8335935333333
-1.0,62,80,0.0267379999999946,216.9334154,216.9601534
-1.0,66,79,0.046791499999997654,216.92272020000001,216.9695117
-1.0,62,56,0.0267379999999946,217.0938434,217.1205814
-1.0,67,103,0.05213909999999089,217.0831482,217.13528730000002
-1.0,35,77,0.09358299999999531,217.0804744,217.1740574
-1.0,64,127,0.03743320000000949,217.2435762,217.28100940000002
-1.0,64,56,0.02673800000002302,217.2542714,217.28100940000002
-1.0,70,77,0.04278080000000273,217.2435762,217.286357
-1.0,62,55,0.03743320000000949,217.4040042,217.4414374
-1.0,62,56,0.0267379999999946,217.41469940000002,217.4414374
-1.0,63,76,0.046791499999997654,217.4040042,217.45079570000001
-1.0,62,55,0.03743320000000949,217.5644322,217.6018654
-1.0,62,56,0.0267379999999946,217.5751274,217.6018654
-1.0,70,73,0.04278080000000273,217.5644322,217.607213
-1.0,62,127,0.03743320000000949,217.7248602,217.7622934
-1.0,62,80,0.0267379999999946,217.7355554,217.7622934
-1.0,70,78,0.04278080000000273,217.7248602,217.767641
-1.0,61,54,0.08021400000001222,217.700796,217.78101
-1.0,64,127,0.03743320000000949,217.8852882,217.9227214
-1.0,64,56,0.0267379999999946,217.8959834,217.9227214
-1.0,70,82,0.04278080000000273,217.8852882,217.928069
-1.0,35,77,0.11764720000002171,217.8826144,218.00026160000002
-1.0,64,127,0.03743319999998107,218.04571620000002,218.0831494
-1.0,64,56,0.0267379999999946,218.0564114,218.0831494
-1.0,63,78,0.04411770000000104,218.04571620000002,218.08983390000003
-1.0,62,88,0.03743319999998107,218.2061442,218.2435774
-1.0,62,80,0.0267379999999946,218.2168394,218.2435774
-1.0,70,78,0.04278080000000273,218.2061442,218.248925
-1.0,62,56,0.02673800000002302,218.3772674,218.40400540000002
-1.0,66,103,0.05080219999999258,218.3665722,218.4173744
-1.0,35,77,0.06951879999999733,218.369246,218.4387648
-1.0,64,56,0.02673800000002302,218.5376954,218.5644334
-1.0,66,104,0.046791499999997654,218.5270002,218.57379170000002
-1.0,62,55,0.03743320000000949,218.6874282,218.7248614
-1.0,62,56,0.0267379999999946,218.69812340000001,218.7248614
-1.0,63,77,0.04946529999999427,218.6874282,218.7368935
-1.0,66,49,0.033422500000014566,218.8478562,218.8812787
-1.0,62,56,0.0267379999999946,218.8585514,218.8852894
-1.0,62,127,0.03743320000000949,219.0082842,219.0457174
-1.0,62,80,0.0267379999999946,219.0189794,219.0457174
-1.0,70,70,0.04278080000000273,219.0082842,219.051065
-1.0,61,52,0.08021400000001222,218.9815462,219.0617602
-1.0,62,55,0.008021399999989853,219.16871220000002,219.1767336
-1.0,64,56,0.0267379999999946,219.1794074,219.2061454
-1.0,70,73,0.042780799999974306,219.16871220000002,219.211493
-1.0,35,77,0.1042782000000102,219.1660384,219.2703166
-1.0,64,56,0.0267379999999946,219.3398354,219.3665734
-1.0,63,81,0.0713013333333284,219.3291402,219.40044153333335
-1.0,62,80,0.02673800000002302,219.5002634,219.52700140000002
-1.0,66,79,0.046791499999997654,219.4895682,219.5363597
-1.0,62,56,0.02673800000002302,219.6606914,219.6874294
-1.0,56,127,0.0521391000000051,219.6499962,219.7021353
-1.0,35,77,0.09358299999999531,219.6473224,219.7409054
-1.0,64,127,0.03743320000000949,219.8104242,219.8478574
-1.0,64,56,0.0267379999999946,219.82111940000001,219.8478574
-1.0,70,77,0.04278080000000273,219.8104242,219.853205
-1.0,62,55,0.03743320000000949,219.9708522,220.0082854
-1.0,62,56,0.0267379999999946,219.9815474,220.0082854
-1.0,63,76,0.046791499999997654,219.9708522,220.0176437
-1.0,62,55,0.03743320000000949,220.1312802,220.1687134
-1.0,62,56,0.0267379999999946,220.1419754,220.1687134
-1.0,70,73,0.04278080000000273,220.1312802,220.174061
-1.0,62,127,0.03743319999998107,220.29170820000002,220.3291414
-1.0,62,80,0.0267379999999946,220.3024034,220.3291414
-1.0,70,78,0.042780799999974306,220.29170820000002,220.334489
-1.0,61,54,0.08021400000001222,220.267644,220.347858
-1.0,64,127,0.03743319999998107,220.4521362,220.4895694
-1.0,64,56,0.0267379999999946,220.4628314,220.4895694
-1.0,70,82,0.04278080000000273,220.4521362,220.49491700000002
-1.0,35,77,0.11764719999999329,220.44946240000002,220.5671096
-1.0,64,127,0.03743320000000949,220.6125642,220.64999740000002
-1.0,64,56,0.02673800000002302,220.6232594,220.64999740000002
-1.0,63,78,0.04411770000000104,220.6125642,220.65668190000002
-1.0,62,88,0.03743320000000949,220.7729922,220.8104254
-1.0,62,80,0.02673800000002302,220.7836874,220.8104254
-1.0,70,78,0.04278080000000273,220.7729922,220.815773
-1.0,62,56,0.0267379999999946,220.94411540000002,220.9708534
-1.0,66,103,0.05080220000000679,220.9334202,220.98422240000002
-1.0,35,77,0.06951879999999733,220.936094,221.0056128
-1.0,64,56,0.0267379999999946,221.1045434,221.1312814
-1.0,66,104,0.046791500000011865,221.0938482,221.1406397
-1.0,62,55,0.03743320000000949,221.2542762,221.2917094
-1.0,62,56,0.0267379999999946,221.2649714,221.2917094
-1.0,63,77,0.049465300000022694,221.2542762,221.3037415
-1.0,66,49,0.033422499999986144,221.41470420000002,221.4481267
-1.0,62,56,0.0267379999999946,221.4253994,221.4521374
-1.0,62,127,0.03743319999998107,221.5751322,221.6125654
-1.0,62,80,0.0267379999999946,221.5858274,221.6125654
-1.0,70,70,0.04278080000000273,221.5751322,221.61791300000002
-1.0,61,52,0.08021400000001222,221.5483942,221.6286082
-1.0,62,55,0.008021399999989853,221.7355602,221.7435816
-1.0,64,56,0.0267379999999946,221.7462554,221.7729934
-1.0,70,73,0.04278080000000273,221.7355602,221.778341
-1.0,35,77,0.10427819999998178,221.7328864,221.8371646
-1.0,64,56,0.02673800000002302,221.9066834,221.93342140000001
-1.0,63,81,0.0713013333333284,221.8959882,221.96728953333334
-1.0,62,80,0.0267379999999946,222.06711140000002,222.0938494
-1.0,66,79,0.046791499999997654,222.0564162,222.10320769999998
-1.0,62,56,0.0267379999999946,222.2275394,222.2542774
-1.0,67,103,0.0521391000000051,222.2168442,222.2689833
-1.0,35,77,0.09358299999999531,222.2141704,222.3077534
-1.0,64,127,0.03743320000000949,222.3772722,222.4147054
-1.0,64,56,0.0267379999999946,222.3879674,222.4147054
-1.0,70,77,0.04278080000000273,222.3772722,222.420053
-1.0,62,55,0.03743319999998107,222.53770020000002,222.5751334
-1.0,62,56,0.0267379999999946,222.5483954,222.5751334
-1.0,63,76,0.046791499999997654,222.53770020000002,222.5844917
-1.0,62,55,0.03743319999998107,222.6981282,222.7355614
-1.0,62,56,0.0267379999999946,222.7088234,222.7355614
-1.0,70,73,0.04278080000000273,222.6981282,222.74090900000002
-1.0,62,127,0.03743319999998107,222.8585562,222.8959894
-1.0,62,80,0.0267379999999946,222.8692514,222.8959894
-1.0,70,78,0.04278080000000273,222.8585562,222.901337
-1.0,61,54,0.0802139999999838,222.834492,222.914706
-1.0,64,127,0.03743320000000949,223.0189842,223.05641740000002
-1.0,64,56,0.02673800000002302,223.0296794,223.05641740000002
-1.0,70,82,0.04278080000000273,223.0189842,223.061765
-1.0,35,77,0.11764719999999329,223.0163104,223.1339576
-1.0,64,127,0.03743320000000949,223.1794122,223.2168454
-1.0,64,56,0.0267379999999946,223.19010740000002,223.2168454
-1.0,63,78,0.04411770000000104,223.1794122,223.22352990000002
-1.0,62,88,0.03743320000000949,223.3398402,223.3772734
-1.0,62,80,0.0267379999999946,223.3505354,223.3772734
-1.0,70,78,0.04278080000000273,223.3398402,223.382621
-1.0,62,56,0.0267379999999946,223.5109634,223.5377014
-1.0,66,103,0.05080220000000679,223.5002682,223.55107040000001
-1.0,35,77,0.06951880000002575,223.502942,223.57246080000002
-1.0,64,56,0.0267379999999946,223.6713914,223.6981294
-1.0,66,104,0.046791499999983444,223.66069620000002,223.7074877
-1.0,62,55,0.03743319999998107,223.8211242,223.8585574
-1.0,62,56,0.0267379999999946,223.8318194,223.8585574
-1.0,63,77,0.04946529999999427,223.8211242,223.8705895
-1.0,66,49,0.033422499999986144,223.9815522,224.01497469999998
-1.0,62,56,0.0267379999999946,223.9922474,224.0189854
-1.0,62,127,0.03743320000000949,224.1419802,224.17941340000002
-1.0,62,80,0.02673800000002302,224.1526754,224.17941340000002
-1.0,70,70,0.04278080000000273,224.1419802,224.184761
-1.0,61,52,0.0802139999999838,224.1152422,224.1954562
-1.0,62,55,0.008021399999989853,224.3024082,224.3104296
-1.0,64,56,0.0267379999999946,224.31310340000002,224.3398414
-1.0,70,73,0.04278080000000273,224.3024082,224.345189
-1.0,35,77,0.1042782000000102,224.2997344,224.40401260000002
-1.0,64,56,0.0267379999999946,224.4735314,224.5002694
-1.0,63,81,0.07130133333333788,224.4628362,224.53413753333334
-1.0,62,80,0.0267379999999946,224.6339594,224.6606974
-1.0,66,79,0.046791500000011865,224.6232642,224.6700557
-1.0,62,56,0.0267379999999946,224.7943874,224.8211254
-1.0,67,103,0.05213910000001931,224.7836922,224.8358313
-1.0,35,77,0.09358300000002373,224.7810184,224.87460140000002
-1.0,64,127,0.03743319999998107,224.94412020000001,224.9815534
-1.0,64,56,0.0267379999999946,224.9548154,224.9815534
-1.0,70,77,0.04278080000000273,224.94412020000001,224.98690100000002
-1.0,62,55,0.03743319999998107,225.1045482,225.1419814
-1.0,62,56,0.0267379999999946,225.1152434,225.1419814
-1.0,63,76,0.046791499999997654,225.1045482,225.1513397
-1.0,62,55,0.03743320000000949,225.2649762,225.30240940000002
-1.0,62,56,0.02673800000002302,225.2756714,225.30240940000002
-1.0,70,73,0.04278080000000273,225.2649762,225.307757
-1.0,62,127,0.03743320000000949,225.4254042,225.4628374
-1.0,62,80,0.0267379999999946,225.43609940000002,225.4628374
-1.0,70,78,0.04278080000000273,225.4254042,225.468185
-1.0,61,54,0.08021400000001222,225.40134,225.48155400000002
-1.0,64,127,0.03743320000000949,225.5858322,225.6232654
-1.0,64,56,0.0267379999999946,225.5965274,225.6232654
-1.0,70,82,0.04278080000000273,225.5858322,225.628613
-1.0,35,77,0.11764719999999329,225.5831584,225.7008056
-1.0,64,127,0.03743320000000949,225.7462602,225.7836934
-1.0,64,56,0.0267379999999946,225.7569554,225.7836934
-1.0,63,78,0.04411770000000104,225.7462602,225.7903779
-1.0,62,88,0.03743320000000949,225.9066882,225.9441214
-1.0,62,80,0.0267379999999946,225.9173834,225.9441214
-1.0,70,78,0.04278080000000273,225.9066882,225.949469
-1.0,62,56,0.0267379999999946,226.0778114,226.1045494
-1.0,66,103,0.05080219999999258,226.06711620000002,226.1179184
-1.0,35,77,0.06951879999999733,226.06979,226.1393088
-1.0,64,56,0.0267379999999946,226.2382394,226.2649774
-1.0,66,104,0.046791499999997654,226.2275442,226.2743357
-1.0,62,55,0.03743320000000949,226.3879722,226.42540540000002
-1.0,62,56,0.02673800000002302,226.3986674,226.42540540000002
-1.0,63,77,0.04946529999999427,226.3879722,226.4374375
-1.0,66,49,0.033422500000000355,226.5484002,226.5818227
-1.0,62,56,0.0267379999999946,226.55909540000002,226.5858334
-1.0,62,127,0.03743320000000949,226.7088282,226.7462614
-1.0,62,80,0.0267379999999946,226.7195234,226.7462614
-1.0,70,70,0.04278080000000273,226.7088282,226.751609
-1.0,61,52,0.08021400000001222,226.6820902,226.76230420000002
-1.0,62,55,0.008021400000018275,226.8692562,226.8772776
-1.0,64,56,0.0267379999999946,226.8799514,226.9066894
-1.0,70,73,0.04278080000000273,226.8692562,226.912037
-1.0,35,77,0.1042782000000102,226.8665824,226.9708606
-1.0,64,56,0.0267379999999946,227.0403794,227.0671174
-1.0,63,81,0.07130133333334736,227.0296842,227.10098553333333
-1.0,62,80,0.0267379999999946,227.2008074,227.2275454
-1.0,66,79,0.046791499999983444,227.19011220000002,227.2369037
-1.0,62,56,0.0267379999999946,227.3612354,227.3879734
-1.0,67,103,0.05213909999999089,227.3505402,227.4026793
-1.0,35,77,0.09358299999999531,227.34786640000002,227.4414494
-1.0,64,127,0.03743320000000949,227.5109682,227.54840140000002
-1.0,64,56,0.02673800000002302,227.5216634,227.54840140000002
-1.0,70,77,0.04278080000000273,227.5109682,227.553749
-1.0,62,55,0.03743320000000949,227.6713962,227.7088294
-1.0,62,56,0.02673800000002302,227.6820914,227.7088294
-1.0,63,76,0.046791499999997654,227.6713962,227.7181877
-1.0,62,55,0.03743320000000949,227.8318242,227.8692574
-1.0,62,56,0.0267379999999946,227.84251940000001,227.8692574
-1.0,70,73,0.04278080000000273,227.8318242,227.874605
-1.0,62,127,0.03743320000000949,227.9922522,228.0296854
-1.0,62,80,0.0267379999999946,228.0029474,228.0296854
-1.0,70,78,0.04278080000000273,227.9922522,228.035033
-1.0,61,54,0.08021400000001222,227.968188,228.048402
-1.0,64,127,0.03743320000000949,228.1526802,228.1901134
-1.0,64,56,0.0267379999999946,228.1633754,228.1901134
-1.0,70,82,0.04278080000000273,228.1526802,228.195461
-1.0,35,77,0.11764720000002171,228.1500064,228.26765360000002
-1.0,64,127,0.03743319999998107,228.31310820000002,228.3505414
-1.0,64,56,0.0267379999999946,228.3238034,228.3505414
-1.0,63,78,0.044117699999986826,228.31310820000002,228.3572259
-1.0,62,88,0.03743319999998107,228.4735362,228.5109694
-1.0,62,80,0.0267379999999946,228.4842314,228.5109694
-1.0,70,78,0.04278080000000273,228.4735362,228.51631700000002
-1.0,62,56,0.02673800000002302,228.6446594,228.67139740000002
-1.0,66,103,0.05080219999999258,228.6339642,228.6847664
-1.0,35,77,0.06951879999999733,228.636638,228.7061568
-1.0,64,56,0.02673800000002302,228.8050874,228.8318254
-1.0,66,104,0.046791499999997654,228.7943922,228.8411837
-1.0,62,55,0.03743320000000949,228.9548202,228.9922534
-1.0,62,56,0.0267379999999946,228.96551540000002,228.9922534
-1.0,63,77,0.04946529999999427,228.9548202,229.00428549999998
-1.0,66,49,0.033422500000014566,229.1152482,229.14867070000003
-1.0,62,56,0.0267379999999946,229.1259434,229.1526814
-1.0,62,127,0.03743320000000949,229.2756762,229.3131094
-1.0,62,80,0.0267379999999946,229.2863714,229.3131094
-1.0,70,70,0.04278080000000273,229.2756762,229.318457
-1.0,61,52,0.08021400000001222,229.2489382,229.3291522
-1.0,62,55,0.008021399999989853,229.43610420000002,229.4441256
-1.0,64,56,0.0267379999999946,229.4467994,229.4735374
-1.0,70,73,0.042780799999974306,229.43610420000002,229.478885
-1.0,35,77,0.1042782000000102,229.4334304,229.5377086
-1.0,64,56,0.0267379999999946,229.6072274,229.6339654
-1.0,63,81,0.0713013333333284,229.59653220000004,229.66783353333338
-1.0,62,80,0.02673800000002302,229.7676554,229.79439340000002
-1.0,66,79,0.046791499999997654,229.7569602,229.80375170000002
-1.0,62,56,0.02673800000002302,229.9280834,229.95482140000001
-1.0,56,127,0.05213909999999089,229.9173882,229.96952729999998
-1.0,35,77,0.09358299999999531,229.9147144,230.0082974
-1.0,64,127,0.03743320000000949,230.0778162,230.1152494
-1.0,64,56,0.0267379999999946,230.08851140000002,230.1152494
-1.0,70,77,0.04278080000000273,230.0778162,230.120597
-1.0,62,55,0.03743320000000949,230.2382442,230.2756774
-1.0,62,56,0.0267379999999946,230.2489394,230.2756774
-1.0,63,76,0.046791499999997654,230.2382442,230.28503569999998
-1.0,62,55,0.03743320000000949,230.3986722,230.4361054
-1.0,62,56,0.0267379999999946,230.4093674,230.4361054
-1.0,70,73,0.04278080000000273,230.3986722,230.441453
-1.0,62,127,0.03743319999998107,230.55910020000002,230.5965334
-1.0,62,80,0.0267379999999946,230.5697954,230.5965334
-1.0,70,78,0.042780799999974306,230.55910020000002,230.601881
-1.0,61,54,0.08021400000001222,230.535036,230.61525
-1.0,64,127,0.03743319999998107,230.7195282,230.7569614
-1.0,64,56,0.0267379999999946,230.7302234,230.7569614
-1.0,70,82,0.04278080000000273,230.7195282,230.76230900000002
-1.0,35,77,0.11764719999999329,230.71685440000002,230.8345016
-1.0,64,127,0.03743319999998107,230.8799562,230.9173894
-1.0,64,56,0.0267379999999946,230.8906514,230.9173894
-1.0,63,78,0.04411770000000104,230.8799562,230.9240739
-1.0,62,88,0.03743320000000949,231.0403842,231.07781740000001
-1.0,62,80,0.02673800000002302,231.0510794,231.07781740000001
-1.0,70,78,0.04278080000000273,231.0403842,231.083165
-1.0,62,56,0.0267379999999946,231.21150740000002,231.2382454
-1.0,66,103,0.05080220000000679,231.2008122,231.2516144
-1.0,35,77,0.06951879999999733,231.203486,231.2730048
-1.0,64,56,0.0267379999999946,231.3719354,231.3986734
-1.0,66,104,0.046791499999997654,231.3612402,231.40803169999998
-1.0,62,55,0.03743320000000949,231.5216682,231.5591014
-1.0,62,56,0.0267379999999946,231.5323634,231.5591014
-1.0,63,77,0.049465300000022694,231.5216682,231.57113350000003
-1.0,66,49,0.033422499999986144,231.68209620000002,231.71551870000002
-1.0,62,56,0.0267379999999946,231.6927914,231.7195294
-1.0,62,127,0.03743319999998107,231.8425242,231.8799574
-1.0,62,80,0.0267379999999946,231.8532194,231.8799574
-1.0,70,70,0.04278080000000273,231.8425242,231.88530500000002
-1.0,61,52,0.08021400000001222,231.8157862,231.8960002
-1.0,62,55,0.008021399999989853,232.0029522,232.0109736
-1.0,64,56,0.0267379999999946,232.0136474,232.0403854
-1.0,70,73,0.04278080000000273,232.0029522,232.045733
-1.0,35,77,0.10427819999998178,232.0002784,232.1045566
-1.0,64,56,0.02673800000002302,232.1740754,232.20081340000002
-1.0,63,81,0.0713013333333284,232.1633802,232.23468153333334
-1.0,62,80,0.0267379999999946,232.33450340000002,232.3612414
-1.0,66,79,0.046791499999997654,232.3238082,232.3705997
-1.0,62,56,0.0267379999999946,232.4949314,232.5216694
-1.0,67,103,0.0521391000000051,232.4842362,232.5363753
-1.0,35,77,0.09358299999999531,232.4815624,232.5751454
-1.0,64,127,0.03743320000000949,232.6446642,232.6820974
-1.0,64,56,0.0267379999999946,232.6553594,232.6820974
-1.0,70,77,0.04278080000000273,232.6446642,232.687445
-1.0,62,55,0.03743320000000949,232.8050922,232.8425254
-1.0,62,56,0.0267379999999946,232.8157874,232.8425254
-1.0,63,76,0.046791500000026076,232.8050922,232.85188370000003
-1.0,62,55,0.03743319999998107,232.96552020000001,233.0029534
-1.0,62,56,0.0267379999999946,232.9762154,233.0029534
-1.0,70,73,0.04278080000000273,232.96552020000001,233.00830100000002
-1.0,62,127,0.03743319999998107,233.1259482,233.1633814
-1.0,62,80,0.0267379999999946,233.1366434,233.1633814
-1.0,70,78,0.04278080000000273,233.1259482,233.168729
-1.0,61,54,0.0802139999999838,233.101884,233.182098
-1.0,64,127,0.03743320000000949,233.2863762,233.32380940000002
-1.0,64,56,0.02673800000002302,233.2970714,233.32380940000002
-1.0,70,82,0.04278080000000273,233.2863762,233.329157
-1.0,35,77,0.11764719999999329,233.2837024,233.4013496
-1.0,64,127,0.03743320000000949,233.4468042,233.4842374
-1.0,64,56,0.0267379999999946,233.45749940000002,233.4842374
-1.0,63,78,0.04411770000000104,233.4468042,233.4909219
-1.0,62,88,0.03743320000000949,233.6072322,233.6446654
-1.0,62,80,0.0267379999999946,233.6179274,233.6446654
-1.0,70,78,0.04278080000000273,233.6072322,233.650013
-1.0,62,56,0.0267379999999946,233.7783554,233.8050934
-1.0,66,103,0.05080220000000679,233.7676602,233.8184624
-1.0,35,77,0.06951880000002575,233.770334,233.83985280000002
-1.0,64,56,0.0267379999999946,233.9387834,233.9655214
-1.0,66,104,0.046791500000011865,233.9280882,233.9748797
-1.0,62,55,0.03743319999998107,234.08851620000002,234.1259494
-1.0,62,56,0.0267379999999946,234.0992114,234.1259494
-1.0,63,77,0.04946529999999427,234.08851620000002,234.13798150000002
-1.0,66,49,0.033422499999986144,234.2489442,234.2823667
-1.0,62,56,0.0267379999999946,234.2596394,234.2863774
-1.0,62,127,0.03743320000000949,234.4093722,234.44680540000002
-1.0,62,80,0.02673800000002302,234.4200674,234.44680540000002
-1.0,70,70,0.04278080000000273,234.4093722,234.452153
-1.0,61,52,0.0802139999999838,234.3826342,234.4628482
-1.0,62,55,0.008021399999989853,234.5698002,234.5778216
-1.0,64,56,0.0267379999999946,234.58049540000002,234.6072334
-1.0,70,73,0.04278080000000273,234.5698002,234.612581
-1.0,35,77,0.1042782000000102,234.5671264,234.67140460000002
-1.0,64,56,0.0267379999999946,234.7409234,234.7676614
-1.0,63,81,0.07130133333333788,234.73022819999997,234.8015295333333
-1.0,62,80,0.0267379999999946,234.9013514,234.9280894
-1.0,66,79,0.046791500000011865,234.8906562,234.9374477
-1.0,62,56,0.0267379999999946,235.0617794,235.0885174
-1.0,67,103,0.05213910000001931,235.0510842,235.10322330000002
-1.0,35,77,0.09358300000002373,235.0484104,235.14199340000002
-1.0,64,127,0.03743319999998107,235.21151220000002,235.2489454
-1.0,64,56,0.0267379999999946,235.2222074,235.2489454
-1.0,70,77,0.04278080000000273,235.21151220000002,235.25429300000002
-1.0,62,55,0.03743319999998107,235.3719402,235.4093734
-1.0,62,56,0.0267379999999946,235.3826354,235.4093734
-1.0,63,76,0.046791499999997654,235.3719402,235.41873170000002
-1.0,62,55,0.03743320000000949,235.5323682,235.56980140000002
-1.0,62,56,0.02673800000002302,235.5430634,235.56980140000002
-1.0,70,73,0.04278080000000273,235.5323682,235.575149
-1.0,62,127,0.03743320000000949,235.6927962,235.7302294
-1.0,62,80,0.02673800000002302,235.7034914,235.7302294
-1.0,70,78,0.04278080000000273,235.6927962,235.735577
-1.0,61,54,0.08021400000001222,235.668732,235.74894600000002
-1.0,64,127,0.03743320000000949,235.8532242,235.8906574
-1.0,64,56,0.0267379999999946,235.86391940000001,235.8906574
-1.0,70,82,0.04278080000000273,235.8532242,235.896005
-1.0,35,77,0.11764719999999329,235.8505504,235.9681976
-1.0,64,127,0.03743320000000949,236.0136522,236.0510854
-1.0,64,56,0.0267379999999946,236.0243474,236.0510854
-1.0,63,78,0.04411770000000104,236.0136522,236.05776989999998
-1.0,62,88,0.03743320000000949,236.1740802,236.2115134
-1.0,62,80,0.0267379999999946,236.1847754,236.2115134
-1.0,70,78,0.04278080000000273,236.1740802,236.216861
-1.0,62,56,0.0267379999999946,236.3452034,236.3719414
-1.0,66,103,0.05080219999997837,236.33450820000002,236.38531039999998
-1.0,35,77,0.06951879999999733,236.337182,236.4067008
-1.0,64,56,0.0267379999999946,236.5056314,236.5323694
-1.0,66,104,0.046791499999997654,236.4949362,236.54172770000002
-1.0,62,55,0.03743320000000949,236.6553642,236.69279740000002
-1.0,62,56,0.02673800000002302,236.6660594,236.69279740000002
-1.0,63,77,0.04946529999999427,236.6553642,236.70482950000002
-1.0,66,49,0.033422500000000355,236.8157922,236.8492147
-1.0,62,56,0.02673800000002302,236.8264874,236.8532254
-1.0,62,127,0.03743320000000949,236.9762202,237.0136534
-1.0,62,80,0.0267379999999946,236.98691540000002,237.0136534
-1.0,70,70,0.04278080000000273,236.9762202,237.019001
-1.0,61,52,0.08021400000001222,236.9494822,237.02969620000002
-1.0,62,55,0.008021400000018275,237.1366482,237.14466960000001
-1.0,64,56,0.0267379999999946,237.1473434,237.1740814
-1.0,70,73,0.04278080000000273,237.1366482,237.179429
-1.0,35,77,0.1042782000000102,237.1339744,237.2382526
-1.0,64,56,0.0267379999999946,237.3077714,237.3345094
-1.0,63,81,0.07130133333334736,237.2970762,237.36837753333333
-1.0,62,80,0.0267379999999946,237.4681994,237.4949374
-1.0,66,79,0.046791499999983444,237.45750420000002,237.5042957
-1.0,62,56,0.0267379999999946,237.6286274,237.6553654
-1.0,67,103,0.05213909999999089,237.6179322,237.67007130000002
-1.0,35,77,0.09358299999999531,237.61525840000002,237.7088414
-1.0,64,127,0.03743320000000949,237.7783602,237.81579340000002
-1.0,64,56,0.02673800000002302,237.7890554,237.81579340000002
-1.0,70,77,0.04278080000000273,237.7783602,237.821141
-1.0,62,55,0.03743320000000949,237.9387882,237.97622140000001
-1.0,62,56,0.02673800000002302,237.9494834,237.97622140000001
-1.0,63,94,0.06238866666666354,237.9387882,238.00117686666667
-1.0,66,49,0.033422500000000355,238.0992162,238.1326387
-1.0,62,56,0.0267379999999946,238.10991140000002,238.1366494
-1.0,65,127,0.10962580000000344,238.0992162,238.208842
-1.0,62,127,0.03743320000000949,238.2596442,238.2970774
-1.0,62,80,0.0267379999999946,238.2703394,238.2970774
-1.0,70,70,0.04278080000000273,238.2596442,238.302425
-1.0,61,52,0.08021400000001222,238.2329062,238.31312020000001
-1.0,65,127,0.15240660000000616,238.2596442,238.4120508
-1.0,62,55,0.008021400000018275,238.4200722,238.4280936
-1.0,64,56,0.0267379999999946,238.4307674,238.4575054
-1.0,70,73,0.04278080000000273,238.4200722,238.462853
-1.0,35,77,0.1042782000000102,238.4173984,238.5216766
-1.0,64,56,0.0267379999999946,238.5911954,238.6179334
-1.0,63,92,0.0935829999999882,238.58050020000002,238.6740832
-1.0,62,80,0.0267379999999946,238.7516234,238.7783614
-1.0,66,79,0.046791499999997654,238.7409282,238.78771970000003
-1.0,62,56,0.0267379999999946,238.9120514,238.9387894
-1.0,56,127,0.05213909999999089,238.9013562,238.9534953
-1.0,35,77,0.09358299999999531,238.8986824,238.9922654
-1.0,64,127,0.03743320000000949,239.0617842,239.09921740000001
-1.0,64,56,0.02673800000002302,239.0724794,239.09921740000001
-1.0,70,77,0.04278080000000273,239.0617842,239.104565
-1.0,62,55,0.03743320000000949,239.2222122,239.2596454
-1.0,62,56,0.0267379999999946,239.23290740000002,239.2596454
-1.0,63,93,0.0713013333333284,239.22221219999997,239.2935135333333
-1.0,62,55,0.03743320000000949,239.3826402,239.4200734
-1.0,62,56,0.0267379999999946,239.3933354,239.4200734
-1.0,70,73,0.04278080000000273,239.3826402,239.425421
-1.0,62,127,0.03743320000000949,239.5430682,239.5805014
-1.0,62,80,0.0267379999999946,239.5537634,239.5805014
-1.0,70,78,0.04278080000000273,239.5430682,239.585849
-1.0,61,54,0.08021400000001222,239.519004,239.599218
-1.0,65,127,0.08288780000000884,239.5430682,239.625956
-1.0,64,127,0.03743319999998107,239.70349620000002,239.7409294
-1.0,64,56,0.0267379999999946,239.7141914,239.7409294
-1.0,70,82,0.042780799999974306,239.70349620000002,239.746277
-1.0,35,77,0.11764720000002171,239.7008224,239.81846960000001
-1.0,65,127,0.14171139999999127,239.70349620000002,239.8452076
-1.0,64,127,0.03743319999998107,239.8639242,239.9013574
-1.0,64,56,0.0267379999999946,239.8746194,239.9013574
-1.0,63,78,0.04411770000000104,239.8639242,239.9080419
-1.0,62,88,0.03743319999998107,240.0243522,240.0617854
-1.0,62,80,0.0267379999999946,240.0350474,240.0617854
-1.0,70,78,0.04278080000000273,240.0243522,240.067133
-1.0,65,111,0.07486639999999056,240.04306880000001,240.1179352
-1.0,62,56,0.02673800000002302,240.1954754,240.22221340000002
-1.0,66,103,0.05080220000000679,240.1847802,240.2355824
-1.0,35,77,0.06951879999999733,240.187454,240.2569728
-1.0,65,117,0.09893060000001697,240.1954754,240.294406
-1.0,64,56,0.0267379999999946,240.35590340000002,240.3826414
-1.0,66,104,0.046791499999997654,240.3452082,240.39199969999999
-1.0,62,55,0.03743320000000949,240.5056362,240.5430694
-1.0,62,56,0.0267379999999946,240.5163314,240.5430694
-1.0,77,59,0.05548135000000087,240.5056362,240.56111755
-1.0,66,49,0.033422500000014566,240.6660642,240.69948670000002
-1.0,62,56,0.0267379999999946,240.6767594,240.7034974
-1.0,62,127,0.03743319999998107,240.82649220000002,240.8639254
-1.0,62,80,0.0267379999999946,240.8371874,240.8639254
-1.0,70,70,0.042780799999974306,240.82649220000002,240.869273
-1.0,61,52,0.08021400000001222,240.7997542,240.8799682
-1.0,92,44,0.07219259999999394,240.82649220000002,240.8986848
-1.0,62,55,0.008021399999989853,240.98692020000001,240.9949416
-1.0,64,56,0.0267379999999946,240.9976154,241.0243534
-1.0,70,73,0.04278080000000273,240.98692020000001,241.02970100000002
-1.0,56,76,0.06684500000000071,240.9735512,241.0403962
-1.0,35,77,0.10427819999998178,240.98424640000002,241.0885246
-1.0,64,56,0.0267379999999946,241.1580434,241.1847814
-1.0,74,66,0.06310167999999408,241.14734820000004,241.21044988000003
-1.0,62,80,0.02673800000002302,241.3184714,241.34520940000002
-1.0,79,61,0.06216584999999242,241.3077762,241.36994205
-1.0,62,56,0.0267379999999946,241.47889940000002,241.5056374
-1.0,67,103,0.0521391000000051,241.4682042,241.5203433
-1.0,35,77,0.09358299999999531,241.4655304,241.5591134
-1.0,64,127,0.03743320000000949,241.6286322,241.6660654
-1.0,64,56,0.0267379999999946,241.6393274,241.6660654
-1.0,70,77,0.04278080000000273,241.6286322,241.671413
-1.0,56,55,0.061497400000007474,241.631306,241.6928034
-1.0,92,44,0.07219259999999394,241.6286322,241.7008248
-1.0,62,55,0.03743320000000949,241.7890602,241.8264934
-1.0,62,56,0.0267379999999946,241.7997554,241.8264934
-1.0,63,76,0.046791499999997654,241.7890602,241.83585169999998
-1.0,62,55,0.03743320000000949,241.9494882,241.9869214
-1.0,62,56,0.0267379999999946,241.9601834,241.9869214
-1.0,84,53,0.04634586666668383,241.9494882,241.99583406666667
-1.0,62,127,0.03743319999998107,242.10991620000001,242.1473494
-1.0,62,80,0.0267379999999946,242.1206114,242.1473494
-1.0,70,78,0.04278080000000273,242.10991620000001,242.15269700000002
-1.0,61,54,0.0802139999999838,242.08585200000002,242.166066
-1.0,92,44,0.058823599999982434,242.10991620000001,242.1687398
-1.0,64,127,0.03743319999998107,242.2703442,242.3077774
-1.0,64,56,0.0267379999999946,242.2810394,242.3077774
-1.0,70,82,0.04278080000000273,242.2703442,242.313125
-1.0,56,55,0.06417120000000409,242.2623228,242.326494
-1.0,92,44,0.07486639999999056,242.2703442,242.3452106
-1.0,35,77,0.11764719999999329,242.26767040000001,242.3853176
-1.0,64,127,0.03743320000000949,242.4307722,242.46820540000002
-1.0,64,56,0.02673800000002302,242.4414674,242.46820540000002
-1.0,63,78,0.04278080000000273,242.4307722,242.473553
-1.0,62,88,0.03743320000000949,242.5912002,242.6286334
-1.0,62,80,0.0267379999999946,242.60189540000002,242.6286334
-1.0,84,55,0.057041066666670304,242.5912002,242.64824126666667
-1.0,62,56,0.0267379999999946,242.7623234,242.7890614
-1.0,66,103,0.05080220000000679,242.7516282,242.8024304
-1.0,35,77,0.06951879999999733,242.754302,242.8238208
-1.0,64,56,0.0267379999999946,242.9227514,242.9494894
-1.0,56,55,0.06684500000000071,242.887992,242.954837
-1.0,79,74,0.048796850000016434,242.9120562,242.96085305000003
-1.0,62,55,0.03743320000000949,243.0724842,243.1099174
-1.0,62,56,0.0267379999999946,243.0831794,243.1099174
-1.0,77,59,0.055481350000015084,243.0724842,243.12796555
-1.0,66,49,0.033422499999986144,243.23291220000002,243.26633470000002
-1.0,62,56,0.0267379999999946,243.2436074,243.2703454
-1.0,62,127,0.03743319999998107,243.3933402,243.4307734
-1.0,62,80,0.0267379999999946,243.4040354,243.4307734
-1.0,70,70,0.04278080000000273,243.3933402,243.436121
-1.0,61,52,0.0802139999999838,243.36660220000002,243.4468162
-1.0,92,44,0.07219259999999394,243.3933402,243.4655328
-1.0,62,55,0.008021399999989853,243.5537682,243.5617896
-1.0,64,56,0.02673800000002302,243.5644634,243.59120140000002
-1.0,70,73,0.04278080000000273,243.5537682,243.596549
-1.0,56,76,0.06684500000000071,243.5403992,243.6072442
-1.0,35,77,0.10427819999998178,243.5510944,243.6553726
-1.0,64,56,0.0267379999999946,243.72489140000002,243.7516294
-1.0,74,66,0.06310167999999976,243.7141962,243.77729788
-1.0,62,80,0.0267379999999946,243.88531940000001,243.9120574
-1.0,79,61,0.06216585000000663,243.8746242,243.93679005
-1.0,62,56,0.0267379999999946,244.0457474,244.0724854
-1.0,67,103,0.0521391000000051,244.0350522,244.0871913
-1.0,35,77,0.09358299999999531,244.0323784,244.1259614
-1.0,64,127,0.03743320000000949,244.1954802,244.2329134
-1.0,64,56,0.0267379999999946,244.2061754,244.2329134
-1.0,70,77,0.04278080000000273,244.1954802,244.238261
-1.0,56,55,0.06149739999997905,244.19815400000002,244.2596514
-1.0,92,44,0.07219260000002237,244.1954802,244.2676728
-1.0,62,55,0.03743319999998107,244.35590820000002,244.3933414
-1.0,62,56,0.0267379999999946,244.3666034,244.3933414
-1.0,63,76,0.046791499999997654,244.35590820000002,244.40269970000003
-1.0,62,55,0.03743319999998107,244.5163362,244.5537694
-1.0,62,56,0.0267379999999946,244.5270314,244.5537694
-1.0,84,53,0.04634586666666488,244.51633619999998,244.56268206666664
-1.0,62,127,0.03743320000000949,244.6767642,244.71419740000002
-1.0,62,80,0.02673800000002302,244.6874594,244.71419740000002
-1.0,70,78,0.04278080000000273,244.6767642,244.719545
-1.0,61,54,0.0802139999999838,244.6527,244.732914
-1.0,92,44,0.058823599999982434,244.6767642,244.7355878
-1.0,64,127,0.03743320000000949,244.8371922,244.8746254
-1.0,64,56,0.02673800000002302,244.8478874,244.8746254
-1.0,70,82,0.04278080000000273,244.8371922,244.879973
-1.0,56,55,0.06417120000000409,244.8291708,244.89334200000002
-1.0,92,44,0.07486639999999056,244.8371922,244.9120586
-1.0,35,77,0.11764719999999329,244.8345184,244.9521656
-1.0,64,127,0.03743320000000949,244.9976202,245.0350534
-1.0,64,56,0.0267379999999946,245.00831540000001,245.0350534
-1.0,63,78,0.04278080000000273,244.9976202,245.040401
-1.0,62,88,0.03743320000000949,245.1580482,245.1954814
-1.0,62,80,0.0267379999999946,245.1687434,245.1954814
-1.0,84,55,0.057041066666670304,245.15804820000002,245.2150892666667
-1.0,62,56,0.0267379999999946,245.3291714,245.3559094
-1.0,66,103,0.05080220000000679,245.3184762,245.36927839999998
-1.0,35,77,0.06951879999999733,245.32115000000002,245.39066880000001
-1.0,64,56,0.0267379999999946,245.4895994,245.5163374
-1.0,56,55,0.06684499999997229,245.45484000000002,245.521685
-1.0,79,74,0.04879684999998801,245.47890420000002,245.52770105000002
-1.0,62,55,0.03743319999998107,245.6393322,245.6767654
-1.0,62,56,0.0267379999999946,245.6500274,245.6767654
-1.0,77,59,0.05548134999998666,245.6393322,245.69481355
-1.0,66,49,0.033422500000000355,245.7997602,245.8331827
-1.0,62,56,0.02673800000002302,245.8104554,245.83719340000002
-1.0,62,127,0.03743320000000949,245.9601882,245.9976214
-1.0,62,80,0.02673800000002302,245.9708834,245.9976214
-1.0,70,70,0.04278080000000273,245.9601882,246.002969
-1.0,61,52,0.0802139999999838,245.9334502,246.0136642
-1.0,92,44,0.07219259999999394,245.9601882,246.0323808
-1.0,62,55,0.008021399999989853,246.1206162,246.1286376
-1.0,64,56,0.0267379999999946,246.13131140000002,246.1580494
-1.0,70,73,0.04278080000000273,246.1206162,246.163397
-1.0,56,76,0.06684500000000071,246.10724720000002,246.17409220000002
-1.0,35,77,0.1042782000000102,246.1179424,246.2222206
-1.0,64,56,0.0267379999999946,246.2917394,246.3184774
-1.0,74,66,0.06310168000001112,246.2810442,246.34414588
-1.0,62,80,0.0267379999999946,246.4521674,246.4789054
-1.0,79,61,0.062165850000013734,246.4414722,246.50363805
-1.0,62,56,0.0267379999999946,246.6125954,246.6393334
-1.0,67,103,0.05213909999999089,246.60190020000002,246.65403930000002
-1.0,35,77,0.09358300000002373,246.5992264,246.69280940000002
-1.0,64,127,0.03743319999998107,246.7623282,246.7997614
-1.0,64,56,0.0267379999999946,246.7730234,246.7997614
-1.0,70,77,0.04278080000000273,246.7623282,246.80510900000002
-1.0,56,55,0.061497400000007474,246.765002,246.82649940000002
-1.0,92,44,0.07219259999999394,246.7623282,246.8345208
-1.0,62,55,0.03743320000000949,246.9227562,246.96018940000002
-1.0,62,56,0.02673800000002302,246.9334514,246.96018940000002
-1.0,63,76,0.046791499999997654,246.9227562,246.96954770000002
-1.0,62,55,0.03743320000000949,247.0831842,247.12061740000001
-1.0,62,56,0.02673800000002302,247.0938794,247.12061740000001
-1.0,84,53,0.04634586666666488,247.0831842,247.12953006666666
-1.0,62,127,0.03743320000000949,247.2436122,247.2810454
-1.0,62,80,0.0267379999999946,247.25430740000002,247.2810454
-1.0,70,78,0.04278080000000273,247.2436122,247.286393
-1.0,61,54,0.08021400000001222,247.219548,247.29976200000002
-1.0,92,44,0.058823600000010856,247.2436122,247.3024358
-1.0,64,127,0.03743320000000949,247.4040402,247.4414734
-1.0,64,56,0.0267379999999946,247.4147354,247.4414734
-1.0,70,82,0.04278080000000273,247.4040402,247.446821
-1.0,56,55,0.06417120000000409,247.3960188,247.46019
-1.0,92,44,0.07486640000001898,247.4040402,247.47890660000002
-1.0,35,77,0.11764719999999329,247.4013664,247.5190136
-1.0,64,127,0.03743320000000949,247.5644682,247.6019014
-1.0,64,56,0.0267379999999946,247.5751634,247.6019014
-1.0,63,78,0.04278080000000273,247.5644682,247.607249
-1.0,62,88,0.03743319999998107,247.72489620000002,247.7623294
-1.0,62,80,0.0267379999999946,247.7355914,247.7623294
-1.0,84,55,0.05704106666664188,247.72489620000002,247.78193726666666
-1.0,62,56,0.0267379999999946,247.8960194,247.9227574
-1.0,66,103,0.05080219999999258,247.8853242,247.9361264
-1.0,35,77,0.06951879999999733,247.887998,247.9575168
-1.0,64,56,0.0267379999999946,248.0564474,248.0831854
-1.0,56,55,0.06684500000000071,248.021688,248.088533
-1.0,79,74,0.04879684999999512,248.0457522,248.09454905
-1.0,62,55,0.03743320000000949,248.2061802,248.24361340000002
-1.0,62,56,0.02673800000002302,248.2168754,248.24361340000002
-1.0,77,59,0.05548135000000087,248.2061802,248.26166155
-1.0,66,49,0.033422500000000355,248.3666082,248.4000307
-1.0,62,56,0.0267379999999946,248.37730340000002,248.4040414
-1.0,62,127,0.03743320000000949,248.5270362,248.5644694
-1.0,62,80,0.0267379999999946,248.5377314,248.5644694
-1.0,70,70,0.04278080000000273,248.5270362,248.569817
-1.0,61,52,0.08021400000001222,248.5002982,248.58051220000002
-1.0,92,44,0.07219259999999394,248.5270362,248.5992288
-1.0,62,55,0.008021400000018275,248.6874642,248.6954856
-1.0,64,56,0.0267379999999946,248.6981594,248.7248974
-1.0,70,73,0.04278080000000273,248.6874642,248.730245
-1.0,56,76,0.06684500000000071,248.6740952,248.7409402
-1.0,35,77,0.1042782000000102,248.6847904,248.7890686
-1.0,64,56,0.0267379999999946,248.8585874,248.8853254
-1.0,74,66,0.06310167999998839,248.84789220000002,248.91099388
-1.0,62,80,0.0267379999999946,249.0190154,249.0457534
-1.0,79,61,0.06216584999999242,249.0083202,249.07048605
-1.0,62,56,0.0267379999999946,249.1794434,249.2061814
-1.0,67,103,0.05213909999999089,249.1687482,249.22088730000002
-1.0,35,77,0.09358299999999531,249.1660744,249.2596574
-1.0,64,127,0.03743320000000949,249.3291762,249.36660940000002
-1.0,64,56,0.02673800000002302,249.3398714,249.36660940000002
-1.0,70,77,0.04278080000000273,249.3291762,249.371957
-1.0,56,55,0.061497400000007474,249.33185,249.3933474
-1.0,92,44,0.07219259999999394,249.3291762,249.4013688
-1.0,62,55,0.03743320000000949,249.4896042,249.5270374
-1.0,62,56,0.0267379999999946,249.50029940000002,249.5270374
-1.0,63,76,0.046791499999997654,249.4896042,249.5363957
-1.0,62,55,0.03743320000000949,249.6500322,249.6874654
-1.0,62,56,0.0267379999999946,249.6607274,249.6874654
-1.0,84,53,0.04634586666666488,249.65003220000003,249.69637806666668
-1.0,62,127,0.03743320000000949,249.8104602,249.8478934
-1.0,62,80,0.0267379999999946,249.8211554,249.8478934
-1.0,70,78,0.04278080000000273,249.8104602,249.853241
-1.0,61,54,0.08021400000001222,249.786396,249.86661
-1.0,92,44,0.058823600000010856,249.8104602,249.8692838
-1.0,64,127,0.03743320000000949,249.9708882,250.0083214
-1.0,64,56,0.0267379999999946,249.9815834,250.0083214
-1.0,70,82,0.04278080000000273,249.9708882,250.013669
-1.0,56,55,0.06417120000000409,249.9628668,250.027038
-1.0,92,44,0.07486640000001898,249.9708882,250.0457546
-1.0,35,77,0.11764720000002171,249.9682144,250.08586160000002
-1.0,64,127,0.03743319999998107,250.13131620000001,250.1687494
-1.0,64,56,0.0267379999999946,250.1420114,250.1687494
-1.0,63,78,0.04278079999998852,250.13131620000001,250.17409700000002
-1.0,62,88,0.03743319999998107,250.2917442,250.3291774
-1.0,62,80,0.0267379999999946,250.3024394,250.3291774
-1.0,84,55,0.057041066666670304,250.2917442,250.34878526666668
-1.0,62,56,0.02673800000002302,250.4628674,250.48960540000002
-1.0,66,103,0.05080220000000679,250.4521722,250.50297440000003
-1.0,35,77,0.06951879999999733,250.454846,250.5243648
-1.0,64,56,0.0267379999999946,250.62329540000002,250.6500334
-1.0,56,55,0.06684500000000071,250.588536,250.655381
-1.0,79,74,0.04879684999999512,250.6126002,250.66139705
-1.0,62,55,0.03743320000000949,250.7730282,250.8104614
-1.0,62,56,0.0267379999999946,250.7837234,250.8104614
-1.0,77,59,0.05548135000000087,250.7730282,250.82850955
-1.0,66,49,0.033422500000014566,250.9334562,250.9668787
-1.0,62,56,0.0267379999999946,250.9441514,250.9708894
-1.0,62,127,0.03743320000000949,251.0938842,251.1313174
-1.0,62,80,0.0267379999999946,251.1045794,251.1313174
-1.0,70,70,0.04278080000000273,251.0938842,251.136665
-1.0,61,52,0.08021400000001222,251.0671462,251.1473602
-1.0,92,44,0.07219260000002237,251.0938842,251.1660768
-1.0,62,55,0.008021399999989853,251.25431220000002,251.2623336
-1.0,64,56,0.0267379999999946,251.2650074,251.2917454
-1.0,70,73,0.04278080000000273,251.25431220000002,251.29709300000002
-1.0,56,76,0.06684500000000071,251.2409432,251.3077882
-1.0,35,77,0.10427819999998178,251.25163840000002,251.3559166
-1.0,64,56,0.0267379999999946,251.4254354,251.4521734
-1.0,74,66,0.06310167999999408,251.4147402,251.47784188
-1.0,62,80,0.02673800000002302,251.5858634,251.61260140000002
-1.0,79,61,0.06216584999999242,251.5751682,251.63733405
-1.0,62,56,0.0267379999999946,251.74629140000002,251.7730294
-1.0,67,103,0.0521391000000051,251.7355962,251.7877353
-1.0,35,77,0.09358299999999531,251.7329224,251.8265054
-1.0,64,127,0.03743320000000949,251.8960242,251.9334574
-1.0,64,56,0.0267379999999946,251.90671940000001,251.9334574
-1.0,70,77,0.04278080000000273,251.8960242,251.938805
-1.0,56,55,0.061497400000007474,251.898698,251.9601954
-1.0,92,44,0.07219259999999394,251.8960242,251.9682168
-1.0,62,55,0.03743320000000949,252.0564522,252.0938854
-1.0,62,56,0.0267379999999946,252.0671474,252.0938854
-1.0,63,76,0.046791499999997654,252.0564522,252.1032437
-1.0,62,55,0.03743320000000949,252.2168802,252.2543134
-1.0,62,56,0.0267379999999946,252.2275754,252.2543134
-1.0,84,53,0.04634586666668383,252.2168802,252.26322606666668
-1.0,62,127,0.03743319999998107,252.37730820000002,252.4147414
-1.0,62,80,0.0267379999999946,252.3880034,252.4147414
-1.0,70,78,0.04278080000000273,252.37730820000002,252.42008900000002
-1.0,61,54,0.0802139999999838,252.35324400000002,252.433458
-1.0,92,44,0.058823599999982434,252.37730820000002,252.4361318
-1.0,64,127,0.03743319999998107,252.5377362,252.5751694
-1.0,64,56,0.0267379999999946,252.5484314,252.5751694
-1.0,70,82,0.04278080000000273,252.5377362,252.58051700000001
-1.0,56,55,0.06417120000000409,252.5297148,252.593886
-1.0,92,44,0.07486639999999056,252.5377362,252.6126026
-1.0,35,77,0.11764719999999329,252.53506240000002,252.6527096
-1.0,64,127,0.03743320000000949,252.6981642,252.73559740000002
-1.0,64,56,0.02673800000002302,252.7088594,252.73559740000002
-1.0,63,78,0.04278080000000273,252.6981642,252.740945
-1.0,62,88,0.03743320000000949,252.8585922,252.8960254
-1.0,62,80,0.02673800000002302,252.8692874,252.8960254
-1.0,84,55,0.057041066666670304,252.8585922,252.91563326666667
-1.0,62,56,0.0267379999999946,253.02971540000001,253.0564534
-1.0,66,103,0.05080220000000679,253.0190202,253.06982240000002
-1.0,35,77,0.06951879999999733,253.021694,253.0912128
-1.0,64,56,0.0267379999999946,253.1901434,253.2168814
-1.0,56,55,0.06684500000000071,253.155384,253.222229
-1.0,79,74,0.048796850000016434,253.1794482,253.22824505
-1.0,62,55,0.03743320000000949,253.3398762,253.3773094
-1.0,62,56,0.0267379999999946,253.3505714,253.3773094
-1.0,77,59,0.055481350000015084,253.3398762,253.39535755
-1.0,66,49,0.033422499999986144,253.50030420000002,253.5337267
-1.0,62,56,0.0267379999999946,253.5109994,253.5377374
-1.0,62,127,0.03743319999998107,253.6607322,253.6981654
-1.0,62,80,0.0267379999999946,253.6714274,253.6981654
-1.0,70,70,0.04278080000000273,253.6607322,253.70351300000002
-1.0,61,52,0.0802139999999838,253.63399420000002,253.7142082
-1.0,92,44,0.07219259999999394,253.6607322,253.7329248
-1.0,62,55,0.008021399999989853,253.8211602,253.8291816
-1.0,64,56,0.02673800000002302,253.8318554,253.85859340000002
-1.0,70,73,0.04278080000000273,253.8211602,253.863941
-1.0,56,76,0.06684500000000071,253.8077912,253.8746362
-1.0,35,77,0.10427819999998178,253.8184864,253.9227646
-1.0,64,56,0.02673800000002302,253.9922834,254.0190214
-1.0,74,66,0.06310167999999408,253.98158819999998,254.04468987999996
-1.0,62,80,0.0267379999999946,254.15271140000002,254.1794494
-1.0,79,61,0.06216585000000663,254.1420162,254.20418205000001
-1.0,62,56,0.0267379999999946,254.3131394,254.3398774
-1.0,67,103,0.0521391000000051,254.3024442,254.3545833
-1.0,35,77,0.09358299999999531,254.2997704,254.3933534
-1.0,64,127,0.03743320000000949,254.4628722,254.5003054
-1.0,64,56,0.0267379999999946,254.4735674,254.5003054
-1.0,70,77,0.04278080000000273,254.4628722,254.505653
-1.0,56,55,0.06149739999997905,254.46554600000002,254.5270434
-1.0,92,44,0.07219260000002237,254.4628722,254.53506480000001
-1.0,62,55,0.03743319999998107,254.62330020000002,254.6607334
-1.0,62,56,0.0267379999999946,254.6339954,254.6607334
-1.0,63,76,0.046791499999997654,254.62330020000002,254.6700917
-1.0,62,55,0.03743319999998107,254.7837282,254.8211614
-1.0,62,56,0.0267379999999946,254.7944234,254.8211614
-1.0,84,53,0.04634586666666488,254.7837282,254.83007406666667
-1.0,62,127,0.03743320000000949,254.9441562,254.98158940000002
-1.0,62,80,0.02673800000002302,254.9548514,254.98158940000002
-1.0,70,78,0.04278080000000273,254.9441562,254.986937
-1.0,61,54,0.0802139999999838,254.920092,255.000306
-1.0,92,44,0.058823599999982434,254.9441562,255.0029798
-1.0,64,127,0.03743320000000949,255.1045842,255.14201740000001
-1.0,64,56,0.02673800000002302,255.1152794,255.14201740000001
-1.0,70,82,0.04278080000000273,255.1045842,255.147365
-1.0,56,55,0.06417119999997567,255.09656280000002,255.160734
-1.0,92,44,0.07486639999999056,255.1045842,255.1794506
-1.0,35,77,0.11764719999999329,255.1019104,255.2195576
-1.0,64,127,0.03743320000000949,255.2650122,255.3024454
-1.0,64,56,0.0267379999999946,255.27570740000002,255.3024454
-1.0,63,78,0.04278080000000273,255.2650122,255.307793
-1.0,62,88,0.03743320000000949,255.4254402,255.4628734
-1.0,62,80,0.0267379999999946,255.4361354,255.4628734
-1.0,84,55,0.057041066666670304,255.4254402,255.48248126666667
-1.0,62,56,0.0267379999999946,255.5965634,255.6233014
-1.0,66,103,0.05080220000000679,255.5858682,255.6366704
-1.0,35,77,0.06951879999999733,255.58854200000002,255.65806080000002
-1.0,64,56,0.0267379999999946,255.7569914,255.7837294
-1.0,56,55,0.06684500000000071,255.722232,255.789077
-1.0,79,74,0.04879684999998801,255.74629620000002,255.79509305
-1.0,62,55,0.03743319999998107,255.9067242,255.9441574
-1.0,62,56,0.0267379999999946,255.9174194,255.9441574
-1.0,77,59,0.05548134999998666,255.9067242,255.96220555
-1.0,66,49,0.033422500000000355,256.0671522,256.10057470000004
-1.0,62,56,0.02673800000002302,256.0778474,256.1045854
-1.0,62,127,0.03743320000000949,256.2275802,256.2650134
-1.0,62,80,0.026737999999966178,256.2382754,256.2650134
-1.0,70,70,0.04278080000000273,256.2275802,256.270361
-1.0,61,52,0.08021400000001222,256.2008422,256.2810562
-1.0,92,44,0.07219260000005079,256.2275802,256.2997728
-1.0,62,55,0.008021400000018275,256.3880082,256.3960296
-1.0,64,56,0.02673800000002302,256.3987034,256.4254414
-1.0,70,73,0.04278080000000273,256.3880082,256.430789
-1.0,56,76,0.06684500000000071,256.3746392,256.4414842
-1.0,35,77,0.1042782000000102,256.3853344,256.4896126
-1.0,64,56,0.026737999999966178,256.5591314,256.5858694
-1.0,74,66,0.06310167999997703,256.5484362,256.61153788
-1.0,82,58,0.014260266666629681,256.7061904,256.72045066666664
-1.0,62,80,0.02406419999999798,256.7195594,256.7436236
-1.0,70,78,0.04278080000000273,256.7061904,256.7489712
-1.0,62,56,0.02673800000002302,256.8799874,256.9067254
-1.0,66,103,0.050802200000021,256.8666184,256.9174206
-1.0,35,77,0.0695187999999689,256.8692922,256.938811
-1.0,64,56,0.026737999999966178,257.04041540000003,257.0671534
-1.0,79,74,0.0487968499999738,257.0270464,257.07584325
-1.0,56,55,0.09090919999999869,257.0029822,257.0938914
-1.0,62,55,0.03743320000000949,257.1874744,257.2249076
-1.0,62,56,0.02406419999999798,257.2008434,257.2249076
-1.0,77,59,0.05548135000000798,257.1874744,257.24295574999996
-1.0,66,49,0.033422500000000355,257.3479024,257.3813249
-1.0,62,56,0.02406419999999798,257.3612714,257.3853356
-1.0,62,127,0.03743320000000949,257.5083304,257.5457636
-1.0,62,80,0.02406419999999798,257.5216994,257.5457636
-1.0,70,70,0.04278080000000273,257.5083304,257.5511112
-1.0,61,52,0.08021400000001222,257.4815924,257.5618064
-1.0,92,44,0.07219260000005079,257.5083304,257.580523
-1.0,62,55,0.008021400000018275,257.6687584,257.6767798
-1.0,64,56,0.026737999999966178,257.6821274,257.7088654
-1.0,70,73,0.04278080000000273,257.6687584,257.7115392
-1.0,56,76,0.06684500000000071,257.6553894,257.7222344
-1.0,35,77,0.1042782000000102,257.6687584,257.7730366
-1.0,64,56,0.02673800000002302,257.8425554,257.8692934
-1.0,71,81,0.05653177142854864,257.8291864,257.88571817142855
-1.0,62,120,0.03743320000000949,257.9896144,258.0270476
-1.0,62,80,0.02406419999999798,258.0029834,258.0270476
-1.0,76,73,0.05775408000000652,257.9896144,258.04736848
-1.0,62,120,0.03743320000000949,258.1500424,258.1874756
-1.0,62,56,0.02406419999999798,258.16341140000003,258.1874756
-1.0,58,100,0.059492049999988694,258.1500424,258.20953445
-1.0,64,127,0.03743320000000949,258.3104704,258.3479036
-1.0,64,56,0.02406419999999798,258.3238394,258.3479036
-1.0,56,111,0.04064176000002817,258.3104704,258.35111216
-1.0,56,55,0.05882360000003928,258.315818,258.3746416
-1.0,92,44,0.07219259999999394,258.3104704,258.382663
-1.0,64,120,0.04010700000003453,259.1126104,259.15271740000003
-1.0,63,120,0.04010699999997769,259.2730384,259.3131454
-1.0,64,120,0.04010700000003453,259.4334664,259.4735734
-1.0,62,55,0.03743320000000949,259.7543224,259.7917556
-1.0,62,56,0.02406419999999798,259.7676914,259.7917556
-1.0,77,59,0.05614980000002845,259.7543224,259.8104722
-1.0,66,49,0.033422500000000355,259.9147504,259.94817290000003
-1.0,62,56,0.02406419999999798,259.9281194,259.9521836
-1.0,62,127,0.03743319999995265,260.0751784,260.1126116
-1.0,62,80,0.02406419999999798,260.0885474,260.1126116
-1.0,70,70,0.04278080000000273,260.0751784,260.11795920000003
-1.0,61,52,0.08021400000001222,260.0484404,260.1286544
-1.0,92,44,0.07219259999999394,260.0751784,260.147371
-1.0,62,55,0.008021400000018275,260.2356064,260.2436278
-1.0,64,56,0.02673800000002302,260.2489754,260.27571340000003
-1.0,70,73,0.04278080000000273,260.2356064,260.2783872
-1.0,56,76,0.06684500000000071,260.2222374,260.2890824
-1.0,35,77,0.1042782000000102,260.2356064,260.3398846
-1.0,64,56,0.026737999999966178,260.40940340000003,260.4361414
-1.0,74,66,0.06310167999997703,260.3960344,260.45913608
-1.0,62,80,0.02673800000002302,260.5698314,260.5965694
-1.0,79,61,0.062165850000027945,260.5564624,260.61862825000003
-1.0,62,56,0.026737999999966178,260.7302594,260.7569974
-1.0,56,94,0.0659537333333257,260.7168904,260.78284413333336
-1.0,64,127,0.03743320000000949,260.8773184,260.9147516
-1.0,64,56,0.02406419999999798,260.8906874,260.9147516
-1.0,70,77,0.04278080000000273,260.8773184,260.9200992
-1.0,56,55,0.058823599999982434,260.88266600000003,260.9414896
-1.0,92,44,0.07219260000005079,260.8773184,260.94951100000003
-1.0,62,55,0.03743320000000949,261.0377464,261.0751796
-1.0,62,56,0.02406419999999798,261.0511154,261.0751796
-1.0,63,76,0.04812839999999596,261.0377464,261.0858748
-1.0,62,55,0.03743319999995265,261.1981744,261.2356076
-1.0,62,56,0.02406419999999798,261.2115434,261.2356076
-1.0,84,53,0.04634586666666488,261.1981744,261.2445202666667
-1.0,62,127,0.03743320000000949,261.3586024,261.3960356
-1.0,62,80,0.02406419999999798,261.3719714,261.3960356
-1.0,70,78,0.04278080000000273,261.3586024,261.4013832
-1.0,61,54,0.08021400000001222,261.3345382,261.4147522
-1.0,92,44,0.058823599999982434,261.3586024,261.417426
-1.0,64,127,0.03743320000000949,261.5190304,261.55646360000003
-1.0,64,56,0.02406419999999798,261.53239940000003,261.55646360000003
-1.0,70,82,0.04278080000000273,261.5190304,261.5618112
-1.0,56,55,0.06149739999995063,261.5136828,261.5751802
-1.0,73,55,0.08912666666662972,261.5190304,261.60815706666665
-1.0,64,127,0.03743320000000949,261.6794584,261.7168916
-1.0,64,56,0.02406419999999798,261.6928274,261.7168916
-1.0,63,78,0.04411770000001525,261.6794584,261.7235761
-1.0,62,88,0.03743320000000949,261.8398864,261.8773196
-1.0,62,80,0.02406419999999798,261.8532554,261.8773196
-1.0,84,55,0.057041066666651354,261.8398864,261.8969274666667
-1.0,62,56,0.02673800000002302,262.0136834,262.0404214
-1.0,66,103,0.050802200000021,262.0003144,262.0511166
-1.0,35,77,0.06951880000002575,262.0029882,262.07250700000003
-1.0,64,56,0.026737999999966178,262.1741114,262.2008494
-1.0,56,55,0.06684500000000071,262.1366782,262.2035232
-1.0,79,74,0.048796850000016434,262.1607424,262.20953925000003
-1.0,62,55,0.03743319999995265,262.3211704,262.3586036
-1.0,62,56,0.02406419999999798,262.3345394,262.3586036
-1.0,77,59,0.055481349999965346,262.3211704,262.37665175
-1.0,66,49,0.033422500000000355,262.4815984,262.51502089999997
-1.0,62,56,0.02406419999999798,262.4949674,262.5190316
-1.0,62,127,0.03743320000000949,262.6420264,262.67945960000003
-1.0,62,80,0.02406419999999798,262.65539540000003,262.67945960000003
-1.0,70,70,0.04278080000000273,262.6420264,262.6848072
-1.0,61,52,0.08021400000001222,262.6152884,262.6955024
-1.0,92,44,0.07219259999999394,262.6420264,262.714219
-1.0,62,55,0.008021400000018275,262.8024544,262.8104758
-1.0,64,56,0.02673800000002302,262.8158234,262.8425614
-1.0,70,73,0.04278080000000273,262.8024544,262.8452352
-1.0,56,76,0.06684499999994387,262.78908540000003,262.8559304
-1.0,35,77,0.1042782000000102,262.8024544,262.9067326
-1.0,64,56,0.026737999999966178,262.9762514,263.0029894
-1.0,74,66,0.06310167999998839,262.9628824,263.02598408
-1.0,62,80,0.02673800000002302,263.1366794,263.1634174
-1.0,79,61,0.062165850000027945,263.1233104,263.18547625
-1.0,62,56,0.026737999999966178,263.2971074,263.3238454
-1.0,56,94,0.06595373333334464,263.2837384,263.34969213333335
-1.0,64,127,0.03743319999995265,263.44416640000003,263.4815996
-1.0,64,56,0.02406419999999798,263.4575354,263.4815996
-1.0,70,77,0.04278080000000273,263.44416640000003,263.48694720000003
-1.0,56,55,0.058823599999982434,263.449514,263.5083376
-1.0,92,44,0.07219259999999394,263.44416640000003,263.516359
-1.0,62,55,0.03743320000000949,263.6045944,263.6420276
-1.0,62,56,0.02406419999999798,263.6179634,263.6420276
-1.0,63,76,0.04812839999999596,263.6045944,263.6527228
-1.0,62,55,0.03743320000000949,263.7650224,263.80245560000003
-1.0,62,56,0.02406419999999798,263.77839140000003,263.80245560000003
-1.0,84,53,0.04634586666666488,263.7650224,263.8113682666667
-1.0,62,127,0.03743320000000949,263.9254504,263.9628836
-1.0,62,80,0.02406419999999798,263.9388194,263.9628836
-1.0,70,78,0.04278080000000273,263.9254504,263.9682312
-1.0,61,54,0.08021400000001222,263.9013862,263.9816002
-1.0,92,44,0.05882360000003928,263.9254504,263.984274
-1.0,64,127,0.03743320000000949,264.0858784,264.1233116
-1.0,64,56,0.02406419999999798,264.0992474,264.1233116
-1.0,70,82,0.04278080000000273,264.0858784,264.1286592
-1.0,56,55,0.061497400000007474,264.0805308,264.1420282
-1.0,73,55,0.08912666666666762,264.0858784,264.1750050666667
-1.0,64,127,0.03743320000000949,264.2463064,264.2837396
-1.0,64,56,0.02406419999999798,264.2596754,264.2837396
-1.0,63,78,0.04411770000001525,264.2463064,264.2904241
-1.0,62,88,0.03743320000000949,264.4067344,264.4441676
-1.0,62,80,0.02406419999999798,264.4201034,264.4441676
-1.0,84,55,0.057041066666651354,264.4067344,264.4637754666667
-1.0,62,56,0.02673800000002302,264.5805314,264.6072694
-1.0,66,103,0.05080219999999258,264.56716240000003,264.61796460000005
-1.0,35,77,0.06951880000002575,264.5698362,264.639355
-1.0,64,56,0.02673800000002302,264.7409594,264.76769740000003
-1.0,56,55,0.06684500000000071,264.7035262,264.7703712
-1.0,79,74,0.048796850000016434,264.7275904,264.77638725
-1.0,62,55,0.03743320000000949,264.8880184,264.92545160000003
-1.0,62,56,0.02406419999999798,264.90138740000003,264.92545160000003
-1.0,77,59,0.05548134999999377,264.8880184,264.94349975
-1.0,66,49,0.033422500000000355,265.0484464,265.0818689
-1.0,62,56,0.02406419999999798,265.0618154,265.0858796
-1.0,62,127,0.03743320000000949,265.2088744,265.2463076
-1.0,62,80,0.02406419999999798,265.2222434,265.2463076
-1.0,70,70,0.04278080000000273,265.2088744,265.2516552
-1.0,61,52,0.08021400000001222,265.1821364,265.2623504
-1.0,92,44,0.07219259999999394,265.2088744,265.281067
-1.0,62,55,0.008021400000018275,265.3693024,265.3773238
-1.0,64,56,0.02673800000002302,265.3826714,265.4094094
-1.0,70,73,0.04278080000000273,265.3693024,265.4120832
-1.0,56,76,0.06684500000000071,265.3559334,265.4227784
-1.0,35,77,0.1042782000000102,265.3693024,265.4735806
-1.0,64,56,0.026737999999966178,265.5430994,265.5698374
-1.0,74,66,0.06310168000001112,265.5297304,265.59283208
-1.0,62,80,0.02673800000002302,265.7035274,265.7302654
-1.0,79,61,0.06216584999998531,265.69015840000003,265.75232425
-1.0,62,56,0.02673800000002302,265.8639554,265.89069340000003
-1.0,56,94,0.06595373333334464,265.8505864,265.91654013333334
-1.0,64,127,0.03743320000000949,266.0110144,266.04844760000003
-1.0,64,56,0.024064200000054825,266.0243834,266.04844760000003
-1.0,70,77,0.04278080000000273,266.0110144,266.0537952
-1.0,56,55,0.058823599999982434,266.016362,266.0751856
-1.0,92,44,0.07219259999999394,266.0110144,266.083207
-1.0,62,55,0.03743320000000949,266.1714424,266.2088756
-1.0,62,56,0.02406419999999798,266.1848114,266.2088756
-1.0,63,76,0.04812839999999596,266.1714424,266.2195708
-1.0,62,55,0.03743320000000949,266.3318704,266.3693036
-1.0,62,56,0.02406419999999798,266.3452394,266.3693036
-1.0,84,53,0.04634586666666488,266.3318704,266.3782162666667
-1.0,62,127,0.03743320000000949,266.4922984,266.5297316
-1.0,62,80,0.02406419999999798,266.5056674,266.5297316
-1.0,70,78,0.04278080000000273,266.4922984,266.5350792
-1.0,61,54,0.08021400000001222,266.4682342,266.5484482
-1.0,92,44,0.05882360000003928,266.4922984,266.551122
-1.0,64,127,0.03743320000000949,266.6527264,266.6901596
-1.0,64,56,0.02406419999999798,266.6660954,266.6901596
-1.0,70,82,0.04278080000000273,266.6527264,266.6955072
-1.0,56,55,0.061497400000007474,266.6473788,266.7088762
-1.0,73,55,0.08912666666668656,266.6527264,266.7418530666667
-1.0,64,127,0.03743319999995265,266.81315440000003,266.8505876
-1.0,64,56,0.02406419999999798,266.8265234,266.8505876
-1.0,63,78,0.044117699999986826,266.81315440000003,266.85727210000005
-1.0,62,88,0.03743320000000949,266.9735824,267.0110156
-1.0,62,80,0.02406419999999798,266.9869514,267.0110156
-1.0,84,55,0.057041066666689254,266.9735824,267.03062346666667
-1.0,62,56,0.02673800000002302,267.1473794,267.1741174
-1.0,66,103,0.05080219999999258,267.1340104,267.1848126
-1.0,35,77,0.06951880000002575,267.1366842,267.206203
-1.0,64,56,0.02673800000002302,267.3078074,267.3345454
-1.0,56,55,0.06684500000000071,267.2703742,267.3372192
-1.0,79,74,0.048796850000016434,267.2944384,267.34323525
-1.0,62,55,0.03743320000000949,267.4548664,267.4922996
-1.0,62,56,0.02406419999999798,267.4682354,267.4922996
-1.0,77,59,0.05548134999999377,267.4548664,267.51034775
-1.0,66,49,0.033422500000028776,267.6152944,267.6487169
-1.0,62,56,0.02406419999999798,267.6286634,267.6527276
-1.0,62,127,0.03743320000000949,267.7757224,267.8131556
-1.0,62,80,0.02406419999999798,267.7890914,267.8131556
-1.0,70,70,0.04278080000000273,267.7757224,267.8185032
-1.0,61,52,0.08021400000001222,267.7489844,267.8291984
-1.0,92,44,0.07219259999999394,267.7757224,267.847915
-1.0,62,55,0.008021399999961432,267.93615040000003,267.9441718
-1.0,64,56,0.02673800000002302,267.9495194,267.9762574
-1.0,70,73,0.042780799999945884,267.93615040000003,267.9789312
-1.0,56,76,0.06684500000000071,267.9227814,267.9896264
-1.0,35,77,0.10427819999995336,267.93615040000003,268.0404286
-1.0,64,56,0.02673800000002302,268.1099474,268.13668540000003
-1.0,74,66,0.06310168000001112,268.0965784,268.15968008
-1.0,62,80,0.02673800000002302,268.2703754,268.2971134
-1.0,79,61,0.06216584999998531,268.2570064,268.31917225
-1.0,62,56,0.02673800000002302,268.4308034,268.4575414
-1.0,56,94,0.06595373333334464,268.4174344,268.48338813333334
-1.0,64,127,0.03743320000000949,268.5778624,268.6152956
-1.0,64,56,0.02406419999999798,268.5912314,268.6152956
-1.0,70,77,0.04278080000000273,268.5778624,268.6206432
-1.0,56,55,0.058823599999982434,268.58321,268.6420336
-1.0,92,44,0.07219259999999394,268.5778624,268.650055
-1.0,62,55,0.03743320000000949,268.7382904,268.7757236
-1.0,62,56,0.02406419999999798,268.7516594,268.7757236
-1.0,63,76,0.04812839999999596,268.7382904,268.7864188
-1.0,62,55,0.03743320000000949,268.8987184,268.9361516
-1.0,62,56,0.02406419999999798,268.9120874,268.9361516
-1.0,84,53,0.04634586666666488,268.8987184,268.9450642666667
-1.0,62,127,0.03743319999995265,269.05914640000003,269.0965796
-1.0,62,80,0.02406419999999798,269.0725154,269.0965796
-1.0,70,78,0.042780799999945884,269.05914640000003,269.1019272
-1.0,61,54,0.08021400000001222,269.0350822,269.1152962
-1.0,92,44,0.058823599999982434,269.05914640000003,269.11797
-1.0,64,127,0.03743320000000949,269.2195744,269.2570076
-1.0,64,56,0.02406419999999798,269.2329434,269.2570076
-1.0,70,82,0.04278080000000273,269.2195744,269.2623552
-1.0,56,55,0.061497400000007474,269.2142268,269.2757242
-1.0,73,55,0.08912666666668656,269.2195744,269.3087010666667
-1.0,64,127,0.03743320000000949,269.3800024,269.41743560000003
-1.0,64,56,0.024064200000054825,269.3933714,269.41743560000003
-1.0,63,78,0.044117699999986826,269.3800024,269.4241201
-1.0,62,88,0.03743320000000949,269.5404304,269.5778636
-1.0,62,80,0.02406419999999798,269.5537994,269.5778636
-1.0,84,55,0.057041066666689254,269.5404304,269.59747146666666
-1.0,62,56,0.026737999999966178,269.7142274,269.7409654
-1.0,66,103,0.05080219999999258,269.7008584,269.75166060000004
-1.0,35,77,0.06951880000002575,269.7035322,269.773051
-1.0,64,56,0.02673800000002302,269.8746554,269.9013934
-1.0,56,55,0.06684500000000071,269.8372222,269.9040672
-1.0,79,74,0.048796850000016434,269.8612864,269.91008325
-1.0,62,55,0.03743320000000949,270.0217144,270.0591476
-1.0,62,56,0.02406419999999798,270.0350834,270.0591476
-1.0,77,59,0.05548135000000798,270.0217144,270.07719575
-1.0,66,49,0.03342249999997193,270.18214240000003,270.2155649
-1.0,62,56,0.02406419999999798,270.1955114,270.2195756
-1.0,62,127,0.03743320000000949,270.3425704,270.3800036
-1.0,62,80,0.02406419999999798,270.3559394,270.3800036
-1.0,70,70,0.04278080000000273,270.3425704,270.3853512
-1.0,61,52,0.08021400000001222,270.3158324,270.3960464
-1.0,92,44,0.07219259999999394,270.3425704,270.414763
-1.0,62,55,0.008021399999961432,270.5029984,270.5110198
-1.0,64,56,0.02673800000002302,270.5163674,270.5431054
-1.0,70,73,0.04278080000000273,270.5029984,270.5457792
-1.0,56,76,0.06684500000000071,270.4896294,270.5564744
-1.0,35,77,0.10427819999995336,270.5029984,270.6072766
-1.0,64,56,0.02673800000002302,270.6767954,270.7035334
-1.0,74,66,0.06310168000001112,270.6634264,270.72652808
-1.0,62,80,0.026737999999966178,270.8372234,270.8639614
-1.0,79,61,0.06216584999998531,270.8238544,270.88602025
-1.0,62,56,0.02673800000002302,270.9976514,271.0243894
-1.0,56,94,0.06595373333334464,270.9842824,271.0502361333333
-1.0,64,127,0.03743320000000949,271.1447104,271.1821436
-1.0,64,56,0.02406419999999798,271.1580794,271.1821436
-1.0,70,77,0.04278080000000273,271.1447104,271.1874912
-1.0,56,55,0.058823599999982434,271.150058,271.2088816
-1.0,92,44,0.07219259999999394,271.1447104,271.216903
-1.0,62,55,0.03743319999995265,271.30513840000003,271.3425716
-1.0,62,56,0.02406419999999798,271.3185074,271.3425716
-1.0,63,76,0.04812839999999596,271.30513840000003,271.35326680000003
-1.0,62,55,0.03743320000000949,271.4655664,271.5029996
-1.0,62,56,0.02406419999999798,271.4789354,271.5029996
-1.0,84,53,0.04634586666666488,271.4655664,271.5119122666667
-1.0,62,127,0.03743319999995265,271.6259944,271.6634276
-1.0,62,80,0.02406419999999798,271.6393634,271.6634276
-1.0,70,78,0.04278080000000273,271.6259944,271.6687752
-1.0,61,54,0.08021399999995538,271.6019302,271.6821442
-1.0,92,44,0.058823599999982434,271.6259944,271.684818
-1.0,64,127,0.03743320000000949,271.7864224,271.8238556
-1.0,64,56,0.02406419999999798,271.7997914,271.8238556
-1.0,70,82,0.04278080000000273,271.7864224,271.8292032
-1.0,56,55,0.061497400000007474,271.7810748,271.8425722
-1.0,73,55,0.08912666666668656,271.7864224,271.8755490666667
-1.0,64,127,0.03743320000000949,271.9468504,271.9842836
-1.0,64,56,0.02406419999999798,271.9602194,271.9842836
-1.0,63,78,0.044117699999986826,271.9468504,271.99096810000003
-1.0,62,88,0.03743320000000949,272.1072784,272.1447116
-1.0,62,80,0.02406419999999798,272.1206474,272.1447116
-1.0,84,55,0.057041066666689254,272.1072784,272.16431946666665
-1.0,62,56,0.026737999999966178,272.2810754,272.3078134
-1.0,66,103,0.05080219999999258,272.2677064,272.3185086
-1.0,35,77,0.06951880000002575,272.2703802,272.339899
-1.0,64,56,0.02673800000002302,272.4415034,272.4682414
-1.0,56,55,0.06684500000000071,272.4040702,272.4709152
-1.0,79,74,0.04879684999995959,272.42813440000003,272.47693125
-1.0,62,55,0.03743320000000949,272.5885624,272.6259956
-1.0,62,56,0.02406419999999798,272.6019314,272.6259956
-1.0,77,59,0.05548135000000798,272.5885624,272.64404375000004
-1.0,66,49,0.03342249999997193,272.7489904,272.7824129
-1.0,62,56,0.02406419999999798,272.7623594,272.7864236
-1.0,62,127,0.03743320000000949,272.9094184,272.9468516
-1.0,62,80,0.02406419999999798,272.9227874,272.9468516
-1.0,70,70,0.04278080000000273,272.9094184,272.9521992
-1.0,61,52,0.08021399999995538,272.8826804,272.9628944
-1.0,92,44,0.07219259999999394,272.9094184,272.981611
-1.0,62,55,0.008021399999961432,273.0698464,273.0778678
-1.0,64,56,0.026737999999966178,273.08321540000003,273.1099534
-1.0,70,73,0.04278080000000273,273.0698464,273.1126272
-1.0,56,76,0.06684500000000071,273.0564774,273.1233224
-1.0,35,77,0.1042782000000102,273.0698464,273.1741246
-1.0,64,56,0.02673800000002302,273.2436434,273.2703814
-1.0,74,66,0.06310168000001112,273.2302744,273.29337608
-1.0,62,80,0.026737999999966178,273.4040714,273.4308094
-1.0,79,61,0.06216584999999952,273.3907024,273.45286825
-1.0,62,56,0.02673800000002302,273.5644994,273.5912374
-1.0,56,94,0.06595373333336359,273.5511304,273.6170841333333
-1.0,64,127,0.03743320000000949,273.7115584,273.7489916
-1.0,64,56,0.02406419999999798,273.7249274,273.7489916
-1.0,70,77,0.04278080000000273,273.7115584,273.7543392
-1.0,56,55,0.058823599999982434,273.716906,273.7757296
-1.0,92,44,0.07219259999999394,273.7115584,273.783751
-1.0,62,55,0.03743319999995265,273.8719864,273.9094196
-1.0,62,56,0.02406419999999798,273.8853554,273.9094196
-1.0,63,76,0.04812839999999596,273.8719864,273.9201148
-1.0,62,55,0.03743320000000949,274.0324144,274.0698476
-1.0,62,56,0.02406419999999798,274.0457834,274.0698476
-1.0,84,53,0.04634586666666488,274.0324144,274.0787602666667
-1.0,62,127,0.03743320000000949,274.1928424,274.2302756
-1.0,62,80,0.02406419999999798,274.20621140000003,274.2302756
-1.0,70,78,0.04278080000000273,274.1928424,274.2356232
-1.0,61,54,0.08021400000001222,274.1687782,274.24899220000003
-1.0,92,44,0.058823599999982434,274.1928424,274.251666
-1.0,64,127,0.03743320000000949,274.3532704,274.3907036
-1.0,64,56,0.02406419999999798,274.3666394,274.3907036
-1.0,70,82,0.04278080000000273,274.3532704,274.3960512
-1.0,56,55,0.061497400000007474,274.3479228,274.4094202
-1.0,73,55,0.08912666666668656,274.3532704,274.4423970666667
-1.0,64,127,0.03743320000000949,274.5136984,274.5511316
-1.0,64,56,0.02406419999999798,274.5270674,274.5511316
-1.0,63,78,0.044117699999986826,274.5136984,274.55781609999997
-1.0,62,88,0.03743320000000949,274.6741264,274.7115596
-1.0,62,80,0.02406419999999798,274.6874954,274.7115596
-1.0,84,55,0.057041066666689254,274.6741264,274.73116746666665
-1.0,62,56,0.026737999999966178,274.8479234,274.8746614
-1.0,66,103,0.05080219999999258,274.8345544,274.8853566
-1.0,35,77,0.0695187999999689,274.8372282,274.906747
-1.0,64,56,0.02673800000002302,275.0083514,275.0350894
-1.0,56,55,0.06684500000000071,274.9709182,275.03776320000003
-1.0,79,74,0.0487968499999738,274.9949824,275.04377925
-1.0,62,55,0.03743320000000949,275.1554104,275.1928436
-1.0,62,56,0.02406419999999798,275.1687794,275.1928436
-1.0,77,59,0.05548135000000798,275.1554104,275.21089175
-1.0,66,49,0.033422500000000355,275.3158384,275.3492609
-1.0,62,56,0.02406419999999798,275.32920740000003,275.3532716
-1.0,62,127,0.03743320000000949,275.4762664,275.5136996
-1.0,62,80,0.02406419999999798,275.4896354,275.5136996
-1.0,70,70,0.04278080000000273,275.4762664,275.5190472
-1.0,61,52,0.08021400000001222,275.4495284,275.52974240000003
-1.0,92,44,0.07219259999999394,275.4762664,275.548459
-1.0,62,55,0.008021400000018275,275.6366944,275.64471580000003
-1.0,64,56,0.026737999999966178,275.6500634,275.6768014
-1.0,70,73,0.04278080000000273,275.6366944,275.6794752
-1.0,56,76,0.06684500000000071,275.6233254,275.6901704
-1.0,35,77,0.1042782000000102,275.6366944,275.7409726
-1.0,64,56,0.02673800000002302,275.8104914,275.8372294
-1.0,74,66,0.0631016800000225,275.7971224,275.86022408
-1.0,62,80,0.026737999999966178,275.9709194,275.9976574
-1.0,79,61,0.06216584999999952,275.9575504,276.01971625
-1.0,62,56,0.02673800000002302,276.1313474,276.1580854
-1.0,56,94,0.06595373333330674,276.1179784,276.1839321333333
-1.0,64,127,0.03743320000000949,276.2784064,276.3158396
-1.0,64,56,0.02406419999999798,276.2917754,276.3158396
-1.0,70,77,0.04278080000000273,276.2784064,276.3211872
-1.0,56,55,0.05882360000003928,276.283754,276.3425776
-1.0,92,44,0.07219259999999394,276.2784064,276.350599
-1.0,62,55,0.03743320000000949,276.4388344,276.4762676
-1.0,62,56,0.02406419999999798,276.45220340000003,276.4762676
-1.0,63,76,0.04812839999999596,276.4388344,276.4869628
-1.0,62,55,0.03743320000000949,276.5992624,276.6366956
-1.0,62,56,0.02406419999999798,276.6126314,276.6366956
-1.0,84,53,0.04634586666666488,276.5992624,276.64560826666667
-1.0,62,127,0.03743320000000949,276.7596904,276.7971236
-1.0,62,80,0.02406419999999798,276.7730594,276.7971236
-1.0,70,78,0.04278080000000273,276.7596904,276.8024712
-1.0,61,54,0.08021400000001222,276.7356262,276.8158402
-1.0,92,44,0.058823599999982434,276.7596904,276.818514
-1.0,64,127,0.03743320000000949,276.9201184,276.9575516
-1.0,64,56,0.02406419999999798,276.9334874,276.9575516
-1.0,70,82,0.04278080000000273,276.9201184,276.9628992
-1.0,56,55,0.061497400000007474,276.9147708,276.9762682
-1.0,73,55,0.08912666666668656,276.9201184,277.00924506666667
-1.0,64,127,0.03743320000000949,277.0805464,277.1179796
-1.0,64,56,0.02406419999999798,277.0939154,277.1179796
-1.0,63,78,0.04411770000001525,277.0805464,277.1246641
-1.0,62,88,0.03743319999995265,277.2409744,277.2784076
-1.0,62,80,0.02406419999999798,277.2543434,277.2784076
-1.0,84,55,0.057041066666651354,277.2409744,277.2980154666667
-1.0,62,56,0.02673800000002302,277.4147714,277.44150940000003
-1.0,66,103,0.05080219999999258,277.4014024,277.45220459999996
-1.0,35,77,0.0695187999999689,277.4040762,277.473595
-1.0,64,56,0.026737999999966178,277.57519940000003,277.6019374
-1.0,56,55,0.06684500000000071,277.5377662,277.6046112
-1.0,79,74,0.0487968499999738,277.5618304,277.61062725
-1.0,62,55,0.03743320000000949,277.7222584,277.7596916
-1.0,62,56,0.02406419999999798,277.7356274,277.7596916
-1.0,77,59,0.05548135000000798,277.7222584,277.77773975
-1.0,66,49,0.033422500000000355,277.8826864,277.91610890000004
-1.0,62,56,0.02406419999999798,277.8960554,277.9201196
-1.0,62,127,0.03743320000000949,278.0431144,278.0805476
-1.0,62,80,0.02406419999999798,278.0564834,278.0805476
-1.0,70,70,0.04278080000000273,278.0431144,278.0858952
-1.0,61,52,0.08021400000001222,278.0163764,278.0965904
-1.0,92,44,0.07219260000005079,278.0431144,278.11530700000003
-1.0,62,55,0.008021400000018275,278.2035424,278.2115638
-1.0,64,56,0.026737999999966178,278.2169114,278.2436494
-1.0,70,73,0.04278080000000273,278.2035424,278.2463232
-1.0,56,76,0.06684500000000071,278.1901734,278.2570184
-1.0,35,77,0.1042782000000102,278.2035424,278.3078206
-1.0,64,56,0.02673800000002302,278.3773394,278.4040774
-1.0,74,66,0.06310167999997703,278.3639704,278.42707208
-1.0,62,80,0.02673800000002302,278.5377674,278.56450540000003
-1.0,79,61,0.06216584999999952,278.5243984,278.58656425
-1.0,62,56,0.026737999999966178,278.69819540000003,278.7249334
-1.0,56,94,0.06595373333330674,278.6848264,278.7507801333333
-1.0,64,127,0.03743320000000949,278.8452544,278.8826876
-1.0,64,56,0.02406419999999798,278.8586234,278.8826876
-1.0,70,77,0.04278080000000273,278.8452544,278.8880352
-1.0,56,55,0.05882360000003928,278.850602,278.9094256
-1.0,92,44,0.07219259999999394,278.8452544,278.917447
-1.0,62,55,0.03743320000000949,279.0056824,279.0431156
-1.0,62,56,0.02406419999999798,279.0190514,279.0431156
-1.0,63,76,0.04812839999999596,279.0056824,279.0538108
-1.0,62,55,0.03743320000000949,279.1661104,279.2035436
-1.0,62,56,0.02406419999999798,279.1794794,279.2035436
-1.0,84,53,0.04634586666670278,279.1661104,279.21245626666666
-1.0,62,127,0.03743320000000949,279.3265384,279.3639716
-1.0,62,80,0.02406419999999798,279.3399074,279.3639716
-1.0,70,78,0.04278080000000273,279.3265384,279.3693192
-1.0,61,54,0.08021400000001222,279.3024742,279.3826882
-1.0,92,44,0.058823599999982434,279.3265384,279.385362
-1.0,64,127,0.03743319999995265,279.48696640000003,279.5243996
-1.0,64,56,0.02406419999999798,279.5003354,279.5243996
-1.0,70,82,0.04278080000000273,279.48696640000003,279.52974720000003
-1.0,56,55,0.061497400000007474,279.4816188,279.5431162
-1.0,73,55,0.08912666666662972,279.48696640000003,279.57609306666666
-1.0,64,127,0.03743320000000949,279.6473944,279.6848276
-1.0,64,56,0.02406419999999798,279.6607634,279.6848276
-1.0,63,99,0.04211235000002489,279.6473944,279.68950675
-1.0,62,104,0.03743320000000949,279.8078224,279.84525560000003
-1.0,62,80,0.02406419999999798,279.82119140000003,279.84525560000003
-1.0,80,71,0.05280754999998294,279.8078224,279.86062995
-1.0,62,120,0.03743320000000949,279.9682504,280.0056836
-1.0,62,56,0.02406419999999798,279.9816194,280.0056836
-1.0,66,108,0.04723713333335885,279.9682504,280.0154875333333
-1.0,35,77,0.0695187999999689,279.9709242,280.040443
-1.0,64,56,0.026737999999966178,280.1420474,280.1687854
-1.0,56,112,0.04064175999998269,280.1286784,280.16932016
-1.0,56,55,0.06684500000000071,280.1046142,280.1714592
-1.0,82,71,0.05080219999996416,280.1286784,280.1794806
-1.0,62,55,0.03743320000000949,280.2891064,280.3265396
-1.0,62,56,0.02406419999999798,280.3024754,280.3265396
-1.0,77,59,0.05548135000002219,280.2891064,280.34458775
-1.0,66,49,0.033422500000000355,280.4495344,280.4829569
-1.0,62,56,0.02406419999999798,280.4629034,280.4869676
-1.0,62,127,0.03743319999995265,280.60996240000003,280.6473956
-1.0,62,80,0.02406419999999798,280.6233314,280.6473956
-1.0,70,70,0.04278080000000273,280.60996240000003,280.65274320000003
-1.0,61,52,0.08021400000001222,280.5832244,280.6634384
-1.0,92,44,0.07219259999999394,280.60996240000003,280.682155
-1.0,62,55,0.008021400000018275,280.7703904,280.7784118
-1.0,64,56,0.02673800000002302,280.7837594,280.81049740000003
-1.0,70,73,0.04278080000000273,280.7703904,280.8131712
-1.0,56,76,0.06684500000000071,280.7570214,280.8238664
-1.0,35,77,0.1042782000000102,280.7703904,280.8746686
-1.0,64,56,0.026737999999966178,280.94418740000003,280.9709254
-1.0,74,66,0.06310167999997703,280.9308184,280.99392008
-1.0,62,80,0.02673800000002302,281.1046154,281.1313534
-1.0,79,61,0.062165850000027945,281.0912464,281.15341225000003
-1.0,62,56,0.026737999999966178,281.2650434,281.2917814
-1.0,56,94,0.0659537333333257,281.2516744,281.31762813333336
-1.0,64,127,0.03743320000000949,281.4121024,281.4495356
-1.0,64,56,0.02406419999999798,281.4254714,281.4495356
-1.0,70,77,0.04278080000000273,281.4121024,281.4548832
-1.0,56,55,0.058823599999982434,281.41745000000003,281.4762736
-1.0,92,44,0.07219260000005079,281.4121024,281.48429500000003
-1.0,62,55,0.03743320000000949,281.5725304,281.6099636
-1.0,62,56,0.02406419999999798,281.5858994,281.6099636
-1.0,63,76,0.04812839999999596,281.5725304,281.6206588
-1.0,62,55,0.03743319999995265,281.73295840000003,281.7703916
-1.0,62,56,0.02406419999999798,281.7463274,281.7703916
-1.0,84,53,0.04634586666666488,281.73295840000003,281.7793042666667
-1.0,62,127,0.03743320000000949,281.8933864,281.9308196
-1.0,62,80,0.02406419999999798,281.9067554,281.9308196
-1.0,70,78,0.04278080000000273,281.8933864,281.9361672
-1.0,61,54,0.08021400000001222,281.8693222,281.9495362
-1.0,92,44,0.058823599999982434,281.8933864,281.95221
-1.0,64,127,0.03743320000000949,282.0538144,282.09124760000003
-1.0,64,56,0.02406419999999798,282.06718340000003,282.09124760000003
-1.0,70,82,0.04278080000000273,282.0538144,282.0965952
-1.0,56,55,0.06149739999995063,282.0484668,282.1099642
-1.0,73,55,0.08912666666662972,282.0538144,282.14294106666665
-1.0,64,127,0.03743320000000949,282.2142424,282.2516756
-1.0,64,56,0.02406419999999798,282.2276114,282.2516756
-1.0,63,78,0.04411770000001525,282.2142424,282.2583601
-1.0,62,88,0.03743320000000949,282.3746704,282.4121036
-1.0,62,80,0.02406419999999798,282.3880394,282.4121036
-1.0,84,55,0.057041066666651354,282.3746704,282.4317114666667
-1.0,62,56,0.02673800000002302,282.5484674,282.5752054
-1.0,66,103,0.050802200000021,282.5350984,282.5859006
-1.0,35,77,0.06951880000002575,282.5377722,282.60729100000003
-1.0,64,56,0.026737999999966178,282.7088954,282.7356334
-1.0,56,55,0.06684500000000071,282.6714622,282.7383072
-1.0,79,74,0.048796850000016434,282.6955264,282.74432325000004
-1.0,62,55,0.03743319999995265,282.85595440000003,282.8933876
-1.0,62,56,0.02406419999999798,282.8693234,282.8933876
-1.0,77,59,0.055481349999965346,282.85595440000003,282.91143575
-1.0,66,49,0.033422500000000355,283.0163824,283.0498049
-1.0,62,56,0.02406419999999798,283.0297514,283.0538156
-1.0,62,127,0.03743320000000949,283.1768104,283.21424360000003
-1.0,62,80,0.024064200000054825,283.1901794,283.21424360000003
-1.0,70,70,0.04278080000000273,283.1768104,283.2195912
-1.0,61,52,0.08021400000001222,283.1500724,283.2302864
-1.0,92,44,0.07219259999999394,283.1768104,283.249003
-1.0,62,55,0.008021400000018275,283.3372384,283.3452598
-1.0,64,56,0.02673800000002302,283.3506074,283.3773454
-1.0,70,73,0.04278080000000273,283.3372384,283.3800192
-1.0,56,76,0.06684500000000071,283.3238694,283.3907144
-1.0,35,77,0.1042782000000102,283.3372384,283.4415166
-1.0,64,56,0.026737999999966178,283.5110354,283.5377734
-1.0,74,66,0.06310167999998839,283.4976664,283.56076808
-1.0,62,80,0.02673800000002302,283.6714634,283.6982014
-1.0,79,61,0.062165850000027945,283.6580944,283.72026025
-1.0,62,56,0.026737999999966178,283.8318914,283.8586294
-1.0,56,94,0.06595373333334464,283.8185224,283.88447613333335
-1.0,64,127,0.03743319999995265,283.97895040000003,284.0163836
-1.0,64,56,0.02406419999999798,283.9923194,284.0163836
-1.0,70,77,0.04278080000000273,283.97895040000003,284.02173120000003
-1.0,56,55,0.058823599999982434,283.984298,284.0431216
-1.0,92,44,0.07219259999999394,283.97895040000003,284.051143
-1.0,62,55,0.03743320000000949,284.1393784,284.1768116
-1.0,62,56,0.02406419999999798,284.1527474,284.1768116
-1.0,63,76,0.04812839999999596,284.1393784,284.1875068
-1.0,62,55,0.03743320000000949,284.2998064,284.33723960000003
-1.0,62,56,0.024064200000054825,284.3131754,284.33723960000003
-1.0,84,53,0.04634586666666488,284.2998064,284.3461522666667
-1.0,62,127,0.03743320000000949,284.4602344,284.4976676
-1.0,62,80,0.02406419999999798,284.4736034,284.4976676
-1.0,70,78,0.04278080000000273,284.4602344,284.5030152
-1.0,61,54,0.08021400000001222,284.4361702,284.5163842
-1.0,92,44,0.05882360000003928,284.4602344,284.51905800000003
-1.0,64,127,0.03743320000000949,284.6206624,284.6580956
-1.0,64,56,0.02406419999999798,284.6340314,284.6580956
-1.0,70,82,0.04278080000000273,284.6206624,284.6634432
-1.0,56,55,0.061497400000007474,284.6153148,284.67681220000003
-1.0,73,55,0.08912666666662972,284.6206624,284.70978906666664
-1.0,64,127,0.03743320000000949,284.7810904,284.8185236
-1.0,64,56,0.02406419999999798,284.7944594,284.8185236
-1.0,63,78,0.04411770000001525,284.7810904,284.8252081
-1.0,62,88,0.03743320000000949,284.9415184,284.9789516
-1.0,62,80,0.02406419999999798,284.9548874,284.9789516
-1.0,84,55,0.057041066666651354,284.9415184,284.9985594666667
-1.0,62,56,0.02673800000002302,285.1153154,285.1420534
-1.0,66,103,0.05080219999996416,285.10194640000003,285.1527486
-1.0,35,77,0.06951880000002575,285.1046202,285.174139
-1.0,64,56,0.02673800000002302,285.2757434,285.30248140000003
-1.0,56,55,0.06684500000000071,285.2383102,285.3051552
-1.0,79,74,0.048796850000016434,285.2623744,285.31117125000003
-1.0,62,55,0.03743320000000949,285.4228024,285.46023560000003
-1.0,62,56,0.024064200000054825,285.4361714,285.46023560000003
-1.0,77,59,0.05548134999999377,285.4228024,285.47828375
-1.0,66,49,0.033422500000000355,285.5832304,285.61665289999996
-1.0,62,56,0.02406419999999798,285.5965994,285.6206636
-1.0,62,127,0.03743320000000949,285.7436584,285.7810916
-1.0,62,80,0.02406419999999798,285.7570274,285.7810916
-1.0,70,70,0.04278080000000273,285.7436584,285.7864392
-1.0,61,52,0.08021400000001222,285.7169204,285.7971344
-1.0,92,44,0.07219259999999394,285.7436584,285.815851
-1.0,62,55,0.008021400000018275,285.9040864,285.9121078
-1.0,56,76,0.04010699999997769,285.8907174,285.9308244
-1.0,64,56,0.02673800000002302,285.9174554,285.9441934
-1.0,52,75,0.07352950000000646,285.9040864,285.9776159
-1.0,64,56,0.026737999999966178,286.0778834,286.1046214
-1.0,74,66,0.06310168000001112,286.0645144,286.12761608
-1.0,62,80,0.02673800000002302,286.2383114,286.2650494
-1.0,79,61,0.0621658499999711,286.22494240000003,286.28710825
-1.0,62,56,0.026737999999966178,286.3987394,286.4254774
-1.0,56,94,0.06595373333334464,286.3853704,286.45132413333334
-1.0,64,127,0.03743320000000949,286.5457984,286.58323160000003
-1.0,64,56,0.024064200000054825,286.5591674,286.58323160000003
-1.0,70,77,0.04278080000000273,286.5457984,286.5885792
-1.0,56,55,0.061497400000007474,286.551146,286.6126434
-1.0,92,44,0.07219259999999394,286.5457984,286.617991
-1.0,62,55,0.03743320000000949,286.7062264,286.7436596
-1.0,62,56,0.02406419999999798,286.7195954,286.7436596
-1.0,63,76,0.046791500000011865,286.7062264,286.75301790000003
-1.0,62,55,0.03743320000000949,286.8666544,286.9040876
-1.0,62,56,0.02406419999999798,286.8800234,286.9040876
-1.0,84,53,0.04634586666666488,286.8666544,286.9130002666667
-1.0,62,127,0.03743320000000949,287.0270824,287.0645156
-1.0,62,80,0.02406419999999798,287.0404514,287.0645156
-1.0,70,78,0.04278080000000273,287.0270824,287.0698632
-1.0,61,54,0.08021400000001222,287.0030182,287.0832322
-1.0,92,44,0.05882360000003928,287.0270824,287.085906
-1.0,64,127,0.03743320000000949,287.1875104,287.2249436
-1.0,64,56,0.02406419999999798,287.2008794,287.2249436
-1.0,70,82,0.04278080000000273,287.1875104,287.2302912
-1.0,56,55,0.06417119999997567,287.1821628,287.246334
-1.0,73,55,0.08912666666668656,287.1875104,287.2766370666667
-1.0,64,127,0.03743319999995265,287.34793840000003,287.3853716
-1.0,64,56,0.02406419999999798,287.3613074,287.3853716
-1.0,63,78,0.044117699999958404,287.34793840000003,287.3920561
-1.0,62,88,0.03743320000000949,287.5083664,287.5457996
-1.0,62,80,0.02406419999999798,287.5217354,287.5457996
-1.0,84,55,0.057041066666689254,287.5083664,287.56540746666667
-1.0,62,56,0.02673800000002302,287.6821634,287.7089014
-1.0,66,103,0.05080219999999258,287.6687944,287.71959660000005
-1.0,35,77,0.06951880000002575,287.6714682,287.740987
-1.0,64,56,0.02673800000002302,287.8425914,287.8693294
-1.0,92,44,0.04010700000003453,287.8292224,287.8693294
-1.0,56,55,0.06684500000000071,287.8051582,287.8720032
-1.0,56,70,0.03475939999998445,287.9896504,288.0244098
-1.0,62,56,0.026737999999966178,288.0030194,288.0297574
-1.0,70,81,0.20588259999999536,287.8292224,288.035105
-1.0,65,97,0.0548128999999733,287.9896504,288.04446329999996
-1.0,62,77,0.0053475999999932355,288.1500784,288.155426
-1.0,62,56,0.02673800000002302,288.1634474,288.1901854
-1.0,70,82,0.04545460000002777,288.1500784,288.195533
-1.0,62,77,0.0053475999999932355,288.3105064,288.315854
-1.0,62,80,0.026737999999966178,288.3238754,288.3506134
-1.0,70,94,0.04812839999999596,288.3105064,288.3586348
-1.0,64,56,0.02673800000002302,288.4843034,288.5110414
-1.0,70,92,0.045454599999970924,288.47093440000003,288.516389
-1.0,63,127,0.7245998000000213,287.8292224,288.5538222
-1.0,63,127,0.08288779999998042,288.47093440000003,288.5538222
-1.0,62,81,0.0053475999999932355,288.6313624,288.63671
-1.0,35,77,0.14705900000001293,288.489651,288.63671
-1.0,64,56,0.026737999999966178,288.6447314,288.6714694
-1.0,70,96,0.04545460000002777,288.6313624,288.676817
-1.0,56,76,0.04812839999999596,288.6393838,288.6875122
-1.0,62,80,0.02673800000002302,288.8051594,288.8318974
-1.0,65,83,0.045454599999999346,288.7917904,288.83724500000005
-1.0,62,56,0.02673800000002302,288.9655874,288.9923254
-1.0,56,127,0.058823600000010856,288.9522184,289.011042
-1.0,35,77,0.12834240000000818,288.9468708,289.0752132
-1.0,64,56,0.026737999999966178,289.1260154,289.1527534
1.0,67,91,0.3315511999999998,57.005416000000004,57.336967200000004
1.0,55,94,0.532086200000002,57.0027422,57.5348284
1.0,60,64,0.3930486000000002,57.2968602,57.6899088
1.0,64,77,0.2593586000000059,57.4813524,57.740711000000005
1.0,55,81,0.11497340000000378,57.7781442,57.893117600000004
1.0,67,78,0.14171139999999838,57.786165600000004,57.927877
1.0,69,89,0.3556154000000049,58.1043478,58.459963200000004
1.0,57,93,0.41443900000000156,58.101674,58.516113000000004
1.0,61,74,0.24064200000000113,58.4171824,58.6578244
1.0,64,45,0.09358299999999531,58.617717400000004,58.7113004
1.0,61,46,0.03743320000000239,58.7727978,58.810231
1.0,64,35,0.04278080000000273,58.7781454,58.8209262
1.0,57,76,0.14973280000000244,58.7621026,58.9118354
1.0,69,80,0.15508040000000278,58.7674502,58.9225306
1.0,70,93,0.12834239999999397,59.077611000000005,59.2059534
1.0,58,95,0.14973279999999534,59.072263400000004,59.2219962
1.0,69,82,0.3663105999999985,59.385098,59.7514086
1.0,57,77,0.4090914000000012,59.3797504,59.7888418
1.0,62,69,0.20588260000000247,59.7219968,59.9278794
1.0,65,77,0.10427819999999599,59.8824248,59.986703
1.0,71,96,0.2593585999999988,60.0455266,60.3048852
1.0,59,96,0.44117700000000326,60.0428528,60.4840298
1.0,62,61,0.1978612000000055,60.3637088,60.56157
1.0,65,65,0.10427819999999599,60.526810600000005,60.6310888
1.0,57,72,0.07754020000000139,60.6765434,60.7540836
1.0,69,70,0.08288779999999463,60.684564800000004,60.7674526
1.0,69,84,0.2112302000000028,60.8449928,61.056223
1.0,57,88,0.35026779999999746,60.842319,61.1925868
1.0,62,55,0.1818184000000045,61.0375064,61.2193248
1.0,65,58,0.09090919999999869,61.1792178,61.270127
1.0,59,79,0.1443852000000021,61.3396458,61.484031
1.0,71,84,0.14171139999999838,61.347667200000004,61.4893786
1.0,65,89,0.11497339999999667,61.639111400000004,61.7540848
1.0,63,91,0.44518770000000174,61.9465984,62.391786100000004
1.0,62,69,0.23262059999999707,62.259433,62.4920536
1.0,65,66,0.1176472000000004,62.43323,62.5508772
1.0,69,41,0.10160439999999937,62.647134,62.7487384
1.0,71,32,0.14973279999999534,62.633765000000004,62.7834978
1.0,60,98,0.1443852000000021,62.9225354,63.0669206
1.0,72,92,0.1443852000000021,62.927883,63.0722682
1.0,71,90,0.34492020000000423,63.2433914,63.588311600000004
1.0,59,98,0.4304817999999955,63.2407176,63.6711994
1.0,62,78,0.21657780000000315,63.5642474,63.7808252
1.0,65,54,0.09625679999999903,63.7273492,63.823606
1.0,59,79,0.11229960000000005,63.8797558,63.9920554
1.0,71,81,0.12299479999999363,63.8824296,64.0054244
1.0,70,87,0.11764719999999329,64.211307,64.3289542
1.0,58,96,0.1443852000000021,64.2006118,64.344997
1.0,63,91,0.22058850000000518,64.5107726,64.7313611
1.0,60,63,0.20320880000001296,64.8369762,65.04018500000001
1.0,64,61,0.07754020000000139,65.0161208,65.093661
1.0,65,83,0.2232623000000018,65.1712012,65.3944635
1.0,65,82,0.1430482999999967,65.47868820000001,65.6217365
1.0,69,84,0.3663106000000056,65.802218,66.1685286
1.0,57,80,0.4893053999999921,65.8075656,66.296871
1.0,60,61,0.2112302000000028,66.1177264,66.3289566
1.0,64,64,0.09358299999999531,66.2915234,66.3851064
1.0,63,83,0.08823539999999497,66.457299,66.54553440000001
1.0,57,82,0.12834239999999397,66.617727,66.7460694
1.0,69,76,0.15240659999999195,66.6150532,66.7674598
1.0,68,85,0.16310179999999264,66.92788780000001,67.0909896
1.0,56,86,0.18181839999999738,66.9332354,67.1150538
1.0,61,86,0.26737999999999573,67.24607,67.51345
1.0,60,63,0.1711231999999967,67.4519526,67.6230758
1.0,64,58,0.1310162000000048,67.5829688,67.71398500000001
1.0,55,64,0.14171140000000548,67.7460706,67.887782
1.0,67,71,0.16844940000000008,67.7567658,67.9252152
1.0,62,86,0.12032099999998991,68.074948,68.195269
1.0,69,94,0.31016080000000557,68.3851088,68.6952696
1.0,57,95,0.4037438000000009,68.382435,68.7861788
1.0,61,78,0.2513371999999947,68.6979434,68.9492806
1.0,64,57,0.09358300000000952,68.890457,68.98404000000001
1.0,65,66,0.09625680000000614,69.0268208,69.1230776
1.0,57,82,0.16042799999999602,69.0187994,69.1792274
1.0,63,82,0.13636379999999093,69.33163400000001,69.4679978
1.0,69,92,0.38770099999999275,69.6605114,70.0482124
1.0,57,97,0.46791499999999075,69.65783760000001,70.1257526
1.0,62,49,0.21390399999999943,69.99473640000001,70.20864040000001
1.0,65,54,0.09893060000000276,70.1685334,70.267464
1.0,71,88,0.29679180000000827,70.3289614,70.6257532
1.0,59,82,0.3957223999999968,70.32094000000001,70.7166624
1.0,62,71,0.20320879999999875,70.6177318,70.8209406
1.0,65,48,0.09090919999999869,70.7968764,70.8877856
1.0,69,80,0.35026779999999746,70.9466092,71.296877
1.0,57,85,0.43850319999999954,70.9412616,71.3797648
1.0,62,61,0.20588260000000957,71.2861818,71.4920644
1.0,65,37,0.08556159999999124,71.44393600000001,71.5294976
1.0,59,77,0.10962580000000344,71.5856474,71.6952732
1.0,71,79,0.10962579999998923,71.590995,71.7006208
1.0,71,91,0.16844940000000008,71.7674658,71.9359152
1.0,59,91,0.184492199999994,71.7594444,71.9439366
1.0,63,96,0.5374338000000094,72.0829742,72.620408
1.0,62,72,0.16577560000000346,72.5776272,72.7434028
1.0,65,42,0.08556160000000546,72.7353814,72.820943
1.0,57,63,0.07754020000000139,72.887788,72.9653282
1.0,71,28,0.07486640000000477,72.9359164,73.0107828
1.0,69,36,0.11229960000000005,72.927895,73.0401946
1.0,65,91,0.1310161999999977,73.1872536,73.3182698
1.0,63,93,0.4050806999999992,73.489393,73.8944737
1.0,62,66,0.21657779999999605,73.8396608,74.0562386
1.0,65,56,0.10160439999999937,74.00543640000001,74.10704080000001
1.0,57,79,0.1310161999999906,74.16319060000001,74.2942068
1.0,69,79,0.13636379999999804,74.1658644,74.3022282
1.0,58,89,0.07486640000000477,74.4840466,74.558913
1.0,70,79,0.06951879999999733,74.4947418,74.5642606
1.0,63,78,0.39973309999999884,74.7968812,75.1966143
1.0,60,66,0.21390399999999943,75.12843240000001,75.34233640000001
1.0,64,58,0.09893060000000276,75.294208,75.3931386
1.0,63,88,0.16310179999999974,75.44394080000001,75.6070426
1.0,63,85,0.10962580000000344,75.7541016,75.8637274
1.0,55,107,0.3155083999999988,76.0776314,76.3931398
1.0,55,94,0.16042799999999602,76.2327118,76.3931398
1.0,67,104,0.3155083999999988,76.0803052,76.3958136
1.0,67,91,0.1577541999999994,76.2380594,76.3958136
1.0,60,64,0.3930486000000002,76.5268298,76.9198784
1.0,64,77,0.2593585999999988,76.7139958,76.9733544
1.0,55,81,0.11497339999999667,77.0081138,77.1230872
1.0,67,78,0.14171139999999127,77.018809,77.1605204
1.0,69,89,0.3181821999999954,77.1979536,77.5161358
1.0,57,93,0.32085600000000625,77.1952798,77.5161358
1.0,67,91,0.33155120000000693,77.5402,77.8717512
1.0,55,94,0.5320861999999948,77.5375262,78.0696124
1.0,60,64,0.3930486000000002,77.8316442,78.2246928
1.0,64,77,0.2593585999999988,78.01613640000001,78.275495
1.0,55,81,0.11497339999999667,78.3129282,78.4279016
1.0,67,78,0.14171139999999127,78.3209496,78.462661
1.0,69,89,0.3556154000000049,78.6391318,78.9947472
1.0,57,93,0.41443900000000156,78.636458,79.050897
1.0,61,74,0.24064199999999403,78.9519664,79.1926084
1.0,64,45,0.09358299999999531,79.1525014,79.2460844
1.0,61,46,0.03743319999999528,79.30758180000001,79.345015
1.0,64,35,0.04278080000000273,79.3129294,79.3557102
1.0,57,76,0.14973279999999534,79.29688660000001,79.4466194
1.0,69,80,0.15508040000000278,79.3022342,79.4573146
1.0,70,93,0.12834239999999397,79.612395,79.7407374
1.0,58,95,0.14973279999999534,79.6070474,79.7567802
1.0,69,82,0.3663106000000056,79.919882,80.2861926
1.0,57,77,0.4090913999999941,79.91453440000001,80.3236258
1.0,62,69,0.20588259999999536,80.2567808,80.4626634
1.0,65,77,0.1042782000000102,80.4172088,80.52148700000001
1.0,71,96,0.2593585999999988,80.5803106,80.8396692
1.0,59,96,0.44117699999999616,80.57763680000001,81.0188138
1.0,62,61,0.1978612000000055,80.8984928,81.096354
1.0,65,65,0.10427819999999599,81.0615946,81.1658728
1.0,57,72,0.07754020000000139,81.2113274,81.2888676
1.0,69,70,0.08288779999999463,81.2193488,81.3022366
1.0,69,84,0.2112302000000028,81.3797768,81.591007
1.0,57,88,0.35026779999999746,81.377103,81.7273708
1.0,62,55,0.18181839999999738,81.5722904,81.7541088
1.0,65,58,0.09090919999999869,81.7140018,81.804911
1.0,59,79,0.1443852000000021,81.8744298,82.018815
1.0,71,84,0.14171139999999127,81.8824512,82.0241626
1.0,65,89,0.11497339999999667,82.1738954,82.2888688
1.0,63,91,0.4451877000000053,82.4813824,82.9265701
1.0,62,69,0.23262060000000417,82.794217,83.02683760000001
1.0,65,66,0.1176472000000075,82.968014,83.0856612
1.0,69,41,0.10160439999999937,83.181918,83.2835224
1.0,71,32,0.14973280000000955,83.168549,83.31828180000001
1.0,60,98,0.1443852000000021,83.4573194,83.6017046
1.0,72,92,0.1443852000000021,83.462667,83.6070522
1.0,71,90,0.34492020000000423,83.7781754,84.1230956
1.0,59,98,0.4304818000000097,83.7755016,84.20598340000001
1.0,62,78,0.21657779999999605,84.0990314,84.3156092
1.0,65,54,0.09625679999999193,84.26213320000001,84.35839
1.0,59,79,0.11229960000000005,84.4145398,84.5268394
1.0,71,81,0.12299480000000074,84.4172136,84.5402084
1.0,70,87,0.11764719999999329,84.746091,84.8637382
1.0,58,96,0.1443852000000021,84.7353958,84.87978100000001
1.0,63,91,0.22058850000000518,85.0455566,85.2661451
1.0,60,63,0.20320879999999875,85.3717602,85.574969
1.0,64,61,0.07754020000000139,85.5509048,85.628445
1.0,65,83,0.2232623000000018,85.7059852,85.9292475
1.0,65,82,0.1430483000000038,86.0134722,86.1565205
1.0,69,84,0.3663106000000056,86.337002,86.7033126
1.0,57,80,0.4893053999999921,86.3423496,86.831655
1.0,60,61,0.2112302000000028,86.6525104,86.8637406
1.0,64,64,0.09358299999999531,86.8263074,86.9198904
1.0,63,83,0.08823539999999497,86.99208300000001,87.08031840000001
1.0,57,82,0.12834239999999397,87.152511,87.2808534
1.0,69,76,0.15240659999999195,87.14983720000001,87.3022438
1.0,68,85,0.16310180000000685,87.4626718,87.6257736
1.0,56,86,0.18181839999999738,87.4680194,87.6498378
1.0,61,86,0.26737999999999573,87.780854,88.04823400000001
1.0,60,63,0.1711231999999967,87.9867366,88.1578598
1.0,64,58,0.1310161999999906,88.1177528,88.248769
1.0,55,64,0.14171140000000548,88.2808546,88.422566
1.0,67,71,0.16844940000000008,88.2915498,88.4599992
1.0,62,86,0.12032099999998991,88.60973200000001,88.730053
1.0,69,94,0.31016080000000557,88.9198928,89.2300536
1.0,57,95,0.4037438000000009,88.917219,89.3209628
1.0,61,78,0.2513371999999947,89.2327274,89.4840646
1.0,64,57,0.09358299999999531,89.425241,89.518824
1.0,65,66,0.09625680000000614,89.5616048,89.6578616
1.0,57,82,0.16042799999999602,89.55358340000001,89.7140114
1.0,63,82,0.13636380000000514,89.866418,90.00278180000001
1.0,69,92,0.38770099999999275,90.1952954,90.5829964
1.0,57,97,0.46791500000000497,90.1926216,90.6605366
1.0,62,49,0.21390399999999943,90.5295204,90.7434244
1.0,65,54,0.09893060000000276,90.7033174,90.802248
1.0,71,88,0.29679180000000827,90.8637454,91.16053720000001
1.0,59,82,0.395722400000011,90.855724,91.2514464
1.0,62,71,0.20320879999999875,91.1525158,91.3557246
1.0,65,48,0.09090919999999869,91.3316604,91.4225696
1.0,69,80,0.35026779999999746,91.4813932,91.831661
1.0,57,85,0.43850319999999954,91.4760456,91.9145488
1.0,62,61,0.20588260000000957,91.8209658,92.0268484
1.0,65,37,0.08556160000000546,91.97872,92.0642816
1.0,59,77,0.10962580000000344,92.1204314,92.2300572
1.0,71,79,0.10962579999998923,92.12577900000001,92.2354048
1.0,71,91,0.16844940000000008,92.3022498,92.4706992
1.0,59,91,0.184492199999994,92.29422840000001,92.4787206
1.0,63,96,0.5374338000000094,92.6177582,93.155192
1.0,62,72,0.16577560000000346,93.1124112,93.2781868
1.0,65,42,0.08556160000000546,93.2701654,93.355727
1.0,57,63,0.07754020000000139,93.422572,93.5001122
1.0,71,28,0.07486640000000477,93.4707004,93.5455668
1.0,69,36,0.11229960000000005,93.46267900000001,93.57497860000001
1.0,65,91,0.1310161999999977,93.72203760000001,93.8530538
1.0,63,93,0.4050806999999992,94.02417700000001,94.42925770000001
1.0,62,66,0.21657779999999605,94.3744448,94.5910226
1.0,65,56,0.10160439999999937,94.5402204,94.6418248
1.0,57,79,0.1310162000000048,94.6979746,94.8289908
1.0,69,79,0.13636379999999804,94.7006484,94.8370122
1.0,58,89,0.07486640000000477,95.0188306,95.093697
1.0,70,79,0.06951879999999733,95.0295258,95.0990446
1.0,63,78,0.39973309999999884,95.3316652,95.7313983
1.0,60,66,0.21390399999999943,95.6632164,95.8771204
1.0,64,58,0.09893060000000276,95.828992,95.9279226
1.0,63,88,0.16310180000000685,95.9787248,96.1418266
1.0,63,85,0.10962580000000344,96.2888856,96.3985114
1.0,68,104,0.3957223999999968,96.6150892,97.0108116
1.0,56,107,0.4304817999999955,96.6124154,97.0428972
1.0,60,61,0.18716599999999062,96.9600094,97.1471754
1.0,63,88,0.09090919999999869,97.1097422,97.2006514
1.0,62,102,0.17914460000000787,97.259475,97.43861960000001
1.0,62,105,0.28074900000000014,97.5910262,97.8717752
1.0,68,91,0.33155120000000693,98.074984,98.40653520000001
1.0,56,94,0.5320861999999948,98.0723102,98.6043964
1.0,61,64,0.3930486000000002,98.3664282,98.7594768
1.0,65,77,0.259358600000013,98.5509204,98.81027900000001
1.0,56,81,0.11497339999999667,98.8477122,98.9626856
1.0,68,78,0.14171139999999127,98.85573360000001,98.997445
1.0,70,89,0.3556154000000049,99.1739158,99.52953120000001
1.0,58,93,0.41443900000000156,99.171242,99.58568100000001
1.0,62,74,0.24064199999999403,99.4867504,99.7273924
1.0,65,45,0.09358299999999531,99.68728540000001,99.7808684
1.0,62,46,0.03743320000000949,99.8423658,99.879799
1.0,65,35,0.04278080000000273,99.8477134,99.8904942
1.0,58,76,0.14973280000000955,99.8316706,99.9814034
1.0,70,80,0.15508040000000278,99.8370182,99.9920986
1.0,71,93,0.12834239999999397,100.14717900000001,100.2755214
1.0,59,95,0.14973279999999534,100.1418314,100.2915642
1.0,70,82,0.3663106000000056,100.454666,100.82097660000001
1.0,58,77,0.4090914000000083,100.4493184,100.8584098
1.0,63,69,0.20588259999999536,100.7915648,100.9974474
1.0,66,77,0.10427819999999599,100.9519928,101.056271
1.0,72,96,0.2593585999999988,101.1150946,101.3744532
1.0,60,96,0.44117700000001037,101.1124208,101.5535978
1.0,63,61,0.1978612000000055,101.4332768,101.631138
1.0,66,65,0.10427819999999599,101.59637860000001,101.7006568
1.0,58,72,0.07754020000000139,101.7461114,101.8236516
1.0,70,70,0.08288779999999463,101.75413280000001,101.8370206
1.0,70,84,0.2112302000000028,101.9145608,102.125791
1.0,58,88,0.35026779999999746,101.91188700000001,102.2621548
1.0,63,55,0.18181839999999738,102.1070744,102.2888928
1.0,66,58,0.09090919999999869,102.24878580000001,102.339695
1.0,60,79,0.1443852000000021,102.4092138,102.553599
1.0,72,84,0.14171139999999127,102.41723520000001,102.5589466
1.0,66,89,0.11497339999999667,102.70867940000001,102.8236528
1.0,64,91,0.4451877000000053,103.0161664,103.46135410000001
1.0,63,69,0.23262059999998996,103.329001,103.5616216
1.0,66,66,0.1176472000000075,103.502798,103.6204452
1.0,70,41,0.10160439999999937,103.716702,103.8183064
1.0,72,32,0.14973279999999534,103.703333,103.8530658
1.0,61,98,0.1443852000000021,103.9921034,104.1364886
1.0,73,92,0.1443852000000021,103.997451,104.1418362
1.0,72,90,0.34492020000000423,104.3129594,104.6578796
1.0,60,98,0.4304817999999955,104.3102856,104.7407674
1.0,63,78,0.21657779999999605,104.6338154,104.8503932
1.0,66,54,0.09625680000000614,104.7969172,104.893174
1.0,60,79,0.11229960000000005,104.9493238,105.0616234
1.0,72,81,0.12299480000000074,104.9519976,105.0749924
1.0,71,87,0.11764719999999329,105.28087500000001,105.3985222
1.0,59,96,0.1443851999999879,105.27017980000001,105.414565
1.0,64,91,0.22058850000000518,105.5803406,105.8009291
1.0,61,63,0.20320879999999875,105.9065442,106.109753
1.0,65,61,0.07754020000000139,106.0856888,106.163229
1.0,66,83,0.2232623000000018,106.2407692,106.4640315
1.0,66,82,0.1430483000000038,106.5482562,106.6913045
1.0,66,84,0.3663106000000056,106.871786,107.2380966
1.0,54,80,0.4893053999999921,106.87713360000001,107.366439
1.0,61,64,0.09358299999999531,107.3610914,107.4546744
1.0,65,61,0.2112302000000028,107.3557438,107.566974
1.0,62,86,0.26737999999999573,108.315638,108.58301800000001
1.0,61,63,0.1711231999999967,108.5215206,108.6926438
1.0,65,58,0.1310161999999906,108.65253680000001,108.783553
1.0,56,64,0.14171140000000548,108.8156386,108.95735
1.0,68,71,0.16844940000000008,108.8263338,108.9947832
1.0,63,86,0.12032100000000412,109.144516,109.264837
1.0,70,94,0.31016080000000557,109.4546768,109.7648376
1.0,58,95,0.4037438000000009,109.452003,109.8557468
1.0,62,78,0.2513371999999947,109.7675114,110.0188486
1.0,65,57,0.09358299999999531,109.960025,110.053608
1.0,66,66,0.09625680000000614,110.0963888,110.1926456
1.0,58,82,0.16042800000001023,110.0883674,110.2487954
1.0,64,82,0.13636380000000514,110.401202,110.53756580000001
1.0,70,92,0.38770099999999275,110.73007940000001,111.1177804
1.0,58,97,0.46791500000000497,110.7274056,111.1953206
1.0,63,49,0.21390399999999943,111.0643044,111.2782084
1.0,66,54,0.09893060000000276,111.2381014,111.33703200000001
1.0,72,88,0.29679179999999405,111.3985294,111.6953212
1.0,60,82,0.395722400000011,111.390508,111.78623040000001
1.0,63,71,0.20320879999999875,111.6872998,111.8905086
1.0,66,48,0.09090919999999869,111.8664444,111.9573536
1.0,70,80,0.35026779999999746,112.0161772,112.366445
1.0,58,85,0.43850319999999954,112.01082960000001,112.44933280000001
1.0,63,61,0.20588260000000957,112.3557498,112.56163240000001
1.0,66,37,0.08556160000000546,112.513504,112.5990656
1.0,60,77,0.10962580000000344,112.6552154,112.7648412
1.0,72,79,0.10962580000000344,112.660563,112.7701888
1.0,72,91,0.16844940000000008,112.8370338,113.0054832
1.0,60,91,0.1844922000000082,112.8290124,113.0135046
1.0,64,96,0.5374338000000023,113.1525422,113.689976
1.0,63,72,0.16577560000000346,113.6471952,113.8129708
1.0,66,42,0.08556160000000546,113.8049494,113.890511
1.0,58,63,0.07754020000000139,113.957356,114.0348962
1.0,72,28,0.07486640000000477,114.0054844,114.0803508
1.0,70,36,0.11229960000000005,113.997463,114.1097626
1.0,66,91,0.1310162000000119,114.2568216,114.3878378
1.0,64,93,0.4050806999999992,114.558961,114.9640417
1.0,63,66,0.21657779999999605,114.90922880000001,115.1258066
1.0,66,56,0.10160439999999937,115.0750044,115.1766088
1.0,58,79,0.1310162000000048,115.2327586,115.3637748
1.0,70,79,0.13636379999999804,115.23543240000001,115.3717962
1.0,59,89,0.07486640000000477,115.5536146,115.62848100000001
1.0,71,79,0.06951879999999733,115.5643098,115.6338286
1.0,62,78,0.39973309999999884,115.8664492,116.2661823
1.0,61,82,0.1711231999999967,116.20067420000001,116.3717974
1.0,65,67,0.11764719999999329,116.3397118,116.457359
1.0,58,69,0.24331580000000486,116.5001398,116.7434556
1.0,70,37,0.25401100000000554,116.5135088,116.7675198
1.0,62,81,0.3556153999999907,116.8423862,117.1980016
1.0,61,100,0.21390399999999943,117.3183226,117.5322266
1.0,73,104,0.22727299999999673,117.3209964,117.5482694
1.0,68,91,0.3315511999999927,118.609768,118.9413192
1.0,56,94,0.5320861999999948,118.6070942,119.1391804
1.0,61,64,0.3930486000000002,118.9012122,119.2942608
1.0,65,77,0.2593585999999988,119.0857044,119.345063
1.0,56,81,0.11497339999999667,119.3824962,119.4974696
1.0,68,78,0.14171140000000548,119.3905176,119.532229
1.0,70,89,0.3556153999999907,119.7086998,120.0643152
1.0,58,93,0.41443899999998735,119.70602600000001,120.120465
1.0,62,74,0.24064199999999403,120.02153440000001,120.2621764
1.0,65,45,0.09358300000000952,120.2220694,120.3156524
1.0,62,46,0.03743320000000949,120.3771498,120.41458300000001
1.0,65,35,0.04278080000000273,120.3824974,120.42527820000001
1.0,58,76,0.14973280000000955,120.3664546,120.5161874
1.0,70,80,0.15508040000000278,120.3718022,120.52688260000001
1.0,71,93,0.12834240000000818,120.681963,120.8103054
1.0,59,95,0.14973279999999534,120.6766154,120.8263482
1.0,70,82,0.3663105999999914,120.98945,121.3557606
1.0,58,77,0.4090914000000083,120.9841024,121.3931938
1.0,63,69,0.20588259999999536,121.3263488,121.5322314
1.0,66,77,0.10427819999999599,121.4867768,121.591055
1.0,72,96,0.2593585999999988,121.64987860000001,121.9092372
1.0,60,96,0.44117700000001037,121.6472048,122.08838180000001
1.0,63,61,0.1978612000000055,121.9680608,122.16592200000001
1.0,66,65,0.1042782000000102,122.1311626,122.2354408
1.0,58,72,0.07754020000000139,122.2808954,122.3584356
1.0,70,70,0.08288780000000884,122.2889168,122.3718046
1.0,70,84,0.2112302000000028,122.4493448,122.66057500000001
1.0,58,88,0.35026779999999746,122.44667100000001,122.7969388
1.0,63,55,0.18181839999999738,122.6418584,122.8236768
1.0,66,58,0.09090919999999869,122.78356980000001,122.87447900000001
1.0,60,79,0.1443852000000021,122.9439978,123.08838300000001
1.0,72,84,0.14171140000000548,122.9520192,123.0937306
1.0,66,89,0.11497340000001088,123.2434634,123.3584368
1.0,64,91,0.4451876999999911,123.5509504,123.9961381
1.0,63,69,0.23262059999998996,123.86378500000001,124.0964056
1.0,66,66,0.1176472000000075,124.037582,124.15522920000001
1.0,70,41,0.10160439999999937,124.251486,124.3530904
1.0,72,32,0.14973279999999534,124.238117,124.3878498
1.0,61,98,0.1443852000000021,124.5268874,124.67127260000001
1.0,73,92,0.1443852000000021,124.532235,124.6766202
1.0,72,90,0.34492020000000423,124.8477434,125.1926636
1.0,60,98,0.4304817999999955,124.8450696,125.2755514
1.0,63,78,0.21657779999999605,125.1685994,125.3851772
1.0,66,54,0.09625680000000614,125.3317012,125.427958
1.0,60,79,0.11229960000000005,125.4841078,125.5964074
1.0,72,81,0.12299480000000074,125.4867816,125.6097764
1.0,71,87,0.1176472000000075,125.815659,125.9333062
1.0,59,96,0.1443852000000021,125.8049638,125.949349
1.0,64,91,0.22058850000000518,126.1151246,126.3357131
1.0,61,63,0.20320879999999875,126.4413282,126.644537
1.0,65,61,0.07754020000000139,126.6204728,126.698013
1.0,66,83,0.2232623000000018,126.7755532,126.9988155
1.0,66,82,0.1430483000000038,127.0830402,127.2260885
1.0,66,84,0.3663106000000056,127.40657,127.77288060000001
1.0,54,80,0.48930540000000633,127.4119176,127.901223
1.0,61,64,0.09358299999999531,127.89587540000001,127.9894584
1.0,65,61,0.2112301999999886,127.8905278,128.101758
1.0,62,86,0.2673799999999886,128.850422,129.11780199999998
1.0,61,63,0.1711232000000109,129.0563046,129.22742780000002
1.0,65,58,0.1310162000000048,129.1873208,129.318337
1.0,56,64,0.14171139999999127,129.3504226,129.492134
1.0,68,71,0.1684494000000143,129.3611178,129.5295672
1.0,63,86,0.12032099999998991,129.6793,129.799621
1.0,70,94,0.31016080000000557,129.9894608,130.2996216
1.0,58,95,0.4037438000000009,129.986787,130.3905308
1.0,62,78,0.25133720000002313,130.3022954,130.55363260000001
1.0,65,57,0.09358299999999531,130.494809,130.588392
1.0,66,66,0.09625680000000614,130.6311728,130.7274296
1.0,58,82,0.16042799999999602,130.6231514,130.7835794
1.0,64,82,0.13636379999998383,130.935986,131.07234979999998
1.0,70,92,0.38770099999999275,131.2648634,131.6525644
1.0,58,97,0.46791500000000497,131.2621896,131.7301046
1.0,63,49,0.21390400000001364,131.5990884,131.8129924
1.0,66,54,0.09893059999998854,131.7728854,131.871816
1.0,72,88,0.29679179999999405,131.9333134,132.2301052
1.0,60,82,0.3957223999999826,131.925292,132.3210144
1.0,63,71,0.20320879999999875,132.2220838,132.4252926
1.0,66,48,0.09090919999999869,132.4012284,132.4921376
1.0,70,80,0.3502678000000117,132.5509612,132.901229
1.0,58,85,0.43850320000001375,132.5456136,132.9841168
1.0,63,61,0.20588259999999536,132.89053380000001,133.0964164
1.0,66,37,0.08556159999997703,133.048288,133.1338496
1.0,60,77,0.10962580000000344,133.1899994,133.2996252
1.0,72,79,0.10962580000000344,133.195347,133.3049728
1.0,72,91,0.1684494000000143,133.3718178,133.54026720000002
1.0,60,91,0.184492199999994,133.3637964,133.5482886
1.0,64,96,0.5374338000000023,133.6873262,134.22476
1.0,63,72,0.16577559999998925,134.1819792,134.3477548
1.0,66,42,0.08556160000000546,134.3397334,134.425295
1.0,58,63,0.07754019999998718,134.49214,134.5696802
1.0,72,28,0.07486639999999056,134.5402684,134.6151348
1.0,70,36,0.11229960000000005,134.532247,134.6445466
1.0,66,91,0.1310162000000048,134.7916056,134.9226218
1.0,64,93,0.4050806999999992,135.093745,135.4988257
1.0,63,66,0.21657780000001026,135.4440128,135.6605906
1.0,66,56,0.10160439999998516,135.6097884,135.7113928
1.0,58,79,0.13101619999997638,135.7675426,135.8985588
1.0,70,79,0.13636379999999804,135.7702164,135.9065802
1.0,59,89,0.07486639999999056,136.0883986,136.163265
1.0,71,79,0.06951879999999733,136.0990938,136.1686126
1.0,62,78,0.39973309999999174,136.4012332,136.8009663
1.0,61,66,0.21390399999998522,136.7327844,136.9466884
1.0,65,58,0.09893059999998854,136.89856,136.9974906
1.0,64,88,0.16310179999999264,137.0482928,137.2113946
1.0,64,85,0.10962580000001765,137.3584536,137.46807940000002
1.0,69,104,0.395722400000011,137.6846572,138.08037960000001
1.0,57,107,0.4304817999999955,137.6819834,138.1124652
1.0,61,61,0.18716600000001904,138.0295774,138.2167434
1.0,64,88,0.09090919999999869,138.1793102,138.2702194
1.0,63,102,0.17914459999998655,138.329043,138.50818759999999
1.0,63,105,0.28074900000001435,138.6605942,138.9413432
1.0,69,91,0.33155120000000693,139.144552,139.4761032
1.0,57,94,0.5320861999999806,139.1418782,139.6739644
1.0,62,64,0.393048599999986,139.4359962,139.8290448
1.0,66,77,0.259358600000013,139.6204884,139.879847
1.0,57,81,0.11497339999999667,139.9172802,140.0322536
1.0,69,78,0.14171139999999127,139.9253016,140.067013
1.0,71,89,0.3556154000000049,140.2434838,140.5990992
1.0,59,93,0.41443899999998735,140.24081,140.655249
1.0,63,74,0.24064199999997982,140.5563184,140.7969604
1.0,66,45,0.09358299999999531,140.7568534,140.8504364
1.0,63,46,0.03743319999998107,140.9119338,140.949367
1.0,66,35,0.04278080000000273,140.9172814,140.9600622
1.0,59,76,0.14973280000000955,140.9012386,141.0509714
1.0,71,80,0.15508040000000278,140.9065862,141.0616666
1.0,72,93,0.12834240000000818,141.216747,141.3450894
1.0,60,95,0.14973280000000955,141.2113994,141.36113220000001
1.0,71,82,0.3663105999999914,141.524234,141.8905446
1.0,59,77,0.4090913999999941,141.5188864,141.9279778
1.0,64,69,0.20588259999999536,141.8611328,142.0670154
1.0,67,77,0.1042782000000102,142.0215608,142.125839
1.0,73,96,0.259358600000013,142.1846626,142.4440212
1.0,61,96,0.44117700000001037,142.1819888,142.6231658
1.0,64,61,0.1978612000000055,142.5028448,142.700706
1.0,67,65,0.10427819999998178,142.6659466,142.7702248
1.0,59,72,0.0775402000000156,142.8156794,142.8932196
1.0,71,70,0.08288779999998042,142.8237008,142.9065886
1.0,71,84,0.2112301999999886,142.9841288,143.195359
1.0,59,88,0.35026779999998325,142.981455,143.3317228
1.0,64,55,0.18181839999999738,143.1766424,143.3584608
1.0,67,58,0.09090919999999869,143.3183538,143.409263
1.0,61,79,0.1443851999999879,143.4787818,143.623167
1.0,73,84,0.1417114000000197,143.4868032,143.62851460000002
1.0,67,89,0.11497339999999667,143.7782474,143.8932208
1.0,65,91,0.4451876999999911,144.0857344,144.5309221
1.0,64,69,0.23262059999998996,144.398569,144.6311896
1.0,67,66,0.11764719999999329,144.57236600000002,144.6900132
1.0,71,41,0.10160440000001358,144.78627,144.88787440000002
1.0,73,32,0.14973280000000955,144.772901,144.9226338
1.0,62,98,0.1443852000000163,145.0616714,145.2060566
1.0,74,92,0.1443851999999879,145.06701900000002,145.2114042
1.0,73,90,0.34492019999999,145.38252740000001,145.7274476
1.0,61,98,0.4304818000000239,145.3798536,145.8103354
1.0,64,78,0.21657779999998183,145.7033834,145.9199612
1.0,67,54,0.09625679999999193,145.8664852,145.962742
1.0,61,79,0.11229960000000005,146.0188918,146.1311914
1.0,73,81,0.12299479999998653,146.0215656,146.1445604
1.0,72,87,0.11764719999999329,146.350443,146.4680902
1.0,60,96,0.1443852000000163,146.3397478,146.484133
1.0,65,91,0.22058849999999097,146.6499086,146.8704971
1.0,62,63,0.20320880000002717,146.9761122,147.17932100000002
1.0,66,61,0.0775402000000156,147.1552568,147.232797
1.0,67,83,0.223262300000016,147.3103372,147.5335995
1.0,67,82,0.1430483000000038,147.6178242,147.7608725
1.0,67,84,0.3663106000000198,147.941354,148.3076646
1.0,55,80,0.4893053999999779,147.9467016,148.436007
1.0,62,64,0.09358299999999531,148.4306594,148.5242424
1.0,66,61,0.2112301999999886,148.4253118,148.636542
1.0,63,86,0.2673799999999886,149.385206,149.65258599999999
1.0,62,63,0.1711231999999825,149.5910886,149.7622118
1.0,66,58,0.1310162000000048,149.7221048,149.85312100000002
1.0,57,64,0.14171139999999127,149.8852066,150.026918
1.0,69,71,0.1684494000000143,149.8959018,150.0643512
1.0,64,86,0.1203209999999757,150.214084,150.334405
1.0,71,94,0.31016080000000557,150.5242448,150.8344056
1.0,59,95,0.4037438000000009,150.521571,150.9253148
1.0,63,78,0.25133720000002313,150.8370794,151.08841660000002
1.0,66,57,0.09358299999999531,151.029593,151.123176
1.0,67,66,0.09625680000000614,151.1659568,151.2622136
1.0,59,82,0.16042799999999602,151.1579354,151.3183634
1.0,65,82,0.13636379999998383,151.47077000000002,151.60713379999999
1.0,59,98,0.10962580000000344,151.9547278,152.0643536
1.0,59,104,0.19385049999999637,152.1151558,152.3090063
1.0,71,97,0.12299480000001495,152.4493808,152.57237560000002
1.0,55,96,0.14973280000000955,152.433338,152.5830708
1.0,55,104,0.12299479999998653,152.73012980000001,152.8531246
1.0,71,103,0.12299479999998653,152.7354774,152.8584722
1.0,73,110,1.0561509999999998,152.914622,153.970773
1.0,57,104,1.072193800000008,152.9066006,153.9787944
1.0,65,96,0.5374338000000023,154.2221102,154.759544
1.0,64,72,0.16577559999998925,154.7167632,154.8825388
1.0,67,42,0.08556160000000546,154.8745174,154.960079
1.0,59,63,0.07754019999998718,155.026924,155.1044642
1.0,73,28,0.07486639999999056,155.0750524,155.1499188
1.0,71,36,0.11229960000000005,155.06703100000001,155.17933060000001
1.0,67,91,0.1310162000000048,155.3263896,155.4574058
1.0,65,93,0.4050806999999992,155.62852900000001,156.0336097
1.0,64,66,0.21657780000001026,155.9787968,156.1953746
1.0,67,56,0.10160439999998516,156.14457240000002,156.2461768
1.0,59,79,0.13101619999997638,156.30232660000001,156.4333428
1.0,71,79,0.13636379999999804,156.3050004,156.4413642
1.0,60,89,0.07486639999999056,156.6231826,156.698049
1.0,72,79,0.06951879999999733,156.6338778,156.7033966
1.0,62,122,0.09224610000001121,157.1312046,157.2234507
1.0,50,112,0.09625679999999193,157.1418998,157.2381566
1.0,57,79,0.31016080000000557,156.9360172,157.24617800000001
1.0,57,108,0.1042782000000102,157.1418998,157.24617800000001
1.0,69,78,0.3823533999999995,156.9360172,157.3183706
1.0,57,108,0.05614980000001424,157.2889588,157.3451086
1.0,60,116,0.09625680000002035,157.2836112,157.37986800000002
1.0,65,114,0.12834240000000818,157.2889588,157.4173012
1.0,50,113,0.13636379999999804,157.2836112,157.419975
1.0,58,110,0.09692525000000529,157.5697078,157.66663305
1.0,57,107,0.10427819999998178,157.7461786,157.8504568
1.0,60,118,0.11229960000000005,157.7568738,157.8691734
1.0,50,117,0.13903759999999465,157.74083100000001,157.8798686
1.0,65,123,0.11764719999999329,157.767569,157.8852162
1.0,69,106,1.1604291999999816,158.0563394,159.2167686
1.0,60,127,1.1925147999999979,158.0429704,159.2354852
1.0,51,127,1.1871672000000046,158.048318,159.2354852
1.0,58,127,1.1898410000000013,158.0456442,159.2354852
1.0,65,120,1.1978624000000195,158.0509918,159.2488542
1.0,60,127,0.09625680000002035,159.3103516,159.4066084
1.0,60,120,0.10962579999999633,159.3156992,159.42532500000002
1.0,69,91,0.33155120000000693,159.679336,160.0108872
1.0,57,94,0.5320861999999806,159.6766622,160.2087484
1.0,62,64,0.393048599999986,159.9707802,160.3638288
1.0,66,77,0.259358600000013,160.1552724,160.414631
1.0,57,81,0.11497339999999667,160.4520642,160.5670376
1.0,69,78,0.14171139999999127,160.4600856,160.601797
1.0,71,89,0.3556154000000049,160.7782678,161.1338832
1.0,59,93,0.41443899999998735,160.775594,161.190033
1.0,63,74,0.24064199999997982,161.0911024,161.3317444
1.0,66,45,0.09358299999999531,161.2916374,161.3852204
1.0,63,46,0.03743319999998107,161.44671780000002,161.484151
1.0,66,35,0.04278080000000273,161.4520654,161.4948462
1.0,59,76,0.14973280000000955,161.4360226,161.5857554
1.0,71,80,0.15508040000000278,161.4413702,161.5964506
1.0,72,93,0.12834240000000818,161.751531,161.8798734
1.0,60,95,0.14973280000000955,161.7461834,161.89591620000002
1.0,71,82,0.3663105999999914,162.059018,162.4253286
1.0,59,77,0.4090913999999941,162.05367040000002,162.4627618
1.0,64,69,0.20588259999999536,162.3959168,162.6017994
1.0,67,77,0.1042782000000102,162.5563448,162.66062300000002
1.0,73,96,0.259358600000013,162.7194466,162.9788052
1.0,61,96,0.44117700000001037,162.7167728,163.1579498
1.0,64,61,0.1978612000000055,163.0376288,163.23549
1.0,67,65,0.10427819999998178,163.2007306,163.3050088
1.0,59,72,0.0775402000000156,163.3504634,163.4280036
1.0,71,70,0.08288779999998042,163.3584848,163.4413726
1.0,71,84,0.2112301999999886,163.5189128,163.730143
1.0,59,88,0.35026779999998325,163.516239,163.8665068
1.0,64,55,0.18181839999999738,163.7114264,163.8932448
1.0,67,58,0.09090919999999869,163.8531378,163.944047
1.0,61,79,0.1443851999999879,164.0135658,164.157951
1.0,73,84,0.14171139999999127,164.0215872,164.1632986
1.0,67,89,0.11497339999999667,164.3130314,164.4280048
1.0,65,91,0.4451876999999911,164.6205184,165.0657061
1.0,64,69,0.23262059999998996,164.933353,165.1659736
1.0,67,66,0.11764720000002171,165.10715,165.2247972
1.0,71,41,0.10160439999998516,165.321054,165.4226584
1.0,73,32,0.14973280000000955,165.307685,165.4574178
1.0,62,98,0.1443852000000163,165.5964554,165.7408406
1.0,74,92,0.1443852000000163,165.601803,165.7461882
1.0,73,90,0.34492019999999,165.91731140000002,166.2622316
1.0,61,98,0.4304818000000239,165.9146376,166.34511940000002
1.0,64,78,0.21657779999998183,166.2381674,166.4547452
1.0,67,54,0.09625679999999193,166.4012692,166.497526
1.0,61,79,0.11229960000000005,166.5536758,166.6659754
1.0,73,81,0.12299479999998653,166.5563496,166.6793444
1.0,72,87,0.11764719999999329,166.88522700000001,167.0028742
1.0,60,96,0.1443852000000163,166.8745318,167.01891700000002
1.0,65,91,0.22058849999999097,167.1846926,167.4052811
1.0,62,63,0.20320879999999875,167.5108962,167.714105
1.0,66,61,0.0775402000000156,167.6900408,167.767581
1.0,67,83,0.223262300000016,167.8451212,168.0683835
1.0,67,82,0.1430483000000038,168.1526082,168.2956565
1.0,67,84,0.3663106000000198,168.476138,168.8424486
1.0,55,80,0.4893053999999779,168.4814856,168.970791
1.0,62,64,0.09358299999999531,168.9654434,169.0590264
1.0,66,61,0.2112301999999886,168.9600958,169.171326
1.0,63,86,0.2673799999999886,169.91999,170.18737
1.0,62,63,0.1711231999999825,170.1258726,170.2969958
1.0,66,58,0.13101619999997638,170.2568888,170.387905
1.0,57,64,0.14171139999999127,170.4199906,170.561702
1.0,69,71,0.1684494000000143,170.4306858,170.5991352
1.0,64,86,0.1203209999999757,170.74886800000002,170.869189
1.0,71,94,0.31016080000000557,171.0590288,171.3691896
1.0,59,95,0.4037438000000009,171.056355,171.4600988
1.0,63,78,0.2513371999999947,171.3718634,171.6232006
1.0,66,57,0.09358299999999531,171.564377,171.65796
1.0,67,66,0.09625680000000614,171.7007408,171.7969976
1.0,59,82,0.16042799999999602,171.69271940000002,171.8531474
1.0,65,82,0.13636380000001225,172.005554,172.1419178
1.0,59,98,0.10962580000000344,172.4895118,172.5991376
1.0,59,104,0.19385049999999637,172.6499398,172.8437903
1.0,71,97,0.12299480000001495,172.9841648,173.10715960000002
1.0,55,96,0.14973280000000955,172.968122,173.1178548
1.0,55,104,0.12299479999998653,173.26491380000002,173.3879086
1.0,71,103,0.12299479999998653,173.2702614,173.3932562
1.0,73,110,1.0561509999999998,173.449406,174.505557
1.0,57,104,1.072193800000008,173.4413846,174.5135784
1.0,65,96,0.5374338000000023,174.7568942,175.294328
1.0,64,72,0.16577559999998925,175.2515472,175.4173228
1.0,67,42,0.08556160000000546,175.4093014,175.494863
1.0,59,63,0.07754019999998718,175.561708,175.6392482
1.0,73,28,0.07486639999999056,175.6098364,175.6847028
1.0,71,36,0.11229960000000005,175.60181500000002,175.71411460000002
1.0,67,91,0.1310162000000048,175.8611736,175.9921898
1.0,65,93,0.4050806999999992,176.16331300000002,176.5683937
1.0,64,66,0.21657780000001026,176.5135808,176.7301586
1.0,67,56,0.10160440000001358,176.6793564,176.7809608
1.0,59,79,0.13101619999997638,176.83711060000002,176.9681268
1.0,71,79,0.13636379999999804,176.8397844,176.9761482
1.0,60,89,0.07486639999999056,177.1579666,177.232833
1.0,72,79,0.06951879999999733,177.1686618,177.2381806
1.0,63,78,0.39973309999999174,177.4708012,177.8705343
1.0,62,66,0.21390400000001364,177.8023524,178.0162564
1.0,66,58,0.09893059999998854,177.968128,178.0670586
1.0,65,88,0.16310179999999264,178.11786080000002,178.2809626
1.0,65,85,0.10962580000001765,178.4280216,178.53764740000003
1.0,70,104,0.3957223999999826,178.7542252,179.1499476
1.0,58,107,0.4304817999999955,178.7515514,179.1820332
1.0,62,61,0.18716600000001904,179.0991454,179.28631140000002
1.0,65,88,0.09090919999999869,179.2488782,179.3397874
1.0,64,102,0.17914459999998655,179.39861100000002,179.5777556
1.0,64,105,0.28074900000001435,179.7301622,180.0109112
1.0,63,127,0.32085599999999204,180.1900558,180.5109118
1.0,68,96,0.20053500000000213,180.5109118,180.7114468
1.0,62,122,0.34492020000001844,180.6713398,181.01626000000002
1.0,68,93,0.23128370000002008,180.9921958,181.2234795
1.0,64,127,0.3315511999999785,181.3130518,181.644603
1.0,68,86,0.3034762999999998,181.6339078,181.9373841
1.0,61,127,0.3235298000000171,181.9547638,182.2782936
1.0,60,112,0.12299479999998653,182.4360478,182.5590426
1.0,68,61,0.3275404999999978,182.27561980000002,182.6031603
1.0,65,123,0.30481320000001233,182.7569038,183.06171700000002
1.0,70,97,0.24197890000000655,183.0777598,183.31973870000002
1.0,63,127,0.3288774000000103,183.2381878,183.5670652
1.0,70,111,0.3315511999999927,183.5590438,183.89059500000002
1.0,62,127,0.39839620000000764,183.8798998,184.278296
1.0,70,107,0.3248667000000154,184.2007558,184.5256225
1.0,63,127,0.3395725999999968,184.52161180000002,184.8611844
1.0,72,74,0.18983979999998724,184.8424678,185.0323076
1.0,65,123,0.14171139999999127,185.0028958,185.1446072
1.0,68,93,0.3048131999999839,184.8424678,185.147281
1.0,65,127,0.3155083999999988,185.3237518,185.6392602
1.0,70,102,0.24866339999998388,185.64460780000002,185.89327120000002
1.0,63,127,0.3422463999999934,185.8050358,186.1472822
1.0,70,107,0.31818220000000963,186.1258918,186.444074
1.0,62,126,0.37433200000000966,186.4467478,186.8210798
1.0,70,93,0.3235298000000171,186.7676038,187.0911336
1.0,63,127,0.2914442000000008,187.0884598,187.379904
1.0,70,84,0.24465270000000316,187.3291018,187.5737545
1.0,65,127,0.15508040000000278,187.5697438,187.7248242
1.0,63,124,0.3288774000000103,187.8905998,188.2194772
1.0,68,99,0.22058849999999097,188.2114558,188.4320443
1.0,62,124,0.29679179999999405,188.3718838,188.6686756
1.0,68,89,0.17246010000000922,188.6927398,188.8651999
1.0,63,126,0.09625680000002035,188.8531678,188.94942460000001
1.0,67,124,0.15686293333333387,189.17402380000001,189.33088673333336
1.0,66,117,0.35115906666665825,189.4948798,189.84603886666667
1.0,63,104,0.32085600000002046,190.4734906,190.7943466
1.0,70,56,0.16042800000002444,190.7863252,190.94675320000002
1.0,67,77,0.2245992000000001,190.7702824,190.9948816
1.0,62,96,0.35828920000000153,190.9387318,191.297021
1.0,70,55,0.24064200000000824,191.2729568,191.5135988
1.0,67,78,0.30481320000001233,191.2595878,191.564401
1.0,64,105,0.38770099999999275,191.57777000000002,191.965471
1.0,68,70,0.34625710000000254,191.9226902,192.2689473
1.0,61,107,0.3288774000000103,192.2221558,192.5510332
1.0,60,89,0.12834240000000818,192.714135,192.8424774
1.0,67,66,0.3288774000000103,192.5376642,192.8665416
1.0,70,43,0.3422463999999934,192.5456856,192.887932
1.0,65,103,0.31016079999997714,193.03766480000002,193.3478256
1.0,72,63,0.17379700000000753,193.3371304,193.5109274
1.0,68,80,0.2379681999999832,193.3317828,193.569751
1.0,63,102,0.3422463999999934,193.5109274,193.8531738
1.0,72,69,0.2754013999999927,193.82376200000002,194.0991634
1.0,68,83,0.39839620000000764,193.8157406,194.2141368
1.0,62,98,0.35828920000000153,194.1339228,194.492212
1.0,70,66,0.32219289999999035,194.4601264,194.78231929999998
1.0,63,99,0.33689880000000016,194.7622658,195.0991646
1.0,72,54,0.21123020000001702,195.0724266,195.28365680000002
1.0,68,70,0.2647061999999778,195.08312180000001,195.347828
1.0,65,93,0.12032099999998991,195.2863306,195.4066516
1.0,65,100,0.32620359999998527,195.5857962,195.9119998
1.0,72,57,0.17379700000000753,195.9039784,196.0777754
1.0,68,75,0.2620323999999812,195.89060940000002,196.1526418
1.0,63,98,0.3288774000000103,196.083123,196.4120004
1.0,72,67,0.17914460000000076,196.39061,196.5697546
1.0,68,78,0.3823533999999995,196.38526240000002,196.76761580000002
1.0,62,91,0.3770058000000063,196.684728,197.0617338
1.0,72,58,0.18181839999999738,197.0296482,197.2114666
1.0,68,70,0.3529416000000083,197.0243006,197.3772422
1.0,63,92,0.2994655999999907,197.3371352,197.6366008
1.0,72,34,0.14973280000000955,197.6392746,197.7890074
1.0,68,58,0.2887704000000042,197.6232318,197.91200220000002
1.0,65,90,0.1443852000000163,197.8424834,197.9868686
1.0,63,94,0.3021394000000157,198.155318,198.4574574
1.0,70,56,0.16310179999999264,198.4601312,198.623233
1.0,67,71,0.2219254000000035,198.449436,198.6713614
1.0,62,92,0.28609659999997916,198.6339282,198.9200248
1.0,70,30,0.10160439999998516,198.9333938,199.0349982
1.0,67,62,0.16310180000002106,198.9200248,199.0831266
1.0,63,91,0.09090919999999869,199.12590740000002,199.21681660000002
1.0,67,109,0.6477280500000049,199.9708282,200.61855625
1.0,71,91,0.33155120000000693,200.748904,201.08045520000002
1.0,59,94,0.5320861999999806,200.7462302,201.2783164
1.0,64,64,0.393048599999986,201.0403482,201.4333968
1.0,68,77,0.25935859999998456,201.2248404,201.484199
1.0,59,81,0.11497339999999667,201.5216322,201.6366056
1.0,71,78,0.14171139999999127,201.52965360000002,201.671365
1.0,73,89,0.3556154000000049,201.8478358,202.20345120000002
1.0,61,93,0.41443899999998735,201.84516200000002,202.259601
1.0,65,74,0.24064199999997982,202.16067040000001,202.4013124
1.0,68,45,0.09358299999999531,202.36120540000002,202.4547884
1.0,65,46,0.03743320000000949,202.5162858,202.553719
1.0,68,35,0.04278080000000273,202.5216334,202.56441420000002
1.0,61,76,0.14973280000000955,202.5055906,202.65532340000001
1.0,73,80,0.15508040000000278,202.5109382,202.6660186
1.0,74,93,0.12834240000000818,202.821099,202.9494414
1.0,62,95,0.14973279999998113,202.8157514,202.9654842
1.0,73,82,0.3663105999999914,203.128586,203.4948966
1.0,61,77,0.40909140000002253,203.1232384,203.5323298
1.0,66,69,0.20588259999999536,203.4654848,203.6713674
1.0,69,77,0.10427819999998178,203.6259128,203.730191
1.0,75,96,0.259358600000013,203.7890146,204.04837320000001
1.0,63,96,0.44117700000001037,203.7863408,204.22751780000002
1.0,66,61,0.1978612000000055,204.1071968,204.305058
1.0,69,65,0.1042782000000102,204.2702986,204.3745768
1.0,61,72,0.0775402000000156,204.4200314,204.49757160000001
1.0,73,70,0.08288779999998042,204.42805280000002,204.5109406
1.0,73,84,0.2112301999999886,204.5884808,204.799711
1.0,61,88,0.35026779999998325,204.58580700000002,204.9360748
1.0,66,55,0.18181839999999738,204.7809944,204.9628128
1.0,69,58,0.09090919999999869,204.92270580000002,205.01361500000002
1.0,63,79,0.1443851999999879,205.0831338,205.227519
1.0,75,84,0.14171139999999127,205.0911552,205.2328666
1.0,69,89,0.11497339999999667,205.3825994,205.4975728
1.0,67,91,0.4451876999999911,205.6900864,206.1352741
1.0,66,69,0.23262059999998996,206.00292100000001,206.2355416
1.0,69,66,0.11764720000002171,206.176718,206.29436520000002
1.0,73,41,0.10160439999998516,206.390622,206.4922264
1.0,75,32,0.14973280000000955,206.377253,206.5269858
1.0,64,98,0.1443852000000163,206.6660234,206.81040860000002
1.0,76,92,0.1443852000000163,206.671371,206.8157562
1.0,75,90,0.34492020000001844,206.9868794,207.3317996
1.0,63,98,0.4304817999999955,206.9842056,207.4146874
1.0,66,78,0.21657779999998183,207.3077354,207.5243132
1.0,69,54,0.09625679999999193,207.4708372,207.567094
1.0,63,79,0.11229960000000005,207.6232438,207.7355434
1.0,75,81,0.12299479999998653,207.6259176,207.7489124
1.0,74,87,0.11764720000002171,207.954795,208.0724422
1.0,62,96,0.1443851999999879,207.9440998,208.088485
1.0,67,91,0.22058849999999097,208.2542606,208.4748491
1.0,64,63,0.20320879999999875,208.5804642,208.783673
1.0,68,61,0.0775402000000156,208.7596088,208.837149
1.0,69,83,0.223262300000016,208.9146892,209.1379515
1.0,69,82,0.1430483000000038,209.2221762,209.3652245
1.0,73,84,0.3663106000000198,209.545706,209.91201660000002
1.0,61,80,0.4893053999999779,209.55105360000002,210.040359
1.0,64,61,0.21123020000001702,209.8612144,210.0724446
1.0,68,64,0.09358299999999531,210.0350114,210.1285944
1.0,67,83,0.08823540000001628,210.200787,210.28902240000002
1.0,61,82,0.12834239999997976,210.36121500000002,210.4895574
1.0,73,76,0.15240660000000616,210.3585412,210.5109478
1.0,72,85,0.16310180000002106,210.6713758,210.8344776
1.0,60,86,0.18181839999999738,210.67672340000001,210.8585418
1.0,65,86,0.2673799999999886,210.98955800000002,211.256938
1.0,64,63,0.1711231999999825,211.1954406,211.3665638
1.0,68,58,0.13101619999997638,211.32645680000002,211.457473
1.0,59,64,0.14171139999999127,211.4895586,211.63127
1.0,71,71,0.1684494000000143,211.5002538,211.6687032
1.0,66,86,0.12032100000000412,211.818436,211.938757
1.0,73,94,0.31016080000000557,212.1285968,212.4387576
1.0,61,95,0.4037438000000009,212.125923,212.5296668
1.0,65,78,0.2513371999999947,212.4414314,212.6927686
1.0,68,57,0.09358299999999531,212.633945,212.727528
1.0,69,66,0.09625680000000614,212.7703088,212.8665656
1.0,61,82,0.16042800000002444,212.7622874,212.92271540000002
1.0,67,82,0.13636380000001225,213.075122,213.2114858
1.0,73,92,0.38770099999999275,213.4039994,213.7917004
1.0,61,97,0.46791500000000497,213.4013256,213.8692406
1.0,66,49,0.21390399999998522,213.7382244,213.9521284
1.0,69,54,0.09893059999998854,213.91202140000001,214.010952
1.0,75,88,0.29679179999999405,214.0724494,214.3692412
1.0,63,82,0.395722400000011,214.064428,214.4601504
1.0,66,71,0.20320879999999875,214.36121980000001,214.5644286
1.0,69,48,0.09090919999999869,214.54036440000002,214.63127360000001
1.0,73,80,0.3502678000000117,214.6900972,215.040365
1.0,61,85,0.43850320000001375,214.6847496,215.12325280000002
1.0,66,61,0.20588260000002379,215.0296698,215.23555240000002
1.0,69,37,0.08556160000000546,215.187424,215.2729856
1.0,63,77,0.10962580000000344,215.3291354,215.43876120000002
1.0,75,79,0.10962580000000344,215.334483,215.4441088
1.0,75,91,0.16844939999998587,215.5109538,215.6794032
1.0,63,91,0.18449220000002242,215.5029324,215.6874246
1.0,67,96,0.5374338000000023,215.8264622,216.363896
1.0,66,72,0.16577559999998925,216.3211152,216.4868908
1.0,69,42,0.08556160000000546,216.4788694,216.564431
1.0,61,63,0.07754019999998718,216.631276,216.7088162
1.0,75,28,0.07486639999999056,216.6794044,216.7542708
1.0,73,36,0.11229960000000005,216.671383,216.7836826
1.0,69,91,0.1310162000000048,216.9307416,217.0617578
1.0,67,93,0.4050806999999992,217.232881,217.6379617
1.0,66,66,0.21657780000001026,217.5831488,217.7997266
1.0,69,56,0.10160440000001358,217.7489244,217.8505288
1.0,61,79,0.1310162000000048,217.9066786,218.0376948
1.0,73,79,0.13636379999999804,217.90935240000002,218.04571620000002
1.0,63,89,0.07486639999999056,218.2275346,218.302401
1.0,75,79,0.06951879999999733,218.2382298,218.3077486
1.0,67,78,0.39973309999999174,218.54036920000001,218.9401023
1.0,64,94,0.184492199999994,218.8799418,219.064434
1.0,68,74,0.13903759999999465,219.0483912,219.1874288
1.0,59,91,0.3903748000000178,219.211493,219.6018678
1.0,71,85,0.42513420000000224,219.2088192,219.6339534
1.0,64,70,0.2112301999999886,219.492242,219.7034722
1.0,68,71,0.06684500000000071,219.66336520000002,219.73021020000002
1.0,69,87,0.42513420000000224,219.8024028,220.227537
1.0,57,62,0.5294124000000124,219.8157718,220.3451842
1.0,62,91,0.21390400000001364,220.1446492,220.35855320000002
1.0,66,74,0.07486640000001898,220.307751,220.38261740000002
1.0,68,86,0.46791500000000497,220.45481,220.922725
1.0,56,80,0.6203215999999827,220.47085280000002,221.0911744
1.0,64,53,0.1443852000000163,220.9788748,221.12326000000002
1.0,62,87,0.34759400000001506,220.7783398,221.1259338
1.0,66,51,0.1711232000000109,220.976201,221.1473242
1.0,67,92,0.23262059999998996,221.2596238,221.4922444
1.0,64,70,0.1978612000000055,221.4200518,221.61791300000002
1.0,69,75,0.1951874000000089,221.5564156,221.75160300000002
1.0,61,90,0.21390400000001364,221.7221912,221.9360952
1.0,73,86,0.21925159999997845,221.73021260000002,221.9494642
1.0,67,89,0.15106969999999365,222.0483948,222.1994645
1.0,72,103,0.3823533999999995,222.3852936,222.767647
1.0,60,107,0.4304817999999955,222.38261980000001,222.8131016
1.0,64,56,0.22727299999999673,222.6901068,222.9173798
1.0,66,74,0.18181839999999738,222.87459900000002,223.05641740000002
1.0,72,98,0.2112301999999886,223.03235320000002,223.2435834
1.0,60,88,0.2219254000000035,223.021658,223.2435834
1.0,72,85,0.1443851999999879,223.3505354,223.4949206
1.0,60,93,0.1684494000000143,223.3451878,223.5136372
1.0,71,93,0.3422463999999934,223.6687176,224.010964
1.0,59,98,0.4973267999999962,223.6660438,224.1633706
1.0,64,66,0.2914442000000008,223.9735308,224.264975
1.0,68,79,0.19251360000001227,224.1286112,224.3211248
1.0,59,73,0.15508040000000278,224.2997344,224.4548148
1.0,71,81,0.15240660000000616,224.3077558,224.4601624
1.0,60,96,0.1443851999999879,224.6152428,224.759628
1.0,72,96,0.1417114000000197,224.6205904,224.76230180000002
1.0,73,92,0.34492019999999,224.9280774,225.2729976
1.0,61,94,0.4732625999999982,224.9254036,225.3986662
1.0,65,83,0.2486633999999981,225.2435858,225.4922492
1.0,68,66,0.09090919999999869,225.4227304,225.5136396
1.0,74,97,0.14973280000000955,225.6098964,225.7596292
1.0,62,96,0.1978612000000055,225.5992012,225.79706240000002
1.0,67,83,0.20855639999997777,225.90936200000002,226.1179184
1.0,73,93,0.34492019999999,226.230218,226.5751382
1.0,61,94,0.4090913999999941,226.22487040000001,226.6339618
1.0,66,61,0.18716599999999062,226.551074,226.73824
1.0,69,70,0.19251360000001227,226.7061544,226.89866800000001
1.0,75,80,0.13636379999999804,226.87460380000002,227.01096760000001
1.0,63,84,0.15240660000000616,226.8692562,227.0216628
1.0,73,80,0.18181839999999738,227.192786,227.3746044
1.0,61,85,0.1978612000000055,227.1874384,227.3852996
1.0,73,88,0.3716581999999846,227.5109682,227.8826264
1.0,61,93,0.393048599999986,227.5082944,227.901343
1.0,66,62,0.18983979999998724,227.847867,228.0377068
1.0,69,65,0.1577541999999994,227.99759980000002,228.15535400000002
1.0,73,50,0.1042782000000102,228.168723,228.2730012
1.0,61,73,0.13636379999999804,228.1473326,228.2836964
1.0,72,90,0.13369000000000142,228.47086240000002,228.60455240000002
1.0,60,96,0.15508040000000278,228.4655148,228.6205952
1.0,71,86,0.35294159999997987,228.78637080000001,229.1393124
1.0,56,91,0.1951874000000089,228.970863,229.16605040000002
1.0,64,88,0.1978611999999771,228.98690580000002,229.184767
1.0,59,90,0.47593640000002324,228.7810232,229.25695960000002
1.0,59,81,0.10962580000000344,229.1473338,229.25695960000002
1.0,68,82,0.3021394000000157,229.1607028,229.4628422
1.0,71,78,0.32085599999999204,229.438778,229.759634
1.0,64,90,0.3556154000000049,229.4334304,229.7890458
1.0,64,82,0.02406419999999798,229.7649816,229.7890458
1.0,59,76,0.24064200000000824,229.7569602,229.99760220000002
1.0,53,100,0.3155083999999988,230.0751424,230.3906508
1.0,61,87,0.3502678000000117,230.08049,230.4307578
1.0,65,94,0.33689880000000016,230.3986722,230.735571
1.0,56,83,0.3556154000000049,230.4093674,230.7649828
1.0,68,75,0.3422464000000218,230.7141806,231.056427
1.0,59,80,0.3689844000000164,230.735571,231.1045554
1.0,65,86,0.28074900000001435,231.0457318,231.3264808
1.0,56,82,0.3048131999999839,231.0591008,231.363914
1.0,66,90,0.3422463999999934,231.3585664,231.7008128
1.0,57,88,0.3556154000000049,231.377283,231.7328984
1.0,65,82,0.34893089999999916,231.6874438,232.0363747
1.0,66,94,0.06417120000000409,232.0029522,232.0671234
1.0,73,80,0.3181821999999954,232.01899500000002,232.3371772
1.0,66,73,0.3342249999999751,232.33450340000002,232.6687284
1.0,61,66,0.33422500000000355,232.339851,232.674076
1.0,59,85,0.35828920000000153,232.65001180000002,233.00830100000002
1.0,51,97,0.35828920000000153,232.6526856,233.0109748
1.0,54,90,0.3529416000000083,232.9842368,233.3371784
1.0,63,78,0.368984399999988,232.9708678,233.3398522
1.0,66,88,0.32620359999998527,233.30241900000001,233.6286226
1.0,59,83,0.33689880000000016,233.2970714,233.6339702
1.0,54,96,0.16310179999999264,233.6179274,233.7810292
1.0,63,94,0.20053500000000213,233.609906,233.810441
1.0,60,94,0.10294129999998347,234.0938638,234.1968051
1.0,60,95,0.16176489999999433,234.2542918,234.4160567
1.0,58,103,0.10561510000000851,234.5751478,234.6807629
1.0,58,103,0.23262060000001838,234.7355758,234.9681964
1.0,57,105,0.47861019999999144,235.0564318,235.535042
1.0,65,94,0.33689880000000016,235.5510848,235.8879836
1.0,56,83,0.3556154000000049,235.5430634,235.8986788
1.0,68,75,0.3422463999999934,235.8478766,236.190123
1.0,59,80,0.368984399999988,235.869267,236.2382514
1.0,65,86,0.2807489999999859,236.1794278,236.4601768
1.0,56,82,0.30481320000001233,236.1927968,236.49761
1.0,66,90,0.3422463999999934,236.49226240000002,236.8345088
1.0,57,88,0.3556154000000049,236.510979,236.8665944
1.0,65,82,0.34893089999999916,236.8211398,237.1700707
1.0,66,94,0.050802200000021,237.1366482,237.18745040000002
1.0,73,80,0.3181821999999954,237.152691,237.4708732
1.0,61,66,0.1711232000000109,237.473547,237.6446702
1.0,66,73,0.17647080000000415,237.4708732,237.647344
1.0,65,94,0.33689880000000016,240.6660642,241.002963
1.0,56,83,0.3556154000000049,240.6767594,241.0323748
1.0,68,75,0.3422464000000218,240.9815726,241.32381900000001
1.0,59,80,0.3689844000000164,241.002963,241.3719474
1.0,65,86,0.28074900000001435,241.3131238,241.5938728
1.0,56,82,0.3048131999999839,241.3264928,241.631306
1.0,66,90,0.3422463999999934,241.6259584,241.9682048
1.0,57,88,0.3556154000000049,241.644675,242.0002904
1.0,65,82,0.34893089999999916,241.9548358,242.3037667
1.0,73,80,0.31818220000002384,242.286387,242.60456920000001
1.0,66,94,0.38502719999999613,242.2703442,242.6553714
1.0,66,73,0.05080219999999258,242.60456920000001,242.6553714
1.0,61,66,0.1711231999999825,242.607243,242.7783662
1.0,59,85,0.35828920000000153,242.91740380000002,243.27569300000002
1.0,51,97,0.35828920000000153,242.9200776,243.27836680000001
1.0,54,90,0.3529416000000083,243.2516288,243.6045704
1.0,63,78,0.368984399999988,243.2382598,243.6072442
1.0,66,88,0.32620359999998527,243.56981100000002,243.8960146
1.0,59,83,0.36096299999999815,243.5644634,243.9254264
1.0,54,96,0.16310179999999264,243.88531940000001,244.0484212
1.0,63,94,0.20053500000000213,243.877298,244.077833
1.0,60,94,0.10294129999998347,244.3612558,244.46419709999998
1.0,60,95,0.16176489999999433,244.5216838,244.68344869999999
1.0,58,103,0.10561510000000851,244.8425398,244.94815490000002
1.0,58,103,0.23262060000001838,245.0029678,245.2355884
1.0,65,112,0.48128399999998805,245.3238238,245.8051078
1.0,65,94,0.0053475999999932355,245.7997602,245.8051078
1.0,49,99,0.48128399999998805,245.3238238,245.8051078
1.0,56,83,0.3556154000000049,245.8104554,246.1660708
1.0,68,75,0.3422463999999934,246.1152686,246.457515
1.0,59,80,0.368984399999988,246.136659,246.5056434
1.0,65,86,0.2807489999999859,246.44681980000001,246.7275688
1.0,56,82,0.30481320000001233,246.4601888,246.765002
1.0,66,90,0.3422463999999934,246.75965440000002,247.1019008
1.0,57,88,0.3556154000000049,246.778371,247.1339864
1.0,65,82,0.34893089999999916,247.0885318,247.4374627
1.0,73,80,0.3181821999999954,247.420083,247.7382652
1.0,66,94,0.38502719999999613,247.4040402,247.7890674
1.0,66,73,0.05080219999999258,247.7382652,247.7890674
1.0,61,66,0.1711232000000109,247.740939,247.9120622
1.0,59,85,0.35828920000000153,248.0510998,248.409389
1.0,51,97,0.35828920000000153,248.0537736,248.4120628
1.0,54,90,0.3529416000000083,248.3853248,248.73826640000001
1.0,63,78,0.3689844000000164,248.3719558,248.7409402
1.0,66,88,0.3262036000000137,248.703507,249.02971060000002
1.0,59,83,0.36096299999999815,248.6981594,249.0591224
1.0,54,96,0.16310179999999264,249.0190154,249.1821172
1.0,63,94,0.20053500000000213,249.010994,249.211529
1.0,56,91,0.19518739999998047,249.505647,249.7008344
1.0,64,88,0.1978611999999771,249.52168980000002,249.719551
1.0,68,82,0.3021394000000157,249.6954868,249.9976262
1.0,59,81,0.32352979999998865,249.68211780000001,250.0056476
1.0,71,78,0.32085599999999204,249.97356200000002,250.294418
1.0,64,90,0.3556154000000049,249.9682144,250.3238298
1.0,64,82,0.02406419999999798,250.2997656,250.3238298
1.0,59,76,0.24064199999997982,250.2917442,250.5323862
1.0,53,100,0.3155083999999988,250.6099264,250.9254348
1.0,61,87,0.3502678000000117,250.615274,250.9655418
1.0,65,94,0.33689880000000016,250.9334562,251.270355
1.0,56,83,0.3556154000000049,250.9441514,251.29976680000001
1.0,68,75,0.3422464000000218,251.2489646,251.59121100000002
1.0,59,80,0.3689844000000164,251.270355,251.6393394
1.0,65,86,0.28074900000001435,251.5805158,251.86126480000001
1.0,56,82,0.3048131999999839,251.5938848,251.898698
1.0,66,90,0.3422463999999934,251.8933504,252.2355968
1.0,57,88,0.3556154000000049,251.912067,252.2676824
1.0,65,82,0.34893089999999916,252.2222278,252.5711587
1.0,73,80,0.31818220000002384,252.553779,252.87196120000002
1.0,66,94,0.38502719999999613,252.5377362,252.9227634
1.0,66,73,0.05080219999999258,252.87196120000002,252.9227634
1.0,61,66,0.1711231999999825,252.874635,253.0457582
1.0,59,85,0.3582891999999731,253.18479580000002,253.543085
1.0,51,97,0.35828920000000153,253.18746960000001,253.54575880000002
1.0,54,90,0.3529416000000083,253.5190208,253.8719624
1.0,63,78,0.368984399999988,253.5056518,253.8746362
1.0,66,88,0.32620359999998527,253.83720300000002,254.1634066
1.0,59,83,0.36096299999999815,253.8318554,254.1928184
1.0,54,96,0.16310179999999264,254.15271140000002,254.3158132
1.0,63,94,0.20053500000000213,254.14469,254.345225
1.0,60,94,0.10294129999998347,254.6286478,254.7315891
1.0,60,95,0.16176489999999433,254.7890758,254.95084070000001
1.0,58,103,0.10561510000000851,255.1099318,255.2155469
1.0,58,103,0.23262060000001838,255.2703598,255.5029804
1.0,65,112,0.48128399999998805,255.59121580000001,256.0724998
1.0,65,94,0.0053475999999932355,256.0671522,256.0724998
1.0,49,99,0.48128399999998805,255.59121580000001,256.0724998
1.0,56,83,0.35561540000003333,256.0778474,256.43346280000003
1.0,68,75,0.3422464000000218,256.3826606,256.72490700000003
1.0,59,80,0.36898440000004484,256.404051,256.7730354
1.0,59,93,0.08342256000001953,257.8372078,257.92063036
1.0,59,83,0.08395731999999043,257.9976358,258.08159312
1.0,59,74,0.08235304000003225,258.1580638,258.24041684
1.0,59,97,0.8417122400000039,258.3184918,259.16020404
1.0,65,94,0.3368988000000286,259.9147504,260.25164920000003
1.0,56,83,0.35561540000003333,259.9254456,260.281061
1.0,68,75,0.3422464000000218,260.2302588,260.5725052
1.0,59,80,0.368984399999988,260.254323,260.6233074
1.0,65,86,0.28074900000001435,260.56181,260.842559
1.0,56,82,0.30481320000001233,260.575179,260.8799922
1.0,66,90,0.3422464000000218,260.8746446,261.21689100000003
1.0,57,88,0.3556153999999765,260.8933612,261.2489766
1.0,61,82,0.3395725999999968,261.2061958,261.5457684
1.0,69,83,0.35828920000000153,261.203522,261.5618112
1.0,73,80,0.31818220000002384,261.5350732,261.8532554
1.0,66,94,0.3850271999999677,261.5190304,261.9040576
1.0,66,73,0.05080219999996416,261.8532554,261.9040576
1.0,61,66,0.1711232000000109,261.8559292,262.0270524
1.0,59,85,0.35828920000000153,262.16609,262.5243792
1.0,51,97,0.35828920000000153,262.1687638,262.527053
1.0,54,90,0.35294159999995145,262.5029888,262.8559304
1.0,63,78,0.368984399999988,262.4896198,262.8586042
1.0,66,88,0.32620359999998527,262.8184972,263.1447008
1.0,59,83,0.36096300000002657,262.8158234,263.1767864
1.0,54,96,0.16310179999999264,263.1366794,263.2997812
1.0,63,94,0.20053500000000213,263.12865800000003,263.32919300000003
1.0,60,94,0.10294129999999768,263.6126158,263.7155571
1.0,60,95,0.16176490000003696,263.7730438,263.9348087
1.0,58,103,0.10561509999996588,264.09389980000003,264.1995149
1.0,58,103,0.23262060000001838,264.2543278,264.4869484
1.0,65,112,0.4812840000000165,264.5751838,265.0564678
1.0,65,94,0.008021400000018275,265.0484464,265.0564678
1.0,49,99,0.4812840000000165,264.5751838,265.0564678
1.0,56,83,0.3556153999999765,265.05914160000003,265.414757
1.0,68,75,0.3422464000000218,265.3639548,265.7062012
1.0,59,80,0.36898440000004484,265.388019,265.75700340000003
1.0,65,86,0.2807489999999575,265.695506,265.976255
1.0,56,82,0.30481320000001233,265.708875,266.0136882
1.0,66,90,0.3422464000000218,266.0083406,266.350587
1.0,57,88,0.3556153999999765,266.0270572,266.3826726
1.0,61,82,0.3395725999999968,266.33989180000003,266.67946440000003
1.0,69,83,0.35828920000000153,266.337218,266.6955072
1.0,73,80,0.31818220000002384,266.6687692,266.9869514
1.0,66,94,0.38502720000002455,266.6527264,267.03775360000003
1.0,66,73,0.050802200000021,266.9869514,267.03775360000003
1.0,61,66,0.1711232000000109,266.9896252,267.1607484
1.0,59,85,0.35828920000000153,267.299786,267.6580752
1.0,51,97,0.35828920000000153,267.3024598,267.660749
1.0,54,90,0.3529416000000083,267.6366848,267.9896264
1.0,63,78,0.368984399999988,267.6233158,267.9923002
1.0,66,88,0.32620359999998527,267.9521932,268.2783968
1.0,59,83,0.36096300000002657,267.9495194,268.3104824
1.0,54,96,0.16310180000004948,268.2703754,268.4334772
1.0,63,94,0.20053500000000213,268.262354,268.462889
1.0,56,91,0.1951874000000089,268.7543332,268.9495206
1.0,64,88,0.19786120000003393,268.770376,268.96823720000003
1.0,68,82,0.30213940000004413,268.944173,269.2463124
1.0,59,81,0.32352979999996023,268.930804,269.2543338
1.0,71,78,0.32085599999999204,269.2222482,269.5431042
1.0,64,90,0.35561540000003333,269.2195744,269.57518980000003
1.0,64,82,0.02673800000002302,269.5484518,269.57518980000003
1.0,59,76,0.24064200000003666,269.5404304,269.7810724
1.0,53,100,0.3155083999999988,269.8612864,270.1767948
1.0,61,87,0.35026779999998325,269.8639602,270.214228
1.0,65,94,0.33689879999997174,270.18214240000003,270.5190412
1.0,56,83,0.3556153999999765,270.1928376,270.548453
1.0,68,75,0.342246399999965,270.49765080000003,270.8398972
1.0,59,80,0.368984399999988,270.52171500000003,270.8906994
1.0,65,86,0.28074900000001435,270.829202,271.109951
1.0,56,82,0.30481320000001233,270.842571,271.14738420000003
1.0,66,90,0.3422464000000218,271.1420366,271.484283
1.0,57,88,0.35561540000003333,271.1607532,271.5163686
1.0,61,82,0.3395725999999968,271.4735878,271.8131604
1.0,69,83,0.35828920000000153,271.470914,271.8292032
1.0,73,80,0.318182199999967,271.80246520000003,272.1206474
1.0,66,94,0.38502720000002455,271.7864224,272.1714496
1.0,66,73,0.050802200000021,272.1206474,272.1714496
1.0,61,66,0.1711232000000109,272.1233212,272.29444440000003
1.0,59,85,0.35828920000000153,272.433482,272.7917712
1.0,51,97,0.35828920000000153,272.4361558,272.794445
1.0,54,90,0.3529416000000083,272.7703808,273.1233224
1.0,63,78,0.36898440000004484,272.7570118,273.12599620000003
1.0,66,88,0.32620359999998527,273.0858892,273.4120928
1.0,59,83,0.3609629999999697,273.08321540000003,273.4441784
1.0,54,96,0.16310179999999264,273.4040714,273.5671732
1.0,63,94,0.20053500000000213,273.39605,273.596585
1.0,60,94,0.1029413000000261,273.8800078,273.98294910000004
1.0,60,95,0.16176489999998012,274.0404358,274.2022007
1.0,58,103,0.1056150999999943,274.3612918,274.4669069
1.0,58,103,0.23262059999996154,274.5217198,274.7543404
1.0,65,112,0.48128399999995963,274.8425758,275.3238598
1.0,65,94,0.008021399999961432,275.3158384,275.3238598
1.0,49,99,0.48128399999995963,274.8425758,275.3238598
1.0,56,83,0.3556153999999765,275.3265336,275.682149
1.0,68,75,0.342246399999965,275.6313468,275.9735932
1.0,59,80,0.368984399999988,275.655411,276.0243954
1.0,65,86,0.28074900000001435,275.962898,276.243647
1.0,56,82,0.30481320000001233,275.976267,276.2810802
1.0,66,90,0.342246399999965,276.2757326,276.617979
1.0,57,88,0.3556153999999765,276.29444920000003,276.6500646
1.0,61,82,0.3395725999999968,276.6072838,276.9468564
1.0,69,83,0.35828920000000153,276.60461,276.9628992
1.0,73,80,0.318182199999967,276.9361612,277.2543434
1.0,66,94,0.38502720000002455,276.9201184,277.3051456
1.0,66,73,0.050802200000021,277.2543434,277.3051456
1.0,61,66,0.1711232000000109,277.2570172,277.4281404
1.0,59,85,0.35828920000000153,277.567178,277.9254672
1.0,51,97,0.35828920000000153,277.5698518,277.928141
1.0,54,90,0.3529416000000083,277.9040768,278.2570184
1.0,63,78,0.368984399999988,277.89070780000003,278.2596922
1.0,66,88,0.3262036000000421,278.2195852,278.5457888
1.0,59,83,0.3609629999999697,278.2169114,278.5778744
1.0,54,96,0.16310179999999264,278.5377674,278.7008692
1.0,63,94,0.20053500000000213,278.529746,278.730281
1.0,56,91,0.19518739999995205,279.01370380000003,279.2088912
1.0,64,88,0.19786120000003393,279.0217252,279.2195864
1.0,68,82,0.30213940000004413,279.2035436,279.50568300000003
1.0,59,81,0.3235298000000171,279.198196,279.5217258
1.0,71,78,0.32085599999999204,279.4896402,279.8104962
1.0,64,90,0.32887739999995347,279.48696640000003,279.8158438
1.0,59,76,0.23796820000001162,279.8078224,280.04579060000003
1.0,64,82,0.23796820000001162,279.8158438,280.053812
1.0,52,100,10.438515199999983,280.1286784,290.5671936
21.0,81,103,0.12834240000000108,15.4572378,15.5855802
21.0,79,103,0.11497340000000023,15.7433344,15.8583078
21.0,81,103,0.10160439999999937,15.935848,16.0374524
21.0,81,103,0.10427819999999954,16.1524258,16.256704
21.0,79,103,0.09358299999999886,16.3984154,16.4919984
21.0,81,103,0.11497340000000023,16.6016242,16.7165976
21.0,79,104,0.08556159999999835,16.8476138,16.9331754
21.0,81,104,0.10962579999999988,17.0481488,17.1577746
21.0,79,104,0.06417119999999699,17.3556358,17.419807
21.0,81,104,0.12299480000000074,17.64708,17.7700748
21.0,83,104,0.1443852000000021,17.8262246,17.970609800000002
21.0,79,104,0.09625679999999903,18.114995,18.2112518
21.0,81,104,0.13101620000000125,18.3101824,18.4411986
21.0,79,104,0.12299479999999718,20.254035000000002,20.3770298
21.0,81,104,0.1443852000000021,20.4358534,20.5802386
21.0,79,104,0.1363638000000016,20.6524312,20.788795
21.0,81,104,0.10160440000000293,20.8797042,20.981308600000002
21.0,81,105,0.12032100000000057,21.189865,21.310186
21.0,79,105,0.10695199999999971,21.510721,21.617673
21.0,81,105,0.12299480000000074,21.6764966,21.7994914
21.0,79,105,0.10695199999999971,21.8930744,22.0000264
21.0,81,105,0.10695199999999971,22.165802,22.272754
21.0,79,105,0.09893060000000276,22.500027,22.598957600000002
21.0,84,105,0.1497327999999989,22.7968188,22.9465516
21.0,83,105,0.2754013999999998,22.9759634,23.2513648
21.0,79,105,0.12032099999999701,23.26206,23.382381
21.0,81,105,0.45721980000000073,23.4438784,23.9010982
21.0,79,106,0.1390375999999982,25.3797096,25.5187472
21.0,81,106,0.15508039999999923,25.550832800000002,25.7059132
21.0,79,106,0.10695199999999971,25.7834534,25.8904054
21.0,72,106,0.09625679999999903,26.042812,26.1390688
21.0,72,106,0.17379700000000042,26.363668,26.537465
21.0,79,106,0.14705899999999872,26.6470908,26.7941498
21.0,81,106,0.16844940000000008,26.8502996,27.018749
21.0,79,106,0.0855616000000019,27.0668774,27.152439
21.0,73,106,0.10160440000000293,27.3422788,27.443883200000002
21.0,73,106,0.14171139999999838,27.6577872,27.7994986
21.0,79,106,0.1443852000000021,27.9599266,28.1043118
21.0,81,106,0.2834228000000003,28.1577878,28.4412106
21.0,79,106,0.1577541999999994,28.4144726,28.5722268
21.0,74,106,0.13101620000000125,28.623029,28.7540452
21.0,79,107,0.14973280000000244,30.5294484,30.679181200000002
21.0,81,107,0.1577541999999994,30.7112668,30.869021
21.0,79,107,0.11497340000000023,30.9251708,31.0401442
21.0,81,107,0.08823540000000207,31.1925508,31.2807862
21.0,81,107,0.10962579999999988,31.4946902,31.604316
21.0,79,107,0.10962579999999988,31.7834606,31.8930864
21.0,81,107,0.1310161999999977,31.978648,32.1096642
21.0,79,107,0.10427819999999599,32.2353328,32.339611
21.0,81,107,0.09893059999999565,32.459932,32.5588626
21.0,81,107,0.09625680000000614,32.7727666,32.8690234
21.0,79,107,0.10160439999999937,33.0775798,33.1791842
21.0,81,107,0.10695199999999971,33.395762,33.502714
21.0,79,108,0.12834240000000108,33.5722328,33.7005752
21.0,81,108,0.24331580000000486,33.8957626,34.1390784
21.0,81,108,0.12834239999999397,35.9920218,36.1203642
21.0,79,108,0.11497339999999667,36.278118400000004,36.3930918
21.0,81,108,0.10160439999999937,36.470632,36.5722364
21.0,81,108,0.1042782000000031,36.6872098,36.791488
21.0,79,108,0.09358300000000241,36.9331994,37.0267824
21.0,81,108,0.11497340000000378,37.1364082,37.2513816
21.0,79,108,0.08556159999999835,37.3823978,37.4679594
21.0,81,108,0.10962579999999633,37.5829328,37.6925586
21.0,79,109,0.06417119999999699,37.890419800000004,37.954591
21.0,81,109,0.12299480000000074,38.181864,38.3048588
21.0,83,109,0.1443852000000021,38.3610086,38.5053938
21.0,79,109,0.09625679999999903,38.649779,38.7460358
21.0,81,109,0.1310161999999977,38.844966400000004,38.9759826
21.0,79,109,0.12299479999999363,40.788819000000004,40.9118138
21.0,81,109,0.1443852000000021,40.9706374,41.1150226
21.0,79,109,0.13636379999999804,41.187215200000004,41.323579
21.0,81,109,0.10160439999999937,41.4144882,41.5160926
21.0,81,109,0.12032100000000412,41.724649,41.84497
21.0,79,110,0.10695199999999971,42.045505,42.152457
21.0,81,110,0.12299480000000074,42.2112806,42.3342754
21.0,79,110,0.10695199999999971,42.4278584,42.5348104
21.0,81,110,0.10695199999999971,42.700586,42.807538
21.0,79,110,0.09893060000000276,43.034811,43.1337416
21.0,84,110,0.14973280000000244,43.3316028,43.4813356
21.0,83,110,0.2754013999999998,43.5107474,43.7861488
21.0,79,110,0.12032100000000412,43.796844,43.917165000000004
21.0,81,110,0.4572198000000043,43.9786624,44.4358822
21.0,76,110,0.10160439999999937,44.5936364,44.6952408
21.0,79,110,0.13903760000000176,45.9144936,46.0535312
21.0,81,111,0.15508039999999568,46.085616800000004,46.2406972
21.0,79,111,0.10695199999999971,46.3182374,46.4251894
21.0,72,111,0.09625679999999903,46.577596,46.6738528
21.0,72,111,0.17379700000000042,46.898452,47.072249
21.0,79,111,0.14705899999999872,47.1818748,47.3289338
21.0,81,111,0.16844940000000008,47.3850836,47.553533
21.0,79,111,0.08556160000000546,47.6016614,47.687223
21.0,73,111,0.10160440000000648,47.8770628,47.978667200000004
21.0,73,111,0.14171139999999838,48.1925712,48.3342826
21.0,79,111,0.1443852000000021,48.4947106,48.6390958
21.0,81,111,0.28342279999999676,48.6925718,48.9759946
21.0,79,111,0.1577541999999994,48.9492566,49.1070108
21.0,74,111,0.1310161999999977,49.157813000000004,49.2888292
21.0,79,112,0.14973280000000244,51.0642324,51.213965200000004
21.0,81,112,0.1577541999999994,51.2460508,51.403805
21.0,79,112,0.11497340000000378,51.4599548,51.5749282
21.0,81,112,0.08823540000000207,51.7273348,51.8155702
21.0,81,112,0.10962579999999633,52.0294742,52.1391
21.0,79,112,0.10962580000000344,52.3182446,52.4278704
21.0,81,112,0.1310161999999977,52.513432,52.6444482
21.0,79,112,0.10427819999999599,52.770116800000004,52.874395
21.0,81,112,0.09893059999999565,52.994716000000004,53.0936466
21.0,81,112,0.09625679999999903,53.3075506,53.4038074
21.0,79,112,0.10160439999999937,53.612363800000004,53.713968200000004
21.0,81,112,0.10695199999999971,53.930546,54.037498
21.0,79,112,0.12834239999999397,54.107016800000004,54.2353592
21.0,81,113,0.14973280000000244,54.4305466,54.5802794
21.0,76,127,0.17379700000000042,54.759424,54.933221
21.0,81,113,0.12834240000000108,56.5268058,56.6551482
21.0,79,113,0.11497340000000378,56.8129024,56.9278758
21.0,81,113,0.10160439999999937,57.005416000000004,57.1070204
21.0,81,113,0.1042782000000031,57.2219938,57.326272
21.0,79,113,0.09358300000000241,57.4679834,57.561566400000004
21.0,81,113,0.11497340000000378,57.6711922,57.786165600000004
21.0,79,113,0.08556159999999835,57.9171818,58.0027434
21.0,81,113,0.10962579999999633,58.117716800000004,58.2273426
21.0,79,113,0.06417120000000409,58.4252038,58.489375
21.0,81,114,0.12299480000000074,58.716648,58.8396428
21.0,83,114,0.1443852000000021,58.8957926,59.0401778
21.0,79,114,0.09625679999999903,59.184563000000004,59.2808198
21.0,81,114,0.1310162000000048,59.3797504,59.510766600000004
21.0,79,114,0.12299480000000074,61.323603,61.4465978
21.0,81,114,0.144385199999995,61.5054214,61.6498066
21.0,79,114,0.13636380000000514,61.7219992,61.858363000000004
21.0,81,114,0.10160439999999937,61.9492722,62.0508766
21.0,81,114,0.12032099999999701,62.259433,62.379754
21.0,79,114,0.10695199999999971,62.580289,62.687241
21.0,81,115,0.12299479999999363,62.746064600000004,62.8690594
21.0,79,115,0.10695199999999971,62.9626424,63.0695944
21.0,81,115,0.10695199999999971,63.23537,63.342322
21.0,79,115,0.09893060000000276,63.569595,63.6685256
21.0,84,115,0.14973279999999534,63.8663868,64.0161196
21.0,83,115,0.2754013999999927,64.0455314,64.3209328
21.0,79,115,0.12032100000000412,64.331628,64.451949
21.0,81,115,0.4572197999999901,64.5134464,64.9706662
21.0,76,115,0.10160439999999937,65.1284204,65.2300248
21.0,79,115,0.13903759999999465,66.4492776,66.5883152
21.0,81,115,0.15508040000000278,66.6204008,66.7754812
21.0,79,116,0.10695199999999261,66.8530214,66.9599734
21.0,72,116,0.09625680000000614,67.11238,67.20863680000001
21.0,72,116,0.17379699999999332,67.43323600000001,67.607033
21.0,79,116,0.14705899999999872,67.7166588,67.8637178
21.0,81,116,0.16844940000000008,67.9198676,68.088317
21.0,79,116,0.08556160000000546,68.1364454,68.222007
21.0,73,116,0.10160439999999937,68.4118468,68.5134512
21.0,73,116,0.14171139999999127,68.7273552,68.8690666
21.0,79,116,0.1443851999999879,69.0294946,69.1738798
21.0,81,116,0.28342279999999676,69.2273558,69.5107786
21.0,79,116,0.1577541999999994,69.4840406,69.6417948
21.0,74,116,0.1310161999999906,69.692597,69.8236132
21.0,79,117,0.14973280000000955,71.5990164,71.7487492
21.0,81,117,0.1577541999999994,71.78083480000001,71.93858900000001
21.0,79,117,0.11497339999999667,71.99473880000001,72.1097122
21.0,81,117,0.08823540000000207,72.2621188,72.3503542
21.0,81,117,0.10962580000000344,72.5642582,72.673884
21.0,79,117,0.10962580000000344,72.8530286,72.9626544
21.0,81,117,0.1310162000000048,73.048216,73.1792322
21.0,79,117,0.10427819999999599,73.3049008,73.409179
21.0,81,117,0.09893060000000276,73.5295,73.6284306
21.0,81,117,0.09625680000000614,73.8423346,73.9385914
21.0,79,117,0.10160439999999937,74.1471478,74.2487522
21.0,81,117,0.10695200000000682,74.46533,74.572282
21.0,79,117,0.12834240000000818,74.6418008,74.7701432
21.0,81,117,0.24331580000000486,74.9653306,75.2086464
21.0,81,118,0.12834239999999397,77.06158980000001,77.1899322
21.0,79,118,0.11497339999999667,77.3476864,77.4626598
21.0,81,118,0.10160439999999937,77.5402,77.6418044
21.0,81,118,0.1042782000000102,77.7567778,77.861056
21.0,79,118,0.09358300000000952,78.0027674,78.0963504
21.0,81,118,0.11497340000001088,78.2059762,78.3209496
21.0,79,118,0.08556160000000546,78.4519658,78.5375274
21.0,81,118,0.10962580000000344,78.6525008,78.7621266
21.0,79,118,0.06417119999998988,78.95998780000001,79.024159
21.0,81,118,0.12299479999998653,79.25143200000001,79.3744268
21.0,83,119,0.1443852000000021,79.4305766,79.5749618
21.0,79,119,0.09625680000000614,79.719347,79.8156038
21.0,81,119,0.1310161999999906,79.91453440000001,80.0455506
21.0,79,119,0.12299480000000074,81.85838700000001,81.98138180000001
21.0,81,119,0.1443852000000021,82.0402054,82.1845906
21.0,79,119,0.13636379999999804,82.2567832,82.393147
21.0,81,119,0.10160439999999937,82.4840562,82.5856606
21.0,81,119,0.12032100000000412,82.794217,82.91453800000001
21.0,79,119,0.10695200000000682,83.115073,83.222025
21.0,81,119,0.12299480000000074,83.2808486,83.4038434
21.0,79,119,0.10695200000000682,83.4974264,83.6043784
21.0,81,120,0.10695199999999261,83.770154,83.877106
21.0,79,120,0.09893060000000276,84.104379,84.2033096
21.0,84,120,0.14973279999999534,84.4011708,84.5509036
21.0,83,120,0.2754013999999927,84.5803154,84.8557168
21.0,79,120,0.12032100000000412,84.866412,84.986733
21.0,81,120,0.4572197999999901,85.04823040000001,85.5054502
21.0,76,120,0.10160439999999937,85.6632044,85.7648088
21.0,79,120,0.13903759999999465,86.9840616,87.1230992
21.0,81,120,0.15508040000000278,87.1551848,87.3102652
21.0,79,120,0.10695199999999261,87.3878054,87.4947574
21.0,72,120,0.09625679999999193,87.647164,87.7434208
21.0,72,121,0.17379700000000753,87.96802,88.141817
21.0,79,121,0.14705899999999872,88.2514428,88.3985018
21.0,81,121,0.16844940000000008,88.4546516,88.623101
21.0,79,121,0.08556160000000546,88.6712294,88.756791
21.0,73,121,0.10160439999999937,88.94663080000001,89.04823520000001
21.0,73,121,0.14171139999999127,89.26213920000001,89.4038506
21.0,79,121,0.1443851999999879,89.56427860000001,89.7086638
21.0,81,121,0.28342279999999676,89.7621398,90.0455626
21.0,79,121,0.1577541999999994,90.0188246,90.1765788
21.0,74,121,0.1310161999999906,90.22738100000001,90.3583972
21.0,79,122,0.14973280000000955,92.1338004,92.28353320000001
21.0,81,122,0.1577541999999994,92.3156188,92.473373
21.0,79,122,0.11497340000001088,92.5295228,92.6444962
21.0,81,122,0.08823540000000207,92.7969028,92.8851382
21.0,81,122,0.10962580000000344,93.0990422,93.208668
21.0,79,122,0.10962580000000344,93.3878126,93.49743840000001
21.0,81,122,0.1310162000000048,93.583,93.7140162
21.0,79,122,0.10427819999999599,93.8396848,93.943963
21.0,81,122,0.09893060000000276,94.064284,94.1632146
21.0,81,122,0.09625679999999193,94.3771186,94.4733754
21.0,79,122,0.10160439999999937,94.6819318,94.7835362
21.0,81,122,0.10695200000000682,95.000114,95.107066
21.0,79,122,0.12834240000000818,95.1765848,95.30492720000001
21.0,81,122,0.24331580000000486,95.5001146,95.74343040000001
21.0,82,123,0.12834240000000818,97.5963738,97.7247162
21.0,80,123,0.11497339999999667,97.8824704,97.9974438
21.0,82,123,0.10160439999999937,98.074984,98.1765884
21.0,82,123,0.1042782000000102,98.2915618,98.39584
21.0,80,123,0.09358300000000952,98.5375514,98.63113440000001
21.0,82,123,0.11497340000001088,98.7407602,98.85573360000001
21.0,80,123,0.08556160000000546,98.9867498,99.0723114
21.0,82,123,0.10962580000000344,99.1872848,99.2969106
21.0,80,123,0.06417120000000409,99.4947718,99.558943
21.0,82,123,0.12299480000000074,99.786216,99.9092108
21.0,84,123,0.1443852000000021,99.9653606,100.1097458
21.0,80,124,0.09625680000000614,100.254131,100.35038780000001
21.0,82,124,0.1310162000000048,100.4493184,100.5803346
21.0,80,124,0.12299480000000074,102.393171,102.5161658
21.0,82,124,0.1443851999999879,102.5749894,102.7193746
21.0,80,124,0.13636379999999804,102.7915672,102.927931
21.0,82,124,0.10160439999999937,103.0188402,103.1204446
21.0,82,124,0.12032099999998991,103.329001,103.449322
21.0,80,124,0.10695200000000682,103.649857,103.756809
21.0,82,124,0.12299480000000074,103.8156326,103.9386274
21.0,80,124,0.10695200000000682,104.0322104,104.1391624
21.0,82,124,0.10695199999999261,104.304938,104.41189
21.0,80,125,0.09893060000000276,104.639163,104.7380936
21.0,85,125,0.14973279999999534,104.9359548,105.0856876
21.0,84,125,0.2754013999999927,105.1150994,105.3905008
21.0,80,125,0.12032100000000412,105.401196,105.521517
21.0,82,125,0.4572198000000043,105.5830144,106.0402342
21.0,77,125,0.10160439999999937,106.1979884,106.2995928
21.0,80,125,0.13903759999999465,107.5188456,107.6578832
21.0,82,125,0.15508040000000278,107.6899688,107.8450492
21.0,80,125,0.10695199999999261,107.9225894,108.0295414
21.0,73,125,0.09625679999999193,108.181948,108.2782048
21.0,73,125,0.17379700000000753,108.502804,108.676601
21.0,80,126,0.14705899999999872,108.78622680000001,108.93328580000001
21.0,82,126,0.16844940000000008,108.98943560000001,109.15788500000001
21.0,80,126,0.08556160000000546,109.2060134,109.29157500000001
21.0,74,126,0.10160439999999937,109.4814148,109.5830192
21.0,74,126,0.14171139999999127,109.79692320000001,109.9386346
21.0,80,126,0.1443852000000021,110.0990626,110.2434478
21.0,82,126,0.28342279999999676,110.2969238,110.5803466
21.0,80,126,0.1577541999999994,110.5536086,110.7113628
21.0,75,126,0.1310162000000048,110.762165,110.8931812
21.0,80,126,0.14973279999999534,112.6685844,112.8183172
21.0,82,127,0.1577541999999994,112.8504028,113.008157
21.0,80,127,0.11497340000001088,113.0643068,113.17928020000001
21.0,82,127,0.08823540000000207,113.3316868,113.4199222
21.0,82,127,0.10962580000000344,113.6338262,113.743452
21.0,80,127,0.10962580000000344,113.9225966,114.03222240000001
21.0,82,127,0.1310162000000048,114.117784,114.2488002
21.0,80,127,0.10427819999999599,114.3744688,114.478747
21.0,82,127,0.09893060000000276,114.599068,114.6979986
21.0,82,127,0.09625679999999193,114.9119026,115.0081594
21.0,80,127,0.10160439999999937,115.2167158,115.3183202
21.0,82,127,0.10695200000000682,115.534898,115.64185
21.0,80,127,0.12834239999999397,115.7113688,115.8397112
21.0,82,127,0.24331579999999065,116.0348986,116.2782144
21.0,82,127,0.12834240000000818,118.1311578,118.2595002
21.0,80,127,0.11497339999999667,118.4172544,118.5322278
21.0,82,127,0.10160439999999937,118.609768,118.7113724
21.0,82,127,0.1042782000000102,118.8263458,118.93062400000001
21.0,80,127,0.09358299999999531,119.0723354,119.1659184
21.0,82,127,0.11497339999999667,119.2755442,119.3905176
21.0,80,127,0.08556160000000546,119.5215338,119.6070954
21.0,82,127,0.10962580000000344,119.7220688,119.8316946
21.0,80,127,0.06417120000000409,120.0295558,120.093727
21.0,82,127,0.12299480000000074,120.321,120.4439948
21.0,84,127,0.1443852000000021,120.5001446,120.6445298
21.0,80,127,0.09625680000000614,120.788915,120.88517180000001
21.0,82,127,0.1310162000000048,120.9841024,121.1151186
21.0,80,127,0.12299480000000074,122.927955,123.0509498
21.0,82,127,0.1443851999999879,123.10977340000001,123.2541586
21.0,80,127,0.13636379999999804,123.3263512,123.462715
21.0,82,127,0.10160439999999937,123.5536242,123.6552286
21.0,82,127,0.12032099999998991,123.86378500000001,123.984106
21.0,80,127,0.10695200000000682,124.184641,124.291593
21.0,82,127,0.12299480000000074,124.3504166,124.4734114
21.0,80,127,0.10695200000000682,124.5669944,124.6739464
21.0,82,127,0.10695199999999261,124.83972200000001,124.946674
21.0,80,127,0.09893060000000276,125.173947,125.2728776
21.0,85,127,0.14973279999999534,125.4707388,125.6204716
21.0,84,127,0.2754013999999927,125.64988340000001,125.9252848
21.0,80,127,0.12032100000000412,125.93598,126.056301
21.0,82,127,0.4572198000000043,126.1177984,126.5750182
21.0,77,127,0.10160439999999937,126.7327724,126.8343768
21.0,80,127,0.13903759999999465,128.0536296,128.1926672
21.0,82,127,0.15508040000000278,128.2247528,128.3798332
21.0,80,127,0.10695200000000682,128.4573734,128.5643254
21.0,73,127,0.09625679999999193,128.716732,128.8129888
21.0,73,127,0.17379700000000753,129.037588,129.211385
21.0,80,127,0.1470589999999845,129.3210108,129.4680698
21.0,82,127,0.16844939999998587,129.5242196,129.692669
21.0,80,127,0.08556160000000546,129.7407974,129.826359
21.0,74,127,0.10160439999998516,130.0161988,130.1178032
21.0,74,127,0.14171139999999127,130.3317072,130.4734186
21.0,80,127,0.1443852000000163,130.6338466,130.77823180000001
21.0,82,127,0.28342280000001097,130.8317078,131.11513060000001
21.0,80,127,0.1577541999999994,131.0883926,131.2461468
21.0,75,127,0.13101619999997638,131.296949,131.4279652
21.0,80,127,0.14973279999998113,133.20336840000002,133.3531012
21.0,82,127,0.1577541999999994,133.3851868,133.542941
21.0,80,127,0.11497339999999667,133.5990908,133.7140642
21.0,82,127,0.08823540000000207,133.8664708,133.9547062
21.0,82,127,0.10962580000000344,134.1686102,134.278236
21.0,80,127,0.10962580000000344,134.4573806,134.5670064
21.0,82,127,0.1310162000000048,134.652568,134.7835842
21.0,80,127,0.1042782000000102,134.9092528,135.013531
21.0,82,127,0.09893060000001697,135.133852,135.2327826
21.0,82,127,0.09625680000002035,135.4466866,135.5429434
21.0,80,127,0.10160439999998516,135.7514998,135.8531042
21.0,82,127,0.10695200000000682,136.069682,136.176634
21.0,80,127,0.12834240000000818,136.2461528,136.3744952
21.0,82,127,0.24331580000000486,136.5696826,136.8129984
21.0,83,127,0.12834239999997976,138.6659418,138.7942842
21.0,81,127,0.11497339999999667,138.9520384,139.0670118
21.0,83,127,0.10160439999998516,139.144552,139.2461564
21.0,83,127,0.10427819999998178,139.36112980000001,139.465408
21.0,81,127,0.09358299999999531,139.60711940000002,139.7007024
21.0,83,127,0.11497339999999667,139.81032820000001,139.9253016
21.0,81,127,0.08556159999997703,140.05631780000002,140.1418794
21.0,83,127,0.10962580000000344,140.2568528,140.3664786
21.0,81,127,0.06417120000000409,140.5643398,140.628511
21.0,83,127,0.12299480000001495,140.855784,140.97877880000001
21.0,85,127,0.1443851999999879,141.0349286,141.1793138
21.0,81,127,0.09625679999999193,141.323699,141.4199558
21.0,83,127,0.13101619999997638,141.5188864,141.6499026
21.0,81,127,0.12299480000001495,143.462739,143.5857338
21.0,83,127,0.1443852000000163,143.6445574,143.7889426
21.0,81,127,0.13636379999999804,143.8611352,143.997499
21.0,83,127,0.10160439999998516,144.0884082,144.1900126
21.0,83,127,0.12032099999998991,144.398569,144.51889
21.0,81,127,0.10695200000000682,144.719425,144.826377
21.0,83,127,0.12299480000001495,144.8852006,145.0081954
21.0,81,127,0.10695200000000682,145.1017784,145.2087304
21.0,83,127,0.10695200000000682,145.374506,145.481458
21.0,81,127,0.09893059999998854,145.708731,145.8076616
21.0,86,127,0.14973280000000955,146.0055228,146.1552556
21.0,85,127,0.2754014000000211,146.1846674,146.46006880000002
21.0,81,127,0.12032099999998991,146.470764,146.591085
21.0,83,127,0.4572197999999901,146.6525824,147.1098022
21.0,78,127,0.10160440000001358,147.2675564,147.3691608
21.0,81,127,0.13903759999999465,148.5884136,148.7274512
21.0,83,127,0.15508040000000278,148.7595368,148.9146172
21.0,81,127,0.10695200000000682,148.9921574,149.0991094
21.0,74,127,0.09625679999999193,149.251516,149.3477728
21.0,74,127,0.17379700000000753,149.572372,149.746169
21.0,81,127,0.1470589999999845,149.8557948,150.0028538
21.0,83,127,0.16844939999998587,150.0590036,150.227453
21.0,81,127,0.08556160000000546,150.2755814,150.361143
21.0,75,127,0.10160439999998516,150.5509828,150.6525872
21.0,75,127,0.14171139999999127,150.8664912,151.0082026
21.0,81,127,0.1443852000000163,151.1686306,151.31301580000002
21.0,83,127,0.28342280000001097,151.3664918,151.64991460000002
21.0,81,127,0.1577541999999994,151.6231766,151.7809308
21.0,76,127,0.13101619999997638,151.831733,151.9627492
21.0,81,127,0.14973280000000955,153.7381524,153.8878852
21.0,83,127,0.1577541999999994,153.91997080000002,154.07772500000002
21.0,81,127,0.11497339999999667,154.1338748,154.2488482
21.0,83,127,0.08823540000000207,154.4012548,154.4894902
21.0,83,127,0.10962580000000344,154.7033942,154.81302
21.0,81,127,0.10962580000000344,154.9921646,155.1017904
21.0,83,127,0.1310162000000048,155.187352,155.3183682
21.0,81,127,0.1042782000000102,155.4440368,155.548315
21.0,83,127,0.09893060000001697,155.668636,155.7675666
21.0,83,127,0.09625680000002035,155.9814706,156.07772740000001
21.0,81,127,0.10160439999998516,156.2862838,156.3878882
21.0,83,127,0.10695200000000682,156.604466,156.711418
21.0,81,127,0.12834240000000818,156.7809368,156.90927920000001
21.0,83,127,0.24331580000000486,157.1044666,157.3477824
21.0,83,127,0.12834239999997976,159.20072580000001,159.3290682
21.0,81,127,0.11497339999999667,159.4868224,159.6017958
21.0,83,127,0.10160439999998516,159.679336,159.7809404
21.0,83,127,0.10427819999998178,159.89591380000002,160.000192
21.0,81,127,0.09358300000002373,160.1419034,160.2354864
21.0,83,127,0.11497339999999667,160.34511220000002,160.4600856
21.0,81,127,0.08556160000000546,160.5911018,160.6766634
21.0,83,127,0.10962580000000344,160.7916368,160.9012626
21.0,81,127,0.06417120000000409,161.0991238,161.163295
21.0,83,127,0.12299480000001495,161.390568,161.51356280000002
21.0,85,127,0.1443851999999879,161.5697126,161.7140978
21.0,81,127,0.09625679999999193,161.858483,161.9547398
21.0,83,127,0.13101619999997638,162.05367040000002,162.1846866
21.0,81,127,0.12299480000001495,163.997523,164.12051780000002
21.0,83,127,0.1443852000000163,164.1793414,164.32372660000001
21.0,81,127,0.13636379999999804,164.3959192,164.532283
21.0,83,127,0.10160439999998516,164.6231922,164.7247966
21.0,83,127,0.12032099999998991,164.933353,165.053674
21.0,81,127,0.10695200000000682,165.254209,165.361161
21.0,83,127,0.12299480000001495,165.4199846,165.5429794
21.0,81,127,0.10695200000000682,165.6365624,165.7435144
21.0,83,127,0.10695200000000682,165.90929,166.016242
21.0,81,127,0.09893059999998854,166.243515,166.3424456
21.0,86,127,0.14973280000000955,166.5403068,166.6900396
21.0,85,127,0.2754013999999927,166.7194514,166.9948528
21.0,81,127,0.12032099999998991,167.005548,167.125869
21.0,83,127,0.4572197999999901,167.1873664,167.6445862
21.0,78,127,0.10160440000001358,167.8023404,167.9039448
21.0,81,127,0.13903759999999465,169.1231976,169.2622352
21.0,83,127,0.15508040000000278,169.2943208,169.4494012
21.0,81,127,0.10695200000000682,169.5269414,169.6338934
21.0,74,127,0.09625679999999193,169.7863,169.8825568
21.0,74,127,0.17379700000000753,170.107156,170.280953
21.0,81,127,0.1470589999999845,170.39057880000001,170.5376378
21.0,83,127,0.16844939999998587,170.5937876,170.762237
21.0,81,127,0.08556160000000546,170.8103654,170.895927
21.0,75,127,0.10160439999998516,171.08576680000002,171.1873712
21.0,75,127,0.14171139999999127,171.40127520000001,171.5429866
21.0,81,127,0.1443851999999879,171.7034146,171.8477998
21.0,83,127,0.28342279999998254,171.9012758,172.1846986
21.0,81,127,0.1577541999999994,172.1579606,172.3157148
21.0,76,127,0.13101619999997638,172.36651700000002,172.4975332
21.0,81,127,0.14973280000000955,174.2729364,174.4226692
21.0,83,127,0.15775420000002782,174.4547548,174.61250900000002
21.0,81,127,0.11497339999999667,174.6686588,174.7836322
21.0,83,127,0.08823540000000207,174.9360388,175.0242742
21.0,83,127,0.10962580000000344,175.2381782,175.347804
21.0,81,127,0.10962580000000344,175.5269486,175.6365744
21.0,83,127,0.1310162000000048,175.722136,175.8531522
21.0,81,127,0.1042782000000102,175.9788208,176.083099
21.0,83,127,0.09893060000001697,176.20342,176.3023506
21.0,83,127,0.09625680000002035,176.5162546,176.61251140000002
21.0,81,127,0.10160439999998516,176.8210678,176.9226722
21.0,83,127,0.10695200000000682,177.13925,177.246202
21.0,81,127,0.12834240000000818,177.3157208,177.44406320000002
21.0,83,127,0.24331580000000486,177.6392506,177.8825664
21.0,84,127,0.12834239999997976,179.73550980000002,179.8638522
21.0,82,127,0.11497339999999667,180.0216064,180.1365798
21.0,84,127,0.10160439999998516,180.21412,180.3157244
21.0,84,127,0.1042782000000102,180.4306978,180.534976
21.0,82,127,0.09358300000002373,180.6766874,180.77027040000002
21.0,84,127,0.1149734000000251,180.8798962,180.99486960000002
21.0,82,127,0.08556160000000546,181.1258858,181.2114474
21.0,84,127,0.10962580000000344,181.3264208,181.4360466
21.0,82,127,0.06417120000000409,181.6339078,181.698079
21.0,84,127,0.12299479999998653,181.925352,182.0483468
21.0,86,127,0.1443851999999879,182.1044966,182.2488818
21.0,82,127,0.09625679999999193,182.393267,182.4895238
21.0,84,127,0.1310162000000048,182.5884544,182.7194706
21.0,80,127,0.24598959999997305,182.85850820000002,183.1044978
21.0,82,127,0.12299479999998653,184.532307,184.6553018
21.0,84,127,0.1443852000000163,184.7141254,184.85851060000002
21.0,82,127,0.13636379999999804,184.9307032,185.067067
21.0,84,127,0.10160439999998516,185.1579762,185.2595806
21.0,84,127,0.12032099999998991,185.468137,185.588458
21.0,82,127,0.10695200000000682,185.788993,185.895945
21.0,84,127,0.12299480000001495,185.9547686,186.0777634
21.0,82,127,0.10695200000000682,186.1713464,186.2782984
21.0,84,127,0.10695200000000682,186.444074,186.551026
21.0,82,127,0.09893059999998854,186.778299,186.8772296
21.0,87,127,0.14973280000000955,187.0750908,187.2248236
21.0,86,127,0.2754013999999927,187.2542354,187.5296368
21.0,82,127,0.12032099999998991,187.540332,187.660653
21.0,84,127,0.4572197999999901,187.7221504,188.1793702
21.0,79,127,0.10160440000001358,188.3371244,188.4387288
21.0,82,127,0.13903759999999465,189.6579816,189.7970192
21.0,84,127,0.15508040000000278,189.8291048,189.9841852
21.0,82,127,0.10695200000000682,190.0617254,190.1686774
21.0,75,127,0.09625679999999193,190.321084,190.4173408
21.0,75,127,0.17379700000000753,190.64194,190.815737
21.0,82,127,0.1470589999999845,190.92536280000002,191.0724218
21.0,84,127,0.16844939999998587,191.12857160000001,191.297021
21.0,82,127,0.08556160000000546,191.3451494,191.430711
21.0,76,127,0.10160440000001358,191.6205508,191.7221552
21.0,76,127,0.14171139999999127,191.93605920000002,192.0777706
21.0,82,127,0.1443851999999879,192.2381986,192.3825838
21.0,84,127,0.28342279999998254,192.4360598,192.7194826
21.0,82,127,0.1577541999999994,192.6927446,192.8504988
21.0,77,127,0.1310162000000048,192.901301,193.0323172
21.0,82,127,0.14973280000000955,194.8077204,194.9574532
21.0,84,127,0.1577541999999994,194.9895388,195.147293
21.0,82,127,0.11497339999999667,195.2034428,195.3184162
21.0,84,127,0.08823540000000207,195.4708228,195.5590582
21.0,84,127,0.10962580000000344,195.7729622,195.882588
21.0,82,127,0.10962580000000344,196.0617326,196.1713584
21.0,84,127,0.1310162000000048,196.25692,196.3879362
21.0,82,127,0.1042782000000102,196.5136048,196.617883
21.0,84,127,0.09893060000001697,196.738204,196.8371346
21.0,84,127,0.09625679999999193,197.0510386,197.1472954
21.0,82,127,0.10160439999998516,197.3558518,197.4574562
21.0,84,127,0.10695200000000682,197.674034,197.780986
21.0,82,127,0.12834239999997976,197.8505048,197.9788472
21.0,84,127,0.24331580000000486,198.1740346,198.4173504
21.0,85,127,0.12834240000000818,200.2702938,200.3986362
21.0,83,127,0.11497339999999667,200.5563904,200.6713638
21.0,85,127,0.10160439999998516,200.748904,200.8505084
21.0,85,127,0.1042782000000102,200.9654818,201.06976
21.0,83,127,0.09358300000002373,201.2114714,201.30505440000002
21.0,85,127,0.1149734000000251,201.4146802,201.52965360000002
21.0,83,127,0.08556160000000546,201.6606698,201.7462314
21.0,85,127,0.10962580000000344,201.8612048,201.9708306
21.0,83,127,0.06417120000000409,202.1686918,202.232863
21.0,85,127,0.12299479999998653,202.460136,202.5831308
21.0,87,127,0.1443851999999879,202.6392806,202.7836658
21.0,83,127,0.09625679999999193,202.928051,203.0243078
21.0,85,127,0.1310162000000048,203.1232384,203.2542546
21.0,83,127,0.12299479999998653,205.067091,205.1900858
21.0,85,127,0.1443851999999879,205.2489094,205.3932946
21.0,83,127,0.13636379999999804,205.4654872,205.601851
21.0,85,127,0.10160439999998516,205.6927602,205.7943646
21.0,85,127,0.12032099999998991,206.00292100000001,206.123242
21.0,83,127,0.10695200000000682,206.323777,206.430729
21.0,85,127,0.12299480000001495,206.4895526,206.6125474
21.0,83,127,0.10695200000000682,206.7061304,206.8130824
21.0,85,127,0.10695200000000682,206.978858,207.08581
21.0,83,127,0.09893059999998854,207.313083,207.4120136
21.0,88,127,0.14973280000000955,207.6098748,207.7596076
21.0,87,127,0.2754013999999927,207.7890194,208.0644208
21.0,83,127,0.12032099999998991,208.075116,208.195437
21.0,85,127,0.4572197999999901,208.2569344,208.7141542
21.0,80,127,0.10160440000001358,208.8719084,208.9735128
21.0,83,127,0.13903759999999465,210.1927656,210.3318032
21.0,85,127,0.15508040000000278,210.3638888,210.51896920000002
21.0,83,127,0.10695200000000682,210.5965094,210.7034614
21.0,76,127,0.09625679999999193,210.85586800000002,210.9521248
21.0,76,127,0.17379700000000753,211.176724,211.35052100000001
21.0,83,127,0.14705900000001293,211.4601468,211.6072058
21.0,85,127,0.16844939999998587,211.66335560000002,211.831805
21.0,83,127,0.08556160000000546,211.8799334,211.965495
21.0,77,127,0.10160440000001358,212.1553348,212.2569392
21.0,77,127,0.1417114000000197,212.4708432,212.6125546
21.0,83,127,0.1443851999999879,212.7729826,212.9173678
21.0,85,127,0.28342279999998254,212.9708438,213.2542666
21.0,83,127,0.1577541999999994,213.2275286,213.3852828
21.0,78,127,0.1310162000000048,213.436085,213.5671012
21.0,83,127,0.14973280000000955,215.3425044,215.4922372
21.0,85,127,0.1577541999999994,215.5243228,215.682077
21.0,83,127,0.11497339999999667,215.7382268,215.8532002
21.0,85,127,0.08823540000000207,216.0056068,216.0938422
21.0,85,127,0.10962580000000344,216.3077462,216.417372
21.0,83,127,0.10962580000000344,216.5965166,216.7061424
21.0,85,127,0.1310162000000048,216.791704,216.92272020000001
21.0,83,127,0.1042782000000102,217.0483888,217.152667
21.0,85,127,0.09893060000001697,217.272988,217.37191860000001
21.0,85,127,0.09625679999999193,217.5858226,217.6820794
21.0,83,127,0.10160439999998516,217.8906358,217.9922402
21.0,85,127,0.10695200000000682,218.208818,218.31577000000001
21.0,83,127,0.12834239999997976,218.3852888,218.5136312
21.0,85,127,0.24331580000000486,218.7088186,218.9521344
21.0,88,127,0.09090919999999869,220.4601576,220.5510668
21.0,88,127,0.184492199999994,220.6580188,220.842511
21.0,85,127,0.11764719999999329,220.8665752,220.9842224
21.0,83,127,0.12566860000001157,221.1179124,221.243581
21.0,81,127,0.10160439999998516,221.4200518,221.5216562
21.0,81,127,0.09893060000001697,221.7221912,221.82112180000001
21.0,81,127,0.10160439999998516,221.93342140000001,222.0350258
21.0,81,127,0.10962580000000344,222.1419778,222.2516036
21.0,84,127,0.12834240000000818,222.3745984,222.5029408
21.0,84,127,0.10427819999998178,222.700802,222.8050802
21.0,84,127,0.17914460000000076,222.9842248,223.1633694
21.0,83,127,0.11764719999999329,223.1740646,223.2917118
21.0,81,127,0.11229960000000005,223.382621,223.4949206
21.0,80,127,0.10962580000000344,223.676739,223.7863648
21.0,81,127,0.12299479999998653,224.0082902,224.131285
21.0,80,127,0.12299479999998653,224.15802300000001,224.2810178
21.0,83,127,0.10695200000000682,224.3344938,224.4414458
21.0,80,127,0.1069519999999784,224.9013394,225.0082914
21.0,85,127,0.13636379999999804,225.0965268,225.2328906
21.0,87,127,0.27005379999999946,225.3318212,225.601875
21.0,85,127,0.19251359999998385,225.54839900000002,225.7409126
21.0,83,127,0.15508040000000278,225.7542816,225.90936200000002
21.0,80,127,0.12299479999998653,225.97620700000002,226.0992018
21.0,83,127,0.2486634000000265,226.243587,226.49225040000002
21.0,78,127,0.12032099999998991,226.564443,226.684764
21.0,83,127,0.09358299999999531,226.8879728,226.9815558
21.0,83,127,0.07219259999999394,227.16872180000001,227.2409144
21.0,83,127,0.1042782000000102,227.3558878,227.46016600000002
21.0,87,127,0.13903759999999465,227.5617704,227.700808
21.0,85,127,0.10962580000000344,227.861236,227.9708618
21.0,83,127,0.11229960000000005,228.128616,228.2409156
21.0,81,127,0.23529439999998658,228.3184558,228.5537502
21.0,78,127,0.15508040000000278,228.6099,228.7649804
21.0,76,127,0.08288780000000884,228.7917184,228.87460620000002
21.0,80,127,0.14171139999999127,230.1018804,230.2435918
21.0,85,127,0.11497339999999667,230.29172020000001,230.4066936
21.0,85,127,0.1684494000000143,230.5029504,230.67139980000002
21.0,83,127,0.10695200000000682,230.735571,230.842523
21.0,81,127,0.12834240000000818,230.9307584,231.0591008
21.0,80,127,0.1310162000000048,231.1553576,231.2863738
21.0,83,127,0.11229960000000005,231.4200638,231.5323634
21.0,81,127,0.2112301999999886,231.7141818,231.925412
21.0,85,127,0.3957223999999826,232.17674920000002,232.5724716
21.0,83,127,0.09625679999999193,232.6820974,232.7783542
21.0,83,127,0.13101619999997638,232.98691060000002,233.1179268
21.0,81,127,0.11764719999999329,233.2863762,233.4040234
21.0,80,127,0.1818184000000258,233.5002802,233.68209860000002
21.0,78,127,0.12566860000001157,233.770334,233.8960026
21.0,81,127,0.15508039999997436,233.97354280000002,234.1286232
21.0,80,127,0.14973279999998113,234.26766080000002,234.4173936
21.0,78,127,0.1042782000000102,234.6018858,234.706164
21.0,78,127,0.10160439999998516,234.89600380000002,234.9976082
21.0,77,127,0.20320879999999875,235.0858436,235.2890524
21.0,80,127,0.14171139999999127,240.3692724,240.5109838
21.0,85,127,0.11497339999999667,240.55911220000002,240.6740856
21.0,85,127,0.1684494000000143,240.7703424,240.93879180000002
21.0,83,127,0.10695200000000682,241.002963,241.109915
21.0,81,127,0.12834240000000818,241.1981504,241.3264928
21.0,80,127,0.1310162000000048,241.4227496,241.5537658
21.0,83,127,0.11229960000000005,241.6874558,241.7997554
21.0,81,127,0.2112301999999886,241.9815738,242.192804
21.0,85,127,0.3957223999999826,242.44414120000002,242.8398636
21.0,83,127,0.09625679999999193,242.9494894,243.0457462
21.0,83,127,0.13101619999997638,243.25430260000002,243.3853188
21.0,81,127,0.11764719999999329,243.5537682,243.6714154
21.0,80,127,0.1818184000000258,243.7676722,243.94949060000002
21.0,78,127,0.12566860000001157,244.037726,244.1633946
21.0,81,127,0.15508040000000278,244.2409348,244.3960152
21.0,80,127,0.14973279999998113,244.53505280000002,244.6847856
21.0,78,127,0.1042782000000102,244.8692778,244.973556
21.0,78,127,0.10160439999998516,245.16339580000002,245.2650002
21.0,77,127,0.20320879999999875,245.3532356,245.5564444
21.0,80,127,0.14171139999999127,250.6366644,250.7783758
21.0,85,127,0.11497339999999667,250.82650420000002,250.9414776
21.0,85,127,0.16844939999998587,251.0377344,251.2061838
21.0,83,127,0.10695200000000682,251.270355,251.377307
21.0,81,127,0.12834240000000818,251.4655424,251.5938848
21.0,80,127,0.1310162000000048,251.6901416,251.8211578
21.0,83,127,0.11229960000000005,251.9548478,252.0671474
21.0,81,127,0.2112301999999886,252.2489658,252.460196
21.0,85,127,0.395722400000011,252.7115332,253.1072556
21.0,83,127,0.09625679999999193,253.2168814,253.3131382
21.0,83,127,0.13101619999997638,253.52169460000002,253.6527108
21.0,81,127,0.11764719999999329,253.8211602,253.9388074
21.0,80,127,0.18181839999999738,254.0350642,254.2168826
21.0,78,127,0.12566860000001157,254.305118,254.4307866
21.0,81,127,0.15508040000000278,254.5083268,254.6634072
21.0,80,127,0.14973279999998113,254.80244480000002,254.9521776
21.0,78,127,0.1042782000000102,255.1366698,255.240948
21.0,78,127,0.10160439999998516,255.43078780000002,255.5323922
21.0,77,127,0.20320879999999875,255.6206276,255.8238364
21.0,80,127,0.1417114000000197,259.6179586,259.75967
21.0,85,127,0.11497339999999667,259.8077984,259.9227718
21.0,85,127,0.16844939999998587,260.0190286,260.187478
21.0,83,127,0.1069519999999784,260.25164920000003,260.3586012
21.0,81,127,0.12834240000000818,260.4495104,260.5778528
21.0,80,127,0.13101620000003322,260.6714358,260.802452
21.0,83,127,0.11229959999997163,260.936142,261.0484416
21.0,81,127,0.2112301999999886,261.2329338,261.444164
21.0,85,127,0.395722400000011,261.6928274,262.0885498
21.0,83,127,0.09625679999999193,262.1981756,262.2944324
21.0,83,127,0.13101619999997638,262.5029888,262.634005
21.0,81,127,0.11764720000002171,262.8024544,262.9201016
21.0,80,127,0.18181839999999738,263.0163584,263.1981768
21.0,78,127,0.12566859999998314,263.289086,263.4147546
21.0,81,127,0.15508039999997436,263.4922948,263.6473752
21.0,80,127,0.14973279999998113,263.783739,263.9334718
21.0,78,127,0.10427819999995336,264.11796400000003,264.2222422
21.0,78,127,0.10160439999998516,264.4147558,264.5163602
21.0,77,127,0.20320879999997032,264.6019218,264.8051306
21.0,80,127,0.1417114000000197,269.8853506,270.027062
21.0,85,127,0.11497339999999667,270.0751904,270.1901638
21.0,85,127,0.16844940000004271,270.2864206,270.45487
21.0,83,127,0.1069519999999784,270.5190412,270.6259932
21.0,81,127,0.12834240000000818,270.7169024,270.8452448
21.0,80,127,0.13101619999997638,270.9388278,271.069844
21.0,83,127,0.11229960000002848,271.203534,271.3158336
21.0,81,127,0.21123020000004544,271.5003258,271.71155600000003
21.0,85,127,0.3957223999999542,271.9602194,272.3559418
21.0,83,127,0.09625679999999193,272.4655676,272.5618244
21.0,83,127,0.13101620000003322,272.7703808,272.90139700000003
21.0,81,127,0.11764719999996487,273.0698464,273.1874936
21.0,80,127,0.18181839999999738,273.28375040000003,273.4655688
21.0,78,127,0.12566859999998314,273.556478,273.6821466
21.0,81,127,0.1550804000000312,273.7596868,273.91476720000003
21.0,80,127,0.14973279999998113,274.051131,274.2008638
21.0,78,127,0.1042782000000102,274.385356,274.4896342
21.0,78,127,0.10160439999998516,274.6821478,274.7837522
21.0,77,127,0.20320880000002717,274.8693138,275.0725226
32.0,36,91,0.4491984,0.5160434,0.9652418
32.0,39,111,0.47058880000000014,0.9973274,1.4679162000000001
32.0,51,109,0.31283459999999996,1.4786114000000001,1.791446
32.0,51,95,0.06951880000000021,1.9598954,2.0294142
32.0,51,92,0.1711231999999998,2.2807514,2.4518746
32.0,39,87,0.1711231999999998,2.4411794,2.6123026
32.0,51,88,0.10160439999999982,2.6016074000000002,2.7032118
32.0,51,84,0.08823539999999985,2.9224634000000003,3.0106988
32.0,38,93,0.4893054000000001,3.0828914,3.5721968
32.0,50,98,0.4251342,3.5641754,3.9893096
32.0,45,88,0.24866339999999987,4.0454594,4.2941228
32.0,38,85,0.47593639999999926,4.3663154,4.8422518
32.0,50,98,0.4010699999999998,4.8475994,5.2486694
32.0,45,75,0.26203239999999983,5.3288834000000005,5.5909158
32.0,38,90,0.43582939999999937,5.6497394000000005,6.0855688
32.0,50,97,0.37967960000000023,6.1310234,6.510703
32.0,45,75,0.2914442000000008,6.6123074,6.9037516000000005
32.0,38,91,0.3903748,6.9331634,7.3235382
32.0,50,102,0.4090914000000003,7.4144474,7.823538800000001
32.0,45,87,0.21123020000000015,7.8957314,8.1069616
32.0,36,96,0.1363637999999998,8.2165874,8.3529512
32.0,38,84,0.14973280000000067,8.3770154,8.5267482
32.0,40,80,0.16310179999999974,8.5374434,8.7005452
32.0,41,92,0.1577541999999994,8.6978714,8.8556256
32.0,43,88,0.16844940000000008,8.8582994,9.0267488
32.0,47,81,0.16844940000000008,9.0187274,9.1871768
32.0,48,93,0.1577541999999994,9.1791554,9.3369096
32.0,36,80,0.40107000000000426,56.9866994,57.3877694
32.0,43,81,0.4438507999999999,57.4679834,57.9118342
32.0,36,84,0.21657779999999605,57.949267400000004,58.1658452
32.0,37,99,0.4304817999999955,58.2701234,58.7006052
32.0,45,85,0.37433200000000255,58.7514074,59.1257394
32.0,40,86,0.28074900000000014,59.2326914,59.5134404
32.0,38,82,0.4866316000000026,59.5535474,60.040179
32.0,45,77,0.4625673999999975,60.0348314,60.4973988
32.0,38,75,0.2513371999999947,60.516115400000004,60.7674526
32.0,43,83,0.4973267999999962,60.8369714,61.3342982
32.0,38,85,0.45187220000000394,61.3182554,61.7701276
32.0,31,89,0.2914442000000008,61.7995394,62.0909836
32.0,38,93,0.508022000000004,62.1203954,62.628417400000004
32.0,45,86,0.46791499999999786,62.6016794,63.0695944
32.0,38,85,0.2914441999999937,63.082963400000004,63.3744076
32.0,43,89,0.4705887999999945,63.4038194,63.8744082
32.0,38,85,0.44117700000000326,63.8851034,64.3262804
32.0,31,83,0.22727299999999673,64.36638740000001,64.5936604
32.0,36,90,0.4625673999999975,64.6872434,65.1498108
32.0,43,91,0.4491984000000002,65.1685274,65.6177258
32.0,31,82,0.2379681999999974,65.6498114,65.8877796
32.0,36,81,0.46791500000000497,65.9706674,66.4385824
32.0,43,80,0.39839620000000764,66.4519514,66.8503476
32.0,43,82,0.2780752000000035,66.9332354,67.2113106
32.0,36,86,0.46524119999999414,67.25409140000001,67.7193326
32.0,43,86,0.5775408000000084,67.7353754,68.3129162
32.0,31,88,0.2593585999999988,68.2166594,68.476018
32.0,37,101,0.43850319999999954,68.5375154,68.9760186
32.0,45,90,0.4438507999999928,69.0187994,69.4626502
32.0,40,90,0.3288773999999961,69.50008340000001,69.8289608
32.0,38,89,0.4705888000000016,69.8209394,70.2915282
32.0,45,82,0.4705888000000016,70.3022234,70.7728122
32.0,38,77,0.2727275999999961,70.7835074,71.056235
32.0,43,80,0.47593640000000903,71.1043634,71.5802998
32.0,38,86,0.443850800000007,71.5856474,72.0294982
32.0,31,93,0.2780752000000035,72.0669314,72.3450066
32.0,38,93,0.5106957999999935,72.38778740000001,72.8984832
32.0,45,86,0.4973268000000104,72.8690714,73.3663982
32.0,38,84,0.31016080000000557,73.3503554,73.6605162
32.0,43,87,0.4572197999999901,73.6712114,74.1284312
32.0,38,80,0.5053482000000002,74.1524954,74.6578436
32.0,31,83,0.1951874000000089,74.6337794,74.8289668
32.0,36,91,0.46524119999999414,74.9546354,75.4198766
32.0,40,69,0.47861019999999144,75.4359194,75.9145296
32.0,43,127,0.6443857999999949,75.9172034,76.5615892
32.0,36,80,0.40107000000000426,76.2380594,76.6391294
32.0,43,81,0.443850800000007,76.7193434,77.1631942
32.0,36,84,0.21657779999999605,77.2006274,77.4172052
32.0,36,80,0.40106999999999005,77.52148340000001,77.9225534
32.0,43,81,0.443850800000007,78.0027674,78.4466182
32.0,36,84,0.21657779999999605,78.4840514,78.7006292
32.0,37,99,0.4304817999999955,78.8049074,79.2353892
32.0,45,85,0.37433199999999545,79.2861914,79.6605234
32.0,40,86,0.28074900000000014,79.7674754,80.0482244
32.0,38,82,0.4866315999999955,80.0883314,80.574963
32.0,45,77,0.4625673999999975,80.5696154,81.0321828
32.0,38,75,0.2513371999999947,81.0508994,81.3022366
32.0,43,83,0.4973268000000104,81.3717554,81.86908220000001
32.0,38,85,0.45187219999999684,81.8530394,82.3049116
32.0,31,89,0.2914442000000008,82.3343234,82.6257676
32.0,38,93,0.5080220000000111,82.6551794,83.1632014
32.0,45,86,0.46791500000000497,83.1364634,83.6043784
32.0,38,85,0.2914442000000008,83.6177474,83.9091916
32.0,43,89,0.4705888000000016,83.9386034,84.4091922
32.0,38,85,0.44117699999999616,84.41988740000001,84.8610644
32.0,31,83,0.22727300000001094,84.9011714,85.1284444
32.0,36,90,0.4625673999999975,85.2220274,85.6845948
32.0,43,91,0.4491984000000002,85.7033114,86.1525098
32.0,31,82,0.2379681999999974,86.1845954,86.4225636
32.0,36,81,0.46791500000000497,86.5054514,86.9733664
32.0,43,80,0.39839620000000764,86.9867354,87.38513160000001
32.0,43,82,0.2780752000000035,87.4680194,87.7460946
32.0,36,86,0.46524120000000835,87.7888754,88.2541166
32.0,43,86,0.5775408000000084,88.2701594,88.8477002
32.0,31,88,0.2593585999999988,88.7514434,89.010802
32.0,37,101,0.43850319999999954,89.0722994,89.5108026
32.0,45,90,0.4438507999999928,89.55358340000001,89.9974342
32.0,40,90,0.3288774000000103,90.0348674,90.3637448
32.0,38,89,0.4705888000000016,90.3557234,90.8263122
32.0,45,82,0.4705888000000016,90.8370074,91.3075962
32.0,38,77,0.2727275999999961,91.3182914,91.591019
32.0,43,80,0.47593640000000903,91.6391474,92.11508380000001
32.0,38,86,0.443850800000007,92.1204314,92.56428220000001
32.0,31,93,0.2780752000000035,92.6017154,92.8797906
32.0,38,93,0.5106958000000077,92.9225714,93.4332672
32.0,45,86,0.4973268000000104,93.4038554,93.90118220000001
32.0,38,84,0.31016080000000557,93.8851394,94.1953002
32.0,43,87,0.4572197999999901,94.2059954,94.6632152
32.0,38,80,0.5053482000000002,94.68727940000001,95.19262760000001
32.0,31,83,0.1951874000000089,95.1685634,95.3637508
32.0,36,91,0.46524119999999414,95.4894194,95.9546606
32.0,40,69,0.47861019999999144,95.9707034,96.4493136
32.0,44,127,0.6443857999999949,96.45198740000001,97.0963732
32.0,42,84,0.2914442000000008,97.0936994,97.3851436
32.0,39,100,0.2754014000000069,97.4145554,97.6899568
32.0,36,106,0.2620323999999954,97.7354114,97.9974438
32.0,37,80,0.40107000000000426,98.0562674,98.4573374
32.0,44,81,0.443850800000007,98.5375514,98.9814022
32.0,37,84,0.21657779999999605,99.0188354,99.2354132
32.0,38,99,0.4304817999999955,99.3396914,99.7701732
32.0,46,85,0.37433199999999545,99.82097540000001,100.1953074
32.0,41,86,0.28074900000000014,100.3022594,100.5830084
32.0,39,82,0.4866315999999955,100.6231154,101.109747
32.0,46,77,0.4625673999999975,101.1043994,101.5669668
32.0,39,75,0.2513371999999947,101.58568340000001,101.8370206
32.0,44,83,0.4973267999999962,101.9065394,102.4038662
32.0,39,85,0.45187219999999684,102.3878234,102.8396956
32.0,32,89,0.2914442000000008,102.8691074,103.1605516
32.0,39,93,0.5080220000000111,103.1899634,103.69798540000001
32.0,46,86,0.46791500000000497,103.6712474,104.1391624
32.0,39,85,0.2914442000000008,104.1525314,104.4439756
32.0,44,89,0.4705888000000016,104.47338740000001,104.94397620000001
32.0,39,85,0.44117700000001037,104.9546714,105.3958484
32.0,32,83,0.22727300000001094,105.4359554,105.66322840000001
32.0,37,90,0.4625673999999975,105.7568114,106.2193788
32.0,44,91,0.4491984000000002,106.2380954,106.6872938
32.0,32,82,0.2379681999999974,106.71937940000001,106.9573476
32.0,38,127,0.32085600000000625,107.0402354,107.3610914
32.0,37,127,0.6417119999999983,107.3610914,108.0028034
32.0,44,82,0.2780752000000035,108.0028034,108.28087860000001
32.0,37,86,0.46524120000000835,108.3236594,108.7889006
32.0,44,86,0.5775408000000084,108.8049434,109.38248420000001
32.0,32,88,0.2593585999999988,109.2862274,109.545586
32.0,38,101,0.43850319999999954,109.60708340000001,110.04558660000001
32.0,46,90,0.443850800000007,110.0883674,110.5322182
32.0,41,90,0.3288774000000103,110.5696514,110.89852880000001
32.0,39,89,0.4705888000000016,110.8905074,111.3610962
32.0,46,82,0.4705888000000016,111.3717914,111.84238020000001
32.0,39,77,0.2727275999999961,111.85307540000001,112.125803
32.0,44,80,0.4759363999999948,112.1739314,112.6498678
32.0,39,86,0.4438507999999928,112.6552154,113.0990662
32.0,32,93,0.2780752000000035,113.1364994,113.41457460000001
32.0,39,93,0.5106958000000077,113.4573554,113.9680512
32.0,46,86,0.4973267999999962,113.9386394,114.4359662
32.0,39,84,0.31016080000000557,114.4199234,114.73008420000001
32.0,44,87,0.4572197999999901,114.74077940000001,115.1979992
32.0,39,80,0.5053482000000002,115.2220634,115.7274116
32.0,32,83,0.1951874000000089,115.7033474,115.89853480000001
32.0,37,99,0.3155083999999988,116.0348986,116.350407
32.0,44,94,0.33155120000000693,116.323669,116.6552202
32.0,46,85,0.34492019999999,116.62848220000001,116.9734024
32.0,44,82,0.29679180000000827,116.9413168,117.2381086
32.0,37,102,0.2486633999999981,117.286237,117.5349004
32.0,37,80,0.40107000000000426,118.5910514,118.9921214
32.0,44,81,0.443850800000007,119.0723354,119.5161862
32.0,37,84,0.21657779999999605,119.5536194,119.7701972
32.0,38,99,0.4304817999999955,119.87447540000001,120.3049572
32.0,46,85,0.37433200000000966,120.3557594,120.7300914
32.0,41,86,0.28074900000000014,120.8370434,121.1177924
32.0,39,82,0.4866315999999955,121.1578994,121.644531
32.0,46,77,0.4625673999999975,121.63918340000001,122.1017508
32.0,39,75,0.2513372000000089,122.1204674,122.3718046
32.0,44,83,0.4973267999999962,122.4413234,122.9386502
32.0,39,85,0.45187219999999684,122.9226074,123.3744796
32.0,32,89,0.2914442000000008,123.4038914,123.6953356
32.0,39,93,0.5080220000000111,123.7247474,124.23276940000001
32.0,46,86,0.46791500000000497,124.2060314,124.6739464
32.0,39,85,0.2914442000000008,124.6873154,124.9787596
32.0,44,89,0.4705887999999874,125.00817140000001,125.4787602
32.0,39,85,0.44117700000001037,125.4894554,125.93063240000001
32.0,32,83,0.22727299999999673,125.9707394,126.1980124
32.0,37,90,0.4625673999999975,126.2915954,126.7541628
32.0,44,91,0.4491984000000002,126.77287940000001,127.22207780000001
32.0,32,82,0.23796820000001162,127.2541634,127.49213160000001
32.0,38,127,0.32085600000000625,127.5750194,127.89587540000001
32.0,37,127,0.6417119999999983,127.89587540000001,128.5375874
32.0,44,82,0.2780751999999893,128.5375874,128.8156626
32.0,37,86,0.46524120000000835,128.8584434,129.3236846
32.0,44,86,0.57754079999998,129.33972740000002,129.9172682
32.0,32,88,0.259358600000013,129.8210114,130.08037000000002
32.0,38,101,0.43850320000001375,130.1418674,130.5803706
32.0,46,90,0.44385079999997856,130.6231514,131.0670022
32.0,41,90,0.3288774000000103,131.1044354,131.4333128
32.0,39,89,0.4705888000000016,131.4252914,131.8958802
32.0,46,82,0.4705888000000016,131.9065754,132.3771642
32.0,39,77,0.2727275999999961,132.3878594,132.660587
32.0,44,80,0.47593640000002324,132.7087154,133.1846518
32.0,39,86,0.443850800000007,133.1899994,133.6338502
32.0,32,93,0.27807520000001773,133.6712834,133.9493586
32.0,39,93,0.5106957999999793,133.9921394,134.5028352
32.0,46,86,0.4973267999999962,134.4734234,134.9707502
32.0,39,84,0.31016080000000557,134.9547074,135.2648682
32.0,44,87,0.4572197999999901,135.2755634,135.7327832
32.0,39,80,0.5053482000000145,135.7568474,136.2621956
32.0,32,83,0.19518739999998047,136.23813140000001,136.4333188
32.0,37,91,0.46524120000000835,136.5589874,137.02422860000001
32.0,41,69,0.47861020000001986,137.0402714,137.51888160000001
32.0,45,127,0.6443857999999807,137.5215554,138.1659412
32.0,43,84,0.2914442000000008,138.1632674,138.4547116
32.0,40,100,0.2754013999999927,138.48412340000002,138.7595248
32.0,37,106,0.2620323999999812,138.8049794,139.0670118
32.0,38,80,0.40107000000000426,139.1258354,139.5269054
32.0,45,81,0.44385079999997856,139.60711940000002,140.0509702
32.0,38,84,0.21657780000001026,140.0884034,140.30498120000001
32.0,39,99,0.4304817999999955,140.4092594,140.8397412
32.0,47,85,0.37433199999998124,140.8905434,141.2648754
32.0,42,86,0.28074900000001435,141.3718274,141.65257640000002
32.0,40,82,0.4866316000000097,141.6926834,142.179315
32.0,47,77,0.4625673999999833,142.1739674,142.6365348
32.0,40,75,0.2513371999999947,142.6552514,142.9065886
32.0,45,83,0.4973268000000246,142.9761074,143.4734342
32.0,40,85,0.45187219999999684,143.4573914,143.9092636
32.0,33,89,0.2914442000000008,143.9386754,144.2301196
32.0,40,93,0.5080219999999827,144.25953140000001,144.7675534
32.0,47,86,0.46791500000000497,144.7408154,145.2087304
32.0,40,85,0.2914442000000008,145.2220994,145.5135436
32.0,45,89,0.4705888000000016,145.5429554,146.0135442
32.0,40,85,0.44117700000001037,146.0242394,146.4654164
32.0,33,83,0.22727299999999673,146.50552340000002,146.7327964
32.0,38,90,0.4625673999999833,146.8263794,147.2889468
32.0,45,91,0.4491984000000002,147.3076634,147.7568618
32.0,33,82,0.2379681999999832,147.7889474,148.0269156
32.0,38,127,0.32085599999999204,148.1098034,148.4306594
32.0,45,127,0.6417120000000125,148.4306594,149.0723714
32.0,33,82,0.2780751999999893,149.0723714,149.3504466
32.0,38,86,0.46524120000000835,149.3932274,149.8584686
32.0,45,86,0.5775408000000084,149.8745114,150.4520522
32.0,33,88,0.25935859999998456,150.3557954,150.615154
32.0,39,101,0.43850320000001375,150.6766514,151.1151546
32.0,47,90,0.44385079999997856,151.1579354,151.6017862
32.0,42,90,0.3288774000000103,151.6392194,151.9680968
32.0,40,124,0.10695200000000682,151.9600754,152.0670274
32.0,40,125,0.1417114000000197,152.1205034,152.2622148
32.0,43,127,0.12834239999997976,152.4413594,152.5697018
32.0,43,126,0.09893059999998854,152.7595416,152.8584722
32.0,45,127,0.9973274000000174,152.9226434,153.91997080000002
32.0,40,93,0.5106957999999793,154.52692340000002,155.0376192
32.0,47,86,0.4973267999999962,155.0082074,155.5055342
32.0,40,84,0.31016080000000557,155.4894914,155.7996522
32.0,45,87,0.4572197999999901,155.8103474,156.2675672
32.0,40,80,0.5053482000000145,156.2916314,156.79697960000001
32.0,33,83,0.19518739999998047,156.77291540000002,156.9681028
32.0,38,127,0.10160439999998516,157.0937714,157.1953758
32.0,38,125,0.1310162000000048,157.2541994,157.3852156
32.0,38,127,0.09625680000002035,157.5750554,157.67131220000002
32.0,38,127,0.11764720000002171,157.7354834,157.85313060000001
32.0,39,127,1.205883799999981,158.0563394,159.2622232
32.0,39,127,0.13636379999999804,159.3397634,159.4761272
32.0,38,80,0.40107000000000426,159.6606194,160.0616894
32.0,45,81,0.443850800000007,160.1419034,160.5857542
32.0,38,84,0.21657780000001026,160.6231874,160.83976520000002
32.0,39,99,0.4304817999999955,160.9440434,161.3745252
32.0,47,85,0.37433199999998124,161.42532740000001,161.7996594
32.0,42,86,0.28074900000001435,161.9066114,162.18736040000002
32.0,40,82,0.4866316000000097,162.2274674,162.714099
32.0,47,77,0.4625673999999833,162.7087514,163.1713188
32.0,40,75,0.2513371999999947,163.1900354,163.4413726
32.0,45,83,0.4973268000000246,163.5108914,164.00821820000002
32.0,40,85,0.45187219999999684,163.9921754,164.4440476
32.0,33,89,0.2914442000000008,164.4734594,164.7649036
32.0,40,93,0.5080219999999827,164.79431540000002,165.3023374
32.0,47,86,0.46791500000000497,165.2755994,165.7435144
32.0,40,85,0.2914442000000008,165.7568834,166.0483276
32.0,45,89,0.4705888000000016,166.0777394,166.54832820000001
32.0,40,85,0.44117700000001037,166.5590234,167.0002004
32.0,33,83,0.22727300000002515,167.0403074,167.2675804
32.0,38,90,0.4625673999999833,167.3611634,167.8237308
32.0,45,91,0.4491984000000002,167.8424474,168.2916458
32.0,33,82,0.2379681999999832,168.3237314,168.5616996
32.0,38,127,0.32085599999999204,168.6445874,168.9654434
32.0,45,127,0.6417120000000125,168.9654434,169.6071554
32.0,33,82,0.2780751999999893,169.6071554,169.8852306
32.0,38,86,0.46524120000000835,169.9280114,170.3932526
32.0,45,86,0.5775408000000084,170.4092954,170.9868362
32.0,33,88,0.25935859999998456,170.8905794,171.149938
32.0,39,101,0.43850320000001375,171.2114354,171.6499386
32.0,47,90,0.44385079999997856,171.69271940000002,172.1365702
32.0,42,90,0.3288774000000103,172.1740034,172.5028808
32.0,40,124,0.10695200000000682,172.4948594,172.6018114
32.0,40,125,0.1417114000000197,172.6552874,172.7969988
32.0,43,127,0.12834239999997976,172.9761434,173.1044858
32.0,43,126,0.09893059999998854,173.2943256,173.3932562
32.0,45,127,0.997327399999989,173.4574274,174.4547548
32.0,40,93,0.5106957999999793,175.06170740000002,175.5724032
32.0,47,86,0.4973267999999962,175.5429914,176.0403182
32.0,40,84,0.31016080000000557,176.0242754,176.3344362
32.0,45,87,0.4572197999999901,176.3451314,176.8023512
32.0,40,80,0.5053482000000145,176.8264154,177.33176360000002
32.0,33,83,0.1951874000000089,177.3076994,177.5028868
32.0,38,91,0.4652411999999799,177.6285554,178.0937966
32.0,42,69,0.47861019999999144,178.1098394,178.5884496
32.0,46,127,0.6443857999999807,178.59112340000001,179.2355092
32.0,44,84,0.2914442000000008,179.2328354,179.5242796
32.0,41,100,0.2754014000000211,179.5536914,179.8290928
32.0,38,106,0.2620323999999812,179.8745474,180.1365798
32.0,39,80,0.40107000000000426,180.1954034,180.5964734
32.0,46,81,0.443850800000007,180.6766874,181.1205382
32.0,39,84,0.21657779999998183,181.1579714,181.3745492
32.0,40,99,0.4304817999999955,181.4788274,181.9093092
32.0,48,85,0.37433199999998124,181.96011140000002,182.3344434
32.0,43,86,0.2807489999999859,182.4413954,182.7221444
32.0,41,82,0.4866316000000097,182.7622514,183.248883
32.0,48,77,0.4625673999999833,183.2435354,183.7061028
32.0,41,75,0.2513371999999947,183.7248194,183.9761566
32.0,46,83,0.4973267999999962,184.0456754,184.5430022
32.0,41,85,0.45187219999999684,184.5269594,184.9788316
32.0,34,89,0.2914442000000008,185.0082434,185.2996876
32.0,41,93,0.5080220000000111,185.3290994,185.8371214
32.0,48,86,0.46791500000000497,185.8103834,186.2782984
32.0,41,85,0.2914442000000008,186.2916674,186.5831116
32.0,46,89,0.4705888000000016,186.61252340000001,187.08311220000002
32.0,41,85,0.44117700000001037,187.0938074,187.5349844
32.0,34,83,0.22727300000002515,187.5750914,187.80236440000002
32.0,39,90,0.4625673999999833,187.8959474,188.3585148
32.0,46,91,0.4491984000000002,188.3772314,188.8264298
32.0,34,82,0.2379681999999832,188.85851540000002,189.0964836
32.0,40,127,0.32085599999999204,189.1793714,189.5002274
32.0,39,127,0.6417120000000125,189.5002274,190.1419394
32.0,46,82,0.2780751999999893,190.1419394,190.4200146
32.0,39,86,0.46524120000000835,190.4627954,190.9280366
32.0,46,86,0.5775408000000084,190.9440794,191.5216202
32.0,34,88,0.25935859999998456,191.4253634,191.684722
32.0,40,101,0.43850320000001375,191.7462194,192.18472260000001
32.0,48,90,0.44385079999997856,192.22750340000002,192.6713542
32.0,43,90,0.3288774000000103,192.7087874,193.03766480000002
32.0,41,89,0.4705888000000016,193.0296434,193.5002322
32.0,48,82,0.4705888000000016,193.5109274,193.98151620000002
32.0,41,77,0.2727275999999961,193.9922114,194.264939
32.0,46,80,0.47593640000002324,194.3130674,194.78900380000002
32.0,41,86,0.443850800000007,194.7943514,195.23820220000002
32.0,34,93,0.27807520000001773,195.2756354,195.55371060000002
32.0,41,93,0.5106958000000077,195.5964914,196.1071872
32.0,48,86,0.4973267999999962,196.0777754,196.5751022
32.0,41,84,0.31016080000000557,196.5590594,196.8692202
32.0,46,87,0.4572197999999901,196.87991540000002,197.3371352
32.0,41,80,0.505348199999986,197.3611994,197.8665476
32.0,34,83,0.1951874000000089,197.8424834,198.0376708
32.0,39,99,0.3155083999999988,198.1740346,198.489543
32.0,46,94,0.33155120000000693,198.462805,198.7943562
32.0,48,85,0.34492019999999,198.76761820000002,199.1125384
32.0,40,127,0.68984039999998,199.12590740000002,199.8157478
32.0,45,81,0.15508039999997436,199.77831460000002,199.933395
32.0,42,110,0.22727299999999673,200.06975880000002,200.2970318
32.0,39,108,0.2085564000000204,200.4039838,200.6125402
32.0,40,80,0.40107000000000426,200.7301874,201.1312574
32.0,47,81,0.443850800000007,201.2114714,201.6553222
32.0,40,84,0.21657779999998183,201.6927554,201.9093332
32.0,41,99,0.4304817999999955,202.0136114,202.4440932
32.0,49,85,0.37433200000000966,202.4948954,202.8692274
32.0,44,86,0.2807489999999859,202.9761794,203.2569284
32.0,42,82,0.4866316000000097,203.2970354,203.783667
32.0,49,77,0.4625673999999833,203.77831940000002,204.2408868
32.0,42,75,0.2513371999999947,204.2596034,204.5109406
32.0,47,83,0.4973267999999962,204.5804594,205.0777862
32.0,42,85,0.45187219999999684,205.0617434,205.5136156
32.0,35,89,0.2914442000000008,205.5430274,205.8344716
32.0,42,93,0.5080220000000111,205.8638834,206.3719054
32.0,49,86,0.46791500000000497,206.3451674,206.8130824
32.0,42,85,0.2914442000000008,206.8264514,207.1178956
32.0,47,89,0.47058879999997316,207.14730740000002,207.6178962
32.0,42,85,0.44117700000001037,207.6285914,208.06976840000002
32.0,35,83,0.22727299999999673,208.1098754,208.3371484
32.0,40,90,0.4625673999999833,208.4307314,208.8932988
32.0,47,91,0.4491984000000002,208.9120154,209.3612138
32.0,35,82,0.2379681999999832,209.39329940000002,209.6312676
32.0,40,81,0.46791500000000497,209.7141554,210.18207040000001
32.0,47,80,0.39839620000000764,210.1954394,210.5938356
32.0,47,82,0.2780751999999893,210.67672340000001,210.9547986
32.0,40,86,0.46524120000000835,210.9975794,211.46282060000001
32.0,47,86,0.5775408000000084,211.4788634,212.0564042
32.0,35,88,0.25935859999998456,211.9601474,212.219506
32.0,41,101,0.43850320000001375,212.2810034,212.71950660000002
32.0,49,90,0.443850800000007,212.7622874,213.2061382
32.0,44,90,0.3288774000000103,213.2435714,213.57244880000002
32.0,42,89,0.4705888000000016,213.5644274,214.0350162
32.0,49,82,0.4705888000000016,214.04571140000002,214.51630020000002
32.0,42,77,0.2727275999999961,214.5269954,214.799723
32.0,47,80,0.4759363999999948,214.8478514,215.3237878
32.0,42,86,0.44385079999997856,215.3291354,215.7729862
32.0,35,93,0.2780751999999893,215.8104194,216.0884946
32.0,42,93,0.5106958000000077,216.1312754,216.6419712
32.0,49,86,0.4973267999999962,216.6125594,217.1098862
32.0,42,84,0.31016080000000557,217.0938434,217.4040042
32.0,47,87,0.4572197999999901,217.41469940000002,217.8719192
32.0,42,80,0.505348199999986,217.8959834,218.4013316
32.0,35,83,0.1951874000000089,218.3772674,218.5724548
32.0,40,93,0.4572198000000185,218.71684,219.1740598
32.0,44,90,0.505348199999986,219.1954502,219.7007984
32.0,47,87,0.17647080000000415,219.6473224,219.8237932
32.0,35,95,0.2754013999999927,219.9895688,220.2649702
32.0,38,90,0.2647062000000062,220.214168,220.4788742
32.0,42,79,0.1684494000000143,220.4441148,220.6125642
32.0,40,82,0.2914441999999724,220.64999740000002,220.9414416
32.0,35,77,0.1978612000000055,220.949463,221.1473242
32.0,45,100,0.48128399999998805,221.2649714,221.7462554
32.0,40,93,0.4812840000000165,221.7462554,222.2275394
32.0,33,91,0.4385031999999853,222.2275394,222.6660426
32.0,38,98,0.48128399999998805,222.5483954,223.0296794
32.0,33,92,0.4812840000000165,223.0296794,223.5109634
32.0,38,89,0.32085599999999204,223.5109634,223.8318194
32.0,40,93,0.4812840000000165,223.8318194,224.31310340000002
32.0,35,88,0.505348199999986,224.31310340000002,224.8184516
32.0,40,86,0.32085599999999204,224.7943874,225.1152434
32.0,37,80,0.4812840000000165,225.1152434,225.5965274
32.0,44,86,0.48128399999998805,225.5965274,226.0778114
32.0,37,73,0.32085599999999204,226.0778114,226.3986674
32.0,42,89,0.4812840000000165,226.3986674,226.8799514
32.0,37,82,0.505348199999986,226.8799514,227.3852996
32.0,42,86,0.32085599999999204,227.3612354,227.6820914
32.0,35,89,0.4812840000000165,227.6820914,228.1633754
32.0,42,88,0.48128399999998805,228.1633754,228.6446594
32.0,35,84,0.32085600000002046,228.6446594,228.96551540000002
32.0,40,95,0.45187219999999684,228.96551540000002,229.4173876
32.0,47,90,0.443850800000007,229.4467994,229.8906502
32.0,40,80,0.2754014000000211,229.9280834,230.2034848
32.0,37,96,0.49197920000000295,230.2489394,230.74091860000001
32.0,44,96,0.5000005999999928,230.7302234,231.230224
32.0,37,83,0.2780751999999893,231.21150740000002,231.4895826
32.0,42,92,0.49465299999999957,231.5323634,232.0270164
32.0,37,93,0.43850320000001375,232.0136474,232.4521506
32.0,42,92,0.33422500000000355,232.4949314,232.82915640000002
32.0,35,92,0.4465246000000036,232.8157874,233.262312
32.0,42,96,0.4304818000000239,233.2970714,233.72755320000002
32.0,35,98,0.1978612000000055,233.7783554,233.97621660000001
32.0,40,111,0.35828920000000153,234.0992114,234.4575006
32.0,38,119,0.32352979999998865,234.58049540000002,234.9040252
32.0,37,111,0.34759399999998664,235.0617794,235.4093734
32.0,37,96,0.0267379999999946,235.3826354,235.4093734
32.0,44,96,0.5000005999999928,235.86391940000001,236.36392
32.0,37,83,0.2780751999999893,236.3452034,236.6232786
32.0,42,92,0.49465299999999957,236.6660594,237.1607124
32.0,37,93,0.4385031999999853,237.1473434,237.5858466
32.0,42,92,0.33422500000000355,237.6286274,237.9628524
32.0,42,96,0.184492199999994,238.2703394,238.4548316
32.0,47,99,0.38502719999999613,238.5911954,238.9762226
32.0,42,102,0.1711231999999825,239.23290740000002,239.4040306
32.0,42,94,0.12834240000000818,239.5537634,239.68210580000002
32.0,35,103,0.2219254000000035,239.7141914,239.9361168
32.0,37,96,0.49197920000000295,240.5163314,241.00831060000002
32.0,44,96,0.5000005999999928,240.9976154,241.497616
32.0,37,83,0.2780751999999893,241.47889940000002,241.7569746
32.0,42,92,0.49465299999999957,241.7997554,242.2944084
32.0,37,93,0.43850320000001375,242.2810394,242.7195426
32.0,42,92,0.33422500000000355,242.7623234,243.09654840000002
32.0,35,92,0.4465246000000036,243.0831794,243.529704
32.0,42,96,0.4304818000000239,243.5644634,243.99494520000002
32.0,35,98,0.1978612000000055,244.0457474,244.24360860000002
32.0,40,111,0.35828920000000153,244.3666034,244.7248926
32.0,38,119,0.3235298000000171,244.8478874,245.1714172
32.0,37,111,0.34759399999998664,245.3291714,245.6767654
32.0,37,96,0.0267379999999946,245.6500274,245.6767654
32.0,44,96,0.5000005999999928,246.13131140000002,246.631312
32.0,37,83,0.2780751999999893,246.6125954,246.8906706
32.0,42,92,0.49465299999999957,246.9334514,247.4281044
32.0,37,93,0.4385031999999853,247.4147354,247.8532386
32.0,42,92,0.33422500000000355,247.8960194,248.2302444
32.0,35,92,0.4465246000000036,248.2168754,248.6634
32.0,42,96,0.4304817999999955,248.6981594,249.1286412
32.0,35,98,0.1978612000000055,249.1794434,249.3773046
32.0,40,95,0.45187219999999684,249.50029940000002,249.9521716
32.0,47,90,0.443850800000007,249.9815834,250.4254342
32.0,40,80,0.2754014000000211,250.4628674,250.73826880000001
32.0,37,96,0.49197920000000295,250.7837234,251.27570260000002
32.0,44,96,0.5000005999999928,251.2650074,251.765008
32.0,37,83,0.2780751999999893,251.74629140000002,252.0243666
32.0,42,92,0.49465299999999957,252.0671474,252.5618004
32.0,37,93,0.43850320000001375,252.5484314,252.9869346
32.0,42,92,0.33422500000000355,253.02971540000001,253.36394040000002
32.0,35,92,0.4465246000000036,253.3505714,253.797096
32.0,42,96,0.4304817999999955,253.8318554,254.2623372
32.0,35,98,0.1978612000000055,254.3131394,254.51100060000002
32.0,40,111,0.35828920000000153,254.6339954,254.9922846
32.0,38,119,0.3235298000000171,255.1152794,255.4388092
32.0,37,111,0.34759399999998664,255.5965634,255.9441574
32.0,37,96,0.0267379999999946,255.9174194,255.9441574
32.0,44,96,0.5000006000000212,256.3987034,256.898704
32.0,35,105,0.09625680000004877,257.8425554,257.93881220000003
32.0,35,109,0.09893060000001697,258.0029834,258.101914
32.0,35,99,0.09625679999999193,258.16341140000003,258.2596682
32.0,35,115,0.8181827999999882,258.3238394,259.1420222
32.0,37,96,0.49197920000000295,259.7676914,260.2596706
32.0,44,96,0.5000006000000212,260.2489754,260.748976
32.0,37,83,0.2780751999999893,260.7302594,261.0083346
32.0,42,92,0.49465299999997114,261.0511154,261.5457684
32.0,37,93,0.4385031999999569,261.53239940000003,261.9709026
32.0,42,92,0.33422500000000355,262.0136834,262.3479084
32.0,35,92,0.446524600000032,262.3345394,262.781064
32.0,42,96,0.4304817999999955,262.8158234,263.2463052
32.0,35,98,0.1978611999999771,263.2971074,263.4949686
32.0,40,111,0.35828920000000153,263.6179634,263.9762526
32.0,38,119,0.32352979999996023,264.0992474,264.4227772
32.0,37,111,0.34759400000001506,264.5805314,264.9281254
32.0,37,96,0.026737999999966178,264.90138740000003,264.9281254
32.0,44,96,0.5000006000000212,265.3826714,265.882672
32.0,37,83,0.2780751999999893,265.8639554,266.1420306
32.0,42,92,0.494653000000028,266.1848114,266.67946440000003
32.0,37,93,0.43850320000001375,266.6660954,267.10459860000003
32.0,42,92,0.33422500000000355,267.1473794,267.4816044
32.0,35,92,0.4465245999999752,267.4682354,267.91476
32.0,42,96,0.4304817999999955,267.9495194,268.3800012
32.0,35,98,0.1978611999999771,268.4308034,268.6286646
32.0,40,95,0.45187220000002526,268.7516594,269.2035316
32.0,47,90,0.443850800000007,269.2329434,269.6767942
32.0,40,80,0.27540139999996427,269.7142274,269.9896288
32.0,37,96,0.49197920000000295,270.0350834,270.5270626
32.0,44,96,0.5000006000000212,270.5163674,271.016368
32.0,37,83,0.2780751999999893,270.9976514,271.2757266
32.0,42,92,0.494653000000028,271.3185074,271.8131604
32.0,37,93,0.43850320000001375,271.7997914,272.2382946
32.0,42,92,0.33422500000000355,272.2810754,272.6153004
32.0,35,92,0.4465245999999752,272.6019314,273.048456
32.0,42,96,0.4304817999999955,273.08321540000003,273.5136972
32.0,35,98,0.19786120000003393,273.5644994,273.7623606
32.0,40,111,0.35828920000000153,273.8853554,274.2436446
32.0,38,119,0.3235298000000171,274.3666394,274.6901692
32.0,37,111,0.34759400000001506,274.8479234,275.1955174
32.0,37,96,0.02673800000002302,275.1687794,275.1955174
32.0,44,96,0.5000005999999644,275.6500634,276.150064
32.0,37,83,0.27807520000004615,276.1313474,276.4094226
32.0,42,92,0.49465299999997114,276.45220340000003,276.9468564
32.0,37,93,0.43850320000001375,276.9334874,277.3719906
32.0,42,92,0.33422500000000355,277.4147714,277.7489964
32.0,35,92,0.446524600000032,277.7356274,278.18215200000003
32.0,42,96,0.4304817999999955,278.2169114,278.6473932
32.0,35,98,0.1978611999999771,278.69819540000003,278.8960566
32.0,40,95,0.4518721999999684,279.0190514,279.4709236
32.0,47,90,0.443850800000007,279.5003354,279.9441862
32.0,40,80,0.2754014000000211,279.9816194,280.2570208
32.0,39,91,0.4491984000000002,280.3024754,280.7516738
32.0,42,111,0.47058879999997316,280.7837594,281.2543482
32.0,54,109,0.31283459999997376,281.2650434,281.577878
32.0,54,95,0.06951880000002575,281.7463274,281.8158462
32.0,54,92,0.17112319999995407,282.06718340000003,282.2383066
32.0,42,87,0.1711232000000109,282.2276114,282.3987346
32.0,54,88,0.10160439999998516,282.3880394,282.4896438
32.0,54,84,0.08823539999997365,282.7088954,282.7971308
32.0,41,93,0.48930540000003475,282.8693234,283.3586288
32.0,53,98,0.42513420000000224,283.3506074,283.7757416
32.0,48,88,0.2486633999999981,283.8318914,284.0805548
32.0,41,85,0.47593640000002324,284.1527474,284.62868380000003
32.0,53,98,0.40107000000000426,284.6340314,285.03510140000003
32.0,48,75,0.2620324000000096,285.1153154,285.3773478
32.0,41,90,0.43582940000004555,285.4361714,285.8720008
32.0,53,97,0.3796796000000313,285.9174554,286.297135
32.0,48,75,0.2914442000000008,286.3987394,286.6901836
32.0,41,91,0.3903748000000178,286.7195954,287.1099702
32.0,53,102,0.4090913999999657,287.2008794,287.6099708
32.0,48,87,0.21123020000004544,287.6821634,287.8933936
32.0,39,96,0.13636379999996961,288.0030194,288.1393832
32.0,41,84,0.14973280000003797,288.1634474,288.31318020000003
32.0,43,80,0.16310179999999264,288.3238754,288.4869772
32.0,44,92,0.1577541999999994,288.4843034,288.6420576
32.0,46,88,0.16844939999998587,288.6447314,288.8131808
32.0,50,81,0.16844940000004271,288.8051594,288.9736088
32.0,51,93,0.1577541999999994,288.9655874,289.1233416
56.0,84,113,0.3850272,0.5267386000000001,0.9117658000000001
56.0,60,98,0.4037438,0.5294124,0.9331562
56.0,67,89,0.41711279999999995,0.521391,0.9385038
56.0,72,111,0.4385032,0.5454552,0.9839584
56.0,63,104,1.5401088000000003,1.0053488,2.5454576
56.0,82,122,1.5401088,1.0106964,2.5508052
56.0,70,121,1.5695206000000002,1.0240654,2.593586
56.0,55,95,1.7459914,1.0133702,2.7593616
56.0,57,91,0.3983962000000001,3.0828914,3.4812876
56.0,65,115,0.4037438,3.0802176,3.4839614
56.0,65,92,0.3957223999999999,3.088239,3.4839614
56.0,77,115,0.4304817999999999,3.0775438,3.5080256
56.0,61,93,0.3729951,3.5641754,3.9371704999999997
56.0,64,117,0.3903748,3.5695230000000002,3.9598978000000002
56.0,76,111,0.4278080000000002,3.5641754,3.9919834
56.0,65,91,0.24866339999999987,4.0187214,4.2673848
56.0,74,106,0.2540109999999993,4.0320904,4.2861014
56.0,62,115,0.27005380000000034,4.024069,4.2941228
56.0,57,88,0.27005380000000034,4.037438,4.3074918
56.0,64,97,0.40909139999999944,4.3636416,4.772733
56.0,59,112,0.40641760000000016,4.371663,4.7780806
56.0,71,103,0.4197866000000001,4.3636416,4.7834282
56.0,56,97,0.39572240000000036,4.3903796,4.7861020000000005
56.0,56,99,0.35828919999999975,4.8609684,5.2192576
56.0,64,117,0.39572240000000036,4.8475994,5.2433218
56.0,64,95,0.3823534000000004,4.8609684,5.2433218
56.0,76,110,0.43582940000000026,4.8315566,5.267386
56.0,56,98,0.24866339999999987,5.3101668,5.5588302
56.0,64,95,0.24331580000000042,5.3181882,5.561504
56.0,80,116,0.2620324000000007,5.3315572,5.5935896000000005
56.0,68,116,0.2673799999999993,5.3288834000000005,5.5962634
56.0,55,93,0.37700580000000006,5.655087,6.0320928
56.0,63,104,0.37700580000000006,5.6711298,6.0481356
56.0,67,107,0.4438507999999999,5.6524132,6.096264
56.0,79,107,0.4491984000000002,5.655087,6.1042854
56.0,63,111,0.3155084000000006,6.1390448,6.4545532
56.0,55,98,0.36898439999999955,6.1176544,6.4866388
56.0,75,118,0.35561540000000047,6.1390448,6.4946602
56.0,55,97,0.16310179999999974,6.5935908,6.7566926
56.0,63,101,0.21390400000000032,6.5882432,6.8021472
56.0,64,121,0.24732649999999978,6.604286,6.8516125
56.0,59,111,0.9772738999999997,6.9278158,7.9050896999999996
56.0,61,107,1.1283435999999991,6.9438586,8.0722022
56.0,72,109,0.09358299999999886,8.232630200000001,8.3262132
56.0,60,100,0.11229960000000005,8.2165874,8.328887
56.0,62,97,0.10427819999999954,8.3582988,8.462577
56.0,74,104,0.10962579999999988,8.3770154,8.4866412
56.0,76,104,0.12299479999999896,8.540117200000001,8.663112
56.0,64,102,0.16310180000000152,8.516053,8.679154800000001
56.0,77,110,0.09090920000000047,8.7139142,8.8048234
56.0,65,106,0.14438520000000032,8.6871762,8.8315614
56.0,79,104,0.08021399999999979,8.8663208,8.9465348
56.0,67,94,0.09625680000000081,8.8609732,8.957230000000001
56.0,83,106,0.08021399999999979,9.0187274,9.0989414
56.0,71,108,0.10160439999999937,9.0294226,9.131027
56.0,84,127,0.13368999999999964,9.1791554,9.3128454
56.0,72,118,0.1363637999999998,9.197872,9.3342358
56.0,64,126,1.5066862999999948,96.45198740000001,97.9586737
56.0,73,113,0.17379699999999332,98.061615,98.235412
56.0,65,121,0.18181839999999738,98.0642888,98.2461072
56.0,56,113,0.19518739999999468,98.061615,98.2568024
56.0,66,99,0.21657779999999605,100.6231154,100.8396932
56.0,78,104,0.2112301999999886,100.64183200000001,100.8530622
56.0,75,102,0.1310161999999906,100.81028140000001,100.9412976
56.0,63,99,0.13903759999999465,100.8049338,100.9439714
56.0,70,108,0.14171140000000548,101.0990518,101.2407632
56.0,58,99,0.13636379999999804,101.1070732,101.243437
56.0,63,99,0.12566859999999735,101.4118864,101.537555
56.0,75,107,0.14171140000000548,101.4225816,101.564293
56.0,66,100,0.14973279999999534,101.577662,101.7273948
56.0,78,108,0.15508040000000278,101.591031,101.7461114
56.0,72,112,0.1443852000000021,101.9092132,102.0535984
56.0,68,104,0.16577560000000346,101.9279298,102.0937054
56.0,75,113,0.14705899999999872,102.232743,102.379802
56.0,66,110,0.16310180000000685,102.219374,102.38247580000001
56.0,72,113,0.2085564000000062,102.5482514,102.7568078
56.0,80,114,0.2352944000000008,102.5589466,102.794241
56.0,65,99,0.14973279999999534,105.7675066,105.9172394
56.0,77,98,0.14973279999999534,105.7701804,105.9199132
56.0,68,98,0.12299480000000074,105.9921058,106.1151006
56.0,56,98,0.14973280000000955,105.9867582,106.136491
56.0,64,97,0.1310162000000048,106.189967,106.3209832
56.0,72,104,0.1310161999999906,106.41724,106.5482562
56.0,60,98,0.14973280000000955,106.403871,106.5536038
56.0,73,98,0.10962580000000344,106.644513,106.7541388
56.0,61,100,0.1443852000000021,106.6124274,106.7568126
56.0,63,102,0.09625679999999193,106.8102886,106.9065454
56.0,75,100,0.10427819999999599,106.8477218,106.952
56.0,78,111,0.14973279999999534,107.04558300000001,107.1953158
56.0,69,117,0.18983980000000145,107.0429092,107.232749
56.0,77,121,0.19251359999999806,107.35307,107.5455836
56.0,68,111,0.1951874000000089,107.3557438,107.55093120000001
56.0,61,74,1.2914454000000006,108.3236594,109.6151048
56.0,62,83,1.2967929999999939,109.60708340000001,110.9038764
56.0,63,79,2.0748688000000044,110.8905074,112.96537620000001
56.0,63,78,1.296793000000008,113.4573554,114.7541484
56.0,64,84,1.0106964000000005,114.74077940000001,115.75147580000001
56.0,68,110,0.1577541999999994,116.3557546,116.5135088
56.0,80,106,0.1711232000000109,116.3664498,116.53757300000001
56.0,82,94,0.16844940000000008,116.671263,116.8397124
56.0,70,105,0.17647080000000415,116.6766106,116.85308140000001
56.0,80,96,0.14705900000001293,116.9974666,117.14452560000001
56.0,68,109,0.14705899999999872,117.0135094,117.1605684
56.0,85,106,0.19251359999999806,117.3156488,117.5081624
56.0,73,118,0.20588259999999536,117.3290178,117.5349004
56.0,66,99,0.21657779999999605,121.1578994,121.3744772
56.0,78,104,0.2112302000000028,121.176616,121.3878462
56.0,75,102,0.1310162000000048,121.3450654,121.4760816
56.0,63,99,0.13903759999999465,121.3397178,121.4787554
56.0,70,108,0.14171140000000548,121.6338358,121.7755472
56.0,58,99,0.13636379999999804,121.6418572,121.778221
56.0,63,99,0.12566859999999735,121.9466704,122.072339
56.0,75,107,0.14171140000000548,121.9573656,122.09907700000001
56.0,66,100,0.14973279999999534,122.112446,122.2621788
56.0,78,108,0.15508040000000278,122.125815,122.2808954
56.0,72,112,0.1443852000000021,122.4439972,122.5883824
56.0,68,104,0.16577560000000346,122.4627138,122.6284894
56.0,75,113,0.14705899999999872,122.767527,122.914586
56.0,66,110,0.16310179999999264,122.754158,122.9172598
56.0,72,113,0.2085564000000062,123.0830354,123.2915918
56.0,80,114,0.2352944000000008,123.0937306,123.329025
56.0,65,99,0.14973279999999534,126.3022906,126.4520234
56.0,77,98,0.14973279999999534,126.3049644,126.4546972
56.0,68,98,0.12299480000000074,126.5268898,126.64988460000001
56.0,56,98,0.14973280000000955,126.5215422,126.67127500000001
56.0,64,97,0.1310162000000048,126.724751,126.8557672
56.0,72,104,0.1310161999999906,126.95202400000001,127.0830402
56.0,60,98,0.14973280000000955,126.938655,127.0883878
56.0,73,98,0.10962580000000344,127.179297,127.28892280000001
56.0,61,100,0.1443852000000021,127.1472114,127.2915966
56.0,63,102,0.09625679999999193,127.34507260000001,127.4413294
56.0,75,100,0.10427819999999599,127.3825058,127.486784
56.0,78,111,0.14973280000000955,127.580367,127.7300998
56.0,69,117,0.18983980000000145,127.5776932,127.767533
56.0,77,121,0.19251359999998385,127.887854,128.0803676
56.0,68,111,0.1951874000000089,127.8905278,128.0857152
56.0,61,74,1.2914454000000148,128.8584434,130.1498888
56.0,62,83,1.296793000000008,130.1418674,131.4386604
56.0,63,79,2.0748688000000186,131.4252914,133.5001602
56.0,63,78,1.2967929999999797,133.9921394,135.2889324
56.0,64,84,1.0106964000000005,135.2755634,136.2862598
56.0,74,108,0.5909097999999915,139.1258354,139.7167452
56.0,73,106,0.5588242000000037,139.772895,140.3317192
56.0,71,102,0.27005379999999946,140.3905428,140.6605966
56.0,73,98,0.2513371999999947,140.7194202,140.9707574
56.0,74,95,0.18181839999999738,141.056319,141.2381374
56.0,78,109,0.11497339999999667,141.3718274,141.4868008
56.0,74,71,0.997327399999989,141.7007048,142.6980322
56.0,79,74,1.0320868000000019,141.6953572,142.727444
56.0,81,121,1.069519999999983,141.7007048,142.7702248
56.0,76,108,0.16310180000000685,142.8156794,142.97878120000001
56.0,81,122,0.24064200000000824,142.8290484,143.0696904
56.0,78,122,0.10427819999998178,147.3210324,147.4253106
56.0,74,106,0.1042782000000102,147.3477704,147.4520486
56.0,76,114,0.12299479999998653,147.633867,147.7568618
56.0,79,121,0.13636379999999804,147.62851940000002,147.7648832
56.0,74,107,0.10962580000000344,147.9360064,148.0456322
56.0,78,109,0.10962579999997502,147.94402780000001,148.0536536
56.0,78,107,0.1577541999999994,148.10178200000001,148.2595362
56.0,81,109,0.184492199999994,148.1124772,148.2969694
56.0,77,111,0.09625679999999193,157.1231832,157.21944
56.0,77,105,0.11497339999999667,157.26756840000002,157.3825418
56.0,77,114,0.1042782000000102,157.567034,157.67131220000002
56.0,77,103,0.1577541999999994,157.74083100000001,157.8985852
56.0,81,115,1.1737981999999931,158.0697084,159.2435066
56.0,74,108,0.5909097999999915,159.6606194,160.2515292
56.0,73,106,0.5588242000000037,160.307679,160.8665032
56.0,71,102,0.27005379999999946,160.9253268,161.1953806
56.0,73,98,0.2513371999999947,161.2542042,161.5055414
56.0,74,95,0.18181839999999738,161.591103,161.7729214
56.0,78,109,0.11497339999999667,161.9066114,162.0215848
56.0,74,71,0.997327399999989,162.2354888,163.2328162
56.0,79,74,1.0320868000000019,162.2301412,163.262228
56.0,81,121,1.069519999999983,162.2354888,163.3050088
56.0,76,108,0.16310180000000685,163.3504634,163.51356520000002
56.0,81,122,0.24064200000000824,163.3638324,163.60447440000002
56.0,78,122,0.10427819999998178,167.8558164,167.9600946
56.0,74,106,0.1042782000000102,167.8825544,167.9868326
56.0,76,114,0.12299479999998653,168.168651,168.2916458
56.0,79,121,0.13636380000002646,168.1633034,168.29966720000002
56.0,74,107,0.10962580000000344,168.4707904,168.5804162
56.0,78,109,0.10962579999997502,168.47881180000002,168.5884376
56.0,78,107,0.1577541999999994,168.63656600000002,168.79432020000002
56.0,81,109,0.184492199999994,168.6472612,168.8317534
56.0,71,77,1.3623011000000105,178.583102,179.94540310000002
56.0,77,71,1.352942799999994,178.5991448,179.9520876
56.0,68,76,1.3756701000000078,178.583102,179.9587721
56.0,63,74,1.2914453999999864,190.4627954,191.7542408
56.0,64,83,1.296793000000008,191.7462194,193.0430124
56.0,65,79,2.0748688000000186,193.0296434,195.10451220000002
56.0,65,78,1.296793000000008,195.5964914,196.8932844
56.0,66,84,1.0106964000000005,196.87991540000002,197.89061180000002
56.0,67,113,0.29679179999999405,198.1633394,198.4601312
56.0,72,77,1.3623011000000105,199.117886,200.48018710000002
56.0,78,71,1.352942799999994,199.1339288,200.4868716
56.0,69,76,1.3756701000000078,199.117886,200.4935561
56.0,78,103,0.12032100000001833,203.2970354,203.41735640000002
56.0,81,93,0.1711232000000109,203.4574634,203.6285866
56.0,80,78,0.1417114000000197,203.6178914,203.7596028
56.0,78,77,0.12834239999997976,203.77831940000002,203.9066618
56.0,77,66,0.10160439999998516,203.9387474,204.0403518
56.0,78,57,0.04812839999999596,204.0991754,204.1473038
56.0,74,74,1.0655093000000022,204.25960340000003,205.32511270000003
56.0,72,112,0.12032100000000412,208.5911594,208.71148040000003
56.0,73,116,0.11229960000001427,208.9120154,209.024315
56.0,74,118,0.11497340000001088,209.2328714,209.34784480000002
56.0,75,121,0.1310161999999906,209.5537274,209.6847436
56.0,68,98,0.29411800000002586,211.6392914,211.93340940000002
56.0,66,104,0.28342279999998254,211.9601474,212.2435702
56.0,65,105,0.3288774000000103,212.2810034,212.6098808
56.0,66,96,0.32085600000002046,212.6018594,212.92271540000002
56.0,68,98,0.3155083999999988,212.92271540000002,213.23822380000001
56.0,71,91,0.34759399999998664,213.2435714,213.5911654
56.0,68,108,0.43582940000001713,213.5644274,214.00025680000002
56.0,69,106,0.41443899999998735,214.04571140000002,214.4601504
56.0,66,106,0.7112308000000098,214.5269954,215.2382262
56.0,66,74,0.0026737999999966178,219.986895,219.9895688
56.0,74,78,0.0026737999999966178,219.9922426,219.9949164
56.0,74,82,0.20588260000000483,219.9949164,220.200799
56.0,59,79,0.0026737999999966178,220.6446498,220.6473236
56.0,68,85,0.0026737999999966178,220.655345,220.6580188
56.0,74,80,0.0026737999999966178,220.6633664,220.6660402
56.0,82,110,0.6123002000000213,220.6232594,221.23555960000002
56.0,71,84,0.0026737999999966178,221.2943832,221.297057
56.0,83,102,0.4358293999999887,221.283688,221.7195174
56.0,68,92,0.0026738000000250395,221.7489292,221.75160300000002
56.0,80,91,0.10962580000000344,221.7275388,221.8371646
56.0,64,90,0.0026737999999966178,222.06711140000002,222.0697852
56.0,76,93,0.12834239999997976,222.0483948,222.1767372
56.0,65,78,0.029411800000000692,222.34786040000003,222.37727220000002
56.0,71,94,0.0026737999999966178,222.540374,222.5430478
56.0,83,98,0.4598936000000151,222.5323526,222.9922462
56.0,68,91,0.0026737999999966178,223.0029414,223.0056152
56.0,80,93,0.10962580000000344,223.0243318,223.1339576
56.0,64,90,0.10160440000001358,223.3371664,223.43877080000001
56.0,76,96,0.10160440000001358,223.342514,223.4441184
56.0,72,92,0.06417120000000409,223.6446534,223.7088246
56.0,64,100,0.1443852000000163,223.837167,223.9815522
56.0,66,93,0.0026737999999966178,223.9868998,223.9895736
56.0,80,99,0.17379700000000753,223.8398408,224.0136378
56.0,83,84,0.03743320000000949,224.0056164,224.04304960000002
56.0,81,90,0.1443851999999879,224.00026880000001,224.144654
56.0,64,88,0.0026737999999966178,224.144654,224.1473278
56.0,80,92,0.13101619999997638,224.13395880000002,224.264975
56.0,68,99,0.0026737999999966178,224.31310340000002,224.3157772
56.0,83,104,0.1577541999999994,224.2997344,224.4574886
56.0,61,126,0.0026737999999966178,235.3826354,235.3853092
56.0,65,127,0.12299480000001495,235.5831704,235.70616520000002
56.0,68,119,0.0026738000000250395,235.8371814,235.83985520000002
56.0,71,126,0.0026737999999966178,236.0216736,236.0243474
56.0,68,127,0.16042799999999602,236.297075,236.457503
56.0,69,127,0.12299480000001495,236.5056314,236.6286262
56.0,66,127,0.0026737999999966178,236.82916120000002,236.831835
56.0,68,127,0.0026737999999966178,237.12060540000002,237.1232792
56.0,69,127,0.09090919999999869,237.2970762,237.3879854
56.0,69,127,0.10695200000000682,237.4414614,237.54841340000002
56.0,71,127,0.008021399999989853,237.6045632,237.6125846
56.0,79,104,0.12032099999998991,238.2783608,238.3986818
56.0,78,103,0.45454599999999346,238.5885216,239.0430676
56.0,80,115,0.15508040000000278,239.2462764,239.4013568
56.0,80,113,0.10962579999997502,239.54574200000002,239.6553678
56.0,80,117,0.14973280000000955,239.7248866,239.8746194
56.0,87,126,0.3850271999999677,280.3104968,280.695524
56.0,63,111,0.4037438000000293,280.3131706,280.7169144
56.0,70,102,0.4171128000000408,280.307823,280.7249358
56.0,75,124,0.43850320000001375,280.3292134,280.7677166
56.0,66,117,1.2834239999999681,280.7917808,282.0752048
56.0,85,127,1.5401087999999845,280.7971284,282.3372372
56.0,73,127,1.5695205999999757,280.81049740000003,282.380018
56.0,58,108,1.7459913999999799,280.7971284,282.5431198
56.0,60,104,0.3983961999999792,282.8666496,283.2650458
56.0,74,127,0.42379730000001814,282.8639758,283.2877731
56.0,60,105,0.3770058000000063,283.3506074,283.7276132
56.0,67,127,0.39037479999996094,283.3532812,283.743656
56.0,79,124,0.42780799999997043,283.34793360000003,283.7757416
56.0,77,119,0.25401100000004817,283.8158486,284.06985960000003
56.0,65,127,0.2700538000000279,283.810501,284.0805548
56.0,60,101,0.2700538000000279,283.82387,284.0939238
56.0,74,116,0.32085599999999204,284.1473998,284.4682558
56.0,59,110,0.36363679999999476,284.1741378,284.5377746
56.0,67,110,0.4090913999999657,284.1473998,284.5564912
56.0,62,125,0.4064175999999975,284.158095,284.5645126
56.0,67,127,0.395722400000011,284.6313576,285.02708
56.0,79,123,0.4358293999999887,284.6153148,285.0511442
56.0,59,111,0.24331580000000486,285.093925,285.3372408
56.0,67,108,0.243315799999948,285.10194640000003,285.3452622
56.0,71,127,0.24331580000000486,285.1126416,285.3559574
56.0,83,127,0.2620324000000096,285.1153154,285.3773478
56.0,58,106,0.37700579999994943,285.441519,285.8185248
56.0,66,117,0.3903748000000178,285.4575618,285.8479366
56.0,70,120,0.443850800000007,285.4361714,285.8800222
56.0,82,120,0.4491984000000002,285.4388452,285.8880436
56.0,66,116,0.3502678000000401,285.922803,286.2730708
56.0,58,111,0.36898440000004484,285.9040864,286.2730708
56.0,78,127,0.3556153999999765,285.9254768,286.2810922
56.0,66,114,0.16310179999999264,286.3720014,286.5351032
56.0,58,110,0.16310179999999264,286.3800228,286.5431246
56.0,67,127,0.2125670999999727,286.3880442,286.60061129999997
56.0,62,121,0.9772739000000001,286.7142478,287.6915217
56.0,64,120,1.1283435999999654,286.7276168,287.85596039999996
56.0,75,122,0.09358300000002373,288.0163884,288.1099714
56.0,63,113,0.11229959999997163,288.0030194,288.115319
56.0,65,110,0.1042782000000102,288.155426,288.2597042
56.0,77,117,0.10962580000000344,288.1634474,288.2730732
56.0,79,117,0.1229947999999581,288.3238754,288.4468702
56.0,67,115,0.16310179999999264,288.3212016,288.4843034
56.0,68,119,0.09090919999999869,288.4816296,288.5725388
56.0,80,123,0.09090919999999869,288.4869772,288.5778864
56.0,82,117,0.08021399999995538,288.65275280000003,288.7329668
56.0,70,107,0.09625679999999193,288.6447314,288.7409882
56.0,80,120,0.08556160000000546,288.8051594,288.890721
56.0,87,127,0.13369000000000142,288.9629136,289.0966036
56.0,75,127,0.13636379999996961,288.96826120000003,289.104625
66.0,64,119,1.4959910999999977,96.4412922,97.9372833
66.0,73,113,0.16310179999999264,98.048246,98.2113478
66.0,65,121,0.16844940000000008,98.0535936,98.222043
66.0,56,113,0.184492199999994,98.0509198,98.235412
66.0,54,99,0.20588259999999536,100.6124202,100.8183028
66.0,66,104,0.20053500000000213,100.628463,100.828998
66.0,63,102,0.12032099999998991,100.79958620000001,100.9199072
66.0,51,99,0.12834240000000818,100.7942386,100.92258100000001
66.0,58,108,0.12834240000000818,101.0883566,101.216699
66.0,46,99,0.12566859999999735,101.096378,101.2220466
66.0,51,99,0.11497339999999667,101.3985174,101.5134908
66.0,63,107,0.1310162000000048,101.4118864,101.5429026
66.0,54,100,0.13636379999999804,101.564293,101.7006568
66.0,66,108,0.1443852000000021,101.577662,101.7220472
66.0,60,112,0.13369000000000142,101.898518,102.032208
66.0,56,104,0.15508040000000278,101.9145608,102.0696412
66.0,63,113,0.13636379999999804,102.2220478,102.3584116
66.0,54,110,0.14973279999999534,102.2086788,102.3584116
66.0,60,113,0.1978612000000055,102.5348824,102.7327436
66.0,68,114,0.2245992000000001,102.5482514,102.7728506
66.0,53,99,0.13636379999999804,105.7568114,105.8931752
66.0,65,98,0.13636379999999804,105.7594852,105.895849
66.0,56,98,0.11229960000000005,105.9814106,106.0937102
66.0,44,98,0.13903760000000887,105.976063,106.1151006
66.0,52,97,0.12032100000000412,106.1792718,106.2995928
66.0,60,104,0.1176472000000075,106.403871,106.5215182
66.0,48,98,0.13903759999999465,106.39317580000001,106.5322134
66.0,61,98,0.09625680000000614,106.6338178,106.73007460000001
66.0,49,100,0.1310162000000048,106.6017322,106.7327484
66.0,51,102,0.08288779999999463,106.7995934,106.8824812
66.0,63,100,0.09358299999999531,106.8343528,106.9279358
66.0,66,111,0.13636379999999804,107.0348878,107.1712516
66.0,57,117,0.17914460000000076,107.032214,107.2113586
66.0,65,121,0.18181839999999738,107.3423748,107.5241932
66.0,56,111,0.1844922000000082,107.3450486,107.5295408
66.0,61,74,1.2914454000000006,108.3236594,109.6151048
66.0,62,83,1.2967929999999939,109.60708340000001,110.9038764
66.0,63,79,2.0748688000000044,110.8905074,112.96537620000001
66.0,63,78,1.296793000000008,113.4573554,114.7541484
66.0,64,84,1.0106964000000005,114.74077940000001,115.75147580000001
66.0,56,110,0.14973279999999534,116.34773320000001,116.497466
66.0,68,106,0.16310179999999264,116.35842840000001,116.5215302
66.0,70,94,0.1577542000000136,116.6605678,116.81832200000001
66.0,58,105,0.16844940000000008,116.6685892,116.8370386
66.0,68,96,0.13903759999999465,116.9894452,117.1284828
66.0,56,109,0.13903760000000887,117.005488,117.14452560000001
66.0,65,106,0.184492199999994,117.3076274,117.4921196
66.0,53,118,0.1978612000000055,117.3209964,117.5188576
66.0,54,99,0.20588259999999536,121.1472042,121.3530868
66.0,66,104,0.20053500000000213,121.163247,121.363782
66.0,63,102,0.12032099999998991,121.33437020000001,121.4546912
66.0,51,99,0.12834239999999397,121.3290226,121.457365
66.0,58,108,0.12834240000000818,121.6231406,121.75148300000001
66.0,46,99,0.12566859999999735,121.631162,121.7568306
66.0,51,99,0.11497339999999667,121.9333014,122.0482748
66.0,63,107,0.1310162000000048,121.9466704,122.0776866
66.0,54,100,0.13636379999999804,122.09907700000001,122.2354408
66.0,66,108,0.1443852000000021,122.112446,122.25683120000001
66.0,60,112,0.13369000000000142,122.433302,122.566992
66.0,56,104,0.15508040000000278,122.4493448,122.60442520000001
66.0,63,113,0.13636379999999804,122.7568318,122.8931956
66.0,54,110,0.14973279999999534,122.7434628,122.8931956
66.0,60,113,0.1978612000000055,123.0696664,123.26752760000001
66.0,68,114,0.2245992000000001,123.0830354,123.3076346
66.0,53,99,0.13636379999999804,126.2915954,126.4279592
66.0,65,98,0.13636379999999804,126.2942692,126.430633
66.0,56,98,0.11229960000000005,126.5161946,126.6284942
66.0,44,98,0.13903760000000887,126.510847,126.64988460000001
66.0,52,97,0.12032100000000412,126.7140558,126.8343768
66.0,60,104,0.1176472000000075,126.938655,127.0563022
66.0,48,98,0.13903760000000887,126.9279598,127.0669974
66.0,61,98,0.09625679999999193,127.1686018,127.2648586
66.0,49,100,0.1310162000000048,127.1365162,127.26753240000001
66.0,51,102,0.08288779999999463,127.33437740000001,127.4172652
66.0,63,100,0.09358299999999531,127.3691368,127.4627198
66.0,66,111,0.13636379999999804,127.56967180000001,127.7060356
66.0,57,117,0.17914460000000076,127.566998,127.7461426
66.0,65,121,0.1818184000000116,127.8771588,128.05897720000002
66.0,56,111,0.1844922000000082,127.8798326,128.0643248
66.0,61,74,1.2914454000000148,128.8584434,130.1498888
66.0,62,83,1.296793000000008,130.1418674,131.4386604
66.0,63,79,2.0748688000000186,131.4252914,133.5001602
66.0,63,78,1.2967929999999797,133.9921394,135.2889324
66.0,64,84,1.0106964000000005,135.2755634,136.2862598
66.0,62,108,0.5909097999999915,139.1258354,139.7167452
66.0,61,106,0.5588242000000037,139.772895,140.3317192
66.0,59,102,0.27005379999999946,140.3905428,140.6605966
66.0,61,98,0.2513371999999947,140.7194202,140.9707574
66.0,62,95,0.18181839999999738,141.056319,141.2381374
66.0,66,109,0.11497339999999667,141.3718274,141.4868008
66.0,62,71,0.997327399999989,141.7007048,142.6980322
66.0,67,74,1.0320868000000019,141.6953572,142.727444
66.0,69,121,1.069519999999983,141.7007048,142.7702248
66.0,64,108,0.16310180000000685,142.8156794,142.97878120000001
66.0,69,122,0.24064200000000824,142.8290484,143.0696904
66.0,66,122,0.10427819999998178,147.3210324,147.4253106
66.0,62,106,0.1042782000000102,147.3477704,147.4520486
66.0,64,114,0.12299479999998653,147.633867,147.7568618
66.0,67,121,0.13636379999999804,147.62851940000002,147.7648832
66.0,62,107,0.10962580000000344,147.9360064,148.0456322
66.0,66,109,0.10962579999997502,147.94402780000001,148.0536536
66.0,66,107,0.1577541999999994,148.10178200000001,148.2595362
66.0,69,109,0.184492199999994,148.1124772,148.2969694
66.0,63,110,0.10249566666666017,157.0937714,157.19626706666668
66.0,77,123,0.09893060000001697,157.1739854,157.272916
66.0,59,96,0.12700549999999566,157.2541994,157.3812049
66.0,74,101,0.09090919999998448,157.33441340000002,157.42532260000002
66.0,67,108,0.08288780000000173,157.5750554,157.6579432
66.0,67,106,0.10294130000001189,157.7354834,157.83842470000002
66.0,70,118,1.1864987499999913,158.0563394,159.24283815
66.0,62,108,0.5909097999999915,159.6606194,160.2515292
66.0,61,106,0.5588242000000037,160.307679,160.8665032
66.0,59,102,0.27005379999999946,160.9253268,161.1953806
66.0,61,98,0.2513371999999947,161.2542042,161.5055414
66.0,62,95,0.18181839999999738,161.591103,161.7729214
66.0,66,109,0.11497339999999667,161.9066114,162.0215848
66.0,62,71,0.997327399999989,162.2354888,163.2328162
66.0,67,74,1.0320868000000019,162.2301412,163.262228
66.0,69,121,1.069519999999983,162.2354888,163.3050088
66.0,64,108,0.16310180000000685,163.3504634,163.51356520000002
66.0,69,122,0.24064200000000824,163.3638324,163.60447440000002
66.0,66,122,0.10427819999998178,167.8558164,167.9600946
66.0,62,106,0.1042782000000102,167.8825544,167.9868326
66.0,64,114,0.12299479999998653,168.168651,168.2916458
66.0,67,121,0.13636380000002646,168.1633034,168.29966720000002
66.0,62,107,0.10962580000000344,168.4707904,168.5804162
66.0,66,109,0.10962579999997502,168.47881180000002,168.5884376
66.0,66,107,0.1577541999999994,168.63656600000002,168.79432020000002
66.0,69,109,0.184492199999994,168.6472612,168.8317534
66.0,68,94,1.1024968666666553,178.59112340000001,179.69362026666667
66.0,63,74,1.2914453999999864,190.4627954,191.7542408
66.0,64,83,1.296793000000008,191.7462194,193.0430124
66.0,65,79,2.0748688000000186,193.0296434,195.10451220000002
66.0,65,78,1.296793000000008,195.5964914,196.8932844
66.0,66,84,1.0106964000000005,196.87991540000002,197.89061180000002
66.0,67,95,0.3716581999999846,198.1633394,198.5349976
66.0,69,94,1.1024968666666553,199.12590740000005,200.2284042666667
66.0,66,127,0.19251360000001227,203.3184258,203.5109394
66.0,69,109,0.18983979999998724,203.489549,203.6793888
66.0,68,108,0.17647080000000415,203.6339342,203.810405
66.0,66,113,0.18181839999999738,203.7916884,203.9735068
66.0,65,115,0.1577541999999994,203.95746400000002,204.11521820000002
66.0,66,109,0.1310162000000048,204.104523,204.2355392
66.0,71,109,1.0508034000000066,204.264951,205.3157544
66.0,52,111,0.07219259999999394,208.65265680000002,208.7248494
66.0,68,119,0.09090919999999869,208.6392878,208.730197
66.0,54,115,0.09625679999999193,208.9120154,209.0082722
66.0,69,117,0.10427819999998178,208.9280582,209.0323364
66.0,55,119,0.11497339999999667,209.2328714,209.3478448
66.0,70,121,0.11764719999999329,209.23821900000002,209.3558662
66.0,63,123,0.1831552999999957,209.5537274,209.73688270000002
66.0,75,79,0.2947864500000108,211.6392914,211.93407785
66.0,72,79,0.24064199999999403,211.9601474,212.20078940000002
66.0,72,81,0.2680484500000091,212.2810034,212.54905185
66.0,73,73,0.31350305000000844,212.6018594,212.91536245
66.0,74,77,0.30926953333333057,212.92271540000002,213.23198493333334
66.0,83,76,0.32085599999999204,213.2435714,213.5644274
66.0,77,83,0.6417119999999841,212.92271540000002,213.5644274
66.0,76,78,0.32085599999999204,213.24357139999998,213.56442739999997
66.0,74,87,0.40107000000000426,213.5644274,213.9654974
66.0,77,84,0.48128399999998805,214.04571140000002,214.5269954
66.0,74,89,0.6417120000000125,214.5269954,215.16870740000002
66.0,69,98,0.604278800000003,219.9895688,220.5938476
66.0,70,104,0.5454551999999921,220.6312808,221.176736
66.0,71,95,0.5374338000000023,221.2489286,221.7863624
66.0,68,95,0.15240660000000616,221.7596244,221.912031
66.0,64,94,0.10962580000000344,222.085828,222.1954538
66.0,60,61,0.06283430000000578,222.3692508,222.4320851
66.0,71,94,0.4331556000000205,222.5350264,222.968182
66.0,68,95,0.12566860000001157,223.008289,223.1339576
66.0,64,95,0.10962580000000344,223.3398402,223.449466
66.0,60,92,0.06951879999999733,223.6553486,223.7248674
66.0,52,89,0.14973280000000955,223.837167,223.9868998
66.0,68,92,0.1711232000000109,223.8532098,224.024333
66.0,54,85,0.13636379999999804,223.9788784,224.1152422
66.0,69,91,0.1577541999999994,224.010964,224.1687182
66.0,68,89,0.11497339999999667,224.1473278,224.2623012
66.0,52,87,0.13369000000000142,224.1286112,224.2623012
66.0,71,99,0.1443852000000163,224.305082,224.44946720000002
66.0,56,103,0.184492199999994,224.2997344,224.4842266
66.0,61,96,0.16042799999999602,235.3719402,235.5323682
66.0,65,104,0.10962579999997502,235.56980140000002,235.6794272
66.0,68,89,0.11229960000000005,235.8238124,235.936112
66.0,71,96,0.13903759999999465,236.0109784,236.150016
66.0,68,104,0.12566860000001157,236.283706,236.4093746
66.0,69,104,0.11229960000000005,236.4949362,236.6072358
66.0,66,106,0.11764719999999329,236.818466,236.9361132
66.0,68,103,0.08288780000000884,237.1072364,237.1901242
66.0,69,110,0.07754019999998718,237.286381,237.3639212
66.0,69,104,0.09625680000002035,237.4307662,237.527023
66.0,71,110,0.12032099999998991,237.59386800000001,237.714189
66.0,79,86,0.13636379999999804,238.2569704,238.3933342
66.0,69,81,0.14973280000000955,238.2516228,238.40135560000002
66.0,74,73,0.16844940000000008,238.2569704,238.4254198
66.0,54,85,0.20588259999999536,238.2462752,238.4521578
66.0,73,75,0.3663106000000198,238.596543,238.96285360000002
66.0,75,71,0.3689844000000164,238.5938692,238.96285360000002
66.0,78,80,0.37165820000001304,238.596543,238.9682012
66.0,64,84,0.39839620000000764,238.5911954,238.9895916
66.0,70,85,0.12085575999999491,239.24092879999998,239.36178455999996
66.0,80,85,0.09893060000001697,239.5403944,239.639325
66.0,71,72,0.10561509999998009,239.54574200000002,239.65135709999998
66.0,54,85,0.11229960000000005,239.54841580000001,239.66071540000002
66.0,75,89,0.12032100000001833,239.5403944,239.66071540000002
66.0,71,86,0.14812851999999452,239.72756040000004,239.87568892000004
