Instrumento,instrumento,nota,nombre,volumen,dura,empieza,termina
Electric Bass (finger),33,30,F#1,127,0.25000020833333325,2.18182,2.4318202083333333
Electric Bass (finger),33,35,B1,127,0.2670456770833334,3.27273,3.5397756770833335
Electric Bass (finger),33,37,C#2,127,0.2500002083333328,4.36364,4.613640208333333
Electric Bass (finger),33,35,B1,127,0.27840932291666665,5.45455,5.732959322916667
Electric Bass (finger),33,30,F#1,127,0.2500002083333328,6.54546,6.795460208333333
Electric Bass (finger),33,35,B1,127,0.26704567708333293,7.63637,7.903415677083333
Electric Bass (finger),33,37,C#2,127,0.2500002083333328,8.72728,8.977280208333333
Electric Bass (finger),33,35,B1,127,0.27840932291666753,9.81819,10.096599322916667
Electric Bass (finger),33,30,F#1,127,0.2500002083333328,10.9091,11.159100208333333
Electric Bass (finger),33,35,B1,127,0.26704567708333293,12.00001,12.267055677083333
Electric Bass (finger),33,37,C#2,127,0.2500002083333328,13.09092,13.340920208333333
Electric Bass (finger),33,35,B1,127,0.27840932291666753,14.18183,14.460239322916667
Electric Bass (finger),33,30,F#1,127,0.2500002083333328,15.27274,15.522740208333333
Electric Bass (finger),33,35,B1,127,0.2670456770833347,16.36365,16.630695677083335
Electric Bass (finger),33,37,C#2,127,0.2500002083333328,17.45456,17.704560208333334
Electric Bass (finger),33,35,B1,127,0.2784093229166693,18.545469999999998,18.823879322916667
Electric Bass (finger),33,30,F#1,127,0.4375003645833324,19.63638,20.07388036458333
Electric Bass (finger),33,37,C#2,127,0.4431821874999997,20.181835,20.6250171875
Electric Bass (finger),33,35,B1,127,0.46590947916666536,20.72729,21.193199479166665
Electric Bass (finger),33,42,F#2,127,0.21590927083333256,21.272745,21.488654270833333
Electric Bass (finger),33,35,B1,127,0.15909104166666665,21.5454725,21.704563541666666
Electric Bass (finger),33,37,C#2,127,0.47727312499999996,21.8182,22.295473125
Electric Bass (finger),33,44,G#2,127,0.47159130208333266,22.363655,22.835246302083334
Electric Bass (finger),33,35,B1,127,0.4715913020833362,22.90911,23.380701302083335
Electric Bass (finger),33,42,F#2,127,0.23863656250000176,23.454565,23.6932015625
Electric Bass (finger),33,35,B1,127,0.14772739583333205,23.7272925,23.875019895833333
Electric Bass (finger),33,30,F#1,127,0.48295494791666727,24.00002,24.482974947916667
Electric Bass (finger),33,37,C#2,127,0.4431821874999997,24.545475,24.9886571875
Electric Bass (finger),33,35,B1,127,0.48863677083333457,25.09093,25.579566770833335
Electric Bass (finger),33,42,F#2,127,0.28977296875000036,25.636385,25.92615796875
Electric Bass (finger),33,35,B1,127,0.16477286458333396,25.9091125,26.073885364583333
Electric Bass (finger),33,37,C#2,127,0.47159130208333266,26.18184,26.653431302083334
Electric Bass (finger),33,44,G#2,127,0.4772731250000035,26.727294999999998,27.204568125
Electric Bass (finger),33,35,B1,127,0.4659094791666689,27.27275,27.738659479166667
Electric Bass (finger),33,42,F#2,127,0.21590927083333256,27.818205,28.03411427083333
Electric Bass (finger),33,35,B1,127,0.1818183333333323,28.0909325,28.272750833333333
Electric Bass (finger),33,42,F#2,127,0.49431859375000187,28.36366,28.85797859375
Electric Bass (finger),33,37,C#2,127,0.4318185416666651,28.909115,29.340933541666665
Electric Bass (finger),33,37,C#2,127,0.40909124999999946,29.45457,29.86366125
Electric Bass (finger),33,44,G#2,127,0.39772760416666486,30.000025,30.397752604166666
Electric Bass (finger),33,35,B1,127,0.4431821874999997,30.54548,30.9886621875
Electric Bass (finger),33,42,F#2,127,0.3920457812500011,31.090934999999998,31.48298078125
Electric Bass (finger),33,42,F#2,127,0.42613671875000136,31.63639,32.06252671875
Electric Bass (finger),33,49,C#3,127,0.42613671874999426,32.181845,32.60798171875
Electric Bass (finger),33,42,F#2,127,0.48295494791666727,32.7273,33.21025494791667
Electric Bass (finger),33,37,C#2,127,0.409091250000003,33.272755,33.68184625
Electric Bass (finger),33,37,C#2,127,0.41477307291666676,33.81821,34.23298307291667
Electric Bass (finger),33,44,G#2,127,0.40340942708333216,34.363665,34.76707442708333
Electric Bass (finger),33,35,B1,127,0.4545458333333343,34.90912,35.363665833333336
Electric Bass (finger),33,42,F#2,127,0.4204548958333376,35.454575,35.875029895833336
Electric Bass (finger),33,42,F#2,127,0.4659094791666618,36.00003,36.465939479166664
Electric Bass (finger),33,37,C#2,127,0.44886401041667057,36.545485,36.99434901041667
Electric Bass (finger),33,42,F#2,127,0.47159130208333977,37.090939999999996,37.562531302083336
Electric Bass (finger),33,46,A#2,127,0.46022765624999806,37.636395,38.09662265625
Electric Bass (finger),33,49,C#3,127,0.5000004166666656,38.18185,38.68185041666666
Electric Bass (finger),33,44,G#2,127,0.24431838541666195,38.727305,38.97162338541666
Electric Bass (finger),33,49,C#3,127,0.23295473958332735,39.0000325,39.23298723958333
Electric Bass (finger),33,47,B2,127,0.5113640625000002,39.27276,39.7841240625
Electric Bass (finger),33,42,F#2,127,0.23295473958332735,39.818215,40.05116973958333
Electric Bass (finger),33,47,B2,127,0.2159092708333361,40.0909425,40.30685177083333
Electric Bass (finger),33,49,C#3,127,0.5340913541666694,40.36367,40.89776135416667
Electric Bass (finger),33,44,G#2,127,0.42613671874999426,40.909125,41.33526171875
Electric Bass (finger),33,42,F#2,127,0.46022765624999806,41.45458,41.91480765625
Electric Bass (finger),33,37,C#2,127,0.4772731250000035,42.000035,42.477308125
Electric Bass (finger),33,49,C#3,127,0.48295494791666727,42.54549,43.02844494791667
Electric Bass (finger),33,44,G#2,127,0.4772731250000035,43.090945,43.568218125
Electric Bass (finger),33,47,B2,127,0.43750036458332886,43.6364,44.07390036458333
Electric Bass (finger),33,42,F#2,127,0.44886401041667057,44.181855,44.63071901041667
Electric Bass (finger),33,37,C#2,127,0.4431821874999997,44.72731,45.1704921875
Electric Bass (finger),33,44,G#2,127,0.4545458333333343,45.272765,45.727310833333334
Electric Bass (finger),33,42,F#2,127,0.49431859375000187,45.81822,46.31253859375
Electric Bass (finger),33,37,C#2,127,0.4318185416666651,46.363675,46.795493541666666
Electric Bass (finger),33,37,C#2,127,0.409091250000003,46.90913,47.31822125
Electric Bass (finger),33,44,G#2,127,0.3977276041666613,47.454585,47.85231260416666
Electric Bass (finger),33,35,B1,127,0.4431821874999997,48.00004,48.4432221875
Electric Bass (finger),33,42,F#2,127,0.39204578124999756,48.545495,48.93754078125
Electric Bass (finger),33,42,F#2,127,0.42613671875000136,49.09095,49.51708671875
Electric Bass (finger),33,49,C#3,127,0.42613671875000136,49.636404999999996,50.06254171875
Electric Bass (finger),33,42,F#2,127,0.48295494791666727,50.18186,50.66481494791667
Electric Bass (finger),33,37,C#2,127,0.409091250000003,50.727315,51.13640625
Electric Bass (finger),33,37,C#2,127,0.41477307291666676,51.27277,51.68754307291667
Electric Bass (finger),33,44,G#2,127,0.40340942708333216,51.818225,52.22163442708333
Electric Bass (finger),33,35,B1,127,0.4545458333333272,52.36368,52.81822583333333
Electric Bass (finger),33,42,F#2,127,0.4204548958333305,52.909135,53.32958989583333
Electric Bass (finger),33,42,F#2,127,0.4659094791666689,53.454589999999996,53.920499479166665
Electric Bass (finger),33,37,C#2,127,0.44886401041666346,54.000045,54.44890901041666
Electric Bass (finger),33,42,F#2,127,0.47159130208333266,54.5455,55.01709130208333
Electric Bass (finger),33,46,A#2,127,0.46022765624999806,55.090955,55.55118265625
Electric Bass (finger),33,49,C#3,127,0.5000004166666656,55.63641,56.13641041666666
Electric Bass (finger),33,44,G#2,127,0.24431838541666195,56.181865,56.426183385416664
Electric Bass (finger),33,49,C#3,127,0.23295473958333446,56.4545925,56.68754723958333
Electric Bass (finger),33,47,B2,127,0.5113640625000002,56.72732,57.2386840625
Electric Bass (finger),33,42,F#2,127,0.23295473958332735,57.272775,57.50572973958333
Electric Bass (finger),33,47,B2,127,0.2159092708333361,57.5455025,57.761411770833334
Electric Bass (finger),33,49,C#3,127,0.5340913541666694,57.81823,58.35232135416667
Electric Bass (finger),33,44,G#2,127,0.42613671875000136,58.363685,58.78982171875
Electric Bass (finger),33,42,F#2,127,0.46022765624999806,58.90914,59.36936765625
Electric Bass (finger),33,37,C#2,127,0.4772731250000035,59.454595,59.931868125
Electric Bass (finger),33,49,C#3,127,0.48295494791666727,60.00005,60.48300494791667
Electric Bass (finger),33,44,G#2,127,0.4772731250000035,60.545505,61.022778125
Electric Bass (finger),33,47,B2,127,0.43750036458332886,61.09096,61.52846036458333
Electric Bass (finger),33,42,F#2,127,0.44886401041666346,61.636415,62.08527901041666
Electric Bass (finger),33,37,C#2,127,0.4431821874999997,62.181869999999996,62.625052187499996
Electric Bass (finger),33,44,G#2,127,0.4545458333333343,62.727325,63.181870833333335
Electric Bass (finger),33,30,F#1,127,0.43750036458333597,63.27278,63.71028036458333
Electric Bass (finger),33,37,C#2,127,0.4431821874999997,63.818235,64.2614171875
Electric Bass (finger),33,35,B1,127,0.4659094791666547,64.36369,64.82959947916666
Electric Bass (finger),33,42,F#2,127,0.2159092708333361,64.909145,65.12505427083333
Electric Bass (finger),33,35,B1,127,0.1590910416666702,65.1818725,65.34096354166667
Electric Bass (finger),33,37,C#2,127,0.4772731249999964,65.4546,65.931873125
Electric Bass (finger),33,44,G#2,127,0.47159130208332556,66.000055,66.47164630208333
Electric Bass (finger),33,35,B1,127,0.47159130208333977,66.54551,67.01710130208333
Electric Bass (finger),33,42,F#2,127,0.2386365625000053,67.090965,67.3296015625
Electric Bass (finger),33,35,B1,127,0.1477273958333285,67.3636925,67.51141989583333
Electric Bass (finger),33,30,F#1,127,0.48295494791666727,67.63642,68.11937494791667
Electric Bass (finger),33,37,C#2,127,0.4431821874999997,68.181875,68.6250571875
Electric Bass (finger),33,35,B1,127,0.4886367708333381,68.72733,69.21596677083333
Electric Bass (finger),33,42,F#2,127,0.28977296875000036,69.272785,69.56255796875
Electric Bass (finger),33,35,B1,127,0.16477286458332685,69.5455125,69.71028536458333
Electric Bass (finger),33,37,C#2,127,0.47159130208332556,69.81824,70.28983130208333
Electric Bass (finger),33,44,G#2,127,0.4772731250000106,70.36369499999999,70.840968125
Electric Bass (finger),33,35,B1,127,0.4659094791666689,70.90915,71.37505947916667
Electric Bass (finger),33,42,F#2,127,0.2159092708333361,71.454605,71.67051427083334
Electric Bass (finger),33,35,B1,127,0.1818183333333252,71.7273325,71.90915083333333
Electric Bass (finger),33,42,F#2,127,0.27840932291665865,72.00006,72.27846932291666
Electric Bass (finger),33,42,F#2,127,0.09659098958333345,72.40915125,72.50574223958333
Electric Bass (finger),33,42,F#2,127,0.15340921874999935,72.545515,72.69892421875
Electric Bass (finger),33,37,C#2,127,0.15340921874999935,72.8182425,72.97165171875
Electric Bass (finger),33,35,B1,127,0.2500002083333328,73.09097,73.34097020833333
Electric Bass (finger),33,35,B1,127,0.0795455208333351,73.50006125,73.57960677083334
Electric Bass (finger),33,35,B1,127,0.1250001041666593,73.636425,73.76142510416666
Electric Bass (finger),33,37,C#2,127,0.159091041666656,73.9091525,74.06824354166666
Electric Bass (finger),33,42,F#2,127,0.22727291666667782,74.18187999999999,74.40915291666667
Electric Bass (finger),33,42,F#2,127,0.0795455208333351,74.59097125,74.67051677083333
Electric Bass (finger),33,42,F#2,127,0.1477273958333427,74.727335,74.87506239583334
Electric Bass (finger),33,37,C#2,127,0.16477286458334106,75.0000625,75.16483536458334
Electric Bass (finger),33,35,B1,127,0.2272729166666636,75.27279,75.50006291666666
Electric Bass (finger),33,35,B1,127,0.0795455208333351,75.68188125,75.76142677083334
Electric Bass (finger),33,35,B1,127,0.136363750000001,75.818245,75.95460875
Electric Bass (finger),33,37,C#2,127,0.15340921875001357,76.09097249999999,76.24438171875
Electric Bass (finger),33,42,F#2,127,0.1818183333333394,76.3637,76.54551833333333
Electric Bass (finger),33,42,F#2,127,0.0795455208333351,76.77279125,76.85233677083333
Electric Bass (finger),33,42,F#2,127,0.14204557291667186,76.909155,77.05120057291667
Electric Bass (finger),33,37,C#2,127,0.136363750000001,77.1818825,77.31824625
Electric Bass (finger),33,35,B1,127,0.22159109374999275,77.45461,77.67620109375
Electric Bass (finger),33,35,B1,127,0.07954552083332089,77.86370125,77.94324677083333
Electric Bass (finger),33,35,B1,127,0.11931828124998844,78.000065,78.11938328125
Electric Bass (finger),33,37,C#2,127,0.17613651041666856,78.2727925,78.44892901041666
Electric Bass (finger),33,42,F#2,127,0.2386365625000053,78.54552,78.7841565625
Electric Bass (finger),33,42,F#2,127,0.08522734375000596,78.95461125,79.03983859375
Electric Bass (finger),33,42,F#2,127,0.1477273958333285,79.090975,79.23870239583333
Electric Bass (finger),33,37,C#2,127,0.17613651041666856,79.3637025,79.53983901041667
Electric Bass (finger),33,35,B1,127,0.22159109374999275,79.63643,79.85802109375
Electric Bass (finger),33,35,B1,127,0.0795455208333351,80.04552125,80.12506677083333
Electric Bass (finger),33,35,B1,127,0.1250001041666735,80.181885,80.30688510416667
Electric Bass (finger),33,37,C#2,127,0.15340921874999935,80.4546125,80.60802171875
Electric Bass (finger),33,42,F#2,127,0.18750015624999605,80.72734,80.91484015625
Electric Bass (finger),33,42,F#2,127,0.0909091666666626,81.13643125,81.22734041666666
Electric Bass (finger),33,42,F#2,127,0.13068192708333015,81.272795,81.40347692708333
Electric Bass (finger),33,37,C#2,127,0.15340921874999935,81.5455225,81.69893171875
Electric Bass (finger),33,35,B1,127,0.2272729166666636,81.81825,82.04552291666667
Electric Bass (finger),33,35,B1,127,0.07386369791666425,82.22734125,82.30120494791666
Electric Bass (finger),33,35,B1,127,0.1136364583333318,82.363705,82.47734145833333
Electric Bass (finger),33,37,C#2,127,0.1818183333333394,82.6364325,82.81825083333334
Electric Bass (finger),33,42,F#2,127,0.21022744791666526,82.90916,83.11938744791667
Electric Bass (finger),33,42,F#2,127,0.0909091666666626,83.31825125,83.40916041666667
Electric Bass (finger),33,42,F#2,127,0.15340921874999935,83.454615,83.60802421875
Electric Bass (finger),33,37,C#2,127,0.13068192708333015,83.7273425,83.85802442708334
Electric Bass (finger),33,35,B1,127,0.2159092708333361,84.00007,84.21597927083333
Electric Bass (finger),33,35,B1,127,0.06818187500000761,84.40916125,84.477343125
Electric Bass (finger),33,35,B1,127,0.13068192708333015,84.545525,84.67620692708333
Electric Bass (finger),33,37,C#2,127,0.15340921874999935,84.8182525,84.97166171875
Electric Bass (finger),33,42,F#2,127,0.1818183333333252,85.09098,85.27279833333333
Electric Bass (finger),33,42,F#2,127,0.08522734374999175,85.50007125,85.58529859375
Electric Bass (finger),33,42,F#2,127,0.1363637499999868,85.636435,85.77279874999999
Electric Bass (finger),33,37,C#2,127,0.15340921874999935,85.9091625,86.06257171875
Electric Bass (finger),33,35,B1,127,0.2045456250000086,86.18189,86.386435625
Electric Bass (finger),33,35,B1,127,0.0795455208333351,86.59098125,86.67052677083333
Electric Bass (finger),33,35,B1,127,0.14204557291667186,86.727345,86.86939057291667
Electric Bass (finger),33,37,C#2,127,0.1477273958333285,87.0000725,87.14779989583333
Electric Bass (finger),33,42,F#2,127,0.16477286458332685,87.2728,87.43757286458333
Electric Bass (finger),33,42,F#2,127,0.0795455208333351,87.68189124999999,87.76143677083333
Electric Bass (finger),33,42,F#2,127,0.1477273958333427,87.818255,87.96598239583334
Electric Bass (finger),33,37,C#2,127,0.15340921874999935,88.0909825,88.24439171875
Electric Bass (finger),33,35,B1,127,0.25568203125000366,88.36371,88.61939203125
Electric Bass (finger),33,35,B1,127,0.0795455208333351,88.77280125,88.85234677083334
Electric Bass (finger),33,35,B1,127,0.17613651041666856,88.909165,89.08530151041667
Electric Bass (finger),33,32,G#1,127,0.1704546874999977,89.1818925,89.3523471875
Electric Bass (finger),33,30,F#1,127,0.2500002083333328,89.45462,89.70462020833334
Electric Bass (finger),33,30,F#1,127,0.5681822916666732,89.86371125,90.43189354166667
Electric Bass (finger),33,30,F#1,127,0.25568203125000366,90.54553,90.80121203125
Electric Bass (finger),33,30,F#1,127,0.5852277604166574,90.95462125,91.53984901041666
Electric Bass (finger),33,37,C#2,127,0.27840932291667286,91.63644,91.91484932291667
Electric Bass (finger),33,37,C#2,127,0.5511368229166749,92.04553125,92.59666807291667
Electric Bass (finger),33,37,C#2,127,0.2840911458333295,92.72735,93.01144114583333
Electric Bass (finger),33,37,C#2,127,0.5965914062499991,93.13644125,93.73303265625
Electric Bass (finger),33,30,F#1,127,0.26704567708333116,93.81826,94.08530567708333
Electric Bass (finger),33,30,F#1,127,0.3409093749999954,94.22735125,94.568260625
Electric Bass (finger),33,49,C#3,127,0.2386365624999911,94.6364425,94.87507906249999
Electric Bass (finger),33,30,F#1,127,0.28977296875000036,94.90917,95.19894296875
Electric Bass (finger),33,30,F#1,127,0.36931848958332125,95.31826125,95.68757973958333
Electric Bass (finger),33,49,C#3,127,0.27840932291667286,95.7273525,96.00576182291667
Electric Bass (finger),33,37,C#2,127,0.28977296875000036,96.00008,96.28985296875
Electric Bass (finger),33,37,C#2,127,0.40340942708333216,96.40917125,96.81258067708333
Electric Bass (finger),33,49,C#3,127,0.25568203124998945,96.8182625,97.07394453124999
Electric Bass (finger),33,37,C#2,127,0.23295473958333446,97.09099,97.32394473958334
Electric Bass (finger),33,37,C#2,127,0.3863639583333338,97.50008125,97.88644520833333
Electric Bass (finger),33,49,C#3,127,0.2386365625000053,97.9091725,98.1478090625
Electric Bass (finger),33,30,F#1,127,0.26704567708333116,98.1819,98.44894567708333
Electric Bass (finger),33,30,F#1,127,0.40340942708333216,98.59099125,98.99440067708333
Electric Bass (finger),33,49,C#3,127,0.2727274999999878,99.0000825,99.27280999999999
Electric Bass (finger),33,30,F#1,127,0.272727500000002,99.27280999999999,99.5455375
Electric Bass (finger),33,30,F#1,127,0.41477307291667387,99.68190125,100.09667432291667
Electric Bass (finger),33,49,C#3,127,0.24431838541666195,100.0909925,100.33531088541666
Electric Bass (finger),33,37,C#2,127,0.2500002083333328,100.36372,100.61372020833333
Electric Bass (finger),33,37,C#2,127,0.39204578124999045,100.77281125,101.16485703125
Electric Bass (finger),33,49,C#3,127,0.2613638541666745,101.18190249999999,101.44326635416667
Electric Bass (finger),33,37,C#2,127,0.2613638541666745,101.45463,101.71599385416667
Electric Bass (finger),33,37,C#2,127,0.3295457291666679,101.86372125,102.19326697916667
Electric Bass (finger),33,49,C#3,127,0.24431838541666195,102.2728125,102.51713088541666
Electric Bass (finger),33,30,F#1,127,0.22159109374999275,102.54554,102.76713109375
Electric Bass (finger),33,30,F#1,127,0.3863639583333338,102.95463125,103.34099520833334
Electric Bass (finger),33,49,C#3,127,0.2386365625000053,103.3637225,103.6023590625
Electric Bass (finger),33,30,F#1,127,0.2613638541666745,103.63645,103.89781385416667
Electric Bass (finger),33,30,F#1,127,0.33522755208333876,104.04554125,104.38076880208334
Electric Bass (finger),33,49,C#3,127,0.22159109374999275,104.4546325,104.67622359375
Electric Bass (finger),33,37,C#2,127,0.2727274999999878,104.72736,105.00008749999999
Electric Bass (finger),33,37,C#2,127,0.38068213541667717,105.13645125,105.51713338541667
Electric Bass (finger),33,49,C#3,127,0.2159092708333361,105.5455425,105.76145177083333
Electric Bass (finger),33,37,C#2,127,0.2386365625000053,105.81827,106.0569065625
Electric Bass (finger),33,37,C#2,127,0.27840932291665865,106.22736125,106.50577057291666
Electric Bass (finger),33,37,C#2,127,0.0056818229166566425,106.50008875,106.50577057291666
Electric Bass (finger),33,32,G#1,127,0.18750015624999605,106.6364525,106.82395265625
Electric Bass (finger),33,30,F#1,127,0.272727500000002,106.90917999999999,107.1819075
Electric Bass (finger),33,37,C#2,127,0.2386365625000053,108.00009,108.2387265625
Electric Bass (finger),33,37,C#2,127,0.38068213541666296,108.40918125,108.78986338541667
Electric Bass (finger),33,35,B1,127,0.7443188020833276,108.8182725,109.56259130208333
Electric Bass (finger),33,42,F#2,127,0.2159092708333361,109.636455,109.85236427083333
Electric Bass (finger),33,30,F#1,127,0.7954552083333368,109.9091825,110.70463770833334
Electric Bass (finger),33,37,C#2,127,0.23295473958332025,110.727365,110.96031973958333
Electric Bass (finger),33,30,F#1,127,0.8125006770833352,111.0000925,111.81259317708333
Electric Bass (finger),33,42,F#2,127,0.21022744791666526,111.818275,112.02850244791667
Electric Bass (finger),33,37,C#2,127,0.7159096875000017,112.0910025,112.8069121875
Electric Bass (finger),33,37,C#2,127,0.15340921874999935,112.909185,113.06259421875
Electric Bass (finger),33,35,B1,127,0.6761369270833342,113.1819125,113.85804942708333
Electric Bass (finger),33,35,B1,127,0.1704546874999977,114.000095,114.1705496875
Electric Bass (finger),33,42,F#2,127,0.6988642187499892,114.2728225,114.97168671875
Electric Bass (finger),33,42,F#2,127,0.1704546874999977,115.091005,115.2614596875
Electric Bass (finger),33,30,F#1,127,0.7613642708333401,115.3637325,116.12509677083334
Electric Bass (finger),33,30,F#1,127,0.17613651041666856,116.181915,116.35805151041667
Electric Bass (finger),33,37,C#2,127,0.7272733333333292,116.4546425,117.18191583333333
Electric Bass (finger),33,37,C#2,127,0.18750015624999605,117.272825,117.46032515625
Electric Bass (finger),33,35,B1,127,0.7159096875000017,117.5455525,118.2614621875
Electric Bass (finger),33,35,B1,127,0.14204557291665765,118.363735,118.50578057291666
Electric Bass (finger),33,42,F#2,127,0.6931823958333325,118.6364625,119.32964489583333
Electric Bass (finger),33,37,C#2,127,0.136363750000001,119.454645,119.59100875
Electric Bass (finger),33,30,F#1,127,0.6647732812499925,119.7273725,120.39214578125
Electric Bass (finger),33,30,F#1,127,0.1818183333333394,120.545555,120.72737333333333
Electric Bass (finger),33,37,C#2,127,0.7045460416666742,120.8182825,121.52282854166667
Electric Bass (finger),33,37,C#2,127,0.1704546874999977,121.636465,121.8069196875
Electric Bass (finger),33,35,B1,127,0.70454604166666,121.9091925,122.61373854166666
Electric Bass (finger),33,35,B1,127,0.1704546874999977,122.727375,122.89782968749999
Electric Bass (finger),33,42,F#2,127,0.7329551562500001,123.0001025,123.73305765625
Electric Bass (finger),33,37,C#2,127,0.159091041666656,123.818285,123.97737604166666
Electric Bass (finger),33,30,F#1,127,0.7215915104166584,124.0910125,124.81260401041666
Electric Bass (finger),33,30,F#1,127,0.1704546874999977,124.909195,125.0796496875
Electric Bass (finger),33,37,C#2,127,0.6988642187500034,125.1819225,125.88078671875
Electric Bass (finger),33,37,C#2,127,0.16477286458332685,126.000105,126.16487786458333
Electric Bass (finger),33,35,B1,127,0.7102278645833451,126.27283249999999,126.98306036458334
Electric Bass (finger),33,35,B1,127,0.1590910416666702,127.091015,127.25010604166667
Electric Bass (finger),33,42,F#2,127,0.7386369791666709,127.3637425,128.10237947916667
Electric Bass (finger),33,42,F#2,127,0.2045456249999802,128.181925,128.386470625
Electric Bass (finger),33,30,F#1,127,0.6988642187500034,128.4546525,129.15351671875
Electric Bass (finger),33,30,F#1,127,0.17613651041668277,129.272835,129.44897151041667
Electric Bass (finger),33,37,C#2,127,0.7159096875000159,129.5455625,130.2614721875
Electric Bass (finger),33,37,C#2,127,0.16477286458334106,130.363745,130.52851786458334
Electric Bass (finger),33,35,B1,127,0.6590914583333358,130.6364725,131.29556395833333
Electric Bass (finger),33,35,B1,127,0.1477273958333285,131.454655,131.60238239583333
Electric Bass (finger),33,42,F#2,127,0.7443188020833418,131.7273825,132.47170130208335
Electric Bass (finger),33,42,F#2,127,0.15909104166664179,132.545565,132.70465604166665
Electric Bass (finger),33,29,F1,127,0.21022744791665104,132.8182925,133.02851994791666
Electric Bass (finger),33,30,F#1,127,0.250000208333347,133.09102,133.34102020833333
Electric Bass (finger),33,35,B1,127,0.26704567708333116,134.18193,134.44897567708333
Electric Bass (finger),33,37,C#2,127,0.2500002083333186,135.27284,135.52284020833332
Electric Bass (finger),33,35,B1,127,0.27840932291664444,136.36375,136.64215932291665
Electric Bass (finger),33,30,F#1,127,0.250000208333347,137.45466,137.70466020833334
Electric Bass (finger),33,35,B1,127,0.26704567708333116,138.54557,138.81261567708333
Electric Bass (finger),33,37,C#2,127,0.2500002083333186,139.63648,139.88648020833332
Electric Bass (finger),33,35,B1,127,0.27840932291667286,140.72738999999999,141.00579932291666
Electric Bass (finger),33,30,F#1,127,0.250000208333347,141.8183,142.06830020833334
Electric Bass (finger),33,35,B1,127,0.26704567708333116,142.90921,143.17625567708333
Electric Bass (finger),33,37,C#2,127,0.2500002083333186,144.00012,144.25012020833333
Electric Bass (finger),33,35,B1,127,0.27840932291667286,145.09103,145.36943932291666
Electric Bass (finger),33,30,F#1,127,0.250000208333347,146.18194,146.43194020833334
Electric Bass (finger),33,35,B1,127,0.26704567708333116,147.27285,147.53989567708334
Electric Bass (finger),33,37,C#2,127,0.250000208333347,148.36375999999998,148.61376020833333
Electric Bass (finger),33,35,B1,127,0.27840932291667286,149.45467,149.73307932291667
Electric Bass (finger),33,30,F#1,127,0.43750036458334307,150.54558,150.98308036458334
Electric Bass (finger),33,37,C#2,127,0.4431821874999855,151.091035,151.5342171875
Electric Bass (finger),33,35,B1,127,0.4659094791666689,151.63649,152.10239947916668
Electric Bass (finger),33,42,F#2,127,0.21590927083335032,152.18194499999998,152.39785427083334
Electric Bass (finger),33,35,B1,127,0.1590910416666702,152.4546725,152.61376354166666
Electric Bass (finger),33,37,C#2,127,0.4772731250000106,152.7274,153.204673125
Electric Bass (finger),33,44,G#2,127,0.47159130208333977,153.272855,153.74444630208333
Electric Bass (finger),33,35,B1,127,0.47159130208333977,153.81831,154.28990130208334
Electric Bass (finger),33,42,F#2,127,0.2386365625000053,154.363765,154.6024015625
Electric Bass (finger),33,35,B1,127,0.1477273958333285,154.6364925,154.78421989583333
Electric Bass (finger),33,30,F#1,127,0.48295494791665305,154.90922,155.39217494791666
Electric Bass (finger),33,37,C#2,127,0.4431821874999855,155.454675,155.8978571875
Electric Bass (finger),33,35,B1,127,0.4886367708333239,156.00013,156.48876677083334
Electric Bass (finger),33,42,F#2,127,0.28977296875001457,156.545585,156.83535796875
Electric Bass (finger),33,35,B1,127,0.16477286458334106,156.8183125,156.98308536458333
Electric Bass (finger),33,37,C#2,127,0.47159130208333977,157.09104,157.56263130208333
Electric Bass (finger),33,44,G#2,127,0.4772731250000106,157.636495,158.113768125
Electric Bass (finger),33,35,B1,127,0.4659094791666689,158.18195,158.64785947916667
Electric Bass (finger),33,42,F#2,127,0.2159092708333219,158.727405,158.94331427083333
Electric Bass (finger),33,35,B1,127,0.1818183333333252,159.0001325,159.18195083333333
Electric Bass (finger),33,42,F#2,127,0.49431859374999476,159.27286,159.76717859375
Electric Bass (finger),33,37,C#2,127,0.4318185416666438,159.818315,160.25013354166666
Electric Bass (finger),33,37,C#2,127,0.4090912500000172,160.36377,160.77286125
Electric Bass (finger),33,44,G#2,127,0.3977276041666755,160.909225,161.30695260416667
Electric Bass (finger),33,35,B1,127,0.4431821875000139,161.45468,161.8978621875
Electric Bass (finger),33,42,F#2,127,0.39204578125000467,162.000135,162.39218078125
Electric Bass (finger),33,42,F#2,127,0.42613671875000136,162.54559,162.97172671875
Electric Bass (finger),33,49,C#3,127,0.42613671875000136,163.091045,163.51718171875
Electric Bass (finger),33,42,F#2,127,0.48295494791665305,163.6365,164.11945494791667
Electric Bass (finger),33,37,C#2,127,0.4090912500000172,164.181955,164.59104625
Electric Bass (finger),33,37,C#2,127,0.41477307291665966,164.72741,165.14218307291665
Electric Bass (finger),33,44,G#2,127,0.4034094270833464,165.272865,165.67627442708334
Electric Bass (finger),33,35,B1,127,0.4545458333333272,165.81832,166.27286583333333
Electric Bass (finger),33,42,F#2,127,0.4204548958333305,166.363775,166.78422989583333
Electric Bass (finger),33,42,F#2,127,0.4659094791666689,166.90923,167.37513947916668
Electric Bass (finger),33,37,C#2,127,0.44886401041665636,167.454685,167.90354901041667
Electric Bass (finger),33,42,F#2,127,0.47159130208333977,168.00014,168.47173130208333
Electric Bass (finger),33,46,A#2,127,0.46022765624999806,168.545595,169.00582265625
Electric Bass (finger),33,49,C#3,127,0.5000004166666656,169.09105,169.59105041666666
Electric Bass (finger),33,44,G#2,127,0.24431838541667616,169.636505,169.88082338541668
Electric Bass (finger),33,49,C#3,127,0.23295473958333446,169.9092325,170.14218723958334
Electric Bass (finger),33,47,B2,127,0.5113640625000073,170.18196,170.6933240625
Electric Bass (finger),33,42,F#2,127,0.23295473958333446,170.727415,170.96036973958334
Electric Bass (finger),33,47,B2,127,0.2159092708333219,171.0001425,171.21605177083333
Electric Bass (finger),33,49,C#3,127,0.5340913541666623,171.27287,171.80696135416667
Electric Bass (finger),33,44,G#2,127,0.42613671875000136,171.818325,172.24446171875
Electric Bass (finger),33,42,F#2,127,0.46022765624999806,172.36378,172.82400765625
Electric Bass (finger),33,37,C#2,127,0.4772731250000106,172.909235,173.386508125
Electric Bass (finger),33,49,C#3,127,0.48295494791665305,173.45469,173.93764494791665
Electric Bass (finger),33,44,G#2,127,0.4772731249999822,174.000145,174.47741812499999
Electric Bass (finger),33,47,B2,127,0.43750036458331465,174.5456,174.98310036458332
Electric Bass (finger),33,42,F#2,127,0.44886401041665636,175.091055,175.53991901041667
Electric Bass (finger),33,37,C#2,127,0.4431821875000139,175.63651,176.0796921875
Electric Bass (finger),33,44,G#2,127,0.4545458333333272,176.181965,176.63651083333332
Electric Bass (finger),33,42,F#2,127,0.49431859374999476,176.72742,177.22173859375
Electric Bass (finger),33,37,C#2,127,0.4318185416666722,177.272875,177.70469354166667
Electric Bass (finger),33,37,C#2,127,0.4090912499999888,177.81833,178.22742125
Electric Bass (finger),33,44,G#2,127,0.3977276041666471,178.363785,178.76151260416665
Electric Bass (finger),33,35,B1,127,0.4431821874999855,178.90924,179.3524221875
Electric Bass (finger),33,42,F#2,127,0.39204578125000467,179.454695,179.84674078125
Electric Bass (finger),33,42,F#2,127,0.42613671875000136,180.00015,180.42628671875
Electric Bass (finger),33,49,C#3,127,0.42613671875000136,180.545605,180.97174171875
Electric Bass (finger),33,42,F#2,127,0.48295494791665305,181.09106,181.57401494791665
Electric Bass (finger),33,37,C#2,127,0.4090912499999888,181.636515,182.04560625
Electric Bass (finger),33,37,C#2,127,0.41477307291665966,182.18197,182.59674307291667
Electric Bass (finger),33,44,G#2,127,0.40340942708331795,182.727425,183.13083442708333
Electric Bass (finger),33,35,B1,127,0.45454583333335563,183.27288,183.72742583333334
Electric Bass (finger),33,42,F#2,127,0.4204548958333305,183.818335,184.23878989583332
Electric Bass (finger),33,42,F#2,127,0.4659094791666689,184.36379,184.82969947916666
Electric Bass (finger),33,37,C#2,127,0.44886401041665636,184.909245,185.35810901041665
Electric Bass (finger),33,42,F#2,127,0.47159130208333977,185.4547,185.92629130208334
Electric Bass (finger),33,46,A#2,127,0.46022765624999806,186.000155,186.46038265625
Electric Bass (finger),33,49,C#3,127,0.5000004166666656,186.54561,187.04561041666668
Electric Bass (finger),33,44,G#2,127,0.24431838541667616,187.091065,187.33538338541666
Electric Bass (finger),33,49,C#3,127,0.23295473958333446,187.3637925,187.59674723958332
Electric Bass (finger),33,47,B2,127,0.5113640625000073,187.63652,188.1478840625
Electric Bass (finger),33,42,F#2,127,0.23295473958333446,188.181975,188.41492973958333
Electric Bass (finger),33,47,B2,127,0.2159092708333219,188.4547025,188.67061177083332
Electric Bass (finger),33,49,C#3,127,0.5340913541666623,188.72743,189.26152135416666
Electric Bass (finger),33,44,G#2,127,0.42613671875000136,189.272885,189.69902171875
Electric Bass (finger),33,42,F#2,127,0.46022765624999806,189.81834,190.27856765625
Electric Bass (finger),33,37,C#2,127,0.4772731249999822,190.363795,190.841068125
Electric Bass (finger),33,49,C#3,127,0.4829549479166815,190.90925,191.39220494791667
Electric Bass (finger),33,44,G#2,127,0.4772731250000106,191.454705,191.931978125
Electric Bass (finger),33,47,B2,127,0.43750036458334307,192.00016,192.43766036458334
Electric Bass (finger),33,42,F#2,127,0.44886401041665636,192.545615,192.99447901041665
Electric Bass (finger),33,37,C#2,127,0.4431821874999855,193.09107,193.5342521875
Electric Bass (finger),33,44,G#2,127,0.4545458333333272,193.636525,194.09107083333333
Electric Bass (finger),33,30,F#1,127,0.43750036458331465,194.18198,194.61948036458332
Electric Bass (finger),33,37,C#2,127,0.4431821875000139,194.72743499999999,195.1706171875
Electric Bass (finger),33,35,B1,127,0.4659094791666689,195.27289,195.73879947916666
Electric Bass (finger),33,42,F#2,127,0.21590927083335032,195.818345,196.03425427083334
Electric Bass (finger),33,35,B1,127,0.1590910416666702,196.0910725,196.25016354166667
Electric Bass (finger),33,37,C#2,127,0.4772731250000106,196.3638,196.841073125
Electric Bass (finger),33,44,G#2,127,0.47159130208333977,196.909255,197.38084630208334
Electric Bass (finger),33,35,B1,127,0.47159130208333977,197.45471,197.92630130208335
Electric Bass (finger),33,42,F#2,127,0.2386365624999769,198.000165,198.2388015625
Electric Bass (finger),33,35,B1,127,0.1477273958333285,198.2728925,198.42061989583334
Electric Bass (finger),33,30,F#1,127,0.4829549479166815,198.54561999999999,199.02857494791667
Electric Bass (finger),33,37,C#2,127,0.4431821875000139,199.091075,199.5342571875
Electric Bass (finger),33,35,B1,127,0.48863677083335233,199.63653,200.12516677083335
Electric Bass (finger),33,42,F#2,127,0.28977296875001457,200.181985,200.47175796875
Electric Bass (finger),33,35,B1,127,0.16477286458334106,200.4547125,200.61948536458334
Electric Bass (finger),33,37,C#2,127,0.47159130208333977,200.72744,201.19903130208334
Electric Bass (finger),33,44,G#2,127,0.4772731249999822,201.272895,201.750168125
Electric Bass (finger),33,35,B1,127,0.4659094791666689,201.81835,202.28425947916668
Electric Bass (finger),33,42,F#2,127,0.21590927083335032,202.36380499999999,202.57971427083334
Electric Bass (finger),33,35,B1,127,0.18181833333335362,202.6365325,202.81835083333334
Electric Bass (finger),33,42,F#2,127,0.27840932291667286,202.90926,203.18766932291666
Electric Bass (finger),33,42,F#2,127,0.09659098958331924,203.31835125,203.41494223958333
Electric Bass (finger),33,42,F#2,127,0.15340921874999935,203.454715,203.60812421875
Electric Bass (finger),33,37,C#2,127,0.15340921874999935,203.7274425,203.88085171875
Electric Bass (finger),33,35,B1,127,0.250000208333347,204.00017,204.25017020833334
Electric Bass (finger),33,35,B1,127,0.0795455208333351,204.40926125,204.48880677083332
Electric Bass (finger),33,35,B1,127,0.1250001041666735,204.545625,204.67062510416667
Electric Bass (finger),33,37,C#2,127,0.1590910416666702,204.8183525,204.97744354166667
Electric Bass (finger),33,42,F#2,127,0.2272729166666636,205.09108,205.31835291666667
Electric Bass (finger),33,42,F#2,127,0.0795455208333351,205.50017125,205.57971677083333
Electric Bass (finger),33,42,F#2,127,0.1477273958333285,205.636535,205.78426239583334
Electric Bass (finger),33,37,C#2,127,0.16477286458331264,205.9092625,206.07403536458332
Electric Bass (finger),33,35,B1,127,0.22727291666669203,206.18198999999998,206.40926291666668
Electric Bass (finger),33,35,B1,127,0.0795455208333351,206.59108125,206.67062677083334
Electric Bass (finger),33,35,B1,127,0.13636375000001522,206.727445,206.86380875
Electric Bass (finger),33,37,C#2,127,0.15340921874999935,207.0001725,207.15358171875
Electric Bass (finger),33,42,F#2,127,0.1818183333333252,207.2729,207.45471833333332
Electric Bass (finger),33,42,F#2,127,0.0795455208333351,207.68199125,207.76153677083335
Electric Bass (finger),33,42,F#2,127,0.14204557291665765,207.818355,207.96040057291665
Electric Bass (finger),33,37,C#2,127,0.1363637499999868,208.0910825,208.22744624999999
Electric Bass (finger),33,35,B1,127,0.22159109374999275,208.36381,208.58540109375
Electric Bass (finger),33,35,B1,127,0.0795455208333351,208.77290125,208.85244677083332
Electric Bass (finger),33,35,B1,127,0.11931828125000266,208.909265,209.02858328125
Electric Bass (finger),33,37,C#2,127,0.17613651041665435,209.1819925,209.35812901041666
Electric Bass (finger),33,42,F#2,127,0.2386365624999769,209.45472,209.69335656249999
Electric Bass (finger),33,42,F#2,127,0.08522734375000596,209.86381125,209.94903859375
Electric Bass (finger),33,42,F#2,127,0.14772739583335692,210.00017499999998,210.14790239583334
Electric Bass (finger),33,37,C#2,127,0.17613651041668277,210.2729025,210.44903901041667
Electric Bass (finger),33,35,B1,127,0.22159109375002117,210.54563,210.76722109375
Electric Bass (finger),33,35,B1,127,0.0795455208333351,210.95472125,211.03426677083334
Electric Bass (finger),33,35,B1,127,0.1250001041666735,211.091085,211.21608510416667
Electric Bass (finger),33,37,C#2,127,0.15340921874999935,211.3638125,211.51722171875
Electric Bass (finger),33,42,F#2,127,0.18750015624999605,211.63654,211.82404015625
Electric Bass (finger),33,42,F#2,127,0.09090916666667681,212.04563124999999,212.13654041666666
Electric Bass (finger),33,42,F#2,127,0.13068192708334436,212.181995,212.31267692708334
Electric Bass (finger),33,37,C#2,127,0.15340921874999935,212.4547225,212.60813171875
Electric Bass (finger),33,35,B1,127,0.2272729166666636,212.72745,212.95472291666667
Electric Bass (finger),33,35,B1,127,0.07386369791666425,213.13654125,213.21040494791666
Electric Bass (finger),33,35,B1,127,0.1136364583333318,213.272905,213.38654145833334
Electric Bass (finger),33,37,C#2,127,0.1818183333333252,213.5456325,213.72745083333334
Electric Bass (finger),33,42,F#2,127,0.21022744791667947,213.81835999999998,214.02858744791666
Electric Bass (finger),33,42,F#2,127,0.09090916666667681,214.22745125,214.31836041666668
Electric Bass (finger),33,42,F#2,127,0.15340921874999935,214.363815,214.51722421875
Electric Bass (finger),33,37,C#2,127,0.13068192708334436,214.6365425,214.76722442708333
Electric Bass (finger),33,35,B1,127,0.21590927083335032,214.90927,215.12517927083334
Electric Bass (finger),33,35,B1,127,0.0681818749999934,215.31836125,215.386543125
Electric Bass (finger),33,35,B1,127,0.13068192708334436,215.454725,215.58540692708334
Electric Bass (finger),33,37,C#2,127,0.15340921874999935,215.7274525,215.88086171875
Electric Bass (finger),33,42,F#2,127,0.1818183333333252,216.00018,216.18199833333333
Electric Bass (finger),33,42,F#2,127,0.08522734375000596,216.40927125,216.49449859375
Electric Bass (finger),33,42,F#2,127,0.1363637499999868,216.545635,216.68199875
Electric Bass (finger),33,37,C#2,127,0.15340921874999935,216.8183625,216.97177171875
Electric Bass (finger),33,35,B1,127,0.2045456249999802,217.09109,217.295635625
Electric Bass (finger),33,35,B1,127,0.0795455208333351,217.50018125,217.57972677083333
Electric Bass (finger),33,35,B1,127,0.14204557291665765,217.636545,217.77859057291667
Electric Bass (finger),33,37,C#2,127,0.14772739583335692,217.9092725,218.05699989583334
Electric Bass (finger),33,42,F#2,127,0.16477286458334106,218.182,218.34677286458333
Electric Bass (finger),33,42,F#2,127,0.0795455208333351,218.59109125,218.67063677083334
Electric Bass (finger),33,42,F#2,127,0.1477273958333285,218.727455,218.87518239583332
Electric Bass (finger),33,37,C#2,127,0.15340921874999935,219.0001825,219.15359171875
Electric Bass (finger),33,35,B1,127,0.25568203124998945,219.27291,219.52859203124999
Electric Bass (finger),33,35,B1,127,0.0795455208333351,219.68200124999998,219.76154677083332
Electric Bass (finger),33,35,B1,127,0.17613651041665435,219.818365,219.99450151041665
Electric Bass (finger),33,32,G#1,127,0.1704546874999835,220.0910925,220.26154718749999
Electric Bass (finger),33,30,F#1,127,0.2500002083333186,220.36382,220.61382020833332
Electric Bass (finger),33,30,F#1,127,0.568182291666659,220.77291125,221.34109354166665
Electric Bass (finger),33,30,F#1,127,0.25568203124998945,221.45473,221.71041203125
Electric Bass (finger),33,30,F#1,127,0.5852277604166716,221.86382125,222.44904901041667
Electric Bass (finger),33,37,C#2,127,0.27840932291667286,222.54564,222.82404932291666
Electric Bass (finger),33,37,C#2,127,0.5511368229166465,222.95473125,223.50586807291666
Electric Bass (finger),33,37,C#2,127,0.2840911458333437,223.63655,223.92064114583334
Electric Bass (finger),33,37,C#2,127,0.5965914062500133,224.04564125,224.64223265625
Electric Bass (finger),33,30,F#1,127,0.26704567708333116,224.72746,224.99450567708334
Electric Bass (finger),33,30,F#1,127,0.3409093749999954,225.13655125,225.477460625
Electric Bass (finger),33,49,C#3,127,0.2386365625000053,225.54564249999999,225.7842790625
Electric Bass (finger),33,30,F#1,127,0.28977296875001457,225.81837,226.10814296875
Electric Bass (finger),33,30,F#1,127,0.36931848958332125,226.22746125,226.59677973958333
Electric Bass (finger),33,49,C#3,127,0.27840932291667286,226.6365525,226.91496182291667
Electric Bass (finger),33,37,C#2,127,0.28977296875001457,226.90928,227.19905296875
Electric Bass (finger),33,37,C#2,127,0.4034094270833464,227.31837124999998,227.72178067708333
Electric Bass (finger),33,49,C#3,127,0.25568203124998945,227.7274625,227.98314453125
Electric Bass (finger),33,37,C#2,127,0.23295473958333446,228.00019,228.23314473958334
Electric Bass (finger),33,37,C#2,127,0.3863639583333338,228.40928125,228.79564520833333
Electric Bass (finger),33,49,C#3,127,0.2386365624999769,228.8183725,229.0570090625
Electric Bass (finger),33,30,F#1,127,0.26704567708333116,229.0911,229.35814567708334
Electric Bass (finger),33,30,F#1,127,0.40340942708331795,229.50019125,229.90360067708332
Electric Bass (finger),33,49,C#3,127,0.272727500000002,229.9092825,230.18201
Electric Bass (finger),33,30,F#1,127,0.272727500000002,230.18201,230.4547375
Electric Bass (finger),33,30,F#1,127,0.41477307291665966,230.59110125,231.00587432291667
Electric Bass (finger),33,49,C#3,127,0.24431838541667616,231.0001925,231.24451088541667
Electric Bass (finger),33,37,C#2,127,0.2500002083333186,231.27292,231.52292020833332
Electric Bass (finger),33,37,C#2,127,0.39204578125000467,231.68201125,232.07405703125
Electric Bass (finger),33,49,C#3,127,0.2613638541666603,232.0911025,232.35246635416667
Electric Bass (finger),33,37,C#2,127,0.2613638541666603,232.36383,232.62519385416667
Electric Bass (finger),33,37,C#2,127,0.3295457291666821,232.77292125,233.10246697916668
Electric Bass (finger),33,49,C#3,127,0.24431838541667616,233.18201249999998,233.42633088541666
Electric Bass (finger),33,30,F#1,127,0.22159109375002117,233.45474,233.67633109375
Electric Bass (finger),33,30,F#1,127,0.3863639583333338,233.86383125,234.25019520833334
Electric Bass (finger),33,49,C#3,127,0.2386365625000053,234.2729225,234.5115590625
Electric Bass (finger),33,30,F#1,127,0.2613638541666603,234.54565,234.80701385416666
Electric Bass (finger),33,30,F#1,127,0.33522755208332455,234.95474125,235.28996880208334
Electric Bass (finger),33,49,C#3,127,0.22159109374999275,235.3638325,235.58542359375
Electric Bass (finger),33,37,C#2,127,0.272727500000002,235.63656,235.9092875
Electric Bass (finger),33,37,C#2,127,0.38068213541666296,236.04565125,236.42633338541665
Electric Bass (finger),33,49,C#3,127,0.2159092708333219,236.4547425,236.67065177083333
Electric Bass (finger),33,37,C#2,127,0.2386365624999769,236.72747,236.9661065625
Electric Bass (finger),33,37,C#2,127,0.27840932291667286,237.13656125,237.41497057291667
Electric Bass (finger),33,37,C#2,127,0.005681822916670853,237.40928875,237.41497057291667
Electric Bass (finger),33,32,G#1,127,0.18750015624999605,237.5456525,237.73315265624998
Electric Bass (finger),33,30,F#1,127,0.272727500000002,237.81838,238.0911075
Electric Bass (finger),33,37,C#2,127,0.2386365625000053,238.90929,239.1479265625
Electric Bass (finger),33,37,C#2,127,0.3806821354166914,239.31838125,239.69906338541668
Electric Bass (finger),33,35,B1,127,0.7443188020833134,239.7274725,240.47179130208332
Electric Bass (finger),33,42,F#2,127,0.2159092708333219,240.545655,240.76156427083333
Electric Bass (finger),33,30,F#1,127,0.795455208333351,240.81838249999998,241.61383770833334
Electric Bass (finger),33,37,C#2,127,0.23295473958333446,241.636565,241.86951973958332
Electric Bass (finger),33,30,F#1,127,0.8125006770833352,241.9092925,242.72179317708333
Electric Bass (finger),33,42,F#2,127,0.21022744791667947,242.727475,242.93770244791668
Electric Bass (finger),33,37,C#2,127,0.7159096874999875,243.0002025,243.7161121875
Electric Bass (finger),33,37,C#2,127,0.15340921874999935,243.818385,243.97179421875
Electric Bass (finger),33,35,B1,127,0.67613692708332,244.0911125,244.76724942708333
Electric Bass (finger),33,35,B1,127,0.17045468750001191,244.909295,245.0797496875
Electric Bass (finger),33,42,F#2,127,0.6988642187500034,245.1820225,245.88088671875
Electric Bass (finger),33,42,F#2,127,0.17045468750001191,246.000205,246.1706596875
Electric Bass (finger),33,30,F#1,127,0.7613642708333259,246.2729325,247.03429677083332
Electric Bass (finger),33,30,F#1,127,0.17613651041665435,247.091115,247.26725151041666
Electric Bass (finger),33,37,C#2,127,0.7272733333333292,247.3638425,248.09111583333333
Electric Bass (finger),33,37,C#2,127,0.18750015624999605,248.182025,248.36952515625
Electric Bass (finger),33,35,B1,127,0.7159096874999875,248.4547525,249.1706621875
Electric Bass (finger),33,35,B1,127,0.14204557291668607,249.272935,249.41498057291668
Electric Bass (finger),33,42,F#2,127,0.6931823958333325,249.5456625,250.23884489583332
Electric Bass (finger),33,37,C#2,127,0.1363637499999868,250.363845,250.50020874999998
Electric Bass (finger),33,30,F#1,127,0.6647732812500067,250.6365725,251.30134578125
Electric Bass (finger),33,30,F#1,127,0.1818183333333252,251.454755,251.63657333333333
Electric Bass (finger),33,37,C#2,127,0.7045460416666458,251.7274825,252.43202854166665
Electric Bass (finger),33,37,C#2,127,0.17045468750001191,252.54566499999999,252.7161196875
Electric Bass (finger),33,35,B1,127,0.7045460416666742,252.8183925,253.52293854166666
Electric Bass (finger),33,35,B1,127,0.17045468750001191,253.636575,253.8070296875
Electric Bass (finger),33,42,F#2,127,0.7329551562500001,253.9093025,254.64225765625
Electric Bass (finger),33,37,C#2,127,0.1590910416666702,254.727485,254.88657604166667
Electric Bass (finger),33,30,F#1,127,0.7215915104166584,255.0002125,255.72180401041666
Electric Bass (finger),33,30,F#1,127,0.1704546874999835,255.818395,255.9888496875
Electric Bass (finger),33,37,C#2,127,0.6988642187500318,256.0911225,256.78998671875
Electric Bass (finger),33,37,C#2,127,0.16477286458331264,256.909305,257.07407786458333
Electric Bass (finger),33,35,B1,127,0.7102278645833167,257.1820325,257.8922603645833
Electric Bass (finger),33,35,B1,127,0.15909104166661336,258.000215,258.15930604166664
Electric Bass (finger),33,42,F#2,127,0.7386369791666425,258.2729425,259.01157947916664
Electric Bass (finger),33,42,F#2,127,0.20454562500003703,259.091125,259.295670625
Electric Bass (finger),33,30,F#1,127,0.698864218749975,259.3638525,260.06271671875
Electric Bass (finger),33,30,F#1,127,0.17613651041665435,260.182035,260.35817151041664
Electric Bass (finger),33,37,C#2,127,0.7159096874999591,260.4547625,261.1706721875
Electric Bass (finger),33,37,C#2,127,0.16477286458331264,261.272945,261.4377178645833
Electric Bass (finger),33,35,B1,127,0.6590914583333074,261.5456725,262.20476395833333
Electric Bass (finger),33,35,B1,127,0.1477273958333285,262.363855,262.51158239583333
Electric Bass (finger),33,42,F#2,127,0.7443188020833418,262.6365825,263.3809013020833
Electric Bass (finger),33,42,F#2,127,0.1590910416666702,263.454765,263.6138560416667
Electric Bass (finger),33,30,F#1,127,0.7159096875000159,263.7274925,264.4434021875
Electric Bass (finger),33,30,F#1,127,0.17613651041665435,264.545675,264.72181151041667
Electric Bass (finger),33,37,C#2,127,0.7272733333333576,264.8184025,265.54567583333335
Electric Bass (finger),33,37,C#2,127,0.18750015624999605,265.636585,265.82408515625
Electric Bass (finger),33,35,B1,127,0.7159096875000159,265.9093125,266.6252221875
Electric Bass (finger),33,35,B1,127,0.14204557291668607,266.727495,266.86954057291666
Electric Bass (finger),33,42,F#2,127,0.6931823958333325,267.0002225,267.69340489583334
Electric Bass (finger),33,37,C#2,127,0.1363637499999868,267.818405,267.95476874999997
Electric Bass (finger),33,30,F#1,127,0.6647732812500067,268.0911325,268.75590578125
Electric Bass (finger),33,30,F#1,127,0.18181833333335362,268.909315,269.09113333333335
Electric Bass (finger),33,37,C#2,127,0.7045460416666174,269.1820425,269.88658854166664
Electric Bass (finger),33,37,C#2,127,0.17045468750001191,270.000225,270.1706796875
Electric Bass (finger),33,35,B1,127,0.7045460416666742,270.2729525,270.97749854166665
Electric Bass (finger),33,35,B1,127,0.17045468750001191,271.091135,271.2615896875
Electric Bass (finger),33,42,F#2,127,0.7329551562500001,271.3638625,272.09681765625
Electric Bass (finger),33,37,C#2,127,0.1590910416666702,272.182045,272.3411360416667
Electric Bass (finger),33,30,F#1,127,0.7215915104166584,272.4547725,273.17636401041665
Electric Bass (finger),33,30,F#1,127,0.17045468749995507,273.272955,273.4434096875
Electric Bass (finger),33,37,C#2,127,0.698864218749975,273.5456825,274.24454671875
Electric Bass (finger),33,37,C#2,127,0.16477286458336948,274.363865,274.52863786458335
Electric Bass (finger),33,35,B1,127,0.7102278645833167,274.6365925,275.3468203645833
Electric Bass (finger),33,35,B1,127,0.1590910416666702,275.454775,275.61386604166665
Electric Bass (finger),33,42,F#2,127,0.7386369791666425,275.7275025,276.46613947916666
Electric Bass (finger),33,32,G#1,127,0.19318197916669533,276.545685,276.7388669791667
Electric Bass (finger),33,30,F#1,127,0.8522734375000027,276.8184125,277.6706859375
Electric Bass (finger),33,37,C#2,127,0.4431821874999855,277.636595,278.0797771875
Electric Bass (finger),33,35,B1,127,0.4659094791666689,278.18205,278.6479594791667
Electric Bass (finger),33,42,F#2,127,0.2159092708333219,278.727505,278.94341427083333
Electric Bass (finger),33,35,B1,127,0.1590910416666702,279.0002325,279.15932354166665
Electric Bass (finger),33,37,C#2,127,0.4772731250000106,279.27296,279.750233125
Electric Bass (finger),33,44,G#2,127,0.47159130208331135,279.818415,280.2900063020833
Electric Bass (finger),33,35,B1,127,0.47159130208331135,280.36387,280.83546130208333
Electric Bass (finger),33,42,F#2,127,0.23863656249994847,280.909325,281.1479615625
Electric Bass (finger),33,35,B1,127,0.1477273958333285,281.1820525,281.3297798958333
Electric Bass (finger),33,30,F#1,127,0.4829549479167099,281.45477999999997,281.9377349479167
Electric Bass (finger),33,37,C#2,127,0.44318218750004235,282.000235,282.4434171875
Electric Bass (finger),33,35,B1,127,0.48863677083335233,282.54569,283.03432677083333
Electric Bass (finger),33,42,F#2,127,0.28977296875001457,283.091145,283.38091796875
Electric Bass (finger),33,35,B1,127,0.16477286458331264,283.3638725,283.5286453645833
Electric Bass (finger),33,37,C#2,127,0.4715913020833682,283.6366,284.10819130208336
Electric Bass (finger),33,44,G#2,127,0.4772731250000106,284.182055,284.659328125
Electric Bass (finger),33,35,B1,127,0.4659094791666689,284.72751,285.19341947916666
Electric Bass (finger),33,42,F#2,127,0.2159092708333219,285.272965,285.4888742708333
Electric Bass (finger),33,35,B1,127,0.18181833333335362,285.5456925,285.7275108333333
Electric Bass (finger),33,30,F#1,127,0.43750036458334307,285.81842,286.25592036458335
Electric Bass (finger),33,37,C#2,127,0.4431821874999855,286.363875,286.8070571875
Electric Bass (finger),33,35,B1,127,0.4659094791666689,286.90933,287.3752394791667
Electric Bass (finger),33,42,F#2,127,0.2159092708333219,287.454785,287.67069427083334
Electric Bass (finger),33,35,B1,127,0.1590910416666702,287.7275125,287.88660354166666
Electric Bass (finger),33,37,C#2,127,0.4772731249999538,288.00024,288.477513125
Electric Bass (finger),33,44,G#2,127,0.47159130208331135,288.545695,289.01728630208333
Electric Bass (finger),33,35,B1,127,0.4715913020833682,289.09114999999997,289.56274130208334
Electric Bass (finger),33,42,F#2,127,0.2386365625000053,289.636605,289.8752415625
Electric Bass (finger),33,35,B1,127,0.1477273958333285,289.9093325,290.05705989583333
Electric Bass (finger),33,30,F#1,127,0.4829549479167099,290.18206,290.6650149479167
Electric Bass (finger),33,37,C#2,127,0.44318218750004235,290.727515,291.1706971875
Electric Bass (finger),33,35,B1,127,0.48863677083335233,291.27297,291.76160677083334
Electric Bass (finger),33,42,F#2,127,0.28977296875001457,291.818425,292.10819796875
Electric Bass (finger),33,35,B1,127,0.16477286458331264,292.0911525,292.25592536458333
Electric Bass (finger),33,37,C#2,127,0.47159130208331135,292.36388,292.8354713020833
Electric Bass (finger),33,44,G#2,127,0.4772731250000106,292.909335,293.386608125
Electric Bass (finger),33,35,B1,127,0.4659094791666689,293.45479,293.9206994791667
Electric Bass (finger),33,42,F#2,127,0.2159092708333219,294.000245,294.21615427083333
Electric Bass (finger),33,35,B1,127,0.18181833333335362,294.2729725,294.45479083333333
Electric Bass (finger),33,30,F#1,127,0.528409531249963,294.5457,295.07410953125
Marimba,12,70,A#4,127,0.8977280208333331,2.18182,3.0795480208333332
Marimba,12,66,F#4,127,0.9090916666666664,2.18182,3.0909116666666665
Marimba,12,61,C#4,127,0.9090916666666664,2.18182,3.0909116666666665
Marimba,12,59,B3,127,1.0113644791666667,3.27273,4.284094479166667
Marimba,12,63,D#4,127,1.0113644791666667,3.27273,4.284094479166667
Marimba,12,66,F#4,127,1.0113644791666667,3.27273,4.284094479166667
Marimba,12,68,G#4,127,0.9943190104166666,4.36364,5.357959010416667
Marimba,12,61,C#4,127,1.0056826562499994,4.36364,5.36932265625
Marimba,12,65,F4,127,1.0056826562499994,4.36364,5.36932265625
Marimba,12,66,F#4,127,0.8636370833333329,5.45455,6.318187083333333
Marimba,12,63,D#4,127,0.8636370833333329,5.45455,6.318187083333333
Marimba,12,59,B3,127,0.8693189062499993,5.45455,6.3238689062499995
Marimba,12,70,A#4,127,0.35795484375,6.54546,6.90341484375
Marimba,12,61,C#4,127,0.35795484375,6.54546,6.90341484375
Marimba,12,66,F#4,127,0.35795484375,6.54546,6.90341484375
Marimba,12,58,A#3,127,0.09090916666666704,6.95455125,7.045460416666667
Marimba,12,54,F#3,127,0.09090916666666704,6.95455125,7.045460416666667
Marimba,12,70,A#4,127,0.28977296875000036,7.090915,7.38068796875
Marimba,12,66,F#4,127,0.29545479166666677,7.090915,7.386369791666667
Marimba,12,61,C#4,127,0.3068184375000005,7.090915,7.3977334375
Marimba,12,58,A#3,127,0.1250001041666664,7.3636425,7.4886426041666665
Marimba,12,54,F#3,127,0.14772739583333294,7.3636425,7.511369895833333
Marimba,12,66,F#4,127,0.3636366666666655,7.63637,8.000006666666666
Marimba,12,59,B3,127,0.3750003125000001,7.63637,8.0113703125
Marimba,12,63,D#4,127,0.3750003125000001,7.63637,8.0113703125
Marimba,12,51,D#3,127,0.09659098958333345,8.04546125,8.142052239583334
Marimba,12,47,B2,127,0.10227281249999898,8.04546125,8.1477340625
Marimba,12,59,B3,127,0.28409114583333306,8.181825,8.465916145833333
Marimba,12,66,F#4,127,0.28409114583333306,8.181825,8.465916145833333
Marimba,12,63,D#4,127,0.2954547916666659,8.181825,8.477279791666666
Marimba,12,51,D#3,127,0.23295473958333268,8.4545525,8.687507239583333
Marimba,12,47,B2,127,0.24431838541666728,8.4545525,8.698870885416667
Marimba,12,68,G#4,127,0.3693184895833337,8.72728,9.096598489583334
Marimba,12,61,C#4,127,0.3806821354166665,8.72728,9.107962135416667
Marimba,12,65,F4,127,0.38636395833333204,8.72728,9.113643958333332
Marimba,12,53,F3,127,0.07954552083333333,9.13637125,9.215916770833333
Marimba,12,49,C#3,127,0.08522734375000063,9.13637125,9.22159859375
Marimba,12,68,G#4,127,0.28977296875000036,9.272734999999999,9.56250796875
Marimba,12,61,C#4,127,0.30113661458333496,9.272734999999999,9.573871614583334
Marimba,12,65,F4,127,0.3068184375000005,9.272734999999999,9.5795534375
Marimba,12,53,F3,127,0.18181833333333408,9.5454625,9.727280833333333
Marimba,12,49,C#3,127,0.1988638020833342,9.5454625,9.744326302083334
Marimba,12,66,F#4,127,0.35795484375000086,9.81819,10.17614484375
Marimba,12,59,B3,127,0.3693184895833337,9.81819,10.187508489583333
Marimba,12,63,D#4,127,0.375000312500001,9.81819,10.1931903125
Marimba,12,47,B2,127,0.08522734374999885,10.22728125,10.31250859375
Marimba,12,51,D#3,127,0.09659098958333168,10.22728125,10.323872239583332
Marimba,12,59,B3,127,0.28409114583333306,10.363645,10.647736145833333
Marimba,12,66,F#4,127,0.28977296875000036,10.363645,10.65341796875
Marimba,12,63,D#4,127,0.28977296875000036,10.363645,10.65341796875
Marimba,12,51,D#3,127,0.15340921874999935,10.6363725,10.78978171875
Marimba,12,47,B2,127,0.15909104166666665,10.6363725,10.795463541666667
Marimba,12,61,C#4,127,0.3579548437499991,10.9091,11.26705484375
Marimba,12,70,A#4,127,0.3579548437499991,10.9091,11.26705484375
Marimba,12,66,F#4,127,0.3579548437499991,10.9091,11.26705484375
Marimba,12,58,A#3,127,0.09090916666666615,11.31819125,11.409100416666666
Marimba,12,54,F#3,127,0.09090916666666615,11.31819125,11.409100416666666
Marimba,12,70,A#4,127,0.28977296875000036,11.454555,11.74432796875
Marimba,12,66,F#4,127,0.29545479166666766,11.454555,11.750009791666667
Marimba,12,61,C#4,127,0.3068184375000005,11.454555,11.7613734375
Marimba,12,58,A#3,127,0.1250001041666664,11.7272825,11.852282604166666
Marimba,12,54,F#3,127,0.14772739583333383,11.7272825,11.875009895833333
Marimba,12,66,F#4,127,0.3636366666666664,12.00001,12.363646666666666
Marimba,12,59,B3,127,0.375000312500001,12.00001,12.3750103125
Marimba,12,63,D#4,127,0.375000312500001,12.00001,12.3750103125
Marimba,12,51,D#3,127,0.09659098958333345,12.409101249999999,12.505692239583333
Marimba,12,47,B2,127,0.10227281250000075,12.409101249999999,12.5113740625
Marimba,12,59,B3,127,0.28409114583333306,12.545465,12.829556145833333
Marimba,12,66,F#4,127,0.28409114583333306,12.545465,12.829556145833333
Marimba,12,63,D#4,127,0.2954547916666659,12.545465,12.840919791666666
Marimba,12,51,D#3,127,0.23295473958333268,12.8181925,13.051147239583333
Marimba,12,47,B2,127,0.2443183854166655,12.8181925,13.062510885416666
Marimba,12,68,G#4,127,0.3693184895833319,13.09092,13.460238489583332
Marimba,12,61,C#4,127,0.3806821354166665,13.09092,13.471602135416667
Marimba,12,65,F4,127,0.38636395833333204,13.09092,13.477283958333333
Marimba,12,53,F3,127,0.07954552083333333,13.50001125,13.579556770833333
Marimba,12,49,C#3,127,0.08522734375000063,13.50001125,13.58523859375
Marimba,12,68,G#4,127,0.28977296875000036,13.636375,13.92614796875
Marimba,12,61,C#4,127,0.3011366145833332,13.636375,13.937511614583332
Marimba,12,65,F4,127,0.3068184375000005,13.636375,13.9431934375
Marimba,12,53,F3,127,0.18181833333333408,13.9091025,14.090920833333334
Marimba,12,49,C#3,127,0.1988638020833342,13.9091025,14.107966302083334
Marimba,12,66,F#4,127,0.35795484375000086,14.18183,14.53978484375
Marimba,12,59,B3,127,0.3693184895833337,14.18183,14.551148489583333
Marimba,12,63,D#4,127,0.375000312500001,14.18183,14.5568303125
Marimba,12,47,B2,127,0.08522734375000063,14.59092125,14.67614859375
Marimba,12,51,D#3,127,0.09659098958333345,14.59092125,14.687512239583333
Marimba,12,59,B3,127,0.28409114583333306,14.727285,15.011376145833333
Marimba,12,66,F#4,127,0.28977296875000036,14.727285,15.01705796875
Marimba,12,63,D#4,127,0.28977296875000036,14.727285,15.01705796875
Marimba,12,51,D#3,127,0.15340921874999935,15.0000125,15.15342171875
Marimba,12,47,B2,127,0.15909104166666665,15.0000125,15.159103541666667
Marimba,12,66,F#4,127,0.3579548437499991,15.27274,15.63069484375
Marimba,12,70,A#4,127,0.3579548437499991,15.27274,15.63069484375
Marimba,12,61,C#4,127,0.3579548437499991,15.27274,15.63069484375
Marimba,12,58,A#3,127,0.09090916666666615,15.68183125,15.772740416666666
Marimba,12,54,F#3,127,0.09090916666666615,15.68183125,15.772740416666666
Marimba,12,70,A#4,127,0.28977296875000036,15.818195,16.10796796875
Marimba,12,66,F#4,127,0.29545479166666766,15.818195,16.113649791666667
Marimba,12,61,C#4,127,0.30681843750000226,15.818195,16.1250134375
Marimba,12,58,A#3,127,0.1250001041666664,16.0909225,16.215922604166668
Marimba,12,54,F#3,127,0.14772739583333205,16.0909225,16.238649895833333
Marimba,12,66,F#4,127,0.36363666666666816,16.36365,16.727286666666668
Marimba,12,59,B3,127,0.3750003124999992,16.36365,16.7386503125
Marimba,12,63,D#4,127,0.3750003124999992,16.36365,16.7386503125
Marimba,12,51,D#3,127,0.09659098958333345,16.77274125,16.869332239583333
Marimba,12,47,B2,127,0.10227281250000075,16.77274125,16.8750140625
Marimba,12,59,B3,127,0.28409114583333306,16.909105,17.193196145833333
Marimba,12,66,F#4,127,0.28409114583333306,16.909105,17.193196145833333
Marimba,12,63,D#4,127,0.29545479166666766,16.909105,17.204559791666668
Marimba,12,51,D#3,127,0.23295473958333446,17.1818325,17.414787239583333
Marimba,12,47,B2,127,0.24431838541666906,17.1818325,17.426150885416668
Marimba,12,68,G#4,127,0.3693184895833319,17.45456,17.823878489583333
Marimba,12,61,C#4,127,0.3806821354166665,17.45456,17.835242135416667
Marimba,12,65,F4,127,0.3863639583333338,17.45456,17.840923958333335
Marimba,12,53,F3,127,0.07954552083333155,17.86365125,17.94319677083333
Marimba,12,49,C#3,127,0.08522734374999885,17.86365125,17.94887859375
Marimba,12,68,G#4,127,0.28977296875000036,18.000015,18.28978796875
Marimba,12,61,C#4,127,0.3011366145833314,18.000015,18.301151614583333
Marimba,12,65,F4,127,0.3068184374999987,18.000015,18.3068334375
Marimba,12,53,F3,127,0.1818183333333323,18.2727425,18.454560833333332
Marimba,12,49,C#3,127,0.1988638020833342,18.2727425,18.471606302083334
Marimba,12,66,F#4,127,0.35795484375000086,18.545469999999998,18.90342484375
Marimba,12,59,B3,127,0.36931848958333546,18.545469999999998,18.914788489583334
Marimba,12,63,D#4,127,0.37500031250000276,18.545469999999998,18.9204703125
Marimba,12,47,B2,127,0.08522734374999885,18.95456125,19.03978859375
Marimba,12,51,D#3,127,0.09659098958333345,18.95456125,19.051152239583335
Marimba,12,59,B3,127,0.28409114583333306,19.090925,19.37501614583333
Marimba,12,66,F#4,127,0.28977296875000036,19.090925,19.38069796875
Marimba,12,63,D#4,127,0.28977296875000036,19.090925,19.38069796875
Marimba,12,51,D#3,127,0.15340921874999935,19.3636525,19.51706171875
Marimba,12,47,B2,127,0.15909104166666665,19.3636525,19.522743541666667
Marimba,12,70,A#4,127,0.3352275520833352,19.63638,19.971607552083334
Marimba,12,66,F#4,127,0.34659119791666626,19.63638,19.982971197916665
Marimba,12,61,C#4,127,0.34659119791666626,19.63638,19.982971197916665
Marimba,12,54,F#3,127,0.09659098958333345,20.04547125,20.142062239583332
Marimba,12,58,A#3,127,0.10227281250000075,20.04547125,20.1477440625
Marimba,12,70,A#4,127,0.2443183854166655,20.181835,20.426153385416665
Marimba,12,66,F#4,127,0.2500002083333328,20.181835,20.431835208333332
Marimba,12,61,C#4,127,0.2556820312500001,20.181835,20.43751703125
Marimba,12,54,F#3,127,0.13636374999999745,20.4545625,20.59092625
Marimba,12,58,A#3,127,0.14204557291666475,20.4545625,20.596608072916666
Marimba,12,63,D#4,127,0.3693184895833319,20.72729,21.096608489583332
Marimba,12,66,F#4,127,0.3750003124999992,20.72729,21.1022903125
Marimba,12,59,B3,127,0.3806821354166665,20.72729,21.107972135416667
Marimba,12,51,D#3,127,0.10227281250000075,21.13638125,21.2386540625
Marimba,12,47,B2,127,0.10227281250000075,21.13638125,21.2386540625
Marimba,12,59,B3,127,0.27840932291666576,21.272745,21.551154322916666
Marimba,12,66,F#4,127,0.28409114583333306,21.272745,21.556836145833334
Marimba,12,63,D#4,127,0.28977296875000036,21.272745,21.56251796875
Marimba,12,47,B2,127,0.15909104166666665,21.5454725,21.704563541666666
Marimba,12,51,D#3,127,0.17045468750000126,21.5454725,21.7159271875
Marimba,12,68,G#4,127,0.3806821354166665,21.8182,22.198882135416667
Marimba,12,61,C#4,127,0.39204578124999756,21.8182,22.21024578125
Marimba,12,65,F4,127,0.39204578124999756,21.8182,22.21024578125
Marimba,12,49,C#3,127,0.09659098958333345,22.22729125,22.323882239583334
Marimba,12,53,F3,127,0.1079546354166645,22.22729125,22.335245885416665
Marimba,12,68,G#4,127,0.27840932291666576,22.363655,22.642064322916667
Marimba,12,65,F4,127,0.2897729687499968,22.363655,22.653427968749998
Marimba,12,61,C#4,127,0.2897729687499968,22.363655,22.653427968749998
Marimba,12,49,C#3,127,0.1931819791666669,22.6363825,22.829564479166667
Marimba,12,53,F3,127,0.2045456250000015,22.6363825,22.840928125
Marimba,12,59,B3,127,0.3352275520833352,22.90911,23.244337552083334
Marimba,12,66,F#4,127,0.3409093750000025,22.90911,23.250019375
Marimba,12,63,D#4,127,0.35227302083333356,22.90911,23.261383020833332
Marimba,12,51,D#3,127,0.1022728124999972,23.31820125,23.4204740625
Marimba,12,47,B2,127,0.1022728124999972,23.31820125,23.4204740625
Marimba,12,59,B3,127,0.28977296875000036,23.454565,23.74433796875
Marimba,12,66,F#4,127,0.30113661458333496,23.454565,23.755701614583334
Marimba,12,63,D#4,127,0.30113661458333496,23.454565,23.755701614583334
Marimba,12,47,B2,127,0.1306819270833337,23.7272925,23.857974427083334
Marimba,12,51,D#3,127,0.13636374999999745,23.7272925,23.86365625
Marimba,12,70,A#4,127,0.3750003124999992,24.00002,24.3750203125
Marimba,12,66,F#4,127,0.3863639583333338,24.00002,24.386383958333333
Marimba,12,61,C#4,127,0.3920457812500011,24.00002,24.39206578125
Marimba,12,58,A#3,127,0.0795455208333351,24.40911125,24.488656770833334
Marimba,12,54,F#3,127,0.0795455208333351,24.40911125,24.488656770833334
Marimba,12,70,A#4,127,0.29545479166666766,24.545475,24.840929791666667
Marimba,12,61,C#4,127,0.3068184374999987,24.545475,24.8522934375
Marimba,12,66,F#4,127,0.3068184374999987,24.545475,24.8522934375
Marimba,12,58,A#3,127,0.11931828125000266,24.818202499999998,24.93752078125
Marimba,12,54,F#3,127,0.12500010416666996,24.818202499999998,24.943202604166668
Marimba,12,66,F#4,127,0.3693184895833319,25.09093,25.460248489583332
Marimba,12,63,D#4,127,0.3806821354166665,25.09093,25.471612135416667
Marimba,12,59,B3,127,0.3920457812500011,25.09093,25.48297578125
Marimba,12,51,D#3,127,0.09090916666666615,25.50002125,25.590930416666666
Marimba,12,47,B2,127,0.09090916666666615,25.50002125,25.590930416666666
Marimba,12,59,B3,127,0.35795484375000086,25.636385,25.99433984375
Marimba,12,63,D#4,127,0.3693184895833319,25.636385,26.005703489583333
Marimba,12,66,F#4,127,0.3750003124999992,25.636385,26.0113853125
Marimba,12,51,D#3,127,0.11363645833333536,25.9091125,26.022748958333334
Marimba,12,47,B2,127,0.1193182812499991,25.9091125,26.028430781249998
Marimba,12,68,G#4,127,0.3636366666666646,26.18184,26.545476666666666
Marimba,12,65,F4,127,0.3693184895833319,26.18184,26.551158489583333
Marimba,12,61,C#4,127,0.3693184895833319,26.18184,26.551158489583333
Marimba,12,53,F3,127,0.09090916666666615,26.59093125,26.681840416666667
Marimba,12,49,C#3,127,0.09659098958333345,26.59093125,26.687522239583334
Marimba,12,61,C#4,127,0.28977296875000036,26.727294999999998,27.01706796875
Marimba,12,68,G#4,127,0.28977296875000036,26.727294999999998,27.01706796875
Marimba,12,65,F4,127,0.29545479166666766,26.727294999999998,27.022749791666666
Marimba,12,53,F3,127,0.14772739583333205,27.0000225,27.147749895833332
Marimba,12,49,C#3,127,0.15909104166666665,27.0000225,27.159113541666667
Marimba,12,66,F#4,127,0.34659119791666626,27.27275,27.619341197916665
Marimba,12,59,B3,127,0.35795484375000086,27.27275,27.63070484375
Marimba,12,63,D#4,127,0.36363666666666816,27.27275,27.636386666666667
Marimba,12,51,D#3,127,0.0965909895833299,27.68184125,27.77843223958333
Marimba,12,47,B2,127,0.1022728124999972,27.68184125,27.7841140625
Marimba,12,59,B3,127,0.30681843750000226,27.818205,28.1250234375
Marimba,12,66,F#4,127,0.30681843750000226,27.818205,28.1250234375
Marimba,12,63,D#4,127,0.3181820833333333,27.818205,28.136387083333332
Marimba,12,47,B2,127,0.1647728645833304,28.0909325,28.25570536458333
Marimba,12,51,D#3,127,0.1704546874999977,28.0909325,28.2613871875
Marimba,12,73,C#5,127,0.35795484375000086,28.36366,28.72161484375
Marimba,12,66,F#4,127,0.3693184895833319,28.36366,28.73297848958333
Marimba,12,70,A#4,127,0.3750003124999992,28.36366,28.7386603125
Marimba,12,54,F#3,127,0.11363645833333536,28.77275125,28.886387708333334
Marimba,12,58,A#3,127,0.1193182812499991,28.77275125,28.892069531249998
Marimba,12,66,F#4,127,0.2670456770833347,28.909115,29.176160677083335
Marimba,12,73,C#5,127,0.27272749999999846,28.909115,29.1818425
Marimba,12,70,A#4,127,0.28409114583333306,28.909115,29.193206145833333
Marimba,12,58,A#3,127,0.22159109374999986,29.1818425,29.403433593749998
Marimba,12,54,F#3,127,0.23863656250000176,29.1818425,29.4204790625
Marimba,12,80,G#5,127,0.28977296875000036,29.45457,29.74434296875
Marimba,12,73,C#5,127,0.29545479166666766,29.45457,29.750024791666668
Marimba,12,77,F5,127,0.3068184374999987,29.45457,29.7613884375
Marimba,12,61,C#4,127,0.09090916666666615,29.86366125,29.954570416666666
Marimba,12,65,F4,127,0.09659098958333345,29.86366125,29.960252239583333
Marimba,12,73,C#5,127,0.28977296875000036,30.000025,30.28979796875
Marimba,12,80,G#5,127,0.28977296875000036,30.000025,30.28979796875
Marimba,12,77,F5,127,0.2954547916666641,30.000025,30.295479791666665
Marimba,12,65,F4,127,0.1818183333333323,30.2727525,30.45457083333333
Marimba,12,61,C#4,127,0.1818183333333323,30.2727525,30.45457083333333
Marimba,12,78,F#5,127,0.39204578124999756,30.54548,30.93752578125
Marimba,12,71,B4,127,0.39204578124999756,30.54548,30.93752578125
Marimba,12,75,D#5,127,0.39772760416666486,30.54548,30.943207604166666
Marimba,12,59,B3,127,0.10227281250000075,30.95457125,31.0568440625
Marimba,12,63,D#4,127,0.1079546354166645,30.95457125,31.062525885416665
Marimba,12,78,F#5,127,0.29545479166666766,31.090934999999998,31.386389791666666
Marimba,12,75,D#5,127,0.30681843750000226,31.090934999999998,31.3977534375
Marimba,12,71,B4,127,0.31250026041666956,31.090934999999998,31.403435260416668
Marimba,12,63,D#4,127,0.1988638020833342,31.3636625,31.562526302083334
Marimba,12,59,B3,127,0.21590927083333256,31.3636625,31.579571770833333
Marimba,12,73,C#5,127,0.3750003124999992,31.63639,32.0113903125
Marimba,12,66,F#4,127,0.39204578124999756,31.63639,32.028435781249996
Marimba,12,70,A#4,127,0.3977276041666684,31.63639,32.03411760416667
Marimba,12,58,A#3,127,0.1022728124999972,32.04548125,32.1477540625
Marimba,12,54,F#3,127,0.10795463541666805,32.04548125,32.15343588541667
Marimba,12,66,F#4,127,0.27840932291666576,32.181845,32.46025432291667
Marimba,12,73,C#5,127,0.27840932291666576,32.181845,32.46025432291667
Marimba,12,70,A#4,127,0.28977296875000036,32.181845,32.47161796875
Marimba,12,58,A#3,127,0.2159092708333361,32.4545725,32.670481770833334
Marimba,12,54,F#3,127,0.22159109374999986,32.4545725,32.67616359375
Marimba,12,73,C#5,127,0.3977276041666684,32.7273,33.12502760416667
Marimba,12,66,F#4,127,0.40340942708333216,32.7273,33.13070942708333
Marimba,12,70,A#4,127,0.40340942708333216,32.7273,33.13070942708333
Marimba,12,54,F#3,127,0.0909091666666626,33.13639125,33.227300416666665
Marimba,12,58,A#3,127,0.09659098958333345,33.13639125,33.232982239583336
Marimba,12,66,F#4,127,0.24431838541666906,33.272755,33.517073385416666
Marimba,12,70,A#4,127,0.25568203125000366,33.272755,33.52843703125
Marimba,12,73,C#5,127,0.2613638541666674,33.272755,33.534118854166664
Marimba,12,58,A#3,127,0.16477286458333396,33.5454825,33.71025536458333
Marimba,12,54,F#3,127,0.1818183333333323,33.5454825,33.72730083333333
Marimba,12,80,G#5,127,0.38068213541666296,33.81821,34.19889213541666
Marimba,12,73,C#5,127,0.3863639583333338,33.81821,34.204573958333334
Marimba,12,77,F5,127,0.39204578124999756,33.81821,34.21025578125
Marimba,12,65,F4,127,0.08522734375000596,34.22730125,34.31252859375
Marimba,12,61,C#4,127,0.08522734375000596,34.22730125,34.31252859375
Marimba,12,73,C#5,127,0.28977296875000036,34.363665,34.65343796875
Marimba,12,80,G#5,127,0.28977296875000036,34.363665,34.65343796875
Marimba,12,77,F5,127,0.2954547916666712,34.363665,34.65911979166667
Marimba,12,65,F4,127,0.21022744791666526,34.6363925,34.846619947916665
Marimba,12,61,C#4,127,0.21022744791666526,34.6363925,34.846619947916665
Marimba,12,78,F#5,127,0.3863639583333338,34.90912,35.295483958333335
Marimba,12,71,B4,127,0.3977276041666684,34.90912,35.30684760416667
Marimba,12,75,D#5,127,0.40340942708333216,34.90912,35.312529427083334
Marimba,12,63,D#4,127,0.09659098958333345,35.31821125,35.41480223958333
Marimba,12,59,B3,127,0.09659098958333345,35.31821125,35.41480223958333
Marimba,12,78,F#5,127,0.2840911458333366,35.454575,35.738666145833335
Marimba,12,75,D#5,127,0.2954547916666712,35.454575,35.75002979166667
Marimba,12,71,B4,127,0.30113661458333496,35.454575,35.75571161458333
Marimba,12,59,B3,127,0.1477273958333356,35.7273025,35.875029895833336
Marimba,12,63,D#4,127,0.1590910416666631,35.7273025,35.88639354166666
Marimba,12,73,C#5,127,0.38068213541666296,36.00003,36.380712135416665
Marimba,12,70,A#4,127,0.40340942708333216,36.00003,36.403439427083335
Marimba,12,66,F#4,127,0.40340942708333216,36.00003,36.403439427083335
Marimba,12,58,A#3,127,0.10795463541666805,36.40912125,36.517075885416666
Marimba,12,54,F#3,127,0.10795463541666805,36.40912125,36.517075885416666
Marimba,12,73,C#5,127,0.272727500000002,36.545485,36.8182125
Marimba,12,66,F#4,127,0.27840932291666576,36.545485,36.823894322916665
Marimba,12,70,A#4,127,0.2840911458333366,36.545485,36.829576145833336
Marimba,12,54,F#3,127,0.1477273958333285,36.8182125,36.96593989583333
Marimba,12,58,A#3,127,0.15340921874999935,36.8182125,36.97162171875
Marimba,12,73,C#5,127,0.3636366666666717,37.090939999999996,37.45457666666667
Marimba,12,66,F#4,127,0.36931848958333546,37.090939999999996,37.46025848958333
Marimba,12,70,A#4,127,0.36931848958333546,37.090939999999996,37.46025848958333
Marimba,12,58,A#3,127,0.0909091666666697,37.50003125,37.59094041666667
Marimba,12,54,F#3,127,0.09659098958333345,37.50003125,37.59662223958333
Marimba,12,70,A#4,127,0.272727500000002,37.636395,37.9091225
Marimba,12,66,F#4,127,0.272727500000002,37.636395,37.9091225
Marimba,12,73,C#5,127,0.272727500000002,37.636395,37.9091225
Marimba,12,54,F#3,127,0.22159109374999986,37.9091225,38.13071359375
Marimba,12,58,A#3,127,0.22159109374999986,37.9091225,38.13071359375
Marimba,12,80,G#5,127,0.3636366666666717,38.18185,38.54548666666667
Marimba,12,73,C#5,127,0.3636366666666717,38.18185,38.54548666666667
Marimba,12,77,F5,127,0.3750003124999992,38.18185,38.556850312499996
Marimba,12,65,F4,127,0.08522734374999885,38.59094125,38.67616859375
Marimba,12,61,C#4,127,0.0909091666666626,38.59094125,38.68185041666666
Marimba,12,73,C#5,127,0.27840932291666576,38.727305,39.00571432291667
Marimba,12,80,G#5,127,0.27840932291666576,38.727305,39.00571432291667
Marimba,12,77,F5,127,0.2840911458333295,38.727305,39.01139614583333
Marimba,12,65,F4,127,0.1818183333333323,39.0000325,39.181850833333336
Marimba,12,61,C#4,127,0.18750015624999605,39.0000325,39.18753265625
Marimba,12,78,F#5,127,0.35795484375000086,39.27276,39.63071484375
Marimba,12,71,B4,127,0.35795484375000086,39.27276,39.63071484375
Marimba,12,75,D#5,127,0.36931848958333546,39.27276,39.642078489583334
Marimba,12,63,D#4,127,0.0909091666666626,39.68185125,39.772760416666664
Marimba,12,59,B3,127,0.09659098958333345,39.68185125,39.778442239583335
Marimba,12,71,B4,127,0.32386390624999706,39.818215,40.14207890625
Marimba,12,78,F#5,127,0.33522755208333166,39.818215,40.153442552083334
Marimba,12,75,D#5,127,0.33522755208333166,39.818215,40.153442552083334
Marimba,12,63,D#4,127,0.1931819791666669,40.0909425,40.284124479166664
Marimba,12,59,B3,127,0.19886380208333776,40.0909425,40.289806302083335
Marimba,12,77,F5,127,0.3636366666666646,40.36367,40.727306666666664
Marimba,12,80,G#5,127,0.3636366666666646,40.36367,40.727306666666664
Marimba,12,73,C#5,127,0.36931848958333546,40.36367,40.732988489583335
Marimba,12,65,F4,127,0.1022728124999972,40.77276125,40.8750340625
Marimba,12,61,C#4,127,0.1022728124999972,40.77276125,40.8750340625
Marimba,12,80,G#5,127,0.2840911458333295,40.909125,41.19321614583333
Marimba,12,77,F5,127,0.28977296874999325,40.909125,41.198897968749996
Marimba,12,73,C#5,127,0.2954547916666641,40.909125,41.20457979166667
Marimba,12,61,C#4,127,0.14204557291667186,41.1818525,41.32389807291667
Marimba,12,65,F4,127,0.1477273958333356,41.1818525,41.329579895833334
Marimba,12,73,C#5,127,0.3977276041666684,41.45458,41.85230760416667
Marimba,12,66,F#4,127,0.40340942708333216,41.45458,41.85798942708333
Marimba,12,70,A#4,127,0.41477307291666676,41.45458,41.86935307291667
Marimba,12,54,F#3,127,0.0909091666666626,41.86367125,41.954580416666666
Marimba,12,58,A#3,127,0.0909091666666626,41.86367125,41.954580416666666
Marimba,12,66,F#4,127,0.23295473958333446,42.000035,42.23298973958333
Marimba,12,70,A#4,127,0.2386365625000053,42.000035,42.2386715625
Marimba,12,73,C#5,127,0.24431838541666906,42.000035,42.244353385416666
Marimba,12,58,A#3,127,0.2159092708333361,42.2727625,42.488671770833335
Marimba,12,54,F#3,127,0.22159109374999986,42.2727625,42.49435359375
Marimba,12,80,G#5,127,0.34659119791666626,42.54549,42.89208119791667
Marimba,12,73,C#5,127,0.34659119791666626,42.54549,42.89208119791667
Marimba,12,77,F5,127,0.35795484375000086,42.54549,42.90344484375
Marimba,12,65,F4,127,0.0681818750000005,42.95458125,43.022763125
Marimba,12,61,C#4,127,0.0681818750000005,42.95458125,43.022763125
Marimba,12,73,C#5,127,0.26704567708333826,43.090945,43.357990677083336
Marimba,12,77,F5,127,0.26704567708333826,43.090945,43.357990677083336
Marimba,12,80,G#5,127,0.26704567708333826,43.090945,43.357990677083336
Marimba,12,65,F4,127,0.11931828125000266,43.3636725,43.48299078125
Marimba,12,61,C#4,127,0.136363750000001,43.3636725,43.50003625
Marimba,12,65,F4,127,0.005681822916663748,43.50003625,43.505718072916665
Marimba,12,78,F#5,127,0.35795484375000086,43.6364,43.99435484375
Marimba,12,71,B4,127,0.36931848958332836,43.6364,44.00571848958333
Marimba,12,75,D#5,127,0.3750003124999992,43.6364,44.0114003125
Marimba,12,63,D#4,127,0.08522734374999885,44.04549125,44.13071859375
Marimba,12,59,B3,127,0.1022728125000043,44.04549125,44.1477640625
Marimba,12,71,B4,127,0.31250026041666956,44.181855,44.49435526041667
Marimba,12,75,D#5,127,0.3181820833333333,44.181855,44.50003708333333
Marimba,12,78,F#5,127,0.3181820833333333,44.181855,44.50003708333333
Marimba,12,59,B3,127,0.17613651041666856,44.4545825,44.63071901041667
Marimba,12,63,D#4,127,0.1818183333333323,44.4545825,44.63640083333333
Marimba,12,80,G#5,127,0.32386390624999706,44.72731,45.05117390625
Marimba,12,73,C#5,127,0.3295457291666608,44.72731,45.056855729166664
Marimba,12,77,F5,127,0.33522755208333166,44.72731,45.062537552083334
Marimba,12,63,D#4,127,0.01704546874999835,45.13640125,45.15344671875
Marimba,12,65,F4,127,0.0681818750000005,45.13640125,45.204583125
Marimba,12,61,C#4,127,0.07386369791666425,45.13640125,45.21026494791666
Marimba,12,80,G#5,127,0.2500002083333328,45.272765,45.52276520833333
Marimba,12,77,F5,127,0.25568203124999656,45.272765,45.528447031249996
Marimba,12,73,C#5,127,0.2613638541666674,45.272765,45.53412885416667
Marimba,12,65,F4,127,0.13068192708333015,45.5454925,45.67617442708333
Marimba,12,61,C#4,127,0.14204557291666475,45.5454925,45.68753807291667
Marimba,12,73,C#5,127,0.35795484375000086,45.81822,46.17617484375
Marimba,12,66,F#4,127,0.36931848958333546,45.81822,46.18753848958333
Marimba,12,70,A#4,127,0.3750003125000063,45.81822,46.1932203125
Marimba,12,54,F#3,127,0.1136364583333318,46.22731125,46.34094770833333
Marimba,12,58,A#3,127,0.11931828125000266,46.22731125,46.34662953125
Marimba,12,66,F#4,127,0.26704567708333116,46.363675,46.63072067708333
Marimba,12,73,C#5,127,0.272727500000002,46.363675,46.6364025
Marimba,12,70,A#4,127,0.2840911458333295,46.363675,46.64776614583333
Marimba,12,58,A#3,127,0.22159109374999986,46.6364025,46.85799359375
Marimba,12,54,F#3,127,0.2386365624999982,46.6364025,46.8750390625
Marimba,12,80,G#5,127,0.28977296875000036,46.90913,47.19890296875
Marimba,12,73,C#5,127,0.2954547916666712,46.90913,47.20458479166667
Marimba,12,77,F5,127,0.3068184374999987,46.90913,47.215948437499996
Marimba,12,61,C#4,127,0.0909091666666626,47.31822125,47.40913041666666
Marimba,12,65,F4,127,0.09659098958333345,47.31822125,47.414812239583334
Marimba,12,73,C#5,127,0.28977296875000036,47.454585,47.74435796875
Marimba,12,80,G#5,127,0.28977296875000036,47.454585,47.74435796875
Marimba,12,77,F5,127,0.2954547916666641,47.454585,47.750039791666666
Marimba,12,65,F4,127,0.1818183333333394,47.7273125,47.909130833333336
Marimba,12,61,C#4,127,0.1818183333333394,47.7273125,47.909130833333336
Marimba,12,71,B4,127,0.39204578124999756,48.00004,48.392085781249996
Marimba,12,78,F#5,127,0.39204578124999756,48.00004,48.392085781249996
Marimba,12,75,D#5,127,0.3977276041666684,48.00004,48.39776760416667
Marimba,12,59,B3,127,0.1022728124999972,48.40913125,48.5114040625
Marimba,12,63,D#4,127,0.10795463541666805,48.40913125,48.51708588541667
Marimba,12,78,F#5,127,0.2954547916666641,48.545495,48.84094979166667
Marimba,12,75,D#5,127,0.3068184374999987,48.545495,48.8523134375
Marimba,12,71,B4,127,0.31250026041666246,48.545495,48.857995260416665
Marimba,12,63,D#4,127,0.19886380208333776,48.8182225,49.017086302083335
Marimba,12,59,B3,127,0.2159092708333361,48.8182225,49.03413177083333
Marimba,12,73,C#5,127,0.3750003124999992,49.09095,49.4659503125
Marimba,12,66,F#4,127,0.39204578124999756,49.09095,49.48299578125
Marimba,12,70,A#4,127,0.3977276041666684,49.09095,49.48867760416667
Marimba,12,58,A#3,127,0.1022728124999972,49.50004125,49.6023140625
Marimba,12,54,F#3,127,0.10795463541666095,49.50004125,49.60799588541666
Marimba,12,66,F#4,127,0.27840932291667286,49.636404999999996,49.91481432291667
Marimba,12,73,C#5,127,0.27840932291667286,49.636404999999996,49.91481432291667
Marimba,12,70,A#4,127,0.28977296875000036,49.636404999999996,49.92617796875
Marimba,12,58,A#3,127,0.2159092708333361,49.9091325,50.125041770833334
Marimba,12,54,F#3,127,0.22159109374999986,49.9091325,50.13072359375
Marimba,12,73,C#5,127,0.3977276041666684,50.18186,50.57958760416667
Marimba,12,66,F#4,127,0.40340942708333216,50.18186,50.58526942708333
Marimba,12,70,A#4,127,0.40340942708333216,50.18186,50.58526942708333
Marimba,12,54,F#3,127,0.0909091666666697,50.590951249999996,50.681860416666666
Marimba,12,58,A#3,127,0.09659098958333345,50.590951249999996,50.68754223958333
Marimba,12,66,F#4,127,0.24431838541666906,50.727315,50.971633385416666
Marimba,12,70,A#4,127,0.25568203125000366,50.727315,50.98299703125
Marimba,12,73,C#5,127,0.2613638541666674,50.727315,50.988678854166665
Marimba,12,58,A#3,127,0.16477286458333396,51.0000425,51.16481536458333
Marimba,12,54,F#3,127,0.1818183333333323,51.0000425,51.18186083333333
Marimba,12,80,G#5,127,0.38068213541666296,51.27277,51.653452135416664
Marimba,12,73,C#5,127,0.3863639583333338,51.27277,51.659133958333335
Marimba,12,77,F5,127,0.39204578124999756,51.27277,51.66481578125
Marimba,12,65,F4,127,0.08522734374999885,51.68186125,51.767088593749996
Marimba,12,61,C#4,127,0.08522734374999885,51.68186125,51.767088593749996
Marimba,12,73,C#5,127,0.28977296875000036,51.818225,52.10799796875
Marimba,12,80,G#5,127,0.28977296875000036,51.818225,52.10799796875
Marimba,12,77,F5,127,0.2954547916666712,51.818225,52.11367979166667
Marimba,12,65,F4,127,0.21022744791666526,52.0909525,52.301179947916665
Marimba,12,61,C#4,127,0.21022744791666526,52.0909525,52.301179947916665
Marimba,12,78,F#5,127,0.3863639583333338,52.36368,52.750043958333336
Marimba,12,71,B4,127,0.3977276041666613,52.36368,52.76140760416666
Marimba,12,75,D#5,127,0.40340942708333216,52.36368,52.767089427083334
Marimba,12,63,D#4,127,0.09659098958333345,52.77277125,52.86936223958333
Marimba,12,59,B3,127,0.09659098958333345,52.77277125,52.86936223958333
Marimba,12,78,F#5,127,0.2840911458333366,52.909135,53.193226145833336
Marimba,12,75,D#5,127,0.2954547916666641,52.909135,53.20458979166666
Marimba,12,71,B4,127,0.30113661458333496,52.909135,53.210271614583334
Marimba,12,59,B3,127,0.1477273958333285,53.1818625,53.32958989583333
Marimba,12,63,D#4,127,0.1590910416666631,53.1818625,53.340953541666664
Marimba,12,73,C#5,127,0.38068213541667006,53.454589999999996,53.835272135416666
Marimba,12,70,A#4,127,0.40340942708333927,53.454589999999996,53.857999427083335
Marimba,12,66,F#4,127,0.40340942708333927,53.454589999999996,53.857999427083335
Marimba,12,58,A#3,127,0.10795463541666805,53.86368125,53.97163588541667
Marimba,12,54,F#3,127,0.10795463541666805,53.86368125,53.97163588541667
Marimba,12,73,C#5,127,0.272727500000002,54.000045,54.2727725
Marimba,12,66,F#4,127,0.27840932291666576,54.000045,54.278454322916666
Marimba,12,70,A#4,127,0.2840911458333295,54.000045,54.28413614583333
Marimba,12,54,F#3,127,0.1477273958333285,54.2727725,54.42049989583333
Marimba,12,58,A#3,127,0.15340921874999935,54.2727725,54.42618171875
Marimba,12,73,C#5,127,0.3636366666666717,54.5455,54.90913666666667
Marimba,12,66,F#4,127,0.36931848958333546,54.5455,54.91481848958333
Marimba,12,70,A#4,127,0.36931848958333546,54.5455,54.91481848958333
Marimba,12,58,A#3,127,0.0909091666666697,54.95459125,55.04550041666667
Marimba,12,54,F#3,127,0.09659098958333345,54.95459125,55.05118223958333
Marimba,12,70,A#4,127,0.272727500000002,55.090955,55.3636825
Marimba,12,66,F#4,127,0.272727500000002,55.090955,55.3636825
Marimba,12,73,C#5,127,0.272727500000002,55.090955,55.3636825
Marimba,12,54,F#3,127,0.22159109374999986,55.3636825,55.58527359375
Marimba,12,58,A#3,127,0.22159109374999986,55.3636825,55.58527359375
Marimba,12,73,C#5,127,0.3636366666666717,55.63641,56.00004666666667
Marimba,12,80,G#5,127,0.3636366666666717,55.63641,56.00004666666667
Marimba,12,77,F5,127,0.3750003124999992,55.63641,56.0114103125
Marimba,12,65,F4,127,0.08522734374999885,56.04550125,56.13072859375
Marimba,12,61,C#4,127,0.0909091666666626,56.04550125,56.13641041666666
Marimba,12,73,C#5,127,0.27840932291666576,56.181865,56.46027432291667
Marimba,12,80,G#5,127,0.27840932291666576,56.181865,56.46027432291667
Marimba,12,77,F5,127,0.2840911458333295,56.181865,56.46595614583333
Marimba,12,65,F4,127,0.1818183333333394,56.4545925,56.636410833333336
Marimba,12,61,C#4,127,0.18750015625000316,56.4545925,56.64209265625
Marimba,12,78,F#5,127,0.35795484375000086,56.72732,57.08527484375
Marimba,12,71,B4,127,0.35795484375000086,56.72732,57.08527484375
Marimba,12,75,D#5,127,0.36931848958333546,56.72732,57.096638489583334
Marimba,12,63,D#4,127,0.0909091666666626,57.13641125,57.227320416666664
Marimba,12,59,B3,127,0.09659098958333345,57.13641125,57.233002239583335
Marimba,12,71,B4,127,0.32386390624999706,57.272775,57.59663890625
Marimba,12,78,F#5,127,0.33522755208333166,57.272775,57.608002552083335
Marimba,12,75,D#5,127,0.33522755208333166,57.272775,57.608002552083335
Marimba,12,63,D#4,127,0.1931819791666669,57.5455025,57.738684479166665
Marimba,12,59,B3,127,0.19886380208333776,57.5455025,57.744366302083336
Marimba,12,77,F5,127,0.3636366666666646,57.81823,58.181866666666664
Marimba,12,80,G#5,127,0.3636366666666646,57.81823,58.181866666666664
Marimba,12,73,C#5,127,0.36931848958333546,57.81823,58.187548489583335
Marimba,12,65,F4,127,0.1022728124999972,58.22732125,58.3295940625
Marimba,12,61,C#4,127,0.1022728124999972,58.22732125,58.3295940625
Marimba,12,80,G#5,127,0.2840911458333366,58.363685,58.64777614583333
Marimba,12,77,F5,127,0.28977296875000036,58.363685,58.65345796875
Marimba,12,73,C#5,127,0.2954547916666712,58.363685,58.65913979166667
Marimba,12,61,C#4,127,0.14204557291666475,58.6364125,58.77845807291666
Marimba,12,65,F4,127,0.1477273958333356,58.6364125,58.784139895833334
Marimba,12,73,C#5,127,0.3977276041666684,58.90914,59.30686760416667
Marimba,12,66,F#4,127,0.40340942708333216,58.90914,59.31254942708333
Marimba,12,70,A#4,127,0.41477307291666676,58.90914,59.32391307291667
Marimba,12,54,F#3,127,0.0909091666666697,59.31823125,59.409140416666666
Marimba,12,58,A#3,127,0.0909091666666697,59.31823125,59.409140416666666
Marimba,12,66,F#4,127,0.23295473958333446,59.454595,59.68754973958333
Marimba,12,70,A#4,127,0.2386365625000053,59.454595,59.6932315625
Marimba,12,73,C#5,127,0.24431838541666906,59.454595,59.69891338541667
Marimba,12,58,A#3,127,0.2159092708333361,59.7273225,59.943231770833336
Marimba,12,54,F#3,127,0.22159109374999986,59.7273225,59.94891359375
Marimba,12,73,C#5,127,0.34659119791666626,60.00005,60.34664119791667
Marimba,12,80,G#5,127,0.34659119791666626,60.00005,60.34664119791667
Marimba,12,77,F5,127,0.35795484375000086,60.00005,60.35800484375
Marimba,12,65,F4,127,0.0681818750000005,60.40914125,60.477323125
Marimba,12,61,C#4,127,0.0681818750000005,60.40914125,60.477323125
Marimba,12,73,C#5,127,0.26704567708333116,60.545505,60.81255067708333
Marimba,12,77,F5,127,0.26704567708333116,60.545505,60.81255067708333
Marimba,12,80,G#5,127,0.26704567708333116,60.545505,60.81255067708333
Marimba,12,65,F4,127,0.11931828124999555,60.8182325,60.937550781249996
Marimba,12,61,C#4,127,0.136363750000001,60.8182325,60.95459625
Marimba,12,65,F4,127,0.005681822916663748,60.95459625,60.960278072916665
Marimba,12,78,F#5,127,0.35795484374999376,61.09096,61.448914843749996
Marimba,12,71,B4,127,0.36931848958332836,61.09096,61.46027848958333
Marimba,12,75,D#5,127,0.3750003124999992,61.09096,61.4659603125
Marimba,12,63,D#4,127,0.08522734374999885,61.50005125,61.58527859375
Marimba,12,59,B3,127,0.1022728125000043,61.50005125,61.6023240625
Marimba,12,71,B4,127,0.31250026041666956,61.636415,61.94891526041667
Marimba,12,75,D#5,127,0.3181820833333333,61.636415,61.95459708333333
Marimba,12,78,F#5,127,0.3181820833333333,61.636415,61.95459708333333
Marimba,12,59,B3,127,0.17613651041666145,61.9091425,62.08527901041666
Marimba,12,63,D#4,127,0.1818183333333323,61.9091425,62.090960833333334
Marimba,12,80,G#5,127,0.33522755208333876,62.181869999999996,62.517097552083335
Marimba,12,73,C#5,127,0.3409093750000025,62.181869999999996,62.522779375
Marimba,12,77,F5,127,0.34659119791666626,62.181869999999996,62.52846119791666
Marimba,12,61,C#4,127,0.0795455208333351,62.59096125,62.670506770833335
Marimba,12,65,F4,127,0.08522734374999885,62.59096125,62.67618859375
Marimba,12,73,C#5,127,0.26704567708333116,62.727325,62.99437067708333
Marimba,12,77,F5,127,0.272727500000002,62.727325,63.0000525
Marimba,12,80,G#5,127,0.2840911458333295,62.727325,63.01141614583333
Marimba,12,61,C#4,127,0.14204557291666475,63.0000525,63.14209807291667
Marimba,12,65,F4,127,0.1477273958333285,63.0000525,63.14777989583333
Marimba,12,70,A#4,127,0.33522755208333876,63.27278,63.608007552083336
Marimba,12,61,C#4,127,0.34659119791666626,63.27278,63.619371197916664
Marimba,12,66,F#4,127,0.34659119791666626,63.27278,63.619371197916664
Marimba,12,54,F#3,127,0.09659098958333345,63.68187125,63.778462239583334
Marimba,12,58,A#3,127,0.1022728124999972,63.68187125,63.7841440625
Marimba,12,70,A#4,127,0.24431838541666195,63.818235,64.06255338541666
Marimba,12,66,F#4,127,0.2500002083333328,63.818235,64.06823520833333
Marimba,12,61,C#4,127,0.25568203125000366,63.818235,64.07391703125
Marimba,12,54,F#3,127,0.136363750000001,64.0909625,64.22732625
Marimba,12,58,A#3,127,0.14204557291665765,64.0909625,64.23300807291666
Marimba,12,63,D#4,127,0.36931848958332125,64.36369,64.73300848958333
Marimba,12,66,F#4,127,0.3750003124999921,64.36369,64.7386903125
Marimba,12,59,B3,127,0.38068213541666296,64.36369,64.74437213541667
Marimba,12,47,B2,127,0.1022728125000043,64.77278125,64.8750540625
Marimba,12,51,D#3,127,0.1022728125000043,64.77278125,64.8750540625
Marimba,12,59,B3,127,0.27840932291667286,64.909145,65.18755432291667
Marimba,12,66,F#4,127,0.2840911458333437,64.909145,65.19323614583334
Marimba,12,63,D#4,127,0.28977296875000036,64.909145,65.19891796875
Marimba,12,47,B2,127,0.1590910416666702,65.1818725,65.34096354166667
Marimba,12,51,D#3,127,0.1704546874999977,65.1818725,65.3523271875
Marimba,12,68,G#4,127,0.38068213541666296,65.4546,65.83528213541666
Marimba,12,65,F4,127,0.39204578125000467,65.4546,65.84664578125
Marimba,12,61,C#4,127,0.39204578125000467,65.4546,65.84664578125
Marimba,12,49,C#3,127,0.09659098958333345,65.86369125,65.96028223958334
Marimba,12,53,F3,127,0.10795463541666095,65.86369125,65.97164588541666
Marimba,12,68,G#4,127,0.27840932291665865,66.000055,66.27846432291666
Marimba,12,61,C#4,127,0.28977296875000036,66.000055,66.28982796875
Marimba,12,65,F4,127,0.28977296875000036,66.000055,66.28982796875
Marimba,12,49,C#3,127,0.1931819791666669,66.2727825,66.46596447916667
Marimba,12,53,F3,127,0.2045456249999944,66.2727825,66.477328125
Marimba,12,59,B3,127,0.33522755208333876,66.54551,66.88073755208333
Marimba,12,66,F#4,127,0.3409093750000096,66.54551,66.886419375
Marimba,12,63,D#4,127,0.3522730208333371,66.54551,66.89778302083333
Marimba,12,47,B2,127,0.1022728125000043,66.95460125,67.0568740625
Marimba,12,51,D#3,127,0.1022728125000043,66.95460125,67.0568740625
Marimba,12,59,B3,127,0.28977296875000036,67.090965,67.38073796875
Marimba,12,63,D#4,127,0.30113661458334207,67.090965,67.39210161458334
Marimba,12,66,F#4,127,0.30113661458334207,67.090965,67.39210161458334
Marimba,12,47,B2,127,0.13068192708333015,67.3636925,67.49437442708333
Marimba,12,51,D#3,127,0.136363750000001,67.3636925,67.50005625
Marimba,12,70,A#4,127,0.3750003124999921,67.63642,68.0114203125
Marimba,12,66,F#4,127,0.3863639583333338,67.63642,68.02278395833333
Marimba,12,61,C#4,127,0.39204578125000467,67.63642,68.02846578125
Marimba,12,54,F#3,127,0.0795455208333351,68.04551125,68.12505677083334
Marimba,12,58,A#3,127,0.0795455208333351,68.04551125,68.12505677083334
Marimba,12,70,A#4,127,0.295454791666657,68.181875,68.47732979166666
Marimba,12,66,F#4,127,0.3068184374999987,68.181875,68.4886934375
Marimba,12,61,C#4,127,0.3068184374999987,68.181875,68.4886934375
Marimba,12,58,A#3,127,0.11931828125000266,68.4546025,68.57392078125
Marimba,12,54,F#3,127,0.1250001041666735,68.4546025,68.57960260416667
Marimba,12,66,F#4,127,0.36931848958333546,68.72733,69.09664848958333
Marimba,12,63,D#4,127,0.38068213541667717,68.72733,69.10801213541667
Marimba,12,59,B3,127,0.39204578125000467,68.72733,69.11937578125
Marimba,12,47,B2,127,0.0909091666666626,69.13642125,69.22733041666666
Marimba,12,51,D#3,127,0.0909091666666626,69.13642125,69.22733041666666
Marimba,12,59,B3,127,0.35795484374999376,69.272785,69.63073984374999
Marimba,12,63,D#4,127,0.36931848958333546,69.272785,69.64210348958333
Marimba,12,66,F#4,127,0.3750003125000063,69.272785,69.6477853125
Marimba,12,51,D#3,127,0.1136364583333318,69.5455125,69.65914895833333
Marimba,12,47,B2,127,0.11931828125000266,69.5455125,69.66483078125
Marimba,12,68,G#4,127,0.3636366666666646,69.81824,70.18187666666667
Marimba,12,61,C#4,127,0.36931848958333546,69.81824,70.18755848958334
Marimba,12,65,F4,127,0.36931848958333546,69.81824,70.18755848958334
Marimba,12,53,F3,127,0.0909091666666626,70.22733125,70.31824041666667
Marimba,12,49,C#3,127,0.09659098958333345,70.22733125,70.32392223958334
Marimba,12,68,G#4,127,0.28977296875000036,70.36369499999999,70.65346796875
Marimba,12,61,C#4,127,0.28977296875000036,70.36369499999999,70.65346796875
Marimba,12,65,F4,127,0.2954547916666712,70.36369499999999,70.65914979166666
Marimba,12,53,F3,127,0.1477273958333427,70.6364225,70.78414989583334
Marimba,12,49,C#3,127,0.1590910416666702,70.6364225,70.79551354166666
Marimba,12,66,F#4,127,0.34659119791666626,70.90915,71.25574119791666
Marimba,12,59,B3,127,0.35795484375000797,70.90915,71.26710484375
Marimba,12,63,D#4,127,0.3636366666666646,70.90915,71.27278666666666
Marimba,12,51,D#3,127,0.09659098958333345,71.31824125,71.41483223958333
Marimba,12,47,B2,127,0.1022728125000043,71.31824125,71.4205140625
Marimba,12,66,F#4,127,0.3068184374999987,71.454605,71.7614234375
Marimba,12,59,B3,127,0.3068184374999987,71.454605,71.7614234375
Marimba,12,63,D#4,127,0.3181820833333262,71.454605,71.77278708333333
Marimba,12,47,B2,127,0.16477286458332685,71.7273325,71.89210536458333
Marimba,12,51,D#3,127,0.1704546874999977,71.7273325,71.8977871875
Marimba,12,70,A#4,127,0.3636366666666646,72.00006,72.36369666666667
Marimba,12,61,C#4,127,0.3636366666666646,72.00006,72.36369666666667
Marimba,12,66,F#4,127,0.36931848958332125,72.00006,72.36937848958333
Marimba,12,54,F#3,127,0.09090916666667681,72.40915125,72.50006041666667
Marimba,12,58,A#3,127,0.1022728125000043,72.40915125,72.5114240625
Marimba,12,70,A#4,127,0.2840911458333437,72.545515,72.82960614583334
Marimba,12,66,F#4,127,0.28977296875000036,72.545515,72.83528796875
Marimba,12,61,C#4,127,0.2954547916666712,72.545515,72.84096979166667
Marimba,12,54,F#3,127,0.14204557291667186,72.8182425,72.96028807291667
Marimba,12,58,A#3,127,0.15340921874999935,72.8182425,72.97165171875
Marimba,12,66,F#4,127,0.36931848958333546,73.09097,73.46028848958333
Marimba,12,63,D#4,127,0.38068213541666296,73.09097,73.47165213541666
Marimba,12,59,B3,127,0.38068213541666296,73.09097,73.47165213541666
Marimba,12,51,D#3,127,0.1022728125000043,73.50006125,73.6023340625
Marimba,12,47,B2,127,0.10795463541666095,73.50006125,73.60801588541666
Marimba,12,59,B3,127,0.272727500000002,73.636425,73.9091525
Marimba,12,66,F#4,127,0.27840932291665865,73.636425,73.91483432291666
Marimba,12,63,D#4,127,0.27840932291665865,73.636425,73.91483432291666
Marimba,12,51,D#3,127,0.16477286458332685,73.9091525,74.07392536458333
Marimba,12,47,B2,127,0.17613651041665435,73.9091525,74.08528901041666
Marimba,12,70,A#4,127,0.3750003125000063,74.18187999999999,74.5568803125
Marimba,12,61,C#4,127,0.3750003125000063,74.18187999999999,74.5568803125
Marimba,12,66,F#4,127,0.3863639583333338,74.18187999999999,74.56824395833333
Marimba,12,54,F#3,127,0.08522734375000596,74.59097125,74.67619859375
Marimba,12,58,A#3,127,0.08522734375000596,74.59097125,74.67619859375
Marimba,12,70,A#4,127,0.2840911458333295,74.727335,75.01142614583333
Marimba,12,61,C#4,127,0.2840911458333295,74.727335,75.01142614583333
Marimba,12,66,F#4,127,0.28977296875000036,74.727335,75.01710796875
Marimba,12,58,A#3,127,0.11931828125000266,75.0000625,75.11938078125
Marimba,12,54,F#3,127,0.1250001041666735,75.0000625,75.12506260416667
Marimba,12,66,F#4,127,0.38068213541666296,75.27279,75.65347213541666
Marimba,12,63,D#4,127,0.3863639583333338,75.27279,75.65915395833333
Marimba,12,59,B3,127,0.3863639583333338,75.27279,75.65915395833333
Marimba,12,51,D#3,127,0.06250005208332254,75.68188125,75.74438130208333
Marimba,12,47,B2,127,0.06250005208332254,75.68188125,75.74438130208333
Marimba,12,59,B3,127,0.27840932291665865,75.818245,76.09665432291666
Marimba,12,63,D#4,127,0.28977296875000036,75.818245,76.10801796875
Marimba,12,66,F#4,127,0.295454791666657,75.818245,76.11369979166666
Marimba,12,47,B2,127,0.11363645833334601,76.09097249999999,76.20460895833334
Marimba,12,51,D#3,127,0.11363645833334601,76.09097249999999,76.20460895833334
Marimba,12,70,A#4,127,0.3636366666666646,76.3637,76.72733666666666
Marimba,12,61,C#4,127,0.36931848958333546,76.3637,76.73301848958333
Marimba,12,66,F#4,127,0.38068213541667717,76.3637,76.74438213541667
Marimba,12,56,G#3,127,0.0568182291666659,76.77279125,76.82960947916666
Marimba,12,54,F#3,127,0.06818187500000761,76.77279125,76.840973125
Marimba,12,70,A#4,127,0.3068184374999987,76.909155,77.2159734375
Marimba,12,61,C#4,127,0.3181820833333404,76.909155,77.22733708333334
Marimba,12,66,F#4,127,0.32386390624999706,76.909155,77.23301890625
Marimba,12,58,A#3,127,0.09659098958333345,77.1818825,77.27847348958333
Marimba,12,54,F#3,127,0.10795463541666095,77.1818825,77.28983713541666
Marimba,12,59,B3,127,0.36931848958333546,77.45461,77.82392848958334
Marimba,12,66,F#4,127,0.36931848958333546,77.45461,77.82392848958334
Marimba,12,63,D#4,127,0.38068213541666296,77.45461,77.83529213541667
Marimba,12,51,D#3,127,0.07386369791666425,77.86370125,77.93756494791667
Marimba,12,47,B2,127,0.07954552083332089,77.86370125,77.94324677083333
Marimba,12,59,B3,127,0.26704567708333116,78.000065,78.26711067708334
Marimba,12,66,F#4,127,0.2727274999999878,78.000065,78.2727925
Marimba,12,63,D#4,127,0.2727274999999878,78.000065,78.2727925
Marimba,12,51,D#3,127,0.10795463541667516,78.2727925,78.38074713541667
Marimba,12,47,B2,127,0.10795463541667516,78.2727925,78.38074713541667
Marimba,12,70,A#4,127,0.3636366666666646,78.54552,78.90915666666666
Marimba,12,61,C#4,127,0.36931848958333546,78.54552,78.91483848958333
Marimba,12,66,F#4,127,0.38068213541666296,78.54552,78.92620213541666
Marimba,12,58,A#3,127,0.07386369791666425,78.95461125,79.02847494791666
Marimba,12,54,F#3,127,0.07386369791666425,78.95461125,79.02847494791666
Marimba,12,70,A#4,127,0.27840932291665865,79.090975,79.36938432291666
Marimba,12,66,F#4,127,0.28977296875000036,79.090975,79.38074796875
Marimba,12,61,C#4,127,0.28977296875000036,79.090975,79.38074796875
Marimba,12,58,A#3,127,0.1022728124999901,79.3637025,79.46597531249999
Marimba,12,54,F#3,127,0.1136364583333318,79.3637025,79.47733895833333
Marimba,12,66,F#4,127,0.3863639583333338,79.63643,80.02279395833334
Marimba,12,63,D#4,127,0.3863639583333338,79.63643,80.02279395833334
Marimba,12,59,B3,127,0.3863639583333338,79.63643,80.02279395833334
Marimba,12,51,D#3,127,0.06250005208333675,80.04552125,80.10802130208333
Marimba,12,47,B2,127,0.0795455208333351,80.04552125,80.12506677083333
Marimba,12,66,F#4,127,0.26704567708334537,80.181885,80.44893067708334
Marimba,12,59,B3,127,0.26704567708334537,80.181885,80.44893067708334
Marimba,12,63,D#4,127,0.27840932291667286,80.181885,80.46029432291667
Marimba,12,51,D#3,127,0.10795463541667516,80.4546125,80.56256713541667
Marimba,12,47,B2,127,0.11931828125000266,80.4546125,80.57393078125
Marimba,12,61,C#4,127,0.3636366666666646,80.72734,81.09097666666666
Marimba,12,70,A#4,127,0.36931848958333546,80.72734,81.09665848958333
Marimba,12,66,F#4,127,0.3863639583333338,80.72734,81.11370395833333
Marimba,12,58,A#3,127,0.0795455208333351,81.13643125,81.21597677083334
Marimba,12,54,F#3,127,0.0909091666666626,81.13643125,81.22734041666666
Marimba,12,70,A#4,127,0.32386390624999706,81.272795,81.59665890625
Marimba,12,61,C#4,127,0.3295457291666679,81.272795,81.60234072916667
Marimba,12,66,F#4,127,0.33522755208332455,81.272795,81.60802255208333
Marimba,12,58,A#3,127,0.1022728124999901,81.5455225,81.6477953125
Marimba,12,54,F#3,127,0.1136364583333318,81.5455225,81.65915895833334
Marimba,12,66,F#4,127,0.3522730208333229,81.81825,82.17052302083333
Marimba,12,63,D#4,127,0.3636366666666646,81.81825,82.18188666666667
Marimba,12,59,B3,127,0.3636366666666646,81.81825,82.18188666666667
Marimba,12,51,D#3,127,0.0795455208333351,82.22734125,82.30688677083333
Marimba,12,47,B2,127,0.0795455208333351,82.22734125,82.30688677083333
Marimba,12,59,B3,127,0.2613638541666745,82.363705,82.62506885416667
Marimba,12,66,F#4,127,0.272727500000002,82.363705,82.6364325
Marimba,12,63,D#4,127,0.27840932291667286,82.363705,82.64211432291667
Marimba,12,51,D#3,127,0.13068192708333015,82.6364325,82.76711442708333
Marimba,12,47,B2,127,0.1477273958333285,82.6364325,82.78415989583333
Marimba,12,68,G#4,104,0.10795463541666095,82.90916,83.01711463541666
Marimba,12,70,A#4,121,0.36931848958333546,82.90916,83.27847848958334
Marimba,12,61,C#4,127,0.36931848958333546,82.90916,83.27847848958334
Marimba,12,66,F#4,127,0.38068213541666296,82.90916,83.28984213541666
Marimba,12,58,A#3,127,0.05113640624999505,83.31825125,83.36938765625
Marimba,12,54,F#3,127,0.0681818749999934,83.31825125,83.386433125
Marimba,12,63,D#4,95,0.08522734374999175,83.454615,83.53984234375
Marimba,12,70,A#4,127,0.28977296875000036,83.454615,83.74438796875
Marimba,12,66,F#4,127,0.3068184374999987,83.454615,83.7614334375
Marimba,12,61,C#4,106,0.3068184374999987,83.454615,83.7614334375
Marimba,12,58,A#3,127,0.10795463541666095,83.7273425,83.83529713541667
Marimba,12,54,F#3,127,0.1136364583333318,83.7273425,83.84097895833334
Marimba,12,66,F#4,127,0.36931848958333546,84.00007,84.36938848958333
Marimba,12,59,B3,127,0.3750003125000063,84.00007,84.3750703125
Marimba,12,63,D#4,127,0.38068213541667717,84.00007,84.38075213541667
Marimba,12,51,D#3,127,0.06818187500000761,84.40916125,84.477343125
Marimba,12,47,B2,127,0.0795455208333351,84.40916125,84.48870677083333
Marimba,12,59,B3,127,0.27840932291667286,84.545525,84.82393432291667
Marimba,12,63,D#4,127,0.2954547916666712,84.545525,84.84097979166667
Marimba,12,66,F#4,127,0.2954547916666712,84.545525,84.84097979166667
Marimba,12,47,B2,127,0.1250001041666593,84.8182525,84.94325260416666
Marimba,12,51,D#3,127,0.13068192708333015,84.8182525,84.94893442708333
Marimba,12,61,C#4,127,0.3863639583333338,85.09098,85.47734395833334
Marimba,12,70,A#4,127,0.3977276041666613,85.09098,85.48870760416666
Marimba,12,66,F#4,127,0.3977276041666613,85.09098,85.48870760416666
Marimba,12,58,A#3,127,0.0909091666666626,85.50007125,85.59098041666667
Marimba,12,54,F#3,127,0.09659098958333345,85.50007125,85.59666223958334
Marimba,12,61,C#4,127,0.3068184374999987,85.636435,85.9432534375
Marimba,12,66,F#4,127,0.3068184374999987,85.636435,85.9432534375
Marimba,12,70,A#4,127,0.31250026041665535,85.636435,85.94893526041666
Marimba,12,58,A#3,127,0.13068192708334436,85.9091625,86.03984442708334
Marimba,12,54,F#3,127,0.1477273958333427,85.9091625,86.05688989583334
Marimba,12,66,F#4,127,0.40340942708333216,86.18189,86.58529942708333
Marimba,12,59,B3,127,0.409091250000003,86.18189,86.59098125
Marimba,12,63,D#4,127,0.41477307291667387,86.18189,86.59666307291667
Marimba,12,51,D#3,127,0.09659098958333345,86.59098125,86.68757223958333
Marimba,12,47,B2,127,0.1022728125000043,86.59098125,86.6932540625
Marimba,12,59,B3,127,0.2840911458333295,86.727345,87.01143614583333
Marimba,12,66,F#4,127,0.2954547916666712,86.727345,87.02279979166667
Marimba,12,63,D#4,127,0.30113661458332786,86.727345,87.02848161458333
Marimba,12,51,D#3,127,0.1704546874999977,87.0000725,87.1705271875
Marimba,12,47,B2,127,0.17613651041666856,87.0000725,87.17620901041667
Marimba,12,61,C#4,127,0.3863639583333338,87.2728,87.65916395833334
Marimba,12,70,A#4,127,0.40340942708333216,87.2728,87.67620942708334
Marimba,12,66,F#4,127,0.4090912499999888,87.2728,87.68189124999999
Marimba,12,58,A#3,127,0.07386369791667846,87.68189124999999,87.75575494791667
Marimba,12,54,F#3,127,0.09659098958333345,87.68189124999999,87.77848223958333
Marimba,12,70,A#4,127,0.3068184374999987,87.818255,88.12507343749999
Marimba,12,61,C#4,127,0.31250026041666956,87.818255,88.13075526041666
Marimba,12,66,F#4,127,0.3181820833333404,87.818255,88.13643708333333
Marimba,12,58,A#3,127,0.10795463541667516,88.0909825,88.19893713541667
Marimba,12,54,F#3,127,0.11931828125000266,88.0909825,88.21030078125
Marimba,12,66,F#4,127,0.3750003125000063,88.36371,88.7387103125
Marimba,12,63,D#4,127,0.3750003125000063,88.36371,88.7387103125
Marimba,12,59,B3,127,0.38068213541666296,88.36371,88.74439213541666
Marimba,12,51,D#3,127,0.07386369791666425,88.77280125,88.84666494791666
Marimba,12,47,B2,127,0.07386369791666425,88.77280125,88.84666494791666
Marimba,12,66,F#4,127,0.2954547916666712,88.909165,89.20461979166667
Marimba,12,59,B3,127,0.30113661458332786,88.909165,89.21030161458333
Marimba,12,63,D#4,127,0.30113661458332786,88.909165,89.21030161458333
Marimba,12,47,B2,127,0.1250001041666593,89.1818925,89.30689260416666
Marimba,12,51,D#3,127,0.13068192708333015,89.1818925,89.31257442708333
Marimba,12,66,F#4,127,0.3522730208333371,106.90917999999999,107.26145302083333
Marimba,12,61,C#4,127,0.3636366666666788,106.90917999999999,107.27281666666667
Marimba,12,70,A#4,127,0.3636366666666788,106.90917999999999,107.27281666666667
Marimba,12,68,G#4,127,0.2272729166666636,108.00009,108.22736291666666
Marimba,12,65,F4,127,0.23295473958333446,108.00009,108.23304473958333
Marimba,12,61,C#4,127,0.23295473958333446,108.00009,108.23304473958333
Marimba,12,61,C#4,127,0.28977296875000036,108.40918125,108.69895421875
Marimba,12,68,G#4,127,0.28977296875000036,108.40918125,108.69895421875
Marimba,12,65,F4,127,0.295454791666657,108.40918125,108.70463604166666
Marimba,12,66,F#4,127,0.0909091666666626,108.8182725,108.90918166666667
Marimba,12,63,D#4,127,0.09659098958331924,108.8182725,108.91486348958333
Marimba,12,59,B3,127,0.11931828124998844,108.8182725,108.93759078125
Marimba,12,66,F#4,127,0.3636366666666788,109.091,109.45463666666667
Marimba,12,59,B3,127,0.36931848958333546,109.091,109.46031848958333
Marimba,12,63,D#4,127,0.3750003125000063,109.091,109.4660003125
Marimba,12,47,B2,127,0.08522734375000596,109.50009125,109.58531859375
Marimba,12,51,D#3,127,0.0909091666666626,109.50009125,109.59100041666666
Marimba,12,59,B3,127,0.26704567708333116,109.636455,109.90350067708333
Marimba,12,63,D#4,127,0.272727500000002,109.636455,109.9091825
Marimba,12,66,F#4,127,0.27840932291667286,109.636455,109.91486432291667
Marimba,12,47,B2,127,0.1477273958333285,109.9091825,110.05690989583333
Marimba,12,51,D#3,127,0.1590910416666702,109.9091825,110.06827354166667
Marimba,12,73,C#5,127,0.36931848958333546,110.18191,110.55122848958334
Marimba,12,70,A#4,127,0.3750003124999921,110.18191,110.5569103125
Marimba,12,66,F#4,127,0.3750003124999921,110.18191,110.5569103125
Marimba,12,54,F#3,127,0.0909091666666626,110.59100125,110.68191041666667
Marimba,12,58,A#3,127,0.09659098958333345,110.59100125,110.68759223958334
Marimba,12,70,A#4,127,0.28977296874998615,110.727365,111.01713796874999
Marimba,12,73,C#5,127,0.28977296874998615,110.727365,111.01713796874999
Marimba,12,66,F#4,127,0.295454791666657,110.727365,111.02281979166666
Marimba,12,58,A#3,127,0.23295473958333446,111.0000925,111.23304723958333
Marimba,12,54,F#3,127,0.24431838541667616,111.0000925,111.24441088541667
Marimba,12,73,C#5,127,0.3977276041666755,111.27282,111.67054760416667
Marimba,12,70,A#4,127,0.40340942708333216,111.27282,111.67622942708333
Marimba,12,66,F#4,127,0.40340942708333216,111.27282,111.67622942708333
Marimba,12,54,F#3,127,0.09659098958333345,111.68191125,111.77850223958333
Marimba,12,58,A#3,127,0.1022728125000043,111.68191125,111.7841840625
Marimba,12,73,C#5,127,0.2840911458333295,111.818275,112.10236614583333
Marimba,12,70,A#4,127,0.28977296875000036,111.818275,112.10804796875
Marimba,12,66,F#4,127,0.30113661458332786,111.818275,112.11941161458333
Marimba,12,54,F#3,127,0.16477286458332685,112.0910025,112.25577536458333
Marimba,12,58,A#3,127,0.1704546874999977,112.0910025,112.2614571875
Marimba,12,68,G#4,127,0.3636366666666646,112.36373,112.72736666666667
Marimba,12,61,C#4,127,0.36931848958333546,112.36373,112.73304848958334
Marimba,12,65,F4,127,0.3750003124999921,112.36373,112.7387303125
Marimba,12,53,F3,127,0.0795455208333351,112.77282124999999,112.85236677083333
Marimba,12,49,C#3,127,0.08522734375000596,112.77282124999999,112.85804859375
Marimba,12,68,G#4,127,0.2954547916666712,112.909185,113.20463979166666
Marimba,12,65,F4,127,0.30113661458334207,112.909185,113.21032161458334
Marimba,12,61,C#4,127,0.30113661458334207,112.909185,113.21032161458334
Marimba,12,53,F3,127,0.15340921874999935,113.1819125,113.33532171875
Marimba,12,49,C#3,127,0.1704546874999977,113.1819125,113.3523671875
Marimba,12,66,F#4,127,0.40340942708333216,113.45464,113.85804942708333
Marimba,12,63,D#4,127,0.409091250000003,113.45464,113.86373125
Marimba,12,59,B3,127,0.409091250000003,113.45464,113.86373125
Marimba,12,47,B2,127,0.0909091666666626,113.86373125,113.95464041666666
Marimba,12,51,D#3,127,0.09659098958333345,113.86373125,113.96032223958333
Marimba,12,59,B3,127,0.24431838541666195,114.000095,114.24441338541666
Marimba,12,63,D#4,127,0.2613638541666603,114.000095,114.26145885416666
Marimba,12,66,F#4,127,0.26704567708333116,114.000095,114.26714067708333
Marimba,12,51,D#3,127,0.17613651041666856,114.2728225,114.44895901041667
Marimba,12,47,B2,127,0.17613651041666856,114.2728225,114.44895901041667
Marimba,12,73,C#5,127,0.36931848958332125,114.54555,114.91486848958333
Marimba,12,70,A#4,127,0.39204578124999045,114.54555,114.93759578125
Marimba,12,66,F#4,127,0.39204578124999045,114.54555,114.93759578125
Marimba,12,58,A#3,127,0.08522734375000596,114.95464125,115.03986859375
Marimba,12,54,F#3,127,0.09090916666667681,114.95464125,115.04555041666667
Marimba,12,73,C#5,127,0.272727500000002,115.091005,115.3637325
Marimba,12,70,A#4,127,0.27840932291667286,115.091005,115.36941432291667
Marimba,12,66,F#4,127,0.28977296875000036,115.091005,115.38077796875
Marimba,12,58,A#3,127,0.1136364583333318,115.3637325,115.47736895833333
Marimba,12,54,F#3,127,0.13068192708333015,115.3637325,115.49441442708333
Marimba,12,73,C#5,127,0.3977276041666613,115.63646,116.03418760416666
Marimba,12,70,A#4,127,0.3977276041666613,115.63646,116.03418760416666
Marimba,12,66,F#4,127,0.409091250000003,115.63646,116.04555125
Marimba,12,58,A#3,127,0.08522734374999175,116.04555125,116.13077859375
Marimba,12,54,F#3,127,0.08522734374999175,116.04555125,116.13077859375
Marimba,12,73,C#5,127,0.272727500000002,116.181915,116.4546425
Marimba,12,70,A#4,127,0.27840932291665865,116.181915,116.46032432291666
Marimba,12,66,F#4,127,0.2840911458333295,116.181915,116.46600614583333
Marimba,12,58,A#3,127,0.1363637499999868,116.4546425,116.59100624999999
Marimba,12,54,F#3,127,0.1818183333333252,116.4546425,116.63646083333333
Marimba,12,68,G#4,127,0.39204578125000467,116.72737,117.11941578125
Marimba,12,61,C#4,127,0.39204578125000467,116.72737,117.11941578125
Marimba,12,65,F4,127,0.39204578125000467,116.72737,117.11941578125
Marimba,12,53,F3,127,0.0795455208333351,117.13646125,117.21600677083333
Marimba,12,49,C#3,127,0.08522734375000596,117.13646125,117.22168859375
Marimba,12,61,C#4,127,0.27840932291667286,117.272825,117.55123432291667
Marimba,12,68,G#4,127,0.27840932291667286,117.272825,117.55123432291667
Marimba,12,65,F4,127,0.2840911458333295,117.272825,117.55691614583333
Marimba,12,53,F3,127,0.19886380208333776,117.5455525,117.74441630208334
Marimba,12,49,C#3,127,0.2045456249999944,117.5455525,117.750098125
Marimba,12,66,F#4,127,0.3977276041666613,117.81828,118.21600760416666
Marimba,12,63,D#4,127,0.40340942708333216,117.81828,118.22168942708333
Marimba,12,59,B3,127,0.40340942708333216,117.81828,118.22168942708333
Marimba,12,47,B2,127,0.08522734374999175,118.22737125,118.31259859375
Marimba,12,51,D#3,127,0.08522734374999175,118.22737125,118.31259859375
Marimba,12,59,B3,127,0.2613638541666603,118.363735,118.62509885416667
Marimba,12,66,F#4,127,0.26704567708333116,118.363735,118.63078067708334
Marimba,12,63,D#4,127,0.26704567708333116,118.363735,118.63078067708334
Marimba,12,51,D#3,127,0.21022744791667947,118.6364625,118.84668994791667
Marimba,12,47,B2,127,0.22159109375000696,118.6364625,118.85805359375
Marimba,12,73,C#5,127,0.3750003125000063,118.90919,119.2841903125
Marimba,12,70,A#4,127,0.3863639583333338,118.90919,119.29555395833333
Marimba,12,66,F#4,127,0.39204578125000467,118.90919,119.30123578125
Marimba,12,58,A#3,127,0.08522734375000596,119.31828125,119.40350859375
Marimba,12,54,F#3,127,0.08522734375000596,119.31828125,119.40350859375
Marimba,12,73,C#5,127,0.27840932291667286,119.454645,119.73305432291667
Marimba,12,66,F#4,127,0.2840911458333295,119.454645,119.73873614583333
Marimba,12,70,A#4,127,0.28977296875000036,119.454645,119.74441796875
Marimba,12,54,F#3,127,0.15340921874999935,119.7273725,119.88078171875
Marimba,12,58,A#3,127,0.15340921874999935,119.7273725,119.88078171875
Marimba,12,73,C#5,127,0.40340942708333216,120.0001,120.40350942708334
Marimba,12,70,A#4,127,0.4090912499999888,120.0001,120.40919124999999
Marimba,12,66,F#4,127,0.4090912499999888,120.0001,120.40919124999999
Marimba,12,54,F#3,127,0.07386369791667846,120.40919124999999,120.48305494791667
Marimba,12,58,A#3,127,0.08522734375000596,120.40919124999999,120.49441859375
Marimba,12,70,A#4,127,0.2840911458333437,120.545555,120.82964614583334
Marimba,12,73,C#5,127,0.2840911458333437,120.545555,120.82964614583334
Marimba,12,66,F#4,127,0.28977296875000036,120.545555,120.83532796875
Marimba,12,58,A#3,127,0.19886380208333776,120.8182825,121.01714630208333
Marimba,12,54,F#3,127,0.21022744791666526,120.8182825,121.02850994791666
Marimba,12,61,C#4,127,0.40340942708333216,121.09101,121.49441942708333
Marimba,12,68,G#4,127,0.40340942708333216,121.09101,121.49441942708333
Marimba,12,65,F4,127,0.409091250000003,121.09101,121.50010125
Marimba,12,53,F3,127,0.0795455208333351,121.50010125,121.57964677083334
Marimba,12,49,C#3,127,0.08522734374999175,121.50010125,121.58532859374999
Marimba,12,61,C#4,127,0.32386390624999706,121.636465,121.96032890625
Marimba,12,68,G#4,127,0.32386390624999706,121.636465,121.96032890625
Marimba,12,65,F4,127,0.3295457291666679,121.636465,121.96601072916667
Marimba,12,53,F3,127,0.2159092708333361,121.9091925,122.12510177083334
Marimba,12,49,C#3,127,0.22159109374999275,121.9091925,122.13078359375
Marimba,12,66,F#4,127,0.4090912499999888,122.18192,122.59101125
Marimba,12,63,D#4,127,0.41477307291665966,122.18192,122.59669307291666
Marimba,12,59,B3,127,0.4204548958333305,122.18192,122.60237489583334
Marimba,12,47,B2,127,0.08522734375000596,122.59101125,122.67623859375
Marimba,12,51,D#3,127,0.08522734375000596,122.59101125,122.67623859375
Marimba,12,59,B3,127,0.30113661458334207,122.727375,123.02851161458334
Marimba,12,63,D#4,127,0.31250026041666956,122.727375,123.03987526041666
Marimba,12,66,F#4,127,0.3181820833333404,122.727375,123.04555708333334
Marimba,12,51,D#3,127,0.22159109375000696,123.0001025,123.22169359375
Marimba,12,47,B2,127,0.2272729166666636,123.0001025,123.22737541666666
Marimba,12,73,C#5,127,0.36931848958333546,123.27283,123.64214848958333
Marimba,12,70,A#4,127,0.38068213541666296,123.27283,123.65351213541666
Marimba,12,66,F#4,127,0.38068213541666296,123.27283,123.65351213541666
Marimba,12,58,A#3,127,0.08522734374999175,123.68192125,123.76714859375
Marimba,12,54,F#3,127,0.0909091666666626,123.68192125,123.77283041666666
Marimba,12,73,C#5,127,0.27840932291665865,123.818285,124.09669432291666
Marimba,12,70,A#4,127,0.2840911458333295,123.818285,124.10237614583333
Marimba,12,66,F#4,127,0.28977296875000036,123.818285,124.10805796875
Marimba,12,58,A#3,127,0.27840932291665865,124.0910125,124.36942182291666
Marimba,12,54,F#3,127,0.2840911458333295,124.0910125,124.37510364583333
Marimba,12,73,C#5,127,0.3977276041666755,124.36373999999999,124.76146760416667
Marimba,12,70,A#4,127,0.409091250000003,124.36373999999999,124.77283125
Marimba,12,66,F#4,127,0.409091250000003,124.36373999999999,124.77283125
Marimba,12,54,F#3,127,0.06818187500000761,124.77283125,124.841013125
Marimba,12,58,A#3,127,0.08522734375000596,124.77283125,124.85805859375
Marimba,12,73,C#5,127,0.272727500000002,124.909195,125.1819225
Marimba,12,70,A#4,127,0.2840911458333295,124.909195,125.19328614583333
Marimba,12,66,F#4,127,0.28977296875000036,124.909195,125.19896796875
Marimba,12,58,A#3,127,0.22159109375000696,125.1819225,125.40351359375
Marimba,12,54,F#3,127,0.2272729166666636,125.1819225,125.40919541666666
Marimba,12,68,G#4,127,0.4204548958333305,125.45465,125.87510489583333
Marimba,12,61,C#4,127,0.42613671875000136,125.45465,125.88078671875
Marimba,12,65,F4,127,0.431818541666658,125.45465,125.88646854166666
Marimba,12,51,D#3,127,0.06250005208332254,125.86374125,125.92624130208333
Marimba,12,53,F3,127,0.08522734374999175,125.86374125,125.94896859375
Marimba,12,49,C#3,127,0.08522734374999175,125.86374125,125.94896859375
Marimba,12,68,G#4,127,0.30113661458332786,126.000105,126.30124161458333
Marimba,12,65,F4,127,0.3068184374999987,126.000105,126.3069234375
Marimba,12,61,C#4,127,0.31250026041665535,126.000105,126.31260526041666
Marimba,12,53,F3,127,0.1250001041666735,126.27283249999999,126.39783260416667
Marimba,12,49,C#3,127,0.14204557291667186,126.27283249999999,126.41487807291666
Marimba,12,66,F#4,127,0.409091250000003,126.54556,126.95465125
Marimba,12,59,B3,127,0.409091250000003,126.54556,126.95465125
Marimba,12,63,D#4,127,0.42613671875000136,126.54556,126.97169671875
Marimba,12,47,B2,127,0.0909091666666626,126.95465125,127.04556041666666
Marimba,12,51,D#3,127,0.1022728125000043,126.95465125,127.0569240625
Marimba,12,59,B3,127,0.2840911458333295,127.091015,127.37510614583333
Marimba,12,66,F#4,127,0.28977296875000036,127.091015,127.38078796875
Marimba,12,63,D#4,127,0.28977296875000036,127.091015,127.38078796875
Marimba,12,51,D#3,127,0.19886380208333776,127.3637425,127.56260630208334
Marimba,12,47,B2,127,0.21022744791666526,127.3637425,127.57396994791667
Marimba,12,73,C#5,127,0.39204578125000467,127.63647,128.02851578125
Marimba,12,70,A#4,127,0.3977276041666755,127.63647,128.03419760416668
Marimba,12,66,F#4,127,0.40340942708331795,127.63647,128.03987942708332
Marimba,12,58,A#3,127,0.0795455208333351,128.04556125,128.12510677083333
Marimba,12,54,F#3,127,0.0795455208333351,128.04556125,128.12510677083333
Marimba,12,73,C#5,127,0.272727500000002,128.181925,128.4546525
Marimba,12,70,A#4,127,0.2840911458333153,128.181925,128.46601614583332
Marimba,12,66,F#4,127,0.28977296874998615,128.181925,128.47169796875
Marimba,12,58,A#3,127,0.2045456249999802,128.4546525,128.659198125
Marimba,12,54,F#3,127,0.21022744791665104,128.4546525,128.66487994791666
Marimba,12,70,A#4,127,0.3977276041666471,128.72738,129.12510760416666
Marimba,12,73,C#5,127,0.3977276041666471,128.72738,129.12510760416666
Marimba,12,66,F#4,127,0.40340942708331795,128.72738,129.13078942708333
Marimba,12,54,F#3,127,0.0795455208333351,129.13647125,129.21601677083333
Marimba,12,58,A#3,127,0.0795455208333351,129.13647125,129.21601677083333
Marimba,12,73,C#5,127,0.2954547916666854,129.272835,129.56828979166667
Marimba,12,70,A#4,127,0.3011366145833563,129.272835,129.57397161458334
Marimba,12,66,F#4,127,0.3181820833333404,129.272835,129.59101708333333
Marimba,12,58,A#3,127,0.1931819791666669,129.5455625,129.73874447916666
Marimba,12,54,F#3,127,0.21022744791667947,129.5455625,129.75578994791667
Marimba,12,68,G#4,127,0.39204578125000467,129.81829,130.21033578125
Marimba,12,65,F4,127,0.4034094270833464,129.81829,130.22169942708334
Marimba,12,61,C#4,127,0.4034094270833464,129.81829,130.22169942708334
Marimba,12,53,F3,127,0.0795455208333351,130.22738125,130.30692677083334
Marimba,12,49,C#3,127,0.08522734374997754,130.22738125,130.31260859374999
Marimba,12,68,G#4,127,0.3181820833333404,130.363745,130.68192708333333
Marimba,12,65,F4,127,0.3295457291666821,130.363745,130.69329072916668
Marimba,12,61,C#4,127,0.33522755208332455,130.363745,130.69897255208332
Marimba,12,53,F3,127,0.1818183333333252,130.6364725,130.81829083333332
Marimba,12,49,C#3,127,0.1931819791666669,130.6364725,130.82965447916666
Marimba,12,66,F#4,127,0.4090912499999888,130.9092,131.31829125
Marimba,12,63,D#4,127,0.4204548958333305,130.9092,131.32965489583333
Marimba,12,59,B3,127,0.4204548958333305,130.9092,131.32965489583333
Marimba,12,51,D#3,127,0.09659098958334766,131.31829125,131.41488223958333
Marimba,12,47,B2,127,0.09659098958334766,131.31829125,131.41488223958333
Marimba,12,66,F#4,127,0.26704567708333116,131.454655,131.72170067708333
Marimba,12,63,D#4,127,0.26704567708333116,131.454655,131.72170067708333
Marimba,12,59,B3,127,0.26704567708333116,131.454655,131.72170067708333
Marimba,12,51,D#3,127,0.17613651041665435,131.7273825,131.90351901041666
Marimba,12,47,B2,127,0.1818183333333252,131.7273825,131.90920083333333
Marimba,12,73,C#5,127,0.36931848958332125,132.00011,132.36942848958333
Marimba,12,66,F#4,127,0.39204578125000467,132.00011,132.39215578125
Marimba,12,70,A#4,127,0.39204578125000467,132.00011,132.39215578125
Marimba,12,54,F#3,127,0.09090916666667681,132.40920125,132.50011041666667
Marimba,12,58,A#3,127,0.09090916666667681,132.40920125,132.50011041666667
Marimba,12,66,F#4,127,0.30113661458332786,132.545565,132.84670161458334
Marimba,12,73,C#5,127,0.3068184374999987,132.545565,132.8523834375
Marimba,12,70,A#4,127,0.3068184374999987,132.545565,132.8523834375
Marimba,12,58,A#3,127,0.1704546874999835,132.8182925,132.9887471875
Marimba,12,54,F#3,127,0.17613651041665435,132.8182925,132.99442901041667
Marimba,12,70,A#4,127,0.8977280208333411,133.09102,133.98874802083333
Marimba,12,61,C#4,127,0.9090916666666828,133.09102,134.00011166666667
Marimba,12,66,F#4,127,0.9090916666666828,133.09102,134.00011166666667
Marimba,12,59,B3,127,1.011364479166673,134.18193,135.19329447916667
Marimba,12,66,F#4,127,1.011364479166673,134.18193,135.19329447916667
Marimba,12,63,D#4,127,1.011364479166673,134.18193,135.19329447916667
Marimba,12,68,G#4,127,0.9943190104166604,135.27284,136.26715901041666
Marimba,12,61,C#4,127,1.005682656250002,135.27284,136.27852265625
Marimba,12,65,F4,127,1.005682656250002,135.27284,136.27852265625
Marimba,12,66,F#4,127,0.863637083333316,136.36375,137.22738708333333
Marimba,12,63,D#4,127,0.863637083333316,136.36375,137.22738708333333
Marimba,12,59,B3,127,0.8693189062499869,136.36375,137.23306890625
Marimba,12,66,F#4,127,0.35795484375000797,137.45466,137.81261484375
Marimba,12,61,C#4,127,0.35795484375000797,137.45466,137.81261484375
Marimba,12,70,A#4,127,0.35795484375000797,137.45466,137.81261484375
Marimba,12,58,A#3,127,0.09090916666664839,137.86375125,137.95466041666666
Marimba,12,54,F#3,127,0.09090916666664839,137.86375125,137.95466041666666
Marimba,12,70,A#4,127,0.28977296875001457,138.000115,138.28988796875
Marimba,12,66,F#4,127,0.2954547916666854,138.000115,138.29556979166668
Marimba,12,61,C#4,127,0.3068184374999987,138.000115,138.3069334375
Marimba,12,58,A#3,127,0.1250001041666735,138.2728425,138.39784260416667
Marimba,12,54,F#3,127,0.1477273958333285,138.2728425,138.42056989583332
Marimba,12,66,F#4,127,0.3636366666666788,138.54557,138.90920666666668
Marimba,12,63,D#4,127,0.3750003124999921,138.54557,138.9205703125
Marimba,12,59,B3,127,0.3750003124999921,138.54557,138.9205703125
Marimba,12,51,D#3,127,0.09659098958334766,138.95466125,139.05125223958333
Marimba,12,47,B2,127,0.10227281250001852,138.95466125,139.0569340625
Marimba,12,59,B3,127,0.2840911458333437,139.091025,139.37511614583335
Marimba,12,66,F#4,127,0.2840911458333437,139.091025,139.37511614583335
Marimba,12,63,D#4,127,0.295454791666657,139.091025,139.38647979166666
Marimba,12,51,D#3,127,0.23295473958333446,139.3637525,139.59670723958334
Marimba,12,47,B2,127,0.24431838541664774,139.3637525,139.60807088541665
Marimba,12,68,G#4,127,0.36931848958332125,139.63648,140.00579848958333
Marimba,12,61,C#4,127,0.38068213541666296,139.63648,140.01716213541667
Marimba,12,65,F4,127,0.3863639583333338,139.63648,140.02284395833334
Marimba,12,53,F3,127,0.0795455208333351,140.04557125,140.12511677083333
Marimba,12,49,C#3,127,0.08522734375000596,140.04557125,140.13079859375
Marimba,12,68,G#4,127,0.28977296874998615,140.181935,140.47170796875
Marimba,12,61,C#4,127,0.30113661458332786,140.181935,140.48307161458334
Marimba,12,65,F4,127,0.3068184374999987,140.181935,140.4887534375
Marimba,12,53,F3,127,0.1818183333333252,140.4546625,140.63648083333334
Marimba,12,49,C#3,127,0.19886380208330934,140.4546625,140.65352630208332
Marimba,12,66,F#4,127,0.35795484375000797,140.72738999999999,141.08534484375
Marimba,12,59,B3,127,0.3693184895833497,140.72738999999999,141.09670848958334
Marimba,12,63,D#4,127,0.3750003125000205,140.72738999999999,141.1023903125
Marimba,12,47,B2,127,0.08522734375000596,141.13648125,141.22170859375
Marimba,12,51,D#3,127,0.09659098958331924,141.13648125,141.23307223958332
Marimba,12,59,B3,127,0.2840911458333437,141.272845,141.55693614583333
Marimba,12,66,F#4,127,0.28977296875001457,141.272845,141.56261796875
Marimba,12,63,D#4,127,0.28977296875001457,141.272845,141.56261796875
Marimba,12,51,D#3,127,0.15340921874999935,141.5455725,141.69898171875
Marimba,12,47,B2,127,0.1590910416666702,141.5455725,141.70466354166666
Marimba,12,66,F#4,127,0.35795484375000797,141.8183,142.17625484375
Marimba,12,70,A#4,127,0.35795484375000797,141.8183,142.17625484375
Marimba,12,61,C#4,127,0.35795484375000797,141.8183,142.17625484375
Marimba,12,58,A#3,127,0.09090916666664839,142.22739125,142.31830041666666
Marimba,12,54,F#3,127,0.09090916666664839,142.22739125,142.31830041666666
Marimba,12,70,A#4,127,0.28977296875001457,142.363755,142.65352796875
Marimba,12,66,F#4,127,0.295454791666657,142.363755,142.65920979166665
Marimba,12,61,C#4,127,0.3068184374999987,142.363755,142.6705734375
Marimba,12,58,A#3,127,0.1250001041666735,142.6364825,142.76148260416667
Marimba,12,54,F#3,127,0.1477273958333285,142.6364825,142.78420989583333
Marimba,12,66,F#4,127,0.3636366666666504,142.90921,143.27284666666665
Marimba,12,59,B3,127,0.3750003124999921,142.90921,143.2842103125
Marimba,12,63,D#4,127,0.3750003124999921,142.90921,143.2842103125
Marimba,12,51,D#3,127,0.09659098958334766,143.31830125,143.41489223958334
Marimba,12,47,B2,127,0.10227281250001852,143.31830125,143.4205740625
Marimba,12,59,B3,127,0.2840911458333153,143.454665,143.73875614583332
Marimba,12,66,F#4,127,0.2840911458333153,143.454665,143.73875614583332
Marimba,12,63,D#4,127,0.295454791666657,143.454665,143.75011979166666
Marimba,12,51,D#3,127,0.23295473958333446,143.7273925,143.96034723958334
Marimba,12,47,B2,127,0.24431838541664774,143.7273925,143.97171088541666
Marimba,12,68,G#4,127,0.36931848958332125,144.00012,144.36943848958333
Marimba,12,61,C#4,127,0.38068213541666296,144.00012,144.38080213541667
Marimba,12,65,F4,127,0.3863639583333338,144.00012,144.38648395833334
Marimba,12,53,F3,127,0.0795455208333351,144.40921125,144.48875677083333
Marimba,12,49,C#3,127,0.08522734375000596,144.40921125,144.49443859375
Marimba,12,68,G#4,127,0.28977296875001457,144.54557499999999,144.83534796875
Marimba,12,61,C#4,127,0.3011366145833563,144.54557499999999,144.84671161458334
Marimba,12,65,F4,127,0.30681843750002713,144.54557499999999,144.8523934375
Marimba,12,53,F3,127,0.18181833333335362,144.8183025,145.00012083333334
Marimba,12,49,C#3,127,0.19886380208333776,144.8183025,145.01716630208333
Marimba,12,66,F#4,127,0.35795484375000797,145.09103,145.44898484375
Marimba,12,59,B3,127,0.3693184895833497,145.09103,145.46034848958334
Marimba,12,63,D#4,127,0.3750003125000205,145.09103,145.4660303125
Marimba,12,47,B2,127,0.08522734375000596,145.50012125,145.58534859375
Marimba,12,51,D#3,127,0.09659098958331924,145.50012125,145.59671223958333
Marimba,12,59,B3,127,0.2840911458333437,145.636485,145.92057614583334
Marimba,12,66,F#4,127,0.28977296875001457,145.636485,145.92625796875
Marimba,12,63,D#4,127,0.28977296875001457,145.636485,145.92625796875
Marimba,12,51,D#3,127,0.15340921874999935,145.9092125,146.06262171875
Marimba,12,47,B2,127,0.1590910416666702,145.9092125,146.06830354166667
Marimba,12,66,F#4,127,0.35795484375000797,146.18194,146.53989484375
Marimba,12,70,A#4,127,0.35795484375000797,146.18194,146.53989484375
Marimba,12,61,C#4,127,0.35795484375000797,146.18194,146.53989484375
Marimba,12,58,A#3,127,0.09090916666667681,146.59103125,146.68194041666666
Marimba,12,54,F#3,127,0.09090916666667681,146.59103125,146.68194041666666
Marimba,12,70,A#4,127,0.28977296874998615,146.727395,147.01716796875
Marimba,12,66,F#4,127,0.295454791666657,146.727395,147.02284979166666
Marimba,12,61,C#4,127,0.3068184374999987,146.727395,147.0342134375
Marimba,12,58,A#3,127,0.1250001041666735,147.0001225,147.12512260416668
Marimba,12,54,F#3,127,0.1477273958333285,147.0001225,147.14784989583333
Marimba,12,66,F#4,127,0.3636366666666504,147.27285,147.63648666666666
Marimba,12,63,D#4,127,0.3750003124999921,147.27285,147.6478503125
Marimba,12,59,B3,127,0.3750003124999921,147.27285,147.6478503125
Marimba,12,51,D#3,127,0.09659098958334766,147.68194125,147.77853223958334
Marimba,12,47,B2,127,0.10227281250001852,147.68194125,147.7842140625
Marimba,12,59,B3,127,0.2840911458333153,147.818305,148.10239614583332
Marimba,12,66,F#4,127,0.2840911458333153,147.818305,148.10239614583332
Marimba,12,63,D#4,127,0.295454791666657,147.818305,148.11375979166667
Marimba,12,51,D#3,127,0.23295473958333446,148.0910325,148.32398723958335
Marimba,12,47,B2,127,0.24431838541664774,148.0910325,148.33535088541666
Marimba,12,68,G#4,127,0.3693184895833497,148.36375999999998,148.73307848958333
Marimba,12,61,C#4,127,0.3806821354166914,148.36375999999998,148.74444213541668
Marimba,12,65,F4,127,0.3863639583333338,148.36375999999998,148.75012395833332
Marimba,12,53,F3,127,0.0795455208333351,148.77285125,148.85239677083334
Marimba,12,49,C#3,127,0.08522734375000596,148.77285125,148.85807859375
Marimba,12,68,G#4,127,0.28977296875001457,148.909215,149.19898796875
Marimba,12,61,C#4,127,0.3011366145833563,148.909215,149.21035161458335
Marimba,12,65,F4,127,0.3068184374999987,148.909215,149.2160334375
Marimba,12,53,F3,127,0.18181833333335362,149.1819425,149.36376083333334
Marimba,12,49,C#3,127,0.19886380208333776,149.1819425,149.38080630208333
Marimba,12,66,F#4,127,0.35795484375000797,149.45467,149.81262484375
Marimba,12,59,B3,127,0.3693184895833497,149.45467,149.82398848958334
Marimba,12,63,D#4,127,0.3750003124999921,149.45467,149.82967031249999
Marimba,12,47,B2,127,0.08522734374997754,149.86376125,149.94898859375
Marimba,12,51,D#3,127,0.09659098958331924,149.86376125,149.96035223958333
Marimba,12,59,B3,127,0.2840911458333437,150.000125,150.28421614583334
Marimba,12,66,F#4,127,0.28977296875001457,150.000125,150.28989796875
Marimba,12,63,D#4,127,0.28977296875001457,150.000125,150.28989796875
Marimba,12,51,D#3,127,0.15340921874999935,150.2728525,150.42626171875
Marimba,12,47,B2,127,0.1590910416666702,150.2728525,150.43194354166667
Marimba,12,70,A#4,127,0.33522755208332455,150.54558,150.88080755208333
Marimba,12,66,F#4,127,0.34659119791666626,150.54558,150.89217119791667
Marimba,12,61,C#4,127,0.34659119791666626,150.54558,150.89217119791667
Marimba,12,54,F#3,127,0.09659098958334766,150.95467125,151.05126223958334
Marimba,12,58,A#3,127,0.10227281250001852,150.95467125,151.0569440625
Marimba,12,70,A#4,127,0.24431838541664774,151.091035,151.33535338541665
Marimba,12,66,F#4,127,0.2500002083333186,151.091035,151.34103520833332
Marimba,12,61,C#4,127,0.25568203124998945,151.091035,151.34671703125
Marimba,12,54,F#3,127,0.1363637499999868,151.3637625,151.50012625
Marimba,12,58,A#3,127,0.14204557291665765,151.3637625,151.50580807291666
Marimba,12,63,D#4,127,0.36931848958332125,151.63649,152.00580848958333
Marimba,12,66,F#4,127,0.3750003124999921,151.63649,152.0114903125
Marimba,12,59,B3,127,0.38068213541666296,151.63649,152.01717213541667
Marimba,12,51,D#3,127,0.1022728124999901,152.04558125,152.1478540625
Marimba,12,47,B2,127,0.1022728124999901,152.04558125,152.1478540625
Marimba,12,59,B3,127,0.27840932291667286,152.18194499999998,152.46035432291666
Marimba,12,66,F#4,127,0.2840911458333437,152.18194499999998,152.46603614583333
Marimba,12,63,D#4,127,0.28977296875001457,152.18194499999998,152.47171796875
Marimba,12,47,B2,127,0.1590910416666702,152.4546725,152.61376354166666
Marimba,12,51,D#3,127,0.17045468750001191,152.4546725,152.6251271875
Marimba,12,68,G#4,127,0.38068213541666296,152.7274,153.10808213541665
Marimba,12,61,C#4,127,0.39204578125000467,152.7274,153.11944578125
Marimba,12,65,F4,127,0.39204578125000467,152.7274,153.11944578125
Marimba,12,49,C#3,127,0.09659098958331924,153.13649125,153.23308223958333
Marimba,12,53,F3,127,0.10795463541666095,153.13649125,153.24444588541667
Marimba,12,68,G#4,127,0.27840932291667286,153.272855,153.55126432291667
Marimba,12,65,F4,127,0.28977296875001457,153.272855,153.56262796875
Marimba,12,61,C#4,127,0.28977296875001457,153.272855,153.56262796875
Marimba,12,49,C#3,127,0.1931819791666669,153.5455825,153.73876447916666
Marimba,12,53,F3,127,0.2045456250000086,153.5455825,153.750128125
Marimba,12,59,B3,127,0.33522755208332455,153.81831,154.15353755208332
Marimba,12,66,F#4,127,0.3409093749999954,153.81831,154.159219375
Marimba,12,63,D#4,127,0.3522730208333371,153.81831,154.17058302083333
Marimba,12,51,D#3,127,0.10227281250001852,154.22740124999999,154.3296740625
Marimba,12,47,B2,127,0.10227281250001852,154.22740124999999,154.3296740625
Marimba,12,59,B3,127,0.28977296874998615,154.363765,154.65353796875
Marimba,12,66,F#4,127,0.30113661458332786,154.363765,154.66490161458333
Marimba,12,63,D#4,127,0.30113661458332786,154.363765,154.66490161458333
Marimba,12,47,B2,127,0.13068192708331594,154.6364925,154.76717442708332
Marimba,12,51,D#3,127,0.1363637499999868,154.6364925,154.77285625
Marimba,12,70,A#4,127,0.3750003124999921,154.90922,155.2842203125
Marimba,12,66,F#4,127,0.3863639583333338,154.90922,155.29558395833334
Marimba,12,61,C#4,127,0.39204578125000467,154.90922,155.30126578125
Marimba,12,58,A#3,127,0.0795455208333351,155.31831125,155.39785677083333
Marimba,12,54,F#3,127,0.0795455208333351,155.31831125,155.39785677083333
Marimba,12,70,A#4,127,0.295454791666657,155.454675,155.75012979166667
Marimba,12,61,C#4,127,0.3068184374999987,155.454675,155.7614934375
Marimba,12,66,F#4,127,0.3068184374999987,155.454675,155.7614934375
Marimba,12,58,A#3,127,0.11931828124997423,155.7274025,155.84672078124999
Marimba,12,54,F#3,127,0.1250001041666451,155.7274025,155.85240260416666
Marimba,12,66,F#4,127,0.36931848958332125,156.00013,156.36944848958333
Marimba,12,63,D#4,127,0.38068213541666296,156.00013,156.38081213541668
Marimba,12,59,B3,127,0.39204578124997624,156.00013,156.39217578125
Marimba,12,51,D#3,127,0.09090916666667681,156.40922125,156.50013041666668
Marimba,12,47,B2,127,0.09090916666667681,156.40922125,156.50013041666668
Marimba,12,59,B3,127,0.35795484375000797,156.545585,156.90353984375
Marimba,12,63,D#4,127,0.3693184895833497,156.545585,156.91490348958334
Marimba,12,66,F#4,127,0.3750003125000205,156.545585,156.9205853125
Marimba,12,51,D#3,127,0.1136364583333318,156.8183125,156.93194895833332
Marimba,12,47,B2,127,0.11931828125000266,156.8183125,156.93763078125
Marimba,12,68,G#4,127,0.3636366666666788,157.09104,157.45467666666667
Marimba,12,65,F4,127,0.3693184895833497,157.09104,157.46035848958334
Marimba,12,61,C#4,127,0.3693184895833497,157.09104,157.46035848958334
Marimba,12,53,F3,127,0.09090916666664839,157.50013125,157.59104041666666
Marimba,12,49,C#3,127,0.09659098958331924,157.50013125,157.59672223958333
Marimba,12,61,C#4,127,0.28977296875001457,157.636495,157.92626796875
Marimba,12,68,G#4,127,0.28977296875001457,157.636495,157.92626796875
Marimba,12,65,F4,127,0.295454791666657,157.636495,157.93194979166665
Marimba,12,53,F3,127,0.1477273958333285,157.9092225,158.05694989583333
Marimba,12,49,C#3,127,0.1590910416666702,157.9092225,158.06831354166667
Marimba,12,66,F#4,127,0.34659119791666626,158.18195,158.52854119791667
Marimba,12,59,B3,127,0.35795484375000797,158.18195,158.53990484375
Marimba,12,63,D#4,127,0.3636366666666788,158.18195,158.54558666666668
Marimba,12,51,D#3,127,0.09659098958334766,158.59104125,158.68763223958334
Marimba,12,47,B2,127,0.10227281250001852,158.59104125,158.6933140625
Marimba,12,59,B3,127,0.3068184374999987,158.727405,159.0342234375
Marimba,12,66,F#4,127,0.3068184374999987,158.727405,159.0342234375
Marimba,12,63,D#4,127,0.3181820833333404,158.727405,159.04558708333334
Marimba,12,47,B2,127,0.16477286458331264,159.0001325,159.16490536458332
Marimba,12,51,D#3,127,0.1704546874999835,159.0001325,159.1705871875
Marimba,12,73,C#5,127,0.35795484374997955,159.27286,159.63081484375
Marimba,12,66,F#4,127,0.36931848958332125,159.27286,159.64217848958333
Marimba,12,70,A#4,127,0.3750003124999921,159.27286,159.6478603125
Marimba,12,54,F#3,127,0.1136364583333318,159.68195125,159.79558770833333
Marimba,12,58,A#3,127,0.11931828125000266,159.68195125,159.80126953125
Marimba,12,66,F#4,127,0.26704567708333116,159.818315,160.08536067708334
Marimba,12,73,C#5,127,0.2727274999999736,159.818315,160.0910425
Marimba,12,70,A#4,127,0.2840911458333153,159.818315,160.10240614583333
Marimba,12,58,A#3,127,0.22159109375002117,160.0910425,160.31263359375
Marimba,12,54,F#3,127,0.2386365625000053,160.0910425,160.3296790625
Marimba,12,80,G#5,127,0.28977296875001457,160.36377,160.65354296875
Marimba,12,73,C#5,127,0.2954547916666854,160.36377,160.65922479166667
Marimba,12,77,F5,127,0.3068184374999987,160.36377,160.6705884375
Marimba,12,61,C#4,127,0.09090916666664839,160.77286125,160.86377041666665
Marimba,12,65,F4,127,0.09659098958331924,160.77286125,160.86945223958332
Marimba,12,73,C#5,127,0.28977296875001457,160.909225,161.19899796875
Marimba,12,80,G#5,127,0.28977296875001457,160.909225,161.19899796875
Marimba,12,77,F5,127,0.2954547916666854,160.909225,161.20467979166668
Marimba,12,65,F4,127,0.1818183333333252,161.1819525,161.36377083333332
Marimba,12,61,C#4,127,0.1818183333333252,161.1819525,161.36377083333332
Marimba,12,78,F#5,127,0.39204578125000467,161.45468,161.84672578125
Marimba,12,71,B4,127,0.39204578125000467,161.45468,161.84672578125
Marimba,12,75,D#5,127,0.3977276041666755,161.45468,161.85240760416667
Marimba,12,59,B3,127,0.10227281250001852,161.86377124999999,161.9660440625
Marimba,12,63,D#4,127,0.10795463541668937,161.86377124999999,161.97172588541667
Marimba,12,78,F#5,127,0.295454791666657,162.000135,162.29558979166666
Marimba,12,75,D#5,127,0.3068184374999987,162.000135,162.3069534375
Marimba,12,71,B4,127,0.31250026041666956,162.000135,162.31263526041667
Marimba,12,63,D#4,127,0.19886380208333776,162.2728625,162.47172630208334
Marimba,12,59,B3,127,0.2159092708333219,162.2728625,162.48877177083332
Marimba,12,73,C#5,127,0.3750003124999921,162.54559,162.9205903125
Marimba,12,66,F#4,127,0.39204578125000467,162.54559,162.93763578125
Marimba,12,70,A#4,127,0.3977276041666471,162.54559,162.94331760416665
Marimba,12,58,A#3,127,0.10227281250001852,162.95468125,163.0569540625
Marimba,12,54,F#3,127,0.10795463541666095,162.95468125,163.06263588541665
Marimba,12,66,F#4,127,0.27840932291664444,163.091045,163.36945432291665
Marimba,12,73,C#5,127,0.27840932291664444,163.091045,163.36945432291665
Marimba,12,70,A#4,127,0.28977296874998615,163.091045,163.38081796875
Marimba,12,58,A#3,127,0.2159092708333219,163.3637725,163.57968177083333
Marimba,12,54,F#3,127,0.22159109374999275,163.3637725,163.58536359375
Marimba,12,73,C#5,127,0.3977276041666471,163.6365,164.03422760416666
Marimba,12,70,A#4,127,0.40340942708331795,163.6365,164.03990942708333
Marimba,12,66,F#4,127,0.40340942708331795,163.6365,164.03990942708333
Marimba,12,54,F#3,127,0.09090916666667681,164.04559125,164.13650041666668
Marimba,12,58,A#3,127,0.09659098958331924,164.04559125,164.14218223958332
Marimba,12,66,F#4,127,0.24431838541667616,164.181955,164.42627338541666
Marimba,12,70,A#4,127,0.25568203125001787,164.181955,164.43763703125
Marimba,12,73,C#5,127,0.2613638541666887,164.181955,164.44331885416668
Marimba,12,58,A#3,127,0.16477286458334106,164.4546825,164.61945536458333
Marimba,12,54,F#3,127,0.18181833333335362,164.4546825,164.63650083333334
Marimba,12,80,G#5,127,0.38068213541666296,164.72741,165.10809213541665
Marimba,12,73,C#5,127,0.3863639583333338,164.72741,165.11377395833333
Marimba,12,77,F5,127,0.39204578125000467,164.72741,165.11945578125
Marimba,12,65,F4,127,0.08522734374997754,165.13650125,165.22172859375
Marimba,12,61,C#4,127,0.08522734374997754,165.13650125,165.22172859375
Marimba,12,73,C#5,127,0.28977296875001457,165.272865,165.56263796875
Marimba,12,80,G#5,127,0.28977296875001457,165.272865,165.56263796875
Marimba,12,77,F5,127,0.295454791666657,165.272865,165.56831979166665
Marimba,12,65,F4,127,0.21022744791667947,165.5455925,165.75581994791668
Marimba,12,61,C#4,127,0.21022744791667947,165.5455925,165.75581994791668
Marimba,12,78,F#5,127,0.3863639583333338,165.81832,166.20468395833333
Marimba,12,71,B4,127,0.3977276041666755,165.81832,166.21604760416668
Marimba,12,75,D#5,127,0.40340942708331795,165.81832,166.22172942708332
Marimba,12,63,D#4,127,0.09659098958334766,166.22741125,166.32400223958334
Marimba,12,59,B3,127,0.09659098958334766,166.22741125,166.32400223958334
Marimba,12,78,F#5,127,0.2840911458333153,166.363775,166.64786614583332
Marimba,12,75,D#5,127,0.295454791666657,166.363775,166.65922979166666
Marimba,12,71,B4,127,0.30113661458332786,166.363775,166.66491161458333
Marimba,12,59,B3,127,0.1477273958333285,166.6365025,166.78422989583333
Marimba,12,63,D#4,127,0.1590910416666702,166.6365025,166.79559354166668
Marimba,12,73,C#5,127,0.38068213541666296,166.90923,167.28991213541667
Marimba,12,66,F#4,127,0.40340942708331795,166.90923,167.31263942708333
Marimba,12,70,A#4,127,0.40340942708331795,166.90923,167.31263942708333
Marimba,12,58,A#3,127,0.10795463541666095,167.31832125,167.42627588541666
Marimba,12,54,F#3,127,0.10795463541666095,167.31832125,167.42627588541666
Marimba,12,73,C#5,127,0.2727274999999736,167.454685,167.72741249999999
Marimba,12,66,F#4,127,0.27840932291664444,167.454685,167.73309432291666
Marimba,12,70,A#4,127,0.2840911458333153,167.454685,167.73877614583333
Marimba,12,54,F#3,127,0.14772739583335692,167.72741249999999,167.87513989583334
Marimba,12,58,A#3,127,0.15340921874999935,167.72741249999999,167.88082171874998
Marimba,12,73,C#5,127,0.3636366666666788,168.00014,168.36377666666667
Marimba,12,70,A#4,127,0.3693184895833497,168.00014,168.36945848958334
Marimba,12,66,F#4,127,0.3693184895833497,168.00014,168.36945848958334
Marimba,12,58,A#3,127,0.09090916666664839,168.40923125,168.50014041666665
Marimba,12,54,F#3,127,0.09659098958331924,168.40923125,168.50582223958332
Marimba,12,70,A#4,127,0.272727500000002,168.545595,168.8183225
Marimba,12,73,C#5,127,0.272727500000002,168.545595,168.8183225
Marimba,12,66,F#4,127,0.272727500000002,168.545595,168.8183225
Marimba,12,54,F#3,127,0.22159109374999275,168.8183225,169.03991359375
Marimba,12,58,A#3,127,0.22159109374999275,168.8183225,169.03991359375
Marimba,12,73,C#5,127,0.3636366666666788,169.09105,169.45468666666667
Marimba,12,80,G#5,127,0.3636366666666788,169.09105,169.45468666666667
Marimba,12,77,F5,127,0.3750003124999921,169.09105,169.4660503125
Marimba,12,65,F4,127,0.08522734375000596,169.50014124999998,169.58536859375
Marimba,12,61,C#4,127,0.09090916666667681,169.50014124999998,169.59105041666666
Marimba,12,73,C#5,127,0.27840932291667286,169.636505,169.91491432291667
Marimba,12,80,G#5,127,0.27840932291667286,169.636505,169.91491432291667
Marimba,12,77,F5,127,0.2840911458333437,169.636505,169.92059614583334
Marimba,12,65,F4,127,0.1818183333333252,169.9092325,170.09105083333333
Marimba,12,61,C#4,127,0.18750015624999605,169.9092325,170.09673265625
Marimba,12,78,F#5,127,0.35795484375000797,170.18196,170.53991484375
Marimba,12,71,B4,127,0.35795484375000797,170.18196,170.53991484375
Marimba,12,75,D#5,127,0.36931848958332125,170.18196,170.55127848958332
Marimba,12,63,D#4,127,0.09090916666667681,170.59105125,170.68196041666667
Marimba,12,59,B3,127,0.09659098958334766,170.59105125,170.68764223958334
Marimba,12,71,B4,127,0.32386390624998285,170.727415,171.05127890625
Marimba,12,78,F#5,127,0.33522755208332455,170.727415,171.06264255208333
Marimba,12,75,D#5,127,0.33522755208332455,170.727415,171.06264255208333
Marimba,12,63,D#4,127,0.1931819791666669,171.0001425,171.19332447916668
Marimba,12,59,B3,127,0.19886380208330934,171.0001425,171.19900630208332
Marimba,12,80,G#5,127,0.3636366666666504,171.27287,171.63650666666666
Marimba,12,77,F5,127,0.3636366666666504,171.27287,171.63650666666666
Marimba,12,73,C#5,127,0.36931848958332125,171.27287,171.64218848958333
Marimba,12,65,F4,127,0.1022728124999901,171.68196125,171.7842340625
Marimba,12,61,C#4,127,0.1022728124999901,171.68196125,171.7842340625
Marimba,12,80,G#5,127,0.2840911458333437,171.818325,172.10241614583333
Marimba,12,77,F5,127,0.28977296875001457,171.818325,172.10809796875
Marimba,12,73,C#5,127,0.2954547916666854,171.818325,172.11377979166667
Marimba,12,61,C#4,127,0.14204557291668607,172.0910525,172.23309807291668
Marimba,12,65,F4,127,0.1477273958333285,172.0910525,172.23877989583332
Marimba,12,73,C#5,127,0.3977276041666755,172.36378,172.76150760416667
Marimba,12,66,F#4,127,0.4034094270833464,172.36378,172.76718942708334
Marimba,12,70,A#4,127,0.4147730729166881,172.36378,172.77855307291668
Marimba,12,54,F#3,127,0.09090916666664839,172.77287125,172.86378041666666
Marimba,12,58,A#3,127,0.09090916666664839,172.77287125,172.86378041666666
Marimba,12,66,F#4,127,0.23295473958333446,172.909235,173.14218973958333
Marimba,12,70,A#4,127,0.2386365625000053,172.909235,173.1478715625
Marimba,12,73,C#5,127,0.24431838541667616,172.909235,173.15355338541667
Marimba,12,58,A#3,127,0.2159092708333219,173.1819625,173.39787177083332
Marimba,12,54,F#3,127,0.22159109374999275,173.1819625,173.40355359375
Marimba,12,80,G#5,127,0.34659119791666626,173.45469,173.80128119791667
Marimba,12,73,C#5,127,0.34659119791666626,173.45469,173.80128119791667
Marimba,12,77,F5,127,0.35795484375000797,173.45469,173.81264484375
Marimba,12,65,F4,127,0.06818187500002182,173.86378125,173.931963125
Marimba,12,61,C#4,127,0.06818187500002182,173.86378125,173.931963125
Marimba,12,73,C#5,127,0.26704567708333116,174.000145,174.26719067708333
Marimba,12,80,G#5,127,0.26704567708333116,174.000145,174.26719067708333
Marimba,12,77,F5,127,0.26704567708333116,174.000145,174.26719067708333
Marimba,12,65,F4,127,0.11931828125000266,174.2728725,174.39219078125
Marimba,12,61,C#4,127,0.1363637499999868,174.2728725,174.40923625
Marimba,12,65,F4,127,0.005681822916670853,174.40923625,174.41491807291666
Marimba,12,78,F#5,127,0.35795484374997955,174.5456,174.90355484375
Marimba,12,71,B4,127,0.36931848958332125,174.5456,174.91491848958333
Marimba,12,75,D#5,127,0.3750003124999921,174.5456,174.9206003125
Marimba,12,63,D#4,127,0.08522734375000596,174.95469125,175.03991859375
Marimba,12,59,B3,127,0.1022728124999901,174.95469125,175.0569640625
Marimba,12,71,B4,127,0.31250026041664114,175.091055,175.40355526041665
Marimba,12,75,D#5,127,0.318182083333312,175.091055,175.40923708333332
Marimba,12,78,F#5,127,0.318182083333312,175.091055,175.40923708333332
Marimba,12,59,B3,127,0.17613651041668277,175.36378249999999,175.53991901041667
Marimba,12,63,D#4,127,0.18181833333335362,175.36378249999999,175.54560083333334
Marimba,12,80,G#5,127,0.32386390625001127,175.63651,175.96037390625
Marimba,12,73,C#5,127,0.3295457291666821,175.63651,175.96605572916667
Marimba,12,77,F5,127,0.335227552083353,175.63651,175.97173755208334
Marimba,12,63,D#4,127,0.01704546874998414,176.04560125,176.06264671875
Marimba,12,65,F4,127,0.0681818749999934,176.04560125,176.113783125
Marimba,12,61,C#4,127,0.07386369791666425,176.04560125,176.11946494791667
Marimba,12,80,G#5,127,0.250000208333347,176.181965,176.43196520833334
Marimba,12,77,F5,127,0.25568203125001787,176.181965,176.43764703125
Marimba,12,73,C#5,127,0.2613638541666603,176.181965,176.44332885416665
Marimba,12,65,F4,127,0.13068192708334436,176.4546925,176.58537442708334
Marimba,12,61,C#4,127,0.14204557291668607,176.4546925,176.59673807291668
Marimba,12,73,C#5,127,0.35795484375000797,176.72742,177.08537484375
Marimba,12,66,F#4,127,0.3693184895833497,176.72742,177.09673848958334
Marimba,12,70,A#4,127,0.3750003124999921,176.72742,177.1024203125
Marimba,12,54,F#3,127,0.1136364583333318,177.13651125,177.25014770833334
Marimba,12,58,A#3,127,0.11931828124997423,177.13651125,177.25582953125
Marimba,12,66,F#4,127,0.26704567708333116,177.272875,177.53992067708333
Marimba,12,73,C#5,127,0.272727500000002,177.272875,177.5456025
Marimba,12,70,A#4,127,0.2840911458333437,177.272875,177.55696614583334
Marimba,12,58,A#3,127,0.22159109374999275,177.5456025,177.76719359375
Marimba,12,54,F#3,127,0.2386365625000053,177.5456025,177.7842390625
Marimba,12,80,G#5,127,0.28977296874998615,177.81833,178.10810296875
Marimba,12,73,C#5,127,0.295454791666657,177.81833,178.11378479166666
Marimba,12,77,F5,127,0.3068184374999987,177.81833,178.1251484375
Marimba,12,61,C#4,127,0.09090916666667681,178.22742125,178.31833041666667
Marimba,12,65,F4,127,0.09659098958334766,178.22742125,178.32401223958334
Marimba,12,73,C#5,127,0.28977296874998615,178.363785,178.65355796875
Marimba,12,80,G#5,127,0.28977296874998615,178.363785,178.65355796875
Marimba,12,77,F5,127,0.295454791666657,178.363785,178.65923979166666
Marimba,12,65,F4,127,0.1818183333333252,178.6365125,178.81833083333333
Marimba,12,61,C#4,127,0.1818183333333252,178.6365125,178.81833083333333
Marimba,12,78,F#5,127,0.39204578124997624,178.90924,179.30128578125
Marimba,12,71,B4,127,0.39204578124997624,178.90924,179.30128578125
Marimba,12,75,D#5,127,0.3977276041666471,178.90924,179.30696760416666
Marimba,12,59,B3,127,0.1022728124999901,179.31833125,179.4206040625
Marimba,12,63,D#4,127,0.10795463541666095,179.31833125,179.42628588541666
Marimba,12,78,F#5,127,0.2954547916666854,179.454695,179.75014979166667
Marimba,12,75,D#5,127,0.3068184374999987,179.454695,179.76151343749999
Marimba,12,71,B4,127,0.31250026041666956,179.454695,179.76719526041666
Marimba,12,63,D#4,127,0.19886380208333776,179.7274225,179.92628630208333
Marimba,12,59,B3,127,0.21590927083335032,179.7274225,179.94333177083334
Marimba,12,73,C#5,127,0.3750003125000205,180.00015,180.3751503125
Marimba,12,66,F#4,127,0.39204578125000467,180.00015,180.39219578125
Marimba,12,70,A#4,127,0.3977276041666755,180.00015,180.39787760416667
Marimba,12,58,A#3,127,0.1022728124999901,180.40924125,180.5115140625
Marimba,12,54,F#3,127,0.10795463541666095,180.40924125,180.51719588541667
Marimba,12,66,F#4,127,0.27840932291667286,180.545605,180.82401432291667
Marimba,12,73,C#5,127,0.27840932291667286,180.545605,180.82401432291667
Marimba,12,70,A#4,127,0.28977296875001457,180.545605,180.83537796875
Marimba,12,58,A#3,127,0.2159092708333219,180.8183325,181.03424177083332
Marimba,12,54,F#3,127,0.22159109374999275,180.8183325,181.03992359375
Marimba,12,73,C#5,127,0.3977276041666755,181.09106,181.48878760416667
Marimba,12,70,A#4,127,0.4034094270833464,181.09106,181.49446942708335
Marimba,12,66,F#4,127,0.4034094270833464,181.09106,181.49446942708335
Marimba,12,54,F#3,127,0.09090916666667681,181.50015125,181.59106041666666
Marimba,12,58,A#3,127,0.09659098958334766,181.50015125,181.59674223958334
Marimba,12,66,F#4,127,0.24431838541667616,181.636515,181.88083338541668
Marimba,12,70,A#4,127,0.25568203124998945,181.636515,181.89219703125
Marimba,12,73,C#5,127,0.2613638541666603,181.636515,181.89787885416666
Marimba,12,58,A#3,127,0.16477286458334106,181.9092425,182.07401536458335
Marimba,12,54,F#3,127,0.1818183333333252,181.9092425,182.09106083333333
Marimba,12,80,G#5,127,0.38068213541666296,182.18197,182.56265213541667
Marimba,12,73,C#5,127,0.3863639583333338,182.18197,182.56833395833334
Marimba,12,77,F5,127,0.39204578125000467,182.18197,182.57401578125
Marimba,12,65,F4,127,0.08522734375000596,182.59106125,182.67628859375
Marimba,12,61,C#4,127,0.08522734375000596,182.59106125,182.67628859375
Marimba,12,73,C#5,127,0.28977296874998615,182.727425,183.01719796875
Marimba,12,80,G#5,127,0.28977296874998615,182.727425,183.01719796875
Marimba,12,77,F5,127,0.295454791666657,182.727425,183.02287979166667
Marimba,12,65,F4,127,0.21022744791667947,183.00015249999998,183.21037994791666
Marimba,12,61,C#4,127,0.21022744791667947,183.00015249999998,183.21037994791666
Marimba,12,78,F#5,127,0.3863639583333338,183.27288,183.65924395833332
Marimba,12,71,B4,127,0.3977276041666755,183.27288,183.67060760416666
Marimba,12,75,D#5,127,0.4034094270833464,183.27288,183.67628942708333
Marimba,12,63,D#4,127,0.09659098958331924,183.68197125,183.77856223958332
Marimba,12,59,B3,127,0.09659098958331924,183.68197125,183.77856223958332
Marimba,12,78,F#5,127,0.2840911458333437,183.818335,184.10242614583333
Marimba,12,75,D#5,127,0.2954547916666854,183.818335,184.11378979166668
Marimba,12,71,B4,127,0.30113661458332786,183.818335,184.11947161458332
Marimba,12,59,B3,127,0.1477273958333285,184.0910625,184.23878989583332
Marimba,12,63,D#4,127,0.1590910416666702,184.0910625,184.25015354166666
Marimba,12,73,C#5,127,0.38068213541666296,184.36379,184.74447213541666
Marimba,12,66,F#4,127,0.4034094270833464,184.36379,184.76719942708334
Marimba,12,70,A#4,127,0.4034094270833464,184.36379,184.76719942708334
Marimba,12,58,A#3,127,0.10795463541666095,184.77288125,184.88083588541667
Marimba,12,54,F#3,127,0.10795463541666095,184.77288125,184.88083588541667
Marimba,12,73,C#5,127,0.272727500000002,184.909245,185.1819725
Marimba,12,66,F#4,127,0.27840932291667286,184.909245,185.18765432291667
Marimba,12,70,A#4,127,0.2840911458333437,184.909245,185.19333614583334
Marimba,12,54,F#3,127,0.1477273958333285,185.1819725,185.32969989583333
Marimba,12,58,A#3,127,0.15340921874999935,185.1819725,185.33538171875
Marimba,12,73,C#5,127,0.3636366666666504,185.4547,185.81833666666665
Marimba,12,70,A#4,127,0.36931848958332125,185.4547,185.82401848958332
Marimba,12,66,F#4,127,0.36931848958332125,185.4547,185.82401848958332
Marimba,12,58,A#3,127,0.09090916666667681,185.86379125,185.95470041666667
Marimba,12,54,F#3,127,0.09659098958334766,185.86379125,185.96038223958334
Marimba,12,70,A#4,127,0.272727500000002,186.000155,186.2728825
Marimba,12,73,C#5,127,0.272727500000002,186.000155,186.2728825
Marimba,12,66,F#4,127,0.272727500000002,186.000155,186.2728825
Marimba,12,54,F#3,127,0.22159109374999275,186.2728825,186.49447359375
Marimba,12,58,A#3,127,0.22159109374999275,186.2728825,186.49447359375
Marimba,12,80,G#5,127,0.3636366666666504,186.54561,186.90924666666666
Marimba,12,73,C#5,127,0.3636366666666504,186.54561,186.90924666666666
Marimba,12,77,F5,127,0.3750003124999921,186.54561,186.9206103125
Marimba,12,65,F4,127,0.08522734375000596,186.95470125,187.03992859375
Marimba,12,61,C#4,127,0.09090916666667681,186.95470125,187.04561041666668
Marimba,12,73,C#5,127,0.27840932291667286,187.091065,187.36947432291666
Marimba,12,80,G#5,127,0.27840932291667286,187.091065,187.36947432291666
Marimba,12,77,F5,127,0.2840911458333437,187.091065,187.37515614583333
Marimba,12,65,F4,127,0.18181833333335362,187.3637925,187.54561083333334
Marimba,12,61,C#4,127,0.18750015624999605,187.3637925,187.55129265624998
Marimba,12,78,F#5,127,0.35795484375000797,187.63652,187.99447484375
Marimba,12,71,B4,127,0.35795484375000797,187.63652,187.99447484375
Marimba,12,75,D#5,127,0.3693184895833497,187.63652,188.00583848958334
Marimba,12,63,D#4,127,0.09090916666664839,188.04561125,188.13652041666666
Marimba,12,59,B3,127,0.09659098958331924,188.04561125,188.14220223958333
Marimba,12,71,B4,127,0.32386390625001127,188.181975,188.50583890625
Marimba,12,78,F#5,127,0.33522755208332455,188.181975,188.51720255208332
Marimba,12,75,D#5,127,0.33522755208332455,188.181975,188.51720255208332
Marimba,12,63,D#4,127,0.1931819791666669,188.4547025,188.64788447916666
Marimba,12,59,B3,127,0.19886380208333776,188.4547025,188.65356630208333
Marimba,12,80,G#5,127,0.3636366666666788,188.72743,189.09106666666668
Marimba,12,77,F5,127,0.3636366666666788,188.72743,189.09106666666668
Marimba,12,73,C#5,127,0.36931848958332125,188.72743,189.09674848958332
Marimba,12,65,F4,127,0.10227281250001852,189.13652125,189.2387940625
Marimba,12,61,C#4,127,0.10227281250001852,189.13652125,189.2387940625
Marimba,12,80,G#5,127,0.2840911458333153,189.272885,189.55697614583332
Marimba,12,77,F5,127,0.28977296874998615,189.272885,189.56265796875
Marimba,12,73,C#5,127,0.295454791666657,189.272885,189.56833979166666
Marimba,12,61,C#4,127,0.14204557291665765,189.5456125,189.68765807291666
Marimba,12,65,F4,127,0.1477273958333285,189.5456125,189.69333989583333
Marimba,12,73,C#5,127,0.3977276041666471,189.81834,190.21606760416665
Marimba,12,66,F#4,127,0.40340942708331795,189.81834,190.22174942708332
Marimba,12,70,A#4,127,0.41477307291665966,189.81834,190.23311307291667
Marimba,12,54,F#3,127,0.09090916666667681,190.22743125,190.31834041666667
Marimba,12,58,A#3,127,0.09090916666667681,190.22743125,190.31834041666667
Marimba,12,66,F#4,127,0.23295473958333446,190.363795,190.59674973958334
Marimba,12,70,A#4,127,0.2386365624999769,190.363795,190.6024315625
Marimba,12,73,C#5,127,0.24431838541664774,190.363795,190.60811338541666
Marimba,12,58,A#3,127,0.2159092708333219,190.6365225,190.85243177083333
Marimba,12,54,F#3,127,0.22159109374999275,190.6365225,190.85811359375
Marimba,12,80,G#5,127,0.34659119791666626,190.90925,191.25584119791665
Marimba,12,73,C#5,127,0.34659119791666626,190.90925,191.25584119791665
Marimba,12,77,F5,127,0.35795484375000797,190.90925,191.26720484375
Marimba,12,65,F4,127,0.0681818749999934,191.31834125,191.386523125
Marimba,12,61,C#4,127,0.0681818749999934,191.31834125,191.386523125
Marimba,12,73,C#5,127,0.26704567708333116,191.454705,191.72175067708332
Marimba,12,80,G#5,127,0.26704567708333116,191.454705,191.72175067708332
Marimba,12,77,F5,127,0.26704567708333116,191.454705,191.72175067708332
Marimba,12,65,F4,127,0.11931828125000266,191.7274325,191.84675078125
Marimba,12,61,C#4,127,0.13636375000001522,191.7274325,191.86379625
Marimba,12,65,F4,127,0.005681822916670853,191.86379625,191.86947807291668
Marimba,12,78,F#5,127,0.35795484375000797,192.00016,192.35811484375
Marimba,12,71,B4,127,0.3693184895833497,192.00016,192.36947848958334
Marimba,12,75,D#5,127,0.3750003124999921,192.00016,192.3751603125
Marimba,12,63,D#4,127,0.08522734374997754,192.40925125,192.49447859375
Marimba,12,59,B3,127,0.1022728124999901,192.40925125,192.5115240625
Marimba,12,71,B4,127,0.31250026041666956,192.545615,192.85811526041667
Marimba,12,75,D#5,127,0.3181820833333404,192.545615,192.86379708333334
Marimba,12,78,F#5,127,0.3181820833333404,192.545615,192.86379708333334
Marimba,12,59,B3,127,0.17613651041665435,192.8183425,192.99447901041665
Marimba,12,63,D#4,127,0.1818183333333252,192.8183425,193.00016083333333
Marimba,12,80,G#5,127,0.33522755208332455,193.09107,193.42629755208333
Marimba,12,73,C#5,127,0.3409093749999954,193.09107,193.431979375
Marimba,12,77,F5,127,0.34659119791666626,193.09107,193.43766119791667
Marimba,12,61,C#4,127,0.0795455208333351,193.50016125,193.57970677083333
Marimba,12,65,F4,127,0.08522734375000596,193.50016125,193.58538859375
Marimba,12,73,C#5,127,0.26704567708333116,193.636525,193.90357067708334
Marimba,12,77,F5,127,0.272727500000002,193.636525,193.9092525
Marimba,12,80,G#5,127,0.2840911458333153,193.636525,193.92061614583332
Marimba,12,61,C#4,127,0.14204557291665765,193.9092525,194.05129807291667
Marimba,12,65,F4,127,0.1477273958333285,193.9092525,194.05697989583334
Marimba,12,70,A#4,127,0.33522755208332455,194.18198,194.51720755208333
Marimba,12,61,C#4,127,0.34659119791666626,194.18198,194.52857119791668
Marimba,12,66,F#4,127,0.34659119791666626,194.18198,194.52857119791668
Marimba,12,54,F#3,127,0.09659098958331924,194.59107125,194.68766223958332
Marimba,12,58,A#3,127,0.1022728124999901,194.59107125,194.6933440625
Marimba,12,70,A#4,127,0.24431838541667616,194.72743499999999,194.97175338541666
Marimba,12,66,F#4,127,0.250000208333347,194.72743499999999,194.97743520833333
Marimba,12,61,C#4,127,0.25568203125001787,194.72743499999999,194.98311703125
Marimba,12,54,F#3,127,0.13636375000001522,195.0001625,195.13652625
Marimba,12,58,A#3,127,0.14204557291668607,195.0001625,195.14220807291667
Marimba,12,63,D#4,127,0.3693184895833497,195.27289,195.64220848958334
Marimba,12,66,F#4,127,0.3750003125000205,195.27289,195.6478903125
Marimba,12,59,B3,127,0.38068213541666296,195.27289,195.65357213541665
Marimba,12,47,B2,127,0.1022728124999901,195.68198125,195.7842540625
Marimba,12,51,D#3,127,0.1022728124999901,195.68198125,195.7842540625
Marimba,12,59,B3,127,0.27840932291667286,195.818345,196.09675432291667
Marimba,12,66,F#4,127,0.2840911458333437,195.818345,196.10243614583334
Marimba,12,63,D#4,127,0.28977296875001457,195.818345,196.10811796875
Marimba,12,47,B2,127,0.1590910416666702,196.0910725,196.25016354166667
Marimba,12,51,D#3,127,0.17045468750001191,196.0910725,196.2615271875
Marimba,12,68,G#4,127,0.38068213541666296,196.3638,196.74448213541666
Marimba,12,65,F4,127,0.39204578125000467,196.3638,196.75584578125
Marimba,12,61,C#4,127,0.39204578125000467,196.3638,196.75584578125
Marimba,12,49,C#3,127,0.09659098958334766,196.77289125,196.86948223958333
Marimba,12,53,F3,127,0.10795463541668937,196.77289125,196.88084588541668
Marimba,12,68,G#4,127,0.27840932291667286,196.909255,197.18766432291667
Marimba,12,65,F4,127,0.28977296874998615,196.909255,197.19902796875
Marimba,12,61,C#4,127,0.28977296874998615,196.909255,197.19902796875
Marimba,12,49,C#3,127,0.1931819791666669,197.1819825,197.37516447916667
Marimba,12,53,F3,127,0.2045456250000086,197.1819825,197.386528125
Marimba,12,59,B3,127,0.33522755208332455,197.45471,197.78993755208333
Marimba,12,66,F#4,127,0.3409093749999954,197.45471,197.795619375
Marimba,12,63,D#4,127,0.3522730208333371,197.45471,197.80698302083334
Marimba,12,47,B2,127,0.1022728124999901,197.86380125,197.96607406249998
Marimba,12,51,D#3,127,0.1022728124999901,197.86380125,197.96607406249998
Marimba,12,59,B3,127,0.28977296874998615,198.000165,198.28993796875
Marimba,12,63,D#4,127,0.30113661458332786,198.000165,198.30130161458334
Marimba,12,66,F#4,127,0.30113661458332786,198.000165,198.30130161458334
Marimba,12,47,B2,127,0.13068192708331594,198.2728925,198.40357442708333
Marimba,12,51,D#3,127,0.1363637499999868,198.2728925,198.40925625
Marimba,12,70,A#4,127,0.3750003125000205,198.54561999999999,198.9206203125
Marimba,12,66,F#4,127,0.3863639583333338,198.54561999999999,198.93198395833332
Marimba,12,61,C#4,127,0.39204578125000467,198.54561999999999,198.93766578125
Marimba,12,54,F#3,127,0.0795455208333351,198.95471125,199.03425677083334
Marimba,12,58,A#3,127,0.0795455208333351,198.95471125,199.03425677083334
Marimba,12,70,A#4,127,0.2954547916666854,199.091075,199.38652979166667
Marimba,12,61,C#4,127,0.3068184374999987,199.091075,199.3978934375
Marimba,12,66,F#4,127,0.3068184374999987,199.091075,199.3978934375
Marimba,12,58,A#3,127,0.11931828125000266,199.3638025,199.48312078125
Marimba,12,54,F#3,127,0.1250001041666735,199.3638025,199.48880260416666
Marimba,12,66,F#4,127,0.3693184895833497,199.63653,200.00584848958334
Marimba,12,63,D#4,127,0.38068213541666296,199.63653,200.01721213541666
Marimba,12,59,B3,127,0.39204578125000467,199.63653,200.02857578125
Marimba,12,47,B2,127,0.09090916666664839,200.04562125,200.13653041666666
Marimba,12,51,D#3,127,0.09090916666664839,200.04562125,200.13653041666666
Marimba,12,59,B3,127,0.35795484375000797,200.181985,200.53993984375
Marimba,12,63,D#4,127,0.36931848958332125,200.181985,200.55130348958332
Marimba,12,66,F#4,127,0.3750003124999921,200.181985,200.5569853125
Marimba,12,51,D#3,127,0.1136364583333318,200.4547125,200.56834895833333
Marimba,12,47,B2,127,0.11931828125000266,200.4547125,200.57403078125
Marimba,12,68,G#4,127,0.3636366666666504,200.72744,201.09107666666665
Marimba,12,65,F4,127,0.36931848958332125,200.72744,201.09675848958332
Marimba,12,61,C#4,127,0.36931848958332125,200.72744,201.09675848958332
Marimba,12,53,F3,127,0.09090916666667681,201.13653125,201.22744041666667
Marimba,12,49,C#3,127,0.09659098958334766,201.13653125,201.23312223958334
Marimba,12,68,G#4,127,0.28977296874998615,201.272895,201.56266796875
Marimba,12,61,C#4,127,0.28977296874998615,201.272895,201.56266796875
Marimba,12,65,F4,127,0.295454791666657,201.272895,201.56834979166666
Marimba,12,53,F3,127,0.1477273958333285,201.5456225,201.69334989583334
Marimba,12,49,C#3,127,0.1590910416666702,201.5456225,201.70471354166668
Marimba,12,66,F#4,127,0.34659119791666626,201.81835,202.16494119791668
Marimba,12,59,B3,127,0.35795484374997955,201.81835,202.17630484375
Marimba,12,63,D#4,127,0.3636366666666504,201.81835,202.18198666666666
Marimba,12,51,D#3,127,0.09659098958331924,202.22744125,202.32403223958332
Marimba,12,47,B2,127,0.1022728124999901,202.22744125,202.3297140625
Marimba,12,66,F#4,127,0.30681843750002713,202.36380499999999,202.6706234375
Marimba,12,59,B3,127,0.30681843750002713,202.36380499999999,202.6706234375
Marimba,12,63,D#4,127,0.3181820833333404,202.36380499999999,202.68198708333333
Marimba,12,47,B2,127,0.16477286458334106,202.6365325,202.80130536458333
Marimba,12,51,D#3,127,0.17045468750001191,202.6365325,202.8069871875
Marimba,12,70,A#4,127,0.3636366666666788,202.90926,203.27289666666667
Marimba,12,61,C#4,127,0.3636366666666788,202.90926,203.27289666666667
Marimba,12,66,F#4,127,0.3693184895833497,202.90926,203.27857848958334
Marimba,12,54,F#3,127,0.09090916666664839,203.31835125,203.40926041666665
Marimba,12,58,A#3,127,0.1022728124999901,203.31835125,203.4206240625
Marimba,12,70,A#4,127,0.2840911458333437,203.454715,203.73880614583334
Marimba,12,66,F#4,127,0.28977296875001457,203.454715,203.74448796875
Marimba,12,61,C#4,127,0.2954547916666854,203.454715,203.75016979166668
Marimba,12,54,F#3,127,0.14204557291665765,203.7274425,203.86948807291665
Marimba,12,58,A#3,127,0.15340921874999935,203.7274425,203.88085171875
Marimba,12,66,F#4,127,0.36931848958332125,204.00017,204.36948848958332
Marimba,12,59,B3,127,0.38068213541666296,204.00017,204.38085213541666
Marimba,12,63,D#4,127,0.38068213541666296,204.00017,204.38085213541666
Marimba,12,51,D#3,127,0.10227281250001852,204.40926125,204.5115340625
Marimba,12,47,B2,127,0.10795463541668937,204.40926125,204.51721588541668
Marimba,12,59,B3,127,0.272727500000002,204.545625,204.8183525
Marimba,12,66,F#4,127,0.27840932291667286,204.545625,204.82403432291667
Marimba,12,63,D#4,127,0.27840932291667286,204.545625,204.82403432291667
Marimba,12,51,D#3,127,0.16477286458334106,204.8183525,204.98312536458334
Marimba,12,47,B2,127,0.17613651041665435,204.8183525,204.99448901041666
Marimba,12,70,A#4,127,0.3750003124999921,205.09108,205.4660803125
Marimba,12,61,C#4,127,0.3750003124999921,205.09108,205.4660803125
Marimba,12,66,F#4,127,0.3863639583333338,205.09108,205.47744395833334
Marimba,12,54,F#3,127,0.08522734375000596,205.50017125,205.58539859375
Marimba,12,58,A#3,127,0.08522734375000596,205.50017125,205.58539859375
Marimba,12,70,A#4,127,0.2840911458333153,205.636535,205.92062614583332
Marimba,12,61,C#4,127,0.2840911458333153,205.636535,205.92062614583332
Marimba,12,66,F#4,127,0.28977296874998615,205.636535,205.92630796875
Marimba,12,58,A#3,127,0.11931828124997423,205.9092625,206.02858078124999
Marimba,12,54,F#3,127,0.1250001041666451,205.9092625,206.03426260416666
Marimba,12,66,F#4,127,0.3806821354166914,206.18198999999998,206.56267213541668
Marimba,12,63,D#4,127,0.3863639583333338,206.18198999999998,206.56835395833332
Marimba,12,59,B3,127,0.3863639583333338,206.18198999999998,206.56835395833332
Marimba,12,51,D#3,127,0.06250005208332254,206.59108125,206.65358130208332
Marimba,12,47,B2,127,0.06250005208332254,206.59108125,206.65358130208332
Marimba,12,59,B3,127,0.27840932291667286,206.727445,207.00585432291666
Marimba,12,63,D#4,127,0.28977296875001457,206.727445,207.01721796875
Marimba,12,66,F#4,127,0.2954547916666854,206.727445,207.02289979166667
Marimba,12,47,B2,127,0.1136364583333318,207.0001725,207.11380895833332
Marimba,12,51,D#3,127,0.1136364583333318,207.0001725,207.11380895833332
Marimba,12,70,A#4,127,0.3636366666666788,207.2729,207.63653666666667
Marimba,12,61,C#4,127,0.3693184895833497,207.2729,207.64221848958334
Marimba,12,66,F#4,127,0.38068213541666296,207.2729,207.65358213541666
Marimba,12,56,G#3,127,0.05681822916665169,207.68199125,207.73880947916666
Marimba,12,54,F#3,127,0.0681818749999934,207.68199125,207.750173125
Marimba,12,70,A#4,127,0.3068184374999987,207.818355,208.1251734375
Marimba,12,61,C#4,127,0.3181820833333404,207.818355,208.13653708333334
Marimba,12,66,F#4,127,0.32386390625001127,207.818355,208.14221890625
Marimba,12,58,A#3,127,0.09659098958331924,208.0910825,208.18767348958332
Marimba,12,54,F#3,127,0.10795463541666095,208.0910825,208.19903713541666
Marimba,12,66,F#4,127,0.36931848958332125,208.36381,208.73312848958332
Marimba,12,59,B3,127,0.36931848958332125,208.36381,208.73312848958332
Marimba,12,63,D#4,127,0.38068213541666296,208.36381,208.74449213541666
Marimba,12,51,D#3,127,0.07386369791666425,208.77290125,208.84676494791665
Marimba,12,47,B2,127,0.0795455208333351,208.77290125,208.85244677083332
Marimba,12,59,B3,127,0.26704567708333116,208.909265,209.17631067708334
Marimba,12,66,F#4,127,0.272727500000002,208.909265,209.1819925
Marimba,12,63,D#4,127,0.272727500000002,208.909265,209.1819925
Marimba,12,51,D#3,127,0.10795463541666095,209.1819925,209.28994713541667
Marimba,12,47,B2,127,0.10795463541666095,209.1819925,209.28994713541667
Marimba,12,70,A#4,127,0.3636366666666504,209.45472,209.81835666666666
Marimba,12,61,C#4,127,0.36931848958332125,209.45472,209.82403848958333
Marimba,12,66,F#4,127,0.38068213541666296,209.45472,209.83540213541667
Marimba,12,58,A#3,127,0.07386369791666425,209.86381125,209.93767494791666
Marimba,12,54,F#3,127,0.07386369791666425,209.86381125,209.93767494791666
Marimba,12,70,A#4,127,0.27840932291667286,210.00017499999998,210.27858432291666
Marimba,12,61,C#4,127,0.28977296875001457,210.00017499999998,210.28994796875
Marimba,12,66,F#4,127,0.28977296875001457,210.00017499999998,210.28994796875
Marimba,12,58,A#3,127,0.10227281250001852,210.2729025,210.3751753125
Marimba,12,54,F#3,127,0.1136364583333318,210.2729025,210.38653895833332
Marimba,12,66,F#4,127,0.3863639583333338,210.54563,210.93199395833332
Marimba,12,59,B3,127,0.3863639583333338,210.54563,210.93199395833332
Marimba,12,63,D#4,127,0.3863639583333338,210.54563,210.93199395833332
Marimba,12,51,D#3,127,0.06250005208332254,210.95472125,211.01722130208333
Marimba,12,47,B2,127,0.0795455208333351,210.95472125,211.03426677083334
Marimba,12,66,F#4,127,0.26704567708333116,211.091085,211.35813067708332
Marimba,12,59,B3,127,0.26704567708333116,211.091085,211.35813067708332
Marimba,12,63,D#4,127,0.27840932291667286,211.091085,211.36949432291667
Marimba,12,51,D#3,127,0.10795463541666095,211.3638125,211.47176713541666
Marimba,12,47,B2,127,0.11931828125000266,211.3638125,211.48313078125
Marimba,12,61,C#4,127,0.3636366666666788,211.63654,212.00017666666668
Marimba,12,70,A#4,127,0.36931848958332125,211.63654,212.00585848958332
Marimba,12,66,F#4,127,0.3863639583333338,211.63654,212.02290395833333
Marimba,12,58,A#3,127,0.0795455208333351,212.04563124999999,212.12517677083332
Marimba,12,54,F#3,127,0.09090916666667681,212.04563124999999,212.13654041666666
Marimba,12,70,A#4,127,0.32386390625001127,212.181995,212.50585890625
Marimba,12,61,C#4,127,0.3295457291666537,212.181995,212.51154072916665
Marimba,12,66,F#4,127,0.33522755208332455,212.181995,212.51722255208333
Marimba,12,58,A#3,127,0.1022728124999901,212.4547225,212.5569953125
Marimba,12,54,F#3,127,0.1136364583333318,212.4547225,212.56835895833333
Marimba,12,66,F#4,127,0.3522730208333371,212.72745,213.07972302083334
Marimba,12,63,D#4,127,0.3636366666666504,212.72745,213.09108666666665
Marimba,12,59,B3,127,0.3636366666666504,212.72745,213.09108666666665
Marimba,12,51,D#3,127,0.0795455208333351,213.13654125,213.21608677083333
Marimba,12,47,B2,127,0.0795455208333351,213.13654125,213.21608677083333
Marimba,12,59,B3,127,0.2613638541666603,213.272905,213.53426885416667
Marimba,12,66,F#4,127,0.272727500000002,213.272905,213.5456325
Marimba,12,63,D#4,127,0.27840932291664444,213.272905,213.55131432291665
Marimba,12,51,D#3,127,0.13068192708331594,213.5456325,213.67631442708333
Marimba,12,47,B2,127,0.1477273958333285,213.5456325,213.69335989583334
Marimba,12,68,G#4,104,0.10795463541668937,213.81835999999998,213.92631463541667
Marimba,12,70,A#4,121,0.3693184895833497,213.81835999999998,214.18767848958333
Marimba,12,61,C#4,127,0.3693184895833497,213.81835999999998,214.18767848958333
Marimba,12,66,F#4,127,0.3806821354166914,213.81835999999998,214.19904213541668
Marimba,12,58,A#3,127,0.05113640625000926,214.22745125,214.27858765625
Marimba,12,54,F#3,127,0.0681818749999934,214.22745125,214.295633125
Marimba,12,63,D#4,95,0.08522734375000596,214.363815,214.44904234375
Marimba,12,70,A#4,127,0.28977296875001457,214.363815,214.65358796875
Marimba,12,61,C#4,106,0.3068184374999987,214.363815,214.6706334375
Marimba,12,66,F#4,127,0.3068184374999987,214.363815,214.6706334375
Marimba,12,58,A#3,127,0.10795463541666095,214.6365425,214.74449713541665
Marimba,12,54,F#3,127,0.1136364583333318,214.6365425,214.75017895833332
Marimba,12,66,F#4,127,0.3693184895833497,214.90927,215.27858848958334
Marimba,12,59,B3,127,0.3750003124999921,214.90927,215.28427031249998
Marimba,12,63,D#4,127,0.38068213541666296,214.90927,215.28995213541666
Marimba,12,51,D#3,127,0.0681818749999934,215.31836125,215.386543125
Marimba,12,47,B2,127,0.0795455208333351,215.31836125,215.39790677083334
Marimba,12,59,B3,127,0.27840932291667286,215.454725,215.73313432291667
Marimba,12,63,D#4,127,0.295454791666657,215.454725,215.75017979166665
Marimba,12,66,F#4,127,0.295454791666657,215.454725,215.75017979166665
Marimba,12,47,B2,127,0.1250001041666735,215.7274525,215.85245260416667
Marimba,12,51,D#3,127,0.13068192708334436,215.7274525,215.85813442708334
Marimba,12,61,C#4,127,0.3863639583333338,216.00018,216.38654395833333
Marimba,12,70,A#4,127,0.3977276041666755,216.00018,216.39790760416668
Marimba,12,66,F#4,127,0.3977276041666755,216.00018,216.39790760416668
Marimba,12,58,A#3,127,0.09090916666667681,216.40927125,216.50018041666667
Marimba,12,54,F#3,127,0.09659098958334766,216.40927125,216.50586223958334
Marimba,12,61,C#4,127,0.3068184374999987,216.545635,216.8524534375
Marimba,12,66,F#4,127,0.3068184374999987,216.545635,216.8524534375
Marimba,12,70,A#4,127,0.31250026041666956,216.545635,216.85813526041667
Marimba,12,58,A#3,127,0.13068192708331594,216.8183625,216.94904442708332
Marimba,12,54,F#3,127,0.1477273958333285,216.8183625,216.96608989583333
Marimba,12,66,F#4,127,0.40340942708331795,217.09109,217.49449942708333
Marimba,12,59,B3,127,0.4090912499999888,217.09109,217.50018125
Marimba,12,63,D#4,127,0.41477307291665966,217.09109,217.50586307291667
Marimba,12,51,D#3,127,0.09659098958334766,217.50018125,217.59677223958334
Marimba,12,47,B2,127,0.1022728124999901,217.50018125,217.6024540625
Marimba,12,59,B3,127,0.2840911458333153,217.636545,217.92063614583333
Marimba,12,66,F#4,127,0.295454791666657,217.636545,217.93199979166667
Marimba,12,63,D#4,127,0.30113661458332786,217.636545,217.93768161458334
Marimba,12,51,D#3,127,0.17045468750001191,217.9092725,218.0797271875
Marimba,12,47,B2,127,0.17613651041668277,217.9092725,218.08540901041667
Marimba,12,61,C#4,127,0.3863639583333338,218.182,218.56836395833332
Marimba,12,70,A#4,127,0.4034094270833464,218.182,218.58540942708333
Marimba,12,66,F#4,127,0.4090912500000172,218.182,218.59109125
Marimba,12,58,A#3,127,0.07386369791666425,218.59109125,218.66495494791667
Marimba,12,54,F#3,127,0.09659098958331924,218.59109125,218.68768223958332
Marimba,12,70,A#4,127,0.3068184374999987,218.727455,219.0342734375
Marimba,12,61,C#4,127,0.31250026041666956,218.727455,219.03995526041666
Marimba,12,66,F#4,127,0.3181820833333404,218.727455,219.04563708333333
Marimba,12,58,A#3,127,0.10795463541666095,219.0001825,219.10813713541665
Marimba,12,54,F#3,127,0.11931828125000266,219.0001825,219.11950078125
Marimba,12,66,F#4,127,0.3750003124999921,219.27291,219.6479103125
Marimba,12,63,D#4,127,0.3750003124999921,219.27291,219.6479103125
Marimba,12,59,B3,127,0.38068213541666296,219.27291,219.65359213541666
Marimba,12,51,D#3,127,0.07386369791669267,219.68200124999998,219.75586494791668
Marimba,12,47,B2,127,0.07386369791669267,219.68200124999998,219.75586494791668
Marimba,12,66,F#4,127,0.295454791666657,219.818365,220.11381979166666
Marimba,12,63,D#4,127,0.30113661458332786,219.818365,220.11950161458333
Marimba,12,59,B3,127,0.30113661458332786,219.818365,220.11950161458333
Marimba,12,47,B2,127,0.1250001041666735,220.0910925,220.21609260416668
Marimba,12,51,D#3,127,0.13068192708331594,220.0910925,220.22177442708332
Marimba,12,66,F#4,127,0.3522730208333371,237.81838,238.17065302083333
Marimba,12,61,C#4,127,0.3636366666666788,237.81838,238.18201666666667
Marimba,12,70,A#4,127,0.3636366666666788,237.81838,238.18201666666667
Marimba,12,68,G#4,127,0.2272729166666636,238.90929,239.13656291666666
Marimba,12,65,F4,127,0.23295473958333446,238.90929,239.14224473958333
Marimba,12,61,C#4,127,0.23295473958333446,238.90929,239.14224473958333
Marimba,12,61,C#4,127,0.28977296875001457,239.31838125,239.60815421875
Marimba,12,68,G#4,127,0.28977296875001457,239.31838125,239.60815421875
Marimba,12,65,F4,127,0.2954547916666854,239.31838125,239.61383604166667
Marimba,12,66,F#4,127,0.09090916666664839,239.7274725,239.81838166666665
Marimba,12,63,D#4,127,0.09659098958331924,239.7274725,239.82406348958332
Marimba,12,59,B3,127,0.11931828125000266,239.7274725,239.84679078125
Marimba,12,66,F#4,127,0.3636366666666504,240.0002,240.36383666666666
Marimba,12,59,B3,127,0.36931848958332125,240.0002,240.36951848958333
Marimba,12,63,D#4,127,0.3750003124999921,240.0002,240.3752003125
Marimba,12,47,B2,127,0.08522734375000596,240.40929125,240.49451859375
Marimba,12,51,D#3,127,0.09090916666667681,240.40929125,240.50020041666667
Marimba,12,59,B3,127,0.26704567708333116,240.545655,240.81270067708334
Marimba,12,63,D#4,127,0.2727274999999736,240.545655,240.81838249999998
Marimba,12,66,F#4,127,0.27840932291664444,240.545655,240.82406432291666
Marimba,12,47,B2,127,0.14772739583335692,240.81838249999998,240.96610989583334
Marimba,12,51,D#3,127,0.1590910416666702,240.81838249999998,240.97747354166665
Marimba,12,73,C#5,127,0.3693184895833497,241.09111,241.46042848958334
Marimba,12,70,A#4,127,0.3750003125000205,241.09111,241.4661103125
Marimba,12,66,F#4,127,0.3750003125000205,241.09111,241.4661103125
Marimba,12,54,F#3,127,0.09090916666664839,241.50020125,241.59111041666665
Marimba,12,58,A#3,127,0.09659098958331924,241.50020125,241.59679223958332
Marimba,12,70,A#4,127,0.28977296875001457,241.636565,241.92633796875
Marimba,12,73,C#5,127,0.28977296875001457,241.636565,241.92633796875
Marimba,12,66,F#4,127,0.2954547916666854,241.636565,241.93201979166668
Marimba,12,58,A#3,127,0.23295473958333446,241.9092925,242.14224723958333
Marimba,12,54,F#3,127,0.24431838541667616,241.9092925,242.15361088541667
Marimba,12,73,C#5,127,0.3977276041666755,242.18202,242.57974760416667
Marimba,12,70,A#4,127,0.4034094270833464,242.18202,242.58542942708334
Marimba,12,66,F#4,127,0.4034094270833464,242.18202,242.58542942708334
Marimba,12,54,F#3,127,0.09659098958331924,242.59111125,242.68770223958333
Marimba,12,58,A#3,127,0.1022728124999901,242.59111125,242.6933840625
Marimba,12,73,C#5,127,0.2840911458333437,242.727475,243.01156614583334
Marimba,12,70,A#4,127,0.28977296874998615,242.727475,243.01724796874998
Marimba,12,66,F#4,127,0.30113661458332786,242.727475,243.02861161458333
Marimba,12,54,F#3,127,0.16477286458334106,243.0002025,243.16497536458334
Marimba,12,58,A#3,127,0.1704546874999835,243.0002025,243.17065718749998
Marimba,12,68,G#4,127,0.3636366666666504,243.27293,243.63656666666665
Marimba,12,61,C#4,127,0.36931848958332125,243.27293,243.64224848958332
Marimba,12,65,F4,127,0.3750003124999921,243.27293,243.6479303125
Marimba,12,53,F3,127,0.0795455208333351,243.68202125,243.76156677083333
Marimba,12,49,C#3,127,0.08522734375000596,243.68202125,243.76724859375
Marimba,12,68,G#4,127,0.295454791666657,243.818385,244.11383979166666
Marimba,12,65,F4,127,0.30113661458332786,243.818385,244.11952161458333
Marimba,12,61,C#4,127,0.30113661458332786,243.818385,244.11952161458333
Marimba,12,53,F3,127,0.15340921874999935,244.0911125,244.24452171875
Marimba,12,49,C#3,127,0.1704546874999835,244.0911125,244.2615671875
Marimba,12,66,F#4,127,0.40340942708331795,244.36384,244.76724942708333
Marimba,12,59,B3,127,0.4090912499999888,244.36384,244.77293125
Marimba,12,63,D#4,127,0.4090912499999888,244.36384,244.77293125
Marimba,12,47,B2,127,0.09090916666667681,244.77293125,244.86384041666668
Marimba,12,51,D#3,127,0.09659098958331924,244.77293125,244.86952223958332
Marimba,12,59,B3,127,0.24431838541667616,244.909295,245.15361338541666
Marimba,12,63,D#4,127,0.2613638541666887,244.909295,245.17065885416667
Marimba,12,66,F#4,127,0.26704567708333116,244.909295,245.17634067708332
Marimba,12,51,D#3,127,0.17613651041668277,245.1820225,245.35815901041667
Marimba,12,47,B2,127,0.17613651041668277,245.1820225,245.35815901041667
Marimba,12,73,C#5,127,0.3693184895833497,245.45475,245.82406848958334
Marimba,12,70,A#4,127,0.39204578125000467,245.45475,245.84679578125
Marimba,12,66,F#4,127,0.39204578125000467,245.45475,245.84679578125
Marimba,12,58,A#3,127,0.08522734374997754,245.86384125,245.94906859374998
Marimba,12,54,F#3,127,0.09090916666664839,245.86384125,245.95475041666666
Marimba,12,73,C#5,127,0.272727500000002,246.000205,246.2729325
Marimba,12,70,A#4,127,0.27840932291667286,246.000205,246.27861432291667
Marimba,12,66,F#4,127,0.28977296875001457,246.000205,246.28997796875
Marimba,12,58,A#3,127,0.1136364583333318,246.2729325,246.38656895833333
Marimba,12,54,F#3,127,0.13068192708334436,246.2729325,246.40361442708334
Marimba,12,73,C#5,127,0.3977276041666755,246.54566,246.94338760416667
Marimba,12,70,A#4,127,0.3977276041666755,246.54566,246.94338760416667
Marimba,12,66,F#4,127,0.4090912499999888,246.54566,246.95475125
Marimba,12,58,A#3,127,0.08522734375000596,246.95475125,247.03997859375
Marimba,12,54,F#3,127,0.08522734375000596,246.95475125,247.03997859375
Marimba,12,73,C#5,127,0.272727500000002,247.091115,247.3638425
Marimba,12,70,A#4,127,0.27840932291667286,247.091115,247.36952432291667
Marimba,12,66,F#4,127,0.2840911458333153,247.091115,247.37520614583332
Marimba,12,58,A#3,127,0.1363637499999868,247.3638425,247.50020625
Marimba,12,54,F#3,127,0.1818183333333252,247.3638425,247.54566083333333
Marimba,12,65,F4,127,0.39204578125000467,247.63657,248.02861578125
Marimba,12,61,C#4,127,0.39204578125000467,247.63657,248.02861578125
Marimba,12,68,G#4,127,0.39204578125000467,247.63657,248.02861578125
Marimba,12,53,F3,127,0.0795455208333351,248.04566125,248.12520677083333
Marimba,12,49,C#3,127,0.08522734375000596,248.04566125,248.13088859375
Marimba,12,61,C#4,127,0.27840932291664444,248.182025,248.46043432291665
Marimba,12,68,G#4,127,0.27840932291664444,248.182025,248.46043432291665
Marimba,12,65,F4,127,0.2840911458333153,248.182025,248.46611614583333
Marimba,12,53,F3,127,0.19886380208330934,248.4547525,248.65361630208332
Marimba,12,49,C#3,127,0.2045456249999802,248.4547525,248.659298125
Marimba,12,66,F#4,127,0.3977276041666755,248.72747999999999,249.12520760416666
Marimba,12,63,D#4,127,0.4034094270833464,248.72747999999999,249.13088942708333
Marimba,12,59,B3,127,0.4034094270833464,248.72747999999999,249.13088942708333
Marimba,12,47,B2,127,0.08522734375000596,249.13657125,249.22179859375
Marimba,12,51,D#3,127,0.08522734375000596,249.13657125,249.22179859375
Marimba,12,59,B3,127,0.2613638541666887,249.272935,249.53429885416668
Marimba,12,66,F#4,127,0.26704567708333116,249.272935,249.53998067708332
Marimba,12,63,D#4,127,0.26704567708333116,249.272935,249.53998067708332
Marimba,12,51,D#3,127,0.21022744791667947,249.5456625,249.75588994791667
Marimba,12,47,B2,127,0.22159109374999275,249.5456625,249.76725359374998
Marimba,12,73,C#5,127,0.3750003124999921,249.81839,250.1933903125
Marimba,12,70,A#4,127,0.3863639583333338,249.81839,250.20475395833333
Marimba,12,66,F#4,127,0.39204578125000467,249.81839,250.21043578125
Marimba,12,58,A#3,127,0.08522734374997754,250.22748125,250.31270859375
Marimba,12,54,F#3,127,0.08522734374997754,250.22748125,250.31270859375
Marimba,12,73,C#5,127,0.27840932291667286,250.363845,250.64225432291667
Marimba,12,66,F#4,127,0.2840911458333437,250.363845,250.64793614583334
Marimba,12,70,A#4,127,0.28977296874998615,250.363845,250.65361796874998
Marimba,12,54,F#3,127,0.15340921874999935,250.6365725,250.78998171875
Marimba,12,58,A#3,127,0.15340921874999935,250.6365725,250.78998171875
Marimba,12,73,C#5,127,0.40340942708331795,250.9093,251.31270942708332
Marimba,12,66,F#4,127,0.4090912499999888,250.9093,251.31839125
Marimba,12,70,A#4,127,0.4090912499999888,250.9093,251.31839125
Marimba,12,54,F#3,127,0.07386369791666425,251.31839125,251.39225494791665
Marimba,12,58,A#3,127,0.08522734375000596,251.31839125,251.40361859375
Marimba,12,70,A#4,127,0.2840911458333153,251.454755,251.73884614583332
Marimba,12,73,C#5,127,0.2840911458333153,251.454755,251.73884614583332
Marimba,12,66,F#4,127,0.28977296874998615,251.454755,251.74452796875
Marimba,12,58,A#3,127,0.19886380208330934,251.7274825,251.92634630208332
Marimba,12,54,F#3,127,0.21022744791665104,251.7274825,251.93770994791666
Marimba,12,61,C#4,127,0.40340942708331795,252.00021,252.40361942708333
Marimba,12,68,G#4,127,0.40340942708331795,252.00021,252.40361942708333
Marimba,12,65,F4,127,0.4090912499999888,252.00021,252.40930125
Marimba,12,53,F3,127,0.0795455208333351,252.40930125,252.48884677083333
Marimba,12,49,C#3,127,0.08522734375000596,252.40930125,252.49452859375
Marimba,12,61,C#4,127,0.32386390625001127,252.54566499999999,252.86952890625
Marimba,12,68,G#4,127,0.32386390625001127,252.54566499999999,252.86952890625
Marimba,12,65,F4,127,0.3295457291666821,252.54566499999999,252.87521072916667
Marimba,12,53,F3,127,0.21590927083335032,252.8183925,253.03430177083334
Marimba,12,49,C#3,127,0.22159109375002117,252.8183925,253.03998359375
Marimba,12,66,F#4,127,0.4090912500000172,253.09112,253.50021125
Marimba,12,63,D#4,127,0.4147730729166881,253.09112,253.50589307291668
Marimba,12,59,B3,127,0.4204548958333305,253.09112,253.51157489583332
Marimba,12,47,B2,127,0.08522734374997754,253.50021125,253.58543859374998
Marimba,12,51,D#3,127,0.08522734374997754,253.50021125,253.58543859374998
Marimba,12,59,B3,127,0.30113661458332786,253.636575,253.93771161458332
Marimba,12,63,D#4,127,0.31250026041666956,253.636575,253.94907526041666
Marimba,12,66,F#4,127,0.3181820833333404,253.636575,253.95475708333333
Marimba,12,51,D#3,127,0.22159109374999275,253.9093025,254.13089359375
Marimba,12,47,B2,127,0.2272729166666636,253.9093025,254.13657541666666
Marimba,12,73,C#5,127,0.36931848958332125,254.18203,254.55134848958332
Marimba,12,70,A#4,127,0.38068213541666296,254.18203,254.56271213541666
Marimba,12,66,F#4,127,0.38068213541666296,254.18203,254.56271213541666
Marimba,12,58,A#3,127,0.08522734375000596,254.59112125,254.67634859375
Marimba,12,54,F#3,127,0.09090916666667681,254.59112125,254.68203041666666
Marimba,12,73,C#5,127,0.27840932291667286,254.727485,255.00589432291667
Marimba,12,70,A#4,127,0.2840911458333437,254.727485,255.01157614583335
Marimba,12,66,F#4,127,0.28977296874998615,254.727485,255.01725796875
Marimba,12,58,A#3,127,0.27840932291667286,255.0002125,255.27862182291668
Marimba,12,54,F#3,127,0.2840911458333153,255.0002125,255.28430364583332
Marimba,12,73,C#5,127,0.3977276041666471,255.27294,255.67066760416665
Marimba,12,70,A#4,127,0.4090912499999888,255.27294,255.68203125
Marimba,12,66,F#4,127,0.4090912499999888,255.27294,255.68203125
Marimba,12,54,F#3,127,0.0681818749999934,255.68203125,255.750213125
Marimba,12,58,A#3,127,0.08522734375000596,255.68203125,255.76725859375
Marimba,12,73,C#5,127,0.2727274999999736,255.818395,256.0911225
Marimba,12,70,A#4,127,0.2840911458333153,255.818395,256.1024861458333
Marimba,12,66,F#4,127,0.28977296875001457,255.818395,256.10816796875
Marimba,12,58,A#3,127,0.22159109375002117,256.0911225,256.31271359375
Marimba,12,54,F#3,127,0.2272729166666636,256.0911225,256.31839541666665
Marimba,12,68,G#4,127,0.4204548958333021,256.36385,256.7843048958333
Marimba,12,61,C#4,127,0.42613671875000136,256.36385,256.78998671875
Marimba,12,65,F4,127,0.4318185416666438,256.36385,256.79566854166666
Marimba,12,51,D#3,127,0.06250005208335097,256.77294125,256.8354413020833
Marimba,12,53,F3,127,0.08522734375003438,256.77294125,256.85816859375
Marimba,12,49,C#3,127,0.08522734375003438,256.77294125,256.85816859375
Marimba,12,68,G#4,127,0.30113661458329943,256.909305,257.2104416145833
Marimba,12,65,F4,127,0.3068184374999987,256.909305,257.2161234375
Marimba,12,61,C#4,127,0.31250026041664114,256.909305,257.22180526041666
Marimba,12,53,F3,127,0.1250001041666451,257.1820325,257.30703260416664
Marimba,12,49,C#3,127,0.14204557291668607,257.1820325,257.3240780729167
Marimba,12,59,B3,127,0.4090912499999604,257.45476,257.86385125
Marimba,12,66,F#4,127,0.4090912499999604,257.45476,257.86385125
Marimba,12,63,D#4,127,0.42613671875000136,257.45476,257.88089671875
Marimba,12,47,B2,127,0.09090916666667681,257.86385125,257.95476041666666
Marimba,12,51,D#3,127,0.10227281250001852,257.86385125,257.9661240625
Marimba,12,59,B3,127,0.2840911458333153,258.000215,258.28430614583334
Marimba,12,63,D#4,127,0.2897729687499577,258.000215,258.28998796875
Marimba,12,66,F#4,127,0.2897729687499577,258.000215,258.28998796875
Marimba,12,51,D#3,127,0.19886380208333776,258.2729425,258.47180630208334
Marimba,12,47,B2,127,0.21022744791667947,258.2729425,258.4831699479167
Marimba,12,73,C#5,127,0.3920457812500331,258.54567,258.93771578125
Marimba,12,70,A#4,127,0.3977276041666755,258.54567,258.94339760416665
Marimba,12,66,F#4,127,0.4034094270833748,258.54567,258.94907942708335
Marimba,12,54,F#3,127,0.0795455208333351,258.95476125,259.0343067708333
Marimba,12,58,A#3,127,0.0795455208333351,258.95476125,259.0343067708333
Marimba,12,73,C#5,127,0.27272750000003043,259.091125,259.3638525
Marimba,12,70,A#4,127,0.28409114583337214,259.091125,259.37521614583335
Marimba,12,66,F#4,127,0.28977296875001457,259.091125,259.38089796875
Marimba,12,58,A#3,127,0.2045456249999802,259.3638525,259.568398125
Marimba,12,54,F#3,127,0.21022744791667947,259.3638525,259.5740799479167
Marimba,12,70,A#4,127,0.3977276041666755,259.63658,260.03430760416666
Marimba,12,73,C#5,127,0.3977276041666755,259.63658,260.03430760416666
Marimba,12,66,F#4,127,0.4034094270833748,259.63658,260.03998942708336
Marimba,12,58,A#3,127,0.0795455208333351,260.04567125,260.12521677083333
Marimba,12,54,F#3,127,0.0795455208333351,260.04567125,260.12521677083333
Marimba,12,73,C#5,127,0.295454791666657,260.182035,260.47748979166664
Marimba,12,70,A#4,127,0.3011366145833563,260.182035,260.48317161458334
Marimba,12,66,F#4,127,0.3181820833333404,260.182035,260.5002170833333
Marimba,12,58,A#3,127,0.19318197916663848,260.4547625,260.64794447916665
Marimba,12,54,F#3,127,0.21022744791662262,260.4547625,260.66498994791664
Marimba,12,68,G#4,127,0.3920457812500331,260.72749,261.11953578125
Marimba,12,65,F4,127,0.40340942708331795,260.72749,261.1308994270833
Marimba,12,61,C#4,127,0.40340942708331795,260.72749,261.1308994270833
Marimba,12,53,F3,127,0.0795455208333351,261.13658125,261.21612677083334
Marimba,12,49,C#3,127,0.08522734374997754,261.13658125,261.22180859375
Marimba,12,68,G#4,127,0.3181820833333404,261.272945,261.59112708333333
Marimba,12,65,F4,127,0.3295457291666821,261.272945,261.6024907291667
Marimba,12,61,C#4,127,0.33522755208332455,261.272945,261.6081725520833
Marimba,12,53,F3,127,0.18181833333329678,261.5456725,261.7274908333333
Marimba,12,49,C#3,127,0.19318197916663848,261.5456725,261.73885447916666
Marimba,12,66,F#4,127,0.4090912500000172,261.8184,262.22749125
Marimba,12,59,B3,127,0.42045489583335893,261.8184,262.23885489583336
Marimba,12,63,D#4,127,0.42045489583335893,261.8184,262.23885489583336
Marimba,12,51,D#3,127,0.09659098958331924,262.22749125,262.32408223958333
Marimba,12,47,B2,127,0.09659098958331924,262.22749125,262.32408223958333
Marimba,12,63,D#4,127,0.26704567708333116,262.363855,262.63090067708333
Marimba,12,59,B3,127,0.26704567708333116,262.363855,262.63090067708333
Marimba,12,66,F#4,127,0.26704567708333116,262.363855,262.63090067708333
Marimba,12,51,D#3,127,0.1761365104167112,262.6365825,262.8127190104167
Marimba,12,47,B2,127,0.18181833333335362,262.6365825,262.8184008333333
Marimba,12,73,C#5,127,0.3693184895833497,262.90931,263.27862848958335
Marimba,12,66,F#4,127,0.39204578124997624,262.90931,263.30135578125
Marimba,12,70,A#4,127,0.39204578124997624,262.90931,263.30135578125
Marimba,12,58,A#3,127,0.09090916666661997,263.31840125,263.40931041666664
Marimba,12,54,F#3,127,0.09090916666661997,263.31840125,263.40931041666664
Marimba,12,66,F#4,127,0.30113661458329943,263.454765,263.7559016145833
Marimba,12,70,A#4,127,0.3068184374999987,263.454765,263.7615834375
Marimba,12,73,C#5,127,0.3068184374999987,263.454765,263.7615834375
Marimba,12,58,A#3,127,0.17045468750001191,263.7274925,263.8979471875
Marimba,12,54,F#3,127,0.17613651041665435,263.7274925,263.90362901041664
Marimba,12,73,C#5,127,0.3977276041666755,264.00022,264.3979476041667
Marimba,12,70,A#4,127,0.3977276041666755,264.00022,264.3979476041667
Marimba,12,66,F#4,127,0.4090912499999604,264.00022,264.40931125
Marimba,12,58,A#3,127,0.08522734375003438,264.40931125,264.49453859375
Marimba,12,54,F#3,127,0.08522734375003438,264.40931125,264.49453859375
Marimba,12,73,C#5,127,0.2727274999999736,264.545675,264.8184025
Marimba,12,70,A#4,127,0.27840932291667286,264.545675,264.8240843229167
Marimba,12,66,F#4,127,0.2840911458333153,264.545675,264.82976614583333
Marimba,12,58,A#3,127,0.1363637499999868,264.8184025,264.95476625
Marimba,12,54,F#3,127,0.18181833333335362,264.8184025,265.00022083333334
Marimba,12,68,G#4,127,0.39204578124997624,265.09113,265.48317578125
Marimba,12,61,C#4,127,0.39204578124997624,265.09113,265.48317578125
Marimba,12,65,F4,127,0.39204578124997624,265.09113,265.48317578125
Marimba,12,53,F3,127,0.0795455208333351,265.50022125,265.5797667708333
Marimba,12,49,C#3,127,0.08522734375003438,265.50022125,265.58544859375
Marimba,12,61,C#4,127,0.278409322916616,265.636585,265.91499432291664
Marimba,12,68,G#4,127,0.278409322916616,265.636585,265.91499432291664
Marimba,12,65,F4,127,0.2840911458333153,265.636585,265.92067614583334
Marimba,12,53,F3,127,0.19886380208333776,265.9093125,266.10817630208334
Marimba,12,49,C#3,127,0.2045456249999802,265.9093125,266.113858125
Marimba,12,66,F#4,127,0.3977276041666755,266.18204,266.57976760416665
Marimba,12,63,D#4,127,0.4034094270833748,266.18204,266.58544942708335
Marimba,12,59,B3,127,0.4034094270833748,266.18204,266.58544942708335
Marimba,12,47,B2,127,0.08522734375003438,266.59113125,266.67635859375
Marimba,12,51,D#3,127,0.08522734375003438,266.59113125,266.67635859375
Marimba,12,59,B3,127,0.2613638541666887,266.727495,266.98885885416666
Marimba,12,66,F#4,127,0.26704567708333116,266.727495,266.9945406770833
Marimba,12,63,D#4,127,0.26704567708333116,266.727495,266.9945406770833
Marimba,12,51,D#3,127,0.21022744791667947,267.0002225,267.2104499479167
Marimba,12,47,B2,127,0.22159109374996433,267.0002225,267.22181359374997
Marimba,12,73,C#5,127,0.3750003124999921,267.27295,267.6479503125
Marimba,12,70,A#4,127,0.3863639583333338,267.27295,267.6593139583333
Marimba,12,66,F#4,127,0.3920457812500331,267.27295,267.66499578125
Marimba,12,58,A#3,127,0.08522734374997754,267.68204125,267.76726859375
Marimba,12,54,F#3,127,0.08522734374997754,267.68204125,267.76726859375
Marimba,12,73,C#5,127,0.27840932291667286,267.818405,268.09681432291666
Marimba,12,66,F#4,127,0.28409114583337214,267.818405,268.10249614583336
Marimba,12,70,A#4,127,0.28977296875001457,267.818405,268.10817796875
Marimba,12,54,F#3,127,0.15340921874997093,268.0911325,268.24454171875
Marimba,12,58,A#3,127,0.15340921874997093,268.0911325,268.24454171875
Marimba,12,73,C#5,127,0.40340942708331795,268.36386,268.7672694270833
Marimba,12,66,F#4,127,0.4090912500000172,268.36386,268.77295125
Marimba,12,70,A#4,127,0.4090912500000172,268.36386,268.77295125
Marimba,12,54,F#3,127,0.07386369791663583,268.77295125,268.84681494791664
Marimba,12,58,A#3,127,0.08522734374997754,268.77295125,268.85817859375
Marimba,12,70,A#4,127,0.2840911458333153,268.909315,269.1934061458333
Marimba,12,73,C#5,127,0.2840911458333153,268.909315,269.1934061458333
Marimba,12,66,F#4,127,0.28977296875001457,268.909315,269.19908796875
Marimba,12,58,A#3,127,0.19886380208328092,269.1820425,269.3809063020833
Marimba,12,54,F#3,127,0.21022744791662262,269.1820425,269.39226994791665
Marimba,12,61,C#4,127,0.40340942708331795,269.45477,269.8581794270833
Marimba,12,68,G#4,127,0.40340942708331795,269.45477,269.8581794270833
Marimba,12,65,F4,127,0.4090912500000172,269.45477,269.86386125
Marimba,12,53,F3,127,0.0795455208333351,269.86386125,269.94340677083335
Marimba,12,49,C#3,127,0.08522734374997754,269.86386125,269.94908859375
Marimba,12,61,C#4,127,0.32386390624998285,270.000225,270.32408890625
Marimba,12,68,G#4,127,0.32386390624998285,270.000225,270.32408890625
Marimba,12,65,F4,127,0.3295457291666821,270.000225,270.3297707291667
Marimba,12,53,F3,127,0.21590927083337874,270.2729525,270.48886177083335
Marimba,12,49,C#3,127,0.22159109375002117,270.2729525,270.49454359375
Marimba,12,66,F#4,127,0.4090912500000172,270.54568,270.95477125
Marimba,12,63,D#4,127,0.41477307291665966,270.54568,270.96045307291666
Marimba,12,59,B3,127,0.4204548958333021,270.54568,270.9661348958333
Marimba,12,47,B2,127,0.08522734374997754,270.95477125,271.03999859375
Marimba,12,51,D#3,127,0.08522734374997754,270.95477125,271.03999859375
Marimba,12,59,B3,127,0.30113661458329943,271.091135,271.3922716145833
Marimba,12,63,D#4,127,0.31250026041664114,271.091135,271.40363526041665
Marimba,12,66,F#4,127,0.3181820833333404,271.091135,271.40931708333335
Marimba,12,51,D#3,127,0.22159109375002117,271.3638625,271.58545359375
Marimba,12,47,B2,127,0.2272729166666636,271.3638625,271.59113541666665
Marimba,12,73,C#5,127,0.36931848958329283,271.63659,272.0059084895833
Marimba,12,66,F#4,127,0.38068213541663454,271.63659,272.01727213541665
Marimba,12,70,A#4,127,0.38068213541663454,271.63659,272.01727213541665
Marimba,12,58,A#3,127,0.08522734375003438,272.04568125,272.13090859375
Marimba,12,54,F#3,127,0.09090916666667681,272.04568125,272.13659041666665
Marimba,12,73,C#5,127,0.27840932291667286,272.182045,272.4604543229167
Marimba,12,70,A#4,127,0.2840911458333153,272.182045,272.46613614583333
Marimba,12,66,F#4,127,0.2897729687499577,272.182045,272.47181796875
Marimba,12,58,A#3,127,0.27840932291667286,272.4547725,272.73318182291666
Marimba,12,54,F#3,127,0.2840911458333153,272.4547725,272.7388636458333
Marimba,12,73,C#5,127,0.3977276041666187,272.7275,273.12522760416664
Marimba,12,70,A#4,127,0.4090912499999604,272.7275,273.13659125
Marimba,12,66,F#4,127,0.4090912499999604,272.7275,273.13659125
Marimba,12,54,F#3,127,0.0681818749999934,273.13659125,273.204773125
Marimba,12,58,A#3,127,0.08522734375003438,273.13659125,273.22181859375
Marimba,12,73,C#5,127,0.2727274999999736,273.272955,273.5456825
Marimba,12,70,A#4,127,0.2840911458333153,273.272955,273.55704614583334
Marimba,12,66,F#4,127,0.2897729687499577,273.272955,273.56272796875
Marimba,12,58,A#3,127,0.22159109375002117,273.5456825,273.76727359375
Marimba,12,54,F#3,127,0.2272729166666636,273.5456825,273.77295541666666
Marimba,12,68,G#4,127,0.42045489583335893,273.81841,274.23886489583333
Marimba,12,61,C#4,127,0.42613671875000136,273.81841,274.24454671875
Marimba,12,65,F4,127,0.43181854166670064,273.81841,274.2502285416667
Marimba,12,51,D#3,127,0.06250005208335097,274.22750125,274.29000130208334
Marimba,12,53,F3,127,0.08522734375003438,274.22750125,274.31272859375
Marimba,12,49,C#3,127,0.08522734375003438,274.22750125,274.31272859375
Marimba,12,68,G#4,127,0.3011366145833563,274.363865,274.66500161458333
Marimba,12,65,F4,127,0.3068184374999987,274.363865,274.6706834375
Marimba,12,61,C#4,127,0.312500260416698,274.363865,274.6763652604167
Marimba,12,53,F3,127,0.1250001041666451,274.6365925,274.76159260416665
Marimba,12,49,C#3,127,0.14204557291668607,274.6365925,274.7786380729167
Marimba,12,59,B3,127,0.4090912500000172,274.90932,275.31841125
Marimba,12,66,F#4,127,0.4090912500000172,274.90932,275.31841125
Marimba,12,63,D#4,127,0.42613671875000136,274.90932,275.33545671875
Marimba,12,47,B2,127,0.09090916666667681,275.31841125,275.4093204166667
Marimba,12,51,D#3,127,0.10227281250001852,275.31841125,275.4206840625
Marimba,12,59,B3,127,0.28409114583337214,275.454775,275.73886614583336
Marimba,12,63,D#4,127,0.28977296875001457,275.454775,275.74454796875
Marimba,12,66,F#4,127,0.28977296875001457,275.454775,275.74454796875
Marimba,12,51,D#3,127,0.19886380208333776,275.7275025,275.92636630208335
Marimba,12,47,B2,127,0.21022744791662262,275.7275025,275.93772994791664
Marimba,12,73,C#5,127,0.34659119791666626,276.00023,276.34682119791665
Marimba,12,70,A#4,127,0.35795484375000797,276.00023,276.35818484375
Marimba,12,66,F#4,127,0.3636366666666504,276.00023,276.36386666666664
Marimba,12,54,F#3,127,0.09090916666667681,276.40932125,276.5002304166667
Marimba,12,58,A#3,127,0.10227281250001852,276.40932125,276.5115940625
Marimba,12,73,C#5,127,0.26704567708333116,276.545685,276.8127306770833
Marimba,12,70,A#4,127,0.27272750000003043,276.545685,276.8184125
Marimba,12,66,F#4,127,0.27840932291667286,276.545685,276.82409432291666
Marimba,12,54,F#3,127,0.26704567708333116,276.8184125,277.08545817708335
Marimba,12,58,A#3,127,0.2727274999999736,276.8184125,277.09114
Marimba,12,73,C#5,127,0.3693184895833497,277.09114,277.46045848958335
Marimba,12,66,F#4,127,0.3806821354166914,277.09114,277.4718221354167
Marimba,12,70,A#4,127,0.3806821354166914,277.09114,277.4718221354167
Marimba,12,54,F#3,127,0.09659098958331924,277.50023125,277.59682223958333
Marimba,12,58,A#3,127,0.10795463541666095,277.50023125,277.6081858854167
Marimba,12,73,C#5,127,0.26704567708333116,277.636595,277.90364067708333
Marimba,12,70,A#4,127,0.27840932291667286,277.636595,277.9150043229167
Marimba,12,66,F#4,127,0.27840932291667286,277.636595,277.9150043229167
Marimba,12,54,F#3,127,0.19318197916669533,277.9093225,278.10250447916667
Marimba,12,58,A#3,127,0.19886380208333776,277.9093225,278.1081863020833
Marimba,12,66,F#4,127,0.3693184895833497,278.18205,278.55136848958335
Marimba,12,59,B3,127,0.38068213541663454,278.18205,278.56273213541664
Marimba,12,63,D#4,127,0.3863639583333338,278.18205,278.56841395833334
Marimba,12,51,D#3,127,0.09659098958331924,278.59114125,278.68773223958334
Marimba,12,47,B2,127,0.10227281249996167,278.59114125,278.6934140625
Marimba,12,59,B3,127,0.27840932291667286,278.727505,279.0059143229167
Marimba,12,66,F#4,127,0.27840932291667286,278.727505,279.0059143229167
Marimba,12,63,D#4,127,0.28977296875001457,278.727505,279.01727796875
Marimba,12,51,D#3,127,0.27272750000003043,279.0002325,279.27296
Marimba,12,47,B2,127,0.27272750000003043,279.0002325,279.27296
Marimba,12,68,G#4,127,0.3750003124999921,279.27296,279.6479603125
Marimba,12,61,C#4,127,0.38068213541663454,279.27296,279.65364213541665
Marimba,12,65,F4,127,0.39204578124997624,279.27296,279.66500578125
Marimba,12,49,C#3,127,0.09090916666667681,279.68205125,279.77296041666665
Marimba,12,53,F3,127,0.10795463541671779,279.68205125,279.7900058854167
Marimba,12,68,G#4,127,0.2727274999999736,279.818415,280.0911425
Marimba,12,61,C#4,127,0.27840932291667286,279.818415,280.0968243229167
Marimba,12,65,F4,127,0.2840911458333153,279.818415,280.10250614583333
Marimba,12,53,F3,127,0.21022744791667947,280.0911425,280.30136994791667
Marimba,12,49,C#3,127,0.21022744791667947,280.0911425,280.30136994791667
Marimba,12,66,F#4,127,0.38068213541663454,280.36387,280.74455213541665
Marimba,12,59,B3,127,0.3863639583333338,280.36387,280.75023395833335
Marimba,12,63,D#4,127,0.39204578124997624,280.36387,280.75591578125
Marimba,12,51,D#3,127,0.0795455208333351,280.77296125,280.8525067708333
Marimba,12,47,B2,127,0.08522734375003438,280.77296125,280.85818859375
Marimba,12,59,B3,127,0.26704567708333116,280.909325,281.17637067708336
Marimba,12,63,D#4,127,0.2840911458333153,280.909325,281.19341614583334
Marimba,12,66,F#4,127,0.2897729687499577,280.909325,281.19909796875
Marimba,12,47,B2,127,0.1590910416666702,281.1820525,281.34114354166667
Marimba,12,51,D#3,127,0.1590910416666702,281.1820525,281.34114354166667
Marimba,12,66,F#4,127,0.3863639583333338,281.45477999999997,281.8411439583333
Marimba,12,73,C#5,127,0.3920457812500331,281.45477999999997,281.84682578125
Marimba,12,70,A#4,127,0.3920457812500331,281.45477999999997,281.84682578125
Marimba,12,54,F#3,127,0.09090916666667681,281.86387125,281.95478041666667
Marimba,12,58,A#3,127,0.09090916666667681,281.86387125,281.95478041666667
Marimba,12,73,C#5,127,0.26704567708333116,282.000235,282.2672806770833
Marimba,12,70,A#4,127,0.27272750000003043,282.000235,282.2729625
Marimba,12,66,F#4,127,0.27840932291667286,282.000235,282.27864432291665
Marimba,12,58,A#3,127,0.19318197916663848,282.2729625,282.46614447916664
Marimba,12,54,F#3,127,0.2045456249999802,282.2729625,282.477508125
Marimba,12,66,F#4,127,0.3693184895833497,282.54569,282.91500848958333
Marimba,12,59,B3,127,0.3750003124999921,282.54569,282.92069031249997
Marimba,12,63,D#4,127,0.3806821354166914,282.54569,282.92637213541667
Marimba,12,47,B2,127,0.09659098958331924,282.95478125,283.0513722395833
Marimba,12,51,D#3,127,0.10227281250001852,282.95478125,283.0570540625
Marimba,12,59,B3,127,0.295454791666657,283.091145,283.38659979166664
Marimba,12,66,F#4,127,0.295454791666657,283.091145,283.38659979166664
Marimba,12,63,D#4,127,0.3068184374999987,283.091145,283.3979634375
Marimba,12,51,D#3,127,0.2386365625000053,283.3638725,283.6025090625
Marimba,12,47,B2,127,0.2386365625000053,283.3638725,283.6025090625
Marimba,12,68,G#4,127,0.3806821354166914,283.6366,284.0172821354167
Marimba,12,61,C#4,127,0.3863639583333338,283.6366,284.0229639583333
Marimba,12,65,F4,127,0.3920457812500331,283.6366,284.02864578125
Marimba,12,53,F3,127,0.09090916666667681,284.04569125,284.1366004166667
Marimba,12,49,C#3,127,0.09090916666667681,284.04569125,284.1366004166667
Marimba,12,68,G#4,127,0.28977296875001457,284.182055,284.47182796875
Marimba,12,61,C#4,127,0.3011366145833563,284.182055,284.48319161458335
Marimba,12,65,F4,127,0.3011366145833563,284.182055,284.48319161458335
Marimba,12,53,F3,127,0.2045456249999802,284.4547825,284.659328125
Marimba,12,49,C#3,127,0.2045456249999802,284.4547825,284.659328125
Marimba,12,66,F#4,127,0.3977276041666755,284.72751,285.12523760416667
Marimba,12,59,B3,127,0.3977276041666755,284.72751,285.12523760416667
Marimba,12,63,D#4,127,0.40340942708331795,284.72751,285.1309194270833
Marimba,12,47,B2,127,0.09659098958331924,285.13660125,285.23319223958333
Marimba,12,51,D#3,127,0.10227281249996167,285.13660125,285.2388740625
Marimba,12,59,B3,127,0.25568203124998945,285.272965,285.52864703125
Marimba,12,63,D#4,127,0.2727274999999736,285.272965,285.5456925
Marimba,12,66,F#4,127,0.27840932291667286,285.272965,285.5513743229167
Marimba,12,47,B2,127,0.13636375000004364,285.5456925,285.68205625
Marimba,12,51,D#3,127,0.13636375000004364,285.5456925,285.68205625
Marimba,12,73,C#5,127,0.3863639583333338,285.81842,286.20478395833334
Marimba,12,66,F#4,127,0.3977276041666755,285.81842,286.2161476041667
Marimba,12,70,A#4,127,0.3977276041666755,285.81842,286.2161476041667
Marimba,12,54,F#3,127,0.08522734374997754,286.22751125,286.31273859375
Marimba,12,58,A#3,127,0.09090916666661997,286.22751125,286.31842041666664
Marimba,12,73,C#5,127,0.2613638541666319,286.363875,286.62523885416664
Marimba,12,70,A#4,127,0.2840911458333153,286.363875,286.6479661458333
Marimba,12,66,F#4,127,0.2840911458333153,286.363875,286.6479661458333
Marimba,12,58,A#3,127,0.1590910416666702,286.6366025,286.79569354166665
Marimba,12,54,F#3,127,0.17045468750001191,286.6366025,286.8070571875
Marimba,12,66,F#4,127,0.38068213541663454,286.90933,287.29001213541665
Marimba,12,59,B3,127,0.3863639583333338,286.90933,287.29569395833335
Marimba,12,63,D#4,127,0.39204578124997624,286.90933,287.30137578125
Marimba,12,51,D#3,127,0.09090916666667681,287.31842125,287.40933041666665
Marimba,12,47,B2,127,0.10227281250001852,287.31842125,287.4206940625
Marimba,12,66,F#4,127,0.2840911458333153,287.454785,287.73887614583333
Marimba,12,59,B3,127,0.2897729687499577,287.454785,287.74455796875
Marimba,12,63,D#4,127,0.295454791666657,287.454785,287.7502397916667
Marimba,12,51,D#3,127,0.2386365625000053,287.7275125,287.9661490625
Marimba,12,47,B2,127,0.24431838541664774,287.7275125,287.97183088541664
Marimba,12,61,C#4,127,0.39204578124997624,288.00024,288.39228578125
Marimba,12,68,G#4,127,0.3977276041666187,288.00024,288.39796760416664
Marimba,12,65,F4,127,0.40340942708331795,288.00024,288.40364942708334
Marimba,12,53,F3,127,0.08522734375003438,288.40933125,288.49455859375
Marimba,12,49,C#3,127,0.09659098958337609,288.40933125,288.50592223958336
Marimba,12,68,G#4,127,0.26704567708333116,288.545695,288.81274067708335
Marimba,12,65,F4,127,0.2727274999999736,288.545695,288.8184225
Marimba,12,61,C#4,127,0.278409322916616,288.545695,288.82410432291664
Marimba,12,53,F3,127,0.22159109375002117,288.8184225,289.04001359375
Marimba,12,49,C#3,127,0.2272729166666636,288.8184225,289.04569541666666
Marimba,12,66,F#4,127,0.3863639583333338,289.09114999999997,289.4775139583333
Marimba,12,59,B3,127,0.3920457812500331,289.09114999999997,289.48319578125
Marimba,12,63,D#4,127,0.4034094270833748,289.09114999999997,289.49455942708335
Marimba,12,51,D#3,127,0.10227281250001852,289.50024125,289.6025140625
Marimba,12,47,B2,127,0.10795463541666095,289.50024125,289.60819588541665
Marimba,12,59,B3,127,0.27272750000003043,289.636605,289.9093325
Marimba,12,66,F#4,127,0.28977296875001457,289.636605,289.92637796875
Marimba,12,63,D#4,127,0.28977296875001457,289.636605,289.92637796875
Marimba,12,51,D#3,127,0.17613651041665435,289.9093325,290.08546901041666
Marimba,12,47,B2,127,0.18181833333335362,289.9093325,290.09115083333336
Marimba,12,66,F#4,127,0.3806821354166914,290.18206,290.56274213541667
Marimba,12,73,C#5,127,0.3863639583333338,290.18206,290.5684239583333
Marimba,12,70,A#4,127,0.3977276041666755,290.18206,290.57978760416665
Marimba,12,54,F#3,127,0.10227281250001852,290.59115125,290.6934240625
Marimba,12,58,A#3,127,0.10227281250001852,290.59115125,290.6934240625
Marimba,12,73,C#5,127,0.2386365625000053,290.727515,290.9661515625
Marimba,12,66,F#4,127,0.250000208333347,290.727515,290.97751520833333
Marimba,12,70,A#4,127,0.250000208333347,290.727515,290.97751520833333
Marimba,12,58,A#3,127,0.1590910416666702,291.0002425,291.1593335416667
Marimba,12,54,F#3,127,0.16477286458331264,291.0002425,291.1650153645833
Marimba,12,59,B3,127,0.3750003124999921,291.27297,291.6479703125
Marimba,12,66,F#4,127,0.3806821354166914,291.27297,291.6536521354167
Marimba,12,63,D#4,127,0.3863639583333338,291.27297,291.6593339583333
Marimba,12,51,D#3,127,0.07386369791663583,291.68206125,291.75592494791664
Marimba,12,47,B2,127,0.0795455208333351,291.68206125,291.76160677083334
Marimba,12,66,F#4,127,0.28977296875001457,291.818425,292.10819796875
Marimba,12,59,B3,127,0.28977296875001457,291.818425,292.10819796875
Marimba,12,63,D#4,127,0.295454791666657,291.818425,292.11387979166665
Marimba,12,51,D#3,127,0.17045468749995507,292.0911525,292.2616071875
Marimba,12,47,B2,127,0.18181833333329678,292.0911525,292.2729708333333
Marimba,12,61,C#4,127,0.3693184895833497,292.36388,292.73319848958334
Marimba,12,68,G#4,127,0.3750003124999921,292.36388,292.7388803125
Marimba,12,65,F4,127,0.3806821354166914,292.36388,292.7445621354167
Marimba,12,53,F3,127,0.09659098958331924,292.77297125,292.86956223958333
Marimba,12,49,C#3,127,0.10227281249996167,292.77297125,292.8752440625
Marimba,12,68,G#4,127,0.295454791666657,292.909335,293.20478979166666
Marimba,12,65,F4,127,0.3011366145833563,292.909335,293.21047161458335
Marimba,12,61,C#4,127,0.3068184374999987,292.909335,293.2161534375
Marimba,12,53,F3,127,0.17045468750001191,293.1820625,293.3525171875
Marimba,12,49,C#3,127,0.17045468750001191,293.1820625,293.3525171875
Marimba,12,59,B3,127,0.3750003124999921,293.45479,293.8297903125
Marimba,12,66,F#4,127,0.3750003124999921,293.45479,293.8297903125
Marimba,12,63,D#4,127,0.38068213541663454,293.45479,293.83547213541664
Marimba,12,51,D#3,127,0.09659098958331924,293.86388125,293.96047223958334
Marimba,12,47,B2,127,0.10795463541666095,293.86388125,293.9718358854167
Marimba,12,59,B3,127,0.3068184374999987,294.000245,294.3070634375
Marimba,12,63,D#4,127,0.32386390624998285,294.000245,294.32410890625
Marimba,12,66,F#4,127,0.3295457291666821,294.000245,294.3297907291667
Marimba,12,51,D#3,127,0.15340921875002778,294.2729725,294.42638171875
Marimba,12,47,B2,127,0.17045468750001191,294.2729725,294.4434271875
Marimba,12,70,A#4,127,0.31250026041664114,294.5457,294.85820026041665
Marimba,12,73,C#5,127,0.31250026041664114,294.5457,294.85820026041665
Marimba,12,66,F#4,127,0.3181820833333404,294.5457,294.86388208333335
Trombone,57,54,F#3,127,0.10795463541667516,106.90917999999999,107.01713463541667
Trombone,57,54,F#3,127,0.10795463541667516,107.1819075,107.28986213541667
Trombone,57,58,A#3,127,0.35795484375000797,107.454635,107.81258984375
Trombone,57,54,F#3,127,0.0909091666666626,107.86372625,107.95463541666666
Trombone,57,53,F3,127,0.0795455208333351,108.00009,108.07963552083334
Trombone,57,53,F3,127,0.1022728125000043,108.13645375,108.2387265625
Trombone,57,53,F3,127,0.35795484374999376,108.40918125,108.76713609375
Trombone,57,54,F#3,127,0.09659098958333345,111.27282,111.36941098958333
Trombone,57,54,F#3,127,0.09659098958333345,111.5455475,111.64213848958333
Trombone,57,58,A#3,127,0.3522730208333371,111.818275,112.17054802083334
Trombone,57,54,F#3,127,0.0909091666666626,112.22736625,112.31827541666667
Trombone,57,53,F3,127,0.0909091666666626,112.36373,112.45463916666667
Trombone,57,53,F3,127,0.1022728124999901,112.50009375,112.6023665625
Trombone,57,53,F3,127,0.409091250000003,112.77282124999999,113.1819125
Trombone,57,54,F#3,127,0.10795463541666095,237.81838,237.92633463541665
Trombone,57,54,F#3,127,0.10795463541666095,238.0911075,238.19906213541665
Trombone,57,58,A#3,127,0.35795484375000797,238.363835,238.72178984375
Trombone,57,54,F#3,127,0.09090916666664839,238.77292625,238.86383541666666
Trombone,57,53,F3,127,0.0795455208333351,238.90929,238.98883552083333
Trombone,57,53,F3,127,0.10227281250001852,239.04565374999999,239.1479265625
Trombone,57,53,F3,127,0.35795484375000797,239.31838125,239.67633609375
Trombone,57,54,F#3,127,0.09659098958334766,242.18202,242.27861098958334
Trombone,57,54,F#3,127,0.09659098958334766,242.4547475,242.55133848958334
Trombone,57,58,A#3,127,0.3522730208333371,242.727475,243.07974802083334
Trombone,57,54,F#3,127,0.09090916666667681,243.13656625,243.22747541666666
Trombone,57,53,F3,127,0.09090916666664839,243.27293,243.36383916666665
Trombone,57,53,F3,127,0.10227281250001852,243.40929375,243.5115665625
Trombone,57,53,F3,127,0.4090912500000172,243.68202125,244.0911125
Trombone,57,57,A3,127,0.20454562500003703,285.5456925,285.750238125
Trombone,57,53,F3,127,0.26704567708333116,285.5456925,285.8127381770833
Trombone,57,58,A#3,127,0.11931828125000266,285.81842,285.93773828125
Trombone,57,54,F#3,127,0.1250001041666451,285.81842,285.94342010416665
Trombone,57,54,F#3,127,0.11931828125000266,286.0911475,286.21046578125
Trombone,57,58,A#3,127,0.12500010416670193,286.0911475,286.2161476041667
Trombone,57,51,D#3,127,0.1590910416666702,286.6366025,286.79569354166665
Trombone,57,59,B3,127,0.16477286458336948,286.6366025,286.80137536458335
Trombone,57,54,F#3,127,0.13068192708334436,287.04569375,287.17637567708334
Trombone,57,63,D#4,127,0.1363637499999868,287.04569375,287.1820575
Trombone,57,51,D#3,127,0.20454562500003703,287.31842125,287.522966875
Trombone,57,59,B3,127,0.2613638541666887,287.31842125,287.57978510416666
Trombone,57,55,G3,127,0.2613638541666887,287.7275125,287.9888763541667
Trombone,57,52,E3,127,0.26704567708333116,287.7275125,287.9945581770833
Trombone,57,53,F3,127,0.13068192708328752,288.00024,288.1309219270833
Trombone,57,56,G#3,127,0.1363637499999868,288.00024,288.13660375
Trombone,57,53,F3,127,0.1250001041666451,288.2729675,288.39796760416664
Trombone,57,56,G#3,127,0.1477273958333285,288.2729675,288.4206948958333
Trombone,57,56,G#3,127,0.1363637499999868,288.8184225,288.95478625
Trombone,57,59,B3,127,0.1590910416666702,288.8184225,288.97751354166667
Trombone,57,59,B3,127,0.11931828125000266,289.22751375,289.34683203125
Trombone,57,63,D#4,127,0.1590910416666702,289.22751375,289.3866047916667
Trombone,57,59,B3,127,0.3011366145833563,289.50024125,289.80137786458334
Trombone,57,56,G#3,127,0.3068184374999987,289.50024125,289.8070596875
Trombone,57,53,F3,127,0.24431838541664774,289.9093325,290.15365088541665
Trombone,57,57,A3,127,0.24431838541664774,289.9093325,290.15365088541665
Trombone,57,58,A#3,127,0.12500010416670193,290.18206,290.3070601041667
Trombone,57,54,F#3,127,0.13636375000004364,290.18206,290.31842375
Trombone,57,54,F#3,127,0.1250001041666451,290.4547875,290.57978760416665
Trombone,57,58,A#3,127,0.15340921874997093,290.4547875,290.60819671875
Trombone,57,51,D#3,127,0.1250001041666451,291.0002425,291.12524260416666
Trombone,57,59,B3,127,0.24431838541664774,291.0002425,291.24456088541666
Trombone,57,54,F#3,127,0.10795463541671779,291.40933375,291.5172883854167
Trombone,57,63,D#4,127,0.14204557291668607,291.40933375,291.55137932291666
Trombone,57,51,D#3,127,0.30113661458329943,291.68206125,291.9831978645833
Trombone,57,59,B3,127,0.32386390624998285,291.68206125,292.00592515625
Trombone,57,55,G3,127,0.2272729166666636,292.0911525,292.3184254166667
Trombone,57,52,E3,127,0.2500002083332902,292.0911525,292.3411527083333
Trombone,57,53,F3,127,0.10227281250001852,292.36388,292.4661528125
Trombone,57,56,G#3,127,0.11363645833336022,292.36388,292.47751645833335
Trombone,57,53,F3,127,0.11931828124994581,292.6366075,292.75592578124997
Trombone,57,56,G#3,127,0.1477273958333285,292.6366075,292.78433489583335
Trombone,57,56,G#3,127,0.14772739583338534,293.1820625,293.32978989583336
Trombone,57,59,B3,127,0.20454562500003703,293.1820625,293.386608125
Trombone,57,59,B3,127,0.12500010416670193,293.59115375,293.7161538541667
Trombone,57,63,D#4,127,0.1363637499999868,293.59115375,293.7275175
Trombone,57,59,B3,127,0.42613671875000136,293.86388125,294.29001796875
Trombone,57,56,G#3,127,0.42613671875000136,293.86388125,294.29001796875
Trombone,57,66,F#4,127,0.8068188541666661,10.9091,11.715918854166667
Trombone,57,61,C#4,127,0.15340921875000113,11.7272825,11.88069171875
Trombone,57,63,D#4,127,0.21590927083333433,12.00001,12.215919270833334
Trombone,57,61,C#4,127,0.17613651041666678,12.2727375,12.448874010416667
Trombone,57,59,B3,127,0.3693184895833337,12.545465,12.914783489583334
Trombone,57,63,D#4,127,0.15909104166666665,12.95455625,13.113647291666666
Trombone,57,61,C#4,127,0.14204557291666653,13.22728375,13.369329322916666
Trombone,57,56,G#3,127,1.6534104687499998,13.50001125,15.15342171875
Trombone,57,66,F#4,127,0.7784097395833331,15.27274,16.051149739583334
Trombone,57,61,C#4,127,0.1931819791666669,16.0909225,16.28410447916667
Trombone,57,63,D#4,127,0.21022744791666526,16.36365,16.573877447916665
Trombone,57,61,C#4,127,0.2045456250000015,16.6363775,16.840923125
Trombone,57,59,B3,127,0.3750003124999992,16.909105,17.2841053125
Trombone,57,63,D#4,127,0.21590927083333256,17.31819625,17.534105520833332
Trombone,57,61,C#4,127,1.5454558333333352,17.590923749999998,19.136379583333333
Trombone,57,57,A3,127,0.20454562499999795,19.3636525,19.568198125
Trombone,57,53,F3,127,0.26704567708333116,19.3636525,19.63069817708333
Trombone,57,58,A#3,127,0.1193182812499991,19.63638,19.755698281249998
Trombone,57,54,F#3,127,0.1250001041666664,19.63638,19.761380104166665
Trombone,57,54,F#3,127,0.1193182812499991,19.9091075,20.02842578125
Trombone,57,58,A#3,127,0.1250001041666664,19.9091075,20.034107604166667
Trombone,57,51,D#3,127,0.15909104166666665,20.4545625,20.613653541666668
Trombone,57,59,B3,127,0.1647728645833304,20.4545625,20.619335364583332
Trombone,57,54,F#3,127,0.1306819270833337,20.86365375,20.994335677083335
Trombone,57,63,D#4,127,0.13636374999999745,20.86365375,21.0000175
Trombone,57,51,D#3,127,0.2045456250000015,21.13638125,21.340926875
Trombone,57,59,B3,127,0.2613638541666674,21.13638125,21.397745104166667
Trombone,57,55,G3,127,0.2613638541666674,21.5454725,21.806836354166666
Trombone,57,52,E3,127,0.2670456770833347,21.5454725,21.812518177083334
Trombone,57,53,F3,127,0.1306819270833337,21.8182,21.948881927083335
Trombone,57,56,G#3,127,0.13636374999999745,21.8182,21.95456375
Trombone,57,53,F3,127,0.1250001041666664,22.0909275,22.215927604166666
Trombone,57,56,G#3,127,0.14772739583333205,22.0909275,22.23865489583333
Trombone,57,56,G#3,127,0.136363750000001,22.6363825,22.77274625
Trombone,57,59,B3,127,0.15909104166666665,22.6363825,22.795473541666667
Trombone,57,59,B3,127,0.1193182812499991,23.04547375,23.16479203125
Trombone,57,63,D#4,127,0.15909104166666665,23.04547375,23.204564791666666
Trombone,57,59,B3,127,0.3011366145833314,23.31820125,23.619337864583333
Trombone,57,56,G#3,127,0.3068184374999987,23.31820125,23.6250196875
Trombone,57,53,F3,127,0.2443183854166655,23.7272925,23.971610885416666
Trombone,57,57,A3,127,0.2443183854166655,23.7272925,23.971610885416666
Trombone,57,58,A#3,127,0.1250001041666664,24.00002,24.125020104166666
Trombone,57,54,F#3,127,0.136363750000001,24.00002,24.13638375
Trombone,57,54,F#3,127,0.1250001041666664,24.2727475,24.397747604166668
Trombone,57,58,A#3,127,0.15340921874999935,24.2727475,24.42615671875
Trombone,57,51,D#3,127,0.12500010416666996,24.818202499999998,24.943202604166668
Trombone,57,59,B3,127,0.24431838541666906,24.818202499999998,25.062520885416667
Trombone,57,54,F#3,127,0.1079546354166645,25.22729375,25.335248385416666
Trombone,57,63,D#4,127,0.14204557291666475,25.22729375,25.369339322916666
Trombone,57,51,D#3,127,0.30113661458333496,25.50002125,25.801157864583335
Trombone,57,59,B3,127,0.3238639062500006,25.50002125,25.82388515625
Trombone,57,55,G3,127,0.22727291666666716,25.9091125,26.136385416666666
Trombone,57,52,E3,127,0.2500002083333328,25.9091125,26.159112708333332
Trombone,57,53,F3,127,0.1022728124999972,26.18184,26.2841128125
Trombone,57,56,G#3,127,0.1136364583333318,26.18184,26.295476458333333
Trombone,57,53,F3,127,0.1193182812499991,26.4545675,26.57388578125
Trombone,57,56,G#3,127,0.14772739583333205,26.4545675,26.60229489583333
Trombone,57,56,G#3,127,0.14772739583333205,27.0000225,27.147749895833332
Trombone,57,59,B3,127,0.2045456250000015,27.0000225,27.204568125
Trombone,57,59,B3,127,0.1250001041666664,27.40911375,27.534113854166666
Trombone,57,63,D#4,127,0.136363750000001,27.40911375,27.5454775
Trombone,57,59,B3,127,0.4261367187499978,27.68184125,28.10797796875
Trombone,57,56,G#3,127,0.4261367187499978,27.68184125,28.10797796875
Trombone,57,37,C#2,127,0.8352279687500008,30.2727525,31.10798046875
Trombone,57,56,G#3,127,0.10227281250000075,31.090934999999998,31.1932078125
Trombone,57,59,B3,127,0.11363645833333536,31.090934999999998,31.204571458333334
Trombone,57,58,A#3,127,0.09659098958333345,31.22729875,31.323889739583333
Trombone,57,61,C#4,127,0.10795463541666805,31.22729875,31.335253385416667
Trombone,57,54,F#3,127,0.1136364583333318,31.77275375,31.88639020833333
Trombone,57,49,C#3,127,0.1136364583333318,31.77275375,31.88639020833333
Trombone,57,54,F#3,127,0.09659098958333345,32.04548125,32.142072239583335
Trombone,57,58,A#3,127,0.1022728124999972,32.04548125,32.1477540625
Trombone,57,59,B3,127,0.09659098958333345,32.31820875,32.41479973958333
Trombone,57,56,G#3,127,0.11931828125000266,32.31820875,32.43752703125
Trombone,57,58,A#3,127,0.11931828125000266,32.4545725,32.57389078125
Trombone,57,61,C#4,127,0.2954547916666712,32.4545725,32.75002729166667
Trombone,57,37,C#2,127,0.9204553125000032,34.6363925,35.5568478125
Trombone,57,56,G#3,127,0.1136364583333318,35.454575,35.56821145833333
Trombone,57,59,B3,127,0.1136364583333318,35.454575,35.56821145833333
Trombone,57,58,A#3,127,0.1022728124999972,35.59093875,35.6932115625
Trombone,57,61,C#4,127,0.1136364583333318,35.59093875,35.70457520833333
Trombone,57,54,F#3,127,0.10795463541666805,36.136393749999996,36.244348385416664
Trombone,57,49,C#3,127,0.1250001041666735,36.136393749999996,36.26139385416667
Trombone,57,58,A#3,127,0.09659098958333345,36.40912125,36.50571223958333
Trombone,57,54,F#3,127,0.1022728125000043,36.40912125,36.5113940625
Trombone,57,59,B3,127,0.09659098958333345,36.68184875,36.778439739583334
Trombone,57,56,G#3,127,0.1136364583333318,36.68184875,36.79548520833333
Trombone,57,58,A#3,127,0.1818183333333323,36.8182125,37.000030833333334
Trombone,57,61,C#4,127,0.23295473958333446,36.8182125,37.051167239583336
Trombone,57,58,A#3,127,0.1136364583333318,40.77276125,40.886397708333334
Trombone,57,61,C#4,127,0.11931828124999555,40.77276125,40.89207953125
Trombone,57,59,B3,127,0.0681818750000005,41.04548875,41.113670625
Trombone,57,56,G#3,127,0.0681818750000005,41.04548875,41.113670625
Trombone,57,58,A#3,127,0.136363750000001,41.1818525,41.31821625
Trombone,57,61,C#4,127,0.14204557291667186,41.1818525,41.32389807291667
Trombone,57,61,C#4,127,0.1022728125000043,44.86367375,44.9659465625
Trombone,57,58,A#3,127,0.1022728125000043,44.86367375,44.9659465625
Trombone,57,59,B3,127,0.0795455208333351,45.13640125,45.215946770833334
Trombone,57,63,D#4,127,0.0795455208333351,45.13640125,45.215946770833334
Trombone,57,61,C#4,127,0.0681818750000005,45.40912875,45.477310625
Trombone,57,65,F4,127,0.0681818750000005,45.40912875,45.477310625
Trombone,57,63,D#4,127,0.1022728124999972,45.5454925,45.6477653125
Trombone,57,66,F#4,127,0.11931828124999555,45.5454925,45.66481078125
Trombone,57,37,C#2,127,0.8352279687500044,47.7273125,48.56254046875
Trombone,57,56,G#3,127,0.1022728124999972,48.545495,48.6477678125
Trombone,57,59,B3,127,0.1136364583333318,48.545495,48.659131458333334
Trombone,57,58,A#3,127,0.09659098958333345,48.681858749999996,48.77844973958333
Trombone,57,61,C#4,127,0.10795463541666805,48.681858749999996,48.789813385416664
Trombone,57,54,F#3,127,0.1136364583333318,49.22731375,49.34095020833333
Trombone,57,49,C#3,127,0.1136364583333318,49.22731375,49.34095020833333
Trombone,57,54,F#3,127,0.09659098958333345,49.50004125,49.596632239583336
Trombone,57,58,A#3,127,0.1022728124999972,49.50004125,49.6023140625
Trombone,57,59,B3,127,0.09659098958333345,49.77276875,49.86935973958333
Trombone,57,56,G#3,127,0.11931828125000266,49.77276875,49.89208703125
Trombone,57,58,A#3,127,0.11931828125000266,49.9091325,50.02845078125
Trombone,57,61,C#4,127,0.2954547916666712,49.9091325,50.20458729166667
Trombone,57,37,C#2,127,0.9204553124999961,52.0909525,53.011407812499996
Trombone,57,56,G#3,127,0.1136364583333318,52.909135,53.02277145833333
Trombone,57,59,B3,127,0.1136364583333318,52.909135,53.02277145833333
Trombone,57,58,A#3,127,0.1022728124999972,53.04549875,53.1477715625
Trombone,57,61,C#4,127,0.1136364583333318,53.04549875,53.15913520833333
Trombone,57,54,F#3,127,0.10795463541666805,53.59095375,53.698908385416665
Trombone,57,49,C#3,127,0.1250001041666664,53.59095375,53.71595385416666
Trombone,57,58,A#3,127,0.09659098958333345,53.86368125,53.96027223958333
Trombone,57,54,F#3,127,0.1022728124999972,53.86368125,53.965954062499996
Trombone,57,59,B3,127,0.09659098958333345,54.13640875,54.232999739583335
Trombone,57,56,G#3,127,0.1136364583333318,54.13640875,54.25004520833333
Trombone,57,58,A#3,127,0.1818183333333323,54.2727725,54.454590833333334
Trombone,57,61,C#4,127,0.23295473958332735,54.2727725,54.50572723958333
Trombone,57,57,A3,127,0.2045456249999944,63.0000525,63.204598125
Trombone,57,53,F3,127,0.26704567708333116,63.0000525,63.267098177083334
Trombone,57,58,A#3,127,0.11931828125000266,63.27278,63.39209828125
Trombone,57,54,F#3,127,0.1250001041666664,63.27278,63.397780104166664
Trombone,57,54,F#3,127,0.11931828125000266,63.5455075,63.66482578125
Trombone,57,58,A#3,127,0.1250001041666664,63.5455075,63.670507604166666
Trombone,57,51,D#3,127,0.159091041666656,64.0909625,64.25005354166666
Trombone,57,59,B3,127,0.16477286458332685,64.0909625,64.25573536458333
Trombone,57,54,F#3,127,0.13068192708333015,64.50005375,64.63073567708334
Trombone,57,63,D#4,127,0.1363637499999868,64.50005375,64.6364175
Trombone,57,51,D#3,127,0.2045456250000086,64.77278125,64.977326875
Trombone,57,59,B3,127,0.2613638541666745,64.77278125,65.03414510416667
Trombone,57,55,G3,127,0.2613638541666745,65.1818725,65.44323635416667
Trombone,57,52,E3,127,0.26704567708333116,65.1818725,65.44891817708333
Trombone,57,53,F3,127,0.13068192708333015,65.4546,65.58528192708333
Trombone,57,56,G#3,127,0.136363750000001,65.4546,65.59096375
Trombone,57,53,F3,127,0.1250001041666593,65.7273275,65.85232760416666
Trombone,57,56,G#3,127,0.1477273958333285,65.7273275,65.87505489583333
Trombone,57,56,G#3,127,0.136363750000001,66.2727825,66.40914625
Trombone,57,59,B3,127,0.159091041666656,66.2727825,66.43187354166666
Trombone,57,59,B3,127,0.11931828125000266,66.68187375,66.80119203125
Trombone,57,63,D#4,127,0.1590910416666702,66.68187375,66.84096479166666
Trombone,57,59,B3,127,0.30113661458334207,66.95460125,67.25573786458334
Trombone,57,56,G#3,127,0.3068184374999987,66.95460125,67.2614196875
Trombone,57,57,A3,127,0.24431838541666195,67.3636925,67.60801088541666
Trombone,57,53,F3,127,0.24431838541666195,67.3636925,67.60801088541666
Trombone,57,58,A#3,127,0.1250001041666593,67.63642,67.76142010416666
Trombone,57,54,F#3,127,0.136363750000001,67.63642,67.77278375
Trombone,57,54,F#3,127,0.1250001041666593,67.9091475,68.03414760416666
Trombone,57,58,A#3,127,0.15340921874999935,67.9091475,68.06255671875
Trombone,57,51,D#3,127,0.1250001041666735,68.4546025,68.57960260416667
Trombone,57,59,B3,127,0.24431838541667616,68.4546025,68.69892088541667
Trombone,57,54,F#3,127,0.10795463541667516,68.86369375,68.97164838541667
Trombone,57,63,D#4,127,0.14204557291667186,68.86369375,69.00573932291667
Trombone,57,51,D#3,127,0.30113661458332786,69.13642125,69.43755786458333
Trombone,57,59,B3,127,0.32386390624999706,69.13642125,69.46028515625
Trombone,57,55,G3,127,0.2272729166666636,69.5455125,69.77278541666666
Trombone,57,52,E3,127,0.2500002083333328,69.5455125,69.79551270833333
Trombone,57,53,F3,127,0.1022728124999901,69.81824,69.9205128125
Trombone,57,56,G#3,127,0.1136364583333318,69.81824,69.93187645833333
Trombone,57,53,F3,127,0.11931828124998844,70.0909675,70.21028578125
Trombone,57,56,G#3,127,0.1477273958333285,70.0909675,70.23869489583333
Trombone,57,56,G#3,127,0.1477273958333427,70.6364225,70.78414989583334
Trombone,57,59,B3,127,0.2045456250000086,70.6364225,70.840968125
Trombone,57,59,B3,127,0.1250001041666735,71.04551375,71.17051385416667
Trombone,57,63,D#4,127,0.136363750000001,71.04551375,71.1818775
Trombone,57,56,G#3,127,0.42613671875000136,71.31824125,71.74437796875
Trombone,57,59,B3,127,0.42613671875000136,71.31824125,71.74437796875
Trombone,57,66,F#4,127,0.3068184374999987,89.45462,89.7614384375
Trombone,57,58,A#3,127,0.31250026041665535,89.45462,89.76712026041666
Trombone,57,61,C#4,127,0.31250026041665535,89.45462,89.76712026041666
Trombone,57,58,A#3,127,0.3068184374999987,89.86371125,90.1705296875
Trombone,57,66,F#4,127,0.3068184374999987,89.86371125,90.1705296875
Trombone,57,61,C#4,127,0.3068184374999987,89.86371125,90.1705296875
Trombone,57,66,F#4,127,0.272727500000002,90.54553,90.8182575
Trombone,57,63,D#4,127,0.272727500000002,90.54553,90.8182575
Trombone,57,59,B3,127,0.27840932291667286,90.54553,90.82393932291667
Trombone,57,59,B3,127,0.3295457291666679,90.95462125,91.28416697916667
Trombone,57,66,F#4,127,0.3409093749999954,90.95462125,91.295530625
Trombone,57,63,D#4,127,0.34659119791666626,90.95462125,91.30121244791667
Trombone,57,66,F#4,127,0.2386365625000053,91.63644,91.8750765625
Trombone,57,59,B3,127,0.25568203125000366,91.63644,91.89212203125
Trombone,57,63,D#4,127,0.272727500000002,91.63644,91.9091675
Trombone,57,66,F#4,127,0.272727500000002,92.04553125,92.31825875
Trombone,57,63,D#4,127,0.2954547916666712,92.04553125,92.34098604166667
Trombone,57,59,B3,127,0.31250026041666956,92.04553125,92.35803151041667
Trombone,57,65,F4,127,0.3068184374999987,92.72735,93.0341684375
Trombone,57,61,C#4,127,0.3068184374999987,92.72735,93.0341684375
Trombone,57,56,G#3,127,0.31250026041666956,92.72735,93.03985026041667
Trombone,57,61,C#4,127,0.3409093749999954,93.13644125,93.477350625
Trombone,57,56,G#3,127,0.34659119791666626,93.13644125,93.48303244791667
Trombone,57,65,F4,127,0.34659119791666626,93.13644125,93.48303244791667
Trombone,57,61,C#4,127,0.27840932291667286,93.81826,94.09666932291667
Trombone,57,58,A#3,127,0.2954547916666712,93.81826,94.11371479166667
Trombone,57,66,F#4,127,0.2954547916666712,93.81826,94.11371479166667
Trombone,57,61,C#4,127,0.31250026041666956,94.22735125,94.53985151041667
Trombone,57,58,A#3,127,0.31250026041666956,94.22735125,94.53985151041667
Trombone,57,66,F#4,127,0.31250026041666956,94.22735125,94.53985151041667
Trombone,57,63,D#4,127,0.28977296875000036,94.90917,95.19894296875
Trombone,57,59,B3,127,0.295454791666657,94.90917,95.20462479166666
Trombone,57,66,F#4,127,0.295454791666657,94.90917,95.20462479166666
Trombone,57,66,F#4,127,0.2727274999999878,95.31826125,95.59098875
Trombone,57,63,D#4,127,0.295454791666657,95.31826125,95.61371604166666
Trombone,57,59,B3,127,0.3068184374999987,95.31826125,95.6250796875
Trombone,57,66,F#4,127,0.2386365625000053,96.00008,96.2387165625
Trombone,57,63,D#4,127,0.24431838541666195,96.00008,96.24439838541666
Trombone,57,59,B3,127,0.25568203125000366,96.00008,96.25576203125
Trombone,57,66,F#4,127,0.25568203125000366,96.40917125,96.66485328125
Trombone,57,63,D#4,127,0.272727500000002,96.40917125,96.68189875
Trombone,57,59,B3,127,0.28977296875000036,96.40917125,96.69894421875
Trombone,57,61,C#4,127,0.31250026041665535,97.09099,97.40349026041666
Trombone,57,65,F4,127,0.32386390624999706,97.09099,97.41485390625
Trombone,57,56,G#3,127,0.3409093749999954,97.09099,97.431899375
Trombone,57,56,G#3,127,0.3636366666666788,97.50008125,97.86371791666667
Trombone,57,65,F4,127,0.38068213541667717,97.50008125,97.88076338541667
Trombone,57,61,C#4,127,0.39204578125000467,97.50008125,97.89212703125
Trombone,57,61,C#4,127,0.2954547916666712,98.1819,98.47735479166667
Trombone,57,66,F#4,127,0.3068184374999987,98.1819,98.4887184375
Trombone,57,58,A#3,127,0.32386390624999706,98.1819,98.50576390625
Trombone,57,61,C#4,127,0.295454791666657,98.59099125,98.88644604166666
Trombone,57,66,F#4,127,0.3068184374999987,98.59099125,98.8978096875
Trombone,57,58,A#3,127,0.32386390624999706,98.59099125,98.91485515625
Trombone,57,66,F#4,127,0.2613638541666745,99.27280999999999,99.53417385416667
Trombone,57,59,B3,127,0.27840932291667286,99.27280999999999,99.55121932291667
Trombone,57,63,D#4,127,0.28977296875000036,99.27280999999999,99.56258296875
Trombone,57,66,F#4,127,0.3068184374999987,99.68190125,99.9887196875
Trombone,57,63,D#4,127,0.3295457291666679,99.68190125,100.01144697916666
Trombone,57,59,B3,127,0.34659119791666626,99.68190125,100.02849244791666
Trombone,57,66,F#4,127,0.2272729166666636,100.36372,100.59099291666666
Trombone,57,63,D#4,127,0.2386365625000053,100.36372,100.6023565625
Trombone,57,59,B3,127,0.24431838541666195,100.36372,100.60803838541666
Trombone,57,66,F#4,127,0.24431838541666195,100.77281125,101.01712963541667
Trombone,57,63,D#4,127,0.272727500000002,100.77281125,101.04553875
Trombone,57,59,B3,127,0.28977296875000036,100.77281125,101.06258421875
Trombone,57,65,F4,127,0.3068184374999987,101.45463,101.7614484375
Trombone,57,61,C#4,127,0.32386390625001127,101.45463,101.77849390625
Trombone,57,56,G#3,127,0.3295457291666679,101.45463,101.78417572916666
Trombone,57,56,G#3,127,0.3068184374999987,101.86372125,102.1705396875
Trombone,57,61,C#4,127,0.3068184374999987,101.86372125,102.1705396875
Trombone,57,65,F4,127,0.31250026041666956,101.86372125,102.17622151041667
Trombone,57,61,C#4,127,0.28977296875000036,102.54554,102.83531296875
Trombone,57,66,F#4,127,0.295454791666657,102.54554,102.84099479166666
Trombone,57,58,A#3,127,0.3068184374999987,102.54554,102.8523584375
Trombone,57,66,F#4,127,0.25568203124998945,102.95463125,103.21031328125
Trombone,57,61,C#4,127,0.2613638541666603,102.95463125,103.21599510416667
Trombone,57,58,A#3,127,0.31250026041665535,102.95463125,103.26713151041666
Trombone,57,66,F#4,127,0.27840932291667286,103.63645,103.91485932291667
Trombone,57,63,D#4,127,0.31250026041666956,103.63645,103.94895026041667
Trombone,57,59,B3,127,0.3409093750000096,103.63645,103.977359375
Trombone,57,63,D#4,127,0.3295457291666679,104.04554125,104.37508697916667
Trombone,57,66,F#4,127,0.3295457291666679,104.04554125,104.37508697916667
Trombone,57,59,B3,127,0.34659119791666626,104.04554125,104.39213244791667
Trombone,57,66,F#4,127,0.28977296875000036,104.72736,105.01713296875
Trombone,57,59,B3,127,0.295454791666657,104.72736,105.02281479166666
Trombone,57,63,D#4,127,0.3068184374999987,104.72736,105.0341784375
Trombone,57,66,F#4,127,0.28977296875000036,105.13645125,105.42622421875
Trombone,57,63,D#4,127,0.32386390625001127,105.13645125,105.46031515625
Trombone,57,59,B3,127,0.32386390625001127,105.13645125,105.46031515625
Trombone,57,65,F4,127,0.272727500000002,105.81827,106.0909975
Trombone,57,61,C#4,127,0.28977296875000036,105.81827,106.10804296875
Trombone,57,56,G#3,127,0.2954547916666712,105.81827,106.11372479166667
Trombone,57,65,F4,127,0.27840932291665865,106.22736125,106.50577057291666
Trombone,57,61,C#4,127,0.27840932291665865,106.22736125,106.50577057291666
Trombone,57,56,G#3,127,0.28977296875000036,106.22736125,106.51713421875
Trombone,57,61,C#4,127,0.1022728125000043,106.90917999999999,107.0114528125
Trombone,57,61,C#4,127,0.1136364583333318,107.1819075,107.29554395833333
Trombone,57,66,F#4,127,0.34659119791666626,107.454635,107.80122619791666
Trombone,57,63,D#4,127,0.0909091666666626,107.86372625,107.95463541666666
Trombone,57,61,C#4,127,0.08522734375000596,108.00009,108.08531734375
Trombone,57,61,C#4,127,0.1136364583333318,108.13645375,108.25009020833333
Trombone,57,61,C#4,127,0.272727500000002,108.40918125,108.68190875
Trombone,57,56,G#3,127,0.14204557291665765,108.8182725,108.96031807291666
Trombone,57,56,G#3,127,0.1250001041666735,109.091,109.21600010416667
Trombone,57,58,A#3,127,0.1250001041666735,109.3637275,109.48872760416667
Trombone,57,58,A#3,127,0.01704546874999835,109.636455,109.65350046875
Trombone,57,59,B3,127,0.34659119791666626,109.636455,109.98304619791666
Trombone,57,56,G#3,127,0.0909091666666626,110.04554625,110.13645541666666
Trombone,57,54,F#3,127,0.0909091666666626,110.18191,110.27281916666666
Trombone,57,54,F#3,127,0.10795463541666095,110.31827375,110.42622838541666
Trombone,57,54,F#3,127,0.17613651041665435,110.59100125,110.76713776041666
Trombone,57,61,C#4,127,0.1136364583333318,111.27282,111.38645645833333
Trombone,57,61,C#4,127,0.1136364583333318,111.5455475,111.65918395833333
Trombone,57,66,F#4,127,0.38068213541666296,111.818275,112.19895713541666
Trombone,57,63,D#4,127,0.0909091666666626,112.22736625,112.31827541666667
Trombone,57,61,C#4,127,0.0909091666666626,112.36373,112.45463916666667
Trombone,57,61,C#4,127,0.1022728124999901,112.50009375,112.6023665625
Trombone,57,61,C#4,127,0.2954547916666712,112.77282124999999,113.06827604166666
Trombone,57,56,G#3,127,0.09090916666667681,113.1819125,113.27282166666667
Trombone,57,56,G#3,127,0.10795463541666095,113.45464,113.56259463541666
Trombone,57,58,A#3,127,0.136363750000001,113.7273675,113.86373125
Trombone,57,59,B3,127,0.3295457291666679,114.000095,114.32964072916667
Trombone,57,56,G#3,127,0.09659098958333345,114.40918625,114.50577723958334
Trombone,57,54,F#3,127,0.07954552083332089,114.54555,114.62509552083333
Trombone,57,54,F#3,127,0.10795463541667516,114.68191374999999,114.78986838541667
Trombone,57,54,F#3,127,0.14204557291667186,114.95464125,115.09668682291667
Trombone,57,66,F#4,127,0.8068188541666643,141.8183,142.62511885416666
Trombone,57,61,C#4,127,0.15340921874999935,142.6364825,142.78989171875
Trombone,57,63,D#4,127,0.2159092708333219,142.90921,143.12511927083332
Trombone,57,61,C#4,127,0.17613651041665435,143.1819375,143.35807401041666
Trombone,57,59,B3,127,0.36931848958332125,143.454665,143.82398348958333
Trombone,57,63,D#4,127,0.1590910416666702,143.86375625,144.02284729166666
Trombone,57,61,C#4,127,0.14204557291665765,144.13648375,144.27852932291665
Trombone,57,56,G#3,127,1.6534104687499962,144.40921125,146.06262171875
Trombone,57,66,F#4,127,0.7784097395833385,146.18194,146.96034973958334
Trombone,57,61,C#4,127,0.1931819791666669,147.0001225,147.19330447916667
Trombone,57,63,D#4,127,0.21022744791665104,147.27285,147.48307744791666
Trombone,57,61,C#4,127,0.2045456249999802,147.5455775,147.750123125
Trombone,57,59,B3,127,0.3750003124999921,147.818305,148.1933053125
Trombone,57,63,D#4,127,0.2159092708333219,148.22739625,148.44330552083332
Trombone,57,61,C#4,127,1.5454558333333352,148.50012375,150.04557958333334
Trombone,57,57,A3,127,0.2045456250000086,150.2728525,150.477398125
Trombone,57,53,F3,127,0.26704567708333116,150.2728525,150.53989817708333
Trombone,57,58,A#3,127,0.11931828125000266,150.54558,150.66489828125
Trombone,57,54,F#3,127,0.1250001041666735,150.54558,150.67058010416667
Trombone,57,54,F#3,127,0.11931828125000266,150.8183075,150.93762578125
Trombone,57,58,A#3,127,0.1250001041666735,150.8183075,150.94330760416668
Trombone,57,51,D#3,127,0.1590910416666702,151.3637625,151.52285354166668
Trombone,57,59,B3,127,0.16477286458331264,151.3637625,151.52853536458332
Trombone,57,54,F#3,127,0.13068192708334436,151.77285375,151.90353567708334
Trombone,57,63,D#4,127,0.13636375000001522,151.77285375,151.9092175
Trombone,57,51,D#3,127,0.2045456250000086,152.04558125,152.250126875
Trombone,57,59,B3,127,0.2613638541666603,152.04558125,152.30694510416666
Trombone,57,55,G3,127,0.2613638541666887,152.4546725,152.71603635416668
Trombone,57,52,E3,127,0.26704567708333116,152.4546725,152.72171817708332
Trombone,57,53,F3,127,0.13068192708334436,152.7274,152.85808192708333
Trombone,57,56,G#3,127,0.13636375000001522,152.7274,152.86376375
Trombone,57,53,F3,127,0.1250001041666735,153.0001275,153.12512760416666
Trombone,57,56,G#3,127,0.1477273958333285,153.0001275,153.14785489583332
Trombone,57,56,G#3,127,0.13636375000001522,153.5455825,153.68194625
Trombone,57,59,B3,127,0.1590910416666702,153.5455825,153.70467354166666
Trombone,57,59,B3,127,0.11931828124997423,153.95467375,154.07399203125
Trombone,57,63,D#4,127,0.15909104166664179,153.95467375,154.11376479166665
Trombone,57,59,B3,127,0.3011366145833563,154.22740124999999,154.52853786458334
Trombone,57,56,G#3,127,0.30681843750002713,154.22740124999999,154.5342196875
Trombone,57,53,F3,127,0.24431838541667616,154.6364925,154.88081088541668
Trombone,57,57,A3,127,0.24431838541667616,154.6364925,154.88081088541668
Trombone,57,58,A#3,127,0.1250001041666735,154.90922,155.03422010416668
Trombone,57,54,F#3,127,0.1363637499999868,154.90922,155.04558375
Trombone,57,54,F#3,127,0.1250001041666451,155.1819475,155.30694760416665
Trombone,57,58,A#3,127,0.15340921874999935,155.1819475,155.33535671875
Trombone,57,51,D#3,127,0.1250001041666451,155.7274025,155.85240260416666
Trombone,57,59,B3,127,0.24431838541664774,155.7274025,155.97172088541666
Trombone,57,54,F#3,127,0.10795463541666095,156.13649375,156.24444838541666
Trombone,57,63,D#4,127,0.14204557291665765,156.13649375,156.27853932291666
Trombone,57,51,D#3,127,0.30113661458332786,156.40922125,156.71035786458333
Trombone,57,59,B3,127,0.32386390624998285,156.40922125,156.73308515624998
Trombone,57,55,G3,127,0.2272729166666636,156.8183125,157.04558541666665
Trombone,57,52,E3,127,0.250000208333347,156.8183125,157.06831270833334
Trombone,57,53,F3,127,0.10227281250001852,157.09104,157.1933128125
Trombone,57,56,G#3,127,0.1136364583333318,157.09104,157.20467645833332
Trombone,57,53,F3,127,0.11931828125000266,157.3637675,157.48308578125
Trombone,57,56,G#3,127,0.1477273958333285,157.3637675,157.51149489583332
Trombone,57,56,G#3,127,0.1477273958333285,157.9092225,158.05694989583333
Trombone,57,59,B3,127,0.2045456250000086,157.9092225,158.113768125
Trombone,57,59,B3,127,0.1250001041666735,158.31831375,158.44331385416666
Trombone,57,63,D#4,127,0.13636375000001522,158.31831375,158.4546775
Trombone,57,59,B3,127,0.42613671875000136,158.59104125,159.01717796875
Trombone,57,56,G#3,127,0.42613671875000136,158.59104125,159.01717796875
Trombone,57,37,C#2,127,0.8352279687500186,161.1819525,162.01718046875
Trombone,57,56,G#3,127,0.1022728124999901,162.000135,162.1024078125
Trombone,57,59,B3,127,0.1136364583333318,162.000135,162.11377145833333
Trombone,57,58,A#3,127,0.09659098958334766,162.13649875,162.23308973958333
Trombone,57,61,C#4,127,0.10795463541668937,162.13649875,162.24445338541668
Trombone,57,49,C#3,127,0.1136364583333318,162.68195375,162.79559020833332
Trombone,57,54,F#3,127,0.1136364583333318,162.68195375,162.79559020833332
Trombone,57,54,F#3,127,0.09659098958334766,162.95468125,163.05127223958334
Trombone,57,58,A#3,127,0.10227281250001852,162.95468125,163.0569540625
Trombone,57,59,B3,127,0.09659098958334766,163.22740875,163.32399973958334
Trombone,57,56,G#3,127,0.11931828125000266,163.22740875,163.34672703125
Trombone,57,58,A#3,127,0.11931828124997423,163.3637725,163.48309078124998
Trombone,57,61,C#4,127,0.295454791666657,163.3637725,163.65922729166667
Trombone,57,37,C#2,127,0.9204553124999961,165.5455925,166.4660478125
Trombone,57,56,G#3,127,0.1136364583333318,166.363775,166.47741145833334
Trombone,57,59,B3,127,0.1136364583333318,166.363775,166.47741145833334
Trombone,57,58,A#3,127,0.10227281250001852,166.50013875,166.6024115625
Trombone,57,61,C#4,127,0.1136364583333318,166.50013875,166.61377520833332
Trombone,57,54,F#3,127,0.10795463541666095,167.04559375,167.15354838541666
Trombone,57,49,C#3,127,0.1250001041666735,167.04559375,167.17059385416667
Trombone,57,58,A#3,127,0.09659098958334766,167.31832125,167.41491223958334
Trombone,57,54,F#3,127,0.1022728124999901,167.31832125,167.4205940625
Trombone,57,59,B3,127,0.09659098958331924,167.59104875,167.68763973958332
Trombone,57,56,G#3,127,0.1136364583333318,167.59104875,167.70468520833333
Trombone,57,58,A#3,127,0.18181833333335362,167.72741249999999,167.90923083333334
Trombone,57,61,C#4,127,0.23295473958333446,167.72741249999999,167.96036723958332
Trombone,57,58,A#3,127,0.1136364583333318,171.68196125,171.79559770833333
Trombone,57,61,C#4,127,0.11931828125000266,171.68196125,171.80127953125
Trombone,57,56,G#3,127,0.0681818749999934,171.95468875,172.022870625
Trombone,57,59,B3,127,0.0681818749999934,171.95468875,172.022870625
Trombone,57,58,A#3,127,0.13636375000001522,172.0910525,172.22741625
Trombone,57,61,C#4,127,0.14204557291668607,172.0910525,172.23309807291668
Trombone,57,61,C#4,127,0.1022728124999901,175.77287375,175.8751465625
Trombone,57,58,A#3,127,0.1022728124999901,175.77287375,175.8751465625
Trombone,57,59,B3,127,0.0795455208333351,176.04560125,176.12514677083334
Trombone,57,63,D#4,127,0.0795455208333351,176.04560125,176.12514677083334
Trombone,57,61,C#4,127,0.0681818749999934,176.31832875,176.386510625
Trombone,57,65,F4,127,0.0681818749999934,176.31832875,176.386510625
Trombone,57,63,D#4,127,0.10227281250001852,176.4546925,176.5569653125
Trombone,57,66,F#4,127,0.11931828125000266,176.4546925,176.57401078125
Trombone,57,37,C#2,127,0.8352279687499902,178.6365125,179.47174046875
Trombone,57,56,G#3,127,0.10227281250001852,179.454695,179.5569678125
Trombone,57,59,B3,127,0.1136364583333318,179.454695,179.56833145833332
Trombone,57,58,A#3,127,0.09659098958331924,179.59105875,179.68764973958332
Trombone,57,61,C#4,127,0.10795463541666095,179.59105875,179.69901338541666
Trombone,57,49,C#3,127,0.1136364583333318,180.13651375,180.25015020833334
Trombone,57,54,F#3,127,0.1136364583333318,180.13651375,180.25015020833334
Trombone,57,54,F#3,127,0.09659098958331924,180.40924125,180.50583223958333
Trombone,57,58,A#3,127,0.1022728124999901,180.40924125,180.5115140625
Trombone,57,59,B3,127,0.09659098958331924,180.68196875,180.77855973958333
Trombone,57,56,G#3,127,0.11931828125000266,180.68196875,180.80128703125
Trombone,57,58,A#3,127,0.11931828125000266,180.8183325,180.93765078125
Trombone,57,61,C#4,127,0.295454791666657,180.8183325,181.11378729166665
Trombone,57,37,C#2,127,0.9204553125000245,183.00015249999998,183.9206078125
Trombone,57,56,G#3,127,0.1136364583333318,183.818335,183.93197145833332
Trombone,57,59,B3,127,0.1136364583333318,183.818335,183.93197145833332
Trombone,57,58,A#3,127,0.1022728124999901,183.95469875,184.0569715625
Trombone,57,61,C#4,127,0.1136364583333318,183.95469875,184.06833520833334
Trombone,57,54,F#3,127,0.10795463541666095,184.50015375,184.60810838541667
Trombone,57,49,C#3,127,0.1250001041666451,184.50015375,184.62515385416665
Trombone,57,58,A#3,127,0.09659098958331924,184.77288125,184.86947223958333
Trombone,57,54,F#3,127,0.1022728124999901,184.77288125,184.8751540625
Trombone,57,59,B3,127,0.09659098958334766,185.04560874999999,185.14219973958333
Trombone,57,56,G#3,127,0.11363645833336022,185.04560874999999,185.15924520833335
Trombone,57,58,A#3,127,0.1818183333333252,185.1819725,185.36379083333333
Trombone,57,61,C#4,127,0.23295473958333446,185.1819725,185.41492723958333
Trombone,57,57,A3,127,0.2045456249999802,193.9092525,194.113798125
Trombone,57,53,F3,127,0.26704567708333116,193.9092525,194.17629817708334
Trombone,57,58,A#3,127,0.11931828124997423,194.18198,194.30129828124998
Trombone,57,54,F#3,127,0.1250001041666451,194.18198,194.30698010416666
Trombone,57,54,F#3,127,0.11931828124997423,194.4547075,194.57402578125
Trombone,57,58,A#3,127,0.1250001041666451,194.4547075,194.57970760416666
Trombone,57,51,D#3,127,0.1590910416666702,195.0001625,195.15925354166666
Trombone,57,59,B3,127,0.16477286458334106,195.0001625,195.16493536458333
Trombone,57,54,F#3,127,0.13068192708331594,195.40925375,195.53993567708332
Trombone,57,63,D#4,127,0.1363637499999868,195.40925375,195.5456175
Trombone,57,51,D#3,127,0.2045456249999802,195.68198125,195.886526875
Trombone,57,59,B3,127,0.2613638541666603,195.68198125,195.94334510416667
Trombone,57,55,G3,127,0.2613638541666603,196.0910725,196.35243635416666
Trombone,57,52,E3,127,0.26704567708333116,196.0910725,196.35811817708333
Trombone,57,53,F3,127,0.13068192708334436,196.3638,196.49448192708334
Trombone,57,56,G#3,127,0.1363637499999868,196.3638,196.50016374999998
Trombone,57,53,F3,127,0.1250001041666735,196.6365275,196.76152760416667
Trombone,57,56,G#3,127,0.1477273958333285,196.6365275,196.78425489583333
Trombone,57,56,G#3,127,0.1363637499999868,197.1819825,197.31834625
Trombone,57,59,B3,127,0.1590910416666702,197.1819825,197.34107354166667
Trombone,57,59,B3,127,0.11931828125000266,197.59107375,197.71039203125
Trombone,57,63,D#4,127,0.1590910416666702,197.59107375,197.75016479166666
Trombone,57,59,B3,127,0.30113661458332786,197.86380125,198.16493786458332
Trombone,57,56,G#3,127,0.3068184374999987,197.86380125,198.1706196875
Trombone,57,53,F3,127,0.24431838541664774,198.2728925,198.51721088541666
Trombone,57,57,A3,127,0.24431838541664774,198.2728925,198.51721088541666
Trombone,57,58,A#3,127,0.1250001041666735,198.54561999999999,198.67062010416666
Trombone,57,54,F#3,127,0.13636375000001522,198.54561999999999,198.68198375
Trombone,57,54,F#3,127,0.1250001041666735,198.8183475,198.94334760416666
Trombone,57,58,A#3,127,0.15340921874999935,198.8183475,198.97175671875
Trombone,57,51,D#3,127,0.1250001041666735,199.3638025,199.48880260416666
Trombone,57,59,B3,127,0.24431838541667616,199.3638025,199.60812088541667
Trombone,57,54,F#3,127,0.10795463541666095,199.77289375,199.88084838541667
Trombone,57,63,D#4,127,0.14204557291665765,199.77289375,199.91493932291667
Trombone,57,51,D#3,127,0.30113661458332786,200.04562125,200.34675786458334
Trombone,57,59,B3,127,0.32386390624998285,200.04562125,200.36948515625
Trombone,57,55,G3,127,0.2272729166666636,200.4547125,200.68198541666666
Trombone,57,52,E3,127,0.2500002083333186,200.4547125,200.70471270833332
Trombone,57,53,F3,127,0.1022728124999901,200.72744,200.8297128125
Trombone,57,56,G#3,127,0.1136364583333318,200.72744,200.84107645833333
Trombone,57,53,F3,127,0.11931828125000266,201.0001675,201.11948578125
Trombone,57,56,G#3,127,0.1477273958333285,201.0001675,201.14789489583333
Trombone,57,56,G#3,127,0.1477273958333285,201.5456225,201.69334989583334
Trombone,57,59,B3,127,0.2045456249999802,201.5456225,201.750168125
Trombone,57,59,B3,127,0.1250001041666735,201.95471375,202.07971385416667
Trombone,57,63,D#4,127,0.13636375000001522,201.95471375,202.0910775
Trombone,57,56,G#3,127,0.42613671875000136,202.22744125,202.65357796875
Trombone,57,59,B3,127,0.42613671875000136,202.22744125,202.65357796875
Trombone,57,66,F#4,127,0.2840911458333153,220.36382,220.64791114583332
Trombone,57,58,A#3,127,0.28977296874998615,220.36382,220.65359296875
Trombone,57,61,C#4,127,0.28977296874998615,220.36382,220.65359296875
Trombone,57,58,A#3,127,0.2840911458333437,220.77291125,221.05700239583334
Trombone,57,66,F#4,127,0.2840911458333437,220.77291125,221.05700239583334
Trombone,57,61,C#4,127,0.2840911458333437,220.77291125,221.05700239583334
Trombone,57,66,F#4,127,0.25568203124998945,221.45473,221.71041203125
Trombone,57,63,D#4,127,0.25568203124998945,221.45473,221.71041203125
Trombone,57,59,B3,127,0.2613638541666603,221.45473,221.71609385416667
Trombone,57,59,B3,127,0.30113661458332786,221.86382125,222.16495786458333
Trombone,57,66,F#4,127,0.3181820833333404,221.86382125,222.18200333333334
Trombone,57,63,D#4,127,0.32386390625001127,221.86382125,222.18768515625
Trombone,57,66,F#4,127,0.21590927083335032,222.54564,222.76154927083334
Trombone,57,59,B3,127,0.2272729166666636,222.54564,222.77291291666666
Trombone,57,63,D#4,127,0.25568203125001787,222.54564,222.80132203125
Trombone,57,66,F#4,127,0.25568203124998945,222.95473125,223.21041328125
Trombone,57,63,D#4,127,0.272727500000002,222.95473125,223.22745875
Trombone,57,59,B3,127,0.28977296874998615,222.95473125,223.24450421875
Trombone,57,65,F4,127,0.2840911458333437,223.63655,223.92064114583334
Trombone,57,61,C#4,127,0.2840911458333437,223.63655,223.92064114583334
Trombone,57,56,G#3,127,0.28977296874998615,223.63655,223.92632296875
Trombone,57,61,C#4,127,0.3181820833333404,224.04564125,224.36382333333333
Trombone,57,65,F4,127,0.32386390625001127,224.04564125,224.36950515625
Trombone,57,56,G#3,127,0.32386390625001127,224.04564125,224.36950515625
Trombone,57,61,C#4,127,0.2613638541666603,224.72746,224.98882385416667
Trombone,57,66,F#4,127,0.272727500000002,224.72746,225.0001875
Trombone,57,58,A#3,127,0.272727500000002,224.72746,225.0001875
Trombone,57,58,A#3,127,0.28977296875001457,225.13655125,225.42632421875
Trombone,57,66,F#4,127,0.28977296875001457,225.13655125,225.42632421875
Trombone,57,61,C#4,127,0.28977296875001457,225.13655125,225.42632421875
Trombone,57,63,D#4,127,0.26704567708333116,225.81837,226.08541567708332
Trombone,57,59,B3,127,0.272727500000002,225.81837,226.0910975
Trombone,57,66,F#4,127,0.272727500000002,225.81837,226.0910975
Trombone,57,66,F#4,127,0.25568203124998945,226.22746125,226.48314328125
Trombone,57,63,D#4,127,0.272727500000002,226.22746125,226.50018875
Trombone,57,59,B3,127,0.2840911458333153,226.22746125,226.51155239583332
Trombone,57,66,F#4,127,0.2159092708333219,226.90928,227.12518927083332
Trombone,57,63,D#4,127,0.22159109374999275,226.90928,227.13087109375
Trombone,57,59,B3,127,0.2272729166666636,226.90928,227.13655291666666
Trombone,57,66,F#4,127,0.22727291666669203,227.31837124999998,227.54564416666668
Trombone,57,63,D#4,127,0.25568203125001787,227.31837124999998,227.57405328125
Trombone,57,59,B3,127,0.2670456770833596,227.31837124999998,227.58541692708334
Trombone,57,61,C#4,127,0.28977296874998615,228.00019,228.28996296875
Trombone,57,65,F4,127,0.295454791666657,228.00019,228.29564479166666
Trombone,57,56,G#3,127,0.3181820833333404,228.00019,228.31837208333334
Trombone,57,56,G#3,127,0.335227552083353,228.40928125,228.74450880208335
Trombone,57,65,F4,127,0.3522730208333371,228.40928125,228.76155427083333
Trombone,57,61,C#4,127,0.35795484375000797,228.40928125,228.76723609375
Trombone,57,61,C#4,127,0.2727274999999736,229.0911,229.36382749999999
Trombone,57,66,F#4,127,0.2840911458333153,229.0911,229.37519114583333
Trombone,57,58,A#3,127,0.295454791666657,229.0911,229.38655479166667
Trombone,57,61,C#4,127,0.272727500000002,229.50019125,229.77291875
Trombone,57,66,F#4,127,0.2840911458333437,229.50019125,229.78428239583334
Trombone,57,58,A#3,127,0.295454791666657,229.50019125,229.79564604166666
Trombone,57,66,F#4,127,0.2386365625000053,230.18201,230.4206465625
Trombone,57,59,B3,127,0.2613638541666603,230.18201,230.44337385416665
Trombone,57,63,D#4,127,0.26704567708333116,230.18201,230.44905567708332
Trombone,57,66,F#4,127,0.2840911458333153,230.59110125,230.87519239583332
Trombone,57,63,D#4,127,0.30113661458332786,230.59110125,230.89223786458334
Trombone,57,59,B3,127,0.32386390624998285,230.59110125,230.91496515625
Trombone,57,66,F#4,127,0.2045456250000086,231.27292,231.477465625
Trombone,57,63,D#4,127,0.2159092708333219,231.27292,231.48882927083332
Trombone,57,59,B3,127,0.22159109374999275,231.27292,231.49451109375
Trombone,57,66,F#4,127,0.22159109375002117,231.68201125,231.90360234375
Trombone,57,63,D#4,127,0.25568203125001787,231.68201125,231.93769328125
Trombone,57,59,B3,127,0.26704567708333116,231.68201125,231.94905692708332
Trombone,57,65,F4,127,0.2840911458333153,232.36383,232.64792114583332
Trombone,57,61,C#4,127,0.295454791666657,232.36383,232.65928479166666
Trombone,57,56,G#3,127,0.30113661458332786,232.36383,232.66496661458334
Trombone,57,56,G#3,127,0.2840911458333437,232.77292125,233.05701239583334
Trombone,57,61,C#4,127,0.2840911458333437,232.77292125,233.05701239583334
Trombone,57,65,F4,127,0.28977296875001457,232.77292125,233.06269421875
Trombone,57,61,C#4,127,0.26704567708333116,233.45474,233.72178567708332
Trombone,57,66,F#4,127,0.272727500000002,233.45474,233.7274675
Trombone,57,58,A#3,127,0.2840911458333437,233.45474,233.73883114583333
Trombone,57,66,F#4,127,0.2272729166666636,233.86383125,234.09110416666667
Trombone,57,61,C#4,127,0.2386365625000053,233.86383125,234.1024678125
Trombone,57,58,A#3,127,0.28977296874998615,233.86383125,234.15360421875
Trombone,57,66,F#4,127,0.2613638541666603,234.54565,234.80701385416666
Trombone,57,63,D#4,127,0.28977296875001457,234.54565,234.83542296875
Trombone,57,59,B3,127,0.3181820833333404,234.54565,234.86383208333334
Trombone,57,63,D#4,127,0.30113661458332786,234.95474125,235.25587786458334
Trombone,57,66,F#4,127,0.30113661458332786,234.95474125,235.25587786458334
Trombone,57,59,B3,127,0.32386390624998285,234.95474125,235.27860515625
Trombone,57,66,F#4,127,0.26704567708333116,235.63656,235.90360567708333
Trombone,57,59,B3,127,0.272727500000002,235.63656,235.9092875
Trombone,57,63,D#4,127,0.2840911458333153,235.63656,235.92065114583332
Trombone,57,66,F#4,127,0.26704567708333116,236.04565125,236.31269692708332
Trombone,57,63,D#4,127,0.2954547916666854,236.04565125,236.34110604166668
Trombone,57,59,B3,127,0.2954547916666854,236.04565125,236.34110604166668
Trombone,57,65,F4,127,0.25568203124998945,236.72747,236.98315203125
Trombone,57,61,C#4,127,0.26704567708333116,236.72747,236.99451567708334
Trombone,57,56,G#3,127,0.2727274999999736,236.72747,237.00019749999998
Trombone,57,61,C#4,127,0.2613638541666603,237.13656125,237.39792510416666
Trombone,57,65,F4,127,0.2613638541666603,237.13656125,237.39792510416666
Trombone,57,56,G#3,127,0.26704567708333116,237.13656125,237.40360692708333
Trombone,57,61,C#4,127,0.10227281250001852,237.81838,237.9206528125
Trombone,57,61,C#4,127,0.1136364583333318,238.0911075,238.20474395833332
Trombone,57,66,F#4,127,0.34659119791666626,238.363835,238.71042619791666
Trombone,57,63,D#4,127,0.09090916666664839,238.77292625,238.86383541666666
Trombone,57,61,C#4,127,0.08522734375000596,238.90929,238.99451734375
Trombone,57,61,C#4,127,0.1136364583333318,239.04565374999999,239.15929020833332
Trombone,57,61,C#4,127,0.272727500000002,239.31838125,239.59110875
Trombone,57,56,G#3,127,0.14204557291665765,239.7274725,239.86951807291666
Trombone,57,56,G#3,127,0.1250001041666451,240.0002,240.12520010416665
Trombone,57,58,A#3,127,0.1250001041666451,240.2729275,240.39792760416665
Trombone,57,58,A#3,127,0.01704546874998414,240.545655,240.56270046875
Trombone,57,59,B3,127,0.34659119791666626,240.545655,240.89224619791668
Trombone,57,56,G#3,127,0.09090916666667681,240.95474625,241.04565541666668
Trombone,57,54,F#3,127,0.09090916666667681,241.09111,241.18201916666666
Trombone,57,54,F#3,127,0.10795463541666095,241.22747375,241.33542838541666
Trombone,57,54,F#3,127,0.17613651041665435,241.50020125,241.67633776041666
Trombone,57,61,C#4,127,0.1136364583333318,242.18202,242.29565645833333
Trombone,57,61,C#4,127,0.1136364583333318,242.4547475,242.56838395833333
Trombone,57,66,F#4,127,0.38068213541666296,242.727475,243.10815713541666
Trombone,57,63,D#4,127,0.09090916666667681,243.13656625,243.22747541666666
Trombone,57,61,C#4,127,0.09090916666664839,243.27293,243.36383916666665
Trombone,57,61,C#4,127,0.10227281250001852,243.40929375,243.5115665625
Trombone,57,61,C#4,127,0.2954547916666854,243.68202125,243.97747604166668
Trombone,57,56,G#3,127,0.09090916666664839,244.0911125,244.18202166666666
Trombone,57,56,G#3,127,0.10795463541666095,244.36384,244.47179463541667
Trombone,57,58,A#3,127,0.13636375000001522,244.63656749999998,244.77293125
Trombone,57,59,B3,127,0.3295457291666821,244.909295,245.23884072916667
Trombone,57,56,G#3,127,0.09659098958331924,245.31838625,245.41497723958332
Trombone,57,54,F#3,127,0.0795455208333351,245.45475,245.53429552083333
Trombone,57,54,F#3,127,0.10795463541666095,245.59111375,245.69906838541667
Trombone,57,54,F#3,127,0.14204557291665765,245.86384125,246.00588682291666
Trombone,57,57,A3,127,0.2045456249999802,276.8184125,277.022958125
Trombone,57,53,F3,127,0.26704567708333116,276.8184125,277.08545817708335
Trombone,57,58,A#3,127,0.11931828125000266,277.09114,277.21045828125
Trombone,57,54,F#3,127,0.1250001041666451,277.09114,277.21614010416664
Trombone,57,54,F#3,127,0.11931828125000266,277.36386749999997,277.48318578125
Trombone,57,58,A#3,127,0.12500010416670193,277.36386749999997,277.48886760416667
Trombone,57,51,D#3,127,0.1590910416666702,277.9093225,278.06841354166664
Trombone,57,59,B3,127,0.16477286458336948,277.9093225,278.07409536458334
Trombone,57,54,F#3,127,0.13068192708334436,278.31841375,278.44909567708333
Trombone,57,63,D#4,127,0.1363637499999868,278.31841375,278.4547775
Trombone,57,51,D#3,127,0.2045456249999802,278.59114125,278.795686875
Trombone,57,59,B3,127,0.2613638541666319,278.59114125,278.85250510416665
Trombone,57,55,G3,127,0.2613638541666887,279.0002325,279.26159635416667
Trombone,57,52,E3,127,0.26704567708333116,279.0002325,279.2672781770833
Trombone,57,53,F3,127,0.13068192708334436,279.27296,279.40364192708336
Trombone,57,56,G#3,127,0.1363637499999868,279.27296,279.40932375
Trombone,57,53,F3,127,0.12500010416670193,279.5456875,279.6706876041667
Trombone,57,56,G#3,127,0.1477273958333285,279.5456875,279.6934148958333
Trombone,57,56,G#3,127,0.1363637499999868,280.0911425,280.22750625
Trombone,57,59,B3,127,0.1590910416666702,280.0911425,280.25023354166666
Trombone,57,59,B3,127,0.11931828125000266,280.50023375,280.61955203125
Trombone,57,63,D#4,127,0.1590910416666702,280.50023375,280.6593247916667
Trombone,57,59,B3,127,0.3011366145833563,280.77296125,281.07409786458334
Trombone,57,56,G#3,127,0.3068184374999987,280.77296125,281.0797796875
Trombone,57,53,F3,127,0.24431838541664774,281.1820525,281.42637088541665
Trombone,57,57,A3,127,0.24431838541664774,281.1820525,281.42637088541665
Trombone,57,58,A#3,127,0.12500010416670193,281.45477999999997,281.5797801041667
Trombone,57,54,F#3,127,0.13636375000004364,281.45477999999997,281.59114375
Trombone,57,54,F#3,127,0.1250001041666451,281.7275075,281.85250760416665
Trombone,57,58,A#3,127,0.15340921874997093,281.7275075,281.88091671875
Trombone,57,51,D#3,127,0.1250001041666451,282.2729625,282.39796260416665
Trombone,57,59,B3,127,0.24431838541664774,282.2729625,282.51728088541665
Trombone,57,54,F#3,127,0.10795463541666095,282.68205375,282.7900083854167
Trombone,57,63,D#4,127,0.14204557291662923,282.68205375,282.82409932291665
Trombone,57,51,D#3,127,0.3011366145833563,282.95478125,283.25591786458335
Trombone,57,59,B3,127,0.32386390624998285,282.95478125,283.27864515625
Trombone,57,55,G3,127,0.2272729166666636,283.3638725,283.5911454166667
Trombone,57,52,E3,127,0.2500002083332902,283.3638725,283.6138727083333
Trombone,57,53,F3,127,0.10227281250001852,283.6366,283.7388728125
Trombone,57,56,G#3,127,0.11363645833336022,283.6366,283.75023645833335
Trombone,57,53,F3,127,0.11931828125000266,283.9093275,284.02864578125
Trombone,57,56,G#3,127,0.1477273958333285,283.9093275,284.05705489583335
Trombone,57,56,G#3,127,0.1477273958333285,284.4547825,284.60250989583335
Trombone,57,59,B3,127,0.2045456249999802,284.4547825,284.659328125
Trombone,57,59,B3,127,0.12500010416670193,284.86387375,284.9888738541667
Trombone,57,63,D#4,127,0.13636375000004364,284.86387375,285.0002375
Trombone,57,59,B3,127,0.42613671875000136,285.13660125,285.56273796875
Trombone,57,56,G#3,127,0.42613671875000136,285.13660125,285.56273796875
Trombone,57,58,A#3,127,0.3181820833333404,294.5457,294.86388208333335
Trombone,57,66,F#4,127,0.32386390624998285,294.5457,294.86956390625
Trombone,57,58,A#3,97,0.005681822916642432,294.86956390625,294.87524572916664
Trombone,57,65,F4,86,0.02272729166662657,294.86388208333335,294.886609375
Trombone,57,56,G#3,35,0.07386369791669267,294.8184275,294.8922911979167
Trombone,57,63,D#4,127,0.045454583333309984,294.86388208333335,294.90933666666666
Trombone,57,56,G#3,127,0.011363645833284863,294.90365484375,294.9150184895833
Trombone,57,54,F#3,81,0.0795455208333351,294.84115479166667,294.9207003125
Trombone,57,61,C#4,48,0.03977276041666755,294.886609375,294.92638213541665
Trombone,57,59,B3,52,0.03409093750002512,294.90933666666666,294.9434276041667
Trombone,57,54,F#3,99,0.011363645833341707,294.93774578125,294.94910942708333
Trombone,57,53,F3,53,0.0681818749999934,294.88092755208334,294.94910942708333
Trombone,57,51,D#3,54,0.05113640625000926,294.9150184895833,294.9661548958333
Trombone,57,58,A#3,48,0.03977276041666755,294.92638213541665,294.9661548958333
Trombone,57,53,F3,105,0.011363645833341707,294.96047307291667,294.97183671875
Trombone,57,56,G#3,39,0.005681822916699275,294.97751854166665,294.98320036458335
Trombone,57,51,D#3,92,0.005681822916642432,294.98320036458335,294.9888821875
Trombone,57,49,C#3,64,0.03977276041666755,294.94910942708333,294.9888821875
Slap Bass 1,36,30,F#1,127,0.18750015625000005,2.18182,2.36932015625
Slap Bass 1,36,37,C#2,127,0.15909104166666665,2.4545475,2.6136385416666665
Slap Bass 1,36,34,A#1,127,0.3295457291666666,2.727275,3.0568207291666667
Slap Bass 1,36,39,D#2,127,0.18181833333333364,3.40909375,3.5909120833333334
Slap Bass 1,36,35,B1,127,0.2272729166666667,3.68182125,3.9090941666666668
Slap Bass 1,36,32,G#1,127,0.17045468750000037,3.95454875,4.1250034375
Slap Bass 1,36,37,C#2,127,0.14772739583333294,4.0909125,4.238639895833333
Slap Bass 1,36,37,C#2,127,0.22159109375000074,4.6363674999999995,4.85795859375
Slap Bass 1,36,35,B1,127,0.329545729166667,4.909095,5.238640729166667
Slap Bass 1,36,35,B1,115,0.11363645833333269,5.59091375,5.704550208333333
Slap Bass 1,36,35,B1,127,0.23295473958333357,5.86364125,6.096595989583333
Slap Bass 1,36,32,G#1,127,0.07954552083333333,6.13636875,6.215914270833333
Slap Bass 1,36,30,F#1,127,0.15340921875000024,6.2727325,6.42614171875
Slap Bass 1,36,30,F#1,127,0.1875001562499996,6.54546,6.73296015625
Slap Bass 1,36,37,C#2,127,0.15909104166666665,6.8181875,6.977278541666666
Slap Bass 1,36,34,A#1,127,0.329545729166667,7.090915,7.420460729166667
Slap Bass 1,36,39,D#2,127,0.18181833333333408,7.7727337499999996,7.954552083333334
Slap Bass 1,36,35,B1,127,0.22727291666666538,8.04546125,8.272734166666666
Slap Bass 1,36,32,G#1,127,0.17045468750000126,8.31818875,8.4886434375
Slap Bass 1,36,37,C#2,127,0.14772739583333383,8.4545525,8.602279895833334
Slap Bass 1,36,37,C#2,127,0.22159109374999986,9.0000075,9.22159859375
Slap Bass 1,36,35,B1,127,0.3295457291666679,9.272734999999999,9.602280729166667
Slap Bass 1,36,39,D#2,115,0.11363645833333358,9.95455375,10.068190208333334
Slap Bass 1,36,35,B1,127,0.23295473958333268,10.22728125,10.460235989583333
Slap Bass 1,36,32,G#1,127,0.07954552083333333,10.50000875,10.579554270833333
Slap Bass 1,36,30,F#1,127,0.15340921874999935,10.6363725,10.78978171875
Slap Bass 1,36,30,F#1,127,0.1875001562499996,10.9091,11.09660015625
Slap Bass 1,36,37,C#2,127,0.15909104166666665,11.1818275,11.340918541666667
Slap Bass 1,36,34,A#1,127,0.3295457291666679,11.454555,11.784100729166667
Slap Bass 1,36,39,D#2,127,0.1818183333333323,12.13637375,12.318192083333333
Slap Bass 1,36,35,B1,127,0.22727291666666716,12.409101249999999,12.636374166666666
Slap Bass 1,36,32,G#1,127,0.17045468750000126,12.68182875,12.8522834375
Slap Bass 1,36,37,C#2,127,0.14772739583333205,12.8181925,12.965919895833332
Slap Bass 1,36,37,C#2,127,0.22159109375000163,13.363647499999999,13.58523859375
Slap Bass 1,36,35,B1,127,0.3295457291666679,13.636375,13.965920729166667
Slap Bass 1,36,39,D#2,115,0.1136364583333318,14.31819375,14.431830208333333
Slap Bass 1,36,35,B1,127,0.23295473958333446,14.59092125,14.823875989583334
Slap Bass 1,36,32,G#1,127,0.07954552083333333,14.86364875,14.943194270833333
Slap Bass 1,36,30,F#1,127,0.15340921874999935,15.0000125,15.15342171875
Slap Bass 1,36,30,F#1,127,0.1875001562499996,15.27274,15.46024015625
Slap Bass 1,36,37,C#2,127,0.15909104166666665,15.545467499999999,15.704558541666666
Slap Bass 1,36,34,A#1,127,0.3295457291666679,15.818195,16.147740729166667
Slap Bass 1,36,39,D#2,127,0.1818183333333323,16.50001375,16.681832083333333
Slap Bass 1,36,35,B1,127,0.22727291666666716,16.77274125,17.000014166666666
Slap Bass 1,36,32,G#1,127,0.1704546874999977,17.04546875,17.2159234375
Slap Bass 1,36,37,C#2,127,0.1477273958333356,17.1818325,17.329559895833334
Slap Bass 1,36,37,C#2,127,0.22159109374999986,17.7272875,17.94887859375
Slap Bass 1,36,35,B1,127,0.32954572916666436,18.000015,18.329560729166666
Slap Bass 1,36,39,D#2,115,0.11363645833333536,18.68183375,18.795470208333334
Slap Bass 1,36,35,B1,127,0.2329547395833309,18.95456125,19.187515989583332
Slap Bass 1,36,32,G#1,127,0.0795455208333351,19.22728875,19.306834270833335
Slap Bass 1,36,30,F#1,127,0.15340921874999935,19.3636525,19.51706171875
Slap Bass 1,36,30,F#1,127,0.18750015625002447,133.09102,133.27852015625
Slap Bass 1,36,37,C#2,127,0.1590910416666702,133.3637475,133.52283854166666
Slap Bass 1,36,34,A#1,127,0.3295457291666821,133.636475,133.96602072916667
Slap Bass 1,36,39,D#2,127,0.1818183333333252,134.31829375,134.50011208333333
Slap Bass 1,36,35,B1,127,0.2272729166666636,134.59102125,134.81829416666667
Slap Bass 1,36,32,G#1,127,0.17045468750001191,134.86374874999998,135.0342034375
Slap Bass 1,36,37,C#2,127,0.1477273958333285,135.0001125,135.14783989583333
Slap Bass 1,36,37,C#2,127,0.22159109374999275,135.5455675,135.76715859375
Slap Bass 1,36,35,B1,127,0.3295457291666537,135.818295,136.14784072916666
Slap Bass 1,36,35,B1,115,0.1136364583333318,136.50011375,136.61375020833333
Slap Bass 1,36,35,B1,127,0.23295473958333446,136.77284125,137.00579598958333
Slap Bass 1,36,32,G#1,127,0.0795455208333351,137.04556875,137.12511427083334
Slap Bass 1,36,30,F#1,127,0.15340921874999935,137.1819325,137.33534171875
Slap Bass 1,36,30,F#1,127,0.18750015624999605,137.45466,137.64216015625
Slap Bass 1,36,37,C#2,127,0.1590910416666702,137.7273875,137.88647854166666
Slap Bass 1,36,34,A#1,127,0.3295457291666821,138.000115,138.32966072916668
Slap Bass 1,36,39,D#2,127,0.18181833333335362,138.68193374999998,138.86375208333334
Slap Bass 1,36,35,B1,127,0.22727291666669203,138.95466125,139.18193416666668
Slap Bass 1,36,32,G#1,127,0.17045468750001191,139.22738875,139.3978434375
Slap Bass 1,36,37,C#2,127,0.1477273958333285,139.3637525,139.51147989583333
Slap Bass 1,36,37,C#2,127,0.22159109374999275,139.9092075,140.13079859375
Slap Bass 1,36,35,B1,127,0.3295457291666537,140.181935,140.51148072916666
Slap Bass 1,36,39,D#2,115,0.1136364583333318,140.86375375,140.97739020833333
Slap Bass 1,36,35,B1,127,0.23295473958333446,141.13648125,141.36943598958334
Slap Bass 1,36,32,G#1,127,0.0795455208333351,141.40920875,141.48875427083334
Slap Bass 1,36,30,F#1,127,0.15340921874999935,141.5455725,141.69898171875
Slap Bass 1,36,30,F#1,127,0.18750015624999605,141.8183,142.00580015625
Slap Bass 1,36,37,C#2,127,0.1590910416666702,142.0910275,142.25011854166667
Slap Bass 1,36,34,A#1,127,0.3295457291666537,142.363755,142.69330072916665
Slap Bass 1,36,39,D#2,127,0.18181833333335362,143.04557375,143.22739208333334
Slap Bass 1,36,35,B1,127,0.2272729166666636,143.31830125,143.54557416666665
Slap Bass 1,36,32,G#1,127,0.17045468750001191,143.59102875,143.7614834375
Slap Bass 1,36,37,C#2,127,0.1477273958333285,143.7273925,143.87511989583334
Slap Bass 1,36,37,C#2,127,0.22159109374999275,144.2728475,144.49443859375
Slap Bass 1,36,35,B1,127,0.3295457291666821,144.54557499999999,144.87512072916667
Slap Bass 1,36,39,D#2,115,0.1136364583333318,145.22739375,145.34103020833334
Slap Bass 1,36,35,B1,127,0.23295473958333446,145.50012125,145.73307598958334
Slap Bass 1,36,32,G#1,127,0.0795455208333351,145.77284875,145.85239427083334
Slap Bass 1,36,30,F#1,127,0.15340921874999935,145.9092125,146.06262171875
Slap Bass 1,36,30,F#1,127,0.18750015624999605,146.18194,146.36944015625
Slap Bass 1,36,37,C#2,127,0.1590910416666702,146.4546675,146.61375854166667
Slap Bass 1,36,34,A#1,127,0.3295457291666537,146.727395,147.05694072916666
Slap Bass 1,36,39,D#2,127,0.18181833333335362,147.40921375,147.59103208333335
Slap Bass 1,36,35,B1,127,0.2272729166666636,147.68194125,147.90921416666666
Slap Bass 1,36,32,G#1,127,0.17045468750001191,147.95466875,148.1251234375
Slap Bass 1,36,37,C#2,127,0.1477273958333285,148.0910325,148.23875989583334
Slap Bass 1,36,37,C#2,127,0.22159109375002117,148.6364875,148.85807859375
Slap Bass 1,36,35,B1,127,0.3295457291666821,148.909215,149.23876072916667
Slap Bass 1,36,39,D#2,115,0.1136364583333318,149.59103375,149.70467020833334
Slap Bass 1,36,35,B1,127,0.23295473958333446,149.86376125,150.09671598958334
Slap Bass 1,36,32,G#1,127,0.07954552083330668,150.13648875,150.21603427083332
Slap Bass 1,36,30,F#1,127,0.15340921874999935,150.2728525,150.42626171875
Electric Guitar (jazz),26,42,F#2,127,0.18750015625000005,2.18182,2.36932015625
Electric Guitar (jazz),26,49,C#3,127,0.15909104166666665,2.4545475,2.6136385416666665
Electric Guitar (jazz),26,46,A#2,127,0.3295457291666666,2.727275,3.0568207291666667
Electric Guitar (jazz),26,51,D#3,127,0.18181833333333364,3.40909375,3.5909120833333334
Electric Guitar (jazz),26,47,B2,127,0.2272729166666667,3.68182125,3.9090941666666668
Electric Guitar (jazz),26,44,G#2,127,0.17045468750000037,3.95454875,4.1250034375
Electric Guitar (jazz),26,49,C#3,127,0.14772739583333294,4.0909125,4.238639895833333
Electric Guitar (jazz),26,49,C#3,127,0.22159109375000074,4.6363674999999995,4.85795859375
Electric Guitar (jazz),26,47,B2,127,0.329545729166667,4.909095,5.238640729166667
Electric Guitar (jazz),26,47,B2,115,0.11363645833333269,5.59091375,5.704550208333333
Electric Guitar (jazz),26,47,B2,127,0.23295473958333357,5.86364125,6.096595989583333
Electric Guitar (jazz),26,44,G#2,127,0.07954552083333333,6.13636875,6.215914270833333
Electric Guitar (jazz),26,42,F#2,127,0.15340921875000024,6.2727325,6.42614171875
Electric Guitar (jazz),26,42,F#2,127,0.1875001562499996,6.54546,6.73296015625
Electric Guitar (jazz),26,49,C#3,127,0.15909104166666665,6.8181875,6.977278541666666
Electric Guitar (jazz),26,46,A#2,127,0.329545729166667,7.090915,7.420460729166667
Electric Guitar (jazz),26,51,D#3,127,0.18181833333333408,7.7727337499999996,7.954552083333334
Electric Guitar (jazz),26,47,B2,127,0.22727291666666538,8.04546125,8.272734166666666
Electric Guitar (jazz),26,44,G#2,127,0.17045468750000126,8.31818875,8.4886434375
Electric Guitar (jazz),26,49,C#3,127,0.14772739583333383,8.4545525,8.602279895833334
Electric Guitar (jazz),26,49,C#3,127,0.22159109374999986,9.0000075,9.22159859375
Electric Guitar (jazz),26,47,B2,127,0.3295457291666679,9.272734999999999,9.602280729166667
Electric Guitar (jazz),26,51,D#3,115,0.11363645833333358,9.95455375,10.068190208333334
Electric Guitar (jazz),26,47,B2,127,0.23295473958333268,10.22728125,10.460235989583333
Electric Guitar (jazz),26,44,G#2,127,0.07954552083333333,10.50000875,10.579554270833333
Electric Guitar (jazz),26,42,F#2,127,0.15340921874999935,10.6363725,10.78978171875
Electric Guitar (jazz),26,42,F#2,127,0.1875001562499996,10.9091,11.09660015625
Electric Guitar (jazz),26,49,C#3,127,0.15909104166666665,11.1818275,11.340918541666667
Electric Guitar (jazz),26,46,A#2,127,0.3295457291666679,11.454555,11.784100729166667
Electric Guitar (jazz),26,51,D#3,127,0.1818183333333323,12.13637375,12.318192083333333
Electric Guitar (jazz),26,47,B2,127,0.22727291666666716,12.409101249999999,12.636374166666666
Electric Guitar (jazz),26,44,G#2,127,0.17045468750000126,12.68182875,12.8522834375
Electric Guitar (jazz),26,49,C#3,127,0.14772739583333205,12.8181925,12.965919895833332
Electric Guitar (jazz),26,49,C#3,127,0.22159109375000163,13.363647499999999,13.58523859375
Electric Guitar (jazz),26,47,B2,127,0.3295457291666679,13.636375,13.965920729166667
Electric Guitar (jazz),26,51,D#3,115,0.1136364583333318,14.31819375,14.431830208333333
Electric Guitar (jazz),26,47,B2,127,0.23295473958333446,14.59092125,14.823875989583334
Electric Guitar (jazz),26,44,G#2,127,0.07954552083333333,14.86364875,14.943194270833333
Electric Guitar (jazz),26,42,F#2,127,0.15340921874999935,15.0000125,15.15342171875
Electric Guitar (jazz),26,42,F#2,127,0.1875001562499996,15.27274,15.46024015625
Electric Guitar (jazz),26,49,C#3,127,0.15909104166666665,15.545467499999999,15.704558541666666
Electric Guitar (jazz),26,46,A#2,127,0.3295457291666679,15.818195,16.147740729166667
Electric Guitar (jazz),26,51,D#3,127,0.1818183333333323,16.50001375,16.681832083333333
Electric Guitar (jazz),26,47,B2,127,0.22727291666666716,16.77274125,17.000014166666666
Electric Guitar (jazz),26,44,G#2,127,0.1704546874999977,17.04546875,17.2159234375
Electric Guitar (jazz),26,49,C#3,127,0.1477273958333356,17.1818325,17.329559895833334
Electric Guitar (jazz),26,49,C#3,127,0.22159109374999986,17.7272875,17.94887859375
Electric Guitar (jazz),26,47,B2,127,0.32954572916666436,18.000015,18.329560729166666
Electric Guitar (jazz),26,51,D#3,115,0.11363645833333536,18.68183375,18.795470208333334
Electric Guitar (jazz),26,47,B2,127,0.2329547395833309,18.95456125,19.187515989583332
Electric Guitar (jazz),26,44,G#2,127,0.0795455208333351,19.22728875,19.306834270833335
Electric Guitar (jazz),26,42,F#2,127,0.15340921874999935,19.3636525,19.51706171875
Electric Guitar (jazz),26,42,F#2,127,0.18750015625002447,133.09102,133.27852015625
Electric Guitar (jazz),26,49,C#3,127,0.1590910416666702,133.3637475,133.52283854166666
Electric Guitar (jazz),26,46,A#2,127,0.3295457291666821,133.636475,133.96602072916667
Electric Guitar (jazz),26,51,D#3,127,0.1818183333333252,134.31829375,134.50011208333333
Electric Guitar (jazz),26,47,B2,127,0.2272729166666636,134.59102125,134.81829416666667
Electric Guitar (jazz),26,44,G#2,127,0.17045468750001191,134.86374874999998,135.0342034375
Electric Guitar (jazz),26,49,C#3,127,0.1477273958333285,135.0001125,135.14783989583333
Electric Guitar (jazz),26,49,C#3,127,0.22159109374999275,135.5455675,135.76715859375
Electric Guitar (jazz),26,47,B2,127,0.3295457291666537,135.818295,136.14784072916666
Electric Guitar (jazz),26,47,B2,115,0.1136364583333318,136.50011375,136.61375020833333
Electric Guitar (jazz),26,47,B2,127,0.23295473958333446,136.77284125,137.00579598958333
Electric Guitar (jazz),26,44,G#2,127,0.0795455208333351,137.04556875,137.12511427083334
Electric Guitar (jazz),26,42,F#2,127,0.15340921874999935,137.1819325,137.33534171875
Electric Guitar (jazz),26,42,F#2,127,0.18750015624999605,137.45466,137.64216015625
Electric Guitar (jazz),26,49,C#3,127,0.1590910416666702,137.7273875,137.88647854166666
Electric Guitar (jazz),26,46,A#2,127,0.3295457291666821,138.000115,138.32966072916668
Electric Guitar (jazz),26,51,D#3,127,0.18181833333335362,138.68193374999998,138.86375208333334
Electric Guitar (jazz),26,47,B2,127,0.22727291666669203,138.95466125,139.18193416666668
Electric Guitar (jazz),26,44,G#2,127,0.17045468750001191,139.22738875,139.3978434375
Electric Guitar (jazz),26,49,C#3,127,0.1477273958333285,139.3637525,139.51147989583333
Electric Guitar (jazz),26,49,C#3,127,0.22159109374999275,139.9092075,140.13079859375
Electric Guitar (jazz),26,47,B2,127,0.3295457291666537,140.181935,140.51148072916666
Electric Guitar (jazz),26,51,D#3,115,0.1136364583333318,140.86375375,140.97739020833333
Electric Guitar (jazz),26,47,B2,127,0.23295473958333446,141.13648125,141.36943598958334
Electric Guitar (jazz),26,44,G#2,127,0.0795455208333351,141.40920875,141.48875427083334
Electric Guitar (jazz),26,42,F#2,127,0.15340921874999935,141.5455725,141.69898171875
Electric Guitar (jazz),26,42,F#2,127,0.18750015624999605,141.8183,142.00580015625
Electric Guitar (jazz),26,49,C#3,127,0.1590910416666702,142.0910275,142.25011854166667
Electric Guitar (jazz),26,46,A#2,127,0.3295457291666537,142.363755,142.69330072916665
Electric Guitar (jazz),26,51,D#3,127,0.18181833333335362,143.04557375,143.22739208333334
Electric Guitar (jazz),26,47,B2,127,0.2272729166666636,143.31830125,143.54557416666665
Electric Guitar (jazz),26,44,G#2,127,0.17045468750001191,143.59102875,143.7614834375
Electric Guitar (jazz),26,49,C#3,127,0.1477273958333285,143.7273925,143.87511989583334
Electric Guitar (jazz),26,49,C#3,127,0.22159109374999275,144.2728475,144.49443859375
Electric Guitar (jazz),26,47,B2,127,0.3295457291666821,144.54557499999999,144.87512072916667
Electric Guitar (jazz),26,51,D#3,115,0.1136364583333318,145.22739375,145.34103020833334
Electric Guitar (jazz),26,47,B2,127,0.23295473958333446,145.50012125,145.73307598958334
Electric Guitar (jazz),26,44,G#2,127,0.0795455208333351,145.77284875,145.85239427083334
Electric Guitar (jazz),26,42,F#2,127,0.15340921874999935,145.9092125,146.06262171875
Electric Guitar (jazz),26,42,F#2,127,0.18750015624999605,146.18194,146.36944015625
Electric Guitar (jazz),26,49,C#3,127,0.1590910416666702,146.4546675,146.61375854166667
Electric Guitar (jazz),26,46,A#2,127,0.3295457291666537,146.727395,147.05694072916666
Electric Guitar (jazz),26,51,D#3,127,0.18181833333335362,147.40921375,147.59103208333335
Electric Guitar (jazz),26,47,B2,127,0.2272729166666636,147.68194125,147.90921416666666
Electric Guitar (jazz),26,44,G#2,127,0.17045468750001191,147.95466875,148.1251234375
Electric Guitar (jazz),26,49,C#3,127,0.1477273958333285,148.0910325,148.23875989583334
Electric Guitar (jazz),26,49,C#3,127,0.22159109375002117,148.6364875,148.85807859375
Electric Guitar (jazz),26,47,B2,127,0.3295457291666821,148.909215,149.23876072916667
Electric Guitar (jazz),26,51,D#3,115,0.1136364583333318,149.59103375,149.70467020833334
Electric Guitar (jazz),26,47,B2,127,0.23295473958333446,149.86376125,150.09671598958334
Electric Guitar (jazz),26,44,G#2,127,0.07954552083330668,150.13648875,150.21603427083332
Electric Guitar (jazz),26,42,F#2,127,0.15340921874999935,150.2728525,150.42626171875
Percussion,-1,63,D#4,127,0.02840911458333295,5.45455,5.482959114583333
Percussion,-1,51,D#3,127,0.05681822916666679,5.45455,5.511368229166667
Percussion,-1,42,F#2,100,0.05681822916666679,5.45455,5.511368229166667
Percussion,-1,65,F4,110,0.07386369791666603,5.45455,5.528413697916666
Percussion,-1,35,B1,127,0.10227281249999987,5.45455,5.5568228125
Percussion,-1,42,F#2,100,0.0568182291666659,5.59091375,5.647731979166666
Percussion,-1,51,D#3,127,0.0625000520833332,5.59091375,5.6534138020833336
Percussion,-1,63,D#4,127,0.06818187499999961,5.59091375,5.659095625
Percussion,-1,65,F4,110,0.07954552083333333,5.59091375,5.670459270833334
Percussion,-1,35,B1,127,0.09659098958333256,5.59091375,5.687504739583333
Percussion,-1,51,D#3,127,0.05681822916666679,5.86364125,5.9204594791666665
Percussion,-1,63,D#4,127,0.0625000520833332,5.86364125,5.926141302083333
Percussion,-1,42,F#2,100,0.0625000520833332,5.86364125,5.926141302083333
Percussion,-1,65,F4,110,0.07386369791666691,5.86364125,5.937504947916667
Percussion,-1,35,B1,127,0.08522734375000063,5.86364125,5.94886859375
Percussion,-1,51,D#3,127,0.05681822916666679,6.000005,6.056823229166667
Percussion,-1,42,F#2,100,0.0681818750000005,6.000005,6.068186875
Percussion,-1,63,D#4,127,0.07954552083333333,6.000005,6.079550520833333
Percussion,-1,65,F4,110,0.09659098958333345,6.000005,6.096595989583333
Percussion,-1,35,B1,127,0.10227281249999987,6.000005,6.1022778125
Percussion,-1,51,D#3,127,0.05681822916666679,6.2727325,6.329550729166667
Percussion,-1,42,F#2,100,0.07954552083333333,6.2727325,6.352278020833333
Percussion,-1,63,D#4,127,0.09090916666666615,6.2727325,6.363641666666666
Percussion,-1,65,F4,110,0.09659098958333345,6.2727325,6.3693234895833335
Percussion,-1,35,B1,127,0.13636375000000012,6.2727325,6.40909625
Percussion,-1,56,G#3,127,0.22159109374999986,6.54546,6.76705109375
Percussion,-1,46,A#2,127,0.09659098958333345,6.8181875,6.914778489583333
Percussion,-1,42,F#2,100,0.0681818750000005,7.090915,7.159096875
Percussion,-1,56,G#3,127,0.1931819791666669,7.090915,7.284096979166667
Percussion,-1,46,A#2,127,0.06818187499999961,7.3636425,7.431824375
Percussion,-1,35,B1,127,0.26704567708333293,7.3636425,7.630688177083333
Percussion,-1,42,F#2,100,0.0681818750000005,7.630688177083333,7.6988700520833335
Percussion,-1,56,G#3,127,0.22159109374999986,7.63637,7.85796109375
Percussion,-1,46,A#2,127,0.09659098958333345,7.9090975,8.005688489583333
Percussion,-1,42,F#2,100,0.0681818750000005,8.181825,8.250006875
Percussion,-1,56,G#3,127,0.1931819791666669,8.181825,8.375006979166667
Percussion,-1,46,A#2,127,0.0681818750000005,8.4545525,8.522734375
Percussion,-1,35,B1,127,0.26704567708333293,8.4545525,8.721598177083333
Percussion,-1,42,F#2,100,0.0681818750000005,8.721598177083333,8.789780052083334
Percussion,-1,56,G#3,127,0.22159109374999986,8.72728,8.94887109375
Percussion,-1,46,A#2,127,0.09659098958333345,9.0000075,9.096598489583334
Percussion,-1,42,F#2,100,0.0681818750000005,9.272734999999999,9.340916875
Percussion,-1,56,G#3,127,0.1931819791666669,9.272734999999999,9.465916979166666
Percussion,-1,46,A#2,127,0.0681818750000005,9.5454625,9.613644375
Percussion,-1,35,B1,127,0.2670456770833347,9.5454625,9.812508177083334
Percussion,-1,42,F#2,100,0.06818187499999873,9.812508177083334,9.880690052083333
Percussion,-1,56,G#3,127,0.22159109374999986,9.81819,10.03978109375
Percussion,-1,46,A#2,127,0.09659098958333345,10.0909175,10.187508489583333
Percussion,-1,42,F#2,100,0.0681818750000005,10.363645,10.431826875
Percussion,-1,56,G#3,127,0.1931819791666669,10.363645,10.556826979166667
Percussion,-1,46,A#2,127,0.0681818750000005,10.6363725,10.704554375
Percussion,-1,35,B1,127,0.26704567708333293,10.6363725,10.903418177083333
Percussion,-1,42,F#2,100,0.0681818750000005,10.903418177083333,10.971600052083334
Percussion,-1,56,G#3,127,0.22159109374999986,10.9091,11.13069109375
Percussion,-1,46,A#2,127,0.09659098958333168,11.1818275,11.278418489583332
Percussion,-1,42,F#2,100,0.0681818750000005,11.454555,11.522736875
Percussion,-1,56,G#3,127,0.1931819791666669,11.454555,11.647736979166666
Percussion,-1,46,A#2,127,0.0681818750000005,11.7272825,11.795464375
Percussion,-1,35,B1,127,0.2670456770833347,11.7272825,11.994328177083334
Percussion,-1,42,F#2,100,0.06818187499999873,11.994328177083334,12.062510052083333
Percussion,-1,56,G#3,127,0.22159109374999986,12.00001,12.22160109375
Percussion,-1,46,A#2,127,0.09659098958333345,12.2727375,12.369328489583333
Percussion,-1,42,F#2,100,0.0681818750000005,12.545465,12.613646875
Percussion,-1,56,G#3,127,0.1931819791666669,12.545465,12.738646979166667
Percussion,-1,46,A#2,127,0.06818187499999873,12.8181925,12.886374374999999
Percussion,-1,35,B1,127,0.26704567708333293,12.8181925,13.085238177083333
Percussion,-1,42,F#2,100,0.0681818750000005,13.085238177083333,13.153420052083334
Percussion,-1,56,G#3,127,0.22159109374999986,13.09092,13.31251109375
Percussion,-1,46,A#2,127,0.09659098958333345,13.363647499999999,13.460238489583332
Percussion,-1,42,F#2,100,0.0681818750000005,13.636375,13.704556875
Percussion,-1,56,G#3,127,0.1931819791666669,13.636375,13.829556979166666
Percussion,-1,46,A#2,127,0.0681818750000005,13.9091025,13.977284375
Percussion,-1,35,B1,127,0.26704567708333293,13.9091025,14.176148177083332
Percussion,-1,42,F#2,100,0.0681818750000005,14.176148177083332,14.244330052083333
Percussion,-1,56,G#3,127,0.22159109374999986,14.18183,14.40342109375
Percussion,-1,46,A#2,127,0.09659098958333345,14.4545575,14.551148489583333
Percussion,-1,42,F#2,100,0.0681818750000005,14.727285,14.795466875
Percussion,-1,56,G#3,127,0.1931819791666669,14.727285,14.920466979166667
Percussion,-1,46,A#2,127,0.06818187499999873,15.0000125,15.068194375
Percussion,-1,35,B1,127,0.26704567708333293,15.0000125,15.267058177083333
Percussion,-1,42,F#2,100,0.0681818750000005,15.267058177083333,15.335240052083334
Percussion,-1,56,G#3,127,0.22159109374999986,15.27274,15.49433109375
Percussion,-1,46,A#2,127,0.09659098958333345,15.545467499999999,15.642058489583333
Percussion,-1,42,F#2,100,0.0681818750000005,15.818195,15.886376875
Percussion,-1,56,G#3,127,0.1931819791666669,15.818195,16.011376979166666
Percussion,-1,46,A#2,127,0.06818187499999695,16.0909225,16.159104375
Percussion,-1,35,B1,127,0.26704567708333116,16.0909225,16.357968177083333
Percussion,-1,42,F#2,100,0.0681818750000005,16.357968177083333,16.426150052083333
Percussion,-1,56,G#3,127,0.22159109374999986,16.36365,16.58524109375
Percussion,-1,46,A#2,127,0.09659098958333345,16.6363775,16.73296848958333
Percussion,-1,42,F#2,100,0.0681818750000005,16.909105,16.977286875
Percussion,-1,56,G#3,127,0.1931819791666669,16.909105,17.102286979166667
Percussion,-1,46,A#2,127,0.0681818750000005,17.1818325,17.250014375
Percussion,-1,35,B1,127,0.2670456770833347,17.1818325,17.448878177083333
Percussion,-1,42,F#2,100,0.0681818750000005,17.448878177083333,17.517060052083334
Percussion,-1,56,G#3,127,0.22159109374999986,17.45456,17.67615109375
Percussion,-1,46,A#2,127,0.09659098958333345,17.7272875,17.823878489583333
Percussion,-1,42,F#2,100,0.06818187499999695,18.000015,18.068196874999998
Percussion,-1,56,G#3,127,0.1931819791666669,18.000015,18.193196979166668
Percussion,-1,46,A#2,127,0.0681818750000005,18.2727425,18.340924375
Percussion,-1,35,B1,127,0.2670456770833347,18.2727425,18.539788177083334
Percussion,-1,42,F#2,100,0.0681818750000005,18.539788177083334,18.607970052083335
Percussion,-1,56,G#3,127,0.2215910937500034,18.545469999999998,18.76706109375
Percussion,-1,46,A#2,127,0.09659098958333345,18.8181975,18.914788489583334
Percussion,-1,42,F#2,100,0.0681818750000005,19.090925,19.159106875
Percussion,-1,56,G#3,127,0.1931819791666669,19.090925,19.284106979166665
Percussion,-1,46,A#2,127,0.0681818750000005,19.3636525,19.431834375
Percussion,-1,35,B1,127,0.26704567708333116,19.3636525,19.63069817708333
Percussion,-1,42,F#2,100,0.0681818750000005,19.63069817708333,19.698880052083332
Percussion,-1,56,G#3,127,0.22159109374999986,19.63638,19.85797109375
Percussion,-1,46,A#2,127,0.09659098958333345,19.9091075,20.005698489583335
Percussion,-1,42,F#2,100,0.0681818750000005,20.181835,20.250016875
Percussion,-1,56,G#3,127,0.1931819791666669,20.181835,20.375016979166666
Percussion,-1,46,A#2,127,0.06818187499999695,20.4545625,20.522744375
Percussion,-1,35,B1,127,0.26704567708333116,20.4545625,20.721608177083333
Percussion,-1,42,F#2,100,0.0681818750000005,20.721608177083333,20.789790052083333
Percussion,-1,56,G#3,127,0.22159109374999986,20.72729,20.94888109375
Percussion,-1,46,A#2,127,0.09659098958333345,21.0000175,21.096608489583332
Percussion,-1,42,F#2,100,0.0681818750000005,21.272745,21.340926875
Percussion,-1,56,G#3,127,0.1931819791666669,21.272745,21.465926979166667
Percussion,-1,46,A#2,127,0.0681818750000005,21.5454725,21.613654375
Percussion,-1,35,B1,127,0.2670456770833347,21.5454725,21.812518177083334
Percussion,-1,42,F#2,100,0.0681818750000005,21.812518177083334,21.880700052083334
Percussion,-1,56,G#3,127,0.22159109374999986,21.8182,22.03979109375
Percussion,-1,46,A#2,127,0.09659098958333345,22.0909275,22.187518489583333
Percussion,-1,42,F#2,100,0.06818187499999695,22.363655,22.431836875
Percussion,-1,56,G#3,127,0.19318197916666335,22.363655,22.556836979166665
Percussion,-1,46,A#2,127,0.0681818750000005,22.6363825,22.704564375
Percussion,-1,35,B1,127,0.2670456770833347,22.6363825,22.903428177083335
Percussion,-1,42,F#2,100,0.06818187499999695,22.903428177083335,22.97161005208333
Percussion,-1,56,G#3,127,0.22159109374999986,22.90911,23.130701093749998
Percussion,-1,46,A#2,127,0.09659098958333345,23.1818375,23.278428489583334
Percussion,-1,42,F#2,100,0.0681818750000005,23.454565,23.522746875
Percussion,-1,56,G#3,127,0.1931819791666669,23.454565,23.647746979166666
Percussion,-1,46,A#2,127,0.0681818750000005,23.7272925,23.795474375
Percussion,-1,35,B1,127,0.26704567708333116,23.7272925,23.994338177083332
Percussion,-1,42,F#2,100,0.0681818750000005,23.994338177083332,24.062520052083332
Percussion,-1,56,G#3,127,0.22159109374999986,24.00002,24.22161109375
Percussion,-1,46,A#2,127,0.09659098958333345,24.2727475,24.369338489583335
Percussion,-1,42,F#2,100,0.0681818750000005,24.545475,24.613656875
Percussion,-1,56,G#3,127,0.1931819791666669,24.545475,24.738656979166667
Percussion,-1,46,A#2,127,0.0681818750000005,24.818202499999998,24.886384375
Percussion,-1,35,B1,127,0.2670456770833347,24.818202499999998,25.085248177083333
Percussion,-1,42,F#2,100,0.0681818750000005,25.085248177083333,25.153430052083333
Percussion,-1,56,G#3,127,0.22159109374999986,25.09093,25.31252109375
Percussion,-1,46,A#2,127,0.09659098958333345,25.3636575,25.460248489583332
Percussion,-1,42,F#2,100,0.0681818750000005,25.636385,25.704566875
Percussion,-1,56,G#3,127,0.1931819791666669,25.636385,25.829566979166668
Percussion,-1,46,A#2,127,0.0681818750000005,25.9091125,25.977294375
Percussion,-1,35,B1,127,0.2670456770833347,25.9091125,26.176158177083334
Percussion,-1,42,F#2,100,0.0681818750000005,26.176158177083334,26.244340052083334
Percussion,-1,56,G#3,127,0.22159109374999986,26.18184,26.40343109375
Percussion,-1,46,A#2,127,0.09659098958333345,26.4545675,26.551158489583333
Percussion,-1,42,F#2,100,0.0681818750000005,26.727294999999998,26.795476875
Percussion,-1,56,G#3,127,0.1931819791666669,26.727294999999998,26.920476979166665
Percussion,-1,46,A#2,127,0.0681818750000005,27.0000225,27.068204375
Percussion,-1,35,B1,127,0.2670456770833347,27.0000225,27.267068177083335
Percussion,-1,42,F#2,100,0.06818187499999695,27.267068177083335,27.33525005208333
Percussion,-1,56,G#3,127,0.22159109374999986,27.27275,27.49434109375
Percussion,-1,46,A#2,127,0.09659098958333345,27.5454775,27.642068489583334
Percussion,-1,42,F#2,100,0.0681818750000005,27.818205,27.886386875
Percussion,-1,56,G#3,127,0.1931819791666669,27.818205,28.011386979166666
Percussion,-1,46,A#2,127,0.0681818750000005,28.0909325,28.159114375
Percussion,-1,35,B1,127,0.26704567708333116,28.0909325,28.357978177083332
Percussion,-1,42,F#2,100,0.0681818750000005,28.357978177083332,28.426160052083333
Percussion,-1,56,G#3,127,0.22159109374999986,28.36366,28.58525109375
Percussion,-1,46,A#2,127,0.0965909895833299,28.6363875,28.73297848958333
Percussion,-1,42,F#2,100,0.0681818750000005,28.909115,28.977296875
Percussion,-1,56,G#3,127,0.1931819791666669,28.909115,29.102296979166667
Percussion,-1,46,A#2,127,0.0681818750000005,29.1818425,29.250024375
Percussion,-1,35,B1,127,0.2670456770833347,29.1818425,29.448888177083333
Percussion,-1,42,F#2,100,0.0681818750000005,29.448888177083333,29.517070052083334
Percussion,-1,56,G#3,127,0.22159109374999986,29.45457,29.67616109375
Percussion,-1,46,A#2,127,0.09659098958333345,29.7272975,29.823888489583332
Percussion,-1,42,F#2,100,0.0681818750000005,30.000025,30.068206875
Percussion,-1,56,G#3,127,0.1931819791666669,30.000025,30.193206979166668
Percussion,-1,46,A#2,127,0.0681818750000005,30.2727525,30.340934375
Percussion,-1,35,B1,127,0.2670456770833347,30.2727525,30.539798177083334
Percussion,-1,42,F#2,100,0.0681818750000005,30.539798177083334,30.607980052083334
Percussion,-1,56,G#3,127,0.22159109374999986,30.54548,30.76707109375
Percussion,-1,46,A#2,127,0.09659098958333345,30.8182075,30.914798489583333
Percussion,-1,42,F#2,100,0.0681818750000005,31.090934999999998,31.159116875
Percussion,-1,56,G#3,127,0.1931819791666669,31.090934999999998,31.284116979166665
Percussion,-1,46,A#2,127,0.0681818750000005,31.3636625,31.431844375
Percussion,-1,35,B1,127,0.26704567708333116,31.3636625,31.63070817708333
Percussion,-1,42,F#2,100,0.0681818750000005,31.63070817708333,31.698890052083332
Percussion,-1,56,G#3,127,0.22159109374999986,31.63639,31.85798109375
Percussion,-1,46,A#2,127,0.09659098958333345,31.9091175,32.005708489583334
Percussion,-1,42,F#2,100,0.0681818750000005,32.181845,32.250026875
Percussion,-1,56,G#3,127,0.1931819791666669,32.181845,32.37502697916667
Percussion,-1,46,A#2,127,0.0681818750000005,32.4545725,32.522754375
Percussion,-1,35,B1,127,0.26704567708333826,32.4545725,32.721618177083336
Percussion,-1,42,F#2,100,0.0681818750000005,32.721618177083336,32.789800052083336
Percussion,-1,56,G#3,127,0.22159109374999986,32.7273,32.94889109375
Percussion,-1,46,A#2,127,0.09659098958333345,33.0000275,33.096618489583335
Percussion,-1,42,F#2,100,0.0681818750000005,33.272755,33.340936875
Percussion,-1,56,G#3,127,0.1931819791666669,33.272755,33.46593697916666
Percussion,-1,46,A#2,127,0.0681818750000005,33.5454825,33.613664375
Percussion,-1,35,B1,127,0.26704567708333116,33.5454825,33.81252817708333
Percussion,-1,42,F#2,100,0.0681818750000005,33.81252817708333,33.88071005208333
Percussion,-1,56,G#3,127,0.22159109374999986,33.81821,34.03980109375
Percussion,-1,46,A#2,127,0.09659098958333345,34.0909375,34.187528489583336
Percussion,-1,42,F#2,100,0.0681818750000005,34.363665,34.431846875
Percussion,-1,56,G#3,127,0.1931819791666669,34.363665,34.556846979166664
Percussion,-1,46,A#2,127,0.0681818750000005,34.6363925,34.704574375
Percussion,-1,35,B1,127,0.26704567708333116,34.6363925,34.90343817708333
Percussion,-1,42,F#2,100,0.0681818750000005,34.90343817708333,34.97162005208333
Percussion,-1,56,G#3,127,0.22159109374999986,34.90912,35.13071109375
Percussion,-1,46,A#2,127,0.09659098958333345,35.181847499999996,35.27843848958333
Percussion,-1,42,F#2,100,0.0681818750000005,35.454575,35.522756875
Percussion,-1,56,G#3,127,0.1931819791666669,35.454575,35.647756979166665
Percussion,-1,46,A#2,127,0.0681818750000005,35.7273025,35.795484375
Percussion,-1,35,B1,127,0.26704567708333116,35.7273025,35.99434817708333
Percussion,-1,42,F#2,100,0.0681818750000005,35.99434817708333,36.06253005208333
Percussion,-1,56,G#3,127,0.22159109374999986,36.00003,36.22162109375
Percussion,-1,46,A#2,127,0.09659098958333345,36.2727575,36.36934848958333
Percussion,-1,42,F#2,100,0.0681818750000005,36.545485,36.613666875
Percussion,-1,56,G#3,127,0.1931819791666669,36.545485,36.738666979166666
Percussion,-1,46,A#2,127,0.0681818750000005,36.8182125,36.886394375
Percussion,-1,35,B1,127,0.26704567708333116,36.8182125,37.08525817708333
Percussion,-1,42,F#2,100,0.0681818750000005,37.08525817708333,37.15344005208333
Percussion,-1,56,G#3,127,0.22159109375000696,37.090939999999996,37.31253109375
Percussion,-1,46,A#2,127,0.09659098958333345,37.3636675,37.46025848958333
Percussion,-1,42,F#2,100,0.0681818750000005,37.636395,37.704576875
Percussion,-1,56,G#3,127,0.1931819791666669,37.636395,37.82957697916667
Percussion,-1,46,A#2,127,0.0681818750000005,37.9091225,37.977304375
Percussion,-1,35,B1,127,0.26704567708333116,37.9091225,38.17616817708333
Percussion,-1,42,F#2,100,0.0681818750000005,38.17616817708333,38.244350052083334
Percussion,-1,56,G#3,127,0.22159109374999986,38.18185,38.40344109375
Percussion,-1,46,A#2,127,0.09659098958333345,38.4545775,38.55116848958333
Percussion,-1,42,F#2,100,0.0681818750000005,38.727305,38.795486875
Percussion,-1,56,G#3,127,0.1931819791666669,38.727305,38.92048697916667
Percussion,-1,46,A#2,127,0.0681818749999934,39.0000325,39.068214375
Percussion,-1,35,B1,127,0.26704567708333116,39.0000325,39.267078177083334
Percussion,-1,42,F#2,100,0.0681818750000005,39.267078177083334,39.335260052083335
Percussion,-1,56,G#3,127,0.22159109374999986,39.27276,39.49435109375
Percussion,-1,46,A#2,127,0.09659098958333345,39.5454875,39.642078489583334
Percussion,-1,42,F#2,100,0.0681818750000005,39.818215,39.886396875
Percussion,-1,56,G#3,127,0.1931819791666669,39.818215,40.01139697916667
Percussion,-1,46,A#2,127,0.0681818750000005,40.0909425,40.159124375
Percussion,-1,35,B1,127,0.26704567708333826,40.0909425,40.357988177083335
Percussion,-1,42,F#2,100,0.0681818750000005,40.357988177083335,40.426170052083336
Percussion,-1,56,G#3,127,0.22159109374999986,40.36367,40.58526109375
Percussion,-1,46,A#2,127,0.09659098958333345,40.6363975,40.732988489583335
Percussion,-1,42,F#2,100,0.0681818749999934,40.909125,40.977306875
Percussion,-1,56,G#3,127,0.1931819791666598,40.909125,41.10230697916666
Percussion,-1,46,A#2,127,0.0681818750000005,41.1818525,41.250034375
Percussion,-1,35,B1,127,0.26704567708333826,41.1818525,41.448898177083336
Percussion,-1,42,F#2,100,0.0681818749999934,41.448898177083336,41.51708005208333
Percussion,-1,56,G#3,127,0.22159109374999986,41.45458,41.67617109375
Percussion,-1,46,A#2,127,0.09659098958333345,41.7273075,41.823898489583335
Percussion,-1,42,F#2,100,0.0681818750000005,42.000035,42.068216875
Percussion,-1,56,G#3,127,0.1931819791666669,42.000035,42.193216979166664
Percussion,-1,46,A#2,127,0.0681818750000005,42.2727625,42.340944375
Percussion,-1,35,B1,127,0.26704567708333116,42.2727625,42.53980817708333
Percussion,-1,42,F#2,100,0.0681818750000005,42.53980817708333,42.60799005208333
Percussion,-1,56,G#3,127,0.22159109374999986,42.54549,42.76708109375
Percussion,-1,46,A#2,127,0.09659098958333345,42.8182175,42.914808489583336
Percussion,-1,42,F#2,100,0.0681818750000005,43.090945,43.159126875
Percussion,-1,56,G#3,127,0.1931819791666669,43.090945,43.284126979166665
Percussion,-1,46,A#2,127,0.0681818750000005,43.3636725,43.431854375
Percussion,-1,35,B1,127,0.26704567708333116,43.3636725,43.63071817708333
Percussion,-1,42,F#2,100,0.0681818750000005,43.63071817708333,43.69890005208333
Percussion,-1,56,G#3,127,0.22159109374999986,43.6364,43.85799109375
Percussion,-1,46,A#2,127,0.09659098958333345,43.9091275,44.00571848958333
Percussion,-1,42,F#2,100,0.0681818750000005,44.181855,44.250036875
Percussion,-1,56,G#3,127,0.1931819791666669,44.181855,44.375036979166666
Percussion,-1,46,A#2,127,0.0681818750000005,44.4545825,44.522764375
Percussion,-1,35,B1,127,0.26704567708333116,44.4545825,44.72162817708333
Percussion,-1,42,F#2,100,0.0681818750000005,44.72162817708333,44.78981005208333
Percussion,-1,56,G#3,127,0.22159109374999986,44.72731,44.94890109375
Percussion,-1,46,A#2,127,0.09659098958333345,45.0000375,45.09662848958333
Percussion,-1,42,F#2,100,0.0681818750000005,45.272765,45.340946875
Percussion,-1,56,G#3,127,0.1931819791666669,45.272765,45.46594697916667
Percussion,-1,46,A#2,127,0.0681818750000005,45.5454925,45.613674375
Percussion,-1,35,B1,127,0.26704567708333116,45.5454925,45.81253817708333
Percussion,-1,42,F#2,100,0.0681818750000005,45.81253817708333,45.88072005208333
Percussion,-1,56,G#3,127,0.22159109374999986,45.81822,46.03981109375
Percussion,-1,46,A#2,127,0.09659098958333345,46.0909475,46.18753848958333
Percussion,-1,42,F#2,100,0.0681818750000005,46.363675,46.431856875
Percussion,-1,56,G#3,127,0.1931819791666669,46.363675,46.55685697916667
Percussion,-1,46,A#2,127,0.0681818750000005,46.6364025,46.704584375
Percussion,-1,35,B1,127,0.26704567708333116,46.6364025,46.903448177083334
Percussion,-1,42,F#2,100,0.0681818750000005,46.903448177083334,46.971630052083334
Percussion,-1,56,G#3,127,0.22159109374999986,46.90913,47.13072109375
Percussion,-1,46,A#2,127,0.09659098958333345,47.1818575,47.27844848958333
Percussion,-1,42,F#2,100,0.0681818750000005,47.454585,47.522766875
Percussion,-1,56,G#3,127,0.1931819791666669,47.454585,47.64776697916667
Percussion,-1,46,A#2,127,0.0681818750000005,47.7273125,47.795494375
Percussion,-1,35,B1,127,0.26704567708333826,47.7273125,47.994358177083335
Percussion,-1,42,F#2,100,0.0681818750000005,47.994358177083335,48.062540052083335
Percussion,-1,56,G#3,127,0.22159109374999986,48.00004,48.22163109375
Percussion,-1,46,A#2,127,0.09659098958333345,48.2727675,48.369358489583334
Percussion,-1,42,F#2,100,0.0681818750000005,48.545495,48.613676875
Percussion,-1,56,G#3,127,0.1931819791666669,48.545495,48.73867697916667
Percussion,-1,46,A#2,127,0.0681818750000005,48.8182225,48.886404375
Percussion,-1,35,B1,127,0.26704567708333826,48.8182225,49.085268177083336
Percussion,-1,42,F#2,100,0.0681818750000005,49.085268177083336,49.153450052083336
Percussion,-1,56,G#3,127,0.22159109374999986,49.09095,49.31254109375
Percussion,-1,46,A#2,127,0.09659098958333345,49.3636775,49.460268489583335
Percussion,-1,42,F#2,100,0.0681818750000005,49.636404999999996,49.704586875
Percussion,-1,56,G#3,127,0.1931819791666669,49.636404999999996,49.82958697916666
Percussion,-1,46,A#2,127,0.0681818750000005,49.9091325,49.977314375
Percussion,-1,35,B1,127,0.26704567708333116,49.9091325,50.17617817708333
Percussion,-1,42,F#2,100,0.0681818750000005,50.17617817708333,50.24436005208333
Percussion,-1,56,G#3,127,0.22159109374999986,50.18186,50.40345109375
Percussion,-1,46,A#2,127,0.09659098958333345,50.4545875,50.551178489583336
Percussion,-1,42,F#2,100,0.0681818750000005,50.727315,50.795496875
Percussion,-1,56,G#3,127,0.1931819791666669,50.727315,50.920496979166664
Percussion,-1,46,A#2,127,0.0681818750000005,51.0000425,51.068224375
Percussion,-1,35,B1,127,0.26704567708333116,51.0000425,51.26708817708333
Percussion,-1,42,F#2,100,0.0681818750000005,51.26708817708333,51.33527005208333
Percussion,-1,56,G#3,127,0.22159109374999986,51.27277,51.49436109375
Percussion,-1,46,A#2,127,0.09659098958333345,51.545497499999996,51.64208848958333
Percussion,-1,42,F#2,100,0.0681818750000005,51.818225,51.886406875
Percussion,-1,56,G#3,127,0.1931819791666669,51.818225,52.011406979166665
Percussion,-1,46,A#2,127,0.0681818750000005,52.0909525,52.159134375
Percussion,-1,35,B1,127,0.26704567708333116,52.0909525,52.35799817708333
Percussion,-1,42,F#2,100,0.0681818750000005,52.35799817708333,52.42618005208333
Percussion,-1,56,G#3,127,0.22159109374999986,52.36368,52.58527109375
Percussion,-1,46,A#2,127,0.09659098958333345,52.6364075,52.73299848958333
Percussion,-1,42,F#2,100,0.0681818750000005,52.909135,52.977316875
Percussion,-1,56,G#3,127,0.1931819791666669,52.909135,53.102316979166666
Percussion,-1,46,A#2,127,0.0681818750000005,53.1818625,53.250044375
Percussion,-1,35,B1,127,0.26704567708333116,53.1818625,53.44890817708333
Percussion,-1,42,F#2,100,0.0681818750000005,53.44890817708333,53.51709005208333
Percussion,-1,56,G#3,127,0.22159109375000696,53.454589999999996,53.67618109375
Percussion,-1,46,A#2,127,0.09659098958333345,53.7273175,53.82390848958333
Percussion,-1,42,F#2,100,0.0681818750000005,54.000045,54.068226875
Percussion,-1,56,G#3,127,0.1931819791666669,54.000045,54.19322697916667
Percussion,-1,46,A#2,127,0.0681818750000005,54.2727725,54.340954375
Percussion,-1,35,B1,127,0.26704567708333116,54.2727725,54.53981817708333
Percussion,-1,42,F#2,100,0.0681818750000005,54.53981817708333,54.608000052083334
Percussion,-1,56,G#3,127,0.22159109374999986,54.5455,54.76709109375
Percussion,-1,46,A#2,127,0.09659098958333345,54.8182275,54.91481848958333
Percussion,-1,42,F#2,100,0.0681818750000005,55.090955,55.159136875
Percussion,-1,56,G#3,127,0.1931819791666669,55.090955,55.28413697916667
Percussion,-1,46,A#2,127,0.0681818749999934,55.3636825,55.431864374999996
Percussion,-1,35,B1,127,0.26704567708333116,55.3636825,55.630728177083334
Percussion,-1,42,F#2,100,0.0681818750000005,55.630728177083334,55.698910052083335
Percussion,-1,56,G#3,127,0.22159109374999986,55.63641,55.85800109375
Percussion,-1,46,A#2,127,0.09659098958333345,55.9091375,56.00572848958333
Percussion,-1,42,F#2,100,0.0681818750000005,56.181865,56.250046875
Percussion,-1,56,G#3,127,0.1931819791666669,56.181865,56.37504697916667
Percussion,-1,46,A#2,127,0.0681818750000005,56.4545925,56.522774375
Percussion,-1,35,B1,127,0.26704567708333826,56.4545925,56.721638177083335
Percussion,-1,42,F#2,100,0.0681818750000005,56.721638177083335,56.789820052083336
Percussion,-1,56,G#3,127,0.22159109374999986,56.72732,56.94891109375
Percussion,-1,46,A#2,127,0.09659098958333345,57.0000475,57.096638489583334
Percussion,-1,42,F#2,100,0.0681818749999934,57.272775,57.340956874999996
Percussion,-1,56,G#3,127,0.1931819791666598,57.272775,57.46595697916666
Percussion,-1,46,A#2,127,0.0681818750000005,57.5455025,57.613684375
Percussion,-1,35,B1,127,0.26704567708333826,57.5455025,57.812548177083336
Percussion,-1,42,F#2,100,0.0681818749999934,57.812548177083336,57.88073005208333
Percussion,-1,56,G#3,127,0.22159109374999986,57.81823,58.03982109375
Percussion,-1,46,A#2,127,0.09659098958333345,58.0909575,58.187548489583335
Percussion,-1,42,F#2,100,0.0681818750000005,58.363685,58.431866875
Percussion,-1,56,G#3,127,0.1931819791666669,58.363685,58.556866979166664
Percussion,-1,46,A#2,127,0.0681818750000005,58.6364125,58.704594375
Percussion,-1,35,B1,127,0.26704567708333116,58.6364125,58.90345817708333
Percussion,-1,42,F#2,100,0.0681818750000005,58.90345817708333,58.97164005208333
Percussion,-1,56,G#3,127,0.22159109374999986,58.90914,59.13073109375
Percussion,-1,46,A#2,127,0.09659098958333345,59.1818675,59.278458489583336
Percussion,-1,42,F#2,100,0.0681818750000005,59.454595,59.522776875
Percussion,-1,56,G#3,127,0.1931819791666669,59.454595,59.647776979166665
Percussion,-1,46,A#2,127,0.0681818750000005,59.7273225,59.795504375
Percussion,-1,35,B1,127,0.26704567708333116,59.7273225,59.99436817708333
Percussion,-1,42,F#2,100,0.0681818750000005,59.99436817708333,60.06255005208333
Percussion,-1,56,G#3,127,0.22159109374999986,60.00005,60.22164109375
Percussion,-1,46,A#2,127,0.09659098958333345,60.2727775,60.36936848958333
Percussion,-1,42,F#2,100,0.0681818750000005,60.545505,60.613686875
Percussion,-1,56,G#3,127,0.1931819791666669,60.545505,60.738686979166665
Percussion,-1,46,A#2,127,0.0681818750000005,60.8182325,60.886414375
Percussion,-1,35,B1,127,0.26704567708333116,60.8182325,61.08527817708333
Percussion,-1,42,F#2,100,0.0681818750000005,61.08527817708333,61.15346005208333
Percussion,-1,56,G#3,127,0.22159109374999986,61.09096,61.31255109375
Percussion,-1,46,A#2,127,0.09659098958333345,61.3636875,61.46027848958333
Percussion,-1,42,F#2,100,0.0681818750000005,61.636415,61.704596875
Percussion,-1,56,G#3,127,0.1931819791666669,61.636415,61.829596979166666
Percussion,-1,46,A#2,127,0.0681818750000005,61.9091425,61.977324375
Percussion,-1,35,B1,127,0.26704567708333116,61.9091425,62.17618817708333
Percussion,-1,42,F#2,100,0.0681818750000005,62.17618817708333,62.24437005208333
Percussion,-1,56,G#3,127,0.22159109374999986,62.181869999999996,62.403461093749996
Percussion,-1,46,A#2,127,0.09659098958333345,62.4545975,62.55118848958333
Percussion,-1,42,F#2,100,0.0681818750000005,62.727325,62.795506875
Percussion,-1,56,G#3,127,0.1931819791666669,62.727325,62.92050697916667
Percussion,-1,46,A#2,127,0.0681818750000005,63.0000525,63.068234375
Percussion,-1,35,B1,127,0.26704567708333116,63.0000525,63.267098177083334
Percussion,-1,42,F#2,100,0.0681818750000005,63.267098177083334,63.335280052083334
Percussion,-1,56,G#3,127,0.22159109374999986,63.27278,63.49437109375
Percussion,-1,46,A#2,127,0.09659098958333345,63.5455075,63.64209848958333
Percussion,-1,42,F#2,100,0.0681818750000005,63.818235,63.886416875
Percussion,-1,56,G#3,127,0.1931819791666669,63.818235,64.01141697916667
Percussion,-1,46,A#2,127,0.0681818749999934,64.0909625,64.159144375
Percussion,-1,35,B1,127,0.26704567708333116,64.0909625,64.35800817708333
Percussion,-1,42,F#2,100,0.0681818749999934,64.35800817708333,64.42619005208333
Percussion,-1,56,G#3,127,0.22159109374999275,64.36369,64.58528109375
Percussion,-1,46,A#2,127,0.09659098958333345,64.6364175,64.73300848958333
Percussion,-1,42,F#2,100,0.06818187500000761,64.909145,64.977326875
Percussion,-1,56,G#3,127,0.1931819791666669,64.909145,65.10232697916666
Percussion,-1,46,A#2,127,0.06818187500000761,65.1818725,65.250054375
Percussion,-1,35,B1,127,0.26704567708333116,65.1818725,65.44891817708333
Percussion,-1,42,F#2,100,0.06818187500000761,65.44891817708333,65.51710005208334
Percussion,-1,56,G#3,127,0.22159109375000696,65.4546,65.67619109375
Percussion,-1,46,A#2,127,0.09659098958333345,65.7273275,65.82391848958333
Percussion,-1,42,F#2,100,0.0681818749999934,66.000055,66.068236875
Percussion,-1,56,G#3,127,0.1931819791666669,66.000055,66.19323697916667
Percussion,-1,46,A#2,127,0.0681818749999934,66.2727825,66.340964375
Percussion,-1,35,B1,127,0.26704567708333116,66.2727825,66.53982817708334
Percussion,-1,42,F#2,100,0.0681818749999934,66.53982817708334,66.60801005208333
Percussion,-1,56,G#3,127,0.22159109375000696,66.54551,66.76710109375
Percussion,-1,46,A#2,127,0.09659098958333345,66.8182375,66.91482848958333
Percussion,-1,42,F#2,100,0.06818187500000761,67.090965,67.159146875
Percussion,-1,56,G#3,127,0.1931819791666669,67.090965,67.28414697916666
Percussion,-1,46,A#2,127,0.0681818749999934,67.3636925,67.43187437499999
Percussion,-1,35,B1,127,0.26704567708333116,67.3636925,67.63073817708333
Percussion,-1,42,F#2,100,0.06818187500000761,67.63073817708333,67.69892005208334
Percussion,-1,56,G#3,127,0.22159109374999275,67.63642,67.85801109375
Percussion,-1,46,A#2,127,0.09659098958333345,67.9091475,68.00573848958334
Percussion,-1,42,F#2,100,0.0681818749999934,68.181875,68.250056875
Percussion,-1,56,G#3,127,0.1931819791666669,68.181875,68.37505697916667
Percussion,-1,46,A#2,127,0.06818187500000761,68.4546025,68.522784375
Percussion,-1,35,B1,127,0.26704567708334537,68.4546025,68.72164817708334
Percussion,-1,42,F#2,100,0.0681818749999934,68.72164817708334,68.78983005208333
Percussion,-1,56,G#3,127,0.22159109375000696,68.72733,68.94892109375
Percussion,-1,46,A#2,127,0.09659098958333345,69.0000575,69.09664848958333
Percussion,-1,42,F#2,100,0.0681818749999934,69.272785,69.34096687499999
Percussion,-1,56,G#3,127,0.1931819791666669,69.272785,69.46596697916667
Percussion,-1,46,A#2,127,0.0681818749999934,69.5455125,69.613694375
Percussion,-1,35,B1,127,0.26704567708333116,69.5455125,69.81255817708333
Percussion,-1,42,F#2,100,0.06818187500000761,69.81255817708333,69.88074005208334
Percussion,-1,56,G#3,127,0.22159109374999275,69.81824,70.03983109375
Percussion,-1,46,A#2,127,0.09659098958333345,70.0909675,70.18755848958334
Percussion,-1,42,F#2,100,0.06818187500000761,70.36369499999999,70.431876875
Percussion,-1,56,G#3,127,0.1931819791666669,70.36369499999999,70.55687697916666
Percussion,-1,46,A#2,127,0.06818187500000761,70.6364225,70.704604375
Percussion,-1,35,B1,127,0.26704567708333116,70.6364225,70.90346817708333
Percussion,-1,42,F#2,100,0.06818187500000761,70.90346817708333,70.97165005208333
Percussion,-1,56,G#3,127,0.22159109375000696,70.90915,71.13074109375
Percussion,-1,46,A#2,127,0.09659098958333345,71.1818775,71.27846848958333
Percussion,-1,42,F#2,100,0.0681818749999934,71.454605,71.522786875
Percussion,-1,56,G#3,127,0.1931819791666669,71.454605,71.64778697916667
Percussion,-1,46,A#2,127,0.0681818749999934,71.7273325,71.795514375
Percussion,-1,35,B1,127,0.26704567708333116,71.7273325,71.99437817708333
Percussion,-1,42,F#2,100,0.0681818749999934,71.99437817708333,72.06256005208333
Percussion,-1,56,G#3,127,0.22159109374999275,72.00006,72.22165109375
Percussion,-1,46,A#2,127,0.09659098958333345,72.27278749999999,72.36937848958333
Percussion,-1,42,F#2,100,0.06818187500000761,72.545515,72.613696875
Percussion,-1,56,G#3,127,0.1931819791666669,72.545515,72.73869697916666
Percussion,-1,46,A#2,127,0.06818187500000761,72.8182425,72.886424375
Percussion,-1,35,B1,127,0.26704567708333116,72.8182425,73.08528817708333
Percussion,-1,42,F#2,100,0.06818187500000761,73.08528817708333,73.15347005208334
Percussion,-1,56,G#3,127,0.22159109375000696,73.09097,73.31256109375
Percussion,-1,46,A#2,127,0.09659098958333345,73.3636975,73.46028848958333
Percussion,-1,42,F#2,100,0.0681818749999934,73.636425,73.704606875
Percussion,-1,56,G#3,127,0.1931819791666669,73.636425,73.82960697916667
Percussion,-1,46,A#2,127,0.0681818749999934,73.9091525,73.977334375
Percussion,-1,35,B1,127,0.26704567708333116,73.9091525,74.17619817708334
Percussion,-1,42,F#2,100,0.0681818749999934,74.17619817708334,74.24438005208333
Percussion,-1,56,G#3,127,0.22159109375000696,74.18187999999999,74.40347109375
Percussion,-1,46,A#2,127,0.09659098958333345,74.4546075,74.55119848958333
Percussion,-1,42,F#2,100,0.06818187500000761,74.727335,74.795516875
Percussion,-1,56,G#3,127,0.1931819791666669,74.727335,74.92051697916666
Percussion,-1,46,A#2,127,0.06818187500000761,75.0000625,75.068244375
Percussion,-1,35,B1,127,0.26704567708333116,75.0000625,75.26710817708333
Percussion,-1,42,F#2,100,0.06818187500000761,75.26710817708333,75.33529005208334
Percussion,-1,56,G#3,127,0.22159109374999275,75.27279,75.49438109375
Percussion,-1,46,A#2,127,0.09659098958333345,75.5455175,75.64210848958334
Percussion,-1,42,F#2,100,0.0681818749999934,75.818245,75.886426875
Percussion,-1,56,G#3,127,0.1931819791666669,75.818245,76.01142697916667
Percussion,-1,46,A#2,127,0.06818187500000761,76.09097249999999,76.159154375
Percussion,-1,35,B1,127,0.26704567708334537,76.09097249999999,76.35801817708334
Percussion,-1,42,F#2,100,0.0681818749999934,76.35801817708334,76.42620005208333
Percussion,-1,56,G#3,127,0.22159109375000696,76.3637,76.58529109375
Percussion,-1,46,A#2,127,0.09659098958333345,76.6364275,76.73301848958333
Percussion,-1,42,F#2,100,0.06818187500000761,76.909155,76.977336875
Percussion,-1,56,G#3,127,0.1931819791666669,76.909155,77.10233697916667
Percussion,-1,46,A#2,127,0.0681818749999934,77.1818825,77.250064375
Percussion,-1,35,B1,127,0.26704567708333116,77.1818825,77.44892817708333
Percussion,-1,42,F#2,100,0.06818187500000761,77.44892817708333,77.51711005208334
Percussion,-1,56,G#3,127,0.22159109374999275,77.45461,77.67620109375
Percussion,-1,46,A#2,127,0.09659098958333345,77.7273375,77.82392848958334
Percussion,-1,42,F#2,100,0.0681818749999934,78.000065,78.068246875
Percussion,-1,56,G#3,127,0.1931819791666527,78.000065,78.19324697916666
Percussion,-1,46,A#2,127,0.06818187500000761,78.2727925,78.340974375
Percussion,-1,35,B1,127,0.26704567708334537,78.2727925,78.53983817708334
Percussion,-1,42,F#2,100,0.0681818749999934,78.53983817708334,78.60802005208333
Percussion,-1,56,G#3,127,0.22159109375000696,78.54552,78.76711109375
Percussion,-1,46,A#2,127,0.09659098958333345,78.8182475,78.91483848958333
Percussion,-1,42,F#2,100,0.0681818749999934,79.090975,79.159156875
Percussion,-1,56,G#3,127,0.1931819791666669,79.090975,79.28415697916667
Percussion,-1,46,A#2,127,0.0681818749999934,79.3637025,79.431884375
Percussion,-1,35,B1,127,0.26704567708333116,79.3637025,79.63074817708333
Percussion,-1,42,F#2,100,0.0681818749999934,79.63074817708333,79.69893005208333
Percussion,-1,56,G#3,127,0.22159109374999275,79.63643,79.85802109375
Percussion,-1,46,A#2,127,0.09659098958333345,79.9091575,80.00574848958334
Percussion,-1,42,F#2,100,0.06818187500000761,80.181885,80.250066875
Percussion,-1,56,G#3,127,0.1931819791666669,80.181885,80.37506697916666
Percussion,-1,46,A#2,127,0.06818187500000761,80.4546125,80.522794375
Percussion,-1,35,B1,127,0.26704567708333116,80.4546125,80.72165817708333
Percussion,-1,42,F#2,100,0.06818187500000761,80.72165817708333,80.78984005208333
Percussion,-1,56,G#3,127,0.22159109375000696,80.72734,80.94893109375
Percussion,-1,46,A#2,127,0.09659098958333345,81.0000675,81.09665848958333
Percussion,-1,42,F#2,100,0.0681818749999934,81.272795,81.340976875
Percussion,-1,56,G#3,127,0.1931819791666669,81.272795,81.46597697916667
Percussion,-1,46,A#2,127,0.0681818749999934,81.5455225,81.613704375
Percussion,-1,35,B1,127,0.26704567708333116,81.5455225,81.81256817708334
Percussion,-1,42,F#2,100,0.0681818749999934,81.81256817708334,81.88075005208333
Percussion,-1,56,G#3,127,0.22159109374999275,81.81825,82.03984109375
Percussion,-1,46,A#2,127,0.09659098958333345,82.0909775,82.18756848958333
Percussion,-1,42,F#2,100,0.06818187500000761,82.363705,82.431886875
Percussion,-1,56,G#3,127,0.1931819791666669,82.363705,82.55688697916666
Percussion,-1,46,A#2,127,0.06818187500000761,82.6364325,82.704614375
Percussion,-1,35,B1,127,0.26704567708333116,82.6364325,82.90347817708333
Percussion,-1,42,F#2,100,0.06818187500000761,82.90347817708333,82.97166005208334
Percussion,-1,56,G#3,127,0.22159109374999275,82.90916,83.13075109374999
Percussion,-1,46,A#2,127,0.09659098958333345,83.1818875,83.27847848958334
Percussion,-1,42,F#2,100,0.0681818749999934,83.454615,83.522796875
Percussion,-1,56,G#3,127,0.1931819791666669,83.454615,83.64779697916667
Percussion,-1,46,A#2,127,0.0681818749999934,83.7273425,83.795524375
Percussion,-1,35,B1,127,0.26704567708333116,83.7273425,83.99438817708334
Percussion,-1,42,F#2,100,0.0681818749999934,83.99438817708334,84.06257005208333
Percussion,-1,56,G#3,127,0.22159109375000696,84.00007,84.22166109375
Percussion,-1,46,A#2,127,0.09659098958333345,84.2727975,84.36938848958333
Percussion,-1,42,F#2,100,0.06818187500000761,84.545525,84.613706875
Percussion,-1,56,G#3,127,0.1931819791666669,84.545525,84.73870697916666
Percussion,-1,46,A#2,127,0.0681818749999934,84.8182525,84.886434375
Percussion,-1,35,B1,127,0.26704567708333116,84.8182525,85.08529817708333
Percussion,-1,42,F#2,100,0.06818187500000761,85.08529817708333,85.15348005208334
Percussion,-1,56,G#3,127,0.22159109374999275,85.09098,85.31257109375
Percussion,-1,46,A#2,127,0.09659098958333345,85.3637075,85.46029848958334
Percussion,-1,42,F#2,100,0.0681818749999934,85.636435,85.704616875
Percussion,-1,56,G#3,127,0.1931819791666669,85.636435,85.82961697916667
Percussion,-1,46,A#2,127,0.06818187500000761,85.9091625,85.977344375
Percussion,-1,35,B1,127,0.26704567708334537,85.9091625,86.17620817708334
Percussion,-1,42,F#2,100,0.0681818749999934,86.17620817708334,86.24439005208333
Percussion,-1,56,G#3,127,0.22159109375000696,86.18189,86.40348109375
Percussion,-1,46,A#2,127,0.09659098958333345,86.4546175,86.55120848958333
Percussion,-1,42,F#2,100,0.0681818749999934,86.727345,86.795526875
Percussion,-1,56,G#3,127,0.1931819791666669,86.727345,86.92052697916667
Percussion,-1,46,A#2,127,0.0681818749999934,87.0000725,87.068254375
Percussion,-1,35,B1,127,0.26704567708333116,87.0000725,87.26711817708333
Percussion,-1,42,F#2,100,0.0681818749999934,87.26711817708333,87.33530005208333
Percussion,-1,56,G#3,127,0.22159109374999275,87.2728,87.49439109375
Percussion,-1,46,A#2,127,0.09659098958333345,87.5455275,87.64211848958334
Percussion,-1,42,F#2,100,0.06818187500000761,87.818255,87.886436875
Percussion,-1,56,G#3,127,0.1931819791666669,87.818255,88.01143697916666
Percussion,-1,46,A#2,127,0.06818187500000761,88.0909825,88.159164375
Percussion,-1,35,B1,127,0.26704567708333116,88.0909825,88.35802817708333
Percussion,-1,42,F#2,100,0.06818187500000761,88.35802817708333,88.42621005208333
Percussion,-1,56,G#3,127,0.22159109375000696,88.36371,88.58530109375
Percussion,-1,46,A#2,127,0.09659098958333345,88.6364375,88.73302848958333
Percussion,-1,42,F#2,100,0.0681818749999934,88.909165,88.977346875
Percussion,-1,56,G#3,127,0.1931819791666669,88.909165,89.10234697916667
Percussion,-1,46,A#2,127,0.0681818749999934,89.1818925,89.250074375
Percussion,-1,35,B1,127,0.26704567708333116,89.1818925,89.44893817708333
Percussion,-1,42,F#2,100,0.0681818749999934,89.44893817708333,89.51712005208333
Percussion,-1,56,G#3,127,0.22159109374999275,89.45462,89.67621109375
Percussion,-1,46,A#2,127,0.09659098958333345,89.7273475,89.82393848958333
Percussion,-1,42,F#2,100,0.06818187500000761,90.000075,90.068256875
Percussion,-1,56,G#3,127,0.1931819791666669,90.000075,90.19325697916666
Percussion,-1,46,A#2,127,0.06818187500000761,90.2728025,90.340984375
Percussion,-1,35,B1,127,0.26704567708333116,90.2728025,90.53984817708333
Percussion,-1,42,F#2,100,0.06818187500000761,90.53984817708333,90.60803005208334
Percussion,-1,56,G#3,127,0.22159109374999275,90.54553,90.76712109374999
Percussion,-1,46,A#2,127,0.09659098958333345,90.8182575,90.91484848958333
Percussion,-1,42,F#2,100,0.0681818749999934,91.090985,91.159166875
Percussion,-1,56,G#3,127,0.1931819791666669,91.090985,91.28416697916667
Percussion,-1,46,A#2,127,0.0681818749999934,91.3637125,91.431894375
Percussion,-1,35,B1,127,0.26704567708333116,91.3637125,91.63075817708334
Percussion,-1,42,F#2,100,0.0681818749999934,91.63075817708334,91.69894005208333
Percussion,-1,56,G#3,127,0.22159109375000696,91.63644,91.85803109375
Percussion,-1,46,A#2,127,0.09659098958333345,91.9091675,92.00575848958333
Percussion,-1,42,F#2,100,0.06818187500000761,92.181895,92.250076875
Percussion,-1,56,G#3,127,0.1931819791666669,92.181895,92.37507697916666
Percussion,-1,46,A#2,127,0.0681818749999934,92.4546225,92.52280437499999
Percussion,-1,35,B1,127,0.26704567708333116,92.4546225,92.72166817708333
Percussion,-1,42,F#2,100,0.06818187500000761,92.72166817708333,92.78985005208334
Percussion,-1,56,G#3,127,0.22159109374999275,92.72735,92.94894109375
Percussion,-1,46,A#2,127,0.09659098958333345,93.0000775,93.09666848958334
Percussion,-1,42,F#2,100,0.0681818749999934,93.272805,93.340986875
Percussion,-1,56,G#3,127,0.1931819791666669,93.272805,93.46598697916667
Percussion,-1,46,A#2,127,0.06818187500000761,93.5455325,93.613714375
Percussion,-1,35,B1,127,0.26704567708334537,93.5455325,93.81257817708334
Percussion,-1,42,F#2,100,0.0681818749999934,93.81257817708334,93.88076005208333
Percussion,-1,56,G#3,127,0.22159109375000696,93.81826,94.03985109375
Percussion,-1,46,A#2,127,0.09659098958333345,94.0909875,94.18757848958333
Percussion,-1,42,F#2,100,0.0681818749999934,94.363715,94.43189687499999
Percussion,-1,56,G#3,127,0.1931819791666669,94.363715,94.55689697916667
Percussion,-1,46,A#2,127,0.0681818749999934,94.6364425,94.704624375
Percussion,-1,35,B1,127,0.26704567708333116,94.6364425,94.90348817708333
Percussion,-1,42,F#2,100,0.0681818749999934,94.90348817708333,94.97167005208333
Percussion,-1,56,G#3,127,0.22159109374999275,94.90917,95.13076109375
Percussion,-1,46,A#2,127,0.09659098958333345,95.1818975,95.27848848958334
Percussion,-1,42,F#2,100,0.06818187500000761,95.454625,95.522806875
Percussion,-1,56,G#3,127,0.1931819791666669,95.454625,95.64780697916666
Percussion,-1,46,A#2,127,0.06818187500000761,95.7273525,95.795534375
Percussion,-1,35,B1,127,0.26704567708333116,95.7273525,95.99439817708333
Percussion,-1,42,F#2,100,0.06818187500000761,95.99439817708333,96.06258005208333
Percussion,-1,56,G#3,127,0.22159109375000696,96.00008,96.22167109375
Percussion,-1,46,A#2,127,0.09659098958333345,96.2728075,96.36939848958333
Percussion,-1,42,F#2,100,0.0681818749999934,96.545535,96.613716875
Percussion,-1,56,G#3,127,0.1931819791666669,96.545535,96.73871697916667
Percussion,-1,46,A#2,127,0.0681818749999934,96.8182625,96.886444375
Percussion,-1,35,B1,127,0.26704567708333116,96.8182625,97.08530817708333
Percussion,-1,42,F#2,100,0.0681818749999934,97.08530817708333,97.15349005208333
Percussion,-1,56,G#3,127,0.22159109374999275,97.09099,97.31258109375
Percussion,-1,46,A#2,127,0.09659098958333345,97.36371749999999,97.46030848958333
Percussion,-1,42,F#2,100,0.06818187500000761,97.636445,97.704626875
Percussion,-1,56,G#3,127,0.1931819791666669,97.636445,97.82962697916666
Percussion,-1,46,A#2,127,0.06818187500000761,97.9091725,97.977354375
Percussion,-1,35,B1,127,0.26704567708333116,97.9091725,98.17621817708333
Percussion,-1,42,F#2,100,0.06818187500000761,98.17621817708333,98.24440005208334
Percussion,-1,56,G#3,127,0.22159109375000696,98.1819,98.40349109375
Percussion,-1,46,A#2,127,0.09659098958333345,98.4546275,98.55121848958333
Percussion,-1,42,F#2,100,0.0681818749999934,98.727355,98.795536875
Percussion,-1,56,G#3,127,0.1931819791666669,98.727355,98.92053697916667
Percussion,-1,46,A#2,127,0.0681818749999934,99.0000825,99.068264375
Percussion,-1,35,B1,127,0.26704567708333116,99.0000825,99.26712817708334
Percussion,-1,42,F#2,100,0.0681818749999934,99.26712817708334,99.33531005208333
Percussion,-1,56,G#3,127,0.22159109375000696,99.27280999999999,99.49440109375
Percussion,-1,46,A#2,127,0.09659098958333345,99.5455375,99.64212848958333
Percussion,-1,42,F#2,100,0.06818187500000761,99.818265,99.886446875
Percussion,-1,56,G#3,127,0.1931819791666669,99.818265,100.01144697916666
Percussion,-1,46,A#2,127,0.0681818749999934,100.0909925,100.15917437499999
Percussion,-1,35,B1,127,0.26704567708333116,100.0909925,100.35803817708333
Percussion,-1,42,F#2,100,0.06818187500000761,100.35803817708333,100.42622005208334
Percussion,-1,56,G#3,127,0.22159109374999275,100.36372,100.58531109375
Percussion,-1,46,A#2,127,0.09659098958333345,100.6364475,100.73303848958334
Percussion,-1,42,F#2,100,0.0681818749999934,100.909175,100.977356875
Percussion,-1,56,G#3,127,0.1931819791666669,100.909175,101.10235697916667
Percussion,-1,46,A#2,127,0.06818187500000761,101.18190249999999,101.250084375
Percussion,-1,35,B1,127,0.26704567708334537,101.18190249999999,101.44894817708334
Percussion,-1,42,F#2,100,0.0681818749999934,101.44894817708334,101.51713005208333
Percussion,-1,56,G#3,127,0.22159109375000696,101.45463,101.67622109375
Percussion,-1,46,A#2,127,0.09659098958333345,101.7273575,101.82394848958333
Percussion,-1,42,F#2,100,0.06818187500000761,102.000085,102.068266875
Percussion,-1,56,G#3,127,0.1931819791666669,102.000085,102.19326697916667
Percussion,-1,46,A#2,127,0.0681818749999934,102.2728125,102.340994375
Percussion,-1,35,B1,127,0.26704567708333116,102.2728125,102.53985817708333
Percussion,-1,42,F#2,100,0.06818187500000761,102.53985817708333,102.60804005208334
Percussion,-1,56,G#3,127,0.22159109374999275,102.54554,102.76713109375
Percussion,-1,46,A#2,127,0.09659098958333345,102.8182675,102.91485848958334
Percussion,-1,42,F#2,100,0.06818187500000761,103.09099499999999,103.159176875
Percussion,-1,56,G#3,127,0.1931819791666669,103.09099499999999,103.28417697916666
Percussion,-1,46,A#2,127,0.06818187500000761,103.3637225,103.431904375
Percussion,-1,35,B1,127,0.26704567708333116,103.3637225,103.63076817708333
Percussion,-1,42,F#2,100,0.06818187500000761,103.63076817708333,103.69895005208333
Percussion,-1,56,G#3,127,0.22159109375000696,103.63645,103.85804109375
Percussion,-1,46,A#2,127,0.09659098958333345,103.9091775,104.00576848958333
Percussion,-1,42,F#2,100,0.0681818749999934,104.181905,104.250086875
Percussion,-1,56,G#3,127,0.1931819791666669,104.181905,104.37508697916667
Percussion,-1,46,A#2,127,0.0681818749999934,104.4546325,104.522814375
Percussion,-1,35,B1,127,0.26704567708333116,104.4546325,104.72167817708333
Percussion,-1,42,F#2,100,0.0681818749999934,104.72167817708333,104.78986005208333
Percussion,-1,56,G#3,127,0.22159109374999275,104.72736,104.94895109375
Percussion,-1,46,A#2,127,0.09659098958333345,105.00008749999999,105.09667848958333
Percussion,-1,42,F#2,100,0.06818187500000761,105.272815,105.340996875
Percussion,-1,56,G#3,127,0.1931819791666669,105.272815,105.46599697916666
Percussion,-1,46,A#2,127,0.06818187500000761,105.5455425,105.613724375
Percussion,-1,35,B1,127,0.26704567708333116,105.5455425,105.81258817708333
Percussion,-1,42,F#2,100,0.06818187500000761,105.81258817708333,105.88077005208334
Percussion,-1,56,G#3,127,0.22159109375000696,105.81827,106.03986109375
Percussion,-1,46,A#2,127,0.09659098958333345,106.0909975,106.18758848958333
Percussion,-1,42,F#2,100,0.0681818749999934,106.363725,106.431906875
Percussion,-1,56,G#3,127,0.1931819791666669,106.363725,106.55690697916667
Percussion,-1,46,A#2,127,0.0681818749999934,106.6364525,106.704634375
Percussion,-1,35,B1,127,0.26704567708333116,106.6364525,106.90349817708334
Percussion,-1,42,F#2,100,0.0681818749999934,106.90349817708334,106.97168005208333
Percussion,-1,35,B1,127,0.2159092708333361,106.90917999999999,107.12508927083333
Percussion,-1,65,F4,127,0.0909091666666626,108.00009,108.09099916666666
Percussion,-1,35,B1,127,0.15340921874999935,108.00009,108.15349921875
Percussion,-1,65,F4,127,0.11931828125000266,108.40918125,108.52849953125
Percussion,-1,35,B1,127,0.1250001041666593,108.40918125,108.53418135416666
Percussion,-1,65,F4,127,0.1022728124999901,108.8182725,108.9205453125
Percussion,-1,35,B1,127,0.1363637499999868,108.8182725,108.95463625
Percussion,-1,56,G#3,127,0.22159109375000696,109.091,109.31259109375
Percussion,-1,46,A#2,127,0.09659098958333345,109.3637275,109.46031848958333
Percussion,-1,42,F#2,100,0.06818187500000761,109.636455,109.704636875
Percussion,-1,56,G#3,127,0.1931819791666669,109.636455,109.82963697916666
Percussion,-1,46,A#2,127,0.0681818749999934,109.9091825,109.977364375
Percussion,-1,35,B1,127,0.26704567708333116,109.9091825,110.17622817708333
Percussion,-1,42,F#2,100,0.06818187500000761,110.17622817708333,110.24441005208334
Percussion,-1,56,G#3,127,0.22159109374999275,110.18191,110.40350109375
Percussion,-1,46,A#2,127,0.09659098958333345,110.4546375,110.55122848958334
Percussion,-1,42,F#2,100,0.0681818749999934,110.727365,110.795546875
Percussion,-1,56,G#3,127,0.1931819791666527,110.727365,110.92054697916666
Percussion,-1,46,A#2,127,0.06818187500000761,111.0000925,111.068274375
Percussion,-1,35,B1,127,0.26704567708334537,111.0000925,111.26713817708334
Percussion,-1,42,F#2,100,0.0681818749999934,111.26713817708334,111.33532005208333
Percussion,-1,56,G#3,127,0.22159109375000696,111.27282,111.49441109375
Percussion,-1,46,A#2,127,0.09659098958333345,111.5455475,111.64213848958333
Percussion,-1,42,F#2,100,0.0681818749999934,111.818275,111.886456875
Percussion,-1,56,G#3,127,0.1931819791666669,111.818275,112.01145697916667
Percussion,-1,46,A#2,127,0.0681818749999934,112.0910025,112.159184375
Percussion,-1,35,B1,127,0.26704567708333116,112.0910025,112.35804817708333
Percussion,-1,42,F#2,100,0.0681818749999934,112.35804817708333,112.42623005208333
Percussion,-1,56,G#3,127,0.22159109374999275,112.36373,112.58532109375
Percussion,-1,46,A#2,127,0.09659098958333345,112.6364575,112.73304848958334
Percussion,-1,42,F#2,100,0.06818187500000761,112.909185,112.977366875
Percussion,-1,56,G#3,127,0.1931819791666669,112.909185,113.10236697916666
Percussion,-1,46,A#2,127,0.06818187500000761,113.1819125,113.250094375
Percussion,-1,35,B1,127,0.26704567708333116,113.1819125,113.44895817708333
Percussion,-1,42,F#2,100,0.06818187500000761,113.44895817708333,113.51714005208333
Percussion,-1,56,G#3,127,0.22159109375000696,113.45464,113.67623109375
Percussion,-1,46,A#2,127,0.09659098958333345,113.7273675,113.82395848958333
Percussion,-1,42,F#2,100,0.0681818749999934,114.000095,114.068276875
Percussion,-1,56,G#3,127,0.1931819791666669,114.000095,114.19327697916667
Percussion,-1,46,A#2,127,0.0681818749999934,114.2728225,114.341004375
Percussion,-1,35,B1,127,0.26704567708333116,114.2728225,114.53986817708333
Percussion,-1,42,F#2,100,0.0681818749999934,114.53986817708333,114.60805005208333
Percussion,-1,56,G#3,127,0.22159109374999275,114.54555,114.76714109375
Percussion,-1,46,A#2,127,0.09659098958333345,114.8182775,114.91486848958333
Percussion,-1,42,F#2,100,0.06818187500000761,115.091005,115.159186875
Percussion,-1,56,G#3,127,0.1931819791666669,115.091005,115.28418697916666
Percussion,-1,46,A#2,127,0.06818187500000761,115.3637325,115.431914375
Percussion,-1,35,B1,127,0.26704567708333116,115.3637325,115.63077817708333
Percussion,-1,42,F#2,100,0.06818187500000761,115.63077817708333,115.69896005208334
Percussion,-1,56,G#3,127,0.22159109374999275,115.63646,115.85805109374999
Percussion,-1,46,A#2,127,0.09659098958333345,115.9091875,116.00577848958334
Percussion,-1,42,F#2,100,0.0681818749999934,116.181915,116.250096875
Percussion,-1,56,G#3,127,0.1931819791666669,116.181915,116.37509697916667
Percussion,-1,46,A#2,127,0.0681818749999934,116.4546425,116.522824375
Percussion,-1,35,B1,127,0.26704567708333116,116.4546425,116.72168817708334
Percussion,-1,42,F#2,100,0.0681818749999934,116.72168817708334,116.78987005208333
Percussion,-1,56,G#3,127,0.22159109375000696,116.72737,116.94896109375
Percussion,-1,46,A#2,127,0.09659098958333345,117.0000975,117.09668848958333
Percussion,-1,42,F#2,100,0.06818187500000761,117.272825,117.341006875
Percussion,-1,56,G#3,127,0.1931819791666669,117.272825,117.46600697916666
Percussion,-1,46,A#2,127,0.0681818749999934,117.5455525,117.61373437499999
Percussion,-1,35,B1,127,0.26704567708333116,117.5455525,117.81259817708333
Percussion,-1,42,F#2,100,0.06818187500000761,117.81259817708333,117.88078005208334
Percussion,-1,56,G#3,127,0.22159109374999275,117.81828,118.03987109375
Percussion,-1,46,A#2,127,0.09659098958333345,118.0910075,118.18759848958334
Percussion,-1,42,F#2,100,0.0681818749999934,118.363735,118.431916875
Percussion,-1,56,G#3,127,0.1931819791666669,118.363735,118.55691697916667
Percussion,-1,46,A#2,127,0.06818187500000761,118.6364625,118.704644375
Percussion,-1,35,B1,127,0.26704567708334537,118.6364625,118.90350817708334
Percussion,-1,42,F#2,100,0.0681818749999934,118.90350817708334,118.97169005208333
Percussion,-1,56,G#3,127,0.22159109375000696,118.90919,119.13078109375
Percussion,-1,46,A#2,127,0.09659098958333345,119.1819175,119.27850848958333
Percussion,-1,42,F#2,100,0.0681818749999934,119.454645,119.52282687499999
Percussion,-1,56,G#3,127,0.1931819791666669,119.454645,119.64782697916667
Percussion,-1,46,A#2,127,0.0681818749999934,119.7273725,119.795554375
Percussion,-1,35,B1,127,0.26704567708333116,119.7273725,119.99441817708333
Percussion,-1,42,F#2,100,0.0681818749999934,119.99441817708333,120.06260005208333
Percussion,-1,56,G#3,127,0.22159109374999275,120.0001,120.22169109375
Percussion,-1,46,A#2,127,0.09659098958333345,120.2728275,120.36941848958334
Percussion,-1,42,F#2,100,0.06818187500000761,120.545555,120.613736875
Percussion,-1,56,G#3,127,0.1931819791666669,120.545555,120.73873697916666
Percussion,-1,46,A#2,127,0.06818187500000761,120.8182825,120.886464375
Percussion,-1,35,B1,127,0.26704567708333116,120.8182825,121.08532817708333
Percussion,-1,42,F#2,100,0.06818187500000761,121.08532817708333,121.15351005208333
Percussion,-1,56,G#3,127,0.22159109375000696,121.09101,121.31260109375
Percussion,-1,46,A#2,127,0.09659098958333345,121.3637375,121.46032848958333
Percussion,-1,42,F#2,100,0.0681818749999934,121.636465,121.704646875
Percussion,-1,56,G#3,127,0.1931819791666669,121.636465,121.82964697916667
Percussion,-1,46,A#2,127,0.0681818749999934,121.9091925,121.977374375
Percussion,-1,35,B1,127,0.26704567708333116,121.9091925,122.17623817708333
Percussion,-1,42,F#2,100,0.0681818749999934,122.17623817708333,122.24442005208333
Percussion,-1,56,G#3,127,0.22159109374999275,122.18192,122.40351109375
Percussion,-1,46,A#2,127,0.09659098958333345,122.4546475,122.55123848958333
Percussion,-1,42,F#2,100,0.06818187500000761,122.727375,122.795556875
Percussion,-1,56,G#3,127,0.1931819791666669,122.727375,122.92055697916666
Percussion,-1,46,A#2,127,0.06818187500000761,123.0001025,123.068284375
Percussion,-1,35,B1,127,0.26704567708333116,123.0001025,123.26714817708333
Percussion,-1,42,F#2,100,0.06818187500000761,123.26714817708333,123.33533005208334
Percussion,-1,56,G#3,127,0.22159109375000696,123.27283,123.49442109375
Percussion,-1,46,A#2,127,0.09659098958333345,123.5455575,123.64214848958333
Percussion,-1,42,F#2,100,0.0681818749999934,123.818285,123.886466875
Percussion,-1,56,G#3,127,0.1931819791666669,123.818285,124.01146697916667
Percussion,-1,46,A#2,127,0.0681818749999934,124.0910125,124.159194375
Percussion,-1,35,B1,127,0.26704567708333116,124.0910125,124.35805817708334
Percussion,-1,42,F#2,100,0.0681818749999934,124.35805817708334,124.42624005208333
Percussion,-1,56,G#3,127,0.22159109375000696,124.36373999999999,124.58533109375
Percussion,-1,46,A#2,127,0.09659098958333345,124.6364675,124.73305848958333
Percussion,-1,42,F#2,100,0.06818187500000761,124.909195,124.977376875
Percussion,-1,56,G#3,127,0.1931819791666669,124.909195,125.10237697916666
Percussion,-1,46,A#2,127,0.0681818749999934,125.1819225,125.25010437499999
Percussion,-1,35,B1,127,0.26704567708333116,125.1819225,125.44896817708333
Percussion,-1,42,F#2,100,0.06818187500000761,125.44896817708333,125.51715005208334
Percussion,-1,56,G#3,127,0.22159109374999275,125.45465,125.67624109375
Percussion,-1,46,A#2,127,0.09659098958333345,125.7273775,125.82396848958334
Percussion,-1,42,F#2,100,0.0681818749999934,126.000105,126.068286875
Percussion,-1,56,G#3,127,0.1931819791666669,126.000105,126.19328697916667
Percussion,-1,46,A#2,127,0.06818187500000761,126.27283249999999,126.341014375
Percussion,-1,35,B1,127,0.26704567708334537,126.27283249999999,126.53987817708334
Percussion,-1,42,F#2,100,0.0681818749999934,126.53987817708334,126.60806005208333
Percussion,-1,56,G#3,127,0.22159109375000696,126.54556,126.76715109375
Percussion,-1,46,A#2,127,0.09659098958333345,126.8182875,126.91487848958333
Percussion,-1,42,F#2,100,0.0681818749999934,127.091015,127.15919687499999
Percussion,-1,56,G#3,127,0.1931819791666669,127.091015,127.28419697916667
Percussion,-1,46,A#2,127,0.0681818749999934,127.3637425,127.431924375
Percussion,-1,35,B1,127,0.26704567708333116,127.3637425,127.63078817708333
Percussion,-1,42,F#2,100,0.0681818749999934,127.63078817708333,127.69897005208333
Percussion,-1,56,G#3,127,0.22159109374999275,127.63647,127.85806109375
Percussion,-1,46,A#2,127,0.09659098958331924,127.9091975,128.00578848958332
Percussion,-1,42,F#2,100,0.0681818749999934,128.181925,128.250106875
Percussion,-1,56,G#3,127,0.1931819791666669,128.181925,128.37510697916667
Percussion,-1,46,A#2,127,0.0681818749999934,128.4546525,128.522834375
Percussion,-1,35,B1,127,0.26704567708333116,128.4546525,128.72169817708334
Percussion,-1,42,F#2,100,0.0681818749999934,128.72169817708334,128.78988005208333
Percussion,-1,56,G#3,127,0.22159109374999275,128.72738,128.94897109375
Percussion,-1,46,A#2,127,0.09659098958331924,129.0001075,129.09669848958333
Percussion,-1,42,F#2,100,0.06818187500002182,129.272835,129.341016875
Percussion,-1,56,G#3,127,0.1931819791666669,129.272835,129.46601697916665
Percussion,-1,46,A#2,127,0.06818187500002182,129.5455625,129.613744375
Percussion,-1,35,B1,127,0.26704567708333116,129.5455625,129.81260817708332
Percussion,-1,42,F#2,100,0.06818187500002182,129.81260817708332,129.88079005208334
Percussion,-1,56,G#3,127,0.22159109375002117,129.81829,130.03988109375
Percussion,-1,46,A#2,127,0.09659098958334766,130.0910175,130.18760848958334
Percussion,-1,42,F#2,100,0.0681818749999934,130.363745,130.431926875
Percussion,-1,56,G#3,127,0.1931819791666669,130.363745,130.55692697916666
Percussion,-1,46,A#2,127,0.0681818749999934,130.6364725,130.704654375
Percussion,-1,35,B1,127,0.26704567708333116,130.6364725,130.90351817708333
Percussion,-1,42,F#2,100,0.0681818749999934,130.90351817708333,130.97170005208332
Percussion,-1,56,G#3,127,0.22159109374999275,130.9092,131.13079109375
Percussion,-1,46,A#2,127,0.09659098958331924,131.1819275,131.27851848958332
Percussion,-1,42,F#2,100,0.0681818749999934,131.454655,131.522836875
Percussion,-1,56,G#3,127,0.1931819791666669,131.454655,131.64783697916667
Percussion,-1,46,A#2,127,0.0681818749999934,131.7273825,131.795564375
Percussion,-1,35,B1,127,0.26704567708333116,131.7273825,131.99442817708334
Percussion,-1,42,F#2,100,0.0681818749999934,131.99442817708334,132.06261005208333
Percussion,-1,56,G#3,127,0.22159109374999275,132.00011,132.22170109375
Percussion,-1,46,A#2,127,0.09659098958331924,132.2728375,132.36942848958333
Percussion,-1,42,F#2,100,0.0681818749999934,132.545565,132.613746875
Percussion,-1,56,G#3,127,0.1931819791666669,132.545565,132.73874697916668
Percussion,-1,46,A#2,127,0.0681818749999934,132.8182925,132.886474375
Percussion,-1,35,B1,127,0.26704567708333116,132.8182925,133.08533817708334
Percussion,-1,42,F#2,100,0.0681818749999934,133.08533817708334,133.15352005208334
Percussion,-1,35,B1,127,0.21590927083335032,133.09102,133.30692927083334
Percussion,-1,63,D#4,127,0.028409114583325845,136.36375,136.39215911458334
Percussion,-1,51,D#3,127,0.05681822916665169,136.36375,136.42056822916666
Percussion,-1,42,F#2,100,0.05681822916665169,136.36375,136.42056822916666
Percussion,-1,65,F4,110,0.07386369791666425,136.36375,136.43761369791667
Percussion,-1,35,B1,127,0.1022728124999901,136.36375,136.4660228125
Percussion,-1,42,F#2,100,0.05681822916668011,136.50011375,136.55693197916668
Percussion,-1,51,D#3,127,0.06250005208332254,136.50011375,136.56261380208332
Percussion,-1,63,D#4,127,0.0681818749999934,136.50011375,136.568295625
Percussion,-1,65,F4,110,0.0795455208333351,136.50011375,136.57965927083333
Percussion,-1,35,B1,127,0.09659098958334766,136.50011375,136.59670473958334
Percussion,-1,51,D#3,127,0.05681822916668011,136.77284125,136.82965947916668
Percussion,-1,42,F#2,100,0.06250005208332254,136.77284125,136.83534130208332
Percussion,-1,63,D#4,127,0.06250005208332254,136.77284125,136.83534130208332
Percussion,-1,65,F4,110,0.07386369791666425,136.77284125,136.84670494791666
Percussion,-1,35,B1,127,0.08522734375000596,136.77284125,136.85806859375
Percussion,-1,51,D#3,127,0.05681822916668011,136.909205,136.96602322916667
Percussion,-1,42,F#2,100,0.06818187500002182,136.909205,136.977386875
Percussion,-1,63,D#4,127,0.0795455208333351,136.909205,136.98875052083332
Percussion,-1,65,F4,110,0.09659098958334766,136.909205,137.00579598958333
Percussion,-1,35,B1,127,0.10227281250001852,136.909205,137.0114778125
Percussion,-1,51,D#3,127,0.05681822916668011,137.1819325,137.23875072916667
Percussion,-1,42,F#2,100,0.0795455208333351,137.1819325,137.26147802083332
Percussion,-1,63,D#4,127,0.09090916666667681,137.1819325,137.27284166666666
Percussion,-1,65,F4,110,0.09659098958334766,137.1819325,137.27852348958334
Percussion,-1,35,B1,127,0.13636375000001522,137.1819325,137.31829625
Percussion,-1,56,G#3,127,0.22159109375002117,137.45466,137.67625109375
Percussion,-1,46,A#2,127,0.09659098958334766,137.7273875,137.82397848958334
Percussion,-1,42,F#2,100,0.0681818749999934,138.000115,138.068296875
Percussion,-1,56,G#3,127,0.1931819791666669,138.000115,138.19329697916666
Percussion,-1,46,A#2,127,0.0681818749999934,138.2728425,138.341024375
Percussion,-1,35,B1,127,0.26704567708333116,138.2728425,138.53988817708333
Percussion,-1,42,F#2,100,0.0681818749999934,138.53988817708333,138.60807005208332
Percussion,-1,56,G#3,127,0.22159109374999275,138.54557,138.76716109375
Percussion,-1,46,A#2,127,0.09659098958331924,138.8182975,138.91488848958332
Percussion,-1,42,F#2,100,0.0681818749999934,139.091025,139.159206875
Percussion,-1,56,G#3,127,0.1931819791666669,139.091025,139.28420697916667
Percussion,-1,46,A#2,127,0.0681818749999934,139.3637525,139.431934375
Percussion,-1,35,B1,127,0.26704567708333116,139.3637525,139.63079817708334
Percussion,-1,42,F#2,100,0.0681818749999934,139.63079817708334,139.69898005208333
Percussion,-1,56,G#3,127,0.22159109374999275,139.63648,139.85807109375
Percussion,-1,46,A#2,127,0.09659098958331924,139.9092075,140.00579848958333
Percussion,-1,42,F#2,100,0.0681818749999934,140.181935,140.250116875
Percussion,-1,56,G#3,127,0.1931819791666669,140.181935,140.37511697916668
Percussion,-1,46,A#2,127,0.0681818749999934,140.4546625,140.522844375
Percussion,-1,35,B1,127,0.26704567708333116,140.4546625,140.72170817708334
Percussion,-1,42,F#2,100,0.0681818749999934,140.72170817708334,140.78989005208334
Percussion,-1,56,G#3,127,0.22159109375002117,140.72738999999999,140.94898109375
Percussion,-1,46,A#2,127,0.09659098958334766,141.0001175,141.09670848958334
Percussion,-1,42,F#2,100,0.06818187500002182,141.272845,141.341026875
Percussion,-1,56,G#3,127,0.1931819791666669,141.272845,141.46602697916666
Percussion,-1,46,A#2,127,0.0681818749999934,141.5455725,141.61375437499998
Percussion,-1,35,B1,127,0.26704567708333116,141.5455725,141.81261817708332
Percussion,-1,42,F#2,100,0.06818187500002182,141.81261817708332,141.88080005208334
Percussion,-1,56,G#3,127,0.22159109374999275,141.8183,142.03989109375
Percussion,-1,46,A#2,127,0.09659098958334766,142.0910275,142.18761848958334
Percussion,-1,42,F#2,100,0.0681818749999934,142.363755,142.431936875
Percussion,-1,56,G#3,127,0.1931819791666669,142.363755,142.55693697916666
Percussion,-1,46,A#2,127,0.0681818749999934,142.6364825,142.704664375
Percussion,-1,35,B1,127,0.26704567708333116,142.6364825,142.90352817708333
Percussion,-1,42,F#2,100,0.0681818749999934,142.90352817708333,142.97171005208332
Percussion,-1,56,G#3,127,0.22159109374999275,142.90921,143.13080109375
Percussion,-1,46,A#2,127,0.09659098958331924,143.1819375,143.27852848958332
Percussion,-1,42,F#2,100,0.0681818749999934,143.454665,143.522846875
Percussion,-1,56,G#3,127,0.1931819791666669,143.454665,143.64784697916667
Percussion,-1,46,A#2,127,0.0681818749999934,143.7273925,143.795574375
Percussion,-1,35,B1,127,0.26704567708333116,143.7273925,143.99443817708334
Percussion,-1,42,F#2,100,0.0681818749999934,143.99443817708334,144.06262005208333
Percussion,-1,56,G#3,127,0.22159109374999275,144.00012,144.22171109375
Percussion,-1,46,A#2,127,0.09659098958331924,144.2728475,144.36943848958333
Percussion,-1,42,F#2,100,0.06818187500002182,144.54557499999999,144.613756875
Percussion,-1,56,G#3,127,0.1931819791666669,144.54557499999999,144.73875697916665
Percussion,-1,46,A#2,127,0.06818187500002182,144.8183025,144.886484375
Percussion,-1,35,B1,127,0.26704567708333116,144.8183025,145.08534817708332
Percussion,-1,42,F#2,100,0.06818187500002182,145.08534817708332,145.15353005208334
Percussion,-1,56,G#3,127,0.22159109375002117,145.09103,145.31262109375
Percussion,-1,46,A#2,127,0.09659098958334766,145.3637575,145.46034848958334
Percussion,-1,42,F#2,100,0.0681818749999934,145.636485,145.704666875
Percussion,-1,56,G#3,127,0.1931819791666669,145.636485,145.82966697916666
Percussion,-1,46,A#2,127,0.0681818749999934,145.9092125,145.977394375
Percussion,-1,35,B1,127,0.26704567708333116,145.9092125,146.17625817708333
Percussion,-1,42,F#2,100,0.0681818749999934,146.17625817708333,146.24444005208332
Percussion,-1,56,G#3,127,0.22159109374999275,146.18194,146.40353109375
Percussion,-1,46,A#2,127,0.09659098958331924,146.4546675,146.55125848958332
Percussion,-1,42,F#2,100,0.0681818749999934,146.727395,146.795576875
Percussion,-1,56,G#3,127,0.1931819791666669,146.727395,146.92057697916667
Percussion,-1,46,A#2,127,0.0681818749999934,147.0001225,147.068304375
Percussion,-1,35,B1,127,0.26704567708333116,147.0001225,147.26716817708333
Percussion,-1,42,F#2,100,0.0681818749999934,147.26716817708333,147.33535005208333
Percussion,-1,56,G#3,127,0.22159109374999275,147.27285,147.49444109375
Percussion,-1,46,A#2,127,0.09659098958331924,147.5455775,147.64216848958333
Percussion,-1,42,F#2,100,0.0681818749999934,147.818305,147.886486875
Percussion,-1,56,G#3,127,0.1931819791666669,147.818305,148.01148697916668
Percussion,-1,46,A#2,127,0.0681818749999934,148.0910325,148.159214375
Percussion,-1,35,B1,127,0.26704567708333116,148.0910325,148.35807817708334
Percussion,-1,42,F#2,100,0.0681818749999934,148.35807817708334,148.42626005208334
Percussion,-1,56,G#3,127,0.22159109375002117,148.36375999999998,148.58535109375
Percussion,-1,46,A#2,127,0.09659098958334766,148.6364875,148.73307848958333
Percussion,-1,42,F#2,100,0.06818187500002182,148.909215,148.977396875
Percussion,-1,56,G#3,127,0.1931819791666669,148.909215,149.10239697916666
Percussion,-1,46,A#2,127,0.06818187500002182,149.1819425,149.250124375
Percussion,-1,35,B1,127,0.26704567708333116,149.1819425,149.44898817708332
Percussion,-1,42,F#2,100,0.06818187500002182,149.44898817708332,149.51717005208334
Percussion,-1,56,G#3,127,0.22159109374999275,149.45467,149.67626109374999
Percussion,-1,46,A#2,127,0.09659098958334766,149.7273975,149.82398848958334
Percussion,-1,42,F#2,100,0.0681818749999934,150.000125,150.068306875
Percussion,-1,56,G#3,127,0.1931819791666669,150.000125,150.19330697916666
Percussion,-1,46,A#2,127,0.0681818749999934,150.2728525,150.341034375
Percussion,-1,35,B1,127,0.26704567708333116,150.2728525,150.53989817708333
Percussion,-1,42,F#2,100,0.0681818749999934,150.53989817708333,150.60808005208332
Percussion,-1,56,G#3,127,0.22159109374999275,150.54558,150.76717109375
Percussion,-1,46,A#2,127,0.09659098958331924,150.8183075,150.91489848958332
Percussion,-1,42,F#2,100,0.0681818749999934,151.091035,151.159216875
Percussion,-1,56,G#3,127,0.1931819791666669,151.091035,151.28421697916667
Percussion,-1,46,A#2,127,0.0681818749999934,151.3637625,151.431944375
Percussion,-1,35,B1,127,0.26704567708333116,151.3637625,151.63080817708334
Percussion,-1,42,F#2,100,0.0681818749999934,151.63080817708334,151.69899005208333
Percussion,-1,56,G#3,127,0.22159109374999275,151.63649,151.85808109375
Percussion,-1,46,A#2,127,0.09659098958331924,151.9092175,152.00580848958333
Percussion,-1,42,F#2,100,0.06818187500002182,152.18194499999998,152.250126875
Percussion,-1,56,G#3,127,0.1931819791666669,152.18194499999998,152.37512697916665
Percussion,-1,46,A#2,127,0.06818187500002182,152.4546725,152.522854375
Percussion,-1,35,B1,127,0.26704567708333116,152.4546725,152.72171817708332
Percussion,-1,42,F#2,100,0.06818187500002182,152.72171817708332,152.78990005208334
Percussion,-1,56,G#3,127,0.22159109375002117,152.7274,152.94899109375
Percussion,-1,46,A#2,127,0.09659098958334766,153.0001275,153.09671848958334
Percussion,-1,42,F#2,100,0.0681818749999934,153.272855,153.341036875
Percussion,-1,56,G#3,127,0.1931819791666669,153.272855,153.46603697916666
Percussion,-1,46,A#2,127,0.0681818749999934,153.5455825,153.613764375
Percussion,-1,35,B1,127,0.26704567708333116,153.5455825,153.81262817708333
Percussion,-1,42,F#2,100,0.0681818749999934,153.81262817708333,153.88081005208332
Percussion,-1,56,G#3,127,0.22159109374999275,153.81831,154.03990109375
Percussion,-1,46,A#2,127,0.09659098958331924,154.0910375,154.18762848958332
Percussion,-1,42,F#2,100,0.0681818749999934,154.363765,154.431946875
Percussion,-1,56,G#3,127,0.1931819791666669,154.363765,154.55694697916667
Percussion,-1,46,A#2,127,0.0681818749999934,154.6364925,154.704674375
Percussion,-1,35,B1,127,0.26704567708333116,154.6364925,154.90353817708333
Percussion,-1,42,F#2,100,0.0681818749999934,154.90353817708333,154.97172005208333
Percussion,-1,56,G#3,127,0.22159109374999275,154.90922,155.13081109375
Percussion,-1,46,A#2,127,0.09659098958331924,155.1819475,155.27853848958333
Percussion,-1,42,F#2,100,0.0681818749999934,155.454675,155.522856875
Percussion,-1,56,G#3,127,0.1931819791666669,155.454675,155.64785697916668
Percussion,-1,46,A#2,127,0.0681818749999934,155.7274025,155.795584375
Percussion,-1,35,B1,127,0.26704567708333116,155.7274025,155.99444817708334
Percussion,-1,42,F#2,100,0.0681818749999934,155.99444817708334,156.06263005208334
Percussion,-1,56,G#3,127,0.22159109374999275,156.00013,156.22172109375
Percussion,-1,46,A#2,127,0.09659098958334766,156.2728575,156.36944848958333
Percussion,-1,42,F#2,100,0.06818187500002182,156.545585,156.613766875
Percussion,-1,56,G#3,127,0.1931819791666669,156.545585,156.73876697916666
Percussion,-1,46,A#2,127,0.06818187500002182,156.8183125,156.886494375
Percussion,-1,35,B1,127,0.26704567708333116,156.8183125,157.08535817708332
Percussion,-1,42,F#2,100,0.06818187500002182,157.08535817708332,157.15354005208334
Percussion,-1,56,G#3,127,0.22159109374999275,157.09104,157.31263109374999
Percussion,-1,46,A#2,127,0.09659098958334766,157.3637675,157.46035848958334
Percussion,-1,42,F#2,100,0.0681818749999934,157.636495,157.704676875
Percussion,-1,56,G#3,127,0.1931819791666669,157.636495,157.82967697916666
Percussion,-1,46,A#2,127,0.0681818749999934,157.9092225,157.977404375
Percussion,-1,35,B1,127,0.26704567708333116,157.9092225,158.17626817708333
Percussion,-1,42,F#2,100,0.0681818749999934,158.17626817708333,158.24445005208332
Percussion,-1,56,G#3,127,0.22159109374999275,158.18195,158.40354109375
Percussion,-1,46,A#2,127,0.09659098958331924,158.4546775,158.55126848958332
Percussion,-1,42,F#2,100,0.0681818749999934,158.727405,158.795586875
Percussion,-1,56,G#3,127,0.1931819791666669,158.727405,158.92058697916667
Percussion,-1,46,A#2,127,0.0681818749999934,159.0001325,159.068314375
Percussion,-1,35,B1,127,0.26704567708333116,159.0001325,159.26717817708334
Percussion,-1,42,F#2,100,0.0681818749999934,159.26717817708334,159.33536005208333
Percussion,-1,56,G#3,127,0.22159109374999275,159.27286,159.49445109375
Percussion,-1,46,A#2,127,0.09659098958331924,159.5455875,159.64217848958333
Percussion,-1,42,F#2,100,0.0681818749999934,159.818315,159.886496875
Percussion,-1,56,G#3,127,0.1931819791666669,159.818315,160.01149697916668
Percussion,-1,46,A#2,127,0.06818187500002182,160.0910425,160.159224375
Percussion,-1,35,B1,127,0.2670456770833596,160.0910425,160.35808817708335
Percussion,-1,42,F#2,100,0.0681818749999934,160.35808817708335,160.42627005208334
Percussion,-1,56,G#3,127,0.22159109375002117,160.36377,160.58536109375
Percussion,-1,46,A#2,127,0.09659098958334766,160.6364975,160.73308848958334
Percussion,-1,42,F#2,100,0.0681818749999934,160.909225,160.97740687499999
Percussion,-1,56,G#3,127,0.1931819791666669,160.909225,161.10240697916666
Percussion,-1,46,A#2,127,0.0681818749999934,161.1819525,161.250134375
Percussion,-1,35,B1,127,0.26704567708333116,161.1819525,161.44899817708333
Percussion,-1,42,F#2,100,0.0681818749999934,161.44899817708333,161.51718005208332
Percussion,-1,56,G#3,127,0.22159109374999275,161.45468,161.67627109375
Percussion,-1,46,A#2,127,0.09659098958334766,161.7274075,161.82399848958335
Percussion,-1,42,F#2,100,0.0681818749999934,162.000135,162.068316875
Percussion,-1,56,G#3,127,0.1931819791666669,162.000135,162.19331697916667
Percussion,-1,46,A#2,127,0.0681818749999934,162.2728625,162.341044375
Percussion,-1,35,B1,127,0.26704567708333116,162.2728625,162.53990817708333
Percussion,-1,42,F#2,100,0.0681818749999934,162.53990817708333,162.60809005208333
Percussion,-1,56,G#3,127,0.22159109374999275,162.54559,162.76718109375
Percussion,-1,46,A#2,127,0.09659098958331924,162.8183175,162.91490848958333
Percussion,-1,42,F#2,100,0.0681818749999934,163.091045,163.159226875
Percussion,-1,56,G#3,127,0.1931819791666669,163.091045,163.28422697916668
Percussion,-1,46,A#2,127,0.0681818749999934,163.3637725,163.431954375
Percussion,-1,35,B1,127,0.26704567708333116,163.3637725,163.63081817708334
Percussion,-1,42,F#2,100,0.0681818749999934,163.63081817708334,163.69900005208333
Percussion,-1,56,G#3,127,0.22159109374999275,163.6365,163.85809109375
Percussion,-1,46,A#2,127,0.09659098958334766,163.9092275,164.00581848958333
Percussion,-1,42,F#2,100,0.06818187500002182,164.181955,164.250136875
Percussion,-1,56,G#3,127,0.1931819791666669,164.181955,164.37513697916665
Percussion,-1,46,A#2,127,0.06818187500002182,164.4546825,164.522864375
Percussion,-1,35,B1,127,0.26704567708333116,164.4546825,164.72172817708332
Percussion,-1,42,F#2,100,0.06818187500002182,164.72172817708332,164.78991005208334
Percussion,-1,56,G#3,127,0.22159109374999275,164.72741,164.94900109374998
Percussion,-1,46,A#2,127,0.09659098958334766,165.0001375,165.09672848958334
Percussion,-1,42,F#2,100,0.0681818749999934,165.272865,165.341046875
Percussion,-1,56,G#3,127,0.1931819791666669,165.272865,165.46604697916666
Percussion,-1,46,A#2,127,0.0681818749999934,165.5455925,165.613774375
Percussion,-1,35,B1,127,0.26704567708333116,165.5455925,165.81263817708333
Percussion,-1,42,F#2,100,0.0681818749999934,165.81263817708333,165.88082005208332
Percussion,-1,56,G#3,127,0.22159109374999275,165.81832,166.03991109375
Percussion,-1,46,A#2,127,0.09659098958331924,166.0910475,166.18763848958332
Percussion,-1,42,F#2,100,0.0681818749999934,166.363775,166.431956875
Percussion,-1,56,G#3,127,0.1931819791666669,166.363775,166.55695697916667
Percussion,-1,46,A#2,127,0.0681818749999934,166.6365025,166.704684375
Percussion,-1,35,B1,127,0.26704567708333116,166.6365025,166.90354817708334
Percussion,-1,42,F#2,100,0.0681818749999934,166.90354817708334,166.97173005208333
Percussion,-1,56,G#3,127,0.22159109374999275,166.90923,167.13082109375
Percussion,-1,46,A#2,127,0.09659098958331924,167.1819575,167.27854848958333
Percussion,-1,42,F#2,100,0.0681818749999934,167.454685,167.522866875
Percussion,-1,56,G#3,127,0.1931819791666669,167.454685,167.64786697916668
Percussion,-1,46,A#2,127,0.06818187500002182,167.72741249999999,167.795594375
Percussion,-1,35,B1,127,0.2670456770833596,167.72741249999999,167.99445817708335
Percussion,-1,42,F#2,100,0.0681818749999934,167.99445817708335,168.06264005208334
Percussion,-1,56,G#3,127,0.22159109375002117,168.00014,168.22173109375
Percussion,-1,46,A#2,127,0.09659098958334766,168.2728675,168.36945848958334
Percussion,-1,42,F#2,100,0.0681818749999934,168.545595,168.61377687499999
Percussion,-1,56,G#3,127,0.1931819791666669,168.545595,168.73877697916666
Percussion,-1,46,A#2,127,0.0681818749999934,168.8183225,168.886504375
Percussion,-1,35,B1,127,0.26704567708333116,168.8183225,169.08536817708332
Percussion,-1,42,F#2,100,0.0681818749999934,169.08536817708332,169.15355005208332
Percussion,-1,56,G#3,127,0.22159109374999275,169.09105,169.31264109375
Percussion,-1,46,A#2,127,0.09659098958334766,169.3637775,169.46036848958335
Percussion,-1,42,F#2,100,0.0681818749999934,169.636505,169.704686875
Percussion,-1,56,G#3,127,0.1931819791666669,169.636505,169.82968697916667
Percussion,-1,46,A#2,127,0.0681818749999934,169.9092325,169.977414375
Percussion,-1,35,B1,127,0.26704567708333116,169.9092325,170.17627817708333
Percussion,-1,42,F#2,100,0.0681818749999934,170.17627817708333,170.24446005208333
Percussion,-1,56,G#3,127,0.22159109374999275,170.18196,170.40355109375
Percussion,-1,46,A#2,127,0.09659098958331924,170.4546875,170.55127848958332
Percussion,-1,42,F#2,100,0.0681818749999934,170.727415,170.795596875
Percussion,-1,56,G#3,127,0.1931819791666669,170.727415,170.92059697916667
Percussion,-1,46,A#2,127,0.0681818749999934,171.0001425,171.068324375
Percussion,-1,35,B1,127,0.26704567708333116,171.0001425,171.26718817708334
Percussion,-1,42,F#2,100,0.0681818749999934,171.26718817708334,171.33537005208333
Percussion,-1,56,G#3,127,0.22159109374999275,171.27287,171.49446109375
Percussion,-1,46,A#2,127,0.09659098958334766,171.54559749999999,171.64218848958333
Percussion,-1,42,F#2,100,0.06818187500002182,171.818325,171.886506875
Percussion,-1,56,G#3,127,0.1931819791666669,171.818325,172.01150697916665
Percussion,-1,46,A#2,127,0.06818187500002182,172.0910525,172.159234375
Percussion,-1,35,B1,127,0.26704567708333116,172.0910525,172.35809817708332
Percussion,-1,42,F#2,100,0.06818187500002182,172.35809817708332,172.42628005208334
Percussion,-1,56,G#3,127,0.22159109375002117,172.36378,172.58537109375
Percussion,-1,46,A#2,127,0.09659098958334766,172.6365075,172.73309848958334
Percussion,-1,42,F#2,100,0.0681818749999934,172.909235,172.977416875
Percussion,-1,56,G#3,127,0.1931819791666669,172.909235,173.10241697916666
Percussion,-1,46,A#2,127,0.0681818749999934,173.1819625,173.250144375
Percussion,-1,35,B1,127,0.26704567708333116,173.1819625,173.44900817708333
Percussion,-1,42,F#2,100,0.0681818749999934,173.44900817708333,173.51719005208332
Percussion,-1,56,G#3,127,0.22159109374999275,173.45469,173.67628109375
Percussion,-1,46,A#2,127,0.09659098958331924,173.7274175,173.82400848958332
Percussion,-1,42,F#2,100,0.0681818749999934,174.000145,174.068326875
Percussion,-1,56,G#3,127,0.1931819791666669,174.000145,174.19332697916667
Percussion,-1,46,A#2,127,0.0681818749999934,174.2728725,174.341054375
Percussion,-1,35,B1,127,0.26704567708333116,174.2728725,174.53991817708334
Percussion,-1,42,F#2,100,0.0681818749999934,174.53991817708334,174.60810005208333
Percussion,-1,56,G#3,127,0.22159109374999275,174.5456,174.76719109375
Percussion,-1,46,A#2,127,0.09659098958331924,174.8183275,174.91491848958333
Percussion,-1,42,F#2,100,0.0681818749999934,175.091055,175.159236875
Percussion,-1,56,G#3,127,0.1931819791666669,175.091055,175.28423697916668
Percussion,-1,46,A#2,127,0.06818187500002182,175.36378249999999,175.431964375
Percussion,-1,35,B1,127,0.2670456770833596,175.36378249999999,175.63082817708334
Percussion,-1,42,F#2,100,0.0681818749999934,175.63082817708334,175.69901005208334
Percussion,-1,56,G#3,127,0.22159109375002117,175.63651,175.85810109375
Percussion,-1,46,A#2,127,0.09659098958334766,175.9092375,176.00582848958334
Percussion,-1,42,F#2,100,0.0681818749999934,176.181965,176.25014687499998
Percussion,-1,56,G#3,127,0.1931819791666669,176.181965,176.37514697916666
Percussion,-1,46,A#2,127,0.0681818749999934,176.4546925,176.522874375
Percussion,-1,35,B1,127,0.26704567708333116,176.4546925,176.72173817708332
Percussion,-1,42,F#2,100,0.06818187500002182,176.72173817708332,176.78992005208335
Percussion,-1,56,G#3,127,0.22159109374999275,176.72742,176.94901109375
Percussion,-1,46,A#2,127,0.09659098958334766,177.0001475,177.09673848958334
Percussion,-1,42,F#2,100,0.0681818749999934,177.272875,177.341056875
Percussion,-1,56,G#3,127,0.1931819791666669,177.272875,177.46605697916667
Percussion,-1,46,A#2,127,0.0681818749999934,177.5456025,177.613784375
Percussion,-1,35,B1,127,0.26704567708333116,177.5456025,177.81264817708333
Percussion,-1,42,F#2,100,0.0681818749999934,177.81264817708333,177.88083005208333
Percussion,-1,56,G#3,127,0.22159109374999275,177.81833,178.03992109375
Percussion,-1,46,A#2,127,0.09659098958331924,178.0910575,178.18764848958332
Percussion,-1,42,F#2,100,0.0681818749999934,178.363785,178.431966875
Percussion,-1,56,G#3,127,0.1931819791666669,178.363785,178.55696697916667
Percussion,-1,46,A#2,127,0.0681818749999934,178.6365125,178.704694375
Percussion,-1,35,B1,127,0.26704567708333116,178.6365125,178.90355817708334
Percussion,-1,42,F#2,100,0.0681818749999934,178.90355817708334,178.97174005208333
Percussion,-1,56,G#3,127,0.22159109374999275,178.90924,179.13083109375
Percussion,-1,46,A#2,127,0.09659098958334766,179.18196749999998,179.27855848958333
Percussion,-1,42,F#2,100,0.06818187500002182,179.454695,179.522876875
Percussion,-1,56,G#3,127,0.1931819791666669,179.454695,179.64787697916665
Percussion,-1,46,A#2,127,0.06818187500002182,179.7274225,179.795604375
Percussion,-1,35,B1,127,0.26704567708333116,179.7274225,179.99446817708332
Percussion,-1,42,F#2,100,0.06818187500002182,179.99446817708332,180.06265005208334
Percussion,-1,56,G#3,127,0.22159109375002117,180.00015,180.22174109375
Percussion,-1,46,A#2,127,0.09659098958334766,180.2728775,180.36946848958334
Percussion,-1,42,F#2,100,0.0681818749999934,180.545605,180.613786875
Percussion,-1,56,G#3,127,0.1931819791666669,180.545605,180.73878697916666
Percussion,-1,46,A#2,127,0.0681818749999934,180.8183325,180.886514375
Percussion,-1,35,B1,127,0.26704567708333116,180.8183325,181.08537817708333
Percussion,-1,42,F#2,100,0.0681818749999934,181.08537817708333,181.15356005208332
Percussion,-1,56,G#3,127,0.22159109374999275,181.09106,181.31265109375
Percussion,-1,46,A#2,127,0.09659098958331924,181.3637875,181.46037848958332
Percussion,-1,42,F#2,100,0.0681818749999934,181.636515,181.704696875
Percussion,-1,56,G#3,127,0.1931819791666669,181.636515,181.82969697916667
Percussion,-1,46,A#2,127,0.0681818749999934,181.9092425,181.977424375
Percussion,-1,35,B1,127,0.26704567708333116,181.9092425,182.17628817708334
Percussion,-1,42,F#2,100,0.0681818749999934,182.17628817708334,182.24447005208333
Percussion,-1,56,G#3,127,0.22159109374999275,182.18197,182.40356109375
Percussion,-1,46,A#2,127,0.09659098958331924,182.4546975,182.55128848958333
Percussion,-1,42,F#2,100,0.0681818749999934,182.727425,182.795606875
Percussion,-1,56,G#3,127,0.1931819791666669,182.727425,182.92060697916668
Percussion,-1,46,A#2,127,0.06818187500002182,183.00015249999998,183.068334375
Percussion,-1,35,B1,127,0.2670456770833596,183.00015249999998,183.26719817708334
Percussion,-1,42,F#2,100,0.0681818749999934,183.26719817708334,183.33538005208334
Percussion,-1,56,G#3,127,0.22159109375002117,183.27288,183.49447109375
Percussion,-1,46,A#2,127,0.09659098958334766,183.5456075,183.64219848958334
Percussion,-1,42,F#2,100,0.06818187500002182,183.818335,183.886516875
Percussion,-1,56,G#3,127,0.1931819791666669,183.818335,184.01151697916666
Percussion,-1,46,A#2,127,0.0681818749999934,184.0910625,184.159244375
Percussion,-1,35,B1,127,0.26704567708333116,184.0910625,184.35810817708332
Percussion,-1,42,F#2,100,0.06818187500002182,184.35810817708332,184.42629005208335
Percussion,-1,56,G#3,127,0.22159109374999275,184.36379,184.58538109375
Percussion,-1,46,A#2,127,0.09659098958334766,184.6365175,184.73310848958334
Percussion,-1,42,F#2,100,0.0681818749999934,184.909245,184.977426875
Percussion,-1,56,G#3,127,0.1931819791666669,184.909245,185.10242697916667
Percussion,-1,46,A#2,127,0.0681818749999934,185.1819725,185.250154375
Percussion,-1,35,B1,127,0.26704567708333116,185.1819725,185.44901817708333
Percussion,-1,42,F#2,100,0.0681818749999934,185.44901817708333,185.51720005208333
Percussion,-1,56,G#3,127,0.22159109374999275,185.4547,185.67629109375
Percussion,-1,46,A#2,127,0.09659098958331924,185.7274275,185.82401848958332
Percussion,-1,42,F#2,100,0.0681818749999934,186.000155,186.068336875
Percussion,-1,56,G#3,127,0.1931819791666669,186.000155,186.19333697916667
Percussion,-1,46,A#2,127,0.0681818749999934,186.2728825,186.341064375
Percussion,-1,35,B1,127,0.26704567708333116,186.2728825,186.53992817708334
Percussion,-1,42,F#2,100,0.0681818749999934,186.53992817708334,186.60811005208333
Percussion,-1,56,G#3,127,0.22159109374999275,186.54561,186.76720109375
Percussion,-1,46,A#2,127,0.09659098958331924,186.8183375,186.91492848958333
Percussion,-1,42,F#2,100,0.06818187500002182,187.091065,187.159246875
Percussion,-1,56,G#3,127,0.1931819791666669,187.091065,187.28424697916665
Percussion,-1,46,A#2,127,0.06818187500002182,187.3637925,187.431974375
Percussion,-1,35,B1,127,0.26704567708333116,187.3637925,187.63083817708332
Percussion,-1,42,F#2,100,0.06818187500002182,187.63083817708332,187.69902005208334
Percussion,-1,56,G#3,127,0.22159109375002117,187.63652,187.85811109375
Percussion,-1,46,A#2,127,0.09659098958334766,187.9092475,188.00583848958334
Percussion,-1,42,F#2,100,0.0681818749999934,188.181975,188.250156875
Percussion,-1,56,G#3,127,0.1931819791666669,188.181975,188.37515697916666
Percussion,-1,46,A#2,127,0.0681818749999934,188.4547025,188.522884375
Percussion,-1,35,B1,127,0.26704567708333116,188.4547025,188.72174817708333
Percussion,-1,42,F#2,100,0.0681818749999934,188.72174817708333,188.78993005208332
Percussion,-1,56,G#3,127,0.22159109374999275,188.72743,188.94902109375
Percussion,-1,46,A#2,127,0.09659098958331924,189.0001575,189.09674848958332
Percussion,-1,42,F#2,100,0.0681818749999934,189.272885,189.341066875
Percussion,-1,56,G#3,127,0.1931819791666669,189.272885,189.46606697916667
Percussion,-1,46,A#2,127,0.0681818749999934,189.5456125,189.613794375
Percussion,-1,35,B1,127,0.26704567708333116,189.5456125,189.81265817708334
Percussion,-1,42,F#2,100,0.0681818749999934,189.81265817708334,189.88084005208333
Percussion,-1,56,G#3,127,0.22159109374999275,189.81834,190.03993109375
Percussion,-1,46,A#2,127,0.09659098958331924,190.0910675,190.18765848958333
Percussion,-1,42,F#2,100,0.0681818749999934,190.363795,190.431976875
Percussion,-1,56,G#3,127,0.1931819791666669,190.363795,190.55697697916668
Percussion,-1,46,A#2,127,0.0681818749999934,190.6365225,190.704704375
Percussion,-1,35,B1,127,0.26704567708333116,190.6365225,190.90356817708334
Percussion,-1,42,F#2,100,0.0681818749999934,190.90356817708334,190.97175005208334
Percussion,-1,56,G#3,127,0.22159109375002117,190.90925,191.13084109375
Percussion,-1,46,A#2,127,0.09659098958334766,191.1819775,191.27856848958334
Percussion,-1,42,F#2,100,0.06818187500002182,191.454705,191.522886875
Percussion,-1,56,G#3,127,0.1931819791666669,191.454705,191.64788697916666
Percussion,-1,46,A#2,127,0.0681818749999934,191.7274325,191.79561437499999
Percussion,-1,35,B1,127,0.26704567708333116,191.7274325,191.99447817708332
Percussion,-1,42,F#2,100,0.06818187500002182,191.99447817708332,192.06266005208334
Percussion,-1,56,G#3,127,0.22159109374999275,192.00016,192.22175109375
Percussion,-1,46,A#2,127,0.09659098958334766,192.2728875,192.36947848958334
Percussion,-1,42,F#2,100,0.0681818749999934,192.545615,192.613796875
Percussion,-1,56,G#3,127,0.1931819791666669,192.545615,192.73879697916666
Percussion,-1,46,A#2,127,0.0681818749999934,192.8183425,192.886524375
Percussion,-1,35,B1,127,0.26704567708333116,192.8183425,193.08538817708333
Percussion,-1,42,F#2,100,0.0681818749999934,193.08538817708333,193.15357005208332
Percussion,-1,56,G#3,127,0.22159109374999275,193.09107,193.31266109375
Percussion,-1,46,A#2,127,0.09659098958331924,193.3637975,193.46038848958332
Percussion,-1,42,F#2,100,0.0681818749999934,193.636525,193.704706875
Percussion,-1,56,G#3,127,0.1931819791666669,193.636525,193.82970697916667
Percussion,-1,46,A#2,127,0.0681818749999934,193.9092525,193.977434375
Percussion,-1,35,B1,127,0.26704567708333116,193.9092525,194.17629817708334
Percussion,-1,42,F#2,100,0.0681818749999934,194.17629817708334,194.24448005208333
Percussion,-1,56,G#3,127,0.22159109374999275,194.18198,194.40357109375
Percussion,-1,46,A#2,127,0.09659098958331924,194.4547075,194.55129848958333
Percussion,-1,42,F#2,100,0.06818187500002182,194.72743499999999,194.795616875
Percussion,-1,56,G#3,127,0.1931819791666669,194.72743499999999,194.92061697916665
Percussion,-1,46,A#2,127,0.06818187500002182,195.0001625,195.068344375
Percussion,-1,35,B1,127,0.26704567708333116,195.0001625,195.26720817708332
Percussion,-1,42,F#2,100,0.06818187500002182,195.26720817708332,195.33539005208334
Percussion,-1,56,G#3,127,0.22159109375002117,195.27289,195.49448109375
Percussion,-1,46,A#2,127,0.09659098958334766,195.5456175,195.64220848958334
Percussion,-1,42,F#2,100,0.0681818749999934,195.818345,195.886526875
Percussion,-1,56,G#3,127,0.1931819791666669,195.818345,196.01152697916666
Percussion,-1,46,A#2,127,0.0681818749999934,196.0910725,196.159254375
Percussion,-1,35,B1,127,0.26704567708333116,196.0910725,196.35811817708333
Percussion,-1,42,F#2,100,0.0681818749999934,196.35811817708333,196.42630005208332
Percussion,-1,56,G#3,127,0.22159109374999275,196.3638,196.58539109375
Percussion,-1,46,A#2,127,0.09659098958331924,196.6365275,196.73311848958332
Percussion,-1,42,F#2,100,0.0681818749999934,196.909255,196.977436875
Percussion,-1,56,G#3,127,0.1931819791666669,196.909255,197.10243697916667
Percussion,-1,46,A#2,127,0.0681818749999934,197.1819825,197.250164375
Percussion,-1,35,B1,127,0.26704567708333116,197.1819825,197.44902817708333
Percussion,-1,42,F#2,100,0.0681818749999934,197.44902817708333,197.51721005208333
Percussion,-1,56,G#3,127,0.22159109374999275,197.45471,197.67630109375
Percussion,-1,46,A#2,127,0.09659098958331924,197.7274375,197.82402848958333
Percussion,-1,42,F#2,100,0.0681818749999934,198.000165,198.068346875
Percussion,-1,56,G#3,127,0.1931819791666669,198.000165,198.19334697916668
Percussion,-1,46,A#2,127,0.0681818749999934,198.2728925,198.341074375
Percussion,-1,35,B1,127,0.26704567708333116,198.2728925,198.53993817708334
Percussion,-1,42,F#2,100,0.0681818749999934,198.53993817708334,198.60812005208334
Percussion,-1,56,G#3,127,0.22159109375002117,198.54561999999999,198.76721109375
Percussion,-1,46,A#2,127,0.09659098958334766,198.8183475,198.91493848958334
Percussion,-1,42,F#2,100,0.06818187500002182,199.091075,199.159256875
Percussion,-1,56,G#3,127,0.1931819791666669,199.091075,199.28425697916666
Percussion,-1,46,A#2,127,0.0681818749999934,199.3638025,199.43198437499998
Percussion,-1,35,B1,127,0.26704567708333116,199.3638025,199.63084817708332
Percussion,-1,42,F#2,100,0.06818187500002182,199.63084817708332,199.69903005208334
Percussion,-1,56,G#3,127,0.22159109374999275,199.63653,199.85812109375
Percussion,-1,46,A#2,127,0.09659098958334766,199.9092575,200.00584848958334
Percussion,-1,42,F#2,100,0.0681818749999934,200.181985,200.250166875
Percussion,-1,56,G#3,127,0.1931819791666669,200.181985,200.37516697916666
Percussion,-1,46,A#2,127,0.0681818749999934,200.4547125,200.522894375
Percussion,-1,35,B1,127,0.26704567708333116,200.4547125,200.72175817708333
Percussion,-1,42,F#2,100,0.0681818749999934,200.72175817708333,200.78994005208332
Percussion,-1,56,G#3,127,0.22159109374999275,200.72744,200.94903109375
Percussion,-1,46,A#2,127,0.09659098958331924,201.0001675,201.09675848958332
Percussion,-1,42,F#2,100,0.0681818749999934,201.272895,201.341076875
Percussion,-1,56,G#3,127,0.1931819791666669,201.272895,201.46607697916667
Percussion,-1,46,A#2,127,0.0681818749999934,201.5456225,201.613804375
Percussion,-1,35,B1,127,0.26704567708333116,201.5456225,201.81266817708334
Percussion,-1,42,F#2,100,0.0681818749999934,201.81266817708334,201.88085005208333
Percussion,-1,56,G#3,127,0.22159109374999275,201.81835,202.03994109375
Percussion,-1,46,A#2,127,0.09659098958331924,202.0910775,202.18766848958333
Percussion,-1,42,F#2,100,0.06818187500002182,202.36380499999999,202.431986875
Percussion,-1,56,G#3,127,0.1931819791666669,202.36380499999999,202.55698697916665
Percussion,-1,46,A#2,127,0.06818187500002182,202.6365325,202.704714375
Percussion,-1,35,B1,127,0.26704567708333116,202.6365325,202.90357817708332
Percussion,-1,42,F#2,100,0.06818187500002182,202.90357817708332,202.97176005208334
Percussion,-1,56,G#3,127,0.22159109375002117,202.90926,203.13085109375
Percussion,-1,46,A#2,127,0.09659098958334766,203.1819875,203.27857848958334
Percussion,-1,42,F#2,100,0.0681818749999934,203.454715,203.522896875
Percussion,-1,56,G#3,127,0.1931819791666669,203.454715,203.64789697916666
Percussion,-1,46,A#2,127,0.0681818749999934,203.7274425,203.795624375
Percussion,-1,35,B1,127,0.26704567708333116,203.7274425,203.99448817708333
Percussion,-1,42,F#2,100,0.0681818749999934,203.99448817708333,204.06267005208332
Percussion,-1,56,G#3,127,0.22159109374999275,204.00017,204.22176109375
Percussion,-1,46,A#2,127,0.09659098958331924,204.2728975,204.36948848958332
Percussion,-1,42,F#2,100,0.0681818749999934,204.545625,204.613806875
Percussion,-1,56,G#3,127,0.1931819791666669,204.545625,204.73880697916667
Percussion,-1,46,A#2,127,0.0681818749999934,204.8183525,204.886534375
Percussion,-1,35,B1,127,0.26704567708333116,204.8183525,205.08539817708333
Percussion,-1,42,F#2,100,0.0681818749999934,205.08539817708333,205.15358005208333
Percussion,-1,56,G#3,127,0.22159109374999275,205.09108,205.31267109375
Percussion,-1,46,A#2,127,0.09659098958331924,205.3638075,205.46039848958333
Percussion,-1,42,F#2,100,0.0681818749999934,205.636535,205.704716875
Percussion,-1,56,G#3,127,0.1931819791666669,205.636535,205.82971697916668
Percussion,-1,46,A#2,127,0.0681818749999934,205.9092625,205.977444375
Percussion,-1,35,B1,127,0.26704567708333116,205.9092625,206.17630817708334
Percussion,-1,42,F#2,100,0.0681818749999934,206.17630817708334,206.24449005208334
Percussion,-1,56,G#3,127,0.22159109375002117,206.18198999999998,206.40358109375
Percussion,-1,46,A#2,127,0.09659098958334766,206.4547175,206.55130848958333
Percussion,-1,42,F#2,100,0.06818187500002182,206.727445,206.795626875
Percussion,-1,56,G#3,127,0.1931819791666669,206.727445,206.92062697916666
Percussion,-1,46,A#2,127,0.0681818749999934,207.0001725,207.06835437499998
Percussion,-1,35,B1,127,0.26704567708333116,207.0001725,207.26721817708332
Percussion,-1,42,F#2,100,0.06818187500002182,207.26721817708332,207.33540005208334
Percussion,-1,56,G#3,127,0.22159109374999275,207.2729,207.49449109374999
Percussion,-1,46,A#2,127,0.09659098958334766,207.5456275,207.64221848958334
Percussion,-1,42,F#2,100,0.0681818749999934,207.818355,207.886536875
Percussion,-1,56,G#3,127,0.1931819791666669,207.818355,208.01153697916666
Percussion,-1,46,A#2,127,0.0681818749999934,208.0910825,208.159264375
Percussion,-1,35,B1,127,0.26704567708333116,208.0910825,208.35812817708333
Percussion,-1,42,F#2,100,0.0681818749999934,208.35812817708333,208.42631005208332
Percussion,-1,56,G#3,127,0.22159109374999275,208.36381,208.58540109375
Percussion,-1,46,A#2,127,0.09659098958331924,208.6365375,208.73312848958332
Percussion,-1,42,F#2,100,0.0681818749999934,208.909265,208.977446875
Percussion,-1,56,G#3,127,0.1931819791666669,208.909265,209.10244697916667
Percussion,-1,46,A#2,127,0.0681818749999934,209.1819925,209.250174375
Percussion,-1,35,B1,127,0.26704567708333116,209.1819925,209.44903817708334
Percussion,-1,42,F#2,100,0.0681818749999934,209.44903817708334,209.51722005208333
Percussion,-1,56,G#3,127,0.22159109374999275,209.45472,209.67631109375
Percussion,-1,46,A#2,127,0.09659098958331924,209.7274475,209.82403848958333
Percussion,-1,42,F#2,100,0.06818187500002182,210.00017499999998,210.068356875
Percussion,-1,56,G#3,127,0.1931819791666669,210.00017499999998,210.19335697916665
Percussion,-1,46,A#2,127,0.06818187500002182,210.2729025,210.341084375
Percussion,-1,35,B1,127,0.26704567708333116,210.2729025,210.53994817708332
Percussion,-1,42,F#2,100,0.06818187500002182,210.53994817708332,210.60813005208334
Percussion,-1,56,G#3,127,0.22159109375002117,210.54563,210.76722109375
Percussion,-1,46,A#2,127,0.09659098958334766,210.8183575,210.91494848958334
Percussion,-1,42,F#2,100,0.0681818749999934,211.091085,211.159266875
Percussion,-1,56,G#3,127,0.1931819791666669,211.091085,211.28426697916666
Percussion,-1,46,A#2,127,0.0681818749999934,211.3638125,211.431994375
Percussion,-1,35,B1,127,0.26704567708333116,211.3638125,211.63085817708333
Percussion,-1,42,F#2,100,0.0681818749999934,211.63085817708333,211.69904005208332
Percussion,-1,56,G#3,127,0.22159109374999275,211.63654,211.85813109375
Percussion,-1,46,A#2,127,0.09659098958331924,211.9092675,212.00585848958332
Percussion,-1,42,F#2,100,0.0681818749999934,212.181995,212.250176875
Percussion,-1,56,G#3,127,0.1931819791666669,212.181995,212.37517697916667
Percussion,-1,46,A#2,127,0.0681818749999934,212.4547225,212.522904375
Percussion,-1,35,B1,127,0.26704567708333116,212.4547225,212.72176817708333
Percussion,-1,42,F#2,100,0.0681818749999934,212.72176817708333,212.78995005208333
Percussion,-1,56,G#3,127,0.22159109374999275,212.72745,212.94904109375
Percussion,-1,46,A#2,127,0.09659098958331924,213.0001775,213.09676848958333
Percussion,-1,42,F#2,100,0.0681818749999934,213.272905,213.341086875
Percussion,-1,56,G#3,127,0.1931819791666669,213.272905,213.46608697916668
Percussion,-1,46,A#2,127,0.0681818749999934,213.5456325,213.613814375
Percussion,-1,35,B1,127,0.26704567708333116,213.5456325,213.81267817708334
Percussion,-1,42,F#2,100,0.0681818749999934,213.81267817708334,213.88086005208334
Percussion,-1,56,G#3,127,0.22159109375002117,213.81835999999998,214.03995109375
Percussion,-1,46,A#2,127,0.09659098958334766,214.0910875,214.18767848958333
Percussion,-1,42,F#2,100,0.06818187500002182,214.363815,214.431996875
Percussion,-1,56,G#3,127,0.1931819791666669,214.363815,214.55699697916666
Percussion,-1,46,A#2,127,0.06818187500002182,214.6365425,214.704724375
Percussion,-1,35,B1,127,0.26704567708333116,214.6365425,214.90358817708332
Percussion,-1,42,F#2,100,0.06818187500002182,214.90358817708332,214.97177005208334
Percussion,-1,56,G#3,127,0.22159109374999275,214.90927,215.13086109374999
Percussion,-1,46,A#2,127,0.09659098958334766,215.1819975,215.27858848958334
Percussion,-1,42,F#2,100,0.0681818749999934,215.454725,215.522906875
Percussion,-1,56,G#3,127,0.1931819791666669,215.454725,215.64790697916666
Percussion,-1,46,A#2,127,0.0681818749999934,215.7274525,215.795634375
Percussion,-1,35,B1,127,0.26704567708333116,215.7274525,215.99449817708333
Percussion,-1,42,F#2,100,0.0681818749999934,215.99449817708333,216.06268005208332
Percussion,-1,56,G#3,127,0.22159109374999275,216.00018,216.22177109375
Percussion,-1,46,A#2,127,0.09659098958331924,216.2729075,216.36949848958332
Percussion,-1,42,F#2,100,0.0681818749999934,216.545635,216.613816875
Percussion,-1,56,G#3,127,0.1931819791666669,216.545635,216.73881697916667
Percussion,-1,46,A#2,127,0.0681818749999934,216.8183625,216.886544375
Percussion,-1,35,B1,127,0.26704567708333116,216.8183625,217.08540817708334
Percussion,-1,42,F#2,100,0.0681818749999934,217.08540817708334,217.15359005208333
Percussion,-1,56,G#3,127,0.22159109374999275,217.09109,217.31268109375
Percussion,-1,46,A#2,127,0.09659098958331924,217.3638175,217.46040848958333
Percussion,-1,42,F#2,100,0.0681818749999934,217.636545,217.704726875
Percussion,-1,56,G#3,127,0.19318197916663848,217.636545,217.82972697916665
Percussion,-1,46,A#2,127,0.06818187500002182,217.9092725,217.977454375
Percussion,-1,35,B1,127,0.2670456770833596,217.9092725,218.17631817708335
Percussion,-1,42,F#2,100,0.0681818749999934,218.17631817708335,218.24450005208334
Percussion,-1,56,G#3,127,0.22159109375002117,218.182,218.40359109375
Percussion,-1,46,A#2,127,0.09659098958334766,218.4547275,218.55131848958334
Percussion,-1,42,F#2,100,0.0681818749999934,218.727455,218.79563687499999
Percussion,-1,56,G#3,127,0.1931819791666669,218.727455,218.92063697916666
Percussion,-1,46,A#2,127,0.0681818749999934,219.0001825,219.068364375
Percussion,-1,35,B1,127,0.26704567708333116,219.0001825,219.26722817708333
Percussion,-1,42,F#2,100,0.0681818749999934,219.26722817708333,219.33541005208332
Percussion,-1,56,G#3,127,0.22159109374999275,219.27291,219.49450109375
Percussion,-1,46,A#2,127,0.09659098958334766,219.5456375,219.64222848958335
Percussion,-1,42,F#2,100,0.0681818749999934,219.818365,219.886546875
Percussion,-1,56,G#3,127,0.1931819791666669,219.818365,220.01154697916667
Percussion,-1,46,A#2,127,0.0681818749999934,220.0910925,220.159274375
Percussion,-1,35,B1,127,0.26704567708333116,220.0910925,220.35813817708333
Percussion,-1,42,F#2,100,0.0681818749999934,220.35813817708333,220.42632005208333
Percussion,-1,56,G#3,127,0.22159109374999275,220.36382,220.58541109375
Percussion,-1,46,A#2,127,0.09659098958331924,220.6365475,220.73313848958333
Percussion,-1,42,F#2,100,0.0681818749999934,220.909275,220.977456875
Percussion,-1,56,G#3,127,0.1931819791666669,220.909275,221.10245697916667
Percussion,-1,46,A#2,127,0.0681818749999934,221.1820025,221.250184375
Percussion,-1,35,B1,127,0.26704567708333116,221.1820025,221.44904817708334
Percussion,-1,42,F#2,100,0.0681818749999934,221.44904817708334,221.51723005208333
Percussion,-1,56,G#3,127,0.22159109374999275,221.45473,221.67632109375
Percussion,-1,46,A#2,127,0.09659098958334766,221.72745749999999,221.82404848958333
Percussion,-1,42,F#2,100,0.06818187500002182,222.000185,222.068366875
Percussion,-1,56,G#3,127,0.1931819791666669,222.000185,222.19336697916665
Percussion,-1,46,A#2,127,0.06818187500002182,222.2729125,222.341094375
Percussion,-1,35,B1,127,0.26704567708333116,222.2729125,222.53995817708332
Percussion,-1,42,F#2,100,0.06818187500002182,222.53995817708332,222.60814005208334
Percussion,-1,56,G#3,127,0.22159109374999275,222.54564,222.76723109374998
Percussion,-1,46,A#2,127,0.09659098958334766,222.8183675,222.91495848958334
Percussion,-1,42,F#2,100,0.0681818749999934,223.091095,223.159276875
Percussion,-1,56,G#3,127,0.1931819791666669,223.091095,223.28427697916666
Percussion,-1,46,A#2,127,0.0681818749999934,223.3638225,223.432004375
Percussion,-1,35,B1,127,0.26704567708333116,223.3638225,223.63086817708333
Percussion,-1,42,F#2,100,0.0681818749999934,223.63086817708333,223.69905005208332
Percussion,-1,56,G#3,127,0.22159109374999275,223.63655,223.85814109375
Percussion,-1,46,A#2,127,0.09659098958331924,223.9092775,224.00586848958332
Percussion,-1,42,F#2,100,0.0681818749999934,224.182005,224.250186875
Percussion,-1,56,G#3,127,0.1931819791666669,224.182005,224.37518697916667
Percussion,-1,46,A#2,127,0.0681818749999934,224.4547325,224.522914375
Percussion,-1,35,B1,127,0.26704567708333116,224.4547325,224.72177817708334
Percussion,-1,42,F#2,100,0.0681818749999934,224.72177817708334,224.78996005208333
Percussion,-1,56,G#3,127,0.22159109374999275,224.72746,224.94905109375
Percussion,-1,46,A#2,127,0.09659098958331924,225.0001875,225.09677848958333
Percussion,-1,42,F#2,100,0.0681818749999934,225.272915,225.341096875
Percussion,-1,56,G#3,127,0.1931819791666669,225.272915,225.46609697916668
Percussion,-1,46,A#2,127,0.06818187500002182,225.54564249999999,225.613824375
Percussion,-1,35,B1,127,0.2670456770833596,225.54564249999999,225.81268817708334
Percussion,-1,42,F#2,100,0.0681818749999934,225.81268817708334,225.88087005208334
Percussion,-1,56,G#3,127,0.22159109375002117,225.81837,226.03996109375
Percussion,-1,46,A#2,127,0.09659098958334766,226.0910975,226.18768848958334
Percussion,-1,42,F#2,100,0.0681818749999934,226.363825,226.43200687499998
Percussion,-1,56,G#3,127,0.1931819791666669,226.363825,226.55700697916666
Percussion,-1,46,A#2,127,0.0681818749999934,226.6365525,226.704734375
Percussion,-1,35,B1,127,0.26704567708333116,226.6365525,226.90359817708332
Percussion,-1,42,F#2,100,0.0681818749999934,226.90359817708332,226.97178005208332
Percussion,-1,56,G#3,127,0.22159109374999275,226.90928,227.13087109375
Percussion,-1,46,A#2,127,0.09659098958334766,227.1820075,227.27859848958335
Percussion,-1,42,F#2,100,0.0681818749999934,227.454735,227.522916875
Percussion,-1,56,G#3,127,0.1931819791666669,227.454735,227.64791697916667
Percussion,-1,46,A#2,127,0.0681818749999934,227.7274625,227.795644375
Percussion,-1,35,B1,127,0.26704567708333116,227.7274625,227.99450817708333
Percussion,-1,42,F#2,100,0.0681818749999934,227.99450817708333,228.06269005208333
Percussion,-1,56,G#3,127,0.22159109374999275,228.00019,228.22178109375
Percussion,-1,46,A#2,127,0.09659098958331924,228.2729175,228.36950848958332
Percussion,-1,42,F#2,100,0.0681818749999934,228.545645,228.613826875
Percussion,-1,56,G#3,127,0.1931819791666669,228.545645,228.73882697916667
Percussion,-1,46,A#2,127,0.0681818749999934,228.8183725,228.886554375
Percussion,-1,35,B1,127,0.26704567708333116,228.8183725,229.08541817708334
Percussion,-1,42,F#2,100,0.0681818749999934,229.08541817708334,229.15360005208333
Percussion,-1,56,G#3,127,0.22159109374999275,229.0911,229.31269109375
Percussion,-1,46,A#2,127,0.09659098958334766,229.36382749999999,229.46041848958333
Percussion,-1,42,F#2,100,0.06818187500002182,229.636555,229.704736875
Percussion,-1,56,G#3,127,0.1931819791666669,229.636555,229.82973697916665
Percussion,-1,46,A#2,127,0.06818187500002182,229.9092825,229.977464375
Percussion,-1,35,B1,127,0.26704567708333116,229.9092825,230.17632817708332
Percussion,-1,42,F#2,100,0.06818187500002182,230.17632817708332,230.24451005208334
Percussion,-1,56,G#3,127,0.22159109374999275,230.18201,230.40360109374998
Percussion,-1,46,A#2,127,0.09659098958334766,230.4547375,230.55132848958334
Percussion,-1,42,F#2,100,0.0681818749999934,230.727465,230.795646875
Percussion,-1,56,G#3,127,0.1931819791666669,230.727465,230.92064697916666
Percussion,-1,46,A#2,127,0.0681818749999934,231.0001925,231.068374375
Percussion,-1,35,B1,127,0.26704567708333116,231.0001925,231.26723817708333
Percussion,-1,42,F#2,100,0.0681818749999934,231.26723817708333,231.33542005208332
Percussion,-1,56,G#3,127,0.22159109374999275,231.27292,231.49451109375
Percussion,-1,46,A#2,127,0.09659098958331924,231.5456475,231.64223848958332
Percussion,-1,42,F#2,100,0.0681818749999934,231.818375,231.886556875
Percussion,-1,56,G#3,127,0.1931819791666669,231.818375,232.01155697916667
Percussion,-1,46,A#2,127,0.0681818749999934,232.0911025,232.159284375
Percussion,-1,35,B1,127,0.26704567708333116,232.0911025,232.35814817708334
Percussion,-1,42,F#2,100,0.0681818749999934,232.35814817708334,232.42633005208333
Percussion,-1,56,G#3,127,0.22159109374999275,232.36383,232.58542109375
Percussion,-1,46,A#2,127,0.09659098958331924,232.6365575,232.73314848958333
Percussion,-1,42,F#2,100,0.0681818749999934,232.909285,232.977466875
Percussion,-1,56,G#3,127,0.1931819791666669,232.909285,233.10246697916668
Percussion,-1,46,A#2,127,0.06818187500002182,233.18201249999998,233.250194375
Percussion,-1,35,B1,127,0.2670456770833596,233.18201249999998,233.44905817708334
Percussion,-1,42,F#2,100,0.0681818749999934,233.44905817708334,233.51724005208334
Percussion,-1,56,G#3,127,0.22159109375002117,233.45474,233.67633109375
Percussion,-1,46,A#2,127,0.09659098958334766,233.7274675,233.82405848958334
Percussion,-1,42,F#2,100,0.0681818749999934,234.000195,234.06837687499998
Percussion,-1,56,G#3,127,0.1931819791666669,234.000195,234.19337697916666
Percussion,-1,46,A#2,127,0.0681818749999934,234.2729225,234.341104375
Percussion,-1,35,B1,127,0.26704567708333116,234.2729225,234.53996817708332
Percussion,-1,42,F#2,100,0.0681818749999934,234.53996817708332,234.60815005208332
Percussion,-1,56,G#3,127,0.22159109374999275,234.54565,234.76724109375
Percussion,-1,46,A#2,127,0.09659098958334766,234.8183775,234.91496848958334
Percussion,-1,42,F#2,100,0.0681818749999934,235.091105,235.159286875
Percussion,-1,56,G#3,127,0.1931819791666669,235.091105,235.28428697916667
Percussion,-1,46,A#2,127,0.0681818749999934,235.3638325,235.432014375
Percussion,-1,35,B1,127,0.26704567708333116,235.3638325,235.63087817708333
Percussion,-1,42,F#2,100,0.0681818749999934,235.63087817708333,235.69906005208333
Percussion,-1,56,G#3,127,0.22159109374999275,235.63656,235.85815109375
Percussion,-1,46,A#2,127,0.09659098958331924,235.9092875,236.00587848958332
Percussion,-1,42,F#2,100,0.0681818749999934,236.182015,236.250196875
Percussion,-1,56,G#3,127,0.1931819791666669,236.182015,236.37519697916667
Percussion,-1,46,A#2,127,0.0681818749999934,236.4547425,236.522924375
Percussion,-1,35,B1,127,0.26704567708333116,236.4547425,236.72178817708334
Percussion,-1,42,F#2,100,0.0681818749999934,236.72178817708334,236.78997005208333
Percussion,-1,56,G#3,127,0.22159109374999275,236.72747,236.94906109375
Percussion,-1,46,A#2,127,0.09659098958334766,237.00019749999998,237.09678848958333
Percussion,-1,42,F#2,100,0.06818187500002182,237.272925,237.341106875
Percussion,-1,56,G#3,127,0.1931819791666669,237.272925,237.46610697916665
Percussion,-1,46,A#2,127,0.06818187500002182,237.5456525,237.613834375
Percussion,-1,35,B1,127,0.26704567708333116,237.5456525,237.81269817708332
Percussion,-1,42,F#2,100,0.06818187500002182,237.81269817708332,237.88088005208334
Percussion,-1,35,B1,127,0.21590927083335032,237.81838,238.03428927083334
Percussion,-1,65,F4,127,0.09090916666667681,238.90929,239.00019916666668
Percussion,-1,35,B1,127,0.15340921874999935,238.90929,239.06269921875
Percussion,-1,65,F4,127,0.11931828125000266,239.31838125,239.43769953125
Percussion,-1,35,B1,127,0.1250001041666735,239.31838125,239.44338135416666
Percussion,-1,65,F4,127,0.1022728124999901,239.7274725,239.8297453125
Percussion,-1,35,B1,127,0.1363637499999868,239.7274725,239.86383625
Percussion,-1,56,G#3,127,0.22159109374999275,240.0002,240.22179109375
Percussion,-1,46,A#2,127,0.09659098958331924,240.2729275,240.36951848958333
Percussion,-1,42,F#2,100,0.0681818749999934,240.545655,240.613836875
Percussion,-1,56,G#3,127,0.1931819791666669,240.545655,240.73883697916668
Percussion,-1,46,A#2,127,0.06818187500002182,240.81838249999998,240.886564375
Percussion,-1,35,B1,127,0.2670456770833596,240.81838249999998,241.08542817708334
Percussion,-1,42,F#2,100,0.0681818749999934,241.08542817708334,241.15361005208334
Percussion,-1,56,G#3,127,0.22159109375002117,241.09111,241.31270109375
Percussion,-1,46,A#2,127,0.09659098958334766,241.3638375,241.46042848958334
Percussion,-1,42,F#2,100,0.06818187500002182,241.636565,241.704746875
Percussion,-1,56,G#3,127,0.1931819791666669,241.636565,241.82974697916666
Percussion,-1,46,A#2,127,0.0681818749999934,241.9092925,241.97747437499999
Percussion,-1,35,B1,127,0.26704567708333116,241.9092925,242.17633817708332
Percussion,-1,42,F#2,100,0.06818187500002182,242.17633817708332,242.24452005208335
Percussion,-1,56,G#3,127,0.22159109374999275,242.18202,242.40361109375
Percussion,-1,46,A#2,127,0.09659098958334766,242.4547475,242.55133848958334
Percussion,-1,42,F#2,100,0.0681818749999934,242.727475,242.795656875
Percussion,-1,56,G#3,127,0.1931819791666669,242.727475,242.92065697916667
Percussion,-1,46,A#2,127,0.0681818749999934,243.0002025,243.068384375
Percussion,-1,35,B1,127,0.26704567708333116,243.0002025,243.26724817708333
Percussion,-1,42,F#2,100,0.0681818749999934,243.26724817708333,243.33543005208332
Percussion,-1,56,G#3,127,0.22159109374999275,243.27293,243.49452109375
Percussion,-1,46,A#2,127,0.09659098958331924,243.5456575,243.64224848958332
Percussion,-1,42,F#2,100,0.0681818749999934,243.818385,243.886566875
Percussion,-1,56,G#3,127,0.1931819791666669,243.818385,244.01156697916667
Percussion,-1,46,A#2,127,0.0681818749999934,244.0911125,244.159294375
Percussion,-1,35,B1,127,0.26704567708333116,244.0911125,244.35815817708334
Percussion,-1,42,F#2,100,0.0681818749999934,244.35815817708334,244.42634005208333
Percussion,-1,56,G#3,127,0.22159109374999275,244.36384,244.58543109375
Percussion,-1,46,A#2,127,0.09659098958334766,244.63656749999998,244.73315848958333
Percussion,-1,42,F#2,100,0.06818187500002182,244.909295,244.977476875
Percussion,-1,56,G#3,127,0.1931819791666669,244.909295,245.10247697916665
Percussion,-1,46,A#2,127,0.06818187500002182,245.1820225,245.250204375
Percussion,-1,35,B1,127,0.26704567708333116,245.1820225,245.44906817708332
Percussion,-1,42,F#2,100,0.06818187500002182,245.44906817708332,245.51725005208334
Percussion,-1,56,G#3,127,0.22159109375002117,245.45475,245.67634109375
Percussion,-1,46,A#2,127,0.09659098958334766,245.7274775,245.82406848958334
Percussion,-1,42,F#2,100,0.0681818749999934,246.000205,246.068386875
Percussion,-1,56,G#3,127,0.1931819791666669,246.000205,246.19338697916666
Percussion,-1,46,A#2,127,0.0681818749999934,246.2729325,246.341114375
Percussion,-1,35,B1,127,0.26704567708333116,246.2729325,246.53997817708333
Percussion,-1,42,F#2,100,0.0681818749999934,246.53997817708333,246.60816005208332
Percussion,-1,56,G#3,127,0.22159109374999275,246.54566,246.76725109375
Percussion,-1,46,A#2,127,0.09659098958331924,246.8183875,246.91497848958332
Percussion,-1,42,F#2,100,0.0681818749999934,247.091115,247.159296875
Percussion,-1,56,G#3,127,0.1931819791666669,247.091115,247.28429697916667
Percussion,-1,46,A#2,127,0.0681818749999934,247.3638425,247.432024375
Percussion,-1,35,B1,127,0.26704567708333116,247.3638425,247.63088817708334
Percussion,-1,42,F#2,100,0.0681818749999934,247.63088817708334,247.69907005208333
Percussion,-1,56,G#3,127,0.22159109374999275,247.63657,247.85816109375
Percussion,-1,46,A#2,127,0.09659098958331924,247.9092975,248.00588848958333
Percussion,-1,42,F#2,100,0.0681818749999934,248.182025,248.250206875
Percussion,-1,56,G#3,127,0.1931819791666669,248.182025,248.37520697916668
Percussion,-1,46,A#2,127,0.0681818749999934,248.4547525,248.522934375
Percussion,-1,35,B1,127,0.26704567708333116,248.4547525,248.72179817708334
Percussion,-1,42,F#2,100,0.0681818749999934,248.72179817708334,248.78998005208334
Percussion,-1,56,G#3,127,0.22159109375002117,248.72747999999999,248.94907109375
Percussion,-1,46,A#2,127,0.09659098958334766,249.0002075,249.09679848958334
Percussion,-1,42,F#2,100,0.06818187500002182,249.272935,249.341116875
Percussion,-1,56,G#3,127,0.1931819791666669,249.272935,249.46611697916666
Percussion,-1,46,A#2,127,0.0681818749999934,249.5456625,249.61384437499999
Percussion,-1,35,B1,127,0.26704567708333116,249.5456625,249.81270817708332
Percussion,-1,42,F#2,100,0.06818187500002182,249.81270817708332,249.88089005208334
Percussion,-1,56,G#3,127,0.22159109374999275,249.81839,250.03998109375
Percussion,-1,46,A#2,127,0.09659098958334766,250.0911175,250.18770848958334
Percussion,-1,42,F#2,100,0.0681818749999934,250.363845,250.432026875
Percussion,-1,56,G#3,127,0.1931819791666669,250.363845,250.55702697916666
Percussion,-1,46,A#2,127,0.0681818749999934,250.6365725,250.704754375
Percussion,-1,35,B1,127,0.26704567708333116,250.6365725,250.90361817708333
Percussion,-1,42,F#2,100,0.0681818749999934,250.90361817708333,250.97180005208332
Percussion,-1,56,G#3,127,0.22159109374999275,250.9093,251.13089109375
Percussion,-1,46,A#2,127,0.09659098958331924,251.1820275,251.27861848958332
Percussion,-1,42,F#2,100,0.0681818749999934,251.454755,251.522936875
Percussion,-1,56,G#3,127,0.1931819791666669,251.454755,251.64793697916667
Percussion,-1,46,A#2,127,0.0681818749999934,251.7274825,251.795664375
Percussion,-1,35,B1,127,0.26704567708333116,251.7274825,251.99452817708334
Percussion,-1,42,F#2,100,0.0681818749999934,251.99452817708334,252.06271005208333
Percussion,-1,56,G#3,127,0.22159109374999275,252.00021,252.22180109375
Percussion,-1,46,A#2,127,0.09659098958331924,252.2729375,252.36952848958333
Percussion,-1,42,F#2,100,0.06818187500002182,252.54566499999999,252.613846875
Percussion,-1,56,G#3,127,0.1931819791666669,252.54566499999999,252.73884697916665
Percussion,-1,46,A#2,127,0.06818187500002182,252.8183925,252.886574375
Percussion,-1,35,B1,127,0.26704567708333116,252.8183925,253.08543817708332
Percussion,-1,42,F#2,100,0.06818187500002182,253.08543817708332,253.15362005208334
Percussion,-1,56,G#3,127,0.22159109375002117,253.09112,253.31271109375
Percussion,-1,46,A#2,127,0.09659098958334766,253.3638475,253.46043848958334
Percussion,-1,42,F#2,100,0.0681818749999934,253.636575,253.704756875
Percussion,-1,56,G#3,127,0.1931819791666669,253.636575,253.82975697916666
Percussion,-1,46,A#2,127,0.0681818749999934,253.9093025,253.977484375
Percussion,-1,35,B1,127,0.26704567708333116,253.9093025,254.17634817708333
Percussion,-1,42,F#2,100,0.0681818749999934,254.17634817708333,254.24453005208332
Percussion,-1,56,G#3,127,0.22159109374999275,254.18203,254.40362109375
Percussion,-1,46,A#2,127,0.09659098958331924,254.4547575,254.55134848958332
Percussion,-1,42,F#2,100,0.0681818749999934,254.727485,254.795666875
Percussion,-1,56,G#3,127,0.1931819791666669,254.727485,254.92066697916667
Percussion,-1,46,A#2,127,0.0681818749999934,255.0002125,255.068394375
Percussion,-1,35,B1,127,0.26704567708333116,255.0002125,255.26725817708333
Percussion,-1,42,F#2,100,0.0681818749999934,255.26725817708333,255.33544005208333
Percussion,-1,56,G#3,127,0.22159109374999275,255.27294,255.49453109375
Percussion,-1,46,A#2,127,0.09659098958331924,255.5456675,255.64225848958333
Percussion,-1,42,F#2,100,0.0681818749999934,255.818395,255.886576875
Percussion,-1,56,G#3,127,0.19318197916663848,255.818395,256.01157697916665
Percussion,-1,46,A#2,127,0.0681818749999934,256.0911225,256.159304375
Percussion,-1,35,B1,127,0.26704567708333116,256.0911225,256.3581681770833
Percussion,-1,42,F#2,100,0.0681818749999934,256.3581681770833,256.4263500520833
Percussion,-1,56,G#3,127,0.22159109374996433,256.36385,256.58544109375
Percussion,-1,46,A#2,127,0.09659098958331924,256.6365775,256.7331684895833
Percussion,-1,42,F#2,100,0.0681818749999934,256.909305,256.977486875
Percussion,-1,56,G#3,127,0.19318197916663848,256.909305,257.10248697916666
Percussion,-1,46,A#2,127,0.0681818749999934,257.1820325,257.250214375
Percussion,-1,35,B1,127,0.26704567708333116,257.1820325,257.4490781770833
Percussion,-1,42,F#2,100,0.0681818749999934,257.4490781770833,257.5172600520833
Percussion,-1,56,G#3,127,0.22159109374996433,257.45476,257.67635109375
Percussion,-1,46,A#2,127,0.09659098958331924,257.7274875,257.8240784895833
Percussion,-1,42,F#2,100,0.0681818749999934,258.000215,258.068396875
Percussion,-1,56,G#3,127,0.19318197916663848,258.000215,258.19339697916666
Percussion,-1,46,A#2,127,0.0681818749999934,258.2729425,258.341124375
Percussion,-1,35,B1,127,0.26704567708333116,258.2729425,258.53998817708333
Percussion,-1,42,F#2,100,0.0681818749999934,258.53998817708333,258.6081700520833
Percussion,-1,56,G#3,127,0.22159109375002117,258.54567,258.76726109375
Percussion,-1,46,A#2,127,0.09659098958331924,258.8183975,258.9149884895833
Percussion,-1,42,F#2,100,0.0681818749999934,259.091125,259.15930687499997
Percussion,-1,56,G#3,127,0.19318197916669533,259.091125,259.2843069791667
Percussion,-1,46,A#2,127,0.0681818749999934,259.3638525,259.432034375
Percussion,-1,35,B1,127,0.26704567708333116,259.3638525,259.63089817708334
Percussion,-1,42,F#2,100,0.0681818749999934,259.63089817708334,259.69908005208333
Percussion,-1,56,G#3,127,0.22159109375002117,259.63658,259.85817109375
Percussion,-1,46,A#2,127,0.09659098958331924,259.9093075,260.00589848958333
Percussion,-1,42,F#2,100,0.0681818749999934,260.182035,260.250216875
Percussion,-1,56,G#3,127,0.19318197916669533,260.182035,260.3752169791667
Percussion,-1,46,A#2,127,0.0681818749999934,260.4547625,260.522944375
Percussion,-1,35,B1,127,0.26704567708333116,260.4547625,260.72180817708335
Percussion,-1,42,F#2,100,0.0681818749999934,260.72180817708335,260.78999005208334
Percussion,-1,56,G#3,127,0.22159109375002117,260.72749,260.94908109375
Percussion,-1,46,A#2,127,0.09659098958331924,261.0002175,261.09680848958334
Percussion,-1,42,F#2,100,0.0681818749999934,261.272945,261.341126875
Percussion,-1,56,G#3,127,0.19318197916669533,261.272945,261.4661269791667
Percussion,-1,46,A#2,127,0.0681818749999934,261.5456725,261.613854375
Percussion,-1,35,B1,127,0.26704567708333116,261.5456725,261.81271817708335
Percussion,-1,42,F#2,100,0.0681818749999934,261.81271817708335,261.88090005208335
Percussion,-1,56,G#3,127,0.22159109375002117,261.8184,262.03999109375
Percussion,-1,46,A#2,127,0.09659098958337609,262.09112749999997,262.18771848958335
Percussion,-1,42,F#2,100,0.0681818749999934,262.363855,262.432036875
Percussion,-1,56,G#3,127,0.19318197916663848,262.363855,262.55703697916664
Percussion,-1,46,A#2,127,0.06818187500005024,262.6365825,262.704764375
Percussion,-1,35,B1,127,0.26704567708333116,262.6365825,262.9036281770833
Percussion,-1,42,F#2,100,0.06818187500005024,262.9036281770833,262.97181005208336
Percussion,-1,56,G#3,127,0.22159109375002117,262.90931,263.13090109375
Percussion,-1,46,A#2,127,0.09659098958337609,263.1820375,263.27862848958335
Percussion,-1,42,F#2,100,0.0681818749999934,263.454765,263.522946875
Percussion,-1,56,G#3,127,0.19318197916663848,263.454765,263.64794697916665
Percussion,-1,46,A#2,127,0.0681818749999934,263.7274925,263.795674375
Percussion,-1,35,B1,127,0.26704567708333116,263.7274925,263.9945381770833
Percussion,-1,42,F#2,100,0.0681818749999934,263.9945381770833,264.0627200520833
Percussion,-1,56,G#3,127,0.22159109374996433,264.00022,264.22181109375
Percussion,-1,46,A#2,127,0.09659098958331924,264.2729475,264.3695384895833
Percussion,-1,42,F#2,100,0.0681818749999934,264.545675,264.613856875
Percussion,-1,56,G#3,127,0.19318197916663848,264.545675,264.73885697916666
Percussion,-1,46,A#2,127,0.0681818749999934,264.8184025,264.886584375
Percussion,-1,35,B1,127,0.26704567708333116,264.8184025,265.0854481770833
Percussion,-1,42,F#2,100,0.0681818749999934,265.0854481770833,265.1536300520833
Percussion,-1,56,G#3,127,0.22159109374996433,265.09113,265.31272109375
Percussion,-1,46,A#2,127,0.09659098958331924,265.3638575,265.4604484895833
Percussion,-1,42,F#2,100,0.0681818749999934,265.636585,265.704766875
Percussion,-1,56,G#3,127,0.19318197916663848,265.636585,265.82976697916666
Percussion,-1,46,A#2,127,0.0681818749999934,265.9093125,265.977494375
Percussion,-1,35,B1,127,0.26704567708333116,265.9093125,266.17635817708333
Percussion,-1,42,F#2,100,0.0681818749999934,266.17635817708333,266.2445400520833
Percussion,-1,56,G#3,127,0.22159109375002117,266.18204,266.40363109375
Percussion,-1,46,A#2,127,0.09659098958331924,266.4547675,266.5513584895833
Percussion,-1,42,F#2,100,0.0681818749999934,266.727495,266.79567687499997
Percussion,-1,56,G#3,127,0.19318197916669533,266.727495,266.92067697916667
Percussion,-1,46,A#2,127,0.0681818749999934,267.0002225,267.068404375
Percussion,-1,35,B1,127,0.26704567708333116,267.0002225,267.26726817708334
Percussion,-1,42,F#2,100,0.0681818749999934,267.26726817708334,267.33545005208333
Percussion,-1,56,G#3,127,0.22159109375002117,267.27295,267.49454109375
Percussion,-1,46,A#2,127,0.09659098958331924,267.5456775,267.64226848958333
Percussion,-1,42,F#2,100,0.0681818749999934,267.818405,267.886586875
Percussion,-1,56,G#3,127,0.19318197916669533,267.818405,268.0115869791667
Percussion,-1,46,A#2,127,0.0681818749999934,268.0911325,268.159314375
Percussion,-1,35,B1,127,0.26704567708333116,268.0911325,268.35817817708335
Percussion,-1,42,F#2,100,0.0681818749999934,268.35817817708335,268.42636005208334
Percussion,-1,56,G#3,127,0.22159109375002117,268.36386,268.58545109375
Percussion,-1,46,A#2,127,0.09659098958331924,268.6365875,268.73317848958334
Percussion,-1,42,F#2,100,0.0681818749999934,268.909315,268.977496875
Percussion,-1,56,G#3,127,0.19318197916669533,268.909315,269.1024969791667
Percussion,-1,46,A#2,127,0.0681818749999934,269.1820425,269.250224375
Percussion,-1,35,B1,127,0.26704567708333116,269.1820425,269.44908817708335
Percussion,-1,42,F#2,100,0.0681818749999934,269.44908817708335,269.51727005208335
Percussion,-1,56,G#3,127,0.22159109375002117,269.45477,269.67636109375
Percussion,-1,46,A#2,127,0.09659098958337609,269.72749749999997,269.82408848958335
Percussion,-1,42,F#2,100,0.0681818749999934,270.000225,270.068406875
Percussion,-1,56,G#3,127,0.19318197916663848,270.000225,270.19340697916664
Percussion,-1,46,A#2,127,0.06818187500005024,270.2729525,270.341134375
Percussion,-1,35,B1,127,0.26704567708333116,270.2729525,270.5399981770833
Percussion,-1,42,F#2,100,0.06818187500005024,270.5399981770833,270.60818005208336
Percussion,-1,56,G#3,127,0.22159109375002117,270.54568,270.76727109375
Percussion,-1,46,A#2,127,0.09659098958337609,270.8184075,270.91499848958335
Percussion,-1,42,F#2,100,0.0681818749999934,271.091135,271.159316875
Percussion,-1,56,G#3,127,0.19318197916663848,271.091135,271.28431697916665
Percussion,-1,46,A#2,127,0.0681818749999934,271.3638625,271.432044375
Percussion,-1,35,B1,127,0.26704567708333116,271.3638625,271.6309081770833
Percussion,-1,42,F#2,100,0.0681818749999934,271.6309081770833,271.6990900520833
Percussion,-1,56,G#3,127,0.22159109374996433,271.63659,271.85818109375
Percussion,-1,46,A#2,127,0.09659098958331924,271.9093175,272.0059084895833
Percussion,-1,42,F#2,100,0.0681818749999934,272.182045,272.250226875
Percussion,-1,56,G#3,127,0.19318197916663848,272.182045,272.37522697916665
Percussion,-1,46,A#2,127,0.0681818749999934,272.4547725,272.522954375
Percussion,-1,35,B1,127,0.26704567708333116,272.4547725,272.7218181770833
Percussion,-1,42,F#2,100,0.0681818749999934,272.7218181770833,272.7900000520833
Percussion,-1,56,G#3,127,0.22159109374996433,272.7275,272.94909109375
Percussion,-1,46,A#2,127,0.09659098958331924,273.0002275,273.0968184895833
Percussion,-1,42,F#2,100,0.0681818749999934,273.272955,273.341136875
Percussion,-1,56,G#3,127,0.19318197916663848,273.272955,273.46613697916666
Percussion,-1,46,A#2,127,0.0681818749999934,273.5456825,273.613864375
Percussion,-1,35,B1,127,0.26704567708333116,273.5456825,273.81272817708333
Percussion,-1,42,F#2,100,0.0681818749999934,273.81272817708333,273.8809100520833
Percussion,-1,56,G#3,127,0.22159109375002117,273.81841,274.04000109375
Percussion,-1,46,A#2,127,0.09659098958331924,274.0911375,274.1877284895833
Percussion,-1,42,F#2,100,0.06818187500005024,274.363865,274.432046875
Percussion,-1,56,G#3,127,0.19318197916669533,274.363865,274.55704697916667
Percussion,-1,46,A#2,127,0.0681818749999934,274.6365925,274.704774375
Percussion,-1,35,B1,127,0.26704567708333116,274.6365925,274.90363817708334
Percussion,-1,42,F#2,100,0.0681818749999934,274.90363817708334,274.97182005208333
Percussion,-1,56,G#3,127,0.22159109375002117,274.90932,275.13091109375
Percussion,-1,46,A#2,127,0.09659098958331924,275.1820475,275.27863848958333
Percussion,-1,42,F#2,100,0.0681818749999934,275.454775,275.522956875
Percussion,-1,56,G#3,127,0.19318197916669533,275.454775,275.6479569791667
Percussion,-1,46,A#2,127,0.0681818749999934,275.7275025,275.795684375
Percussion,-1,35,B1,127,0.26704567708333116,275.7275025,275.99454817708335
Percussion,-1,42,F#2,100,0.0681818749999934,275.99454817708335,276.06273005208334
Percussion,-1,56,G#3,127,0.22159109375002117,276.00023,276.22182109375
Percussion,-1,46,A#2,127,0.09659098958331924,276.2729575,276.36954848958334
Percussion,-1,42,F#2,100,0.0681818749999934,276.545685,276.613866875
Percussion,-1,56,G#3,127,0.19318197916669533,276.545685,276.7388669791667
Percussion,-1,46,A#2,127,0.0681818749999934,276.8184125,276.886594375
Percussion,-1,35,B1,127,0.26704567708333116,276.8184125,277.08545817708335
Percussion,-1,42,F#2,100,0.0681818749999934,277.08545817708335,277.15364005208335
Percussion,-1,56,G#3,127,0.22159109375002117,277.09114,277.31273109375
Percussion,-1,46,A#2,127,0.09659098958337609,277.36386749999997,277.46045848958335
Percussion,-1,42,F#2,100,0.0681818749999934,277.636595,277.704776875
Percussion,-1,56,G#3,127,0.19318197916663848,277.636595,277.82977697916664
Percussion,-1,46,A#2,127,0.06818187500005024,277.9093225,277.977504375
Percussion,-1,35,B1,127,0.26704567708333116,277.9093225,278.1763681770833
Percussion,-1,42,F#2,100,0.06818187500005024,278.1763681770833,278.24455005208335
Percussion,-1,56,G#3,127,0.22159109375002117,278.18205,278.40364109375
Percussion,-1,46,A#2,127,0.09659098958337609,278.4547775,278.55136848958335
Percussion,-1,42,F#2,100,0.0681818749999934,278.727505,278.795686875
Percussion,-1,56,G#3,127,0.19318197916663848,278.727505,278.92068697916665
Percussion,-1,46,A#2,127,0.0681818749999934,279.0002325,279.068414375
Percussion,-1,35,B1,127,0.26704567708333116,279.0002325,279.2672781770833
Percussion,-1,42,F#2,100,0.0681818749999934,279.2672781770833,279.3354600520833
Percussion,-1,56,G#3,127,0.22159109374996433,279.27296,279.49455109375
Percussion,-1,46,A#2,127,0.09659098958331924,279.5456875,279.6422784895833
Percussion,-1,42,F#2,100,0.0681818749999934,279.818415,279.886596875
Percussion,-1,56,G#3,127,0.19318197916663848,279.818415,280.01159697916665
Percussion,-1,46,A#2,127,0.0681818749999934,280.0911425,280.159324375
Percussion,-1,35,B1,127,0.26704567708333116,280.0911425,280.3581881770833
Percussion,-1,42,F#2,100,0.0681818749999934,280.3581881770833,280.4263700520833
Percussion,-1,56,G#3,127,0.22159109374996433,280.36387,280.58546109375
Percussion,-1,46,A#2,127,0.09659098958331924,280.6365975,280.7331884895833
Percussion,-1,42,F#2,100,0.0681818749999934,280.909325,280.977506875
Percussion,-1,56,G#3,127,0.19318197916663848,280.909325,281.10250697916666
Percussion,-1,46,A#2,127,0.0681818749999934,281.1820525,281.250234375
Percussion,-1,35,B1,127,0.26704567708333116,281.1820525,281.44909817708333
Percussion,-1,42,F#2,100,0.0681818749999934,281.44909817708333,281.5172800520833
Percussion,-1,56,G#3,127,0.22159109375002117,281.45477999999997,281.67637109375
Percussion,-1,46,A#2,127,0.09659098958331924,281.7275075,281.8240984895833
Percussion,-1,42,F#2,100,0.06818187500005024,282.000235,282.068416875
Percussion,-1,56,G#3,127,0.19318197916669533,282.000235,282.19341697916667
Percussion,-1,46,A#2,127,0.0681818749999934,282.2729625,282.341144375
Percussion,-1,35,B1,127,0.26704567708333116,282.2729625,282.54000817708334
Percussion,-1,42,F#2,100,0.0681818749999934,282.54000817708334,282.60819005208333
Percussion,-1,56,G#3,127,0.22159109375002117,282.54569,282.76728109375
Percussion,-1,46,A#2,127,0.09659098958331924,282.8184175,282.91500848958333
Percussion,-1,42,F#2,100,0.0681818749999934,283.091145,283.159326875
Percussion,-1,56,G#3,127,0.19318197916669533,283.091145,283.2843269791667
Percussion,-1,46,A#2,127,0.0681818749999934,283.3638725,283.432054375
Percussion,-1,35,B1,127,0.26704567708333116,283.3638725,283.63091817708334
Percussion,-1,42,F#2,100,0.0681818749999934,283.63091817708334,283.69910005208334
Percussion,-1,56,G#3,127,0.22159109375002117,283.6366,283.85819109375
Percussion,-1,46,A#2,127,0.09659098958331924,283.9093275,284.00591848958334
Percussion,-1,42,F#2,100,0.0681818749999934,284.182055,284.250236875
Percussion,-1,56,G#3,127,0.19318197916669533,284.182055,284.3752369791667
Percussion,-1,46,A#2,127,0.0681818749999934,284.4547825,284.522964375
Percussion,-1,35,B1,127,0.26704567708333116,284.4547825,284.72182817708335
Percussion,-1,42,F#2,100,0.0681818749999934,284.72182817708335,284.79001005208335
Percussion,-1,56,G#3,127,0.22159109375002117,284.72751,284.94910109375
Percussion,-1,46,A#2,127,0.09659098958331924,285.0002375,285.09682848958334
Percussion,-1,42,F#2,100,0.0681818749999934,285.272965,285.341146875
Percussion,-1,56,G#3,127,0.19318197916663848,285.272965,285.46614697916664
Percussion,-1,46,A#2,127,0.06818187500005024,285.5456925,285.613874375
Percussion,-1,35,B1,127,0.26704567708333116,285.5456925,285.8127381770833
Percussion,-1,42,F#2,100,0.06818187500005024,285.8127381770833,285.88092005208335
Percussion,-1,56,G#3,127,0.22159109375002117,285.81842,286.04001109375
Percussion,-1,46,A#2,127,0.09659098958337609,286.0911475,286.18773848958335
Percussion,-1,42,F#2,100,0.0681818749999934,286.363875,286.432056875
Percussion,-1,56,G#3,127,0.19318197916663848,286.363875,286.55705697916665
Percussion,-1,46,A#2,127,0.0681818749999934,286.6366025,286.704784375
Percussion,-1,35,B1,127,0.26704567708333116,286.6366025,286.9036481770833
Percussion,-1,42,F#2,100,0.0681818749999934,286.9036481770833,286.9718300520833
Percussion,-1,56,G#3,127,0.22159109374996433,286.90933,287.13092109375
Percussion,-1,46,A#2,127,0.09659098958331924,287.1820575,287.2786484895833
Percussion,-1,42,F#2,100,0.0681818749999934,287.454785,287.522966875
Percussion,-1,56,G#3,127,0.19318197916663848,287.454785,287.64796697916665
Percussion,-1,46,A#2,127,0.0681818749999934,287.7275125,287.795694375
Percussion,-1,35,B1,127,0.26704567708333116,287.7275125,287.9945581770833
Percussion,-1,42,F#2,100,0.0681818749999934,287.9945581770833,288.0627400520833
Percussion,-1,56,G#3,127,0.22159109374996433,288.00024,288.22183109375
Percussion,-1,46,A#2,127,0.09659098958331924,288.2729675,288.3695584895833
Percussion,-1,42,F#2,100,0.0681818749999934,288.545695,288.613876875
Percussion,-1,56,G#3,127,0.19318197916663848,288.545695,288.73887697916666
Percussion,-1,46,A#2,127,0.0681818749999934,288.8184225,288.886604375
Percussion,-1,35,B1,127,0.26704567708333116,288.8184225,289.0854681770833
Percussion,-1,42,F#2,100,0.0681818749999934,289.0854681770833,289.1536500520833
Percussion,-1,56,G#3,127,0.22159109375002117,289.09114999999997,289.31274109375
Percussion,-1,46,A#2,127,0.09659098958331924,289.3638775,289.4604684895833
Percussion,-1,42,F#2,100,0.06818187500005024,289.636605,289.704786875
Percussion,-1,56,G#3,127,0.19318197916669533,289.636605,289.82978697916667
Percussion,-1,46,A#2,127,0.0681818749999934,289.9093325,289.977514375
Percussion,-1,35,B1,127,0.26704567708333116,289.9093325,290.17637817708334
Percussion,-1,42,F#2,100,0.0681818749999934,290.17637817708334,290.24456005208333
Percussion,-1,56,G#3,127,0.22159109375002117,290.18206,290.40365109375
Percussion,-1,46,A#2,127,0.09659098958331924,290.4547875,290.5513784895833
Percussion,-1,42,F#2,100,0.0681818749999934,290.727515,290.795696875
Percussion,-1,56,G#3,127,0.19318197916669533,290.727515,290.9206969791667
Percussion,-1,46,A#2,127,0.0681818749999934,291.0002425,291.068424375
Percussion,-1,35,B1,127,0.26704567708333116,291.0002425,291.26728817708334
Percussion,-1,42,F#2,100,0.0681818749999934,291.26728817708334,291.33547005208334
Percussion,-1,56,G#3,127,0.22159109375002117,291.27297,291.49456109375
Percussion,-1,46,A#2,127,0.09659098958331924,291.5456975,291.64228848958334
Percussion,-1,42,F#2,100,0.0681818749999934,291.818425,291.886606875
Percussion,-1,56,G#3,127,0.19318197916669533,291.818425,292.0116069791667
Percussion,-1,46,A#2,127,0.0681818749999934,292.0911525,292.159334375
Percussion,-1,35,B1,127,0.26704567708333116,292.0911525,292.35819817708335
Percussion,-1,42,F#2,100,0.0681818749999934,292.35819817708335,292.42638005208335
Percussion,-1,56,G#3,127,0.22159109375002117,292.36388,292.58547109375
Percussion,-1,46,A#2,127,0.09659098958331924,292.6366075,292.73319848958334
Percussion,-1,42,F#2,100,0.0681818749999934,292.909335,292.977516875
Percussion,-1,56,G#3,127,0.19318197916663848,292.909335,293.10251697916664
Percussion,-1,46,A#2,127,0.06818187500005024,293.1820625,293.250244375
Percussion,-1,35,B1,127,0.26704567708333116,293.1820625,293.4491081770833
Percussion,-1,42,F#2,100,0.06818187500005024,293.4491081770833,293.51729005208335
Percussion,-1,56,G#3,127,0.22159109375002117,293.45479,293.67638109375
Percussion,-1,46,A#2,127,0.09659098958337609,293.7275175,293.82410848958335
Percussion,-1,42,F#2,100,0.0681818749999934,294.000245,294.068426875
Percussion,-1,56,G#3,127,0.19318197916663848,294.000245,294.19342697916665
Percussion,-1,46,A#2,127,0.0681818749999934,294.2729725,294.341154375
Percussion,-1,35,B1,127,0.26704567708333116,294.2729725,294.5400181770833
Percussion,-1,42,F#2,100,0.0681818749999934,294.5400181770833,294.6082000520833
Percussion,-1,35,B1,127,0.2159092708333219,294.5457,294.76160927083333
Percussion,-1,64,E4,127,0.07386369791666603,5.45455,5.528413697916666
Percussion,-1,64,E4,127,0.08522734374999974,5.59091375,5.67614109375
Percussion,-1,64,E4,127,0.07386369791666691,5.86364125,5.937504947916667
Percussion,-1,64,E4,127,0.09659098958333345,6.000005,6.096595989583333
Percussion,-1,64,E4,127,0.11363645833333358,6.2727325,6.386368958333334
Percussion,-1,62,D4,127,0.10227281249999987,6.54546,6.6477328125
Percussion,-1,62,D4,127,0.09659098958333345,7.090915,7.187505989583333
Percussion,-1,64,E4,127,0.13068192708333282,7.3636425,7.494324427083333
Percussion,-1,62,D4,127,0.10227281249999987,7.63637,7.7386428125
Percussion,-1,62,D4,127,0.10227281250000075,8.181825,8.2840978125
Percussion,-1,64,E4,127,0.13636374999999923,8.4545525,8.59091625
Percussion,-1,62,D4,127,0.10795463541666628,8.72728,8.835234635416667
Percussion,-1,62,D4,127,0.10227281250000075,9.272734999999999,9.3750078125
Percussion,-1,64,E4,127,0.09090916666666793,9.5454625,9.636371666666667
Percussion,-1,63,D#4,127,0.07954552083333333,9.81819,9.897735520833333
Percussion,-1,63,D#4,127,0.0625000520833332,9.95455375,10.017053802083334
Percussion,-1,63,D#4,127,0.09659098958333345,10.0909175,10.187508489583333
Percussion,-1,63,D#4,127,0.0625000520833332,10.22728125,10.289781302083334
Percussion,-1,63,D#4,127,0.08522734375000063,10.363645,10.44887234375
Percussion,-1,64,E4,127,0.10227281249999898,10.6363725,10.7386453125
Percussion,-1,62,D4,127,0.09090916666666615,10.9091,11.000009166666667
Percussion,-1,62,D4,127,0.10227281250000075,11.454555,11.5568278125
Percussion,-1,62,D4,127,0.005681822916667301,11.7272825,11.732964322916667
Percussion,-1,64,E4,127,0.1250001041666664,11.7272825,11.852282604166666
Percussion,-1,62,D4,127,0.10227281250000075,12.00001,12.1022828125
Percussion,-1,62,D4,127,0.09090916666666615,12.545465,12.636374166666666
Percussion,-1,64,E4,127,0.14204557291666653,12.8181925,12.960238072916667
Percussion,-1,62,D4,127,0.09090916666666615,13.09092,13.181829166666667
Percussion,-1,62,D4,127,0.10227281250000075,13.636375,13.7386478125
Percussion,-1,64,E4,127,0.08522734375000063,13.9091025,13.99432984375
Percussion,-1,63,D#4,127,0.0625000520833332,14.18183,14.244330052083333
Percussion,-1,63,D#4,127,0.07954552083333333,14.31819375,14.397739270833334
Percussion,-1,63,D#4,127,0.0681818750000005,14.59092125,14.659103125
Percussion,-1,63,D#4,127,0.08522734374999885,14.727285,14.812512343749999
Percussion,-1,64,E4,127,0.09090916666666615,15.0000125,15.090921666666667
Percussion,-1,62,D4,127,0.09090916666666615,15.27274,15.363649166666667
Percussion,-1,62,D4,127,0.09659098958333345,15.818195,15.914785989583333
Percussion,-1,64,E4,127,0.1250001041666664,16.0909225,16.215922604166668
Percussion,-1,62,D4,127,0.1250001041666664,16.36365,16.488650104166666
Percussion,-1,62,D4,127,0.1136364583333318,16.909105,17.022741458333332
Percussion,-1,64,E4,127,0.1306819270833337,17.1818325,17.312514427083332
Percussion,-1,62,D4,127,0.1079546354166645,17.45456,17.562514635416665
Percussion,-1,62,D4,127,0.09659098958333345,18.000015,18.096605989583335
Percussion,-1,64,E4,127,0.09659098958333345,18.2727425,18.369333489583333
Percussion,-1,63,D#4,127,0.0795455208333351,18.545469999999998,18.625015520833333
Percussion,-1,63,D#4,127,0.0738636979166678,18.68183375,18.755697447916667
Percussion,-1,63,D#4,127,0.09090916666666615,18.8181975,18.909106666666666
Percussion,-1,63,D#4,127,0.06818187499999695,18.95456125,19.022743124999998
Percussion,-1,63,D#4,127,0.0795455208333351,19.090925,19.170470520833334
Percussion,-1,64,E4,127,0.10227281250000075,19.3636525,19.4659253125
Percussion,-1,62,D4,127,0.09659098958333345,19.63638,19.732970989583333
Percussion,-1,62,D4,127,0.09659098958333345,20.181835,20.278425989583333
Percussion,-1,64,E4,127,0.1250001041666664,20.4545625,20.579562604166668
Percussion,-1,62,D4,127,0.1136364583333318,20.72729,20.840926458333332
Percussion,-1,62,D4,127,0.10227281250000075,21.272745,21.3750178125
Percussion,-1,64,E4,127,0.11931828125000266,21.5454725,21.66479078125
Percussion,-1,62,D4,127,0.1079546354166645,21.8182,21.926154635416665
Percussion,-1,62,D4,127,0.09659098958333345,22.363655,22.460245989583335
Percussion,-1,64,E4,127,0.09659098958333345,22.6363825,22.732973489583333
Percussion,-1,62,D4,127,0.1250001041666664,22.90911,23.034110104166665
Percussion,-1,62,D4,127,0.10227281250000075,23.454565,23.5568378125
Percussion,-1,64,E4,127,0.13636374999999745,23.7272925,23.86365625
Percussion,-1,62,D4,127,0.1193182812499991,24.00002,24.11933828125
Percussion,-1,62,D4,127,0.10227281250000075,24.545475,24.6477478125
Percussion,-1,64,E4,127,0.136363750000001,24.818202499999998,24.95456625
Percussion,-1,62,D4,127,0.1136364583333318,25.09093,25.204566458333332
Percussion,-1,62,D4,127,0.10227281250000075,25.636385,25.7386578125
Percussion,-1,64,E4,127,0.1306819270833337,25.9091125,26.039794427083333
Percussion,-1,62,D4,127,0.1306819270833337,26.18184,26.312521927083335
Percussion,-1,62,D4,127,0.11931828125000266,26.727294999999998,26.84661328125
Percussion,-1,64,E4,127,0.1306819270833337,27.0000225,27.130704427083334
Percussion,-1,62,D4,127,0.18181833333333586,27.27275,27.454568333333334
Percussion,-1,62,D4,127,0.09659098958333345,27.818205,27.914795989583332
Percussion,-1,64,E4,127,0.14772739583333205,28.0909325,28.238659895833333
Percussion,-1,62,D4,127,0.1420455729166683,28.36366,28.505705572916668
Percussion,-1,62,D4,127,0.0681818750000005,28.77275125,28.840933125
Percussion,-1,62,D4,127,0.09659098958333345,28.909115,29.005705989583333
Percussion,-1,64,E4,127,0.1306819270833337,29.1818425,29.312524427083332
Percussion,-1,62,D4,127,0.1136364583333318,29.45457,29.568206458333332
Percussion,-1,62,D4,127,0.07954552083333155,29.86366125,29.94320677083333
Percussion,-1,62,D4,127,0.09659098958333345,30.000025,30.096615989583334
Percussion,-1,64,E4,127,0.136363750000001,30.2727525,30.40911625
Percussion,-1,62,D4,127,0.1022728124999972,30.54548,30.6477528125
Percussion,-1,62,D4,127,0.0681818750000005,30.95457125,31.022753125
Percussion,-1,62,D4,127,0.0852273437500024,31.090934999999998,31.17616234375
Percussion,-1,64,E4,127,0.09659098958333345,31.3636625,31.460253489583334
Percussion,-1,63,D#4,127,0.0795455208333351,31.63639,31.715935520833334
Percussion,-1,63,D#4,127,0.0625000520833332,31.77275375,31.835253802083333
Percussion,-1,63,D#4,127,0.09659098958333345,31.9091175,32.005708489583334
Percussion,-1,63,D#4,127,0.06250005208332965,32.04548125,32.10798130208333
Percussion,-1,63,D#4,127,0.079545520833328,32.181845,32.26139052083333
Percussion,-1,64,E4,127,0.1022728125000043,32.4545725,32.5568453125
Percussion,-1,62,D4,127,0.1022728124999972,32.7273,32.8295728125
Percussion,-1,62,D4,127,0.07386369791666425,33.13639125,33.21025494791667
Percussion,-1,62,D4,127,0.0909091666666697,33.272755,33.363664166666666
Percussion,-1,64,E4,127,0.09659098958333345,33.5454825,33.64207348958333
Percussion,-1,62,D4,127,0.1022728124999972,33.81821,33.9204828125
Percussion,-1,62,D4,127,0.0681818750000005,34.22730125,34.295483125
Percussion,-1,62,D4,127,0.1022728125000043,34.363665,34.4659378125
Percussion,-1,64,E4,127,0.13068192708333015,34.6363925,34.76707442708333
Percussion,-1,62,D4,127,0.1136364583333318,34.90912,35.02275645833333
Percussion,-1,62,D4,127,0.07386369791667136,35.31821125,35.39207494791667
Percussion,-1,62,D4,127,0.1022728125000043,35.454575,35.5568478125
Percussion,-1,64,E4,127,0.09659098958333345,35.7273025,35.823893489583334
Percussion,-1,62,D4,127,0.10795463541666095,36.00003,36.10798463541666
Percussion,-1,62,D4,127,0.06250005208333675,36.40912125,36.471621302083335
Percussion,-1,62,D4,127,0.0909091666666697,36.545485,36.63639416666667
Percussion,-1,64,E4,127,0.1022728124999972,36.8182125,36.9204853125
Percussion,-1,62,D4,127,0.1022728125000043,37.090939999999996,37.1932128125
Percussion,-1,62,D4,127,0.0681818750000005,37.50003125,37.568213125
Percussion,-1,62,D4,127,0.08522734374999885,37.636395,37.72162234375
Percussion,-1,64,E4,127,0.09659098958333345,37.9091225,38.005713489583336
Percussion,-1,62,D4,127,0.09659098958333345,38.18185,38.27844098958333
Percussion,-1,62,D4,127,0.0568182291666659,38.59094125,38.647759479166666
Percussion,-1,62,D4,127,0.0909091666666626,38.727305,38.818214166666664
Percussion,-1,64,E4,127,0.1022728124999972,39.0000325,39.1023053125
Percussion,-1,62,D4,127,0.1022728125000043,39.27276,39.3750328125
Percussion,-1,62,D4,127,0.0681818750000005,39.68185125,39.750033125
Percussion,-1,62,D4,127,0.1022728124999972,39.818215,39.9204878125
Percussion,-1,64,E4,127,0.09659098958333345,40.0909425,40.18753348958333
Percussion,-1,63,D#4,127,0.08522734374999885,40.36367,40.44889734375
Percussion,-1,63,D#4,127,0.06250005208332965,40.50003375,40.56253380208333
Percussion,-1,63,D#4,127,0.0795455208333351,40.6363975,40.715943020833336
Percussion,-1,63,D#4,127,0.0681818750000005,40.77276125,40.840943125
Percussion,-1,63,D#4,127,0.079545520833328,40.909125,40.98867052083333
Percussion,-1,64,E4,127,0.09659098958333345,41.1818525,41.27844348958333
Percussion,-1,62,D4,127,0.10795463541666805,41.45458,41.56253463541667
Percussion,-1,62,D4,127,0.0681818749999934,41.86367125,41.931853124999996
Percussion,-1,60,C4,127,0.08522734375000596,42.000035,42.08526234375
Percussion,-1,62,D4,127,0.0909091666666697,42.000035,42.09094416666667
Percussion,-1,64,E4,127,0.11931828125000266,42.2727625,42.39208078125
Percussion,-1,63,D#4,127,0.005681822916663748,42.54549,42.551171822916665
Percussion,-1,62,D4,127,0.10795463541666805,42.54549,42.65344463541667
Percussion,-1,62,D4,127,0.06250005208333675,42.95458125,43.017081302083334
Percussion,-1,62,D4,127,0.09659098958333345,43.090945,43.18753598958333
Percussion,-1,64,E4,127,0.1022728124999972,43.3636725,43.4659453125
Percussion,-1,62,D4,127,0.10795463541666095,43.6364,43.74435463541666
Percussion,-1,62,D4,127,0.06250005208333675,44.04549125,44.107991302083335
Percussion,-1,62,D4,127,0.10795463541666805,44.181855,44.28980963541667
Percussion,-1,64,E4,127,0.09659098958333345,44.4545825,44.551173489583334
Percussion,-1,63,D#4,127,0.079545520833328,44.72731,44.80685552083333
Percussion,-1,63,D#4,127,0.05681822916667301,44.86367375,44.92049197916667
Percussion,-1,63,D#4,127,0.0795455208333351,45.0000375,45.07958302083333
Percussion,-1,63,D#4,127,0.0681818750000005,45.13640125,45.204583125
Percussion,-1,63,D#4,127,0.07386369791666425,45.272765,45.346628697916664
Percussion,-1,64,E4,127,0.0909091666666626,45.5454925,45.636401666666664
Percussion,-1,62,D4,127,0.15340921875000646,45.81822,45.97162921875
Percussion,-1,62,D4,127,0.0795455208333351,46.22731125,46.306856770833335
Percussion,-1,62,D4,127,0.1022728124999972,46.363675,46.4659478125
Percussion,-1,64,E4,127,0.1363637499999939,46.6364025,46.77276625
Percussion,-1,62,D4,127,0.11931828125000266,46.90913,47.02844828125
Percussion,-1,62,D4,127,0.07386369791666425,47.31822125,47.392084947916665
Percussion,-1,62,D4,127,0.1022728124999972,47.454585,47.5568578125
Percussion,-1,64,E4,127,0.1022728125000043,47.7273125,47.8295853125
Percussion,-1,62,D4,127,0.10795463541666805,48.00004,48.10799463541667
Percussion,-1,62,D4,127,0.08522734374999885,48.40913125,48.49435859375
Percussion,-1,62,D4,127,0.09659098958333345,48.545495,48.642085989583336
Percussion,-1,64,E4,127,0.08522734374999885,48.8182225,48.903449843749996
Percussion,-1,63,D#4,127,0.08522734374999885,49.09095,49.17617734375
Percussion,-1,63,D#4,127,0.0681818750000005,49.22731375,49.295495625
Percussion,-1,63,D#4,127,0.0909091666666626,49.3636775,49.454586666666664
Percussion,-1,63,D#4,127,0.06250005208332965,49.50004125,49.56254130208333
Percussion,-1,63,D#4,127,0.0909091666666697,49.636404999999996,49.727314166666666
Percussion,-1,64,E4,127,0.1022728125000043,49.9091325,50.0114053125
Percussion,-1,62,D4,127,0.1136364583333318,50.18186,50.29549645833333
Percussion,-1,62,D4,127,0.0795455208333351,50.590951249999996,50.67049677083333
Percussion,-1,62,D4,127,0.0909091666666697,50.727315,50.81822416666667
Percussion,-1,64,E4,127,0.1250001041666664,51.0000425,51.125042604166666
Percussion,-1,62,D4,127,0.11931828124999555,51.27277,51.39208828125
Percussion,-1,62,D4,127,0.0795455208333351,51.68186125,51.76140677083333
Percussion,-1,62,D4,127,0.1136364583333318,51.818225,51.93186145833333
Percussion,-1,64,E4,127,0.1136364583333318,52.0909525,52.20458895833333
Percussion,-1,62,D4,127,0.1136364583333318,52.36368,52.477316458333334
Percussion,-1,62,D4,127,0.0681818750000005,52.77277125,52.840953125
Percussion,-1,62,D4,127,0.1136364583333318,52.909135,53.02277145833333
Percussion,-1,64,E4,127,0.0909091666666626,53.1818625,53.272771666666664
Percussion,-1,63,D#4,127,0.05681822916667301,53.454589999999996,53.51140822916667
Percussion,-1,63,D#4,127,0.07386369791667136,53.59095375,53.66481744791667
Percussion,-1,63,D#4,127,0.06250005208333675,53.86368125,53.926181302083336
Percussion,-1,63,D#4,127,0.0795455208333351,54.000045,54.079590520833335
Percussion,-1,64,E4,127,0.0909091666666626,54.2727725,54.363681666666665
Percussion,-1,62,D4,127,0.1022728125000043,54.5455,54.6477728125
Percussion,-1,62,D4,127,0.07386369791666425,54.95459125,55.028454947916664
Percussion,-1,62,D4,127,0.1022728124999972,55.090955,55.1932278125
Percussion,-1,64,E4,127,0.10795463541666095,55.3636825,55.471637135416664
Percussion,-1,62,D4,127,0.1022728125000043,55.63641,55.7386828125
Percussion,-1,62,D4,127,0.07386369791666425,56.04550125,56.119364947916665
Percussion,-1,62,D4,127,0.0909091666666626,56.181865,56.272774166666665
Percussion,-1,64,E4,127,0.10795463541666805,56.4545925,56.562547135416665
Percussion,-1,62,D4,127,0.11931828125000266,56.72732,56.84663828125
Percussion,-1,62,D4,127,0.07386369791666425,57.13641125,57.210274947916666
Percussion,-1,62,D4,127,0.09659098958333345,57.272775,57.369365989583336
Percussion,-1,64,E4,127,0.08522734374999885,57.5455025,57.63072984375
Percussion,-1,63,D#4,127,0.07386369791666425,57.81823,57.892093697916664
Percussion,-1,63,D#4,127,0.0568182291666659,57.95459375,58.01141197916667
Percussion,-1,63,D#4,127,0.0909091666666626,58.0909575,58.181866666666664
Percussion,-1,63,D#4,127,0.0681818749999934,58.22732125,58.295503124999996
Percussion,-1,63,D#4,127,0.08522734375000596,58.363685,58.44891234375
Percussion,-1,64,E4,127,0.09659098958333345,58.6364125,58.73300348958333
Percussion,-1,62,D4,127,0.1022728124999972,58.90914,59.0114128125
Percussion,-1,62,D4,127,0.0795455208333351,59.31823125,59.39777677083333
Percussion,-1,62,D4,127,0.1022728125000043,59.454595,59.5568678125
Percussion,-1,64,E4,127,0.11931828125000266,59.7273225,59.84664078125
Percussion,-1,62,D4,127,0.1022728124999972,60.00005,60.1023228125
Percussion,-1,62,D4,127,0.07386369791667136,60.40914125,60.48300494791667
Percussion,-1,62,D4,127,0.1022728125000043,60.545505,60.6477778125
Percussion,-1,64,E4,127,0.11931828124999555,60.8182325,60.937550781249996
Percussion,-1,62,D4,127,0.1136364583333318,61.09096,61.204596458333334
Percussion,-1,62,D4,127,0.0795455208333351,61.50005125,61.579596770833334
Percussion,-1,62,D4,127,0.1136364583333318,61.636415,61.75005145833333
Percussion,-1,64,E4,127,0.10795463541666805,61.9091425,62.01709713541667
Percussion,-1,63,D#4,127,0.05113640625000215,62.181869999999996,62.23300640625
Percussion,-1,63,D#4,127,0.08522734374999885,62.31823375,62.403461093749996
Percussion,-1,63,D#4,127,0.0568182291666659,62.59096125,62.647779479166665
Percussion,-1,63,D#4,127,0.0909091666666626,62.727325,62.81823416666666
Percussion,-1,64,E4,127,0.0909091666666626,63.0000525,63.090961666666665
Percussion,-1,62,D4,127,0.11931828125000266,63.27278,63.39209828125
Percussion,-1,62,D4,127,0.06250005208332965,63.68187125,63.74437130208333
Percussion,-1,62,D4,127,0.0909091666666626,63.818235,63.909144166666664
Percussion,-1,64,E4,127,0.10795463541666095,64.0909625,64.19891713541666
Percussion,-1,62,D4,127,0.1136364583333318,64.36369,64.47732645833334
Percussion,-1,62,D4,127,0.0795455208333351,64.77278125,64.85232677083333
Percussion,-1,62,D4,127,0.09659098958333345,64.909145,65.00573598958333
Percussion,-1,64,E4,127,0.1136364583333318,65.1818725,65.29550895833333
Percussion,-1,62,D4,127,0.1136364583333318,65.4546,65.56823645833333
Percussion,-1,62,D4,127,0.07386369791666425,65.86369125,65.93755494791667
Percussion,-1,62,D4,127,0.09659098958333345,66.000055,66.09664598958334
Percussion,-1,64,E4,127,0.07386369791666425,66.2727825,66.34664619791667
Percussion,-1,63,D#4,127,0.07386369791667846,66.54551,66.61937369791667
Percussion,-1,63,D#4,127,0.0568182291666659,66.68187375,66.73869197916666
Percussion,-1,63,D#4,127,0.08522734375000596,66.8182375,66.90346484375
Percussion,-1,63,D#4,127,0.05113640625000926,66.95460125,67.00573765625
Percussion,-1,63,D#4,127,0.07386369791666425,67.090965,67.16482869791666
Percussion,-1,64,E4,127,0.1022728125000043,67.3636925,67.4659653125
Percussion,-1,62,D4,127,0.1022728125000043,67.63642,67.7386928125
Percussion,-1,62,D4,127,0.0681818749999934,68.04551125,68.113693125
Percussion,-1,62,D4,127,0.0909091666666626,68.181875,68.27278416666667
Percussion,-1,64,E4,127,0.09659098958333345,68.4546025,68.55119348958333
Percussion,-1,62,D4,127,0.10795463541667516,68.72733,68.83528463541667
Percussion,-1,62,D4,127,0.06818187500000761,69.13642125,69.204603125
Percussion,-1,62,D4,127,0.0909091666666626,69.272785,69.36369416666666
Percussion,-1,64,E4,127,0.09659098958333345,69.5455125,69.64210348958333
Percussion,-1,62,D4,127,0.09659098958333345,69.81824,69.91483098958334
Percussion,-1,62,D4,127,0.0568182291666659,70.22733125,70.28414947916667
Percussion,-1,62,D4,127,0.08522734375000596,70.36369499999999,70.44892234375
Percussion,-1,64,E4,127,0.0795455208333351,70.6364225,70.71596802083333
Percussion,-1,62,D4,127,0.09659098958333345,70.90915,71.00574098958333
Percussion,-1,62,D4,127,0.06250005208333675,71.31824125,71.38074130208334
Percussion,-1,62,D4,127,0.1022728125000043,71.454605,71.5568778125
Percussion,-1,64,E4,127,0.10795463541666095,71.7273325,71.83528713541666
Percussion,-1,64,E4,127,0.14204557291665765,72.00006,72.14210557291666
Percussion,-1,64,E4,127,0.14204557291665765,72.00006,72.14210557291666
Percussion,-1,64,E4,127,0.06818187500000761,72.40915125,72.477333125
Percussion,-1,64,E4,127,0.0795455208333351,72.545515,72.62506052083333
Percussion,-1,63,D#4,127,0.06818187500000761,72.8182425,72.886424375
Percussion,-1,64,E4,127,0.08522734375000596,73.09097,73.17619734375
Percussion,-1,64,E4,127,0.0795455208333351,73.22733375,73.30687927083333
Percussion,-1,64,E4,127,0.0909091666666626,73.3636975,73.45460666666666
Percussion,-1,64,E4,127,0.0795455208333351,73.50006125,73.57960677083334
Percussion,-1,64,E4,127,0.1022728124999901,73.636425,73.73869781249999
Percussion,-1,63,D#4,127,0.0681818749999934,73.9091525,73.977334375
Percussion,-1,64,E4,127,0.10795463541667516,74.18187999999999,74.28983463541667
Percussion,-1,64,E4,127,0.07386369791666425,74.59097125,74.66483494791666
Percussion,-1,64,E4,127,0.14204557291667186,74.727335,74.86938057291667
Percussion,-1,63,D#4,127,0.06818187500000761,75.0000625,75.068244375
Percussion,-1,64,E4,127,0.0795455208333351,75.27279,75.35233552083334
Percussion,-1,64,E4,127,0.06250005208333675,75.40915375,75.47165380208334
Percussion,-1,64,E4,127,0.09659098958333345,75.5455175,75.64210848958334
Percussion,-1,64,E4,127,0.08522734374999175,75.68188125,75.76710859375
Percussion,-1,64,E4,127,0.10795463541666095,75.818245,75.92619963541667
Percussion,-1,63,D#4,127,0.06818187500000761,76.09097249999999,76.159154375
Percussion,-1,64,E4,127,0.09090916666667681,76.3637,76.45460916666667
Percussion,-1,64,E4,127,0.06818187500000761,76.77279125,76.840973125
Percussion,-1,64,E4,127,0.1136364583333318,76.909155,77.02279145833333
Percussion,-1,63,D#4,127,0.0795455208333351,77.1818825,77.26142802083334
Percussion,-1,64,E4,127,0.0568182291666659,77.45461,77.51142822916667
Percussion,-1,64,E4,127,0.08522734374999175,77.59097375,77.67620109375
Percussion,-1,64,E4,127,0.06250005208332254,77.86370125,77.92620130208333
Percussion,-1,64,E4,127,0.11931828124998844,78.000065,78.11938328125
Percussion,-1,63,D#4,127,0.08522734375000596,78.2727925,78.35801984375
Percussion,-1,64,E4,127,0.1022728125000043,78.54552,78.6477928125
Percussion,-1,64,E4,127,0.06250005208333675,78.95461125,79.01711130208334
Percussion,-1,64,E4,127,0.1477273958333285,79.090975,79.23870239583333
Percussion,-1,63,D#4,127,0.0681818749999934,79.3637025,79.431884375
Percussion,-1,63,D#4,127,0.0795455208333351,79.63643,79.71597552083334
Percussion,-1,63,D#4,127,0.06250005208332254,79.77279375,79.83529380208333
Percussion,-1,63,D#4,127,0.09659098958333345,79.9091575,80.00574848958334
Percussion,-1,63,D#4,127,0.07386369791667846,80.04552125,80.11938494791667
Percussion,-1,63,D#4,127,0.08522734375000596,80.181885,80.26711234375
Percussion,-1,64,E4,127,0.0795455208333351,80.4546125,80.53415802083333
Percussion,-1,64,E4,127,0.0909091666666626,80.72734,80.81824916666666
Percussion,-1,64,E4,127,0.06250005208333675,81.13643125,81.19893130208334
Percussion,-1,64,E4,127,0.08522734374999175,81.272795,81.35802234375
Percussion,-1,63,D#4,127,0.0795455208333351,81.5455225,81.62506802083334
Percussion,-1,64,E4,127,0.08522734374999175,81.81825,81.90347734375
Percussion,-1,64,E4,127,0.06250005208333675,82.22734125,82.28984130208333
Percussion,-1,64,E4,127,0.2159092708333361,82.363705,82.57961427083333
Percussion,-1,63,D#4,127,0.06818187500000761,82.6364325,82.704614375
Percussion,-1,64,E4,127,0.11931828125000266,82.90916,83.02847828125
Percussion,-1,64,E4,127,0.0681818749999934,83.31825125,83.386433125
Percussion,-1,64,E4,127,0.13068192708333015,83.454615,83.58529692708333
Percussion,-1,63,D#4,127,0.07954552083332089,83.7273425,83.80688802083333
Percussion,-1,64,E4,127,0.08522734375000596,84.00007,84.08529734375
Percussion,-1,64,E4,127,0.07386369791666425,84.13643375,84.21029744791666
Percussion,-1,64,E4,127,0.09659098958333345,84.2727975,84.36938848958333
Percussion,-1,64,E4,127,0.06250005208333675,84.40916125,84.47166130208333
Percussion,-1,64,E4,127,0.10795463541667516,84.545525,84.65347963541667
Percussion,-1,63,D#4,127,0.07386369791666425,84.8182525,84.89211619791666
Percussion,-1,64,E4,127,0.09659098958333345,85.09098,85.18757098958334
Percussion,-1,64,E4,127,0.06250005208332254,85.50007125,85.56257130208333
Percussion,-1,64,E4,127,0.0909091666666626,85.636435,85.72734416666667
Percussion,-1,63,D#4,127,0.06818187500000761,85.9091625,85.977344375
Percussion,-1,64,E4,127,0.1022728125000043,86.18189,86.2841628125
Percussion,-1,64,E4,127,0.06818187500000761,86.59098125,86.659163125
Percussion,-1,64,E4,127,0.09659098958333345,86.727345,86.82393598958333
Percussion,-1,63,D#4,127,0.07386369791666425,87.0000725,87.07393619791667
Percussion,-1,64,E4,127,0.0909091666666626,87.2728,87.36370916666667
Percussion,-1,64,E4,127,0.06818187500000761,87.68189124999999,87.750073125
Percussion,-1,64,E4,127,0.09090916666667681,87.818255,87.90916416666667
Percussion,-1,63,D#4,127,0.06818187500000761,88.0909825,88.159164375
Percussion,-1,64,E4,127,0.07386369791666425,88.36371,88.43757369791666
Percussion,-1,64,E4,127,0.06818187500000761,88.50007375,88.568255625
Percussion,-1,64,E4,127,0.0909091666666626,88.6364375,88.72734666666666
Percussion,-1,64,E4,127,0.06250005208333675,88.77280125,88.83530130208334
Percussion,-1,64,E4,127,0.08522734374999175,88.909165,88.99439234375
Percussion,-1,63,D#4,127,0.0568182291666659,89.1818925,89.23871072916667
Percussion,-1,64,E4,127,0.07954552083332089,89.45462,89.53416552083333
Percussion,-1,64,E4,127,0.06818187500000761,89.86371125,89.931893125
Percussion,-1,64,E4,127,0.08522734375000596,90.000075,90.08530234375
Percussion,-1,63,D#4,127,0.06818187500000761,90.2728025,90.340984375
Percussion,-1,62,D4,127,0.022727291666669203,90.54553,90.56825729166667
Percussion,-1,64,E4,127,0.0795455208333351,90.54553,90.62507552083333
Percussion,-1,64,E4,127,0.0681818749999934,90.95462125,91.022803125
Percussion,-1,64,E4,127,0.0795455208333351,91.090985,91.17053052083334
Percussion,-1,63,D#4,127,0.07386369791666425,91.3637125,91.43757619791667
Percussion,-1,64,E4,127,0.08522734375000596,91.63644,91.72166734375
Percussion,-1,64,E4,127,0.06250005208333675,92.04553125,92.10803130208333
Percussion,-1,64,E4,127,0.0909091666666626,92.181895,92.27280416666666
Percussion,-1,63,D#4,127,0.06250005208333675,92.4546225,92.51712255208334
Percussion,-1,64,E4,127,0.0795455208333351,92.72735,92.80689552083334
Percussion,-1,64,E4,127,0.0681818749999934,93.13644125,93.204623125
Percussion,-1,64,E4,127,0.1022728124999901,93.272805,93.3750778125
Percussion,-1,63,D#4,127,0.05113640625000926,93.5455325,93.59666890625
Percussion,-1,62,D4,127,0.08522734375000596,93.81826,93.90348734375
Percussion,-1,62,D4,127,0.06250005208333675,94.22735125,94.28985130208333
Percussion,-1,62,D4,127,0.1022728125000043,94.363715,94.4659878125
Percussion,-1,64,E4,127,0.10795463541666095,94.6364425,94.74439713541666
Percussion,-1,62,D4,127,0.1022728124999901,94.90917,95.0114428125
Percussion,-1,62,D4,127,0.0681818749999934,95.31826125,95.386443125
Percussion,-1,62,D4,127,0.09659098958333345,95.454625,95.55121598958333
Percussion,-1,64,E4,127,0.1022728125000043,95.7273525,95.8296253125
Percussion,-1,62,D4,127,0.10795463541667516,96.00008,96.10803463541667
Percussion,-1,62,D4,127,0.0681818749999934,96.40917125,96.477353125
Percussion,-1,62,D4,127,0.06250005208332254,96.8182625,96.88076255208333
Percussion,-1,64,E4,127,0.0795455208333351,96.8182625,96.89780802083334
Percussion,-1,63,D#4,127,0.07954552083332089,97.09099,97.17053552083333
Percussion,-1,63,D#4,127,0.0568182291666659,97.22735375,97.28417197916667
Percussion,-1,63,D#4,127,0.09659098958333345,97.36371749999999,97.46030848958333
Percussion,-1,63,D#4,127,0.06818187500000761,97.50008125,97.568263125
Percussion,-1,63,D#4,127,0.09659098958333345,97.636445,97.73303598958333
Percussion,-1,64,E4,127,0.1022728125000043,97.9091725,98.0114453125
Percussion,-1,62,D4,127,0.0909091666666626,98.1819,98.27280916666666
Percussion,-1,62,D4,127,0.07386369791666425,98.59099125,98.66485494791667
Percussion,-1,62,D4,127,0.1022728124999901,98.727355,98.8296278125
Percussion,-1,64,E4,127,0.11931828124998844,99.0000825,99.11940078125
Percussion,-1,62,D4,127,0.1022728125000043,99.27280999999999,99.3750828125
Percussion,-1,62,D4,127,0.07386369791666425,99.68190125,99.75576494791666
Percussion,-1,62,D4,127,0.09659098958333345,99.818265,99.91485598958333
Percussion,-1,64,E4,127,0.11931828125000266,100.0909925,100.21031078125
Percussion,-1,62,D4,127,0.10795463541666095,100.36372,100.47167463541666
Percussion,-1,62,D4,127,0.0681818749999934,100.77281125,100.840993125
Percussion,-1,62,D4,127,0.09659098958333345,100.909175,101.00576598958334
Percussion,-1,64,E4,127,0.09090916666667681,101.18190249999999,101.27281166666667
Percussion,-1,63,D#4,127,0.08522734375000596,101.45463,101.53985734375
Percussion,-1,63,D#4,127,0.07386369791666425,101.59099375,101.66485744791666
Percussion,-1,63,D#4,127,0.0909091666666626,101.7273575,101.81826666666666
Percussion,-1,63,D#4,127,0.06250005208333675,101.86372125,101.92622130208333
Percussion,-1,63,D#4,127,0.08522734375000596,102.000085,102.08531234375
Percussion,-1,64,E4,127,0.10795463541666095,102.2728125,102.38076713541666
Percussion,-1,62,D4,127,0.08522734374999175,102.54554,102.63076734375
Percussion,-1,62,D4,127,0.07386369791666425,102.95463125,103.02849494791667
Percussion,-1,62,D4,127,0.09659098958333345,103.09099499999999,103.18758598958333
Percussion,-1,64,E4,127,0.13068192708334436,103.3637225,103.49440442708334
Percussion,-1,62,D4,127,0.1022728125000043,103.63645,103.7387228125
Percussion,-1,62,D4,127,0.0795455208333351,104.04554125,104.12508677083333
Percussion,-1,62,D4,127,0.10795463541666095,104.181905,104.28985963541666
Percussion,-1,64,E4,127,0.11931828125000266,104.4546325,104.57395078125
Percussion,-1,62,D4,127,0.1022728124999901,104.72736,104.8296328125
Percussion,-1,62,D4,127,0.0795455208333351,105.13645125,105.21599677083333
Percussion,-1,62,D4,127,0.09659098958333345,105.272815,105.36940598958333
Percussion,-1,64,E4,127,0.08522734375000596,105.5455425,105.63076984375
Percussion,-1,63,D#4,127,0.0795455208333351,105.81827,105.89781552083333
Percussion,-1,63,D#4,127,0.06250005208333675,105.95463375,106.01713380208334
Percussion,-1,63,D#4,127,0.09659098958333345,106.0909975,106.18758848958333
Percussion,-1,63,D#4,127,0.06250005208333675,106.22736125,106.28986130208334
Percussion,-1,63,D#4,127,0.08522734374999175,106.363725,106.44895234375
Percussion,-1,64,E4,127,0.09659098958333345,106.6364525,106.73304348958334
Percussion,-1,64,E4,127,0.21022744791667947,106.90917999999999,107.11940744791667
Percussion,-1,64,E4,127,0.1250001041666593,108.00009,108.12509010416666
Percussion,-1,64,E4,127,0.136363750000001,108.40918125,108.545545
Percussion,-1,64,E4,127,0.10795463541666095,108.8182725,108.92622713541667
Percussion,-1,62,D4,127,0.10795463541667516,109.091,109.19895463541667
Percussion,-1,62,D4,127,0.08522734375000596,109.50009125,109.58531859375
Percussion,-1,62,D4,127,0.1022728125000043,109.636455,109.7387278125
Percussion,-1,64,E4,127,0.136363750000001,109.9091825,110.04554625
Percussion,-1,62,D4,127,0.14204557291665765,110.18191,110.32395557291666
Percussion,-1,62,D4,127,0.07386369791666425,110.59100125,110.66486494791667
Percussion,-1,62,D4,127,0.10795463541666095,110.727365,110.83531963541667
Percussion,-1,64,E4,127,0.14204557291667186,111.0000925,111.14213807291667
Percussion,-1,62,D4,127,0.14204557291667186,111.27282,111.41486557291667
Percussion,-1,62,D4,127,0.07386369791666425,111.68191125,111.75577494791666
Percussion,-1,62,D4,127,0.0909091666666626,111.818275,111.90918416666666
Percussion,-1,64,E4,127,0.136363750000001,112.0910025,112.22736625
Percussion,-1,62,D4,127,0.14204557291665765,112.36373,112.50577557291666
Percussion,-1,62,D4,127,0.08522734375000596,112.77282124999999,112.85804859375
Percussion,-1,62,D4,127,0.1022728125000043,112.909185,113.0114578125
Percussion,-1,64,E4,127,0.09659098958333345,113.1819125,113.27850348958333
Percussion,-1,63,D#4,127,0.0795455208333351,113.45464,113.53418552083333
Percussion,-1,63,D#4,127,0.0681818749999934,113.59100375,113.65918562499999
Percussion,-1,63,D#4,127,0.0909091666666626,113.7273675,113.81827666666666
Percussion,-1,63,D#4,127,0.06250005208333675,113.86373125,113.92623130208334
Percussion,-1,63,D#4,127,0.0795455208333351,114.000095,114.07964052083334
Percussion,-1,64,E4,127,0.1136364583333318,114.2728225,114.38645895833334
Percussion,-1,62,D4,127,0.1250001041666593,114.54555,114.67055010416667
Percussion,-1,60,C4,127,0.03409093750001091,114.95464125,114.9887321875
Percussion,-1,62,D4,127,0.07386369791666425,114.95464125,115.02850494791666
Percussion,-1,62,D4,127,0.09659098958333345,115.091005,115.18759598958333
Percussion,-1,64,E4,127,0.1136364583333318,115.3637325,115.47736895833333
Percussion,-1,62,D4,127,0.1250001041666593,115.63646,115.76146010416666
Percussion,-1,62,D4,127,0.0795455208333351,116.04555125,116.12509677083334
Percussion,-1,62,D4,127,0.1022728124999901,116.181915,116.2841878125
Percussion,-1,64,E4,127,0.1022728124999901,116.4546425,116.5569153125
Percussion,-1,62,D4,127,0.1250001041666735,116.72737,116.85237010416667
Percussion,-1,62,D4,127,0.0795455208333351,117.13646125,117.21600677083333
Percussion,-1,62,D4,127,0.1136364583333318,117.272825,117.38646145833333
Percussion,-1,64,E4,127,0.11931828125000266,117.5455525,117.66487078125
Percussion,-1,62,D4,127,0.11931828125000266,117.81828,117.93759828125
Percussion,-1,62,D4,127,0.07386369791666425,118.22737125,118.30123494791667
Percussion,-1,62,D4,127,0.1022728124999901,118.363735,118.4660078125
Percussion,-1,64,E4,127,0.09659098958333345,118.6364625,118.73305348958333
Percussion,-1,63,D#4,127,0.0795455208333351,118.90919,118.98873552083333
Percussion,-1,63,D#4,127,0.06818187500000761,119.04555375,119.113735625
Percussion,-1,63,D#4,127,0.1022728125000043,119.1819175,119.2841903125
Percussion,-1,63,D#4,127,0.06818187500000761,119.31828125,119.386463125
Percussion,-1,63,D#4,127,0.09659098958333345,119.454645,119.55123598958333
Percussion,-1,64,E4,127,0.1136364583333318,119.7273725,119.84100895833333
Percussion,-1,62,D4,127,0.1022728124999901,120.0001,120.1023728125
Percussion,-1,62,D4,127,0.07386369791667846,120.40919124999999,120.48305494791667
Percussion,-1,62,D4,127,0.09659098958333345,120.545555,120.64214598958333
Percussion,-1,64,E4,127,0.11931828125000266,120.8182825,120.93760078125
Percussion,-1,62,D4,127,0.11931828125000266,121.09101,121.21032828125
Percussion,-1,62,D4,127,0.0795455208333351,121.50010125,121.57964677083334
Percussion,-1,62,D4,127,0.09659098958333345,121.636465,121.73305598958333
Percussion,-1,64,E4,127,0.11931828125000266,121.9091925,122.02851078125
Percussion,-1,62,D4,127,0.10795463541666095,122.18192,122.28987463541667
Percussion,-1,62,D4,127,0.0795455208333351,122.59101125,122.67055677083333
Percussion,-1,62,D4,127,0.1022728125000043,122.727375,122.8296478125
Percussion,-1,64,E4,127,0.09659098958333345,123.0001025,123.09669348958333
Percussion,-1,63,D#4,127,0.05113640624999505,123.27283,123.32396640625
Percussion,-1,63,D#4,127,0.07386369791666425,123.40919375,123.48305744791666
Percussion,-1,63,D#4,127,0.06250005208333675,123.68192125,123.74442130208334
Percussion,-1,63,D#4,127,0.0795455208333351,123.818285,123.89783052083334
Percussion,-1,64,E4,127,0.0909091666666626,124.0910125,124.18192166666667
Percussion,-1,62,D4,127,0.10795463541667516,124.36373999999999,124.47169463541667
Percussion,-1,62,D4,127,0.07386369791666425,124.77283125,124.84669494791666
Percussion,-1,62,D4,127,0.10795463541667516,124.909195,125.01714963541667
Percussion,-1,64,E4,127,0.136363750000001,125.1819225,125.31828625
Percussion,-1,62,D4,127,0.11931828125000266,125.45465,125.57396828125
Percussion,-1,62,D4,127,0.07386369791666425,125.86374125,125.93760494791667
Percussion,-1,62,D4,127,0.10795463541666095,126.000105,126.10805963541667
Percussion,-1,64,E4,127,0.11363645833334601,126.27283249999999,126.38646895833334
Percussion,-1,62,D4,127,0.13068192708334436,126.54556,126.67624192708334
Percussion,-1,62,D4,127,0.07386369791666425,126.95465125,127.02851494791666
Percussion,-1,62,D4,127,0.10795463541666095,127.091015,127.19896963541666
Percussion,-1,64,E4,127,0.08522734374999175,127.3637425,127.44896984374999
Percussion,-1,63,D#4,127,0.0795455208333351,127.63647,127.71601552083334
Percussion,-1,63,D#4,127,0.0681818749999934,127.77283375,127.841015625
Percussion,-1,63,D#4,127,0.09090916666664839,127.9091975,128.00010666666665
Percussion,-1,63,D#4,127,0.0681818749999934,128.04556125,128.11374312499998
Percussion,-1,63,D#4,127,0.08522734375000596,128.181925,128.26715234375
Percussion,-1,64,E4,127,0.1022728124999901,128.4546525,128.5569253125
Percussion,-1,62,D4,127,0.1136364583333318,128.72738,128.84101645833334
Percussion,-1,62,D4,127,0.07386369791666425,129.13647125,129.21033494791666
Percussion,-1,62,D4,127,0.09659098958334766,129.272835,129.36942598958333
Percussion,-1,64,E4,127,0.1250001041666735,129.5455625,129.67056260416666
Percussion,-1,62,D4,127,0.11931828125000266,129.81829,129.93760828125
Percussion,-1,62,D4,127,0.07386369791666425,130.22738125,130.30124494791667
Percussion,-1,62,D4,127,0.10795463541666095,130.363745,130.47169963541666
Percussion,-1,64,E4,127,0.11931828125000266,130.6364725,130.75579078125
Percussion,-1,62,D4,127,0.11931828125000266,130.9092,131.02851828125
Percussion,-1,62,D4,127,0.07386369791666425,131.31829125,131.39215494791665
Percussion,-1,62,D4,127,0.09659098958331924,131.454655,131.55124598958332
Percussion,-1,64,E4,127,0.08522734375000596,131.7273825,131.81260984375
Percussion,-1,63,D#4,127,0.0795455208333351,132.00011,132.07965552083334
Percussion,-1,63,D#4,127,0.07386369791666425,132.13647375,132.21033744791666
Percussion,-1,63,D#4,127,0.08522734374997754,132.2728375,132.35806484375
Percussion,-1,63,D#4,127,0.0681818749999934,132.40920125,132.477383125
Percussion,-1,63,D#4,127,0.09090916666664839,132.545565,132.63647416666666
Percussion,-1,64,E4,127,0.09090916666664839,132.8182925,132.90920166666666
Percussion,-1,64,E4,127,0.2045456250000086,133.09102,133.295565625
Percussion,-1,64,E4,127,0.07386369791666425,136.36375,136.43761369791667
Percussion,-1,64,E4,127,0.09659098958334766,136.50011375,136.59670473958334
Percussion,-1,64,E4,127,0.07386369791666425,136.77284125,136.84670494791666
Percussion,-1,64,E4,127,0.11363645833336022,136.909205,137.02284145833335
Percussion,-1,63,D#4,127,0.09659098958334766,137.1819325,137.27852348958334
Percussion,-1,64,E4,127,0.1250001041666735,137.45466,137.57966010416666
Percussion,-1,64,E4,127,0.0681818749999934,137.86375125,137.931933125
Percussion,-1,64,E4,127,0.10795463541666095,138.000115,138.10806963541665
Percussion,-1,63,D#4,127,0.05681822916668011,138.2728425,138.32966072916668
Percussion,-1,64,E4,127,0.09090916666667681,138.54557,138.63647916666667
Percussion,-1,64,E4,127,0.06818187500002182,138.95466125,139.022843125
Percussion,-1,64,E4,127,0.09090916666667681,139.091025,139.18193416666668
Percussion,-1,63,D#4,127,0.1022728124999901,139.3637525,139.4660253125
Percussion,-1,64,E4,127,0.1477273958333285,139.63648,139.78420739583333
Percussion,-1,64,E4,127,0.07386369791666425,140.04557125,140.11943494791666
Percussion,-1,64,E4,127,0.09659098958331924,140.181935,140.27852598958333
Percussion,-1,63,D#4,127,0.08522734374997754,140.4546625,140.53988984375
Percussion,-1,64,E4,127,0.09090916666667681,140.72738999999999,140.81829916666666
Percussion,-1,64,E4,127,0.0681818749999934,140.86375375,140.931935625
Percussion,-1,64,E4,127,0.10227281250001852,141.0001175,141.1023903125
Percussion,-1,64,E4,127,0.07386369791666425,141.13648125,141.21034494791667
Percussion,-1,64,E4,127,0.09090916666667681,141.272845,141.36375416666667
Percussion,-1,62,D4,127,0.1250001041666735,141.8183,141.94330010416667
Percussion,-1,62,D4,127,0.07386369791666425,142.22739125,142.30125494791668
Percussion,-1,62,D4,127,0.1022728124999901,142.363755,142.4660278125
Percussion,-1,64,E4,127,0.14204557291665765,142.6364825,142.77852807291666
Percussion,-1,62,D4,127,0.1363637499999868,142.90921,143.04557375
Percussion,-1,62,D4,127,0.07386369791666425,143.31830125,143.39216494791665
Percussion,-1,62,D4,127,0.1022728124999901,143.454665,143.5569378125
Percussion,-1,64,E4,127,0.1363637499999868,143.7273925,143.86375625
Percussion,-1,62,D4,127,0.16477286458331264,144.00012,144.16489286458332
Percussion,-1,62,D4,127,0.0795455208333351,144.40921125,144.48875677083333
Percussion,-1,62,D4,127,0.10795463541668937,144.54557499999999,144.65352963541667
Percussion,-1,64,E4,127,0.09090916666667681,144.8183025,144.90921166666666
Percussion,-1,63,D#4,127,0.05681822916668011,145.09103,145.14784822916667
Percussion,-1,63,D#4,127,0.08522734375000596,145.22739375,145.31262109375
Percussion,-1,63,D#4,127,0.05681822916665169,145.50012125,145.55693947916666
Percussion,-1,63,D#4,127,0.0795455208333351,145.636485,145.71603052083333
Percussion,-1,64,E4,127,0.13068192708334436,145.9092125,146.03989442708334
Percussion,-1,62,D4,127,0.1250001041666735,146.18194,146.30694010416667
Percussion,-1,62,D4,127,0.06250005208335097,146.59103125,146.65353130208334
Percussion,-1,62,D4,127,0.09090916666667681,146.727395,146.81830416666668
Percussion,-1,64,E4,127,0.1136364583333318,147.0001225,147.11375895833334
Percussion,-1,62,D4,127,0.1477273958333285,147.27285,147.42057739583333
Percussion,-1,62,D4,127,0.07386369791666425,147.68194125,147.75580494791666
Percussion,-1,62,D4,127,0.1022728124999901,147.818305,147.9205778125
Percussion,-1,64,E4,127,0.09090916666664839,148.0910325,148.18194166666666
Percussion,-1,62,D4,127,0.11363645833336022,148.36375999999998,148.47739645833335
Percussion,-1,62,D4,127,0.08522734375000596,148.77285125,148.85807859375
Percussion,-1,62,D4,127,0.10227281250001852,148.909215,149.0114878125
Percussion,-1,64,E4,127,0.09090916666667681,149.1819425,149.27285166666667
Percussion,-1,63,D#4,127,0.0681818749999934,149.45467,149.522851875
Percussion,-1,63,D#4,127,0.06250005208332254,149.59103375,149.65353380208333
Percussion,-1,63,D#4,127,0.09090916666667681,149.7273975,149.81830666666667
Percussion,-1,63,D#4,127,0.07386369791666425,149.86376125,149.93762494791667
Percussion,-1,63,D#4,127,0.09090916666667681,150.000125,150.09103416666667
Percussion,-1,64,E4,127,0.11931828125000266,150.2728525,150.39217078125
Percussion,-1,62,D4,127,0.14204557291665765,150.54558,150.68762557291666
Percussion,-1,62,D4,127,0.0795455208333351,150.95467125,151.03421677083332
Percussion,-1,62,D4,127,0.10795463541666095,151.091035,151.19898963541667
Percussion,-1,64,E4,127,0.1363637499999868,151.3637625,151.50012625
Percussion,-1,62,D4,127,0.1931819791666669,151.63649,151.82967197916668
Percussion,-1,62,D4,127,0.0795455208333351,152.04558125,152.12512677083333
Percussion,-1,62,D4,127,0.10227281250001852,152.18194499999998,152.2842178125
Percussion,-1,64,E4,127,0.13068192708334436,152.4546725,152.58535442708333
Percussion,-1,62,D4,127,0.17045468750001191,152.7274,152.8978546875
Percussion,-1,62,D4,127,0.0795455208333351,153.13649125,153.21603677083334
Percussion,-1,62,D4,127,0.1136364583333318,153.272855,153.38649145833332
Percussion,-1,64,E4,127,0.1136364583333318,153.5455825,153.65921895833333
Percussion,-1,64,E4,127,0.11931828125000266,154.6364925,154.75581078125
Percussion,-1,62,D4,127,0.1363637499999868,154.90922,155.04558375
Percussion,-1,62,D4,127,0.0681818749999934,155.31831125,155.386493125
Percussion,-1,62,D4,127,0.10795463541666095,155.454675,155.56262963541667
Percussion,-1,64,E4,127,0.1250001041666451,155.7274025,155.85240260416666
Percussion,-1,62,D4,127,0.13068192708331594,156.00013,156.13081192708333
Percussion,-1,62,D4,127,0.07386369791666425,156.40922125,156.48308494791667
Percussion,-1,62,D4,127,0.10795463541668937,156.545585,156.65353963541668
Percussion,-1,64,E4,127,0.1136364583333318,156.8183125,156.93194895833332
Percussion,-1,62,D4,127,0.13068192708334436,157.09104,157.22172192708334
Percussion,-1,62,D4,127,0.08522734374997754,157.50013125,157.58535859375
Percussion,-1,62,D4,127,0.1022728124999901,157.636495,157.7387678125
Percussion,-1,64,E4,127,0.10795463541666095,157.9092225,158.01717713541666
Percussion,-1,63,D#4,127,0.05681822916665169,158.18195,158.23876822916665
Percussion,-1,63,D#4,127,0.08522734375000596,158.31831375,158.40354109375
Percussion,-1,63,D#4,127,0.06818187500002182,158.59104125,158.659223125
Percussion,-1,63,D#4,127,0.09659098958331924,158.727405,158.82399598958332
Percussion,-1,64,E4,127,0.1022728124999901,159.0001325,159.1024053125
Percussion,-1,62,D4,127,0.14204557291665765,159.27286,159.41490557291667
Percussion,-1,62,D4,127,0.0795455208333351,159.68195125,159.76149677083333
Percussion,-1,62,D4,127,0.1022728124999901,159.818315,159.9205878125
Percussion,-1,64,E4,127,0.13636375000001522,160.0910425,160.22740625
Percussion,-1,62,D4,127,0.14204557291668607,160.36377,160.50581557291667
Percussion,-1,62,D4,127,0.0681818749999934,160.77286125,160.841043125
Percussion,-1,62,D4,127,0.09090916666667681,160.909225,161.00013416666667
Percussion,-1,64,E4,127,0.1250001041666735,161.1819525,161.30695260416667
Percussion,-1,62,D4,127,0.11931828125000266,161.45468,161.57399828125
Percussion,-1,62,D4,127,0.0795455208333351,161.86377124999999,161.94331677083332
Percussion,-1,62,D4,127,0.09090916666667681,162.000135,162.09104416666668
Percussion,-1,64,E4,127,0.1363637499999868,162.2728625,162.40922625
Percussion,-1,62,D4,127,0.15340921874999935,162.54559,162.69899921875
Percussion,-1,62,D4,127,0.08522734375000596,162.95468125,163.03990859375
Percussion,-1,62,D4,127,0.1022728124999901,163.091045,163.1933178125
Percussion,-1,64,E4,127,0.08522734374997754,163.3637725,163.44899984375
Percussion,-1,63,D#4,127,0.07386369791666425,163.6365,163.71036369791668
Percussion,-1,63,D#4,127,0.07386369791666425,163.77286375,163.84672744791666
Percussion,-1,63,D#4,127,0.09659098958334766,163.9092275,164.00581848958333
Percussion,-1,63,D#4,127,0.07386369791666425,164.04559125,164.11945494791667
Percussion,-1,63,D#4,127,0.09090916666667681,164.181955,164.27286416666666
Percussion,-1,64,E4,127,0.10795463541668937,164.4546825,164.56263713541668
Percussion,-1,62,D4,127,0.1136364583333318,164.72741,164.84104645833332
Percussion,-1,62,D4,127,0.07386369791666425,165.13650125,165.21036494791667
Percussion,-1,62,D4,127,0.09090916666667681,165.272865,165.36377416666667
Percussion,-1,64,E4,127,0.10795463541666095,165.5455925,165.65354713541666
Percussion,-1,62,D4,127,0.1136364583333318,165.81832,165.93195645833333
Percussion,-1,62,D4,127,0.07386369791666425,166.22741125,166.30127494791665
Percussion,-1,62,D4,127,0.09659098958331924,166.363775,166.46036598958332
Percussion,-1,64,E4,127,0.1022728124999901,166.6365025,166.7387753125
Percussion,-1,63,D#4,127,0.05681822916665169,166.90923,166.96604822916666
Percussion,-1,63,D#4,127,0.08522734375000596,167.04559375,167.13082109375
Percussion,-1,63,D#4,127,0.05681822916668011,167.31832125,167.37513947916668
Percussion,-1,63,D#4,127,0.09090916666664839,167.454685,167.54559416666666
Percussion,-1,64,E4,127,0.10795463541668937,167.72741249999999,167.83536713541667
Percussion,-1,62,D4,127,0.13068192708334436,168.00014,168.13082192708333
Percussion,-1,62,D4,127,0.08522734375000596,168.40923125,168.49445859375
Percussion,-1,62,D4,127,0.10795463541666095,168.545595,168.65354963541665
Percussion,-1,64,E4,127,0.11931828125000266,168.8183225,168.93764078125
Percussion,-1,62,D4,127,0.1477273958333285,169.09105,169.23877739583332
Percussion,-1,62,D4,127,0.07386369791669267,169.50014124999998,169.57400494791668
Percussion,-1,62,D4,127,0.10795463541666095,169.636505,169.74445963541666
Percussion,-1,64,E4,127,0.11931828125000266,169.9092325,170.02855078125
Percussion,-1,62,D4,127,0.11931828125000266,170.18196,170.30127828125
Percussion,-1,62,D4,127,0.08522734375000596,170.59105125,170.67627859375
Percussion,-1,60,C4,127,0.05681822916665169,170.727415,170.78423322916666
Percussion,-1,62,D4,127,0.1022728124999901,170.727415,170.8296878125
Percussion,-1,64,E4,127,0.10795463541666095,171.0001425,171.10809713541667
Percussion,-1,63,D#4,127,0.08522734374997754,171.27287,171.35809734375
Percussion,-1,63,D#4,127,0.07386369791666425,171.40923375,171.48309744791666
Percussion,-1,63,D#4,127,0.09659098958334766,171.54559749999999,171.64218848958333
Percussion,-1,63,D#4,127,0.07386369791666425,171.68196125,171.75582494791666
Percussion,-1,63,D#4,127,0.08522734375000596,171.818325,171.90355234375
Percussion,-1,64,E4,127,0.10795463541668937,172.0910525,172.19900713541668
Percussion,-1,62,D4,127,0.10795463541666095,172.36378,172.47173463541665
Percussion,-1,62,D4,127,0.07386369791666425,172.77287125,172.84673494791667
Percussion,-1,62,D4,127,0.09659098958334766,172.909235,173.00582598958334
Percussion,-1,64,E4,127,0.11931828125000266,173.1819625,173.30128078125
Percussion,-1,62,D4,127,0.13068192708334436,173.45469,173.58537192708334
Percussion,-1,62,D4,127,0.0795455208333351,173.86378125,173.94332677083332
Percussion,-1,62,D4,127,0.1022728124999901,174.000145,174.1024178125
Percussion,-1,64,E4,127,0.1136364583333318,174.2728725,174.38650895833334
Percussion,-1,62,D4,127,0.15340921874999935,174.5456,174.69900921875
Percussion,-1,62,D4,127,0.0795455208333351,174.95469125,175.03423677083333
Percussion,-1,62,D4,127,0.09659098958331924,175.091055,175.18764598958333
Percussion,-1,64,E4,127,0.08522734375000596,175.36378249999999,175.44900984375
Percussion,-1,63,D#4,127,0.06818187500002182,175.63651,175.704691875
Percussion,-1,63,D#4,127,0.045454583333338405,175.77287375,175.81832833333334
Percussion,-1,63,D#4,127,0.07386369791666425,176.04560125,176.11946494791667
Percussion,-1,63,D#4,127,0.07386369791666425,176.181965,176.25582869791666
Percussion,-1,64,E4,127,0.09659098958334766,176.4546925,176.55128348958334
Percussion,-1,62,D4,127,0.11931828125000266,176.72742,176.84673828125
Percussion,-1,62,D4,127,0.07386369791666425,177.13651125,177.21037494791668
Percussion,-1,62,D4,127,0.09659098958331924,177.272875,177.36946598958332
Percussion,-1,64,E4,127,0.1250001041666735,177.5456025,177.67060260416667
Percussion,-1,62,D4,127,0.14204557291665765,177.81833,177.96037557291666
Percussion,-1,62,D4,127,0.0795455208333351,178.22742125,178.30696677083333
Percussion,-1,62,D4,127,0.1136364583333318,178.363785,178.47742145833334
Percussion,-1,64,E4,127,0.1250001041666451,178.6365125,178.76151260416665
Percussion,-1,62,D4,127,0.1818183333333252,178.90924,179.09105833333334
Percussion,-1,62,D4,127,0.07386369791666425,179.31833125,179.39219494791666
Percussion,-1,62,D4,127,0.1136364583333318,179.454695,179.56833145833332
Percussion,-1,64,E4,127,0.10795463541668937,179.7274225,179.83537713541668
Percussion,-1,63,D#4,127,0.0795455208333351,180.00015,180.07969552083333
Percussion,-1,63,D#4,127,0.0795455208333351,180.13651375,180.21605927083334
Percussion,-1,63,D#4,127,0.09659098958334766,180.2728775,180.36946848958334
Percussion,-1,63,D#4,127,0.07386369791666425,180.40924125,180.48310494791667
Percussion,-1,63,D#4,127,0.08522734375000596,180.545605,180.63083234375
Percussion,-1,66,F#4,127,0.011363645833341707,180.8183325,180.82969614583334
Percussion,-1,64,E4,127,0.1022728124999901,180.8183325,180.9206053125
Percussion,-1,62,D4,127,0.11931828125000266,181.09106,181.21037828125
Percussion,-1,62,D4,127,0.06818187500002182,181.50015125,181.568333125
Percussion,-1,62,D4,127,0.08522734375000596,181.636515,181.72174234375
Percussion,-1,64,E4,127,0.1250001041666735,181.9092425,182.03424260416668
Percussion,-1,62,D4,127,0.1363637499999868,182.18197,182.31833375
Percussion,-1,62,D4,127,0.07386369791666425,182.59106125,182.66492494791666
Percussion,-1,62,D4,127,0.09659098958331924,182.727425,182.82401598958333
Percussion,-1,62,D4,127,0.09659098958334766,183.00015249999998,183.09674348958333
Percussion,-1,64,E4,127,0.13636375000001522,183.00015249999998,183.13651625
Percussion,-1,62,D4,127,0.15340921874999935,183.27288,183.42628921875
Percussion,-1,62,D4,127,0.07386369791666425,183.68197125,183.75583494791667
Percussion,-1,62,D4,127,0.09090916666667681,183.818335,183.90924416666667
Percussion,-1,64,E4,127,0.09090916666667681,184.0910625,184.18197166666667
Percussion,-1,63,D#4,127,0.08522734375000596,184.36379,184.44901734375
Percussion,-1,63,D#4,127,0.0681818749999934,184.50015375,184.568335625
Percussion,-1,63,D#4,127,0.09659098958334766,184.6365175,184.73310848958334
Percussion,-1,63,D#4,127,0.07954552083330668,184.77288125,184.85242677083332
Percussion,-1,63,D#4,127,0.09090916666667681,184.909245,185.00015416666668
Percussion,-1,64,E4,127,0.1022728124999901,185.1819725,185.2842453125
Percussion,-1,62,D4,127,0.11931828125000266,185.4547,185.57401828125
Percussion,-1,62,D4,127,0.0795455208333351,185.86379125,185.94333677083333
Percussion,-1,62,D4,127,0.09090916666664839,186.000155,186.09106416666665
Percussion,-1,64,E4,127,0.1250001041666451,186.2728825,186.39788260416665
Percussion,-1,62,D4,127,0.10795463541666095,186.54561,186.65356463541667
Percussion,-1,62,D4,127,0.07386369791666425,186.95470125,187.02856494791666
Percussion,-1,62,D4,127,0.10227281250001852,187.091065,187.1933378125
Percussion,-1,64,E4,127,0.11931828125000266,187.3637925,187.48311078125
Percussion,-1,62,D4,127,0.13636375000001522,187.63652,187.77288375
Percussion,-1,62,D4,127,0.0795455208333351,188.04561125,188.12515677083334
Percussion,-1,62,D4,127,0.10795463541666095,188.181975,188.28992963541666
Percussion,-1,64,E4,127,0.09090916666667681,188.4547025,188.54561166666667
Percussion,-1,63,D#4,127,0.08522734375000596,188.72743,188.81265734375
Percussion,-1,63,D#4,127,0.06818187500002182,188.86379374999999,188.931975625
Percussion,-1,63,D#4,127,0.06250005208335097,189.13652125,189.19902130208334
Percussion,-1,63,D#4,127,0.08522734375000596,189.272885,189.35811234375
Percussion,-1,64,E4,127,0.11931828125000266,189.5456125,189.66493078125
Percussion,-1,62,D4,127,0.1250001041666451,189.81834,189.94334010416665
Percussion,-1,62,D4,127,0.0795455208333351,190.22743125,190.30697677083333
Percussion,-1,62,D4,127,0.09659098958331924,190.363795,190.46038598958333
Percussion,-1,64,E4,127,0.13068192708331594,190.6365225,190.76720442708333
Percussion,-1,62,D4,127,0.11931828125000266,190.90925,191.02856828125
Percussion,-1,62,D4,127,0.0795455208333351,191.31834125,191.39788677083334
Percussion,-1,62,D4,127,0.10795463541666095,191.454705,191.56265963541665
Percussion,-1,64,E4,127,0.1477273958333285,191.7274325,191.87515989583332
Percussion,-1,62,D4,127,0.1477273958333285,192.00016,192.14788739583332
Percussion,-1,62,D4,127,0.07386369791666425,192.40925125,192.48311494791668
Percussion,-1,62,D4,127,0.09659098958334766,192.545615,192.64220598958335
Percussion,-1,64,E4,127,0.09659098958331924,192.8183425,192.91493348958332
Percussion,-1,63,D#4,127,0.0795455208333351,193.09107,193.17061552083334
Percussion,-1,63,D#4,127,0.0795455208333351,193.22743375,193.30697927083332
Percussion,-1,63,D#4,127,0.1590910416666702,193.3637975,193.52288854166667
Percussion,-1,63,D#4,127,0.09090916666664839,193.636525,193.72743416666665
Percussion,-1,64,E4,127,0.09659098958331924,193.9092525,194.00584348958333
Percussion,-1,62,D4,127,0.1363637499999868,194.18198,194.31834375
Percussion,-1,62,D4,127,0.07386369791666425,194.59107125,194.66493494791666
Percussion,-1,62,D4,127,0.09659098958334766,194.72743499999999,194.82402598958333
Percussion,-1,64,E4,127,0.1250001041666735,195.0001625,195.12516260416666
Percussion,-1,62,D4,127,0.14204557291668607,195.27289,195.41493557291668
Percussion,-1,62,D4,127,0.06250005208332254,195.68198125,195.74448130208333
Percussion,-1,62,D4,127,0.0795455208333351,195.818345,195.89789052083333
Percussion,-1,64,E4,127,0.13068192708334436,196.0910725,196.22175442708334
Percussion,-1,62,D4,127,0.1363637499999868,196.3638,196.50016374999998
Percussion,-1,62,D4,127,0.0795455208333351,196.77289125,196.85243677083332
Percussion,-1,62,D4,127,0.09090916666667681,196.909255,197.00016416666668
Percussion,-1,64,E4,127,0.14204557291665765,197.1819825,197.32402807291666
Percussion,-1,62,D4,127,0.1590910416666702,197.45471,197.61380104166668
Percussion,-1,62,D4,127,0.08522734375000596,197.86380125,197.94902859375
Percussion,-1,62,D4,127,0.08522734374997754,198.000165,198.08539234375
Percussion,-1,63,D#4,127,0.17613651041665435,198.2728925,198.44902901041667
Percussion,-1,62,D4,127,0.10795463541668937,198.54561999999999,198.65357463541667
Percussion,-1,62,D4,127,0.0681818749999934,198.95471125,199.022893125
Percussion,-1,62,D4,127,0.09090916666667681,199.091075,199.18198416666667
Percussion,-1,64,E4,127,0.11931828125000266,199.3638025,199.48312078125
Percussion,-1,62,D4,127,0.1590910416666702,199.63653,199.79562104166666
Percussion,-1,62,D4,127,0.0681818749999934,200.04562125,200.113803125
Percussion,-1,62,D4,127,0.08522734375000596,200.181985,200.26721234375
Percussion,-1,64,E4,127,0.14204557291665765,200.4547125,200.59675807291666
Percussion,-1,62,D4,127,0.14204557291665765,200.72744,200.86948557291666
Percussion,-1,62,D4,127,0.08522734375000596,201.13653125,201.22175859375
Percussion,-1,62,D4,127,0.09659098958331924,201.272895,201.36948598958332
Percussion,-1,64,E4,127,0.09090916666664839,201.5456225,201.63653166666666
Percussion,-1,63,D#4,127,0.08522734374997754,201.81835,201.90357734375
Percussion,-1,63,D#4,127,0.06250005208332254,201.95471375,202.01721380208332
Percussion,-1,63,D#4,127,0.09090916666664839,202.0910775,202.18198666666666
Percussion,-1,63,D#4,127,0.0681818749999934,202.22744125,202.295623125
Percussion,-1,63,D#4,127,0.09090916666667681,202.36380499999999,202.45471416666666
Percussion,-1,64,E4,127,0.1136364583333318,202.6365325,202.75016895833332
Percussion,-1,64,E4,127,0.18181833333335362,202.90926,203.09107833333334
Percussion,-1,64,E4,127,0.06250005208332254,203.31835125,203.38085130208333
Percussion,-1,64,E4,127,0.1250001041666735,203.454715,203.57971510416667
Percussion,-1,63,D#4,127,0.09090916666667681,203.7274425,203.81835166666667
Percussion,-1,64,E4,127,0.06250005208332254,204.00017,204.06267005208332
Percussion,-1,64,E4,127,0.1022728124999901,204.13653375,204.2388065625
Percussion,-1,64,E4,127,0.06250005208335097,204.40926125,204.47176130208334
Percussion,-1,64,E4,127,0.17613651041665435,204.545625,204.72176151041666
Percussion,-1,63,D#4,127,0.0795455208333351,204.8183525,204.89789802083334
Percussion,-1,64,E4,127,0.1704546874999835,205.09108,205.2615346875
Percussion,-1,64,E4,127,0.05113640625000926,205.50017125,205.55130765625
Percussion,-1,64,E4,127,0.1818183333333252,205.636535,205.81835333333333
Percussion,-1,63,D#4,127,0.07954552083330668,205.9092625,205.98880802083332
Percussion,-1,64,E4,127,0.05681822916668011,206.18198999999998,206.23880822916666
Percussion,-1,64,E4,127,0.09090916666667681,206.31835375,206.40926291666668
Percussion,-1,64,E4,127,0.06250005208332254,206.59108125,206.65358130208332
Percussion,-1,64,E4,127,0.3011366145833563,206.727445,207.02858161458335
Percussion,-1,63,D#4,127,0.1250001041666735,207.0001725,207.12517260416666
Percussion,-1,64,E4,127,0.10795463541666095,207.2729,207.38085463541665
Percussion,-1,64,E4,127,0.06250005208332254,207.68199125,207.74449130208333
Percussion,-1,64,E4,127,0.13636375000001522,207.818355,207.95471875
Percussion,-1,63,D#4,127,0.0795455208333351,208.0910825,208.17062802083333
Percussion,-1,64,E4,127,0.06250005208332254,208.36381,208.42631005208332
Percussion,-1,64,E4,127,0.09090916666667681,208.50017375,208.59108291666666
Percussion,-1,64,E4,127,0.045454583333338405,208.77290125,208.81835583333333
Percussion,-1,64,E4,127,0.1250001041666735,208.909265,209.03426510416668
Percussion,-1,63,D#4,127,0.0795455208333351,209.1819925,209.26153802083334
Percussion,-1,64,E4,127,0.10795463541666095,209.45472,209.56267463541667
Percussion,-1,64,E4,127,0.05113640625000926,209.86381125,209.91494765625
Percussion,-1,64,E4,127,0.2840911458333437,210.00017499999998,210.28426614583333
Percussion,-1,63,D#4,127,0.07386369791666425,210.2729025,210.34676619791665
Percussion,-1,63,D#4,127,0.06818187500002182,210.54563,210.613811875
Percussion,-1,63,D#4,127,0.0681818749999934,210.68199375,210.750175625
Percussion,-1,63,D#4,127,0.09090916666667681,210.8183575,210.90926666666667
Percussion,-1,63,D#4,127,0.0795455208333351,210.95472125,211.03426677083334
Percussion,-1,63,D#4,127,0.09659098958334766,211.091085,211.18767598958334
Percussion,-1,64,E4,127,0.06250005208335097,211.3638125,211.42631255208335
Percussion,-1,64,E4,127,0.09659098958334766,211.63654,211.73313098958334
Percussion,-1,64,E4,127,0.06250005208335097,212.04563124999999,212.10813130208334
Percussion,-1,64,E4,127,0.13068192708334436,212.181995,212.31267692708334
Percussion,-1,63,D#4,127,0.0681818749999934,212.4547225,212.522904375
Percussion,-1,64,E4,127,0.1136364583333318,212.72745,212.84108645833334
Percussion,-1,64,E4,127,0.045454583333338405,213.13654125,213.18199583333333
Percussion,-1,64,E4,127,0.11931828125000266,213.272905,213.39222328125
Percussion,-1,63,D#4,127,0.0795455208333351,213.5456325,213.62517802083335
Percussion,-1,64,E4,127,0.11931828125000266,213.81835999999998,213.93767828125
Percussion,-1,64,E4,127,0.05113640625000926,214.22745125,214.27858765625
Percussion,-1,64,E4,127,0.272727500000002,214.363815,214.6365425
Percussion,-1,63,D#4,127,0.06818187500002182,214.6365425,214.704724375
Percussion,-1,63,D#4,127,0.10227281250001852,214.90927,215.0115428125
Percussion,-1,63,D#4,127,0.07386369791666425,215.04563375,215.11949744791667
Percussion,-1,63,D#4,127,0.05681822916665169,215.31836125,215.37517947916666
Percussion,-1,63,D#4,127,0.08522734375000596,215.454725,215.53995234375
Percussion,-1,64,E4,127,0.1136364583333318,215.7274525,215.84108895833333
Percussion,-1,64,E4,127,0.06250005208335097,216.40927125,216.47177130208334
Percussion,-1,64,E4,127,0.1022728124999901,216.545635,216.6479078125
Percussion,-1,63,D#4,127,0.0681818749999934,216.8183625,216.886544375
Percussion,-1,64,E4,127,0.09659098958331924,217.09109,217.18768098958333
Percussion,-1,64,E4,127,0.05681822916668011,217.50018125,217.55699947916668
Percussion,-1,64,E4,127,0.09659098958331924,217.636545,217.73313598958333
Percussion,-1,63,D#4,127,0.08522734375000596,217.9092725,217.99449984375
Percussion,-1,64,E4,127,0.1136364583333318,218.182,218.29563645833332
Percussion,-1,64,E4,127,0.05681822916665169,218.59109125,218.64790947916666
Percussion,-1,64,E4,127,0.09659098958334766,218.727455,218.82404598958334
Percussion,-1,63,D#4,127,0.0681818749999934,219.0001825,219.068364375
Percussion,-1,62,D4,127,0.0340909374999967,219.27291,219.3070009375
Percussion,-1,63,D#4,127,0.05113640625000926,219.27291,219.32404640625
Percussion,-1,64,E4,127,0.05113640625000926,219.27291,219.32404640625
Percussion,-1,63,D#4,127,0.06250005208332254,219.40927375,219.47177380208333
Percussion,-1,63,D#4,127,0.08522734375000596,219.5456375,219.63086484375
Percussion,-1,63,D#4,127,0.05681822916668011,219.68200124999998,219.73881947916666
Percussion,-1,63,D#4,127,0.08522734375000596,219.818365,219.90359234375
Percussion,-1,64,E4,127,0.08522734375000596,220.0910925,220.17631984375
Percussion,-1,64,E4,127,0.09659098958331924,220.36382,220.46041098958332
Percussion,-1,64,E4,127,0.06250005208335097,220.77291125,220.83541130208334
Percussion,-1,64,E4,127,0.09659098958331924,220.909275,221.00586598958333
Percussion,-1,63,D#4,127,0.0795455208333351,221.1820025,221.26154802083335
Percussion,-1,64,E4,127,0.1022728124999901,221.45473,221.5570028125
Percussion,-1,64,E4,127,0.05681822916665169,221.86382125,221.92063947916665
Percussion,-1,64,E4,127,0.09090916666667681,222.000185,222.09109416666666
Percussion,-1,63,D#4,127,0.06818187500002182,222.2729125,222.341094375
Percussion,-1,64,E4,127,0.09090916666667681,222.54564,222.63654916666667
Percussion,-1,64,E4,127,0.06250005208332254,222.95473125,223.01723130208333
Percussion,-1,64,E4,127,0.10795463541666095,223.091095,223.19904963541666
Percussion,-1,63,D#4,127,0.06250005208332254,223.3638225,223.42632255208332
Percussion,-1,63,D#4,127,0.08522734375000596,223.63655,223.72177734375
Percussion,-1,63,D#4,127,0.06250005208335097,223.77291375,223.83541380208334
Percussion,-1,63,D#4,127,0.08522734375000596,223.9092775,223.99450484375
Percussion,-1,63,D#4,127,0.0795455208333351,224.04564125,224.12518677083332
Percussion,-1,63,D#4,127,0.0681818749999934,224.182005,224.250186875
Percussion,-1,64,E4,127,0.1022728124999901,224.4547325,224.5570053125
Percussion,-1,64,E4,127,0.05681822916668011,225.13655125,225.19336947916668
Percussion,-1,64,E4,127,0.09090916666664839,225.272915,225.36382416666666
Percussion,-1,63,D#4,127,0.07386369791669267,225.54564249999999,225.61950619791668
Percussion,-1,64,E4,127,0.08522734375000596,225.81837,225.90359734375
Percussion,-1,64,E4,127,0.06250005208332254,226.22746125,226.28996130208333
Percussion,-1,64,E4,127,0.09090916666667681,226.363825,226.45473416666667
Percussion,-1,63,D#4,127,0.0681818749999934,226.6365525,226.704734375
Percussion,-1,64,E4,127,0.09090916666667681,226.90928,227.00018916666667
Percussion,-1,64,E4,127,0.06250005208335097,227.31837124999998,227.38087130208334
Percussion,-1,64,E4,127,0.09090916666667681,227.454735,227.54564416666668
Percussion,-1,63,D#4,127,0.0681818749999934,227.7274625,227.795644375
Percussion,-1,64,E4,127,0.05681822916665169,228.00019,228.05700822916666
Percussion,-1,64,E4,127,0.0795455208333351,228.13655375,228.21609927083333
Percussion,-1,64,E4,127,0.05681822916668011,228.40928125,228.46609947916667
Percussion,-1,64,E4,127,0.1022728124999901,228.545645,228.6479178125
Percussion,-1,63,D#4,127,0.07386369791666425,228.8183725,228.89223619791667
Percussion,-1,64,E4,127,0.09090916666664839,229.0911,229.18200916666666
Percussion,-1,64,E4,127,0.05681822916665169,229.50019125,229.55700947916665
Percussion,-1,64,E4,127,0.1590910416666702,229.636555,229.79564604166666
Percussion,-1,63,D#4,127,0.07386369791666425,229.9092825,229.98314619791665
Percussion,-1,64,E4,127,0.10227281250001852,230.18201,230.2842828125
Percussion,-1,64,E4,127,0.0681818749999934,230.59110125,230.659283125
Percussion,-1,64,E4,127,0.22159109374999275,230.727465,230.94905609375
Percussion,-1,63,D#4,127,0.0795455208333351,231.0001925,231.07973802083333
Percussion,-1,64,E4,127,0.1022728124999901,231.27292,231.3751928125
Percussion,-1,64,E4,127,0.0795455208333351,231.68201125,231.76155677083332
Percussion,-1,64,E4,127,0.10795463541666095,231.818375,231.92632963541666
Percussion,-1,63,D#4,127,0.06250005208332254,232.0911025,232.15360255208333
Percussion,-1,63,D#4,127,0.08522734374997754,232.36383,232.44905734374998
Percussion,-1,63,D#4,127,0.06250005208335097,232.50019375,232.56269380208334
Percussion,-1,63,D#4,127,0.09659098958331924,232.6365575,232.73314848958333
Percussion,-1,63,D#4,127,0.0681818749999934,232.77292125,232.841103125
Percussion,-1,63,D#4,127,0.0681818749999934,232.909285,232.977466875
Percussion,-1,64,E4,127,0.09659098958334766,233.18201249999998,233.27860348958333
Percussion,-1,64,E4,127,0.09090916666667681,233.45474,233.54564916666666
Percussion,-1,64,E4,127,0.06250005208332254,233.86383125,233.92633130208333
Percussion,-1,64,E4,127,0.0795455208333351,234.000195,234.07974052083333
Percussion,-1,63,D#4,127,0.06250005208335097,234.2729225,234.33542255208334
Percussion,-1,64,E4,127,0.09659098958334766,234.54565,234.64224098958334
Percussion,-1,64,E4,127,0.06250005208332254,234.95474125,235.01724130208333
Percussion,-1,64,E4,127,0.09090916666667681,235.091105,235.18201416666668
Percussion,-1,63,D#4,127,0.0681818749999934,235.3638325,235.432014375
Percussion,-1,64,E4,127,0.09090916666664839,235.63656,235.72746916666665
Percussion,-1,64,E4,127,0.0681818749999934,236.04565125,236.11383312499999
Percussion,-1,64,E4,127,0.1022728124999901,236.182015,236.2842878125
Percussion,-1,63,D#4,127,0.07386369791666425,236.4547425,236.52860619791667
Percussion,-1,64,E4,127,0.05681822916665169,236.72747,236.78428822916666
Percussion,-1,64,E4,127,0.0795455208333351,236.86383375,236.94337927083333
Percussion,-1,64,E4,127,0.05113640625000926,237.13656125,237.18769765625
Percussion,-1,64,E4,127,0.1136364583333318,237.272925,237.38656145833332
Percussion,-1,63,D#4,127,0.0795455208333351,237.5456525,237.62519802083332
Percussion,-1,64,E4,127,0.250000208333347,237.81838,238.06838020833334
Percussion,-1,64,E4,127,0.15340921874999935,238.90929,239.06269921875
Percussion,-1,64,E4,127,0.13636375000001522,239.31838125,239.454745
Percussion,-1,64,E4,127,0.11931828125000266,239.7274725,239.84679078125
Percussion,-1,62,D4,127,0.1136364583333318,240.0002,240.11383645833334
Percussion,-1,62,D4,127,0.08522734375000596,240.40929125,240.49451859375
Percussion,-1,62,D4,127,0.1022728124999901,240.545655,240.6479278125
Percussion,-1,64,E4,127,0.11931828125000266,240.81838249999998,240.93770078125
Percussion,-1,62,D4,127,0.13636375000001522,241.09111,241.22747375
Percussion,-1,62,D4,127,0.0795455208333351,241.50020125,241.57974677083334
Percussion,-1,62,D4,127,0.10795463541666095,241.636565,241.74451963541665
Percussion,-1,64,E4,127,0.13636375000001522,241.9092925,242.04565625
Percussion,-1,62,D4,127,0.16477286458334106,242.18202,242.34679286458334
Percussion,-1,62,D4,127,0.08522734374997754,242.59111125,242.67633859375
Percussion,-1,62,D4,127,0.09659098958331924,242.727475,242.82406598958332
Percussion,-1,64,E4,127,0.09659098958331924,243.0002025,243.09679348958332
Percussion,-1,63,D#4,127,0.0795455208333351,243.27293,243.35247552083334
Percussion,-1,63,D#4,127,0.0795455208333351,243.40929375,243.48883927083332
Percussion,-1,63,D#4,127,0.0795455208333351,243.5456575,243.62520302083334
Percussion,-1,63,D#4,127,0.0795455208333351,243.68202125,243.76156677083333
Percussion,-1,63,D#4,127,0.08522734374997754,243.818385,243.90361234374998
Percussion,-1,64,E4,127,0.1136364583333318,244.0911125,244.20474895833334
Percussion,-1,62,D4,127,0.13068192708331594,244.36384,244.49452192708333
Percussion,-1,62,D4,127,0.07386369791666425,244.77293125,244.84679494791666
Percussion,-1,62,D4,127,0.08522734375000596,244.909295,244.99452234375
Percussion,-1,64,E4,127,0.11931828125000266,245.1820225,245.30134078125
Percussion,-1,62,D4,127,0.14204557291668607,245.45475,245.59679557291668
Percussion,-1,62,D4,127,0.08522734374997754,245.86384125,245.94906859374998
Percussion,-1,62,D4,127,0.1136364583333318,246.000205,246.11384145833333
Percussion,-1,64,E4,127,0.13636375000001522,246.2729325,246.40929625
Percussion,-1,62,D4,127,0.1477273958333285,246.54566,246.69338739583333
Percussion,-1,62,D4,127,0.08522734375000596,246.95475125,247.03997859375
Percussion,-1,62,D4,127,0.09090916666664839,247.091115,247.18202416666665
Percussion,-1,64,E4,127,0.13068192708331594,247.3638425,247.49452442708332
Percussion,-1,62,D4,127,0.13068192708331594,247.63657,247.76725192708332
Percussion,-1,62,D4,127,0.0681818749999934,248.04566125,248.113843125
Percussion,-1,62,D4,127,0.1022728124999901,248.182025,248.2842978125
Percussion,-1,64,E4,127,0.11931828124997423,248.4547525,248.57407078125
Percussion,-1,62,D4,127,0.14204557291668607,248.72747999999999,248.86952557291667
Percussion,-1,62,D4,127,0.0795455208333351,249.13657125,249.21611677083334
Percussion,-1,62,D4,127,0.09090916666667681,249.272935,249.36384416666667
Percussion,-1,64,E4,127,0.09090916666667681,249.5456625,249.63657166666667
Percussion,-1,63,D#4,127,0.0795455208333351,249.81839,249.89793552083333
Percussion,-1,63,D#4,127,0.045454583333309984,249.95475375,250.00020833333332
Percussion,-1,63,D#4,127,0.09090916666667681,250.0911175,250.18202666666667
Percussion,-1,63,D#4,127,0.05681822916665169,250.22748125,250.28429947916666
Percussion,-1,63,D#4,127,0.09090916666667681,250.363845,250.45475416666667
Percussion,-1,64,E4,127,0.10795463541666095,250.6365725,250.74452713541666
Percussion,-1,62,D4,127,0.1250001041666735,250.9093,251.03430010416668
Percussion,-1,62,D4,127,0.07386369791666425,251.31839125,251.39225494791665
Percussion,-1,62,D4,127,0.1022728124999901,251.454755,251.5570278125
Percussion,-1,64,E4,127,0.1363637499999868,251.7274825,251.86384625
Percussion,-1,62,D4,127,0.13068192708331594,252.00021,252.13089192708333
Percussion,-1,62,D4,127,0.0681818749999934,252.40930125,252.477483125
Percussion,-1,62,D4,127,0.09659098958334766,252.54566499999999,252.64225598958333
Percussion,-1,64,E4,127,0.10795463541668937,252.8183925,252.92634713541668
Percussion,-1,62,D4,127,0.1136364583333318,253.09112,253.20475645833332
Percussion,-1,62,D4,127,0.06250005208332254,253.50021125,253.56271130208333
Percussion,-1,62,D4,127,0.09090916666667681,253.636575,253.72748416666667
Percussion,-1,64,E4,127,0.07386369791666425,253.9093025,253.98316619791666
Percussion,-1,63,D#4,127,0.05681822916668011,254.18203,254.23884822916668
Percussion,-1,63,D#4,127,0.09659098958334766,254.31839374999998,254.41498473958333
Percussion,-1,63,D#4,127,0.06250005208335097,254.59112125,254.65362130208334
Percussion,-1,63,D#4,127,0.08522734375000596,254.727485,254.81271234375
Percussion,-1,64,E4,127,0.10795463541666095,255.0002125,255.10816713541666
Percussion,-1,62,D4,127,0.1250001041666451,255.27294,255.39794010416665
Percussion,-1,62,D4,127,0.0795455208333351,255.68203125,255.76157677083333
Percussion,-1,62,D4,127,0.09659098958331924,255.818395,255.91498598958333
Percussion,-1,64,E4,127,0.13068192708334436,256.0911225,256.2218044270833
Percussion,-1,62,D4,127,0.1250001041666451,256.36385,256.48885010416666
Percussion,-1,62,D4,127,0.07386369791669267,256.77294125,256.84680494791667
Percussion,-1,62,D4,127,0.10227281249996167,256.909305,257.0115778125
Percussion,-1,64,E4,127,0.11931828125000266,257.1820325,257.30135078125
Percussion,-1,62,D4,127,0.11931828125000266,257.45476,257.57407828125
Percussion,-1,62,D4,127,0.07386369791669267,257.86385125,257.9377149479167
Percussion,-1,62,D4,127,0.10227281249996167,258.000215,258.1024878125
Percussion,-1,64,E4,127,0.09090916666667681,258.2729425,258.3638516666667
Percussion,-1,63,D#4,127,0.0795455208333351,258.54567,258.6252155208333
Percussion,-1,63,D#4,127,0.0795455208333351,258.68203375,258.76157927083335
Percussion,-1,63,D#4,127,0.09090916666667681,258.8183975,258.9093066666667
Percussion,-1,63,D#4,127,0.07386369791669267,258.95476125,259.0286249479167
Percussion,-1,63,D#4,127,0.09090916666667681,259.091125,259.18203416666665
Percussion,-1,64,E4,127,0.10227281250001852,259.3638525,259.4661253125
Percussion,-1,62,D4,127,0.12500010416670193,259.63658,259.7615801041667
Percussion,-1,62,D4,127,0.07386369791669267,260.04567125,260.1195349479167
Percussion,-1,62,D4,127,0.08522734375003438,260.182035,260.26726234375
Percussion,-1,64,E4,127,0.10795463541666095,260.4547625,260.5627171354167
Percussion,-1,62,D4,127,0.13068192708334436,260.72749,260.85817192708333
Percussion,-1,62,D4,127,0.0681818749999934,261.13658125,261.204763125
Percussion,-1,62,D4,127,0.08522734374997754,261.272945,261.35817234374997
Percussion,-1,64,E4,127,0.07386369791663583,261.5456725,261.61953619791666
Percussion,-1,64,E4,127,0.09659098958331924,261.68203625,261.77862723958333
Percussion,-1,62,D4,127,0.11931828125000266,261.8184,261.93771828125
Percussion,-1,62,D4,127,0.07386369791663583,262.22749125,262.30135494791665
Percussion,-1,62,D4,127,0.09090916666667681,262.363855,262.4547641666667
Percussion,-1,64,E4,127,0.13068192708334436,262.6365825,262.7672644270833
Percussion,-1,62,D4,127,0.14204557291668607,262.90931,263.0513555729167
Percussion,-1,62,D4,127,0.0681818749999934,263.31840125,263.386583125
Percussion,-1,62,D4,127,0.09659098958331924,263.454765,263.5513559895833
Percussion,-1,64,E4,127,0.12500010416670193,263.7274925,263.8524926041667
Percussion,-1,62,D4,127,0.2045456249999802,264.00022,264.204765625
Percussion,-1,62,D4,127,0.0795455208333351,264.40362942708333,264.48317494791667
Percussion,-1,62,D4,112,0.09659098958331924,264.55135682291666,264.6479478125
Percussion,-1,64,E4,127,0.14772739583338534,264.7956752083333,264.9434026041667
Percussion,-1,62,D4,127,0.19318197916669533,265.0854481770833,265.27863015625
Percussion,-1,62,D4,127,0.0681818749999934,265.50022125,265.568403125
Percussion,-1,62,D4,127,0.09659098958331924,265.65363046875,265.75022145833333
Percussion,-1,64,E4,127,0.13636375000004364,265.8865852083333,266.02294895833336
Percussion,-1,62,D4,127,0.1363637499999868,266.17635817708333,266.3127219270833
Percussion,-1,62,D4,127,0.07386369791663583,266.58544942708335,266.659313125
Percussion,-1,62,D4,127,0.09659098958331924,266.72181317708333,266.81840416666665
Percussion,-1,64,E4,127,0.0795455208333351,267.0002225,267.07976802083334
Percussion,-1,63,D#4,127,0.0681818749999934,267.27295,267.341131875
Percussion,-1,63,D#4,127,0.056818229166708534,267.39226828125,267.4490865104167
Percussion,-1,63,D#4,127,0.08522734374997754,267.5172683854167,267.60249572916666
Percussion,-1,63,D#4,127,0.056818229166708534,267.6593139583333,267.7161321875
Percussion,-1,63,D#4,127,0.08522734374997754,267.8240868229167,267.90931416666666
Percussion,-1,64,E4,127,0.10227281250001852,268.0854506770833,268.18772348958333
Percussion,-1,62,D4,127,0.1250001041666451,268.37522364583333,268.50022375
Percussion,-1,62,D4,127,0.06250005208329412,268.78431489583335,268.84681494791664
Percussion,-1,62,D4,112,0.07386369791663583,268.9149968229167,268.9888605208333
Percussion,-1,64,E4,127,0.10227281250001852,269.1763606770833,269.27863348958334
Percussion,-1,62,D4,127,0.1363637499999868,269.46613364583334,269.6024973958333
Percussion,-1,62,D4,127,0.07386369791669267,269.86954307291666,269.94340677083335
Percussion,-1,62,D4,127,0.09659098958331924,270.01727046875,270.1138614583333
Percussion,-1,64,E4,127,0.10227281249996167,270.2615888541667,270.36386166666665
Percussion,-1,62,D4,127,0.11363645833330338,270.55704364583335,270.67068010416665
Percussion,-1,62,D4,127,0.06818187500005024,270.9661348958333,271.03431677083336
Percussion,-1,62,D4,119,0.09659098958331924,271.10249864583335,271.19908963541667
Percussion,-1,64,E4,127,0.08522734375003438,271.33545338541666,271.4206807291667
Percussion,-1,63,D#4,127,0.056818229166708534,271.6309081770833,271.68772640625
Percussion,-1,63,D#4,127,0.07386369791663583,271.78431739583334,271.85818109375
Percussion,-1,63,D#4,127,0.05113640625000926,272.02863578125,272.0797721875
Percussion,-1,63,D#4,127,0.0795455208333351,272.182045,272.26159052083335
Percussion,-1,64,E4,127,0.10795463541666095,272.43772703125,272.54568166666667
Percussion,-1,62,D4,127,0.1477273958333285,272.7275,272.87522739583335
Percussion,-1,62,D4,127,0.07386369791669267,273.13659125,273.2104549479167
Percussion,-1,62,D4,127,0.08522734374997754,273.272955,273.35818234375
Percussion,-1,64,E4,127,0.09659098958331924,273.5456825,273.6422734895833
Percussion,-1,62,D4,127,0.12500010416670193,273.81841,273.9434101041667
Percussion,-1,62,D4,127,0.06250005208335097,274.22750125,274.29000130208334
Percussion,-1,62,D4,127,0.09090916666667681,274.363865,274.45477416666665
Percussion,-1,64,E4,127,0.0681818749999934,274.6365925,274.704774375
Percussion,-1,64,E4,127,0.09090916666667681,274.77295625,274.86386541666667
Percussion,-1,62,D4,127,0.14204557291668607,274.90932,275.05136557291667
Percussion,-1,62,D4,127,0.06250005208335097,275.31841125,275.38091130208335
Percussion,-1,62,D4,127,0.0795455208333351,275.454775,275.5343205208333
Percussion,-1,64,E4,127,0.10795463541666095,275.7275025,275.8354571354167
Percussion,-1,62,D4,127,0.13068192708334436,276.00023,276.13091192708333
Percussion,-1,62,D4,127,0.0681818749999934,276.40932125,276.477503125
Percussion,-1,62,D4,127,0.10227281250001852,276.545685,276.6479578125
Percussion,-1,64,E4,127,0.1250001041666451,276.8184125,276.94341260416667
Percussion,-1,62,D4,127,0.13068192708334436,277.09114,277.22182192708334
Percussion,-1,62,D4,127,0.0681818749999934,277.50023125,277.568413125
Percussion,-1,62,D4,127,0.09090916666667681,277.636595,277.7275041666667
Percussion,-1,64,E4,127,0.11931828125000266,277.9093225,278.02864078125
Percussion,-1,62,D4,127,0.1590910416666702,278.18205,278.3411410416667
Percussion,-1,62,D4,127,0.0681818749999934,278.59114125,278.659323125
Percussion,-1,62,D4,127,0.09659098958331924,278.727505,278.8240959895833
Percussion,-1,64,E4,127,0.06250005208335097,279.0002325,279.06273255208333
Percussion,-1,64,E4,127,0.05681822916665169,279.13659625,279.1934144791667
Percussion,-1,62,D4,127,0.18750015624999605,279.27296,279.46046015625
Percussion,-1,62,D4,127,0.05113640625000926,279.68205125,279.73318765625
Percussion,-1,62,D4,127,0.09090916666667681,279.818415,279.9093241666667
Percussion,-1,64,E4,127,0.10227281250001852,280.0911425,280.1934153125
Percussion,-1,63,D#4,127,0.05681822916665169,280.36387,280.4206882291667
Percussion,-1,63,D#4,127,0.06250005208335097,280.50023375,280.56273380208336
Percussion,-1,63,D#4,127,0.056818229166708534,280.77296125,280.8297794791667
Percussion,-1,63,D#4,127,0.0795455208333351,280.909325,280.98887052083336
Percussion,-1,64,E4,127,0.11931828125000266,281.1820525,281.30137078125
Percussion,-1,62,D4,127,0.11363645833336022,281.45477999999997,281.56841645833333
Percussion,-1,62,D4,127,0.06250005208335097,281.86387125,281.92637130208334
Percussion,-1,62,D4,127,0.10227281250001852,282.000235,282.1025078125
Percussion,-1,64,E4,127,0.11363645833330338,282.2729625,282.3865989583333
Percussion,-1,62,D4,127,0.12500010416670193,282.54569,282.6706901041667
Percussion,-1,62,D4,127,0.0681818749999934,282.95478125,283.022963125
Percussion,-1,62,D4,127,0.09090916666667681,283.091145,283.18205416666666
Percussion,-1,64,E4,127,0.10795463541666095,283.3638725,283.4718271354167
Percussion,-1,62,D4,127,0.11931828125000266,283.6366,283.75591828125
Percussion,-1,62,D4,127,0.05681822916665169,284.04569125,284.10250947916666
Percussion,-1,62,D4,127,0.10795463541666095,284.182055,284.29000963541665
Percussion,-1,64,E4,127,0.0795455208333351,284.4547825,284.53432802083336
Percussion,-1,63,D#4,127,0.0795455208333351,284.72751,284.80705552083333
Percussion,-1,63,D#4,127,0.06250005208335097,284.86387375,284.92637380208333
Percussion,-1,63,D#4,127,0.08522734374997754,285.0002375,285.08546484375
Percussion,-1,63,D#4,127,0.05681822916665169,285.13660125,285.19341947916666
Percussion,-1,63,D#4,127,0.10227281250001852,285.272965,285.3752378125
Percussion,-1,64,E4,127,0.10227281250001852,285.5456925,285.6479653125
Percussion,-1,62,D4,127,0.11931828125000266,285.81842,285.93773828125
Percussion,-1,62,D4,127,0.0681818749999934,286.22751125,286.295693125
Percussion,-1,62,D4,127,0.08522734374997754,286.363875,286.44910234375
Percussion,-1,64,E4,127,0.07386369791669267,286.6366025,286.7104661979167
Percussion,-1,64,E4,127,0.07954552083327826,286.77296625,286.8525117708333
Percussion,-1,62,D4,127,0.1477273958333285,286.90933,287.05705739583334
Percussion,-1,62,D4,127,0.06250005208335097,287.31842125,287.3809213020833
Percussion,-1,62,D4,127,0.0795455208333351,287.454785,287.53433052083335
Percussion,-1,64,E4,127,0.10795463541666095,287.7275125,287.83546713541665
Percussion,-1,62,D4,127,0.1590910416666702,288.00024,288.1593310416667
Percussion,-1,62,D4,127,0.06250005208335097,288.40933125,288.47183130208333
Percussion,-1,62,D4,127,0.09090916666661997,288.545695,288.63660416666664
Percussion,-1,64,E4,127,0.09090916666667681,288.8184225,288.9093316666667
Percussion,-1,63,D#4,127,0.08522734375003438,289.09114999999997,289.17637734375
Percussion,-1,62,D4,127,0.08522734375003438,289.09114999999997,289.17637734375
Percussion,-1,62,D4,127,0.0681818749999934,289.50024125,289.568423125
Percussion,-1,62,D4,127,0.09659098958337609,289.636605,289.73319598958335
Percussion,-1,64,E4,127,0.09659098958331924,289.9093325,290.0059234895833
Percussion,-1,62,D4,127,0.12500010416670193,290.18206,290.3070601041667
Percussion,-1,62,D4,127,0.0681818749999934,290.59115125,290.659333125
Percussion,-1,62,D4,127,0.09090916666667681,290.727515,290.81842416666666
Percussion,-1,64,E4,127,0.08522734374997754,291.0002425,291.08546984375
Percussion,-1,63,D#4,127,0.0795455208333351,291.27297,291.3525155208333
Percussion,-1,63,D#4,127,0.06250005208335097,291.40933375,291.4718338020833
Percussion,-1,63,D#4,127,0.08522734374997754,291.5456975,291.63092484375
Percussion,-1,63,D#4,127,0.06250005208335097,291.68206125,291.74456130208335
Percussion,-1,63,D#4,127,0.09090916666667681,291.818425,291.90933416666667
Percussion,-1,64,E4,127,0.10227281249996167,292.0911525,292.1934253125
Percussion,-1,62,D4,127,0.11363645833336022,292.36388,292.47751645833335
Percussion,-1,62,D4,127,0.06250005208329412,292.77297125,292.8354713020833
Percussion,-1,62,D4,127,0.09659098958331924,292.909335,293.0059259895833
Percussion,-1,64,E4,127,0.06250005208335097,293.1820625,293.2445625520833
Percussion,-1,64,E4,127,0.06250005208329412,293.31842625,293.3809263020833
Percussion,-1,62,D4,127,0.11931828125000266,293.45479,293.57410828125
Percussion,-1,62,D4,127,0.06250005208329412,293.86388125,293.9263813020833
Percussion,-1,62,D4,127,0.0795455208333351,294.000245,294.07979052083334
Percussion,-1,64,E4,127,0.13636375000004364,294.2729725,294.40933625
Percussion,-1,62,D4,127,0.16477286458331264,294.5457,294.7104728645833
Percussion,-1,64,E4,127,0.250000208333347,294.5457,294.79570020833336
Percussion,-1,63,D#4,127,0.2613638541666319,294.5457,294.80706385416664
Trumpet,56,54,F#3,127,0.10795463541667516,106.90917999999999,107.01713463541667
Trumpet,56,54,F#3,127,0.10795463541667516,107.1819075,107.28986213541667
Trumpet,56,58,A#3,127,0.35795484375000797,107.454635,107.81258984375
Trumpet,56,54,F#3,127,0.0909091666666626,107.86372625,107.95463541666666
Trumpet,56,53,F3,127,0.0795455208333351,108.00009,108.07963552083334
Trumpet,56,53,F3,127,0.1022728125000043,108.13645375,108.2387265625
Trumpet,56,53,F3,127,0.35795484374999376,108.40918125,108.76713609375
Trumpet,56,54,F#3,127,0.09659098958333345,111.27282,111.36941098958333
Trumpet,56,54,F#3,127,0.09659098958333345,111.5455475,111.64213848958333
Trumpet,56,58,A#3,127,0.3522730208333371,111.818275,112.17054802083334
Trumpet,56,54,F#3,127,0.0909091666666626,112.22736625,112.31827541666667
Trumpet,56,53,F3,127,0.0909091666666626,112.36373,112.45463916666667
Trumpet,56,53,F3,127,0.1022728124999901,112.50009375,112.6023665625
Trumpet,56,53,F3,127,0.409091250000003,112.77282124999999,113.1819125
Trumpet,56,54,F#3,127,0.10795463541666095,237.81838,237.92633463541665
Trumpet,56,54,F#3,127,0.10795463541666095,238.0911075,238.19906213541665
Trumpet,56,58,A#3,127,0.35795484375000797,238.363835,238.72178984375
Trumpet,56,54,F#3,127,0.09090916666664839,238.77292625,238.86383541666666
Trumpet,56,53,F3,127,0.0795455208333351,238.90929,238.98883552083333
Trumpet,56,53,F3,127,0.10227281250001852,239.04565374999999,239.1479265625
Trumpet,56,53,F3,127,0.35795484375000797,239.31838125,239.67633609375
Trumpet,56,54,F#3,127,0.09659098958334766,242.18202,242.27861098958334
Trumpet,56,54,F#3,127,0.09659098958334766,242.4547475,242.55133848958334
Trumpet,56,58,A#3,127,0.3522730208333371,242.727475,243.07974802083334
Trumpet,56,54,F#3,127,0.09090916666667681,243.13656625,243.22747541666666
Trumpet,56,53,F3,127,0.09090916666664839,243.27293,243.36383916666665
Trumpet,56,53,F3,127,0.10227281250001852,243.40929375,243.5115665625
Trumpet,56,53,F3,127,0.4090912500000172,243.68202125,244.0911125
Trumpet,56,57,A3,127,0.20454562500003703,285.5456925,285.750238125
Trumpet,56,53,F3,127,0.26704567708333116,285.5456925,285.8127381770833
Trumpet,56,58,A#3,127,0.11931828125000266,285.81842,285.93773828125
Trumpet,56,54,F#3,127,0.1250001041666451,285.81842,285.94342010416665
Trumpet,56,54,F#3,127,0.11931828125000266,286.0911475,286.21046578125
Trumpet,56,58,A#3,127,0.12500010416670193,286.0911475,286.2161476041667
Trumpet,56,51,D#3,127,0.1590910416666702,286.6366025,286.79569354166665
Trumpet,56,59,B3,127,0.16477286458336948,286.6366025,286.80137536458335
Trumpet,56,54,F#3,127,0.13068192708334436,287.04569375,287.17637567708334
Trumpet,56,63,D#4,127,0.1363637499999868,287.04569375,287.1820575
Trumpet,56,51,D#3,127,0.20454562500003703,287.31842125,287.522966875
Trumpet,56,59,B3,127,0.2613638541666887,287.31842125,287.57978510416666
Trumpet,56,55,G3,127,0.2613638541666887,287.7275125,287.9888763541667
Trumpet,56,52,E3,127,0.26704567708333116,287.7275125,287.9945581770833
Trumpet,56,53,F3,127,0.13068192708328752,288.00024,288.1309219270833
Trumpet,56,56,G#3,127,0.1363637499999868,288.00024,288.13660375
Trumpet,56,53,F3,127,0.1250001041666451,288.2729675,288.39796760416664
Trumpet,56,56,G#3,127,0.1477273958333285,288.2729675,288.4206948958333
Trumpet,56,56,G#3,127,0.1363637499999868,288.8184225,288.95478625
Trumpet,56,59,B3,127,0.1590910416666702,288.8184225,288.97751354166667
Trumpet,56,59,B3,127,0.11931828125000266,289.22751375,289.34683203125
Trumpet,56,63,D#4,127,0.1590910416666702,289.22751375,289.3866047916667
Trumpet,56,59,B3,127,0.3011366145833563,289.50024125,289.80137786458334
Trumpet,56,56,G#3,127,0.3068184374999987,289.50024125,289.8070596875
Trumpet,56,53,F3,127,0.24431838541664774,289.9093325,290.15365088541665
Trumpet,56,57,A3,127,0.24431838541664774,289.9093325,290.15365088541665
Trumpet,56,58,A#3,127,0.12500010416670193,290.18206,290.3070601041667
Trumpet,56,54,F#3,127,0.13636375000004364,290.18206,290.31842375
Trumpet,56,54,F#3,127,0.1250001041666451,290.4547875,290.57978760416665
Trumpet,56,58,A#3,127,0.15340921874997093,290.4547875,290.60819671875
Trumpet,56,51,D#3,127,0.1250001041666451,291.0002425,291.12524260416666
Trumpet,56,59,B3,127,0.24431838541664774,291.0002425,291.24456088541666
Trumpet,56,54,F#3,127,0.10795463541671779,291.40933375,291.5172883854167
Trumpet,56,63,D#4,127,0.14204557291668607,291.40933375,291.55137932291666
Trumpet,56,51,D#3,127,0.30113661458329943,291.68206125,291.9831978645833
Trumpet,56,59,B3,127,0.32386390624998285,291.68206125,292.00592515625
Trumpet,56,55,G3,127,0.2272729166666636,292.0911525,292.3184254166667
Trumpet,56,52,E3,127,0.2500002083332902,292.0911525,292.3411527083333
Trumpet,56,53,F3,127,0.10227281250001852,292.36388,292.4661528125
Trumpet,56,56,G#3,127,0.11363645833336022,292.36388,292.47751645833335
Trumpet,56,53,F3,127,0.11931828124994581,292.6366075,292.75592578124997
Trumpet,56,56,G#3,127,0.1477273958333285,292.6366075,292.78433489583335
Trumpet,56,56,G#3,127,0.14772739583338534,293.1820625,293.32978989583336
Trumpet,56,59,B3,127,0.20454562500003703,293.1820625,293.386608125
Trumpet,56,59,B3,127,0.12500010416670193,293.59115375,293.7161538541667
Trumpet,56,63,D#4,127,0.1363637499999868,293.59115375,293.7275175
Trumpet,56,59,B3,127,0.42613671875000136,293.86388125,294.29001796875
Trumpet,56,56,G#3,127,0.42613671875000136,293.86388125,294.29001796875
Trumpet,56,66,F#4,127,0.8068188541666661,10.9091,11.715918854166667
Trumpet,56,61,C#4,127,0.15340921875000113,11.7272825,11.88069171875
Trumpet,56,63,D#4,127,0.21590927083333433,12.00001,12.215919270833334
Trumpet,56,61,C#4,127,0.17613651041666678,12.2727375,12.448874010416667
Trumpet,56,59,B3,127,0.3693184895833337,12.545465,12.914783489583334
Trumpet,56,63,D#4,127,0.15909104166666665,12.95455625,13.113647291666666
Trumpet,56,61,C#4,127,0.14204557291666653,13.22728375,13.369329322916666
Trumpet,56,56,G#3,127,1.6534104687499998,13.50001125,15.15342171875
Trumpet,56,66,F#4,127,0.7784097395833331,15.27274,16.051149739583334
Trumpet,56,61,C#4,127,0.1931819791666669,16.0909225,16.28410447916667
Trumpet,56,63,D#4,127,0.21022744791666526,16.36365,16.573877447916665
Trumpet,56,61,C#4,127,0.2045456250000015,16.6363775,16.840923125
Trumpet,56,59,B3,127,0.3750003124999992,16.909105,17.2841053125
Trumpet,56,63,D#4,127,0.21590927083333256,17.31819625,17.534105520833332
Trumpet,56,61,C#4,127,1.5454558333333352,17.590923749999998,19.136379583333333
Trumpet,56,57,A3,127,0.20454562499999795,19.3636525,19.568198125
Trumpet,56,53,F3,127,0.26704567708333116,19.3636525,19.63069817708333
Trumpet,56,58,A#3,127,0.1193182812499991,19.63638,19.755698281249998
Trumpet,56,54,F#3,127,0.1250001041666664,19.63638,19.761380104166665
Trumpet,56,54,F#3,127,0.1193182812499991,19.9091075,20.02842578125
Trumpet,56,58,A#3,127,0.1250001041666664,19.9091075,20.034107604166667
Trumpet,56,51,D#3,127,0.15909104166666665,20.4545625,20.613653541666668
Trumpet,56,59,B3,127,0.1647728645833304,20.4545625,20.619335364583332
Trumpet,56,54,F#3,127,0.1306819270833337,20.86365375,20.994335677083335
Trumpet,56,63,D#4,127,0.13636374999999745,20.86365375,21.0000175
Trumpet,56,51,D#3,127,0.2045456250000015,21.13638125,21.340926875
Trumpet,56,59,B3,127,0.2613638541666674,21.13638125,21.397745104166667
Trumpet,56,55,G3,127,0.2613638541666674,21.5454725,21.806836354166666
Trumpet,56,52,E3,127,0.2670456770833347,21.5454725,21.812518177083334
Trumpet,56,53,F3,127,0.1306819270833337,21.8182,21.948881927083335
Trumpet,56,56,G#3,127,0.13636374999999745,21.8182,21.95456375
Trumpet,56,53,F3,127,0.1250001041666664,22.0909275,22.215927604166666
Trumpet,56,56,G#3,127,0.14772739583333205,22.0909275,22.23865489583333
Trumpet,56,56,G#3,127,0.136363750000001,22.6363825,22.77274625
Trumpet,56,59,B3,127,0.15909104166666665,22.6363825,22.795473541666667
Trumpet,56,59,B3,127,0.1193182812499991,23.04547375,23.16479203125
Trumpet,56,63,D#4,127,0.15909104166666665,23.04547375,23.204564791666666
Trumpet,56,59,B3,127,0.3011366145833314,23.31820125,23.619337864583333
Trumpet,56,56,G#3,127,0.3068184374999987,23.31820125,23.6250196875
Trumpet,56,53,F3,127,0.2443183854166655,23.7272925,23.971610885416666
Trumpet,56,57,A3,127,0.2443183854166655,23.7272925,23.971610885416666
Trumpet,56,58,A#3,127,0.1250001041666664,24.00002,24.125020104166666
Trumpet,56,54,F#3,127,0.136363750000001,24.00002,24.13638375
Trumpet,56,54,F#3,127,0.1250001041666664,24.2727475,24.397747604166668
Trumpet,56,58,A#3,127,0.15340921874999935,24.2727475,24.42615671875
Trumpet,56,51,D#3,127,0.12500010416666996,24.818202499999998,24.943202604166668
Trumpet,56,59,B3,127,0.24431838541666906,24.818202499999998,25.062520885416667
Trumpet,56,54,F#3,127,0.1079546354166645,25.22729375,25.335248385416666
Trumpet,56,63,D#4,127,0.14204557291666475,25.22729375,25.369339322916666
Trumpet,56,51,D#3,127,0.30113661458333496,25.50002125,25.801157864583335
Trumpet,56,59,B3,127,0.3238639062500006,25.50002125,25.82388515625
Trumpet,56,55,G3,127,0.22727291666666716,25.9091125,26.136385416666666
Trumpet,56,52,E3,127,0.2500002083333328,25.9091125,26.159112708333332
Trumpet,56,53,F3,127,0.1022728124999972,26.18184,26.2841128125
Trumpet,56,56,G#3,127,0.1136364583333318,26.18184,26.295476458333333
Trumpet,56,53,F3,127,0.1193182812499991,26.4545675,26.57388578125
Trumpet,56,56,G#3,127,0.14772739583333205,26.4545675,26.60229489583333
Trumpet,56,56,G#3,127,0.14772739583333205,27.0000225,27.147749895833332
Trumpet,56,59,B3,127,0.2045456250000015,27.0000225,27.204568125
Trumpet,56,59,B3,127,0.1250001041666664,27.40911375,27.534113854166666
Trumpet,56,63,D#4,127,0.136363750000001,27.40911375,27.5454775
Trumpet,56,59,B3,127,0.4261367187499978,27.68184125,28.10797796875
Trumpet,56,56,G#3,127,0.4261367187499978,27.68184125,28.10797796875
Trumpet,56,37,C#2,127,0.8352279687500008,30.2727525,31.10798046875
Trumpet,56,56,G#3,127,0.10227281250000075,31.090934999999998,31.1932078125
Trumpet,56,59,B3,127,0.11363645833333536,31.090934999999998,31.204571458333334
Trumpet,56,58,A#3,127,0.09659098958333345,31.22729875,31.323889739583333
Trumpet,56,61,C#4,127,0.10795463541666805,31.22729875,31.335253385416667
Trumpet,56,54,F#3,127,0.1136364583333318,31.77275375,31.88639020833333
Trumpet,56,49,C#3,127,0.1136364583333318,31.77275375,31.88639020833333
Trumpet,56,54,F#3,127,0.09659098958333345,32.04548125,32.142072239583335
Trumpet,56,58,A#3,127,0.1022728124999972,32.04548125,32.1477540625
Trumpet,56,59,B3,127,0.09659098958333345,32.31820875,32.41479973958333
Trumpet,56,56,G#3,127,0.11931828125000266,32.31820875,32.43752703125
Trumpet,56,58,A#3,127,0.11931828125000266,32.4545725,32.57389078125
Trumpet,56,61,C#4,127,0.2954547916666712,32.4545725,32.75002729166667
Trumpet,56,37,C#2,127,0.9204553125000032,34.6363925,35.5568478125
Trumpet,56,56,G#3,127,0.1136364583333318,35.454575,35.56821145833333
Trumpet,56,59,B3,127,0.1136364583333318,35.454575,35.56821145833333
Trumpet,56,58,A#3,127,0.1022728124999972,35.59093875,35.6932115625
Trumpet,56,61,C#4,127,0.1136364583333318,35.59093875,35.70457520833333
Trumpet,56,54,F#3,127,0.10795463541666805,36.136393749999996,36.244348385416664
Trumpet,56,49,C#3,127,0.1250001041666735,36.136393749999996,36.26139385416667
Trumpet,56,58,A#3,127,0.09659098958333345,36.40912125,36.50571223958333
Trumpet,56,54,F#3,127,0.1022728125000043,36.40912125,36.5113940625
Trumpet,56,59,B3,127,0.09659098958333345,36.68184875,36.778439739583334
Trumpet,56,56,G#3,127,0.1136364583333318,36.68184875,36.79548520833333
Trumpet,56,58,A#3,127,0.1818183333333323,36.8182125,37.000030833333334
Trumpet,56,61,C#4,127,0.23295473958333446,36.8182125,37.051167239583336
Trumpet,56,58,A#3,127,0.1136364583333318,40.77276125,40.886397708333334
Trumpet,56,61,C#4,127,0.11931828124999555,40.77276125,40.89207953125
Trumpet,56,59,B3,127,0.0681818750000005,41.04548875,41.113670625
Trumpet,56,56,G#3,127,0.0681818750000005,41.04548875,41.113670625
Trumpet,56,58,A#3,127,0.136363750000001,41.1818525,41.31821625
Trumpet,56,61,C#4,127,0.14204557291667186,41.1818525,41.32389807291667
Trumpet,56,61,C#4,127,0.1022728125000043,44.86367375,44.9659465625
Trumpet,56,58,A#3,127,0.1022728125000043,44.86367375,44.9659465625
Trumpet,56,59,B3,127,0.0795455208333351,45.13640125,45.215946770833334
Trumpet,56,63,D#4,127,0.0795455208333351,45.13640125,45.215946770833334
Trumpet,56,61,C#4,127,0.0681818750000005,45.40912875,45.477310625
Trumpet,56,65,F4,127,0.0681818750000005,45.40912875,45.477310625
Trumpet,56,63,D#4,127,0.1022728124999972,45.5454925,45.6477653125
Trumpet,56,66,F#4,127,0.11931828124999555,45.5454925,45.66481078125
Trumpet,56,37,C#2,127,0.8352279687500044,47.7273125,48.56254046875
Trumpet,56,56,G#3,127,0.1022728124999972,48.545495,48.6477678125
Trumpet,56,59,B3,127,0.1136364583333318,48.545495,48.659131458333334
Trumpet,56,58,A#3,127,0.09659098958333345,48.681858749999996,48.77844973958333
Trumpet,56,61,C#4,127,0.10795463541666805,48.681858749999996,48.789813385416664
Trumpet,56,54,F#3,127,0.1136364583333318,49.22731375,49.34095020833333
Trumpet,56,49,C#3,127,0.1136364583333318,49.22731375,49.34095020833333
Trumpet,56,54,F#3,127,0.09659098958333345,49.50004125,49.596632239583336
Trumpet,56,58,A#3,127,0.1022728124999972,49.50004125,49.6023140625
Trumpet,56,59,B3,127,0.09659098958333345,49.77276875,49.86935973958333
Trumpet,56,56,G#3,127,0.11931828125000266,49.77276875,49.89208703125
Trumpet,56,58,A#3,127,0.11931828125000266,49.9091325,50.02845078125
Trumpet,56,61,C#4,127,0.2954547916666712,49.9091325,50.20458729166667
Trumpet,56,37,C#2,127,0.9204553124999961,52.0909525,53.011407812499996
Trumpet,56,56,G#3,127,0.1136364583333318,52.909135,53.02277145833333
Trumpet,56,59,B3,127,0.1136364583333318,52.909135,53.02277145833333
Trumpet,56,58,A#3,127,0.1022728124999972,53.04549875,53.1477715625
Trumpet,56,61,C#4,127,0.1136364583333318,53.04549875,53.15913520833333
Trumpet,56,54,F#3,127,0.10795463541666805,53.59095375,53.698908385416665
Trumpet,56,49,C#3,127,0.1250001041666664,53.59095375,53.71595385416666
Trumpet,56,58,A#3,127,0.09659098958333345,53.86368125,53.96027223958333
Trumpet,56,54,F#3,127,0.1022728124999972,53.86368125,53.965954062499996
Trumpet,56,59,B3,127,0.09659098958333345,54.13640875,54.232999739583335
Trumpet,56,56,G#3,127,0.1136364583333318,54.13640875,54.25004520833333
Trumpet,56,58,A#3,127,0.1818183333333323,54.2727725,54.454590833333334
Trumpet,56,61,C#4,127,0.23295473958332735,54.2727725,54.50572723958333
Trumpet,56,57,A3,127,0.2045456249999944,63.0000525,63.204598125
Trumpet,56,53,F3,127,0.26704567708333116,63.0000525,63.267098177083334
Trumpet,56,58,A#3,127,0.11931828125000266,63.27278,63.39209828125
Trumpet,56,54,F#3,127,0.1250001041666664,63.27278,63.397780104166664
Trumpet,56,54,F#3,127,0.11931828125000266,63.5455075,63.66482578125
Trumpet,56,58,A#3,127,0.1250001041666664,63.5455075,63.670507604166666
Trumpet,56,51,D#3,127,0.159091041666656,64.0909625,64.25005354166666
Trumpet,56,59,B3,127,0.16477286458332685,64.0909625,64.25573536458333
Trumpet,56,54,F#3,127,0.13068192708333015,64.50005375,64.63073567708334
Trumpet,56,63,D#4,127,0.1363637499999868,64.50005375,64.6364175
Trumpet,56,51,D#3,127,0.2045456250000086,64.77278125,64.977326875
Trumpet,56,59,B3,127,0.2613638541666745,64.77278125,65.03414510416667
Trumpet,56,55,G3,127,0.2613638541666745,65.1818725,65.44323635416667
Trumpet,56,52,E3,127,0.26704567708333116,65.1818725,65.44891817708333
Trumpet,56,53,F3,127,0.13068192708333015,65.4546,65.58528192708333
Trumpet,56,56,G#3,127,0.136363750000001,65.4546,65.59096375
Trumpet,56,53,F3,127,0.1250001041666593,65.7273275,65.85232760416666
Trumpet,56,56,G#3,127,0.1477273958333285,65.7273275,65.87505489583333
Trumpet,56,56,G#3,127,0.136363750000001,66.2727825,66.40914625
Trumpet,56,59,B3,127,0.159091041666656,66.2727825,66.43187354166666
Trumpet,56,59,B3,127,0.11931828125000266,66.68187375,66.80119203125
Trumpet,56,63,D#4,127,0.1590910416666702,66.68187375,66.84096479166666
Trumpet,56,59,B3,127,0.30113661458334207,66.95460125,67.25573786458334
Trumpet,56,56,G#3,127,0.3068184374999987,66.95460125,67.2614196875
Trumpet,56,57,A3,127,0.24431838541666195,67.3636925,67.60801088541666
Trumpet,56,53,F3,127,0.24431838541666195,67.3636925,67.60801088541666
Trumpet,56,58,A#3,127,0.1250001041666593,67.63642,67.76142010416666
Trumpet,56,54,F#3,127,0.136363750000001,67.63642,67.77278375
Trumpet,56,54,F#3,127,0.1250001041666593,67.9091475,68.03414760416666
Trumpet,56,58,A#3,127,0.15340921874999935,67.9091475,68.06255671875
Trumpet,56,51,D#3,127,0.1250001041666735,68.4546025,68.57960260416667
Trumpet,56,59,B3,127,0.24431838541667616,68.4546025,68.69892088541667
Trumpet,56,54,F#3,127,0.10795463541667516,68.86369375,68.97164838541667
Trumpet,56,63,D#4,127,0.14204557291667186,68.86369375,69.00573932291667
Trumpet,56,51,D#3,127,0.30113661458332786,69.13642125,69.43755786458333
Trumpet,56,59,B3,127,0.32386390624999706,69.13642125,69.46028515625
Trumpet,56,55,G3,127,0.2272729166666636,69.5455125,69.77278541666666
Trumpet,56,52,E3,127,0.2500002083333328,69.5455125,69.79551270833333
Trumpet,56,53,F3,127,0.1022728124999901,69.81824,69.9205128125
Trumpet,56,56,G#3,127,0.1136364583333318,69.81824,69.93187645833333
Trumpet,56,53,F3,127,0.11931828124998844,70.0909675,70.21028578125
Trumpet,56,56,G#3,127,0.1477273958333285,70.0909675,70.23869489583333
Trumpet,56,56,G#3,127,0.1477273958333427,70.6364225,70.78414989583334
Trumpet,56,59,B3,127,0.2045456250000086,70.6364225,70.840968125
Trumpet,56,59,B3,127,0.1250001041666735,71.04551375,71.17051385416667
Trumpet,56,63,D#4,127,0.136363750000001,71.04551375,71.1818775
Trumpet,56,56,G#3,127,0.42613671875000136,71.31824125,71.74437796875
Trumpet,56,59,B3,127,0.42613671875000136,71.31824125,71.74437796875
Trumpet,56,66,F#4,127,0.3068184374999987,89.45462,89.7614384375
Trumpet,56,58,A#3,127,0.31250026041665535,89.45462,89.76712026041666
Trumpet,56,61,C#4,127,0.31250026041665535,89.45462,89.76712026041666
Trumpet,56,58,A#3,127,0.3068184374999987,89.86371125,90.1705296875
Trumpet,56,66,F#4,127,0.3068184374999987,89.86371125,90.1705296875
Trumpet,56,61,C#4,127,0.3068184374999987,89.86371125,90.1705296875
Trumpet,56,66,F#4,127,0.272727500000002,90.54553,90.8182575
Trumpet,56,63,D#4,127,0.272727500000002,90.54553,90.8182575
Trumpet,56,59,B3,127,0.27840932291667286,90.54553,90.82393932291667
Trumpet,56,59,B3,127,0.3295457291666679,90.95462125,91.28416697916667
Trumpet,56,66,F#4,127,0.3409093749999954,90.95462125,91.295530625
Trumpet,56,63,D#4,127,0.34659119791666626,90.95462125,91.30121244791667
Trumpet,56,66,F#4,127,0.2386365625000053,91.63644,91.8750765625
Trumpet,56,59,B3,127,0.25568203125000366,91.63644,91.89212203125
Trumpet,56,63,D#4,127,0.272727500000002,91.63644,91.9091675
Trumpet,56,66,F#4,127,0.272727500000002,92.04553125,92.31825875
Trumpet,56,63,D#4,127,0.2954547916666712,92.04553125,92.34098604166667
Trumpet,56,59,B3,127,0.31250026041666956,92.04553125,92.35803151041667
Trumpet,56,65,F4,127,0.3068184374999987,92.72735,93.0341684375
Trumpet,56,61,C#4,127,0.3068184374999987,92.72735,93.0341684375
Trumpet,56,56,G#3,127,0.31250026041666956,92.72735,93.03985026041667
Trumpet,56,61,C#4,127,0.3409093749999954,93.13644125,93.477350625
Trumpet,56,56,G#3,127,0.34659119791666626,93.13644125,93.48303244791667
Trumpet,56,65,F4,127,0.34659119791666626,93.13644125,93.48303244791667
Trumpet,56,61,C#4,127,0.27840932291667286,93.81826,94.09666932291667
Trumpet,56,58,A#3,127,0.2954547916666712,93.81826,94.11371479166667
Trumpet,56,66,F#4,127,0.2954547916666712,93.81826,94.11371479166667
Trumpet,56,61,C#4,127,0.31250026041666956,94.22735125,94.53985151041667
Trumpet,56,58,A#3,127,0.31250026041666956,94.22735125,94.53985151041667
Trumpet,56,66,F#4,127,0.31250026041666956,94.22735125,94.53985151041667
Trumpet,56,63,D#4,127,0.28977296875000036,94.90917,95.19894296875
Trumpet,56,59,B3,127,0.295454791666657,94.90917,95.20462479166666
Trumpet,56,66,F#4,127,0.295454791666657,94.90917,95.20462479166666
Trumpet,56,66,F#4,127,0.2727274999999878,95.31826125,95.59098875
Trumpet,56,63,D#4,127,0.295454791666657,95.31826125,95.61371604166666
Trumpet,56,59,B3,127,0.3068184374999987,95.31826125,95.6250796875
Trumpet,56,66,F#4,127,0.2386365625000053,96.00008,96.2387165625
Trumpet,56,63,D#4,127,0.24431838541666195,96.00008,96.24439838541666
Trumpet,56,59,B3,127,0.25568203125000366,96.00008,96.25576203125
Trumpet,56,66,F#4,127,0.25568203125000366,96.40917125,96.66485328125
Trumpet,56,63,D#4,127,0.272727500000002,96.40917125,96.68189875
Trumpet,56,59,B3,127,0.28977296875000036,96.40917125,96.69894421875
Trumpet,56,61,C#4,127,0.31250026041665535,97.09099,97.40349026041666
Trumpet,56,65,F4,127,0.32386390624999706,97.09099,97.41485390625
Trumpet,56,56,G#3,127,0.3409093749999954,97.09099,97.431899375
Trumpet,56,56,G#3,127,0.3636366666666788,97.50008125,97.86371791666667
Trumpet,56,65,F4,127,0.38068213541667717,97.50008125,97.88076338541667
Trumpet,56,61,C#4,127,0.39204578125000467,97.50008125,97.89212703125
Trumpet,56,61,C#4,127,0.2954547916666712,98.1819,98.47735479166667
Trumpet,56,66,F#4,127,0.3068184374999987,98.1819,98.4887184375
Trumpet,56,58,A#3,127,0.32386390624999706,98.1819,98.50576390625
Trumpet,56,61,C#4,127,0.295454791666657,98.59099125,98.88644604166666
Trumpet,56,66,F#4,127,0.3068184374999987,98.59099125,98.8978096875
Trumpet,56,58,A#3,127,0.32386390624999706,98.59099125,98.91485515625
Trumpet,56,66,F#4,127,0.2613638541666745,99.27280999999999,99.53417385416667
Trumpet,56,59,B3,127,0.27840932291667286,99.27280999999999,99.55121932291667
Trumpet,56,63,D#4,127,0.28977296875000036,99.27280999999999,99.56258296875
Trumpet,56,66,F#4,127,0.3068184374999987,99.68190125,99.9887196875
Trumpet,56,63,D#4,127,0.3295457291666679,99.68190125,100.01144697916666
Trumpet,56,59,B3,127,0.34659119791666626,99.68190125,100.02849244791666
Trumpet,56,66,F#4,127,0.2272729166666636,100.36372,100.59099291666666
Trumpet,56,63,D#4,127,0.2386365625000053,100.36372,100.6023565625
Trumpet,56,59,B3,127,0.24431838541666195,100.36372,100.60803838541666
Trumpet,56,66,F#4,127,0.24431838541666195,100.77281125,101.01712963541667
Trumpet,56,63,D#4,127,0.272727500000002,100.77281125,101.04553875
Trumpet,56,59,B3,127,0.28977296875000036,100.77281125,101.06258421875
Trumpet,56,65,F4,127,0.3068184374999987,101.45463,101.7614484375
Trumpet,56,61,C#4,127,0.32386390625001127,101.45463,101.77849390625
Trumpet,56,56,G#3,127,0.3295457291666679,101.45463,101.78417572916666
Trumpet,56,56,G#3,127,0.3068184374999987,101.86372125,102.1705396875
Trumpet,56,61,C#4,127,0.3068184374999987,101.86372125,102.1705396875
Trumpet,56,65,F4,127,0.31250026041666956,101.86372125,102.17622151041667
Trumpet,56,61,C#4,127,0.28977296875000036,102.54554,102.83531296875
Trumpet,56,66,F#4,127,0.295454791666657,102.54554,102.84099479166666
Trumpet,56,58,A#3,127,0.3068184374999987,102.54554,102.8523584375
Trumpet,56,66,F#4,127,0.25568203124998945,102.95463125,103.21031328125
Trumpet,56,61,C#4,127,0.2613638541666603,102.95463125,103.21599510416667
Trumpet,56,58,A#3,127,0.31250026041665535,102.95463125,103.26713151041666
Trumpet,56,66,F#4,127,0.27840932291667286,103.63645,103.91485932291667
Trumpet,56,63,D#4,127,0.31250026041666956,103.63645,103.94895026041667
Trumpet,56,59,B3,127,0.3409093750000096,103.63645,103.977359375
Trumpet,56,63,D#4,127,0.3295457291666679,104.04554125,104.37508697916667
Trumpet,56,66,F#4,127,0.3295457291666679,104.04554125,104.37508697916667
Trumpet,56,59,B3,127,0.34659119791666626,104.04554125,104.39213244791667
Trumpet,56,66,F#4,127,0.28977296875000036,104.72736,105.01713296875
Trumpet,56,59,B3,127,0.295454791666657,104.72736,105.02281479166666
Trumpet,56,63,D#4,127,0.3068184374999987,104.72736,105.0341784375
Trumpet,56,66,F#4,127,0.28977296875000036,105.13645125,105.42622421875
Trumpet,56,63,D#4,127,0.32386390625001127,105.13645125,105.46031515625
Trumpet,56,59,B3,127,0.32386390625001127,105.13645125,105.46031515625
Trumpet,56,65,F4,127,0.272727500000002,105.81827,106.0909975
Trumpet,56,61,C#4,127,0.28977296875000036,105.81827,106.10804296875
Trumpet,56,56,G#3,127,0.2954547916666712,105.81827,106.11372479166667
Trumpet,56,65,F4,127,0.27840932291665865,106.22736125,106.50577057291666
Trumpet,56,61,C#4,127,0.27840932291665865,106.22736125,106.50577057291666
Trumpet,56,56,G#3,127,0.28977296875000036,106.22736125,106.51713421875
Trumpet,56,61,C#4,127,0.1022728125000043,106.90917999999999,107.0114528125
Trumpet,56,61,C#4,127,0.1136364583333318,107.1819075,107.29554395833333
Trumpet,56,66,F#4,127,0.34659119791666626,107.454635,107.80122619791666
Trumpet,56,63,D#4,127,0.0909091666666626,107.86372625,107.95463541666666
Trumpet,56,61,C#4,127,0.08522734375000596,108.00009,108.08531734375
Trumpet,56,61,C#4,127,0.1136364583333318,108.13645375,108.25009020833333
Trumpet,56,61,C#4,127,0.272727500000002,108.40918125,108.68190875
Trumpet,56,56,G#3,127,0.14204557291665765,108.8182725,108.96031807291666
Trumpet,56,56,G#3,127,0.1250001041666735,109.091,109.21600010416667
Trumpet,56,58,A#3,127,0.1250001041666735,109.3637275,109.48872760416667
Trumpet,56,58,A#3,127,0.01704546874999835,109.636455,109.65350046875
Trumpet,56,59,B3,127,0.34659119791666626,109.636455,109.98304619791666
Trumpet,56,56,G#3,127,0.0909091666666626,110.04554625,110.13645541666666
Trumpet,56,54,F#3,127,0.0909091666666626,110.18191,110.27281916666666
Trumpet,56,54,F#3,127,0.10795463541666095,110.31827375,110.42622838541666
Trumpet,56,54,F#3,127,0.17613651041665435,110.59100125,110.76713776041666
Trumpet,56,61,C#4,127,0.1136364583333318,111.27282,111.38645645833333
Trumpet,56,61,C#4,127,0.1136364583333318,111.5455475,111.65918395833333
Trumpet,56,66,F#4,127,0.38068213541666296,111.818275,112.19895713541666
Trumpet,56,63,D#4,127,0.0909091666666626,112.22736625,112.31827541666667
Trumpet,56,61,C#4,127,0.0909091666666626,112.36373,112.45463916666667
Trumpet,56,61,C#4,127,0.1022728124999901,112.50009375,112.6023665625
Trumpet,56,61,C#4,127,0.2954547916666712,112.77282124999999,113.06827604166666
Trumpet,56,56,G#3,127,0.09090916666667681,113.1819125,113.27282166666667
Trumpet,56,56,G#3,127,0.10795463541666095,113.45464,113.56259463541666
Trumpet,56,58,A#3,127,0.136363750000001,113.7273675,113.86373125
Trumpet,56,59,B3,127,0.3295457291666679,114.000095,114.32964072916667
Trumpet,56,56,G#3,127,0.09659098958333345,114.40918625,114.50577723958334
Trumpet,56,54,F#3,127,0.07954552083332089,114.54555,114.62509552083333
Trumpet,56,54,F#3,127,0.10795463541667516,114.68191374999999,114.78986838541667
Trumpet,56,54,F#3,127,0.14204557291667186,114.95464125,115.09668682291667
Trumpet,56,66,F#4,127,0.8068188541666643,141.8183,142.62511885416666
Trumpet,56,61,C#4,127,0.15340921874999935,142.6364825,142.78989171875
Trumpet,56,63,D#4,127,0.2159092708333219,142.90921,143.12511927083332
Trumpet,56,61,C#4,127,0.17613651041665435,143.1819375,143.35807401041666
Trumpet,56,59,B3,127,0.36931848958332125,143.454665,143.82398348958333
Trumpet,56,63,D#4,127,0.1590910416666702,143.86375625,144.02284729166666
Trumpet,56,61,C#4,127,0.14204557291665765,144.13648375,144.27852932291665
Trumpet,56,56,G#3,127,1.6534104687499962,144.40921125,146.06262171875
Trumpet,56,66,F#4,127,0.7784097395833385,146.18194,146.96034973958334
Trumpet,56,61,C#4,127,0.1931819791666669,147.0001225,147.19330447916667
Trumpet,56,63,D#4,127,0.21022744791665104,147.27285,147.48307744791666
Trumpet,56,61,C#4,127,0.2045456249999802,147.5455775,147.750123125
Trumpet,56,59,B3,127,0.3750003124999921,147.818305,148.1933053125
Trumpet,56,63,D#4,127,0.2159092708333219,148.22739625,148.44330552083332
Trumpet,56,61,C#4,127,1.5454558333333352,148.50012375,150.04557958333334
Trumpet,56,57,A3,127,0.2045456250000086,150.2728525,150.477398125
Trumpet,56,53,F3,127,0.26704567708333116,150.2728525,150.53989817708333
Trumpet,56,58,A#3,127,0.11931828125000266,150.54558,150.66489828125
Trumpet,56,54,F#3,127,0.1250001041666735,150.54558,150.67058010416667
Trumpet,56,54,F#3,127,0.11931828125000266,150.8183075,150.93762578125
Trumpet,56,58,A#3,127,0.1250001041666735,150.8183075,150.94330760416668
Trumpet,56,51,D#3,127,0.1590910416666702,151.3637625,151.52285354166668
Trumpet,56,59,B3,127,0.16477286458331264,151.3637625,151.52853536458332
Trumpet,56,54,F#3,127,0.13068192708334436,151.77285375,151.90353567708334
Trumpet,56,63,D#4,127,0.13636375000001522,151.77285375,151.9092175
Trumpet,56,51,D#3,127,0.2045456250000086,152.04558125,152.250126875
Trumpet,56,59,B3,127,0.2613638541666603,152.04558125,152.30694510416666
Trumpet,56,55,G3,127,0.2613638541666887,152.4546725,152.71603635416668
Trumpet,56,52,E3,127,0.26704567708333116,152.4546725,152.72171817708332
Trumpet,56,53,F3,127,0.13068192708334436,152.7274,152.85808192708333
Trumpet,56,56,G#3,127,0.13636375000001522,152.7274,152.86376375
Trumpet,56,53,F3,127,0.1250001041666735,153.0001275,153.12512760416666
Trumpet,56,56,G#3,127,0.1477273958333285,153.0001275,153.14785489583332
Trumpet,56,56,G#3,127,0.13636375000001522,153.5455825,153.68194625
Trumpet,56,59,B3,127,0.1590910416666702,153.5455825,153.70467354166666
Trumpet,56,59,B3,127,0.11931828124997423,153.95467375,154.07399203125
Trumpet,56,63,D#4,127,0.15909104166664179,153.95467375,154.11376479166665
Trumpet,56,59,B3,127,0.3011366145833563,154.22740124999999,154.52853786458334
Trumpet,56,56,G#3,127,0.30681843750002713,154.22740124999999,154.5342196875
Trumpet,56,53,F3,127,0.24431838541667616,154.6364925,154.88081088541668
Trumpet,56,57,A3,127,0.24431838541667616,154.6364925,154.88081088541668
Trumpet,56,58,A#3,127,0.1250001041666735,154.90922,155.03422010416668
Trumpet,56,54,F#3,127,0.1363637499999868,154.90922,155.04558375
Trumpet,56,54,F#3,127,0.1250001041666451,155.1819475,155.30694760416665
Trumpet,56,58,A#3,127,0.15340921874999935,155.1819475,155.33535671875
Trumpet,56,51,D#3,127,0.1250001041666451,155.7274025,155.85240260416666
Trumpet,56,59,B3,127,0.24431838541664774,155.7274025,155.97172088541666
Trumpet,56,54,F#3,127,0.10795463541666095,156.13649375,156.24444838541666
Trumpet,56,63,D#4,127,0.14204557291665765,156.13649375,156.27853932291666
Trumpet,56,51,D#3,127,0.30113661458332786,156.40922125,156.71035786458333
Trumpet,56,59,B3,127,0.32386390624998285,156.40922125,156.73308515624998
Trumpet,56,55,G3,127,0.2272729166666636,156.8183125,157.04558541666665
Trumpet,56,52,E3,127,0.250000208333347,156.8183125,157.06831270833334
Trumpet,56,53,F3,127,0.10227281250001852,157.09104,157.1933128125
Trumpet,56,56,G#3,127,0.1136364583333318,157.09104,157.20467645833332
Trumpet,56,53,F3,127,0.11931828125000266,157.3637675,157.48308578125
Trumpet,56,56,G#3,127,0.1477273958333285,157.3637675,157.51149489583332
Trumpet,56,56,G#3,127,0.1477273958333285,157.9092225,158.05694989583333
Trumpet,56,59,B3,127,0.2045456250000086,157.9092225,158.113768125
Trumpet,56,59,B3,127,0.1250001041666735,158.31831375,158.44331385416666
Trumpet,56,63,D#4,127,0.13636375000001522,158.31831375,158.4546775
Trumpet,56,59,B3,127,0.42613671875000136,158.59104125,159.01717796875
Trumpet,56,56,G#3,127,0.42613671875000136,158.59104125,159.01717796875
Trumpet,56,37,C#2,127,0.8352279687500186,161.1819525,162.01718046875
Trumpet,56,56,G#3,127,0.1022728124999901,162.000135,162.1024078125
Trumpet,56,59,B3,127,0.1136364583333318,162.000135,162.11377145833333
Trumpet,56,58,A#3,127,0.09659098958334766,162.13649875,162.23308973958333
Trumpet,56,61,C#4,127,0.10795463541668937,162.13649875,162.24445338541668
Trumpet,56,49,C#3,127,0.1136364583333318,162.68195375,162.79559020833332
Trumpet,56,54,F#3,127,0.1136364583333318,162.68195375,162.79559020833332
Trumpet,56,54,F#3,127,0.09659098958334766,162.95468125,163.05127223958334
Trumpet,56,58,A#3,127,0.10227281250001852,162.95468125,163.0569540625
Trumpet,56,59,B3,127,0.09659098958334766,163.22740875,163.32399973958334
Trumpet,56,56,G#3,127,0.11931828125000266,163.22740875,163.34672703125
Trumpet,56,58,A#3,127,0.11931828124997423,163.3637725,163.48309078124998
Trumpet,56,61,C#4,127,0.295454791666657,163.3637725,163.65922729166667
Trumpet,56,37,C#2,127,0.9204553124999961,165.5455925,166.4660478125
Trumpet,56,56,G#3,127,0.1136364583333318,166.363775,166.47741145833334
Trumpet,56,59,B3,127,0.1136364583333318,166.363775,166.47741145833334
Trumpet,56,58,A#3,127,0.10227281250001852,166.50013875,166.6024115625
Trumpet,56,61,C#4,127,0.1136364583333318,166.50013875,166.61377520833332
Trumpet,56,54,F#3,127,0.10795463541666095,167.04559375,167.15354838541666
Trumpet,56,49,C#3,127,0.1250001041666735,167.04559375,167.17059385416667
Trumpet,56,58,A#3,127,0.09659098958334766,167.31832125,167.41491223958334
Trumpet,56,54,F#3,127,0.1022728124999901,167.31832125,167.4205940625
Trumpet,56,59,B3,127,0.09659098958331924,167.59104875,167.68763973958332
Trumpet,56,56,G#3,127,0.1136364583333318,167.59104875,167.70468520833333
Trumpet,56,58,A#3,127,0.18181833333335362,167.72741249999999,167.90923083333334
Trumpet,56,61,C#4,127,0.23295473958333446,167.72741249999999,167.96036723958332
Trumpet,56,58,A#3,127,0.1136364583333318,171.68196125,171.79559770833333
Trumpet,56,61,C#4,127,0.11931828125000266,171.68196125,171.80127953125
Trumpet,56,56,G#3,127,0.0681818749999934,171.95468875,172.022870625
Trumpet,56,59,B3,127,0.0681818749999934,171.95468875,172.022870625
Trumpet,56,58,A#3,127,0.13636375000001522,172.0910525,172.22741625
Trumpet,56,61,C#4,127,0.14204557291668607,172.0910525,172.23309807291668
Trumpet,56,61,C#4,127,0.1022728124999901,175.77287375,175.8751465625
Trumpet,56,58,A#3,127,0.1022728124999901,175.77287375,175.8751465625
Trumpet,56,59,B3,127,0.0795455208333351,176.04560125,176.12514677083334
Trumpet,56,63,D#4,127,0.0795455208333351,176.04560125,176.12514677083334
Trumpet,56,61,C#4,127,0.0681818749999934,176.31832875,176.386510625
Trumpet,56,65,F4,127,0.0681818749999934,176.31832875,176.386510625
Trumpet,56,63,D#4,127,0.10227281250001852,176.4546925,176.5569653125
Trumpet,56,66,F#4,127,0.11931828125000266,176.4546925,176.57401078125
Trumpet,56,37,C#2,127,0.8352279687499902,178.6365125,179.47174046875
Trumpet,56,56,G#3,127,0.10227281250001852,179.454695,179.5569678125
Trumpet,56,59,B3,127,0.1136364583333318,179.454695,179.56833145833332
Trumpet,56,58,A#3,127,0.09659098958331924,179.59105875,179.68764973958332
Trumpet,56,61,C#4,127,0.10795463541666095,179.59105875,179.69901338541666
Trumpet,56,49,C#3,127,0.1136364583333318,180.13651375,180.25015020833334
Trumpet,56,54,F#3,127,0.1136364583333318,180.13651375,180.25015020833334
Trumpet,56,54,F#3,127,0.09659098958331924,180.40924125,180.50583223958333
Trumpet,56,58,A#3,127,0.1022728124999901,180.40924125,180.5115140625
Trumpet,56,59,B3,127,0.09659098958331924,180.68196875,180.77855973958333
Trumpet,56,56,G#3,127,0.11931828125000266,180.68196875,180.80128703125
Trumpet,56,58,A#3,127,0.11931828125000266,180.8183325,180.93765078125
Trumpet,56,61,C#4,127,0.295454791666657,180.8183325,181.11378729166665
Trumpet,56,37,C#2,127,0.9204553125000245,183.00015249999998,183.9206078125
Trumpet,56,56,G#3,127,0.1136364583333318,183.818335,183.93197145833332
Trumpet,56,59,B3,127,0.1136364583333318,183.818335,183.93197145833332
Trumpet,56,58,A#3,127,0.1022728124999901,183.95469875,184.0569715625
Trumpet,56,61,C#4,127,0.1136364583333318,183.95469875,184.06833520833334
Trumpet,56,54,F#3,127,0.10795463541666095,184.50015375,184.60810838541667
Trumpet,56,49,C#3,127,0.1250001041666451,184.50015375,184.62515385416665
Trumpet,56,58,A#3,127,0.09659098958331924,184.77288125,184.86947223958333
Trumpet,56,54,F#3,127,0.1022728124999901,184.77288125,184.8751540625
Trumpet,56,59,B3,127,0.09659098958334766,185.04560874999999,185.14219973958333
Trumpet,56,56,G#3,127,0.11363645833336022,185.04560874999999,185.15924520833335
Trumpet,56,58,A#3,127,0.1818183333333252,185.1819725,185.36379083333333
Trumpet,56,61,C#4,127,0.23295473958333446,185.1819725,185.41492723958333
Trumpet,56,57,A3,127,0.2045456249999802,193.9092525,194.113798125
Trumpet,56,53,F3,127,0.26704567708333116,193.9092525,194.17629817708334
Trumpet,56,58,A#3,127,0.11931828124997423,194.18198,194.30129828124998
Trumpet,56,54,F#3,127,0.1250001041666451,194.18198,194.30698010416666
Trumpet,56,54,F#3,127,0.11931828124997423,194.4547075,194.57402578125
Trumpet,56,58,A#3,127,0.1250001041666451,194.4547075,194.57970760416666
Trumpet,56,51,D#3,127,0.1590910416666702,195.0001625,195.15925354166666
Trumpet,56,59,B3,127,0.16477286458334106,195.0001625,195.16493536458333
Trumpet,56,54,F#3,127,0.13068192708331594,195.40925375,195.53993567708332
Trumpet,56,63,D#4,127,0.1363637499999868,195.40925375,195.5456175
Trumpet,56,51,D#3,127,0.2045456249999802,195.68198125,195.886526875
Trumpet,56,59,B3,127,0.2613638541666603,195.68198125,195.94334510416667
Trumpet,56,55,G3,127,0.2613638541666603,196.0910725,196.35243635416666
Trumpet,56,52,E3,127,0.26704567708333116,196.0910725,196.35811817708333
Trumpet,56,53,F3,127,0.13068192708334436,196.3638,196.49448192708334
Trumpet,56,56,G#3,127,0.1363637499999868,196.3638,196.50016374999998
Trumpet,56,53,F3,127,0.1250001041666735,196.6365275,196.76152760416667
Trumpet,56,56,G#3,127,0.1477273958333285,196.6365275,196.78425489583333
Trumpet,56,56,G#3,127,0.1363637499999868,197.1819825,197.31834625
Trumpet,56,59,B3,127,0.1590910416666702,197.1819825,197.34107354166667
Trumpet,56,59,B3,127,0.11931828125000266,197.59107375,197.71039203125
Trumpet,56,63,D#4,127,0.1590910416666702,197.59107375,197.75016479166666
Trumpet,56,59,B3,127,0.30113661458332786,197.86380125,198.16493786458332
Trumpet,56,56,G#3,127,0.3068184374999987,197.86380125,198.1706196875
Trumpet,56,53,F3,127,0.24431838541664774,198.2728925,198.51721088541666
Trumpet,56,57,A3,127,0.24431838541664774,198.2728925,198.51721088541666
Trumpet,56,58,A#3,127,0.1250001041666735,198.54561999999999,198.67062010416666
Trumpet,56,54,F#3,127,0.13636375000001522,198.54561999999999,198.68198375
Trumpet,56,54,F#3,127,0.1250001041666735,198.8183475,198.94334760416666
Trumpet,56,58,A#3,127,0.15340921874999935,198.8183475,198.97175671875
Trumpet,56,51,D#3,127,0.1250001041666735,199.3638025,199.48880260416666
Trumpet,56,59,B3,127,0.24431838541667616,199.3638025,199.60812088541667
Trumpet,56,54,F#3,127,0.10795463541666095,199.77289375,199.88084838541667
Trumpet,56,63,D#4,127,0.14204557291665765,199.77289375,199.91493932291667
Trumpet,56,51,D#3,127,0.30113661458332786,200.04562125,200.34675786458334
Trumpet,56,59,B3,127,0.32386390624998285,200.04562125,200.36948515625
Trumpet,56,55,G3,127,0.2272729166666636,200.4547125,200.68198541666666
Trumpet,56,52,E3,127,0.2500002083333186,200.4547125,200.70471270833332
Trumpet,56,53,F3,127,0.1022728124999901,200.72744,200.8297128125
Trumpet,56,56,G#3,127,0.1136364583333318,200.72744,200.84107645833333
Trumpet,56,53,F3,127,0.11931828125000266,201.0001675,201.11948578125
Trumpet,56,56,G#3,127,0.1477273958333285,201.0001675,201.14789489583333
Trumpet,56,56,G#3,127,0.1477273958333285,201.5456225,201.69334989583334
Trumpet,56,59,B3,127,0.2045456249999802,201.5456225,201.750168125
Trumpet,56,59,B3,127,0.1250001041666735,201.95471375,202.07971385416667
Trumpet,56,63,D#4,127,0.13636375000001522,201.95471375,202.0910775
Trumpet,56,56,G#3,127,0.42613671875000136,202.22744125,202.65357796875
Trumpet,56,59,B3,127,0.42613671875000136,202.22744125,202.65357796875
Trumpet,56,66,F#4,127,0.2840911458333153,220.36382,220.64791114583332
Trumpet,56,58,A#3,127,0.28977296874998615,220.36382,220.65359296875
Trumpet,56,61,C#4,127,0.28977296874998615,220.36382,220.65359296875
Trumpet,56,58,A#3,127,0.2840911458333437,220.77291125,221.05700239583334
Trumpet,56,66,F#4,127,0.2840911458333437,220.77291125,221.05700239583334
Trumpet,56,61,C#4,127,0.2840911458333437,220.77291125,221.05700239583334
Trumpet,56,66,F#4,127,0.25568203124998945,221.45473,221.71041203125
Trumpet,56,63,D#4,127,0.25568203124998945,221.45473,221.71041203125
Trumpet,56,59,B3,127,0.2613638541666603,221.45473,221.71609385416667
Trumpet,56,59,B3,127,0.30113661458332786,221.86382125,222.16495786458333
Trumpet,56,66,F#4,127,0.3181820833333404,221.86382125,222.18200333333334
Trumpet,56,63,D#4,127,0.32386390625001127,221.86382125,222.18768515625
Trumpet,56,66,F#4,127,0.21590927083335032,222.54564,222.76154927083334
Trumpet,56,59,B3,127,0.2272729166666636,222.54564,222.77291291666666
Trumpet,56,63,D#4,127,0.25568203125001787,222.54564,222.80132203125
Trumpet,56,66,F#4,127,0.25568203124998945,222.95473125,223.21041328125
Trumpet,56,63,D#4,127,0.272727500000002,222.95473125,223.22745875
Trumpet,56,59,B3,127,0.28977296874998615,222.95473125,223.24450421875
Trumpet,56,65,F4,127,0.2840911458333437,223.63655,223.92064114583334
Trumpet,56,61,C#4,127,0.2840911458333437,223.63655,223.92064114583334
Trumpet,56,56,G#3,127,0.28977296874998615,223.63655,223.92632296875
Trumpet,56,61,C#4,127,0.3181820833333404,224.04564125,224.36382333333333
Trumpet,56,65,F4,127,0.32386390625001127,224.04564125,224.36950515625
Trumpet,56,56,G#3,127,0.32386390625001127,224.04564125,224.36950515625
Trumpet,56,61,C#4,127,0.2613638541666603,224.72746,224.98882385416667
Trumpet,56,66,F#4,127,0.272727500000002,224.72746,225.0001875
Trumpet,56,58,A#3,127,0.272727500000002,224.72746,225.0001875
Trumpet,56,58,A#3,127,0.28977296875001457,225.13655125,225.42632421875
Trumpet,56,66,F#4,127,0.28977296875001457,225.13655125,225.42632421875
Trumpet,56,61,C#4,127,0.28977296875001457,225.13655125,225.42632421875
Trumpet,56,63,D#4,127,0.26704567708333116,225.81837,226.08541567708332
Trumpet,56,59,B3,127,0.272727500000002,225.81837,226.0910975
Trumpet,56,66,F#4,127,0.272727500000002,225.81837,226.0910975
Trumpet,56,66,F#4,127,0.25568203124998945,226.22746125,226.48314328125
Trumpet,56,63,D#4,127,0.272727500000002,226.22746125,226.50018875
Trumpet,56,59,B3,127,0.2840911458333153,226.22746125,226.51155239583332
Trumpet,56,66,F#4,127,0.2159092708333219,226.90928,227.12518927083332
Trumpet,56,63,D#4,127,0.22159109374999275,226.90928,227.13087109375
Trumpet,56,59,B3,127,0.2272729166666636,226.90928,227.13655291666666
Trumpet,56,66,F#4,127,0.22727291666669203,227.31837124999998,227.54564416666668
Trumpet,56,63,D#4,127,0.25568203125001787,227.31837124999998,227.57405328125
Trumpet,56,59,B3,127,0.2670456770833596,227.31837124999998,227.58541692708334
Trumpet,56,61,C#4,127,0.28977296874998615,228.00019,228.28996296875
Trumpet,56,65,F4,127,0.295454791666657,228.00019,228.29564479166666
Trumpet,56,56,G#3,127,0.3181820833333404,228.00019,228.31837208333334
Trumpet,56,56,G#3,127,0.335227552083353,228.40928125,228.74450880208335
Trumpet,56,65,F4,127,0.3522730208333371,228.40928125,228.76155427083333
Trumpet,56,61,C#4,127,0.35795484375000797,228.40928125,228.76723609375
Trumpet,56,61,C#4,127,0.2727274999999736,229.0911,229.36382749999999
Trumpet,56,66,F#4,127,0.2840911458333153,229.0911,229.37519114583333
Trumpet,56,58,A#3,127,0.295454791666657,229.0911,229.38655479166667
Trumpet,56,61,C#4,127,0.272727500000002,229.50019125,229.77291875
Trumpet,56,66,F#4,127,0.2840911458333437,229.50019125,229.78428239583334
Trumpet,56,58,A#3,127,0.295454791666657,229.50019125,229.79564604166666
Trumpet,56,66,F#4,127,0.2386365625000053,230.18201,230.4206465625
Trumpet,56,59,B3,127,0.2613638541666603,230.18201,230.44337385416665
Trumpet,56,63,D#4,127,0.26704567708333116,230.18201,230.44905567708332
Trumpet,56,66,F#4,127,0.2840911458333153,230.59110125,230.87519239583332
Trumpet,56,63,D#4,127,0.30113661458332786,230.59110125,230.89223786458334
Trumpet,56,59,B3,127,0.32386390624998285,230.59110125,230.91496515625
Trumpet,56,66,F#4,127,0.2045456250000086,231.27292,231.477465625
Trumpet,56,63,D#4,127,0.2159092708333219,231.27292,231.48882927083332
Trumpet,56,59,B3,127,0.22159109374999275,231.27292,231.49451109375
Trumpet,56,66,F#4,127,0.22159109375002117,231.68201125,231.90360234375
Trumpet,56,63,D#4,127,0.25568203125001787,231.68201125,231.93769328125
Trumpet,56,59,B3,127,0.26704567708333116,231.68201125,231.94905692708332
Trumpet,56,65,F4,127,0.2840911458333153,232.36383,232.64792114583332
Trumpet,56,61,C#4,127,0.295454791666657,232.36383,232.65928479166666
Trumpet,56,56,G#3,127,0.30113661458332786,232.36383,232.66496661458334
Trumpet,56,56,G#3,127,0.2840911458333437,232.77292125,233.05701239583334
Trumpet,56,61,C#4,127,0.2840911458333437,232.77292125,233.05701239583334
Trumpet,56,65,F4,127,0.28977296875001457,232.77292125,233.06269421875
Trumpet,56,61,C#4,127,0.26704567708333116,233.45474,233.72178567708332
Trumpet,56,66,F#4,127,0.272727500000002,233.45474,233.7274675
Trumpet,56,58,A#3,127,0.2840911458333437,233.45474,233.73883114583333
Trumpet,56,66,F#4,127,0.2272729166666636,233.86383125,234.09110416666667
Trumpet,56,61,C#4,127,0.2386365625000053,233.86383125,234.1024678125
Trumpet,56,58,A#3,127,0.28977296874998615,233.86383125,234.15360421875
Trumpet,56,66,F#4,127,0.2613638541666603,234.54565,234.80701385416666
Trumpet,56,63,D#4,127,0.28977296875001457,234.54565,234.83542296875
Trumpet,56,59,B3,127,0.3181820833333404,234.54565,234.86383208333334
Trumpet,56,63,D#4,127,0.30113661458332786,234.95474125,235.25587786458334
Trumpet,56,66,F#4,127,0.30113661458332786,234.95474125,235.25587786458334
Trumpet,56,59,B3,127,0.32386390624998285,234.95474125,235.27860515625
Trumpet,56,66,F#4,127,0.26704567708333116,235.63656,235.90360567708333
Trumpet,56,59,B3,127,0.272727500000002,235.63656,235.9092875
Trumpet,56,63,D#4,127,0.2840911458333153,235.63656,235.92065114583332
Trumpet,56,66,F#4,127,0.26704567708333116,236.04565125,236.31269692708332
Trumpet,56,63,D#4,127,0.2954547916666854,236.04565125,236.34110604166668
Trumpet,56,59,B3,127,0.2954547916666854,236.04565125,236.34110604166668
Trumpet,56,65,F4,127,0.25568203124998945,236.72747,236.98315203125
Trumpet,56,61,C#4,127,0.26704567708333116,236.72747,236.99451567708334
Trumpet,56,56,G#3,127,0.2727274999999736,236.72747,237.00019749999998
Trumpet,56,61,C#4,127,0.2613638541666603,237.13656125,237.39792510416666
Trumpet,56,65,F4,127,0.2613638541666603,237.13656125,237.39792510416666
Trumpet,56,56,G#3,127,0.26704567708333116,237.13656125,237.40360692708333
Trumpet,56,61,C#4,127,0.10227281250001852,237.81838,237.9206528125
Trumpet,56,61,C#4,127,0.1136364583333318,238.0911075,238.20474395833332
Trumpet,56,66,F#4,127,0.34659119791666626,238.363835,238.71042619791666
Trumpet,56,63,D#4,127,0.09090916666664839,238.77292625,238.86383541666666
Trumpet,56,61,C#4,127,0.08522734375000596,238.90929,238.99451734375
Trumpet,56,61,C#4,127,0.1136364583333318,239.04565374999999,239.15929020833332
Trumpet,56,61,C#4,127,0.272727500000002,239.31838125,239.59110875
Trumpet,56,56,G#3,127,0.14204557291665765,239.7274725,239.86951807291666
Trumpet,56,56,G#3,127,0.1250001041666451,240.0002,240.12520010416665
Trumpet,56,58,A#3,127,0.1250001041666451,240.2729275,240.39792760416665
Trumpet,56,58,A#3,127,0.01704546874998414,240.545655,240.56270046875
Trumpet,56,59,B3,127,0.34659119791666626,240.545655,240.89224619791668
Trumpet,56,56,G#3,127,0.09090916666667681,240.95474625,241.04565541666668
Trumpet,56,54,F#3,127,0.09090916666667681,241.09111,241.18201916666666
Trumpet,56,54,F#3,127,0.10795463541666095,241.22747375,241.33542838541666
Trumpet,56,54,F#3,127,0.17613651041665435,241.50020125,241.67633776041666
Trumpet,56,61,C#4,127,0.1136364583333318,242.18202,242.29565645833333
Trumpet,56,61,C#4,127,0.1136364583333318,242.4547475,242.56838395833333
Trumpet,56,66,F#4,127,0.38068213541666296,242.727475,243.10815713541666
Trumpet,56,63,D#4,127,0.09090916666667681,243.13656625,243.22747541666666
Trumpet,56,61,C#4,127,0.09090916666664839,243.27293,243.36383916666665
Trumpet,56,61,C#4,127,0.10227281250001852,243.40929375,243.5115665625
Trumpet,56,61,C#4,127,0.2954547916666854,243.68202125,243.97747604166668
Trumpet,56,56,G#3,127,0.09090916666664839,244.0911125,244.18202166666666
Trumpet,56,56,G#3,127,0.10795463541666095,244.36384,244.47179463541667
Trumpet,56,58,A#3,127,0.13636375000001522,244.63656749999998,244.77293125
Trumpet,56,59,B3,127,0.3295457291666821,244.909295,245.23884072916667
Trumpet,56,56,G#3,127,0.09659098958331924,245.31838625,245.41497723958332
Trumpet,56,54,F#3,127,0.0795455208333351,245.45475,245.53429552083333
Trumpet,56,54,F#3,127,0.10795463541666095,245.59111375,245.69906838541667
Trumpet,56,54,F#3,127,0.14204557291665765,245.86384125,246.00588682291666
Trumpet,56,57,A3,127,0.2045456249999802,276.8184125,277.022958125
Trumpet,56,53,F3,127,0.26704567708333116,276.8184125,277.08545817708335
Trumpet,56,58,A#3,127,0.11931828125000266,277.09114,277.21045828125
Trumpet,56,54,F#3,127,0.1250001041666451,277.09114,277.21614010416664
Trumpet,56,54,F#3,127,0.11931828125000266,277.36386749999997,277.48318578125
Trumpet,56,58,A#3,127,0.12500010416670193,277.36386749999997,277.48886760416667
Trumpet,56,51,D#3,127,0.1590910416666702,277.9093225,278.06841354166664
Trumpet,56,59,B3,127,0.16477286458336948,277.9093225,278.07409536458334
Trumpet,56,54,F#3,127,0.13068192708334436,278.31841375,278.44909567708333
Trumpet,56,63,D#4,127,0.1363637499999868,278.31841375,278.4547775
Trumpet,56,51,D#3,127,0.2045456249999802,278.59114125,278.795686875
Trumpet,56,59,B3,127,0.2613638541666319,278.59114125,278.85250510416665
Trumpet,56,55,G3,127,0.2613638541666887,279.0002325,279.26159635416667
Trumpet,56,52,E3,127,0.26704567708333116,279.0002325,279.2672781770833
Trumpet,56,53,F3,127,0.13068192708334436,279.27296,279.40364192708336
Trumpet,56,56,G#3,127,0.1363637499999868,279.27296,279.40932375
Trumpet,56,53,F3,127,0.12500010416670193,279.5456875,279.6706876041667
Trumpet,56,56,G#3,127,0.1477273958333285,279.5456875,279.6934148958333
Trumpet,56,56,G#3,127,0.1363637499999868,280.0911425,280.22750625
Trumpet,56,59,B3,127,0.1590910416666702,280.0911425,280.25023354166666
Trumpet,56,59,B3,127,0.11931828125000266,280.50023375,280.61955203125
Trumpet,56,63,D#4,127,0.1590910416666702,280.50023375,280.6593247916667
Trumpet,56,59,B3,127,0.3011366145833563,280.77296125,281.07409786458334
Trumpet,56,56,G#3,127,0.3068184374999987,280.77296125,281.0797796875
Trumpet,56,53,F3,127,0.24431838541664774,281.1820525,281.42637088541665
Trumpet,56,57,A3,127,0.24431838541664774,281.1820525,281.42637088541665
Trumpet,56,58,A#3,127,0.12500010416670193,281.45477999999997,281.5797801041667
Trumpet,56,54,F#3,127,0.13636375000004364,281.45477999999997,281.59114375
Trumpet,56,54,F#3,127,0.1250001041666451,281.7275075,281.85250760416665
Trumpet,56,58,A#3,127,0.15340921874997093,281.7275075,281.88091671875
Trumpet,56,51,D#3,127,0.1250001041666451,282.2729625,282.39796260416665
Trumpet,56,59,B3,127,0.24431838541664774,282.2729625,282.51728088541665
Trumpet,56,54,F#3,127,0.10795463541666095,282.68205375,282.7900083854167
Trumpet,56,63,D#4,127,0.14204557291662923,282.68205375,282.82409932291665
Trumpet,56,51,D#3,127,0.3011366145833563,282.95478125,283.25591786458335
Trumpet,56,59,B3,127,0.32386390624998285,282.95478125,283.27864515625
Trumpet,56,55,G3,127,0.2272729166666636,283.3638725,283.5911454166667
Trumpet,56,52,E3,127,0.2500002083332902,283.3638725,283.6138727083333
Trumpet,56,53,F3,127,0.10227281250001852,283.6366,283.7388728125
Trumpet,56,56,G#3,127,0.11363645833336022,283.6366,283.75023645833335
Trumpet,56,53,F3,127,0.11931828125000266,283.9093275,284.02864578125
Trumpet,56,56,G#3,127,0.1477273958333285,283.9093275,284.05705489583335
Trumpet,56,56,G#3,127,0.1477273958333285,284.4547825,284.60250989583335
Trumpet,56,59,B3,127,0.2045456249999802,284.4547825,284.659328125
Trumpet,56,59,B3,127,0.12500010416670193,284.86387375,284.9888738541667
Trumpet,56,63,D#4,127,0.13636375000004364,284.86387375,285.0002375
Trumpet,56,59,B3,127,0.42613671875000136,285.13660125,285.56273796875
Trumpet,56,56,G#3,127,0.42613671875000136,285.13660125,285.56273796875
Trumpet,56,58,A#3,127,0.3181820833333404,294.5457,294.86388208333335
Trumpet,56,66,F#4,127,0.32386390624998285,294.5457,294.86956390625
Trumpet,56,58,A#3,97,0.005681822916642432,294.86956390625,294.87524572916664
Trumpet,56,65,F4,86,0.02272729166662657,294.86388208333335,294.886609375
Trumpet,56,56,G#3,35,0.07386369791669267,294.8184275,294.8922911979167
Trumpet,56,63,D#4,127,0.045454583333309984,294.86388208333335,294.90933666666666
Trumpet,56,56,G#3,127,0.011363645833284863,294.90365484375,294.9150184895833
Trumpet,56,54,F#3,81,0.0795455208333351,294.84115479166667,294.9207003125
Trumpet,56,61,C#4,48,0.03977276041666755,294.886609375,294.92638213541665
Trumpet,56,59,B3,52,0.03409093750002512,294.90933666666666,294.9434276041667
Trumpet,56,54,F#3,99,0.011363645833341707,294.93774578125,294.94910942708333
Trumpet,56,53,F3,53,0.0681818749999934,294.88092755208334,294.94910942708333
Trumpet,56,51,D#3,54,0.05113640625000926,294.9150184895833,294.9661548958333
Trumpet,56,58,A#3,48,0.03977276041666755,294.92638213541665,294.9661548958333
Trumpet,56,53,F3,105,0.011363645833341707,294.96047307291667,294.97183671875
Trumpet,56,56,G#3,39,0.005681822916699275,294.97751854166665,294.98320036458335
Trumpet,56,51,D#3,92,0.005681822916642432,294.98320036458335,294.9888821875
Trumpet,56,49,C#3,64,0.03977276041666755,294.94910942708333,294.9888821875
Percussion,-1,82,A#5,100,0.022727291666666538,5.45455,5.477277291666667
Percussion,-1,56,G#3,127,0.05681822916666679,5.45455,5.511368229166667
Percussion,-1,82,A#5,100,0.0568182291666659,5.59091375,5.647731979166666
Percussion,-1,56,G#3,127,0.06818187499999961,5.59091375,5.659095625
Percussion,-1,82,A#5,100,0.05113640625000038,5.86364125,5.91477765625
Percussion,-1,56,G#3,127,0.0625000520833332,5.86364125,5.926141302083333
Percussion,-1,82,A#5,100,0.05681822916666679,6.000005,6.056823229166667
Percussion,-1,56,G#3,127,0.0625000520833332,6.000005,6.062505052083333
Percussion,-1,82,A#5,100,0.05681822916666679,6.2727325,6.329550729166667
Percussion,-1,56,G#3,127,0.0625000520833332,6.2727325,6.335232552083333
Percussion,-1,82,A#5,100,0.10227281249999987,6.54546,6.6477328125
Percussion,-1,56,G#3,127,0.05113640625000038,6.8181875,6.86932390625
Percussion,-1,82,A#5,100,0.0625000520833332,6.95455125,7.017051302083333
Percussion,-1,56,G#3,127,0.0681818750000005,6.95455125,7.022733125
Percussion,-1,82,A#5,100,0.1250001041666664,7.090915,7.215915104166666
Percussion,-1,56,G#3,127,0.05681822916666679,7.3636425,7.420460729166667
Percussion,-1,82,A#5,100,0.05681822916666679,7.50000625,7.556824479166667
Percussion,-1,56,G#3,127,0.06818187499999961,7.50000625,7.568188125
Percussion,-1,82,A#5,100,0.10227281249999987,7.63637,7.7386428125
Percussion,-1,56,G#3,127,0.05113640625000038,7.9090975,7.96023390625
Percussion,-1,82,A#5,100,0.0625000520833332,8.04546125,8.107961302083334
Percussion,-1,56,G#3,127,0.06818187499999873,8.04546125,8.113643125
Percussion,-1,82,A#5,100,0.1250001041666664,8.181825,8.306825104166666
Percussion,-1,56,G#3,127,0.0568182291666659,8.4545525,8.511370729166666
Percussion,-1,82,A#5,100,0.05681822916666768,8.59091625,8.647734479166667
Percussion,-1,56,G#3,127,0.0681818750000005,8.59091625,8.659098125
Percussion,-1,82,A#5,100,0.10227281249999898,8.72728,8.8295528125
Percussion,-1,56,G#3,127,0.0511364062499986,9.0000075,9.05114390625
Percussion,-1,82,A#5,100,0.0625000520833332,9.13637125,9.198871302083333
Percussion,-1,56,G#3,127,0.0681818750000005,9.13637125,9.204553125
Percussion,-1,82,A#5,100,0.12500010416666818,9.272734999999999,9.397735104166667
Percussion,-1,56,G#3,127,0.05681822916666768,9.5454625,9.602280729166667
Percussion,-1,82,A#5,100,0.0568182291666659,9.68182625,9.738644479166666
Percussion,-1,56,G#3,127,0.0681818750000005,9.68182625,9.750008125
Percussion,-1,82,A#5,100,0.10227281250000075,9.81819,9.9204628125
Percussion,-1,56,G#3,127,0.05113640625000038,10.0909175,10.14205390625
Percussion,-1,82,A#5,100,0.0625000520833332,10.22728125,10.289781302083334
Percussion,-1,56,G#3,127,0.06818187499999873,10.22728125,10.295463125
Percussion,-1,82,A#5,100,0.1250001041666664,10.363645,10.488645104166666
Percussion,-1,56,G#3,127,0.0568182291666659,10.6363725,10.693190729166666
Percussion,-1,82,A#5,100,0.05681822916666768,10.77273625,10.829554479166667
Percussion,-1,56,G#3,127,0.0681818750000005,10.77273625,10.840918125
Percussion,-1,82,A#5,100,0.10227281249999898,10.9091,11.0113728125
Percussion,-1,56,G#3,127,0.0511364062499986,11.1818275,11.23296390625
Percussion,-1,82,A#5,100,0.0625000520833332,11.31819125,11.380691302083333
Percussion,-1,56,G#3,127,0.0681818750000005,11.31819125,11.386373125
Percussion,-1,82,A#5,100,0.12500010416666818,11.454555,11.579555104166667
Percussion,-1,56,G#3,127,0.05681822916666768,11.7272825,11.784100729166667
Percussion,-1,82,A#5,100,0.0568182291666659,11.86364625,11.920464479166666
Percussion,-1,56,G#3,127,0.06818187499999873,11.86364625,11.931828125
Percussion,-1,82,A#5,100,0.10227281250000075,12.00001,12.1022828125
Percussion,-1,56,G#3,127,0.05113640625000038,12.2727375,12.32387390625
Percussion,-1,82,A#5,100,0.06250005208333498,12.409101249999999,12.471601302083334
Percussion,-1,56,G#3,127,0.0681818750000005,12.409101249999999,12.477283125
Percussion,-1,82,A#5,100,0.1250001041666664,12.545465,12.670465104166666
Percussion,-1,56,G#3,127,0.0568182291666659,12.8181925,12.875010729166666
Percussion,-1,82,A#5,100,0.05681822916666768,12.95455625,13.011374479166667
Percussion,-1,56,G#3,127,0.0681818750000005,12.95455625,13.022738125
Percussion,-1,82,A#5,100,0.10227281249999898,13.09092,13.1931928125
Percussion,-1,56,G#3,127,0.05113640625000038,13.363647499999999,13.41478390625
Percussion,-1,82,A#5,100,0.0625000520833332,13.50001125,13.562511302083333
Percussion,-1,56,G#3,127,0.0681818750000005,13.50001125,13.568193125
Percussion,-1,82,A#5,100,0.12500010416666818,13.636375,13.761375104166667
Percussion,-1,56,G#3,127,0.05681822916666768,13.9091025,13.965920729166667
Percussion,-1,82,A#5,100,0.0568182291666659,14.04546625,14.102284479166666
Percussion,-1,56,G#3,127,0.06818187499999873,14.04546625,14.113648125
Percussion,-1,82,A#5,100,0.10227281250000075,14.18183,14.2841028125
Percussion,-1,56,G#3,127,0.05113640625000038,14.4545575,14.50569390625
Percussion,-1,82,A#5,100,0.0625000520833332,14.59092125,14.653421302083332
Percussion,-1,56,G#3,127,0.0681818750000005,14.59092125,14.659103125
Percussion,-1,82,A#5,100,0.1250001041666664,14.727285,14.852285104166667
Percussion,-1,56,G#3,127,0.0568182291666659,15.0000125,15.056830729166666
Percussion,-1,82,A#5,100,0.05681822916666768,15.13637625,15.193194479166667
Percussion,-1,56,G#3,127,0.0681818750000005,15.13637625,15.204558125
Percussion,-1,82,A#5,100,0.10227281249999898,15.27274,15.3750128125
Percussion,-1,56,G#3,127,0.05113640625000038,15.545467499999999,15.59660390625
Percussion,-1,82,A#5,100,0.0625000520833332,15.68183125,15.744331302083333
Percussion,-1,56,G#3,127,0.0681818750000005,15.68183125,15.750013125
Percussion,-1,82,A#5,100,0.1250001041666664,15.818195,15.943195104166666
Percussion,-1,56,G#3,127,0.0568182291666659,16.0909225,16.147740729166667
Percussion,-1,82,A#5,100,0.056818229166669454,16.22728625,16.28410447916667
Percussion,-1,56,G#3,127,0.0681818750000005,16.22728625,16.295468125
Percussion,-1,82,A#5,100,0.10227281250000075,16.36365,16.4659228125
Percussion,-1,56,G#3,127,0.05113640625000215,16.6363775,16.68751390625
Percussion,-1,82,A#5,100,0.0625000520833332,16.77274125,16.835241302083332
Percussion,-1,56,G#3,127,0.0681818750000005,16.77274125,16.840923125
Percussion,-1,82,A#5,100,0.1250001041666664,16.909105,17.034105104166667
Percussion,-1,56,G#3,127,0.056818229166669454,17.1818325,17.238650729166668
Percussion,-1,82,A#5,100,0.0568182291666659,17.31819625,17.375014479166666
Percussion,-1,56,G#3,127,0.0681818750000005,17.31819625,17.386378125
Percussion,-1,82,A#5,100,0.10227281250000075,17.45456,17.5568328125
Percussion,-1,56,G#3,127,0.05113640625000215,17.7272875,17.77842390625
Percussion,-1,82,A#5,100,0.0625000520833332,17.86365125,17.926151302083333
Percussion,-1,56,G#3,127,0.0681818750000005,17.86365125,17.931833125
Percussion,-1,82,A#5,100,0.1250001041666664,18.000015,18.125015104166668
Percussion,-1,56,G#3,127,0.0568182291666659,18.2727425,18.329560729166666
Percussion,-1,82,A#5,100,0.0568182291666659,18.40910625,18.465924479166667
Percussion,-1,56,G#3,127,0.0681818750000005,18.40910625,18.477288125
Percussion,-1,82,A#5,100,0.10227281250000075,18.545469999999998,18.6477428125
Percussion,-1,56,G#3,127,0.0511364062499986,18.8181975,18.86933390625
Percussion,-1,82,A#5,100,0.0625000520833332,18.95456125,19.017061302083334
Percussion,-1,56,G#3,127,0.06818187499999695,18.95456125,19.022743124999998
Percussion,-1,82,A#5,100,0.1250001041666664,19.090925,19.215925104166665
Percussion,-1,56,G#3,127,0.0568182291666659,19.3636525,19.420470729166667
Percussion,-1,82,A#5,100,0.0568182291666659,19.50001625,19.556834479166668
Percussion,-1,56,G#3,127,0.06818187499999695,19.50001625,19.568198125
Percussion,-1,82,A#5,100,0.10227281250000075,19.63638,19.7386528125
Percussion,-1,56,G#3,127,0.0511364062499986,19.9091075,19.96024390625
Percussion,-1,82,A#5,100,0.0625000520833332,20.04547125,20.10797130208333
Percussion,-1,56,G#3,127,0.0681818750000005,20.04547125,20.113653125
Percussion,-1,82,A#5,100,0.1250001041666664,20.181835,20.306835104166666
Percussion,-1,56,G#3,127,0.0568182291666659,20.4545625,20.511380729166667
Percussion,-1,82,A#5,100,0.0568182291666659,20.59092625,20.647744479166665
Percussion,-1,56,G#3,127,0.0681818750000005,20.59092625,20.659108125
Percussion,-1,82,A#5,100,0.10227281250000075,20.72729,20.8295628125
Percussion,-1,56,G#3,127,0.05113640625000215,21.0000175,21.05115390625
Percussion,-1,82,A#5,100,0.0625000520833332,21.13638125,21.198881302083333
Percussion,-1,56,G#3,127,0.0681818750000005,21.13638125,21.204563125
Percussion,-1,82,A#5,100,0.1250001041666664,21.272745,21.397745104166667
Percussion,-1,56,G#3,127,0.0568182291666659,21.5454725,21.602290729166665
Percussion,-1,82,A#5,100,0.0568182291666659,21.68183625,21.738654479166666
Percussion,-1,56,G#3,127,0.0681818750000005,21.68183625,21.750018125
Percussion,-1,82,A#5,100,0.1022728124999972,21.8182,21.920472812499998
Percussion,-1,56,G#3,127,0.05113640625000215,22.0909275,22.14206390625
Percussion,-1,82,A#5,100,0.0625000520833332,22.22729125,22.289791302083334
Percussion,-1,56,G#3,127,0.0681818750000005,22.22729125,22.295473125
Percussion,-1,82,A#5,100,0.1250001041666664,22.363655,22.488655104166668
Percussion,-1,56,G#3,127,0.0568182291666659,22.6363825,22.693200729166666
Percussion,-1,82,A#5,100,0.0568182291666659,22.77274625,22.829564479166667
Percussion,-1,56,G#3,127,0.0681818750000005,22.77274625,22.840928125
Percussion,-1,82,A#5,100,0.10227281250000075,22.90911,23.0113828125
Percussion,-1,56,G#3,127,0.0511364062499986,23.1818375,23.23297390625
Percussion,-1,82,A#5,100,0.0625000520833332,23.31820125,23.380701302083335
Percussion,-1,56,G#3,127,0.06818187499999695,23.31820125,23.386383125
Percussion,-1,82,A#5,100,0.1250001041666664,23.454565,23.579565104166665
Percussion,-1,56,G#3,127,0.0568182291666659,23.7272925,23.784110729166667
Percussion,-1,82,A#5,100,0.056818229166669454,23.86365625,23.920474479166668
Percussion,-1,56,G#3,127,0.0681818750000005,23.86365625,23.931838125
Percussion,-1,82,A#5,100,0.10227281250000075,24.00002,24.1022928125
Percussion,-1,56,G#3,127,0.0511364062499986,24.2727475,24.32388390625
Percussion,-1,82,A#5,100,0.0625000520833332,24.40911125,24.471611302083332
Percussion,-1,56,G#3,127,0.0681818750000005,24.40911125,24.477293125
Percussion,-1,82,A#5,100,0.1250001041666664,24.545475,24.670475104166666
Percussion,-1,56,G#3,127,0.056818229166669454,24.818202499999998,24.875020729166668
Percussion,-1,82,A#5,100,0.0568182291666659,24.95456625,25.011384479166665
Percussion,-1,56,G#3,127,0.0681818750000005,24.95456625,25.022748125
Percussion,-1,82,A#5,100,0.10227281250000075,25.09093,25.1932028125
Percussion,-1,56,G#3,127,0.05113640625000215,25.3636575,25.41479390625
Percussion,-1,82,A#5,100,0.0625000520833332,25.50002125,25.562521302083333
Percussion,-1,56,G#3,127,0.0681818750000005,25.50002125,25.568203125
Percussion,-1,82,A#5,100,0.1250001041666664,25.636385,25.761385104166667
Percussion,-1,56,G#3,127,0.0568182291666659,25.9091125,25.965930729166665
Percussion,-1,82,A#5,100,0.0568182291666659,26.04547625,26.102294479166666
Percussion,-1,56,G#3,127,0.0681818750000005,26.04547625,26.113658125
Percussion,-1,82,A#5,100,0.1022728124999972,26.18184,26.2841128125
Percussion,-1,56,G#3,127,0.0511364062499986,26.4545675,26.505703906249998
Percussion,-1,82,A#5,100,0.0625000520833332,26.59093125,26.653431302083334
Percussion,-1,56,G#3,127,0.0681818750000005,26.59093125,26.659113125
Percussion,-1,82,A#5,100,0.12500010416666996,26.727294999999998,26.852295104166668
Percussion,-1,56,G#3,127,0.0568182291666659,27.0000225,27.056840729166666
Percussion,-1,82,A#5,100,0.0568182291666659,27.13638625,27.193204479166667
Percussion,-1,56,G#3,127,0.0681818750000005,27.13638625,27.204568125
Percussion,-1,82,A#5,100,0.10227281250000075,27.27275,27.3750228125
Percussion,-1,56,G#3,127,0.0511364062499986,27.5454775,27.59661390625
Percussion,-1,82,A#5,100,0.0625000520833332,27.68184125,27.744341302083335
Percussion,-1,56,G#3,127,0.06818187499999695,27.68184125,27.750023125
Percussion,-1,82,A#5,100,0.1250001041666664,27.818205,27.943205104166665
Percussion,-1,56,G#3,127,0.0568182291666659,28.0909325,28.147750729166667
Percussion,-1,82,A#5,100,0.056818229166669454,28.22729625,28.284114479166668
Percussion,-1,56,G#3,127,0.0681818750000005,28.22729625,28.295478125
Percussion,-1,82,A#5,100,0.10227281250000075,28.36366,28.4659328125
Percussion,-1,56,G#3,127,0.0511364062499986,28.6363875,28.68752390625
Percussion,-1,82,A#5,100,0.0625000520833332,28.77275125,28.835251302083332
Percussion,-1,56,G#3,127,0.0681818750000005,28.77275125,28.840933125
Percussion,-1,82,A#5,100,0.1250001041666664,28.909115,29.034115104166666
Percussion,-1,56,G#3,127,0.056818229166669454,29.1818425,29.238660729166668
Percussion,-1,82,A#5,100,0.0568182291666659,29.31820625,29.375024479166665
Percussion,-1,56,G#3,127,0.0681818750000005,29.31820625,29.386388125
Percussion,-1,82,A#5,100,0.10227281250000075,29.45457,29.5568428125
Percussion,-1,56,G#3,127,0.05113640625000215,29.7272975,29.77843390625
Percussion,-1,82,A#5,100,0.0625000520833332,29.86366125,29.926161302083333
Percussion,-1,56,G#3,127,0.0681818750000005,29.86366125,29.931843125
Percussion,-1,82,A#5,100,0.1250001041666664,30.000025,30.125025104166667
Percussion,-1,56,G#3,127,0.0568182291666659,30.2727525,30.329570729166665
Percussion,-1,82,A#5,100,0.0568182291666659,30.40911625,30.465934479166666
Percussion,-1,56,G#3,127,0.0681818750000005,30.40911625,30.477298125
Percussion,-1,82,A#5,100,0.1022728124999972,30.54548,30.6477528125
Percussion,-1,56,G#3,127,0.0511364062499986,30.8182075,30.86934390625
Percussion,-1,82,A#5,100,0.0625000520833332,30.95457125,31.017071302083334
Percussion,-1,56,G#3,127,0.0681818750000005,30.95457125,31.022753125
Percussion,-1,82,A#5,100,0.12500010416666996,31.090934999999998,31.215935104166668
Percussion,-1,56,G#3,127,0.0568182291666659,31.3636625,31.420480729166666
Percussion,-1,82,A#5,100,0.0568182291666659,31.50002625,31.556844479166667
Percussion,-1,56,G#3,127,0.06818187499999695,31.50002625,31.568208124999998
Percussion,-1,82,A#5,100,0.10227281250000075,31.63639,31.7386628125
Percussion,-1,56,G#3,127,0.0511364062499986,31.9091175,31.96025390625
Percussion,-1,82,A#5,100,0.06250005208332965,32.04548125,32.10798130208333
Percussion,-1,56,G#3,127,0.0681818750000005,32.04548125,32.113663125
Percussion,-1,82,A#5,100,0.1250001041666664,32.181845,32.30684510416667
Percussion,-1,56,G#3,127,0.0568182291666659,32.4545725,32.51139072916666
Percussion,-1,82,A#5,100,0.0568182291666659,32.59093625,32.647754479166665
Percussion,-1,56,G#3,127,0.0681818750000005,32.59093625,32.659118125
Percussion,-1,82,A#5,100,0.1022728124999972,32.7273,32.8295728125
Percussion,-1,56,G#3,127,0.05113640624999505,33.0000275,33.05116390625
Percussion,-1,82,A#5,100,0.06250005208332965,33.13639125,33.19889130208333
Percussion,-1,56,G#3,127,0.0681818750000005,33.13639125,33.204573125
Percussion,-1,82,A#5,100,0.1250001041666664,33.272755,33.39775510416666
Percussion,-1,56,G#3,127,0.0568182291666659,33.5454825,33.602300729166664
Percussion,-1,82,A#5,100,0.0568182291666659,33.68184625,33.738664479166665
Percussion,-1,56,G#3,127,0.0681818750000005,33.68184625,33.750028125
Percussion,-1,82,A#5,100,0.1022728124999972,33.81821,33.9204828125
Percussion,-1,56,G#3,127,0.05113640624999505,34.0909375,34.14207390625
Percussion,-1,82,A#5,100,0.06250005208333675,34.22730125,34.28980130208333
Percussion,-1,56,G#3,127,0.0681818750000005,34.22730125,34.295483125
Percussion,-1,82,A#5,100,0.1250001041666664,34.363665,34.488665104166664
Percussion,-1,56,G#3,127,0.0568182291666659,34.6363925,34.693210729166665
Percussion,-1,82,A#5,100,0.0568182291666659,34.77275625,34.829574479166666
Percussion,-1,56,G#3,127,0.0681818750000005,34.77275625,34.840938125
Percussion,-1,82,A#5,100,0.1022728124999972,34.90912,35.0113928125
Percussion,-1,56,G#3,127,0.05113640625000215,35.181847499999996,35.23298390625
Percussion,-1,82,A#5,100,0.06250005208333675,35.31821125,35.380711302083334
Percussion,-1,56,G#3,127,0.0681818750000005,35.31821125,35.386393125
Percussion,-1,82,A#5,100,0.1250001041666664,35.454575,35.579575104166665
Percussion,-1,56,G#3,127,0.0568182291666659,35.7273025,35.784120729166666
Percussion,-1,82,A#5,100,0.0568182291666659,35.86366625,35.92048447916667
Percussion,-1,56,G#3,127,0.0681818750000005,35.86366625,35.931848125
Percussion,-1,82,A#5,100,0.1022728124999972,36.00003,36.1023028125
Percussion,-1,56,G#3,127,0.05113640625000215,36.2727575,36.32389390625
Percussion,-1,82,A#5,100,0.06250005208333675,36.40912125,36.471621302083335
Percussion,-1,56,G#3,127,0.0681818750000005,36.40912125,36.477303125
Percussion,-1,82,A#5,100,0.1250001041666664,36.545485,36.670485104166666
Percussion,-1,56,G#3,127,0.0568182291666659,36.8182125,36.87503072916667
Percussion,-1,82,A#5,100,0.0568182291666659,36.95457625,37.01139447916667
Percussion,-1,56,G#3,127,0.0681818750000005,36.95457625,37.022758125
Percussion,-1,82,A#5,100,0.1022728125000043,37.090939999999996,37.1932128125
Percussion,-1,56,G#3,127,0.05113640625000215,37.3636675,37.41480390625
Percussion,-1,82,A#5,100,0.06250005208333675,37.50003125,37.562531302083336
Percussion,-1,56,G#3,127,0.0681818750000005,37.50003125,37.568213125
Percussion,-1,82,A#5,100,0.1250001041666664,37.636395,37.76139510416667
Percussion,-1,56,G#3,127,0.0568182291666659,37.9091225,37.96594072916667
Percussion,-1,82,A#5,100,0.05681822916667301,38.045486249999996,38.10230447916667
Percussion,-1,56,G#3,127,0.0681818750000005,38.045486249999996,38.113668125
Percussion,-1,82,A#5,100,0.1022728125000043,38.18185,38.2841228125
Percussion,-1,56,G#3,127,0.05113640625000215,38.4545775,38.50571390625
Percussion,-1,82,A#5,100,0.06250005208332965,38.59094125,38.65344130208333
Percussion,-1,56,G#3,127,0.0681818750000005,38.59094125,38.659123125
Percussion,-1,82,A#5,100,0.1250001041666664,38.727305,38.85230510416667
Percussion,-1,56,G#3,127,0.0568182291666659,39.0000325,39.05685072916667
Percussion,-1,82,A#5,100,0.0568182291666659,39.13639625,39.19321447916666
Percussion,-1,56,G#3,127,0.0681818750000005,39.13639625,39.204578125
Percussion,-1,82,A#5,100,0.1022728125000043,39.27276,39.3750328125
Percussion,-1,56,G#3,127,0.05113640625000215,39.5454875,39.59662390625
Percussion,-1,82,A#5,100,0.06250005208332965,39.68185125,39.74435130208333
Percussion,-1,56,G#3,127,0.0681818750000005,39.68185125,39.750033125
Percussion,-1,82,A#5,100,0.1250001041666664,39.818215,39.94321510416667
Percussion,-1,56,G#3,127,0.0568182291666659,40.0909425,40.14776072916666
Percussion,-1,82,A#5,100,0.0568182291666659,40.22730625,40.284124479166664
Percussion,-1,56,G#3,127,0.0681818750000005,40.22730625,40.295488125
Percussion,-1,82,A#5,100,0.1022728124999972,40.36367,40.465942812499996
Percussion,-1,56,G#3,127,0.05113640624999505,40.6363975,40.687533906249996
Percussion,-1,82,A#5,100,0.06250005208332965,40.77276125,40.83526130208333
Percussion,-1,56,G#3,127,0.0681818750000005,40.77276125,40.840943125
Percussion,-1,82,A#5,100,0.1250001041666664,40.909125,41.03412510416667
Percussion,-1,56,G#3,127,0.0568182291666659,41.1818525,41.238670729166664
Percussion,-1,82,A#5,100,0.0568182291666659,41.31821625,41.375034479166665
Percussion,-1,56,G#3,127,0.0681818750000005,41.31821625,41.386398125
Percussion,-1,82,A#5,100,0.1022728124999972,41.45458,41.5568528125
Percussion,-1,56,G#3,127,0.05113640624999505,41.7273075,41.77844390625
Percussion,-1,82,A#5,100,0.06250005208332965,41.86367125,41.92617130208333
Percussion,-1,56,G#3,127,0.0681818749999934,41.86367125,41.931853124999996
Percussion,-1,82,A#5,100,0.1250001041666664,42.000035,42.12503510416666
Percussion,-1,56,G#3,127,0.0568182291666659,42.2727625,42.329580729166665
Percussion,-1,82,A#5,100,0.0568182291666659,42.40912625,42.465944479166666
Percussion,-1,56,G#3,127,0.0681818750000005,42.40912625,42.477308125
Percussion,-1,82,A#5,100,0.1022728124999972,42.54549,42.6477628125
Percussion,-1,56,G#3,127,0.05113640624999505,42.8182175,42.86935390625
Percussion,-1,82,A#5,100,0.06250005208333675,42.95458125,43.017081302083334
Percussion,-1,56,G#3,127,0.0681818750000005,42.95458125,43.022763125
Percussion,-1,82,A#5,100,0.1250001041666664,43.090945,43.215945104166664
Percussion,-1,56,G#3,127,0.0568182291666659,43.3636725,43.420490729166666
Percussion,-1,82,A#5,100,0.0568182291666659,43.50003625,43.55685447916667
Percussion,-1,56,G#3,127,0.0681818750000005,43.50003625,43.568218125
Percussion,-1,82,A#5,100,0.1022728124999972,43.6364,43.7386728125
Percussion,-1,56,G#3,127,0.05113640625000215,43.9091275,43.96026390625
Percussion,-1,82,A#5,100,0.06250005208333675,44.04549125,44.107991302083335
Percussion,-1,56,G#3,127,0.0681818750000005,44.04549125,44.113673125
Percussion,-1,82,A#5,100,0.1250001041666664,44.181855,44.306855104166665
Percussion,-1,56,G#3,127,0.0568182291666659,44.4545825,44.51140072916667
Percussion,-1,82,A#5,100,0.0568182291666659,44.59094625,44.64776447916667
Percussion,-1,56,G#3,127,0.0681818750000005,44.59094625,44.659128125
Percussion,-1,82,A#5,100,0.1022728124999972,44.72731,44.8295828125
Percussion,-1,56,G#3,127,0.05113640625000215,45.0000375,45.05117390625
Percussion,-1,82,A#5,100,0.06250005208333675,45.13640125,45.198901302083335
Percussion,-1,56,G#3,127,0.0681818750000005,45.13640125,45.204583125
Percussion,-1,82,A#5,100,0.1250001041666664,45.272765,45.397765104166666
Percussion,-1,56,G#3,127,0.0568182291666659,45.5454925,45.60231072916667
Percussion,-1,82,A#5,100,0.0568182291666659,45.68185625,45.73867447916667
Percussion,-1,56,G#3,127,0.0681818749999934,45.68185625,45.750038124999996
Percussion,-1,82,A#5,100,0.1022728125000043,45.81822,45.9204928125
Percussion,-1,56,G#3,127,0.05113640625000215,46.0909475,46.14208390625
Percussion,-1,82,A#5,100,0.06250005208333675,46.22731125,46.289811302083336
Percussion,-1,56,G#3,127,0.0681818750000005,46.22731125,46.295493125
Percussion,-1,82,A#5,100,0.1250001041666664,46.363675,46.48867510416667
Percussion,-1,56,G#3,127,0.0568182291666659,46.6364025,46.69322072916667
Percussion,-1,82,A#5,100,0.05681822916667301,46.77276625,46.82958447916667
Percussion,-1,56,G#3,127,0.0681818750000005,46.77276625,46.840948125
Percussion,-1,82,A#5,100,0.1022728125000043,46.90913,47.0114028125
Percussion,-1,56,G#3,127,0.05113640625000215,47.1818575,47.23299390625
Percussion,-1,82,A#5,100,0.06250005208332965,47.31822125,47.38072130208333
Percussion,-1,56,G#3,127,0.0681818750000005,47.31822125,47.386403125
Percussion,-1,82,A#5,100,0.1250001041666664,47.454585,47.57958510416667
Percussion,-1,56,G#3,127,0.05681822916667301,47.7273125,47.78413072916667
Percussion,-1,82,A#5,100,0.0568182291666659,47.86367625,47.92049447916666
Percussion,-1,56,G#3,127,0.0681818750000005,47.86367625,47.931858125
Percussion,-1,82,A#5,100,0.1022728125000043,48.00004,48.1023128125
Percussion,-1,56,G#3,127,0.05113640625000215,48.2727675,48.32390390625
Percussion,-1,82,A#5,100,0.06250005208332965,48.40913125,48.47163130208333
Percussion,-1,56,G#3,127,0.0681818750000005,48.40913125,48.477313125
Percussion,-1,82,A#5,100,0.1250001041666664,48.545495,48.67049510416667
Percussion,-1,56,G#3,127,0.0568182291666659,48.8182225,48.87504072916666
Percussion,-1,82,A#5,100,0.0568182291666659,48.95458625,49.011404479166664
Percussion,-1,56,G#3,127,0.0681818750000005,48.95458625,49.022768125
Percussion,-1,82,A#5,100,0.1022728124999972,49.09095,49.1932228125
Percussion,-1,56,G#3,127,0.05113640624999505,49.3636775,49.41481390625
Percussion,-1,82,A#5,100,0.06250005208332965,49.50004125,49.56254130208333
Percussion,-1,56,G#3,127,0.0681818750000005,49.50004125,49.568223125
Percussion,-1,82,A#5,100,0.1250001041666664,49.636404999999996,49.76140510416666
Percussion,-1,56,G#3,127,0.0568182291666659,49.9091325,49.965950729166664
Percussion,-1,82,A#5,100,0.0568182291666659,50.04549625,50.102314479166665
Percussion,-1,56,G#3,127,0.0681818750000005,50.04549625,50.113678125
Percussion,-1,82,A#5,100,0.1022728124999972,50.18186,50.2841328125
Percussion,-1,56,G#3,127,0.05113640624999505,50.4545875,50.50572390625
Percussion,-1,82,A#5,100,0.06250005208333675,50.590951249999996,50.65345130208333
Percussion,-1,56,G#3,127,0.0681818750000005,50.590951249999996,50.659133125
Percussion,-1,82,A#5,100,0.1250001041666664,50.727315,50.852315104166664
Percussion,-1,56,G#3,127,0.0568182291666659,51.0000425,51.056860729166665
Percussion,-1,82,A#5,100,0.0568182291666659,51.13640625,51.193224479166666
Percussion,-1,56,G#3,127,0.0681818750000005,51.13640625,51.204588125
Percussion,-1,82,A#5,100,0.1022728124999972,51.27277,51.3750428125
Percussion,-1,56,G#3,127,0.05113640625000215,51.545497499999996,51.59663390625
Percussion,-1,82,A#5,100,0.06250005208333675,51.68186125,51.744361302083334
Percussion,-1,56,G#3,127,0.0681818750000005,51.68186125,51.750043125
Percussion,-1,82,A#5,100,0.1250001041666664,51.818225,51.943225104166665
Percussion,-1,56,G#3,127,0.0568182291666659,52.0909525,52.147770729166666
Percussion,-1,82,A#5,100,0.0568182291666659,52.22731625,52.28413447916667
Percussion,-1,56,G#3,127,0.0681818750000005,52.22731625,52.295498125
Percussion,-1,82,A#5,100,0.1022728124999972,52.36368,52.4659528125
Percussion,-1,56,G#3,127,0.05113640625000215,52.6364075,52.68754390625
Percussion,-1,82,A#5,100,0.06250005208333675,52.77277125,52.835271302083335
Percussion,-1,56,G#3,127,0.0681818750000005,52.77277125,52.840953125
Percussion,-1,82,A#5,100,0.1250001041666664,52.909135,53.034135104166666
Percussion,-1,56,G#3,127,0.0568182291666659,53.1818625,53.23868072916667
Percussion,-1,82,A#5,100,0.0568182291666659,53.31822625,53.37504447916667
Percussion,-1,56,G#3,127,0.0681818750000005,53.31822625,53.386408125
Percussion,-1,82,A#5,100,0.1022728125000043,53.454589999999996,53.5568628125
Percussion,-1,56,G#3,127,0.05113640625000215,53.7273175,53.77845390625
Percussion,-1,82,A#5,100,0.06250005208333675,53.86368125,53.926181302083336
Percussion,-1,56,G#3,127,0.0681818750000005,53.86368125,53.931863125
Percussion,-1,82,A#5,100,0.1250001041666664,54.000045,54.12504510416667
Percussion,-1,56,G#3,127,0.0568182291666659,54.2727725,54.32959072916667
Percussion,-1,82,A#5,100,0.0568182291666659,54.40913625,54.46595447916667
Percussion,-1,56,G#3,127,0.0681818749999934,54.40913625,54.477318125
Percussion,-1,82,A#5,100,0.1022728125000043,54.5455,54.6477728125
Percussion,-1,56,G#3,127,0.05113640625000215,54.8182275,54.86936390625
Percussion,-1,82,A#5,100,0.06250005208332965,54.95459125,55.01709130208333
Percussion,-1,56,G#3,127,0.0681818750000005,54.95459125,55.022773125
Percussion,-1,82,A#5,100,0.1250001041666664,55.090955,55.21595510416667
Percussion,-1,56,G#3,127,0.0568182291666659,55.3636825,55.42050072916667
Percussion,-1,82,A#5,100,0.0568182291666659,55.50004625,55.55686447916666
Percussion,-1,56,G#3,127,0.0681818750000005,55.50004625,55.568228125
Percussion,-1,82,A#5,100,0.1022728125000043,55.63641,55.7386828125
Percussion,-1,56,G#3,127,0.05113640625000215,55.9091375,55.96027390625
Percussion,-1,82,A#5,100,0.06250005208332965,56.04550125,56.10800130208333
Percussion,-1,56,G#3,127,0.0681818750000005,56.04550125,56.113683125
Percussion,-1,82,A#5,100,0.1250001041666664,56.181865,56.30686510416667
Percussion,-1,56,G#3,127,0.0568182291666659,56.4545925,56.51141072916666
Percussion,-1,82,A#5,100,0.0568182291666659,56.59095625,56.647774479166664
Percussion,-1,56,G#3,127,0.0681818750000005,56.59095625,56.659138125
Percussion,-1,82,A#5,100,0.1022728124999972,56.72732,56.829592812499996
Percussion,-1,56,G#3,127,0.05113640625000215,57.0000475,57.05118390625
Percussion,-1,82,A#5,100,0.06250005208332965,57.13641125,57.19891130208333
Percussion,-1,56,G#3,127,0.0681818750000005,57.13641125,57.204593125
Percussion,-1,82,A#5,100,0.1250001041666664,57.272775,57.39777510416667
Percussion,-1,56,G#3,127,0.0568182291666659,57.5455025,57.602320729166664
Percussion,-1,82,A#5,100,0.0568182291666659,57.68186625,57.738684479166665
Percussion,-1,56,G#3,127,0.0681818750000005,57.68186625,57.750048125
Percussion,-1,82,A#5,100,0.1022728124999972,57.81823,57.9205028125
Percussion,-1,56,G#3,127,0.05113640624999505,58.0909575,58.14209390625
Percussion,-1,82,A#5,100,0.06250005208332965,58.22732125,58.28982130208333
Percussion,-1,56,G#3,127,0.0681818749999934,58.22732125,58.295503124999996
Percussion,-1,82,A#5,100,0.1250001041666664,58.363685,58.48868510416666
Percussion,-1,56,G#3,127,0.0568182291666659,58.6364125,58.693230729166665
Percussion,-1,82,A#5,100,0.0568182291666659,58.77277625,58.829594479166666
Percussion,-1,56,G#3,127,0.0681818750000005,58.77277625,58.840958125
Percussion,-1,82,A#5,100,0.1022728124999972,58.90914,59.0114128125
Percussion,-1,56,G#3,127,0.05113640624999505,59.1818675,59.23300390625
Percussion,-1,82,A#5,100,0.06250005208333675,59.31823125,59.38073130208333
Percussion,-1,56,G#3,127,0.0681818750000005,59.31823125,59.386413125
Percussion,-1,82,A#5,100,0.1250001041666664,59.454595,59.579595104166664
Percussion,-1,56,G#3,127,0.0568182291666659,59.7273225,59.784140729166666
Percussion,-1,82,A#5,100,0.0568182291666659,59.86368625,59.92050447916667
Percussion,-1,56,G#3,127,0.0681818750000005,59.86368625,59.931868125
Percussion,-1,82,A#5,100,0.1022728124999972,60.00005,60.1023228125
Percussion,-1,56,G#3,127,0.05113640625000215,60.2727775,60.32391390625
Percussion,-1,82,A#5,100,0.06250005208333675,60.40914125,60.471641302083334
Percussion,-1,56,G#3,127,0.0681818750000005,60.40914125,60.477323125
Percussion,-1,82,A#5,100,0.1250001041666664,60.545505,60.670505104166665
Percussion,-1,56,G#3,127,0.0568182291666659,60.8182325,60.87505072916667
Percussion,-1,82,A#5,100,0.0568182291666659,60.95459625,61.01141447916667
Percussion,-1,56,G#3,127,0.0681818750000005,60.95459625,61.022778125
Percussion,-1,82,A#5,100,0.1022728124999972,61.09096,61.1932328125
Percussion,-1,56,G#3,127,0.05113640625000215,61.3636875,61.41482390625
Percussion,-1,82,A#5,100,0.06250005208333675,61.50005125,61.562551302083335
Percussion,-1,56,G#3,127,0.0681818750000005,61.50005125,61.568233125
Percussion,-1,82,A#5,100,0.1250001041666664,61.636415,61.761415104166666
Percussion,-1,56,G#3,127,0.0568182291666659,61.9091425,61.96596072916667
Percussion,-1,82,A#5,100,0.0568182291666659,62.04550625,62.10232447916667
Percussion,-1,56,G#3,127,0.0681818750000005,62.04550625,62.113688125
Percussion,-1,82,A#5,100,0.1022728125000043,62.181869999999996,62.2841428125
Percussion,-1,56,G#3,127,0.05113640625000215,62.4545975,62.50573390625
Percussion,-1,82,A#5,100,0.06250005208333675,62.59096125,62.653461302083336
Percussion,-1,56,G#3,127,0.0681818750000005,62.59096125,62.659143125
Percussion,-1,82,A#5,100,0.1250001041666664,62.727325,62.85232510416667
Percussion,-1,56,G#3,127,0.0568182291666659,63.0000525,63.05687072916667
Percussion,-1,82,A#5,100,0.05681822916667301,63.136416249999996,63.19323447916667
Percussion,-1,56,G#3,127,0.0681818750000005,63.136416249999996,63.204598125
Percussion,-1,82,A#5,100,0.1022728125000043,63.27278,63.3750528125
Percussion,-1,56,G#3,127,0.05113640625000215,63.5455075,63.59664390625
Percussion,-1,82,A#5,100,0.06250005208332965,63.68187125,63.74437130208333
Percussion,-1,56,G#3,127,0.0681818750000005,63.68187125,63.750053125
Percussion,-1,82,A#5,100,0.1250001041666664,63.818235,63.94323510416667
Percussion,-1,56,G#3,127,0.0568182291666659,64.0909625,64.14778072916667
Percussion,-1,82,A#5,100,0.0568182291666659,64.22732625,64.28414447916667
Percussion,-1,56,G#3,127,0.0681818749999934,64.22732625,64.295508125
Percussion,-1,82,A#5,100,0.1022728124999901,64.36369,64.4659628125
Percussion,-1,56,G#3,127,0.05113640625000926,64.6364175,64.68755390625
Percussion,-1,82,A#5,100,0.06250005208333675,64.77278125,64.83528130208333
Percussion,-1,56,G#3,127,0.06818187500000761,64.77278125,64.840963125
Percussion,-1,82,A#5,100,0.1250001041666735,64.909145,65.03414510416667
Percussion,-1,56,G#3,127,0.0568182291666659,65.1818725,65.23869072916666
Percussion,-1,82,A#5,100,0.0568182291666659,65.31823625,65.37505447916666
Percussion,-1,56,G#3,127,0.06818187500000761,65.31823625,65.386418125
Percussion,-1,82,A#5,100,0.1022728125000043,65.4546,65.5568728125
Percussion,-1,56,G#3,127,0.05113640624999505,65.7273275,65.77846390625
Percussion,-1,82,A#5,100,0.06250005208333675,65.86369125,65.92619130208334
Percussion,-1,56,G#3,127,0.0681818749999934,65.86369125,65.931873125
Percussion,-1,82,A#5,100,0.1250001041666593,66.000055,66.12505510416666
Percussion,-1,56,G#3,127,0.0568182291666659,66.2727825,66.32960072916667
Percussion,-1,82,A#5,100,0.0568182291666659,66.40914625,66.46596447916667
Percussion,-1,56,G#3,127,0.0681818749999934,66.40914625,66.477328125
Percussion,-1,82,A#5,100,0.1022728125000043,66.54551,66.6477828125
Percussion,-1,56,G#3,127,0.05113640625000926,66.8182375,66.86937390625
Percussion,-1,82,A#5,100,0.06250005208333675,66.95460125,67.01710130208333
Percussion,-1,56,G#3,127,0.06818187500000761,66.95460125,67.022783125
Percussion,-1,82,A#5,100,0.1250001041666735,67.090965,67.21596510416667
Percussion,-1,56,G#3,127,0.0568182291666659,67.3636925,67.42051072916666
Percussion,-1,82,A#5,100,0.0568182291666659,67.50005625,67.55687447916667
Percussion,-1,56,G#3,127,0.0681818749999934,67.50005625,67.568238125
Percussion,-1,82,A#5,100,0.1022728125000043,67.63642,67.7386928125
Percussion,-1,56,G#3,127,0.05113640624999505,67.9091475,67.96028390625
Percussion,-1,82,A#5,100,0.06250005208332254,68.04551125,68.10801130208333
Percussion,-1,56,G#3,127,0.0681818749999934,68.04551125,68.113693125
Percussion,-1,82,A#5,100,0.1250001041666593,68.181875,68.30687510416666
Percussion,-1,56,G#3,127,0.05681822916668011,68.4546025,68.51142072916667
Percussion,-1,82,A#5,100,0.0568182291666659,68.59096625,68.64778447916666
Percussion,-1,56,G#3,127,0.06818187500000761,68.59096625,68.659148125
Percussion,-1,82,A#5,100,0.1022728125000043,68.72733,68.8296028125
Percussion,-1,56,G#3,127,0.05113640625000926,69.0000575,69.05119390625
Percussion,-1,82,A#5,100,0.06250005208333675,69.13642125,69.19892130208333
Percussion,-1,56,G#3,127,0.06818187500000761,69.13642125,69.204603125
Percussion,-1,82,A#5,100,0.1250001041666735,69.272785,69.39778510416667
Percussion,-1,56,G#3,127,0.0568182291666659,69.5455125,69.60233072916667
Percussion,-1,82,A#5,100,0.0568182291666659,69.68187625,69.73869447916667
Percussion,-1,56,G#3,127,0.0681818749999934,69.68187625,69.750058125
Percussion,-1,82,A#5,100,0.1022728124999901,69.81824,69.9205128125
Percussion,-1,56,G#3,127,0.05113640624999505,70.0909675,70.14210390625
Percussion,-1,82,A#5,100,0.06250005208332254,70.22733125,70.28983130208333
Percussion,-1,56,G#3,127,0.0681818749999934,70.22733125,70.295513125
Percussion,-1,82,A#5,100,0.1250001041666735,70.36369499999999,70.48869510416667
Percussion,-1,56,G#3,127,0.0568182291666659,70.6364225,70.69324072916666
Percussion,-1,82,A#5,100,0.0568182291666659,70.77278625,70.82960447916666
Percussion,-1,56,G#3,127,0.06818187500000761,70.77278625,70.840968125
Percussion,-1,82,A#5,100,0.1022728125000043,70.90915,71.0114228125
Percussion,-1,56,G#3,127,0.05113640624999505,71.1818775,71.23301390625
Percussion,-1,82,A#5,100,0.06250005208333675,71.31824125,71.38074130208334
Percussion,-1,56,G#3,127,0.0681818749999934,71.31824125,71.386423125
Percussion,-1,82,A#5,100,0.1250001041666593,71.454605,71.57960510416666
Percussion,-1,56,G#3,127,0.0568182291666659,71.7273325,71.78415072916667
Percussion,-1,82,A#5,100,0.0568182291666659,71.86369625,71.92051447916667
Percussion,-1,56,G#3,127,0.0681818749999934,71.86369625,71.931878125
Percussion,-1,82,A#5,100,0.1022728124999901,72.00006,72.1023328125
Percussion,-1,56,G#3,127,0.05113640625000926,72.27278749999999,72.32392390625
Percussion,-1,82,A#5,100,0.06250005208333675,72.40915125,72.47165130208333
Percussion,-1,56,G#3,127,0.06818187500000761,72.40915125,72.477333125
Percussion,-1,82,A#5,100,0.1250001041666735,72.545515,72.67051510416667
Percussion,-1,56,G#3,127,0.0568182291666659,72.8182425,72.87506072916666
Percussion,-1,82,A#5,100,0.0568182291666659,72.95460625,73.01142447916666
Percussion,-1,56,G#3,127,0.06818187500000761,72.95460625,73.022788125
Percussion,-1,82,A#5,100,0.1022728125000043,73.09097,73.1932428125
Percussion,-1,56,G#3,127,0.05113640624999505,73.3636975,73.41483390625
Percussion,-1,82,A#5,100,0.06250005208333675,73.50006125,73.56256130208334
Percussion,-1,56,G#3,127,0.0681818749999934,73.50006125,73.568243125
Percussion,-1,82,A#5,100,0.1250001041666593,73.636425,73.76142510416666
Percussion,-1,56,G#3,127,0.0568182291666659,73.9091525,73.96597072916667
Percussion,-1,82,A#5,100,0.0568182291666659,74.04551625,74.10233447916667
Percussion,-1,56,G#3,127,0.0681818749999934,74.04551625,74.113698125
Percussion,-1,82,A#5,100,0.1022728125000043,74.18187999999999,74.2841528125
Percussion,-1,56,G#3,127,0.05113640625000926,74.4546075,74.50574390625
Percussion,-1,82,A#5,100,0.06250005208333675,74.59097125,74.65347130208333
Percussion,-1,56,G#3,127,0.06818187500000761,74.59097125,74.659153125
Percussion,-1,82,A#5,100,0.1250001041666735,74.727335,74.85233510416667
Percussion,-1,56,G#3,127,0.0568182291666659,75.0000625,75.05688072916666
Percussion,-1,82,A#5,100,0.0568182291666659,75.13642625,75.19324447916667
Percussion,-1,56,G#3,127,0.0681818749999934,75.13642625,75.204608125
Percussion,-1,82,A#5,100,0.1022728125000043,75.27279,75.3750628125
Percussion,-1,56,G#3,127,0.05113640624999505,75.5455175,75.59665390625
Percussion,-1,82,A#5,100,0.06250005208332254,75.68188125,75.74438130208333
Percussion,-1,56,G#3,127,0.0681818749999934,75.68188125,75.750063125
Percussion,-1,82,A#5,100,0.1250001041666593,75.818245,75.94324510416666
Percussion,-1,56,G#3,127,0.05681822916668011,76.09097249999999,76.14779072916667
Percussion,-1,82,A#5,100,0.0568182291666659,76.22733625,76.28415447916666
Percussion,-1,56,G#3,127,0.06818187500000761,76.22733625,76.295518125
Percussion,-1,82,A#5,100,0.1022728125000043,76.3637,76.4659728125
Percussion,-1,56,G#3,127,0.05113640625000926,76.6364275,76.68756390625
Percussion,-1,82,A#5,100,0.06250005208333675,76.77279125,76.83529130208333
Percussion,-1,56,G#3,127,0.06818187500000761,76.77279125,76.840973125
Percussion,-1,82,A#5,100,0.1250001041666735,76.909155,77.03415510416667
Percussion,-1,56,G#3,127,0.0568182291666659,77.1818825,77.23870072916667
Percussion,-1,82,A#5,100,0.0568182291666659,77.31824625,77.37506447916667
Percussion,-1,56,G#3,127,0.0681818749999934,77.31824625,77.386428125
Percussion,-1,82,A#5,100,0.1022728124999901,77.45461,77.55688281249999
Percussion,-1,56,G#3,127,0.05113640624999505,77.7273375,77.77847390625
Percussion,-1,82,A#5,100,0.06250005208332254,77.86370125,77.92620130208333
Percussion,-1,56,G#3,127,0.0681818749999934,77.86370125,77.931883125
Percussion,-1,82,A#5,100,0.1250001041666593,78.000065,78.12506510416667
Percussion,-1,56,G#3,127,0.0568182291666659,78.2727925,78.32961072916666
Percussion,-1,82,A#5,100,0.0568182291666659,78.40915625,78.46597447916666
Percussion,-1,56,G#3,127,0.06818187500000761,78.40915625,78.477338125
Percussion,-1,82,A#5,100,0.1022728125000043,78.54552,78.6477928125
Percussion,-1,56,G#3,127,0.05113640624999505,78.8182475,78.86938390625
Percussion,-1,82,A#5,100,0.06250005208333675,78.95461125,79.01711130208334
Percussion,-1,56,G#3,127,0.0681818749999934,78.95461125,79.02279312499999
Percussion,-1,82,A#5,100,0.1250001041666593,79.090975,79.21597510416666
Percussion,-1,56,G#3,127,0.0568182291666659,79.3637025,79.42052072916667
Percussion,-1,82,A#5,100,0.0568182291666659,79.50006625,79.55688447916667
Percussion,-1,56,G#3,127,0.0681818749999934,79.50006625,79.568248125
Percussion,-1,82,A#5,100,0.1022728124999901,79.63643,79.7387028125
Percussion,-1,56,G#3,127,0.05113640624999505,79.9091575,79.96029390625
Percussion,-1,82,A#5,100,0.06250005208333675,80.04552125,80.10802130208333
Percussion,-1,56,G#3,127,0.06818187500000761,80.04552125,80.113703125
Percussion,-1,82,A#5,100,0.1250001041666735,80.181885,80.30688510416667
Percussion,-1,56,G#3,127,0.0568182291666659,80.4546125,80.51143072916666
Percussion,-1,82,A#5,100,0.0568182291666659,80.59097625,80.64779447916666
Percussion,-1,56,G#3,127,0.06818187500000761,80.59097625,80.659158125
Percussion,-1,82,A#5,100,0.1022728125000043,80.72734,80.8296128125
Percussion,-1,56,G#3,127,0.05113640624999505,81.0000675,81.05120390625
Percussion,-1,82,A#5,100,0.06250005208333675,81.13643125,81.19893130208334
Percussion,-1,56,G#3,127,0.0681818749999934,81.13643125,81.204613125
Percussion,-1,82,A#5,100,0.1250001041666593,81.272795,81.39779510416666
Percussion,-1,56,G#3,127,0.0568182291666659,81.5455225,81.60234072916667
Percussion,-1,82,A#5,100,0.0568182291666659,81.68188625,81.73870447916667
Percussion,-1,56,G#3,127,0.0681818749999934,81.68188625,81.750068125
Percussion,-1,82,A#5,100,0.1022728124999901,81.81825,81.9205228125
Percussion,-1,56,G#3,127,0.05113640625000926,82.0909775,82.14211390625
Percussion,-1,82,A#5,100,0.06250005208333675,82.22734125,82.28984130208333
Percussion,-1,56,G#3,127,0.06818187500000761,82.22734125,82.295523125
Percussion,-1,82,A#5,100,0.1250001041666735,82.363705,82.48870510416667
Percussion,-1,56,G#3,127,0.0568182291666659,82.6364325,82.69325072916666
Percussion,-1,82,A#5,100,0.0568182291666659,82.77279625,82.82961447916666
Percussion,-1,56,G#3,127,0.0681818749999934,82.77279625,82.84097812499999
Percussion,-1,82,A#5,100,0.1022728125000043,82.90916,83.0114328125
Percussion,-1,56,G#3,127,0.05113640624999505,83.1818875,83.23302390625
Percussion,-1,82,A#5,100,0.06250005208332254,83.31825125,83.38075130208333
Percussion,-1,56,G#3,127,0.0681818749999934,83.31825125,83.386433125
Percussion,-1,82,A#5,100,0.1250001041666593,83.454615,83.57961510416666
Percussion,-1,56,G#3,127,0.0568182291666659,83.7273425,83.78416072916667
Percussion,-1,82,A#5,100,0.05681822916668011,83.86370624999999,83.92052447916667
Percussion,-1,56,G#3,127,0.06818187500000761,83.86370624999999,83.931888125
Percussion,-1,82,A#5,100,0.1022728125000043,84.00007,84.1023428125
Percussion,-1,56,G#3,127,0.05113640625000926,84.2727975,84.32393390625
Percussion,-1,82,A#5,100,0.06250005208333675,84.40916125,84.47166130208333
Percussion,-1,56,G#3,127,0.06818187500000761,84.40916125,84.477343125
Percussion,-1,82,A#5,100,0.1250001041666735,84.545525,84.67052510416667
Percussion,-1,56,G#3,127,0.0568182291666659,84.8182525,84.87507072916667
Percussion,-1,82,A#5,100,0.0568182291666659,84.95461625,85.01143447916667
Percussion,-1,56,G#3,127,0.0681818749999934,84.95461625,85.022798125
Percussion,-1,82,A#5,100,0.1022728125000043,85.09098,85.1932528125
Percussion,-1,56,G#3,127,0.05113640624999505,85.3637075,85.41484390625
Percussion,-1,82,A#5,100,0.06250005208332254,85.50007125,85.56257130208333
Percussion,-1,56,G#3,127,0.0681818749999934,85.50007125,85.568253125
Percussion,-1,82,A#5,100,0.1250001041666593,85.636435,85.76143510416667
Percussion,-1,56,G#3,127,0.0568182291666659,85.9091625,85.96598072916666
Percussion,-1,82,A#5,100,0.0568182291666659,86.04552625,86.10234447916666
Percussion,-1,56,G#3,127,0.06818187500000761,86.04552625,86.113708125
Percussion,-1,82,A#5,100,0.1022728125000043,86.18189,86.2841628125
Percussion,-1,56,G#3,127,0.05113640624999505,86.4546175,86.50575390624999
Percussion,-1,82,A#5,100,0.06250005208333675,86.59098125,86.65348130208334
Percussion,-1,56,G#3,127,0.06818187500000761,86.59098125,86.659163125
Percussion,-1,82,A#5,100,0.1250001041666593,86.727345,86.85234510416666
Percussion,-1,56,G#3,127,0.0568182291666659,87.0000725,87.05689072916667
Percussion,-1,82,A#5,100,0.0568182291666659,87.13643625,87.19325447916667
Percussion,-1,56,G#3,127,0.0681818749999934,87.13643625,87.204618125
Percussion,-1,82,A#5,100,0.1022728124999901,87.2728,87.3750728125
Percussion,-1,56,G#3,127,0.05113640624999505,87.5455275,87.59666390625
Percussion,-1,82,A#5,100,0.06250005208333675,87.68189124999999,87.74439130208333
Percussion,-1,56,G#3,127,0.06818187500000761,87.68189124999999,87.750073125
Percussion,-1,82,A#5,100,0.1250001041666735,87.818255,87.94325510416667
Percussion,-1,56,G#3,127,0.0568182291666659,88.0909825,88.14780072916666
Percussion,-1,82,A#5,100,0.0568182291666659,88.22734625,88.28416447916666
Percussion,-1,56,G#3,127,0.06818187500000761,88.22734625,88.295528125
Percussion,-1,82,A#5,100,0.1022728125000043,88.36371,88.4659828125
Percussion,-1,56,G#3,127,0.05113640624999505,88.6364375,88.68757390625
Percussion,-1,82,A#5,100,0.06250005208333675,88.77280125,88.83530130208334
Percussion,-1,56,G#3,127,0.0681818749999934,88.77280125,88.840983125
Percussion,-1,82,A#5,100,0.1250001041666593,88.909165,89.03416510416666
Percussion,-1,56,G#3,127,0.0568182291666659,89.1818925,89.23871072916667
Percussion,-1,82,A#5,100,0.0568182291666659,89.31825625,89.37507447916667
Percussion,-1,56,G#3,127,0.0681818749999934,89.31825625,89.386438125
Percussion,-1,82,A#5,100,0.1022728124999901,89.45462,89.5568928125
Percussion,-1,56,G#3,127,0.05113640625000926,89.7273475,89.77848390625
Percussion,-1,82,A#5,100,0.06250005208333675,89.86371125,89.92621130208333
Percussion,-1,56,G#3,127,0.06818187500000761,89.86371125,89.931893125
Percussion,-1,82,A#5,100,0.1250001041666735,90.000075,90.12507510416667
Percussion,-1,56,G#3,127,0.0568182291666659,90.2728025,90.32962072916666
Percussion,-1,82,A#5,100,0.0568182291666659,90.40916625,90.46598447916666
Percussion,-1,56,G#3,127,0.06818187500000761,90.40916625,90.477348125
Percussion,-1,82,A#5,100,0.1022728125000043,90.54553,90.6478028125
Percussion,-1,56,G#3,127,0.05113640624999505,90.8182575,90.86939390625
Percussion,-1,82,A#5,100,0.06250005208333675,90.95462125,91.01712130208334
Percussion,-1,56,G#3,127,0.0681818749999934,90.95462125,91.022803125
Percussion,-1,82,A#5,100,0.1250001041666593,91.090985,91.21598510416666
Percussion,-1,56,G#3,127,0.0568182291666659,91.3637125,91.42053072916667
Percussion,-1,82,A#5,100,0.05681822916668011,91.50007624999999,91.55689447916667
Percussion,-1,56,G#3,127,0.06818187500000761,91.50007624999999,91.568258125
Percussion,-1,82,A#5,100,0.1022728125000043,91.63644,91.7387128125
Percussion,-1,56,G#3,127,0.05113640625000926,91.9091675,91.96030390625
Percussion,-1,82,A#5,100,0.06250005208333675,92.04553125,92.10803130208333
Percussion,-1,56,G#3,127,0.06818187500000761,92.04553125,92.113713125
Percussion,-1,82,A#5,100,0.1250001041666735,92.181895,92.30689510416667
Percussion,-1,56,G#3,127,0.0568182291666659,92.4546225,92.51144072916667
Percussion,-1,82,A#5,100,0.0568182291666659,92.59098625,92.64780447916667
Percussion,-1,56,G#3,127,0.0681818749999934,92.59098625,92.659168125
Percussion,-1,82,A#5,100,0.1022728125000043,92.72735,92.8296228125
Percussion,-1,56,G#3,127,0.05113640624999505,93.0000775,93.05121390625
Percussion,-1,82,A#5,100,0.06250005208332254,93.13644125,93.19894130208333
Percussion,-1,56,G#3,127,0.0681818749999934,93.13644125,93.204623125
Percussion,-1,82,A#5,100,0.1250001041666593,93.272805,93.39780510416666
Percussion,-1,56,G#3,127,0.0568182291666659,93.5455325,93.60235072916666
Percussion,-1,82,A#5,100,0.0568182291666659,93.68189625,93.73871447916666
Percussion,-1,56,G#3,127,0.06818187500000761,93.68189625,93.750078125
Percussion,-1,82,A#5,100,0.1022728125000043,93.81826,93.9205328125
Percussion,-1,56,G#3,127,0.05113640624999505,94.0909875,94.14212390624999
Percussion,-1,82,A#5,100,0.06250005208333675,94.22735125,94.28985130208333
Percussion,-1,56,G#3,127,0.06818187500000761,94.22735125,94.295533125
Percussion,-1,82,A#5,100,0.1250001041666735,94.363715,94.48871510416667
Percussion,-1,56,G#3,127,0.0568182291666659,94.6364425,94.69326072916667
Percussion,-1,82,A#5,100,0.0568182291666659,94.77280625,94.82962447916667
Percussion,-1,56,G#3,127,0.0681818749999934,94.77280625,94.840988125
Percussion,-1,82,A#5,100,0.1022728124999901,94.90917,95.0114428125
Percussion,-1,56,G#3,127,0.05113640624999505,95.1818975,95.23303390625
Percussion,-1,82,A#5,100,0.06250005208332254,95.31826125,95.38076130208333
Percussion,-1,56,G#3,127,0.0681818749999934,95.31826125,95.386443125
Percussion,-1,82,A#5,100,0.1250001041666735,95.454625,95.57962510416667
Percussion,-1,56,G#3,127,0.0568182291666659,95.7273525,95.78417072916666
Percussion,-1,82,A#5,100,0.0568182291666659,95.86371625,95.92053447916666
Percussion,-1,56,G#3,127,0.06818187500000761,95.86371625,95.931898125
Percussion,-1,82,A#5,100,0.1022728125000043,96.00008,96.1023528125
Percussion,-1,56,G#3,127,0.05113640624999505,96.2728075,96.32394390625
Percussion,-1,82,A#5,100,0.06250005208333675,96.40917125,96.47167130208334
Percussion,-1,56,G#3,127,0.0681818749999934,96.40917125,96.477353125
Percussion,-1,82,A#5,100,0.1250001041666593,96.545535,96.67053510416666
Percussion,-1,56,G#3,127,0.0568182291666659,96.8182625,96.87508072916667
Percussion,-1,82,A#5,100,0.0568182291666659,96.95462625,97.01144447916667
Percussion,-1,56,G#3,127,0.0681818749999934,96.95462625,97.022808125
Percussion,-1,82,A#5,100,0.1022728124999901,97.09099,97.1932628125
Percussion,-1,56,G#3,127,0.05113640625000926,97.36371749999999,97.41485390625
Percussion,-1,82,A#5,100,0.06250005208333675,97.50008125,97.56258130208333
Percussion,-1,56,G#3,127,0.06818187500000761,97.50008125,97.568263125
Percussion,-1,82,A#5,100,0.1250001041666735,97.636445,97.76144510416667
Percussion,-1,56,G#3,127,0.0568182291666659,97.9091725,97.96599072916666
Percussion,-1,82,A#5,100,0.0568182291666659,98.04553625,98.10235447916666
Percussion,-1,56,G#3,127,0.06818187500000761,98.04553625,98.113718125
Percussion,-1,82,A#5,100,0.1022728125000043,98.1819,98.2841728125
Percussion,-1,56,G#3,127,0.05113640624999505,98.4546275,98.50576390625
Percussion,-1,82,A#5,100,0.06250005208333675,98.59099125,98.65349130208334
Percussion,-1,56,G#3,127,0.0681818749999934,98.59099125,98.659173125
Percussion,-1,82,A#5,100,0.1250001041666593,98.727355,98.85235510416666
Percussion,-1,56,G#3,127,0.0568182291666659,99.0000825,99.05690072916667
Percussion,-1,82,A#5,100,0.0568182291666659,99.13644625,99.19326447916667
Percussion,-1,56,G#3,127,0.0681818749999934,99.13644625,99.204628125
Percussion,-1,82,A#5,100,0.1022728125000043,99.27280999999999,99.3750828125
Percussion,-1,56,G#3,127,0.05113640625000926,99.5455375,99.59667390625
Percussion,-1,82,A#5,100,0.06250005208333675,99.68190125,99.74440130208333
Percussion,-1,56,G#3,127,0.06818187500000761,99.68190125,99.750083125
Percussion,-1,82,A#5,100,0.1250001041666735,99.818265,99.94326510416667
Percussion,-1,56,G#3,127,0.0568182291666659,100.0909925,100.14781072916666
Percussion,-1,82,A#5,100,0.0568182291666659,100.22735625,100.28417447916667
Percussion,-1,56,G#3,127,0.0681818749999934,100.22735625,100.295538125
Percussion,-1,82,A#5,100,0.1022728125000043,100.36372,100.4659928125
Percussion,-1,56,G#3,127,0.05113640624999505,100.6364475,100.68758390625
Percussion,-1,82,A#5,100,0.06250005208332254,100.77281125,100.83531130208333
Percussion,-1,56,G#3,127,0.0681818749999934,100.77281125,100.840993125
Percussion,-1,82,A#5,100,0.1250001041666593,100.909175,101.03417510416666
Percussion,-1,56,G#3,127,0.05681822916668011,101.18190249999999,101.23872072916667
Percussion,-1,82,A#5,100,0.0568182291666659,101.31826625,101.37508447916666
Percussion,-1,56,G#3,127,0.06818187500000761,101.31826625,101.386448125
Percussion,-1,82,A#5,100,0.1022728125000043,101.45463,101.5569028125
Percussion,-1,56,G#3,127,0.05113640625000926,101.7273575,101.77849390625
Percussion,-1,82,A#5,100,0.06250005208333675,101.86372125,101.92622130208333
Percussion,-1,56,G#3,127,0.06818187500000761,101.86372125,101.931903125
Percussion,-1,82,A#5,100,0.1250001041666735,102.000085,102.12508510416667
Percussion,-1,56,G#3,127,0.0568182291666659,102.2728125,102.32963072916667
Percussion,-1,82,A#5,100,0.0568182291666659,102.40917625,102.46599447916667
Percussion,-1,56,G#3,127,0.0681818749999934,102.40917625,102.477358125
Percussion,-1,82,A#5,100,0.1022728124999901,102.54554,102.64781281249999
Percussion,-1,56,G#3,127,0.05113640624999505,102.8182675,102.86940390625
Percussion,-1,82,A#5,100,0.06250005208332254,102.95463125,103.01713130208333
Percussion,-1,56,G#3,127,0.0681818749999934,102.95463125,103.022813125
Percussion,-1,82,A#5,100,0.1250001041666735,103.09099499999999,103.21599510416667
Percussion,-1,56,G#3,127,0.0568182291666659,103.3637225,103.42054072916666
Percussion,-1,82,A#5,100,0.0568182291666659,103.50008625,103.55690447916666
Percussion,-1,56,G#3,127,0.06818187500000761,103.50008625,103.568268125
Percussion,-1,82,A#5,100,0.1022728125000043,103.63645,103.7387228125
Percussion,-1,56,G#3,127,0.05113640624999505,103.9091775,103.96031390625
Percussion,-1,82,A#5,100,0.06250005208333675,104.04554125,104.10804130208334
Percussion,-1,56,G#3,127,0.0681818749999934,104.04554125,104.11372312499999
Percussion,-1,82,A#5,100,0.1250001041666593,104.181905,104.30690510416666
Percussion,-1,56,G#3,127,0.0568182291666659,104.4546325,104.51145072916667
Percussion,-1,82,A#5,100,0.0568182291666659,104.59099625,104.64781447916667
Percussion,-1,56,G#3,127,0.0681818749999934,104.59099625,104.659178125
Percussion,-1,82,A#5,100,0.1022728124999901,104.72736,104.8296328125
Percussion,-1,56,G#3,127,0.05113640625000926,105.00008749999999,105.05122390625
Percussion,-1,82,A#5,100,0.06250005208333675,105.13645125,105.19895130208333
Percussion,-1,56,G#3,127,0.06818187500000761,105.13645125,105.204633125
Percussion,-1,82,A#5,100,0.1250001041666735,105.272815,105.39781510416667
Percussion,-1,56,G#3,127,0.0568182291666659,105.5455425,105.60236072916666
Percussion,-1,82,A#5,100,0.0568182291666659,105.68190625,105.73872447916666
Percussion,-1,56,G#3,127,0.06818187500000761,105.68190625,105.750088125
Percussion,-1,82,A#5,100,0.1022728125000043,105.81827,105.9205428125
Percussion,-1,56,G#3,127,0.05113640624999505,106.0909975,106.14213390625
Percussion,-1,82,A#5,100,0.06250005208333675,106.22736125,106.28986130208334
Percussion,-1,56,G#3,127,0.0681818749999934,106.22736125,106.295543125
Percussion,-1,82,A#5,100,0.1250001041666593,106.363725,106.48872510416666
Percussion,-1,56,G#3,127,0.0568182291666659,106.6364525,106.69327072916667
Percussion,-1,82,A#5,100,0.0568182291666659,106.77281625,106.82963447916667
Percussion,-1,56,G#3,127,0.0681818749999934,106.77281625,106.840998125
Percussion,-1,55,G3,127,0.09090916666667681,106.90917999999999,107.00008916666667
Percussion,-1,82,A#5,100,0.18750015625001026,106.90917999999999,107.09668015625
Percussion,-1,82,A#5,100,0.03977276041666755,108.00009,108.03986276041667
Percussion,-1,55,G3,127,0.0795455208333351,108.00009,108.07963552083334
Percussion,-1,56,G#3,127,0.08522734375000596,108.00009,108.08531734375
Percussion,-1,56,G#3,127,0.08522734375000596,108.00009,108.08531734375
Percussion,-1,56,G#3,127,0.08522734375000596,108.00009,108.08531734375
Percussion,-1,82,A#5,100,0.06250005208332254,108.40918125,108.47168130208333
Percussion,-1,56,G#3,127,0.07386369791666425,108.40918125,108.48304494791667
Percussion,-1,56,G#3,127,0.07386369791666425,108.40918125,108.48304494791667
Percussion,-1,57,A3,127,0.08522734374999175,108.40918125,108.49440859375
Percussion,-1,56,G#3,127,0.0340909374999967,108.8182725,108.8523634375
Percussion,-1,56,G#3,127,0.0340909374999967,108.8182725,108.8523634375
Percussion,-1,82,A#5,100,0.06250005208332254,108.8182725,108.88077255208333
Percussion,-1,55,G3,127,0.07386369791666425,108.8182725,108.89213619791667
Percussion,-1,82,A#5,100,0.1022728125000043,109.091,109.1932728125
Percussion,-1,56,G#3,127,0.05113640625000926,109.3637275,109.41486390625
Percussion,-1,82,A#5,100,0.06250005208333675,109.50009125,109.56259130208333
Percussion,-1,56,G#3,127,0.06818187500000761,109.50009125,109.568273125
Percussion,-1,82,A#5,100,0.1250001041666735,109.636455,109.76145510416667
Percussion,-1,56,G#3,127,0.0568182291666659,109.9091825,109.96600072916667
Percussion,-1,82,A#5,100,0.0568182291666659,110.04554625,110.10236447916667
Percussion,-1,56,G#3,127,0.0681818749999934,110.04554625,110.113728125
Percussion,-1,82,A#5,100,0.1022728124999901,110.18191,110.28418281249999
Percussion,-1,56,G#3,127,0.05113640624999505,110.4546375,110.50577390625
Percussion,-1,82,A#5,100,0.06250005208332254,110.59100125,110.65350130208333
Percussion,-1,56,G#3,127,0.0681818749999934,110.59100125,110.659183125
Percussion,-1,82,A#5,100,0.1250001041666593,110.727365,110.85236510416667
Percussion,-1,56,G#3,127,0.0568182291666659,111.0000925,111.05691072916666
Percussion,-1,82,A#5,100,0.0568182291666659,111.13645625,111.19327447916666
Percussion,-1,56,G#3,127,0.06818187500000761,111.13645625,111.204638125
Percussion,-1,82,A#5,100,0.1022728125000043,111.27282,111.3750928125
Percussion,-1,56,G#3,127,0.05113640624999505,111.5455475,111.59668390625
Percussion,-1,82,A#5,100,0.06250005208333675,111.68191125,111.74441130208334
Percussion,-1,56,G#3,127,0.0681818749999934,111.68191125,111.75009312499999
Percussion,-1,82,A#5,100,0.1250001041666593,111.818275,111.94327510416666
Percussion,-1,56,G#3,127,0.0568182291666659,112.0910025,112.14782072916667
Percussion,-1,82,A#5,100,0.0568182291666659,112.22736625,112.28418447916667
Percussion,-1,56,G#3,127,0.0681818749999934,112.22736625,112.295548125
Percussion,-1,82,A#5,100,0.1022728124999901,112.36373,112.4660028125
Percussion,-1,56,G#3,127,0.05113640624999505,112.6364575,112.68759390625
Percussion,-1,82,A#5,100,0.06250005208333675,112.77282124999999,112.83532130208333
Percussion,-1,56,G#3,127,0.06818187500000761,112.77282124999999,112.841003125
Percussion,-1,82,A#5,100,0.1250001041666735,112.909185,113.03418510416667
Percussion,-1,56,G#3,127,0.0568182291666659,113.1819125,113.23873072916666
Percussion,-1,82,A#5,100,0.0568182291666659,113.31827625,113.37509447916666
Percussion,-1,56,G#3,127,0.06818187500000761,113.31827625,113.386458125
Percussion,-1,82,A#5,100,0.1022728125000043,113.45464,113.5569128125
Percussion,-1,56,G#3,127,0.05113640624999505,113.7273675,113.77850390625
Percussion,-1,82,A#5,100,0.06250005208333675,113.86373125,113.92623130208334
Percussion,-1,56,G#3,127,0.0681818749999934,113.86373125,113.931913125
Percussion,-1,82,A#5,100,0.1250001041666593,114.000095,114.12509510416666
Percussion,-1,56,G#3,127,0.0568182291666659,114.2728225,114.32964072916667
Percussion,-1,82,A#5,100,0.0568182291666659,114.40918625,114.46600447916667
Percussion,-1,56,G#3,127,0.0681818749999934,114.40918625,114.477368125
Percussion,-1,82,A#5,100,0.1022728124999901,114.54555,114.6478228125
Percussion,-1,56,G#3,127,0.05113640625000926,114.8182775,114.86941390625
Percussion,-1,82,A#5,100,0.06250005208333675,114.95464125,115.01714130208333
Percussion,-1,56,G#3,127,0.06818187500000761,114.95464125,115.022823125
Percussion,-1,82,A#5,100,0.1250001041666735,115.091005,115.21600510416667
Percussion,-1,56,G#3,127,0.0568182291666659,115.3637325,115.42055072916666
Percussion,-1,82,A#5,100,0.0568182291666659,115.50009625,115.55691447916666
Percussion,-1,56,G#3,127,0.0681818749999934,115.50009625,115.56827812499999
Percussion,-1,82,A#5,100,0.1022728125000043,115.63646,115.7387328125
Percussion,-1,56,G#3,127,0.05113640624999505,115.9091875,115.96032390625
Percussion,-1,82,A#5,100,0.06250005208333675,116.04555125,116.10805130208334
Percussion,-1,56,G#3,127,0.0681818749999934,116.04555125,116.113733125
Percussion,-1,82,A#5,100,0.1250001041666593,116.181915,116.30691510416666
Percussion,-1,56,G#3,127,0.0568182291666659,116.4546425,116.51146072916667
Percussion,-1,82,A#5,100,0.05681822916668011,116.59100624999999,116.64782447916667
Percussion,-1,56,G#3,127,0.06818187500000761,116.59100624999999,116.659188125
Percussion,-1,82,A#5,100,0.1022728125000043,116.72737,116.8296428125
Percussion,-1,56,G#3,127,0.05113640625000926,117.0000975,117.05123390625
Percussion,-1,82,A#5,100,0.06250005208333675,117.13646125,117.19896130208333
Percussion,-1,56,G#3,127,0.06818187500000761,117.13646125,117.204643125
Percussion,-1,82,A#5,100,0.1250001041666735,117.272825,117.39782510416667
Percussion,-1,56,G#3,127,0.0568182291666659,117.5455525,117.60237072916667
Percussion,-1,82,A#5,100,0.0568182291666659,117.68191625,117.73873447916667
Percussion,-1,56,G#3,127,0.0681818749999934,117.68191625,117.750098125
Percussion,-1,82,A#5,100,0.1022728125000043,117.81828,117.9205528125
Percussion,-1,56,G#3,127,0.05113640624999505,118.0910075,118.14214390625
Percussion,-1,82,A#5,100,0.06250005208332254,118.22737125,118.28987130208333
Percussion,-1,56,G#3,127,0.0681818749999934,118.22737125,118.295553125
Percussion,-1,82,A#5,100,0.1250001041666593,118.363735,118.48873510416666
Percussion,-1,56,G#3,127,0.0568182291666659,118.6364625,118.69328072916666
Percussion,-1,82,A#5,100,0.0568182291666659,118.77282625,118.82964447916666
Percussion,-1,56,G#3,127,0.06818187500000761,118.77282625,118.841008125
Percussion,-1,82,A#5,100,0.1022728125000043,118.90919,119.0114628125
Percussion,-1,56,G#3,127,0.05113640624999505,119.1819175,119.23305390624999
Percussion,-1,82,A#5,100,0.06250005208333675,119.31828125,119.38078130208334
Percussion,-1,56,G#3,127,0.06818187500000761,119.31828125,119.386463125
Percussion,-1,82,A#5,100,0.1250001041666593,119.454645,119.57964510416666
Percussion,-1,56,G#3,127,0.0568182291666659,119.7273725,119.78419072916667
Percussion,-1,82,A#5,100,0.0568182291666659,119.86373625,119.92055447916667
Percussion,-1,56,G#3,127,0.0681818749999934,119.86373625,119.931918125
Percussion,-1,82,A#5,100,0.1022728124999901,120.0001,120.1023728125
Percussion,-1,56,G#3,127,0.05113640624999505,120.2728275,120.32396390625
Percussion,-1,82,A#5,100,0.06250005208333675,120.40919124999999,120.47169130208333
Percussion,-1,56,G#3,127,0.06818187500000761,120.40919124999999,120.477373125
Percussion,-1,82,A#5,100,0.1250001041666735,120.545555,120.67055510416667
Percussion,-1,56,G#3,127,0.0568182291666659,120.8182825,120.87510072916666
Percussion,-1,82,A#5,100,0.0568182291666659,120.95464625,121.01146447916666
Percussion,-1,56,G#3,127,0.06818187500000761,120.95464625,121.022828125
Percussion,-1,82,A#5,100,0.1022728125000043,121.09101,121.1932828125
Percussion,-1,56,G#3,127,0.05113640624999505,121.3637375,121.41487390625
Percussion,-1,82,A#5,100,0.06250005208333675,121.50010125,121.56260130208334
Percussion,-1,56,G#3,127,0.0681818749999934,121.50010125,121.568283125
Percussion,-1,82,A#5,100,0.1250001041666593,121.636465,121.76146510416666
Percussion,-1,56,G#3,127,0.0568182291666659,121.9091925,121.96601072916667
Percussion,-1,82,A#5,100,0.0568182291666659,122.04555625,122.10237447916667
Percussion,-1,56,G#3,127,0.0681818749999934,122.04555625,122.113738125
Percussion,-1,82,A#5,100,0.1022728124999901,122.18192,122.2841928125
Percussion,-1,56,G#3,127,0.05113640625000926,122.4546475,122.50578390625
Percussion,-1,82,A#5,100,0.06250005208333675,122.59101125,122.65351130208333
Percussion,-1,56,G#3,127,0.06818187500000761,122.59101125,122.659193125
Percussion,-1,82,A#5,100,0.1250001041666735,122.727375,122.85237510416667
Percussion,-1,56,G#3,127,0.0568182291666659,123.0001025,123.05692072916666
Percussion,-1,82,A#5,100,0.0568182291666659,123.13646625,123.19328447916666
Percussion,-1,56,G#3,127,0.06818187500000761,123.13646625,123.204648125
Percussion,-1,82,A#5,100,0.1022728125000043,123.27283,123.3751028125
Percussion,-1,56,G#3,127,0.05113640624999505,123.5455575,123.59669390625
Percussion,-1,82,A#5,100,0.06250005208333675,123.68192125,123.74442130208334
Percussion,-1,56,G#3,127,0.0681818749999934,123.68192125,123.750103125
Percussion,-1,82,A#5,100,0.1250001041666593,123.818285,123.94328510416666
Percussion,-1,56,G#3,127,0.0568182291666659,124.0910125,124.14783072916667
Percussion,-1,82,A#5,100,0.0568182291666659,124.22737625,124.28419447916667
Percussion,-1,56,G#3,127,0.0681818749999934,124.22737625,124.295558125
Percussion,-1,82,A#5,100,0.1022728125000043,124.36373999999999,124.4660128125
Percussion,-1,56,G#3,127,0.05113640625000926,124.6364675,124.68760390625
Percussion,-1,82,A#5,100,0.06250005208333675,124.77283125,124.83533130208333
Percussion,-1,56,G#3,127,0.06818187500000761,124.77283125,124.841013125
Percussion,-1,82,A#5,100,0.1250001041666735,124.909195,125.03419510416667
Percussion,-1,56,G#3,127,0.0568182291666659,125.1819225,125.23874072916666
Percussion,-1,82,A#5,100,0.0568182291666659,125.31828625,125.37510447916667
Percussion,-1,56,G#3,127,0.0681818749999934,125.31828625,125.386468125
Percussion,-1,82,A#5,100,0.1022728125000043,125.45465,125.5569228125
Percussion,-1,56,G#3,127,0.05113640624999505,125.7273775,125.77851390625
Percussion,-1,82,A#5,100,0.06250005208332254,125.86374125,125.92624130208333
Percussion,-1,56,G#3,127,0.0681818749999934,125.86374125,125.931923125
Percussion,-1,82,A#5,100,0.1250001041666593,126.000105,126.12510510416666
Percussion,-1,56,G#3,127,0.0568182291666659,126.27283249999999,126.32965072916666
Percussion,-1,82,A#5,100,0.0568182291666659,126.40919625,126.46601447916666
Percussion,-1,56,G#3,127,0.06818187500000761,126.40919625,126.477378125
Percussion,-1,82,A#5,100,0.1022728125000043,126.54556,126.6478328125
Percussion,-1,56,G#3,127,0.05113640625000926,126.8182875,126.86942390625
Percussion,-1,82,A#5,100,0.06250005208333675,126.95465125,127.01715130208333
Percussion,-1,56,G#3,127,0.06818187500000761,126.95465125,127.022833125
Percussion,-1,82,A#5,100,0.1250001041666735,127.091015,127.21601510416667
Percussion,-1,56,G#3,127,0.0568182291666659,127.3637425,127.42056072916667
Percussion,-1,82,A#5,100,0.0568182291666659,127.50010625,127.55692447916667
Percussion,-1,56,G#3,127,0.0681818749999934,127.50010625,127.568288125
Percussion,-1,82,A#5,100,0.1022728124999901,127.63647,127.73874281249999
Percussion,-1,56,G#3,127,0.05113640624999505,127.9091975,127.96033390625
Percussion,-1,82,A#5,100,0.06250005208335097,128.04556125,128.10806130208334
Percussion,-1,56,G#3,127,0.0681818749999934,128.04556125,128.11374312499998
Percussion,-1,82,A#5,100,0.1250001041666451,128.181925,128.30692510416665
Percussion,-1,56,G#3,127,0.05681822916665169,128.4546525,128.51147072916666
Percussion,-1,82,A#5,100,0.05681822916668011,128.59101625,128.64783447916668
Percussion,-1,56,G#3,127,0.0681818749999934,128.59101625,128.659198125
Percussion,-1,82,A#5,100,0.1022728124999901,128.72738,128.8296528125
Percussion,-1,56,G#3,127,0.05113640624998084,129.0001075,129.05124390625
Percussion,-1,82,A#5,100,0.06250005208332254,129.13647125,129.19897130208332
Percussion,-1,56,G#3,127,0.0681818749999934,129.13647125,129.204653125
Percussion,-1,82,A#5,100,0.1250001041666735,129.272835,129.39783510416666
Percussion,-1,56,G#3,127,0.05681822916668011,129.5455625,129.60238072916667
Percussion,-1,82,A#5,100,0.05681822916665169,129.68192625,129.73874447916666
Percussion,-1,56,G#3,127,0.0681818749999934,129.68192625,129.750108125
Percussion,-1,82,A#5,100,0.10227281250001852,129.81829,129.9205628125
Percussion,-1,56,G#3,127,0.05113640625000926,130.0910175,130.14215390625
Percussion,-1,82,A#5,100,0.06250005208332254,130.22738125,130.28988130208333
Percussion,-1,56,G#3,127,0.0681818749999934,130.22738125,130.295563125
Percussion,-1,82,A#5,100,0.1250001041666735,130.363745,130.48874510416667
Percussion,-1,56,G#3,127,0.05681822916668011,130.6364725,130.69329072916668
Percussion,-1,82,A#5,100,0.05681822916665169,130.77283625,130.82965447916666
Percussion,-1,56,G#3,127,0.0681818749999934,130.77283625,130.841018125
Percussion,-1,82,A#5,100,0.1022728124999901,130.9092,131.0114728125
Percussion,-1,56,G#3,127,0.05113640625000926,131.1819275,131.23306390625
Percussion,-1,82,A#5,100,0.06250005208335097,131.31829125,131.38079130208334
Percussion,-1,56,G#3,127,0.06818187500002182,131.31829125,131.386473125
Percussion,-1,82,A#5,100,0.1250001041666735,131.454655,131.57965510416668
Percussion,-1,56,G#3,127,0.05681822916665169,131.7273825,131.78420072916666
Percussion,-1,82,A#5,100,0.05681822916668011,131.86374625,131.92056447916667
Percussion,-1,56,G#3,127,0.06818187500002182,131.86374625,131.931928125
Percussion,-1,82,A#5,100,0.1022728124999901,132.00011,132.1023828125
Percussion,-1,56,G#3,127,0.05113640624998084,132.2728375,132.32397390625
Percussion,-1,82,A#5,100,0.06250005208335097,132.40920125,132.47170130208335
Percussion,-1,56,G#3,127,0.0681818749999934,132.40920125,132.477383125
Percussion,-1,82,A#5,100,0.1250001041666451,132.545565,132.67056510416666
Percussion,-1,56,G#3,127,0.05681822916665169,132.8182925,132.87511072916666
Percussion,-1,82,A#5,100,0.05681822916668011,132.95465625,133.01147447916668
Percussion,-1,56,G#3,127,0.0681818749999934,132.95465625,133.022838125
Percussion,-1,55,G3,127,0.09090916666667681,133.09102,133.18192916666666
Percussion,-1,82,A#5,100,0.18750015625002447,133.09102,133.27852015625
Percussion,-1,82,A#5,100,0.022727291666654992,136.36375,136.38647729166667
Percussion,-1,56,G#3,127,0.05681822916665169,136.36375,136.42056822916666
Percussion,-1,82,A#5,100,0.05681822916668011,136.50011375,136.55693197916668
Percussion,-1,56,G#3,127,0.0681818749999934,136.50011375,136.568295625
Percussion,-1,82,A#5,100,0.05113640625000926,136.77284125,136.82397765625
Percussion,-1,56,G#3,127,0.06250005208332254,136.77284125,136.83534130208332
Percussion,-1,82,A#5,100,0.05681822916668011,136.909205,136.96602322916667
Percussion,-1,56,G#3,127,0.06250005208335097,136.909205,136.97170505208334
Percussion,-1,82,A#5,100,0.05681822916668011,137.1819325,137.23875072916667
Percussion,-1,56,G#3,127,0.06250005208335097,137.1819325,137.24443255208334
Percussion,-1,82,A#5,100,0.10227281250001852,137.45466,137.5569328125
Percussion,-1,56,G#3,127,0.05113640625000926,137.7273875,137.77852390625
Percussion,-1,82,A#5,100,0.06250005208332254,137.86375125,137.92625130208333
Percussion,-1,56,G#3,127,0.0681818749999934,137.86375125,137.931933125
Percussion,-1,82,A#5,100,0.1250001041666735,138.000115,138.12511510416667
Percussion,-1,56,G#3,127,0.05681822916668011,138.2728425,138.32966072916668
Percussion,-1,82,A#5,100,0.05681822916665169,138.40920625,138.46602447916666
Percussion,-1,56,G#3,127,0.0681818749999934,138.40920625,138.477388125
Percussion,-1,82,A#5,100,0.1022728124999901,138.54557,138.6478428125
Percussion,-1,56,G#3,127,0.05113640625000926,138.8182975,138.86943390625
Percussion,-1,82,A#5,100,0.06250005208335097,138.95466125,139.01716130208334
Percussion,-1,56,G#3,127,0.06818187500002182,138.95466125,139.022843125
Percussion,-1,82,A#5,100,0.1250001041666735,139.091025,139.21602510416668
Percussion,-1,56,G#3,127,0.05681822916665169,139.3637525,139.42057072916666
Percussion,-1,82,A#5,100,0.05681822916668011,139.50011625,139.55693447916667
Percussion,-1,56,G#3,127,0.06818187500002182,139.50011625,139.568298125
Percussion,-1,82,A#5,100,0.1022728124999901,139.63648,139.7387528125
Percussion,-1,56,G#3,127,0.05113640624998084,139.9092075,139.96034390625
Percussion,-1,82,A#5,100,0.06250005208335097,140.04557125,140.10807130208335
Percussion,-1,56,G#3,127,0.0681818749999934,140.04557125,140.113753125
Percussion,-1,82,A#5,100,0.1250001041666451,140.181935,140.30693510416666
Percussion,-1,56,G#3,127,0.05681822916665169,140.4546625,140.51148072916666
Percussion,-1,82,A#5,100,0.05681822916668011,140.59102625,140.64784447916668
Percussion,-1,56,G#3,127,0.0681818749999934,140.59102625,140.659208125
Percussion,-1,82,A#5,100,0.10227281250001852,140.72738999999999,140.8296628125
Percussion,-1,56,G#3,127,0.05113640625000926,141.0001175,141.05125390625
Percussion,-1,82,A#5,100,0.06250005208332254,141.13648125,141.19898130208333
Percussion,-1,56,G#3,127,0.0681818749999934,141.13648125,141.204663125
Percussion,-1,82,A#5,100,0.1250001041666735,141.272845,141.39784510416666
Percussion,-1,56,G#3,127,0.05681822916668011,141.5455725,141.60239072916667
Percussion,-1,82,A#5,100,0.05681822916665169,141.68193625,141.73875447916666
Percussion,-1,56,G#3,127,0.0681818749999934,141.68193625,141.750118125
Percussion,-1,82,A#5,100,0.10227281250001852,141.8183,141.9205728125
Percussion,-1,56,G#3,127,0.05113640625000926,142.0910275,142.14216390625
Percussion,-1,82,A#5,100,0.06250005208332254,142.22739125,142.28989130208333
Percussion,-1,56,G#3,127,0.0681818749999934,142.22739125,142.295573125
Percussion,-1,82,A#5,100,0.1250001041666735,142.363755,142.48875510416667
Percussion,-1,56,G#3,127,0.05681822916665169,142.6364825,142.69330072916665
Percussion,-1,82,A#5,100,0.05681822916668011,142.77284625,142.82966447916667
Percussion,-1,56,G#3,127,0.06818187500002182,142.77284625,142.841028125
Percussion,-1,82,A#5,100,0.1022728124999901,142.90921,143.0114828125
Percussion,-1,56,G#3,127,0.05113640625000926,143.1819375,143.23307390625
Percussion,-1,82,A#5,100,0.06250005208335097,143.31830125,143.38080130208334
Percussion,-1,56,G#3,127,0.06818187500002182,143.31830125,143.386483125
Percussion,-1,82,A#5,100,0.1250001041666735,143.454665,143.57966510416668
Percussion,-1,56,G#3,127,0.05681822916665169,143.7273925,143.78421072916666
Percussion,-1,82,A#5,100,0.05681822916668011,143.86375625,143.92057447916667
Percussion,-1,56,G#3,127,0.0681818749999934,143.86375625,143.931938125
Percussion,-1,82,A#5,100,0.1022728124999901,144.00012,144.1023928125
Percussion,-1,56,G#3,127,0.05113640624998084,144.2728475,144.32398390625
Percussion,-1,82,A#5,100,0.06250005208332254,144.40921125,144.47171130208332
Percussion,-1,56,G#3,127,0.0681818749999934,144.40921125,144.477393125
Percussion,-1,82,A#5,100,0.1250001041666735,144.54557499999999,144.67057510416666
Percussion,-1,56,G#3,127,0.05681822916668011,144.8183025,144.87512072916667
Percussion,-1,82,A#5,100,0.05681822916665169,144.95466625,145.01148447916665
Percussion,-1,56,G#3,127,0.0681818749999934,144.95466625,145.022848125
Percussion,-1,82,A#5,100,0.10227281250001852,145.09103,145.1933028125
Percussion,-1,56,G#3,127,0.05113640625000926,145.3637575,145.41489390625
Percussion,-1,82,A#5,100,0.06250005208332254,145.50012125,145.56262130208333
Percussion,-1,56,G#3,127,0.0681818749999934,145.50012125,145.568303125
Percussion,-1,82,A#5,100,0.1250001041666735,145.636485,145.76148510416667
Percussion,-1,56,G#3,127,0.05681822916668011,145.9092125,145.96603072916668
Percussion,-1,82,A#5,100,0.05681822916665169,146.04557625,146.10239447916666
Percussion,-1,56,G#3,127,0.0681818749999934,146.04557625,146.113758125
Percussion,-1,82,A#5,100,0.1022728124999901,146.18194,146.2842128125
Percussion,-1,56,G#3,127,0.05113640625000926,146.4546675,146.50580390625
Percussion,-1,82,A#5,100,0.06250005208335097,146.59103125,146.65353130208334
Percussion,-1,56,G#3,127,0.06818187500002182,146.59103125,146.659213125
Percussion,-1,82,A#5,100,0.1250001041666735,146.727395,146.85239510416667
Percussion,-1,56,G#3,127,0.05681822916665169,147.0001225,147.05694072916666
Percussion,-1,82,A#5,100,0.05681822916668011,147.13648625,147.19330447916667
Percussion,-1,56,G#3,127,0.06818187500002182,147.13648625,147.204668125
Percussion,-1,82,A#5,100,0.1022728124999901,147.27285,147.3751228125
Percussion,-1,56,G#3,127,0.05113640624998084,147.5455775,147.59671390625
Percussion,-1,82,A#5,100,0.06250005208335097,147.68194125,147.74444130208335
Percussion,-1,56,G#3,127,0.0681818749999934,147.68194125,147.750123125
Percussion,-1,82,A#5,100,0.1250001041666451,147.818305,147.94330510416665
Percussion,-1,56,G#3,127,0.05681822916665169,148.0910325,148.14785072916666
Percussion,-1,82,A#5,100,0.05681822916668011,148.22739625,148.28421447916668
Percussion,-1,56,G#3,127,0.0681818749999934,148.22739625,148.295578125
Percussion,-1,82,A#5,100,0.10227281250001852,148.36375999999998,148.4660328125
Percussion,-1,56,G#3,127,0.05113640625000926,148.6364875,148.68762390625
Percussion,-1,82,A#5,100,0.06250005208332254,148.77285125,148.83535130208332
Percussion,-1,56,G#3,127,0.0681818749999934,148.77285125,148.841033125
Percussion,-1,82,A#5,100,0.1250001041666735,148.909215,149.03421510416666
Percussion,-1,56,G#3,127,0.05681822916668011,149.1819425,149.23876072916667
Percussion,-1,82,A#5,100,0.05681822916665169,149.31830625,149.37512447916666
Percussion,-1,56,G#3,127,0.0681818749999934,149.31830625,149.386488125
Percussion,-1,82,A#5,100,0.10227281250001852,149.45467,149.5569428125
Percussion,-1,56,G#3,127,0.05113640625000926,149.7273975,149.77853390625
Percussion,-1,82,A#5,100,0.06250005208332254,149.86376125,149.92626130208333
Percussion,-1,56,G#3,127,0.0681818749999934,149.86376125,149.931943125
Percussion,-1,82,A#5,100,0.1250001041666735,150.000125,150.12512510416667
Percussion,-1,56,G#3,127,0.05681822916668011,150.2728525,150.32967072916668
Percussion,-1,82,A#5,100,0.05681822916668011,150.40921625,150.46603447916667
Percussion,-1,56,G#3,127,0.06818187500002182,150.40921625,150.477398125
Percussion,-1,82,A#5,100,0.1022728124999901,150.54558,150.6478528125
Percussion,-1,56,G#3,127,0.05113640625000926,150.8183075,150.86944390625
Percussion,-1,82,A#5,100,0.06250005208335097,150.95467125,151.01717130208334
Percussion,-1,56,G#3,127,0.06818187500002182,150.95467125,151.022853125
Percussion,-1,82,A#5,100,0.1250001041666735,151.091035,151.21603510416668
Percussion,-1,56,G#3,127,0.05681822916665169,151.3637625,151.42058072916666
Percussion,-1,82,A#5,100,0.05681822916668011,151.50012625,151.55694447916667
Percussion,-1,56,G#3,127,0.0681818749999934,151.50012625,151.568308125
Percussion,-1,82,A#5,100,0.1022728124999901,151.63649,151.7387628125
Percussion,-1,56,G#3,127,0.05113640624998084,151.9092175,151.96035390625
Percussion,-1,82,A#5,100,0.06250005208332254,152.04558125,152.10808130208332
Percussion,-1,56,G#3,127,0.0681818749999934,152.04558125,152.113763125
Percussion,-1,82,A#5,100,0.1250001041666735,152.18194499999998,152.30694510416666
Percussion,-1,56,G#3,127,0.05681822916668011,152.4546725,152.51149072916667
Percussion,-1,82,A#5,100,0.05681822916665169,152.59103625,152.64785447916665
Percussion,-1,56,G#3,127,0.0681818749999934,152.59103625,152.659218125
Percussion,-1,82,A#5,100,0.10227281250001852,152.7274,152.8296728125
Percussion,-1,56,G#3,127,0.05113640625000926,153.0001275,153.05126390625
Percussion,-1,82,A#5,100,0.06250005208332254,153.13649125,153.19899130208333
Percussion,-1,56,G#3,127,0.0681818749999934,153.13649125,153.204673125
Percussion,-1,82,A#5,100,0.1250001041666735,153.272855,153.39785510416667
Percussion,-1,56,G#3,127,0.05681822916668011,153.5455825,153.60240072916667
Percussion,-1,82,A#5,100,0.05681822916665169,153.68194625,153.73876447916666
Percussion,-1,56,G#3,127,0.0681818749999934,153.68194625,153.750128125
Percussion,-1,82,A#5,100,0.1022728124999901,153.81831,153.9205828125
Percussion,-1,56,G#3,127,0.05113640625000926,154.0910375,154.14217390625
Percussion,-1,82,A#5,100,0.06250005208335097,154.22740124999999,154.28990130208334
Percussion,-1,56,G#3,127,0.06818187500002182,154.22740124999999,154.295583125
Percussion,-1,82,A#5,100,0.1250001041666735,154.363765,154.48876510416667
Percussion,-1,56,G#3,127,0.05681822916665169,154.6364925,154.69331072916665
Percussion,-1,82,A#5,100,0.05681822916668011,154.77285625,154.82967447916667
Percussion,-1,56,G#3,127,0.06818187500002182,154.77285625,154.841038125
Percussion,-1,82,A#5,100,0.1022728124999901,154.90922,155.0114928125
Percussion,-1,56,G#3,127,0.05113640624998084,155.1819475,155.23308390625
Percussion,-1,82,A#5,100,0.06250005208335097,155.31831125,155.38081130208334
Percussion,-1,56,G#3,127,0.0681818749999934,155.31831125,155.386493125
Percussion,-1,82,A#5,100,0.1250001041666451,155.454675,155.57967510416665
Percussion,-1,56,G#3,127,0.05681822916665169,155.7274025,155.78422072916666
Percussion,-1,82,A#5,100,0.05681822916668011,155.86376625,155.92058447916668
Percussion,-1,56,G#3,127,0.0681818749999934,155.86376625,155.931948125
Percussion,-1,82,A#5,100,0.1022728124999901,156.00013,156.1024028125
Percussion,-1,56,G#3,127,0.05113640625000926,156.2728575,156.32399390625
Percussion,-1,82,A#5,100,0.06250005208332254,156.40922125,156.47172130208332
Percussion,-1,56,G#3,127,0.0681818749999934,156.40922125,156.477403125
Percussion,-1,82,A#5,100,0.1250001041666735,156.545585,156.67058510416666
Percussion,-1,56,G#3,127,0.05681822916668011,156.8183125,156.87513072916667
Percussion,-1,82,A#5,100,0.05681822916665169,156.95467625,157.01149447916666
Percussion,-1,56,G#3,127,0.0681818749999934,156.95467625,157.022858125
Percussion,-1,82,A#5,100,0.10227281250001852,157.09104,157.1933128125
Percussion,-1,56,G#3,127,0.05113640625000926,157.3637675,157.41490390625
Percussion,-1,82,A#5,100,0.06250005208332254,157.50013125,157.56263130208333
Percussion,-1,56,G#3,127,0.0681818749999934,157.50013125,157.568313125
Percussion,-1,82,A#5,100,0.1250001041666735,157.636495,157.76149510416667
Percussion,-1,56,G#3,127,0.05681822916668011,157.9092225,157.96604072916668
Percussion,-1,82,A#5,100,0.05681822916668011,158.04558624999999,158.10240447916667
Percussion,-1,56,G#3,127,0.06818187500002182,158.04558624999999,158.113768125
Percussion,-1,82,A#5,100,0.1022728124999901,158.18195,158.2842228125
Percussion,-1,56,G#3,127,0.05113640625000926,158.4546775,158.50581390625
Percussion,-1,82,A#5,100,0.06250005208335097,158.59104125,158.65354130208334
Percussion,-1,56,G#3,127,0.06818187500002182,158.59104125,158.659223125
Percussion,-1,82,A#5,100,0.1250001041666735,158.727405,158.85240510416668
Percussion,-1,56,G#3,127,0.05681822916665169,159.0001325,159.05695072916666
Percussion,-1,82,A#5,100,0.05681822916668011,159.13649625,159.19331447916667
Percussion,-1,56,G#3,127,0.0681818749999934,159.13649625,159.204678125
Percussion,-1,82,A#5,100,0.1022728124999901,159.27286,159.3751328125
Percussion,-1,56,G#3,127,0.05113640624998084,159.5455875,159.59672390625
Percussion,-1,82,A#5,100,0.06250005208332254,159.68195125,159.74445130208332
Percussion,-1,56,G#3,127,0.0681818749999934,159.68195125,159.750133125
Percussion,-1,82,A#5,100,0.1250001041666451,159.818315,159.94331510416666
Percussion,-1,56,G#3,127,0.05681822916668011,160.0910425,160.14786072916667
Percussion,-1,82,A#5,100,0.05681822916665169,160.22740625,160.28422447916665
Percussion,-1,56,G#3,127,0.0681818749999934,160.22740625,160.295588125
Percussion,-1,82,A#5,100,0.10227281250001852,160.36377,160.4660428125
Percussion,-1,56,G#3,127,0.05113640625000926,160.6364975,160.68763390625
Percussion,-1,82,A#5,100,0.06250005208332254,160.77286125,160.83536130208333
Percussion,-1,56,G#3,127,0.0681818749999934,160.77286125,160.841043125
Percussion,-1,82,A#5,100,0.1250001041666735,160.909225,161.03422510416667
Percussion,-1,56,G#3,127,0.05681822916668011,161.1819525,161.23877072916667
Percussion,-1,82,A#5,100,0.05681822916665169,161.31831625,161.37513447916666
Percussion,-1,56,G#3,127,0.0681818749999934,161.31831625,161.386498125
Percussion,-1,82,A#5,100,0.1022728124999901,161.45468,161.5569528125
Percussion,-1,56,G#3,127,0.05113640625000926,161.7274075,161.77854390625
Percussion,-1,82,A#5,100,0.06250005208335097,161.86377124999999,161.92627130208334
Percussion,-1,56,G#3,127,0.06818187500002182,161.86377124999999,161.931953125
Percussion,-1,82,A#5,100,0.1250001041666735,162.000135,162.12513510416667
Percussion,-1,56,G#3,127,0.05681822916665169,162.2728625,162.32968072916665
Percussion,-1,82,A#5,100,0.05681822916668011,162.40922625,162.46604447916667
Percussion,-1,56,G#3,127,0.06818187500002182,162.40922625,162.477408125
Percussion,-1,82,A#5,100,0.1022728124999901,162.54559,162.6478628125
Percussion,-1,56,G#3,127,0.05113640624998084,162.8183175,162.86945390625
Percussion,-1,82,A#5,100,0.06250005208335097,162.95468125,163.01718130208334
Percussion,-1,56,G#3,127,0.0681818749999934,162.95468125,163.022863125
Percussion,-1,82,A#5,100,0.1250001041666451,163.091045,163.21604510416665
Percussion,-1,56,G#3,127,0.05681822916665169,163.3637725,163.42059072916666
Percussion,-1,82,A#5,100,0.05681822916668011,163.50013625,163.55695447916668
Percussion,-1,56,G#3,127,0.0681818749999934,163.50013625,163.568318125
Percussion,-1,82,A#5,100,0.1022728124999901,163.6365,163.7387728125
Percussion,-1,56,G#3,127,0.05113640625000926,163.9092275,163.96036390625
Percussion,-1,82,A#5,100,0.06250005208332254,164.04559125,164.10809130208332
Percussion,-1,56,G#3,127,0.0681818749999934,164.04559125,164.113773125
Percussion,-1,82,A#5,100,0.1250001041666735,164.181955,164.30695510416666
Percussion,-1,56,G#3,127,0.05681822916668011,164.4546825,164.51150072916667
Percussion,-1,82,A#5,100,0.05681822916665169,164.59104625,164.64786447916666
Percussion,-1,56,G#3,127,0.0681818749999934,164.59104625,164.659228125
Percussion,-1,82,A#5,100,0.10227281250001852,164.72741,164.8296828125
Percussion,-1,56,G#3,127,0.05113640625000926,165.0001375,165.05127390625
Percussion,-1,82,A#5,100,0.06250005208332254,165.13650125,165.19900130208333
Percussion,-1,56,G#3,127,0.0681818749999934,165.13650125,165.204683125
Percussion,-1,82,A#5,100,0.1250001041666735,165.272865,165.39786510416667
Percussion,-1,56,G#3,127,0.05681822916668011,165.5455925,165.60241072916668
Percussion,-1,82,A#5,100,0.05681822916668011,165.68195624999998,165.73877447916666
Percussion,-1,56,G#3,127,0.06818187500002182,165.68195624999998,165.750138125
Percussion,-1,82,A#5,100,0.1022728124999901,165.81832,165.9205928125
Percussion,-1,56,G#3,127,0.05113640625000926,166.0910475,166.14218390625
Percussion,-1,82,A#5,100,0.06250005208335097,166.22741125,166.28991130208334
Percussion,-1,56,G#3,127,0.06818187500002182,166.22741125,166.295593125
Percussion,-1,82,A#5,100,0.1250001041666735,166.363775,166.48877510416668
Percussion,-1,56,G#3,127,0.05681822916665169,166.6365025,166.69332072916666
Percussion,-1,82,A#5,100,0.05681822916668011,166.77286625,166.82968447916667
Percussion,-1,56,G#3,127,0.0681818749999934,166.77286625,166.841048125
Percussion,-1,82,A#5,100,0.1022728124999901,166.90923,167.0115028125
Percussion,-1,56,G#3,127,0.05113640624998084,167.1819575,167.23309390625
Percussion,-1,82,A#5,100,0.06250005208332254,167.31832125,167.38082130208332
Percussion,-1,56,G#3,127,0.0681818749999934,167.31832125,167.386503125
Percussion,-1,82,A#5,100,0.1250001041666451,167.454685,167.57968510416666
Percussion,-1,56,G#3,127,0.05681822916668011,167.72741249999999,167.78423072916667
Percussion,-1,82,A#5,100,0.05681822916665169,167.86377625,167.92059447916665
Percussion,-1,56,G#3,127,0.0681818749999934,167.86377625,167.931958125
Percussion,-1,82,A#5,100,0.10227281250001852,168.00014,168.1024128125
Percussion,-1,56,G#3,127,0.05113640625000926,168.2728675,168.32400390625
Percussion,-1,82,A#5,100,0.06250005208332254,168.40923125,168.47173130208333
Percussion,-1,56,G#3,127,0.0681818749999934,168.40923125,168.477413125
Percussion,-1,82,A#5,100,0.1250001041666735,168.545595,168.67059510416667
Percussion,-1,56,G#3,127,0.05681822916668011,168.8183225,168.87514072916667
Percussion,-1,82,A#5,100,0.05681822916665169,168.95468625,169.01150447916666
Percussion,-1,56,G#3,127,0.0681818749999934,168.95468625,169.022868125
Percussion,-1,82,A#5,100,0.1022728124999901,169.09105,169.19332281249999
Percussion,-1,56,G#3,127,0.05113640625000926,169.3637775,169.41491390625
Percussion,-1,82,A#5,100,0.06250005208335097,169.50014124999998,169.56264130208334
Percussion,-1,56,G#3,127,0.06818187500002182,169.50014124999998,169.568323125
Percussion,-1,82,A#5,100,0.1250001041666735,169.636505,169.76150510416667
Percussion,-1,56,G#3,127,0.05681822916665169,169.9092325,169.96605072916665
Percussion,-1,82,A#5,100,0.05681822916668011,170.04559625,170.10241447916667
Percussion,-1,56,G#3,127,0.06818187500002182,170.04559625,170.113778125
Percussion,-1,82,A#5,100,0.1022728124999901,170.18196,170.2842328125
Percussion,-1,56,G#3,127,0.05113640624998084,170.4546875,170.50582390625
Percussion,-1,82,A#5,100,0.06250005208335097,170.59105125,170.65355130208334
Percussion,-1,56,G#3,127,0.0681818749999934,170.59105125,170.659233125
Percussion,-1,82,A#5,100,0.1250001041666451,170.727415,170.85241510416665
Percussion,-1,56,G#3,127,0.05681822916665169,171.0001425,171.05696072916666
Percussion,-1,82,A#5,100,0.05681822916668011,171.13650625,171.19332447916668
Percussion,-1,56,G#3,127,0.0681818749999934,171.13650625,171.204688125
Percussion,-1,82,A#5,100,0.1022728124999901,171.27287,171.3751428125
Percussion,-1,56,G#3,127,0.05113640625000926,171.54559749999999,171.59673390625
Percussion,-1,82,A#5,100,0.06250005208332254,171.68196125,171.74446130208332
Percussion,-1,56,G#3,127,0.0681818749999934,171.68196125,171.750143125
Percussion,-1,82,A#5,100,0.1250001041666735,171.818325,171.94332510416666
Percussion,-1,56,G#3,127,0.05681822916668011,172.0910525,172.14787072916667
Percussion,-1,82,A#5,100,0.05681822916665169,172.22741625,172.28423447916666
Percussion,-1,56,G#3,127,0.0681818749999934,172.22741625,172.295598125
Percussion,-1,82,A#5,100,0.10227281250001852,172.36378,172.4660528125
Percussion,-1,56,G#3,127,0.05113640625000926,172.6365075,172.68764390625
Percussion,-1,82,A#5,100,0.06250005208332254,172.77287125,172.83537130208333
Percussion,-1,56,G#3,127,0.0681818749999934,172.77287125,172.841053125
Percussion,-1,82,A#5,100,0.1250001041666735,172.909235,173.03423510416667
Percussion,-1,56,G#3,127,0.05681822916668011,173.1819625,173.23878072916668
Percussion,-1,82,A#5,100,0.05681822916665169,173.31832625,173.37514447916666
Percussion,-1,56,G#3,127,0.0681818749999934,173.31832625,173.386508125
Percussion,-1,82,A#5,100,0.1022728124999901,173.45469,173.5569628125
Percussion,-1,56,G#3,127,0.05113640625000926,173.7274175,173.77855390625
Percussion,-1,82,A#5,100,0.06250005208335097,173.86378125,173.92628130208334
Percussion,-1,56,G#3,127,0.06818187500002182,173.86378125,173.931963125
Percussion,-1,82,A#5,100,0.1250001041666735,174.000145,174.12514510416668
Percussion,-1,56,G#3,127,0.05681822916665169,174.2728725,174.32969072916666
Percussion,-1,82,A#5,100,0.05681822916668011,174.40923625,174.46605447916667
Percussion,-1,56,G#3,127,0.0681818749999934,174.40923625,174.47741812499999
Percussion,-1,82,A#5,100,0.1022728124999901,174.5456,174.6478728125
Percussion,-1,56,G#3,127,0.05113640624998084,174.8183275,174.86946390625
Percussion,-1,82,A#5,100,0.06250005208332254,174.95469125,175.01719130208332
Percussion,-1,56,G#3,127,0.0681818749999934,174.95469125,175.022873125
Percussion,-1,82,A#5,100,0.1250001041666451,175.091055,175.21605510416666
Percussion,-1,56,G#3,127,0.05681822916668011,175.36378249999999,175.42060072916667
Percussion,-1,82,A#5,100,0.05681822916665169,175.50014625,175.55696447916665
Percussion,-1,56,G#3,127,0.0681818749999934,175.50014625,175.568328125
Percussion,-1,82,A#5,100,0.10227281250001852,175.63651,175.7387828125
Percussion,-1,56,G#3,127,0.05113640625000926,175.9092375,175.96037390625
Percussion,-1,82,A#5,100,0.06250005208332254,176.04560125,176.10810130208333
Percussion,-1,56,G#3,127,0.0681818749999934,176.04560125,176.113783125
Percussion,-1,82,A#5,100,0.1250001041666735,176.181965,176.30696510416666
Percussion,-1,56,G#3,127,0.05681822916668011,176.4546925,176.51151072916667
Percussion,-1,82,A#5,100,0.05681822916665169,176.59105625,176.64787447916666
Percussion,-1,56,G#3,127,0.0681818749999934,176.59105625,176.659238125
Percussion,-1,82,A#5,100,0.1022728124999901,176.72742,176.82969281249999
Percussion,-1,56,G#3,127,0.05113640625000926,177.0001475,177.05128390625
Percussion,-1,82,A#5,100,0.06250005208332254,177.13651125,177.19901130208333
Percussion,-1,56,G#3,127,0.0681818749999934,177.13651125,177.204693125
Percussion,-1,82,A#5,100,0.1250001041666735,177.272875,177.39787510416667
Percussion,-1,56,G#3,127,0.05681822916665169,177.5456025,177.60242072916665
Percussion,-1,82,A#5,100,0.05681822916668011,177.68196625,177.73878447916667
Percussion,-1,56,G#3,127,0.06818187500002182,177.68196625,177.750148125
Percussion,-1,82,A#5,100,0.1022728124999901,177.81833,177.9206028125
Percussion,-1,56,G#3,127,0.05113640624998084,178.0910575,178.14219390625
Percussion,-1,82,A#5,100,0.06250005208335097,178.22742125,178.28992130208334
Percussion,-1,56,G#3,127,0.0681818749999934,178.22742125,178.29560312499999
Percussion,-1,82,A#5,100,0.1250001041666451,178.363785,178.48878510416665
Percussion,-1,56,G#3,127,0.05681822916665169,178.6365125,178.69333072916666
Percussion,-1,82,A#5,100,0.05681822916668011,178.77287625,178.82969447916668
Percussion,-1,56,G#3,127,0.0681818749999934,178.77287625,178.841058125
Percussion,-1,82,A#5,100,0.1022728124999901,178.90924,179.0115128125
Percussion,-1,56,G#3,127,0.05113640625000926,179.18196749999998,179.23310390625
Percussion,-1,82,A#5,100,0.06250005208332254,179.31833125,179.38083130208332
Percussion,-1,56,G#3,127,0.0681818749999934,179.31833125,179.386513125
Percussion,-1,82,A#5,100,0.1250001041666735,179.454695,179.57969510416666
Percussion,-1,56,G#3,127,0.05681822916668011,179.7274225,179.78424072916667
Percussion,-1,82,A#5,100,0.05681822916665169,179.86378625,179.92060447916666
Percussion,-1,56,G#3,127,0.0681818749999934,179.86378625,179.931968125
Percussion,-1,82,A#5,100,0.10227281250001852,180.00015,180.1024228125
Percussion,-1,56,G#3,127,0.05113640625000926,180.2728775,180.32401390625
Percussion,-1,82,A#5,100,0.06250005208332254,180.40924125,180.47174130208333
Percussion,-1,56,G#3,127,0.0681818749999934,180.40924125,180.477423125
Percussion,-1,82,A#5,100,0.1250001041666735,180.545605,180.67060510416667
Percussion,-1,56,G#3,127,0.05681822916668011,180.8183325,180.87515072916668
Percussion,-1,82,A#5,100,0.05681822916665169,180.95469625,181.01151447916666
Percussion,-1,56,G#3,127,0.0681818749999934,180.95469625,181.022878125
Percussion,-1,82,A#5,100,0.1022728124999901,181.09106,181.1933328125
Percussion,-1,56,G#3,127,0.05113640625000926,181.3637875,181.41492390625
Percussion,-1,82,A#5,100,0.06250005208335097,181.50015125,181.56265130208334
Percussion,-1,56,G#3,127,0.06818187500002182,181.50015125,181.568333125
Percussion,-1,82,A#5,100,0.1250001041666735,181.636515,181.76151510416668
Percussion,-1,56,G#3,127,0.05681822916665169,181.9092425,181.96606072916666
Percussion,-1,82,A#5,100,0.05681822916668011,182.04560625,182.10242447916667
Percussion,-1,56,G#3,127,0.0681818749999934,182.04560625,182.11378812499999
Percussion,-1,82,A#5,100,0.1022728124999901,182.18197,182.2842428125
Percussion,-1,56,G#3,127,0.05113640624998084,182.4546975,182.50583390625
Percussion,-1,82,A#5,100,0.06250005208332254,182.59106125,182.65356130208332
Percussion,-1,56,G#3,127,0.0681818749999934,182.59106125,182.659243125
Percussion,-1,82,A#5,100,0.1250001041666451,182.727425,182.85242510416666
Percussion,-1,56,G#3,127,0.05681822916668011,183.00015249999998,183.05697072916666
Percussion,-1,82,A#5,100,0.05681822916665169,183.13651625,183.19333447916665
Percussion,-1,56,G#3,127,0.0681818749999934,183.13651625,183.204698125
Percussion,-1,82,A#5,100,0.10227281250001852,183.27288,183.3751528125
Percussion,-1,56,G#3,127,0.05113640625000926,183.5456075,183.59674390625
Percussion,-1,82,A#5,100,0.06250005208332254,183.68197125,183.74447130208333
Percussion,-1,56,G#3,127,0.0681818749999934,183.68197125,183.750153125
Percussion,-1,82,A#5,100,0.1250001041666735,183.818335,183.94333510416666
Percussion,-1,56,G#3,127,0.05681822916668011,184.0910625,184.14788072916667
Percussion,-1,82,A#5,100,0.05681822916665169,184.22742625,184.28424447916666
Percussion,-1,56,G#3,127,0.0681818749999934,184.22742625,184.295608125
Percussion,-1,82,A#5,100,0.1022728124999901,184.36379,184.46606281249998
Percussion,-1,56,G#3,127,0.05113640625000926,184.6365175,184.68765390625
Percussion,-1,82,A#5,100,0.06250005208332254,184.77288125,184.83538130208333
Percussion,-1,56,G#3,127,0.0681818749999934,184.77288125,184.841063125
Percussion,-1,82,A#5,100,0.1250001041666735,184.909245,185.03424510416667
Percussion,-1,56,G#3,127,0.05681822916665169,185.1819725,185.23879072916665
Percussion,-1,82,A#5,100,0.05681822916668011,185.31833625,185.37515447916667
Percussion,-1,56,G#3,127,0.06818187500002182,185.31833625,185.386518125
Percussion,-1,82,A#5,100,0.1022728124999901,185.4547,185.5569728125
Percussion,-1,56,G#3,127,0.05113640624998084,185.7274275,185.77856390624999
Percussion,-1,82,A#5,100,0.06250005208335097,185.86379125,185.92629130208334
Percussion,-1,56,G#3,127,0.0681818749999934,185.86379125,185.93197312499998
Percussion,-1,82,A#5,100,0.1250001041666451,186.000155,186.12515510416665
Percussion,-1,56,G#3,127,0.05681822916665169,186.2728825,186.32970072916666
Percussion,-1,82,A#5,100,0.05681822916668011,186.40924625,186.46606447916668
Percussion,-1,56,G#3,127,0.0681818749999934,186.40924625,186.477428125
Percussion,-1,82,A#5,100,0.1022728124999901,186.54561,186.6478828125
Percussion,-1,56,G#3,127,0.05113640624998084,186.8183375,186.86947390625
Percussion,-1,82,A#5,100,0.06250005208332254,186.95470125,187.01720130208332
Percussion,-1,56,G#3,127,0.0681818749999934,186.95470125,187.022883125
Percussion,-1,82,A#5,100,0.1250001041666735,187.091065,187.21606510416666
Percussion,-1,56,G#3,127,0.05681822916668011,187.3637925,187.42061072916667
Percussion,-1,82,A#5,100,0.05681822916665169,187.50015625,187.55697447916666
Percussion,-1,56,G#3,127,0.0681818749999934,187.50015625,187.568338125
Percussion,-1,82,A#5,100,0.10227281250001852,187.63652,187.7387928125
Percussion,-1,56,G#3,127,0.05113640625000926,187.9092475,187.96038390625
Percussion,-1,82,A#5,100,0.06250005208332254,188.04561125,188.10811130208333
Percussion,-1,56,G#3,127,0.0681818749999934,188.04561125,188.113793125
Percussion,-1,82,A#5,100,0.1250001041666735,188.181975,188.30697510416667
Percussion,-1,56,G#3,127,0.05681822916668011,188.4547025,188.51152072916668
Percussion,-1,82,A#5,100,0.05681822916665169,188.59106625,188.64788447916666
Percussion,-1,56,G#3,127,0.0681818749999934,188.59106625,188.659248125
Percussion,-1,82,A#5,100,0.1022728124999901,188.72743,188.8297028125
Percussion,-1,56,G#3,127,0.05113640625000926,189.0001575,189.05129390625
Percussion,-1,82,A#5,100,0.06250005208335097,189.13652125,189.19902130208334
Percussion,-1,56,G#3,127,0.06818187500002182,189.13652125,189.204703125
Percussion,-1,82,A#5,100,0.1250001041666735,189.272885,189.39788510416668
Percussion,-1,56,G#3,127,0.05681822916665169,189.5456125,189.60243072916666
Percussion,-1,82,A#5,100,0.05681822916668011,189.68197625,189.73879447916667
Percussion,-1,56,G#3,127,0.0681818749999934,189.68197625,189.75015812499998
Percussion,-1,82,A#5,100,0.1022728124999901,189.81834,189.9206128125
Percussion,-1,56,G#3,127,0.05113640624998084,190.0910675,190.14220390625
Percussion,-1,82,A#5,100,0.06250005208332254,190.22743125,190.28993130208332
Percussion,-1,56,G#3,127,0.0681818749999934,190.22743125,190.295613125
Percussion,-1,82,A#5,100,0.1250001041666451,190.363795,190.48879510416666
Percussion,-1,56,G#3,127,0.05681822916665169,190.6365225,190.69334072916666
Percussion,-1,82,A#5,100,0.05681822916668011,190.77288625,190.82970447916668
Percussion,-1,56,G#3,127,0.0681818749999934,190.77288625,190.841068125
Percussion,-1,82,A#5,100,0.10227281250001852,190.90925,191.0115228125
Percussion,-1,56,G#3,127,0.05113640625000926,191.1819775,191.23311390625
Percussion,-1,82,A#5,100,0.06250005208332254,191.31834125,191.38084130208333
Percussion,-1,56,G#3,127,0.0681818749999934,191.31834125,191.386523125
Percussion,-1,82,A#5,100,0.1250001041666735,191.454705,191.57970510416666
Percussion,-1,56,G#3,127,0.05681822916668011,191.7274325,191.78425072916667
Percussion,-1,82,A#5,100,0.05681822916665169,191.86379625,191.92061447916666
Percussion,-1,56,G#3,127,0.0681818749999934,191.86379625,191.931978125
Percussion,-1,82,A#5,100,0.10227281250001852,192.00016,192.1024328125
Percussion,-1,56,G#3,127,0.05113640625000926,192.2728875,192.32402390625
Percussion,-1,82,A#5,100,0.06250005208332254,192.40925125,192.47175130208333
Percussion,-1,56,G#3,127,0.0681818749999934,192.40925125,192.477433125
Percussion,-1,82,A#5,100,0.1250001041666735,192.545615,192.67061510416667
Percussion,-1,56,G#3,127,0.05681822916665169,192.8183425,192.87516072916665
Percussion,-1,82,A#5,100,0.05681822916668011,192.95470625,193.01152447916667
Percussion,-1,56,G#3,127,0.06818187500002182,192.95470625,193.022888125
Percussion,-1,82,A#5,100,0.1022728124999901,193.09107,193.1933428125
Percussion,-1,56,G#3,127,0.05113640624998084,193.3637975,193.41493390624998
Percussion,-1,82,A#5,100,0.06250005208335097,193.50016125,193.56266130208334
Percussion,-1,56,G#3,127,0.0681818749999934,193.50016125,193.56834312499998
Percussion,-1,82,A#5,100,0.1250001041666451,193.636525,193.76152510416665
Percussion,-1,56,G#3,127,0.05681822916665169,193.9092525,193.96607072916666
Percussion,-1,82,A#5,100,0.05681822916668011,194.04561625,194.10243447916667
Percussion,-1,56,G#3,127,0.0681818749999934,194.04561625,194.113798125
Percussion,-1,82,A#5,100,0.1022728124999901,194.18198,194.2842528125
Percussion,-1,56,G#3,127,0.05113640624998084,194.4547075,194.50584390625
Percussion,-1,82,A#5,100,0.06250005208332254,194.59107125,194.65357130208332
Percussion,-1,56,G#3,127,0.0681818749999934,194.59107125,194.659253125
Percussion,-1,82,A#5,100,0.1250001041666735,194.72743499999999,194.85243510416666
Percussion,-1,56,G#3,127,0.05681822916668011,195.0001625,195.05698072916667
Percussion,-1,82,A#5,100,0.05681822916665169,195.13652625,195.19334447916665
Percussion,-1,56,G#3,127,0.0681818749999934,195.13652625,195.204708125
Percussion,-1,82,A#5,100,0.10227281250001852,195.27289,195.3751628125
Percussion,-1,56,G#3,127,0.05113640625000926,195.5456175,195.59675390625
Percussion,-1,82,A#5,100,0.06250005208332254,195.68198125,195.74448130208333
Percussion,-1,56,G#3,127,0.0681818749999934,195.68198125,195.750163125
Percussion,-1,82,A#5,100,0.1250001041666735,195.818345,195.94334510416667
Percussion,-1,56,G#3,127,0.05681822916668011,196.0910725,196.14789072916668
Percussion,-1,82,A#5,100,0.05681822916665169,196.22743625,196.28425447916666
Percussion,-1,56,G#3,127,0.0681818749999934,196.22743625,196.295618125
Percussion,-1,82,A#5,100,0.1022728124999901,196.3638,196.4660728125
Percussion,-1,56,G#3,127,0.05113640625000926,196.6365275,196.68766390625
Percussion,-1,82,A#5,100,0.06250005208335097,196.77289125,196.83539130208334
Percussion,-1,56,G#3,127,0.06818187500002182,196.77289125,196.841073125
Percussion,-1,82,A#5,100,0.1250001041666735,196.909255,197.03425510416668
Percussion,-1,56,G#3,127,0.05681822916665169,197.1819825,197.23880072916666
Percussion,-1,82,A#5,100,0.05681822916668011,197.31834625,197.37516447916667
Percussion,-1,56,G#3,127,0.06818187500002182,197.31834625,197.386528125
Percussion,-1,82,A#5,100,0.1022728124999901,197.45471,197.5569828125
Percussion,-1,56,G#3,127,0.05113640624998084,197.7274375,197.77857390625
Percussion,-1,82,A#5,100,0.06250005208335097,197.86380125,197.92630130208335
Percussion,-1,56,G#3,127,0.0681818749999934,197.86380125,197.931983125
Percussion,-1,82,A#5,100,0.1250001041666451,198.000165,198.12516510416665
Percussion,-1,56,G#3,127,0.05681822916665169,198.2728925,198.32971072916666
Percussion,-1,82,A#5,100,0.05681822916668011,198.40925625,198.46607447916668
Percussion,-1,56,G#3,127,0.0681818749999934,198.40925625,198.477438125
Percussion,-1,82,A#5,100,0.10227281250001852,198.54561999999999,198.6478928125
Percussion,-1,56,G#3,127,0.05113640625000926,198.8183475,198.86948390625
Percussion,-1,82,A#5,100,0.06250005208332254,198.95471125,199.01721130208333
Percussion,-1,56,G#3,127,0.0681818749999934,198.95471125,199.022893125
Percussion,-1,82,A#5,100,0.1250001041666735,199.091075,199.21607510416666
Percussion,-1,56,G#3,127,0.05681822916668011,199.3638025,199.42062072916667
Percussion,-1,82,A#5,100,0.05681822916665169,199.50016625,199.55698447916666
Percussion,-1,56,G#3,127,0.0681818749999934,199.50016625,199.568348125
Percussion,-1,82,A#5,100,0.10227281250001852,199.63653,199.7388028125
Percussion,-1,56,G#3,127,0.05113640625000926,199.9092575,199.96039390625
Percussion,-1,82,A#5,100,0.06250005208332254,200.04562125,200.10812130208333
Percussion,-1,56,G#3,127,0.0681818749999934,200.04562125,200.113803125
Percussion,-1,82,A#5,100,0.1250001041666735,200.181985,200.30698510416667
Percussion,-1,56,G#3,127,0.05681822916665169,200.4547125,200.51153072916665
Percussion,-1,82,A#5,100,0.05681822916668011,200.59107625,200.64789447916667
Percussion,-1,56,G#3,127,0.06818187500002182,200.59107625,200.659258125
Percussion,-1,82,A#5,100,0.1022728124999901,200.72744,200.8297128125
Percussion,-1,56,G#3,127,0.05113640624998084,201.0001675,201.05130390624998
Percussion,-1,82,A#5,100,0.06250005208335097,201.13653125,201.19903130208334
Percussion,-1,56,G#3,127,0.06818187500002182,201.13653125,201.204713125
Percussion,-1,82,A#5,100,0.1250001041666735,201.272895,201.39789510416668
Percussion,-1,56,G#3,127,0.05681822916665169,201.5456225,201.60244072916666
Percussion,-1,82,A#5,100,0.05681822916668011,201.68198625,201.73880447916667
Percussion,-1,56,G#3,127,0.0681818749999934,201.68198625,201.750168125
Percussion,-1,82,A#5,100,0.1022728124999901,201.81835,201.9206228125
Percussion,-1,56,G#3,127,0.05113640624998084,202.0910775,202.14221390625
Percussion,-1,82,A#5,100,0.06250005208332254,202.22744125,202.28994130208332
Percussion,-1,56,G#3,127,0.0681818749999934,202.22744125,202.295623125
Percussion,-1,82,A#5,100,0.1250001041666735,202.36380499999999,202.48880510416666
Percussion,-1,56,G#3,127,0.05681822916668011,202.6365325,202.69335072916667
Percussion,-1,82,A#5,100,0.05681822916665169,202.77289625,202.82971447916665
Percussion,-1,56,G#3,127,0.0681818749999934,202.77289625,202.841078125
Percussion,-1,82,A#5,100,0.10227281250001852,202.90926,203.0115328125
Percussion,-1,56,G#3,127,0.05113640625000926,203.1819875,203.23312390625
Percussion,-1,82,A#5,100,0.06250005208332254,203.31835125,203.38085130208333
Percussion,-1,56,G#3,127,0.0681818749999934,203.31835125,203.386533125
Percussion,-1,82,A#5,100,0.1250001041666735,203.454715,203.57971510416667
Percussion,-1,56,G#3,127,0.05681822916668011,203.7274425,203.78426072916668
Percussion,-1,82,A#5,100,0.05681822916665169,203.86380625,203.92062447916666
Percussion,-1,56,G#3,127,0.0681818749999934,203.86380625,203.931988125
Percussion,-1,82,A#5,100,0.1022728124999901,204.00017,204.1024428125
Percussion,-1,56,G#3,127,0.05113640625000926,204.2728975,204.32403390625
Percussion,-1,82,A#5,100,0.06250005208335097,204.40926125,204.47176130208334
Percussion,-1,56,G#3,127,0.06818187500002182,204.40926125,204.477443125
Percussion,-1,82,A#5,100,0.1250001041666735,204.545625,204.67062510416667
Percussion,-1,56,G#3,127,0.05681822916665169,204.8183525,204.87517072916665
Percussion,-1,82,A#5,100,0.05681822916668011,204.95471625,205.01153447916667
Percussion,-1,56,G#3,127,0.06818187500002182,204.95471625,205.022898125
Percussion,-1,82,A#5,100,0.1022728124999901,205.09108,205.1933528125
Percussion,-1,56,G#3,127,0.05113640624998084,205.3638075,205.41494390625
Percussion,-1,82,A#5,100,0.06250005208335097,205.50017125,205.56267130208334
Percussion,-1,56,G#3,127,0.0681818749999934,205.50017125,205.568353125
Percussion,-1,82,A#5,100,0.1250001041666451,205.636535,205.76153510416665
Percussion,-1,56,G#3,127,0.05681822916665169,205.9092625,205.96608072916666
Percussion,-1,82,A#5,100,0.05681822916668011,206.04562625,206.10244447916668
Percussion,-1,56,G#3,127,0.0681818749999934,206.04562625,206.113808125
Percussion,-1,82,A#5,100,0.10227281250001852,206.18198999999998,206.2842628125
Percussion,-1,56,G#3,127,0.05113640625000926,206.4547175,206.50585390625
Percussion,-1,82,A#5,100,0.06250005208332254,206.59108125,206.65358130208332
Percussion,-1,56,G#3,127,0.0681818749999934,206.59108125,206.659263125
Percussion,-1,82,A#5,100,0.1250001041666735,206.727445,206.85244510416666
Percussion,-1,56,G#3,127,0.05681822916668011,207.0001725,207.05699072916667
Percussion,-1,82,A#5,100,0.05681822916665169,207.13653625,207.19335447916666
Percussion,-1,56,G#3,127,0.0681818749999934,207.13653625,207.204718125
Percussion,-1,82,A#5,100,0.10227281250001852,207.2729,207.3751728125
Percussion,-1,56,G#3,127,0.05113640625000926,207.5456275,207.59676390625
Percussion,-1,82,A#5,100,0.06250005208332254,207.68199125,207.74449130208333
Percussion,-1,56,G#3,127,0.0681818749999934,207.68199125,207.750173125
Percussion,-1,82,A#5,100,0.1250001041666735,207.818355,207.94335510416667
Percussion,-1,56,G#3,127,0.05681822916668011,208.0910825,208.14790072916668
Percussion,-1,82,A#5,100,0.05681822916668011,208.22744624999999,208.28426447916667
Percussion,-1,56,G#3,127,0.06818187500002182,208.22744624999999,208.295628125
Percussion,-1,82,A#5,100,0.1022728124999901,208.36381,208.4660828125
Percussion,-1,56,G#3,127,0.05113640625000926,208.6365375,208.68767390625
Percussion,-1,82,A#5,100,0.06250005208335097,208.77290125,208.83540130208334
Percussion,-1,56,G#3,127,0.06818187500002182,208.77290125,208.841083125
Percussion,-1,82,A#5,100,0.1250001041666735,208.909265,209.03426510416668
Percussion,-1,56,G#3,127,0.05681822916665169,209.1819925,209.23881072916666
Percussion,-1,82,A#5,100,0.05681822916668011,209.31835625,209.37517447916667
Percussion,-1,56,G#3,127,0.0681818749999934,209.31835625,209.386538125
Percussion,-1,82,A#5,100,0.1022728124999901,209.45472,209.5569928125
Percussion,-1,56,G#3,127,0.05113640624998084,209.7274475,209.77858390625
Percussion,-1,82,A#5,100,0.06250005208332254,209.86381125,209.92631130208332
Percussion,-1,56,G#3,127,0.0681818749999934,209.86381125,209.931993125
Percussion,-1,82,A#5,100,0.1250001041666735,210.00017499999998,210.12517510416666
Percussion,-1,56,G#3,127,0.05681822916668011,210.2729025,210.32972072916667
Percussion,-1,82,A#5,100,0.05681822916665169,210.40926625,210.46608447916665
Percussion,-1,56,G#3,127,0.0681818749999934,210.40926625,210.477448125
Percussion,-1,82,A#5,100,0.10227281250001852,210.54563,210.6479028125
Percussion,-1,56,G#3,127,0.05113640625000926,210.8183575,210.86949390625
Percussion,-1,82,A#5,100,0.06250005208332254,210.95472125,211.01722130208333
Percussion,-1,56,G#3,127,0.0681818749999934,210.95472125,211.022903125
Percussion,-1,82,A#5,100,0.1250001041666735,211.091085,211.21608510416667
Percussion,-1,56,G#3,127,0.05681822916668011,211.3638125,211.42063072916667
Percussion,-1,82,A#5,100,0.05681822916665169,211.50017625,211.55699447916666
Percussion,-1,56,G#3,127,0.0681818749999934,211.50017625,211.568358125
Percussion,-1,82,A#5,100,0.1022728124999901,211.63654,211.7388128125
Percussion,-1,56,G#3,127,0.05113640625000926,211.9092675,211.96040390625
Percussion,-1,82,A#5,100,0.06250005208335097,212.04563124999999,212.10813130208334
Percussion,-1,56,G#3,127,0.06818187500002182,212.04563124999999,212.113813125
Percussion,-1,82,A#5,100,0.1250001041666735,212.181995,212.30699510416667
Percussion,-1,56,G#3,127,0.05681822916665169,212.4547225,212.51154072916665
Percussion,-1,82,A#5,100,0.05681822916668011,212.59108625,212.64790447916667
Percussion,-1,56,G#3,127,0.06818187500002182,212.59108625,212.659268125
Percussion,-1,82,A#5,100,0.1022728124999901,212.72745,212.8297228125
Percussion,-1,56,G#3,127,0.05113640624998084,213.0001775,213.05131390625
Percussion,-1,82,A#5,100,0.06250005208335097,213.13654125,213.19904130208334
Percussion,-1,56,G#3,127,0.0681818749999934,213.13654125,213.204723125
Percussion,-1,82,A#5,100,0.1250001041666451,213.272905,213.39790510416665
Percussion,-1,56,G#3,127,0.05681822916665169,213.5456325,213.60245072916666
Percussion,-1,82,A#5,100,0.05681822916668011,213.68199625,213.73881447916668
Percussion,-1,56,G#3,127,0.0681818749999934,213.68199625,213.750178125
Percussion,-1,82,A#5,100,0.10227281250001852,213.81835999999998,213.9206328125
Percussion,-1,56,G#3,127,0.05113640625000926,214.0910875,214.14222390625
Percussion,-1,82,A#5,100,0.06250005208332254,214.22745125,214.28995130208332
Percussion,-1,56,G#3,127,0.0681818749999934,214.22745125,214.295633125
Percussion,-1,82,A#5,100,0.1250001041666735,214.363815,214.48881510416666
Percussion,-1,56,G#3,127,0.05681822916668011,214.6365425,214.69336072916667
Percussion,-1,82,A#5,100,0.05681822916665169,214.77290625,214.82972447916666
Percussion,-1,56,G#3,127,0.0681818749999934,214.77290625,214.841088125
Percussion,-1,82,A#5,100,0.10227281250001852,214.90927,215.0115428125
Percussion,-1,56,G#3,127,0.05113640625000926,215.1819975,215.23313390625
Percussion,-1,82,A#5,100,0.06250005208332254,215.31836125,215.38086130208333
Percussion,-1,56,G#3,127,0.0681818749999934,215.31836125,215.386543125
Percussion,-1,82,A#5,100,0.1250001041666735,215.454725,215.57972510416667
Percussion,-1,56,G#3,127,0.05681822916668011,215.7274525,215.78427072916668
Percussion,-1,82,A#5,100,0.05681822916668011,215.86381624999999,215.92063447916667
Percussion,-1,56,G#3,127,0.06818187500002182,215.86381624999999,215.931998125
Percussion,-1,82,A#5,100,0.1022728124999901,216.00018,216.1024528125
Percussion,-1,56,G#3,127,0.05113640625000926,216.2729075,216.32404390625
Percussion,-1,82,A#5,100,0.06250005208335097,216.40927125,216.47177130208334
Percussion,-1,56,G#3,127,0.06818187500002182,216.40927125,216.477453125
Percussion,-1,82,A#5,100,0.1250001041666735,216.545635,216.67063510416668
Percussion,-1,56,G#3,127,0.05681822916665169,216.8183625,216.87518072916666
Percussion,-1,82,A#5,100,0.05681822916668011,216.95472625,217.01154447916667
Percussion,-1,56,G#3,127,0.0681818749999934,216.95472625,217.022908125
Percussion,-1,82,A#5,100,0.1022728124999901,217.09109,217.1933628125
Percussion,-1,56,G#3,127,0.05113640624998084,217.3638175,217.41495390625
Percussion,-1,82,A#5,100,0.06250005208332254,217.50018125,217.56268130208332
Percussion,-1,56,G#3,127,0.0681818749999934,217.50018125,217.568363125
Percussion,-1,82,A#5,100,0.1250001041666451,217.636545,217.76154510416666
Percussion,-1,56,G#3,127,0.05681822916668011,217.9092725,217.96609072916667
Percussion,-1,82,A#5,100,0.05681822916665169,218.04563625,218.10245447916665
Percussion,-1,56,G#3,127,0.0681818749999934,218.04563625,218.113818125
Percussion,-1,82,A#5,100,0.10227281250001852,218.182,218.2842728125
Percussion,-1,56,G#3,127,0.05113640625000926,218.4547275,218.50586390625
Percussion,-1,82,A#5,100,0.06250005208332254,218.59109125,218.65359130208333
Percussion,-1,56,G#3,127,0.0681818749999934,218.59109125,218.659273125
Percussion,-1,82,A#5,100,0.1250001041666735,218.727455,218.85245510416667
Percussion,-1,56,G#3,127,0.05681822916668011,219.0001825,219.05700072916667
Percussion,-1,82,A#5,100,0.05681822916665169,219.13654625,219.19336447916666
Percussion,-1,56,G#3,127,0.0681818749999934,219.13654625,219.204728125
Percussion,-1,82,A#5,100,0.1022728124999901,219.27291,219.3751828125
Percussion,-1,56,G#3,127,0.05113640625000926,219.5456375,219.59677390625
Percussion,-1,82,A#5,100,0.06250005208335097,219.68200124999998,219.74450130208334
Percussion,-1,56,G#3,127,0.06818187500002182,219.68200124999998,219.750183125
Percussion,-1,82,A#5,100,0.1250001041666735,219.818365,219.94336510416667
Percussion,-1,56,G#3,127,0.05681822916665169,220.0910925,220.14791072916665
Percussion,-1,82,A#5,100,0.05681822916668011,220.22745625,220.28427447916667
Percussion,-1,56,G#3,127,0.06818187500002182,220.22745625,220.295638125
Percussion,-1,82,A#5,100,0.1022728124999901,220.36382,220.4660928125
Percussion,-1,56,G#3,127,0.05113640624998084,220.6365475,220.68768390625
Percussion,-1,82,A#5,100,0.06250005208335097,220.77291125,220.83541130208334
Percussion,-1,56,G#3,127,0.0681818749999934,220.77291125,220.841093125
Percussion,-1,82,A#5,100,0.1250001041666451,220.909275,221.03427510416665
Percussion,-1,56,G#3,127,0.05681822916665169,221.1820025,221.23882072916666
Percussion,-1,82,A#5,100,0.05681822916668011,221.31836625,221.37518447916668
Percussion,-1,56,G#3,127,0.0681818749999934,221.31836625,221.386548125
Percussion,-1,82,A#5,100,0.1022728124999901,221.45473,221.5570028125
Percussion,-1,56,G#3,127,0.05113640625000926,221.72745749999999,221.77859390625
Percussion,-1,82,A#5,100,0.06250005208332254,221.86382125,221.92632130208332
Percussion,-1,56,G#3,127,0.0681818749999934,221.86382125,221.932003125
Percussion,-1,82,A#5,100,0.1250001041666735,222.000185,222.12518510416666
Percussion,-1,56,G#3,127,0.05681822916668011,222.2729125,222.32973072916667
Percussion,-1,82,A#5,100,0.05681822916665169,222.40927625,222.46609447916666
Percussion,-1,56,G#3,127,0.0681818749999934,222.40927625,222.477458125
Percussion,-1,82,A#5,100,0.10227281250001852,222.54564,222.6479128125
Percussion,-1,56,G#3,127,0.05113640625000926,222.8183675,222.86950390625
Percussion,-1,82,A#5,100,0.06250005208332254,222.95473125,223.01723130208333
Percussion,-1,56,G#3,127,0.0681818749999934,222.95473125,223.022913125
Percussion,-1,82,A#5,100,0.1250001041666735,223.091095,223.21609510416667
Percussion,-1,56,G#3,127,0.05681822916668011,223.3638225,223.42064072916668
Percussion,-1,82,A#5,100,0.05681822916668011,223.50018624999998,223.55700447916666
Percussion,-1,56,G#3,127,0.06818187500002182,223.50018624999998,223.568368125
Percussion,-1,82,A#5,100,0.1022728124999901,223.63655,223.7388228125
Percussion,-1,56,G#3,127,0.05113640625000926,223.9092775,223.96041390625
Percussion,-1,82,A#5,100,0.06250005208335097,224.04564125,224.10814130208334
Percussion,-1,56,G#3,127,0.06818187500002182,224.04564125,224.113823125
Percussion,-1,82,A#5,100,0.1250001041666735,224.182005,224.30700510416668
Percussion,-1,56,G#3,127,0.05681822916665169,224.4547325,224.51155072916666
Percussion,-1,82,A#5,100,0.05681822916668011,224.59109625,224.64791447916667
Percussion,-1,56,G#3,127,0.0681818749999934,224.59109625,224.659278125
Percussion,-1,82,A#5,100,0.1022728124999901,224.72746,224.8297328125
Percussion,-1,56,G#3,127,0.05113640624998084,225.0001875,225.05132390625
Percussion,-1,82,A#5,100,0.06250005208332254,225.13655125,225.19905130208332
Percussion,-1,56,G#3,127,0.0681818749999934,225.13655125,225.204733125
Percussion,-1,82,A#5,100,0.1250001041666451,225.272915,225.39791510416666
Percussion,-1,56,G#3,127,0.05681822916668011,225.54564249999999,225.60246072916667
Percussion,-1,82,A#5,100,0.05681822916665169,225.68200625,225.73882447916665
Percussion,-1,56,G#3,127,0.0681818749999934,225.68200625,225.750188125
Percussion,-1,82,A#5,100,0.10227281250001852,225.81837,225.9206428125
Percussion,-1,56,G#3,127,0.05113640625000926,226.0910975,226.14223390625
Percussion,-1,82,A#5,100,0.06250005208332254,226.22746125,226.28996130208333
Percussion,-1,56,G#3,127,0.0681818749999934,226.22746125,226.295643125
Percussion,-1,82,A#5,100,0.1250001041666735,226.363825,226.48882510416666
Percussion,-1,56,G#3,127,0.05681822916668011,226.6365525,226.69337072916667
Percussion,-1,82,A#5,100,0.05681822916665169,226.77291625,226.82973447916666
Percussion,-1,56,G#3,127,0.0681818749999934,226.77291625,226.841098125
Percussion,-1,82,A#5,100,0.1022728124999901,226.90928,227.01155281249999
Percussion,-1,56,G#3,127,0.05113640625000926,227.1820075,227.23314390625
Percussion,-1,82,A#5,100,0.06250005208335097,227.31837124999998,227.38087130208334
Percussion,-1,56,G#3,127,0.06818187500002182,227.31837124999998,227.386553125
Percussion,-1,82,A#5,100,0.1250001041666735,227.454735,227.57973510416667
Percussion,-1,56,G#3,127,0.05681822916665169,227.7274625,227.78428072916665
Percussion,-1,82,A#5,100,0.05681822916668011,227.86382625,227.92064447916667
Percussion,-1,56,G#3,127,0.06818187500002182,227.86382625,227.932008125
Percussion,-1,82,A#5,100,0.1022728124999901,228.00019,228.1024628125
Percussion,-1,56,G#3,127,0.05113640624998084,228.2729175,228.32405390625
Percussion,-1,82,A#5,100,0.06250005208335097,228.40928125,228.47178130208334
Percussion,-1,56,G#3,127,0.0681818749999934,228.40928125,228.47746312499999
Percussion,-1,82,A#5,100,0.1250001041666451,228.545645,228.67064510416665
Percussion,-1,56,G#3,127,0.05681822916665169,228.8183725,228.87519072916666
Percussion,-1,82,A#5,100,0.05681822916668011,228.95473625,229.01155447916668
Percussion,-1,56,G#3,127,0.0681818749999934,228.95473625,229.022918125
Percussion,-1,82,A#5,100,0.1022728124999901,229.0911,229.1933728125
Percussion,-1,56,G#3,127,0.05113640625000926,229.36382749999999,229.41496390625
Percussion,-1,82,A#5,100,0.06250005208332254,229.50019125,229.56269130208332
Percussion,-1,56,G#3,127,0.0681818749999934,229.50019125,229.568373125
Percussion,-1,82,A#5,100,0.1250001041666735,229.636555,229.76155510416666
Percussion,-1,56,G#3,127,0.05681822916668011,229.9092825,229.96610072916667
Percussion,-1,82,A#5,100,0.05681822916665169,230.04564625,230.10246447916666
Percussion,-1,56,G#3,127,0.0681818749999934,230.04564625,230.113828125
Percussion,-1,82,A#5,100,0.10227281250001852,230.18201,230.2842828125
Percussion,-1,56,G#3,127,0.05113640625000926,230.4547375,230.50587390625
Percussion,-1,82,A#5,100,0.06250005208332254,230.59110125,230.65360130208333
Percussion,-1,56,G#3,127,0.0681818749999934,230.59110125,230.659283125
Percussion,-1,82,A#5,100,0.1250001041666735,230.727465,230.85246510416667
Percussion,-1,56,G#3,127,0.05681822916668011,231.0001925,231.05701072916668
Percussion,-1,82,A#5,100,0.05681822916668011,231.13655624999998,231.19337447916666
Percussion,-1,56,G#3,127,0.06818187500002182,231.13655624999998,231.204738125
Percussion,-1,82,A#5,100,0.1022728124999901,231.27292,231.3751928125
Percussion,-1,56,G#3,127,0.05113640625000926,231.5456475,231.59678390625
Percussion,-1,82,A#5,100,0.06250005208335097,231.68201125,231.74451130208334
Percussion,-1,56,G#3,127,0.06818187500002182,231.68201125,231.750193125
Percussion,-1,82,A#5,100,0.1250001041666735,231.818375,231.94337510416668
Percussion,-1,56,G#3,127,0.05681822916665169,232.0911025,232.14792072916666
Percussion,-1,82,A#5,100,0.05681822916668011,232.22746625,232.28428447916667
Percussion,-1,56,G#3,127,0.0681818749999934,232.22746625,232.29564812499999
Percussion,-1,82,A#5,100,0.1022728124999901,232.36383,232.4661028125
Percussion,-1,56,G#3,127,0.05113640624998084,232.6365575,232.68769390625
Percussion,-1,82,A#5,100,0.06250005208332254,232.77292125,232.83542130208332
Percussion,-1,56,G#3,127,0.0681818749999934,232.77292125,232.841103125
Percussion,-1,82,A#5,100,0.1250001041666451,232.909285,233.03428510416666
Percussion,-1,56,G#3,127,0.05681822916668011,233.18201249999998,233.23883072916666
Percussion,-1,82,A#5,100,0.05681822916665169,233.31837625,233.37519447916665
Percussion,-1,56,G#3,127,0.0681818749999934,233.31837625,233.386558125
Percussion,-1,82,A#5,100,0.10227281250001852,233.45474,233.5570128125
Percussion,-1,56,G#3,127,0.05113640625000926,233.7274675,233.77860390625
Percussion,-1,82,A#5,100,0.06250005208332254,233.86383125,233.92633130208333
Percussion,-1,56,G#3,127,0.0681818749999934,233.86383125,233.932013125
Percussion,-1,82,A#5,100,0.1250001041666735,234.000195,234.12519510416666
Percussion,-1,56,G#3,127,0.05681822916668011,234.2729225,234.32974072916667
Percussion,-1,82,A#5,100,0.05681822916665169,234.40928625,234.46610447916666
Percussion,-1,56,G#3,127,0.0681818749999934,234.40928625,234.477468125
Percussion,-1,82,A#5,100,0.1022728124999901,234.54565,234.64792281249998
Percussion,-1,56,G#3,127,0.05113640625000926,234.8183775,234.86951390625
Percussion,-1,82,A#5,100,0.06250005208332254,234.95474125,235.01724130208333
Percussion,-1,56,G#3,127,0.0681818749999934,234.95474125,235.022923125
Percussion,-1,82,A#5,100,0.1250001041666735,235.091105,235.21610510416667
Percussion,-1,56,G#3,127,0.05681822916665169,235.3638325,235.42065072916665
Percussion,-1,82,A#5,100,0.05681822916668011,235.50019625,235.55701447916667
Percussion,-1,56,G#3,127,0.06818187500002182,235.50019625,235.568378125
Percussion,-1,82,A#5,100,0.1022728124999901,235.63656,235.7388328125
Percussion,-1,56,G#3,127,0.05113640624998084,235.9092875,235.96042390624999
Percussion,-1,82,A#5,100,0.06250005208335097,236.04565125,236.10815130208334
Percussion,-1,56,G#3,127,0.0681818749999934,236.04565125,236.11383312499999
Percussion,-1,82,A#5,100,0.1250001041666451,236.182015,236.30701510416665
Percussion,-1,56,G#3,127,0.05681822916665169,236.4547425,236.51156072916666
Percussion,-1,82,A#5,100,0.05681822916668011,236.59110625,236.64792447916668
Percussion,-1,56,G#3,127,0.0681818749999934,236.59110625,236.659288125
Percussion,-1,82,A#5,100,0.1022728124999901,236.72747,236.8297428125
Percussion,-1,56,G#3,127,0.05113640625000926,237.00019749999998,237.05133390625
Percussion,-1,82,A#5,100,0.06250005208332254,237.13656125,237.19906130208332
Percussion,-1,56,G#3,127,0.0681818749999934,237.13656125,237.204743125
Percussion,-1,82,A#5,100,0.1250001041666735,237.272925,237.39792510416666
Percussion,-1,56,G#3,127,0.05681822916668011,237.5456525,237.60247072916667
Percussion,-1,82,A#5,100,0.05681822916665169,237.68201625,237.73883447916666
Percussion,-1,56,G#3,127,0.0681818749999934,237.68201625,237.750198125
Percussion,-1,55,G3,127,0.09090916666667681,237.81838,237.90928916666667
Percussion,-1,82,A#5,100,0.18750015624999605,237.81838,238.00588015625
Percussion,-1,82,A#5,100,0.03977276041666755,238.90929,238.94906276041667
Percussion,-1,55,G3,127,0.0795455208333351,238.90929,238.98883552083333
Percussion,-1,56,G#3,127,0.08522734375000596,238.90929,238.99451734375
Percussion,-1,56,G#3,127,0.08522734375000596,238.90929,238.99451734375
Percussion,-1,56,G#3,127,0.08522734375000596,238.90929,238.99451734375
Percussion,-1,82,A#5,100,0.06250005208335097,239.31838125,239.38088130208334
Percussion,-1,56,G#3,127,0.07386369791666425,239.31838125,239.39224494791665
Percussion,-1,56,G#3,127,0.07386369791666425,239.31838125,239.39224494791665
Percussion,-1,57,A3,127,0.08522734375000596,239.31838125,239.40360859375
Percussion,-1,56,G#3,127,0.0340909374999967,239.7274725,239.7615634375
Percussion,-1,56,G#3,127,0.0340909374999967,239.7274725,239.7615634375
Percussion,-1,82,A#5,100,0.06250005208332254,239.7274725,239.78997255208333
Percussion,-1,55,G3,127,0.07386369791666425,239.7274725,239.80133619791667
Percussion,-1,82,A#5,100,0.1022728124999901,240.0002,240.1024728125
Percussion,-1,56,G#3,127,0.05113640624998084,240.2729275,240.32406390625
Percussion,-1,82,A#5,100,0.06250005208332254,240.40929125,240.47179130208332
Percussion,-1,56,G#3,127,0.0681818749999934,240.40929125,240.477473125
Percussion,-1,82,A#5,100,0.1250001041666451,240.545655,240.67065510416666
Percussion,-1,56,G#3,127,0.05681822916668011,240.81838249999998,240.87520072916666
Percussion,-1,82,A#5,100,0.05681822916665169,240.95474625,241.01156447916665
Percussion,-1,56,G#3,127,0.0681818749999934,240.95474625,241.022928125
Percussion,-1,82,A#5,100,0.10227281250001852,241.09111,241.1933828125
Percussion,-1,56,G#3,127,0.05113640625000926,241.3638375,241.41497390625
Percussion,-1,82,A#5,100,0.06250005208332254,241.50020125,241.56270130208333
Percussion,-1,56,G#3,127,0.0681818749999934,241.50020125,241.568383125
Percussion,-1,82,A#5,100,0.1250001041666735,241.636565,241.76156510416666
Percussion,-1,56,G#3,127,0.05681822916668011,241.9092925,241.96611072916667
Percussion,-1,82,A#5,100,0.05681822916665169,242.04565625,242.10247447916666
Percussion,-1,56,G#3,127,0.0681818749999934,242.04565625,242.113838125
Percussion,-1,82,A#5,100,0.1022728124999901,242.18202,242.28429281249998
Percussion,-1,56,G#3,127,0.05113640625000926,242.4547475,242.50588390625
Percussion,-1,82,A#5,100,0.06250005208332254,242.59111125,242.65361130208333
Percussion,-1,56,G#3,127,0.0681818749999934,242.59111125,242.659293125
Percussion,-1,82,A#5,100,0.1250001041666735,242.727475,242.85247510416667
Percussion,-1,56,G#3,127,0.05681822916665169,243.0002025,243.05702072916665
Percussion,-1,82,A#5,100,0.05681822916668011,243.13656625,243.19338447916667
Percussion,-1,56,G#3,127,0.06818187500002182,243.13656625,243.204748125
Percussion,-1,82,A#5,100,0.1022728124999901,243.27293,243.3752028125
Percussion,-1,56,G#3,127,0.05113640624998084,243.5456575,243.59679390624999
Percussion,-1,82,A#5,100,0.06250005208335097,243.68202125,243.74452130208334
Percussion,-1,56,G#3,127,0.0681818749999934,243.68202125,243.75020312499998
Percussion,-1,82,A#5,100,0.1250001041666451,243.818385,243.94338510416665
Percussion,-1,56,G#3,127,0.05681822916665169,244.0911125,244.14793072916666
Percussion,-1,82,A#5,100,0.05681822916668011,244.22747625,244.28429447916668
Percussion,-1,56,G#3,127,0.0681818749999934,244.22747625,244.295658125
Percussion,-1,82,A#5,100,0.1022728124999901,244.36384,244.4661128125
Percussion,-1,56,G#3,127,0.05113640625000926,244.63656749999998,244.68770390625
Percussion,-1,82,A#5,100,0.06250005208332254,244.77293125,244.83543130208332
Percussion,-1,56,G#3,127,0.0681818749999934,244.77293125,244.841113125
Percussion,-1,82,A#5,100,0.1250001041666735,244.909295,245.03429510416666
Percussion,-1,56,G#3,127,0.05681822916668011,245.1820225,245.23884072916667
Percussion,-1,82,A#5,100,0.05681822916665169,245.31838625,245.37520447916665
Percussion,-1,56,G#3,127,0.0681818749999934,245.31838625,245.386568125
Percussion,-1,82,A#5,100,0.10227281250001852,245.45475,245.5570228125
Percussion,-1,56,G#3,127,0.05113640625000926,245.7274775,245.77861390625
Percussion,-1,82,A#5,100,0.06250005208332254,245.86384125,245.92634130208333
Percussion,-1,56,G#3,127,0.0681818749999934,245.86384125,245.932023125
Percussion,-1,82,A#5,100,0.1250001041666735,246.000205,246.12520510416667
Percussion,-1,56,G#3,127,0.05681822916668011,246.2729325,246.32975072916668
Percussion,-1,82,A#5,100,0.05681822916665169,246.40929625,246.46611447916666
Percussion,-1,56,G#3,127,0.0681818749999934,246.40929625,246.477478125
Percussion,-1,82,A#5,100,0.1022728124999901,246.54566,246.6479328125
Percussion,-1,56,G#3,127,0.05113640625000926,246.8183875,246.86952390625
Percussion,-1,82,A#5,100,0.06250005208335097,246.95475125,247.01725130208334
Percussion,-1,56,G#3,127,0.06818187500002182,246.95475125,247.022933125
Percussion,-1,82,A#5,100,0.1250001041666735,247.091115,247.21611510416668
Percussion,-1,56,G#3,127,0.05681822916665169,247.3638425,247.42066072916666
Percussion,-1,82,A#5,100,0.05681822916668011,247.50020625,247.55702447916667
Percussion,-1,56,G#3,127,0.0681818749999934,247.50020625,247.56838812499998
Percussion,-1,82,A#5,100,0.1022728124999901,247.63657,247.7388428125
Percussion,-1,56,G#3,127,0.05113640624998084,247.9092975,247.96043390625
Percussion,-1,82,A#5,100,0.06250005208332254,248.04566125,248.10816130208332
Percussion,-1,56,G#3,127,0.0681818749999934,248.04566125,248.113843125
Percussion,-1,82,A#5,100,0.1250001041666451,248.182025,248.30702510416666
Percussion,-1,56,G#3,127,0.05681822916665169,248.4547525,248.51157072916666
Percussion,-1,82,A#5,100,0.05681822916665169,248.59111625,248.64793447916665
Percussion,-1,56,G#3,127,0.0681818749999934,248.59111625,248.659298125
Percussion,-1,82,A#5,100,0.10227281250001852,248.72747999999999,248.8297528125
Percussion,-1,56,G#3,127,0.05113640625000926,249.0002075,249.05134390625
Percussion,-1,82,A#5,100,0.06250005208332254,249.13657125,249.19907130208333
Percussion,-1,56,G#3,127,0.0681818749999934,249.13657125,249.204753125
Percussion,-1,82,A#5,100,0.1250001041666735,249.272935,249.39793510416666
Percussion,-1,56,G#3,127,0.05681822916668011,249.5456625,249.60248072916667
Percussion,-1,82,A#5,100,0.05681822916665169,249.68202625,249.73884447916666
Percussion,-1,56,G#3,127,0.0681818749999934,249.68202625,249.750208125
Percussion,-1,82,A#5,100,0.1022728124999901,249.81839,249.92066281249998
Percussion,-1,56,G#3,127,0.05113640625000926,250.0911175,250.14225390625
Percussion,-1,82,A#5,100,0.06250005208332254,250.22748125,250.28998130208333
Percussion,-1,56,G#3,127,0.0681818749999934,250.22748125,250.295663125
Percussion,-1,82,A#5,100,0.1250001041666735,250.363845,250.48884510416667
Percussion,-1,56,G#3,127,0.05681822916665169,250.6365725,250.69339072916665
Percussion,-1,82,A#5,100,0.05681822916668011,250.77293625,250.82975447916667
Percussion,-1,56,G#3,127,0.06818187500002182,250.77293625,250.841118125
Percussion,-1,82,A#5,100,0.1022728124999901,250.9093,251.0115728125
Percussion,-1,56,G#3,127,0.05113640624998084,251.1820275,251.23316390624998
Percussion,-1,82,A#5,100,0.06250005208335097,251.31839125,251.38089130208334
Percussion,-1,56,G#3,127,0.0681818749999934,251.31839125,251.38657312499998
Percussion,-1,82,A#5,100,0.1250001041666451,251.454755,251.57975510416665
Percussion,-1,56,G#3,127,0.05681822916665169,251.7274825,251.78430072916666
Percussion,-1,82,A#5,100,0.05681822916668011,251.86384625,251.92066447916667
Percussion,-1,56,G#3,127,0.0681818749999934,251.86384625,251.932028125
Percussion,-1,82,A#5,100,0.1022728124999901,252.00021,252.1024828125
Percussion,-1,56,G#3,127,0.05113640624998084,252.2729375,252.32407390625
Percussion,-1,82,A#5,100,0.06250005208332254,252.40930125,252.47180130208332
Percussion,-1,56,G#3,127,0.0681818749999934,252.40930125,252.477483125
Percussion,-1,82,A#5,100,0.1250001041666735,252.54566499999999,252.67066510416666
Percussion,-1,56,G#3,127,0.05681822916668011,252.8183925,252.87521072916667
Percussion,-1,82,A#5,100,0.05681822916665169,252.95475625,253.01157447916665
Percussion,-1,56,G#3,127,0.0681818749999934,252.95475625,253.022938125
Percussion,-1,82,A#5,100,0.10227281250001852,253.09112,253.1933928125
Percussion,-1,56,G#3,127,0.05113640625000926,253.3638475,253.41498390625
Percussion,-1,82,A#5,100,0.06250005208332254,253.50021125,253.56271130208333
Percussion,-1,56,G#3,127,0.0681818749999934,253.50021125,253.568393125
Percussion,-1,82,A#5,100,0.1250001041666735,253.636575,253.76157510416667
Percussion,-1,56,G#3,127,0.05681822916668011,253.9093025,253.96612072916668
Percussion,-1,82,A#5,100,0.05681822916665169,254.04566625,254.10248447916666
Percussion,-1,56,G#3,127,0.0681818749999934,254.04566625,254.113848125
Percussion,-1,82,A#5,100,0.1022728124999901,254.18203,254.2843028125
Percussion,-1,56,G#3,127,0.05113640625000926,254.4547575,254.50589390625
Percussion,-1,82,A#5,100,0.06250005208335097,254.59112125,254.65362130208334
Percussion,-1,56,G#3,127,0.06818187500002182,254.59112125,254.659303125
Percussion,-1,82,A#5,100,0.1250001041666735,254.727485,254.85248510416668
Percussion,-1,56,G#3,127,0.05681822916665169,255.0002125,255.05703072916666
Percussion,-1,82,A#5,100,0.05681822916668011,255.13657625,255.19339447916667
Percussion,-1,56,G#3,127,0.0681818749999934,255.13657625,255.20475812499998
Percussion,-1,82,A#5,100,0.1022728124999901,255.27294,255.3752128125
Percussion,-1,56,G#3,127,0.05113640624998084,255.5456675,255.59680390625
Percussion,-1,82,A#5,100,0.06250005208335097,255.68203125,255.74453130208335
Percussion,-1,56,G#3,127,0.0681818749999934,255.68203125,255.750213125
Percussion,-1,82,A#5,100,0.1250001041666451,255.818395,255.94339510416665
Percussion,-1,56,G#3,127,0.056818229166708534,256.0911225,256.1479407291667
Percussion,-1,82,A#5,100,0.056818229166708534,256.22748624999997,256.2843044791667
Percussion,-1,56,G#3,127,0.06818187500005024,256.22748624999997,256.295668125
Percussion,-1,82,A#5,100,0.10227281249996167,256.36385,256.4661228125
Percussion,-1,56,G#3,127,0.05113640625000926,256.6365775,256.68771390625
Percussion,-1,82,A#5,100,0.06250005208335097,256.77294125,256.8354413020833
Percussion,-1,56,G#3,127,0.06818187500005024,256.77294125,256.841123125
Percussion,-1,82,A#5,100,0.1250001041666451,256.909305,257.03430510416666
Percussion,-1,56,G#3,127,0.05681822916665169,257.1820325,257.23885072916664
Percussion,-1,82,A#5,100,0.056818229166708534,257.31839625,257.3752144791667
Percussion,-1,56,G#3,127,0.0681818749999934,257.31839625,257.38657812499997
Percussion,-1,82,A#5,100,0.10227281249996167,257.45476,257.5570328125
Percussion,-1,56,G#3,127,0.05113640625000926,257.7274875,257.77862390625
Percussion,-1,82,A#5,100,0.06250005208335097,257.86385125,257.92635130208333
Percussion,-1,56,G#3,127,0.0681818749999934,257.86385125,257.932033125
Percussion,-1,82,A#5,100,0.1250001041666451,258.000215,258.12521510416667
Percussion,-1,56,G#3,127,0.05681822916665169,258.2729425,258.32976072916665
Percussion,-1,82,A#5,100,0.05681822916665169,258.40930625,258.46612447916664
Percussion,-1,56,G#3,127,0.0681818749999934,258.40930625,258.477488125
Percussion,-1,82,A#5,100,0.10227281250001852,258.54567,258.6479428125
Percussion,-1,56,G#3,127,0.05113640625000926,258.8183975,258.86953390625
Percussion,-1,82,A#5,100,0.06250005208335097,258.95476125,259.01726130208334
Percussion,-1,56,G#3,127,0.0681818749999934,258.95476125,259.022943125
Percussion,-1,82,A#5,100,0.12500010416670193,259.091125,259.2161251041667
Percussion,-1,56,G#3,127,0.05681822916665169,259.3638525,259.42067072916666
Percussion,-1,82,A#5,100,0.05681822916665169,259.50021625,259.55703447916665
Percussion,-1,56,G#3,127,0.0681818749999934,259.50021625,259.568398125
Percussion,-1,82,A#5,100,0.10227281250001852,259.63658,259.7388528125
Percussion,-1,56,G#3,127,0.05113640625000926,259.9093075,259.96044390625
Percussion,-1,82,A#5,100,0.06250005208335097,260.04567125,260.10817130208335
Percussion,-1,56,G#3,127,0.0681818749999934,260.04567125,260.113853125
Percussion,-1,82,A#5,100,0.12500010416670193,260.182035,260.3070351041667
Percussion,-1,56,G#3,127,0.05681822916665169,260.4547625,260.51158072916667
Percussion,-1,82,A#5,100,0.05681822916665169,260.59112625,260.64794447916665
Percussion,-1,56,G#3,127,0.0681818749999934,260.59112625,260.659308125
Percussion,-1,82,A#5,100,0.10227281250001852,260.72749,260.8297628125
Percussion,-1,56,G#3,127,0.051136406249952415,261.0002175,261.05135390625
Percussion,-1,82,A#5,100,0.06250005208335097,261.13658125,261.19908130208336
Percussion,-1,56,G#3,127,0.0681818749999934,261.13658125,261.204763125
Percussion,-1,82,A#5,100,0.1250001041666451,261.272945,261.39794510416664
Percussion,-1,56,G#3,127,0.05681822916665169,261.5456725,261.6024907291667
Percussion,-1,82,A#5,100,0.05681822916665169,261.68203625,261.73885447916666
Percussion,-1,56,G#3,127,0.0681818749999934,261.68203625,261.750218125
Percussion,-1,82,A#5,100,0.10227281250001852,261.8184,261.9206728125
Percussion,-1,56,G#3,127,0.05113640625000926,262.09112749999997,262.14226390625
Percussion,-1,82,A#5,100,0.06250005208329412,262.22749125,262.2899913020833
Percussion,-1,56,G#3,127,0.0681818749999934,262.22749125,262.295673125
Percussion,-1,82,A#5,100,0.1250001041666451,262.363855,262.48885510416665
Percussion,-1,56,G#3,127,0.056818229166708534,262.6365825,262.6934007291667
Percussion,-1,82,A#5,100,0.05681822916665169,262.77294625,262.82976447916667
Percussion,-1,56,G#3,127,0.0681818749999934,262.77294625,262.841128125
Percussion,-1,82,A#5,100,0.10227281250001852,262.90931,263.0115828125
Percussion,-1,56,G#3,127,0.05113640625000926,263.1820375,263.23317390625
Percussion,-1,82,A#5,100,0.06250005208329412,263.31840125,263.3809013020833
Percussion,-1,56,G#3,127,0.0681818749999934,263.31840125,263.386583125
Percussion,-1,82,A#5,100,0.1250001041666451,263.454765,263.57976510416665
Percussion,-1,56,G#3,127,0.056818229166708534,263.7274925,263.7843107291667
Percussion,-1,82,A#5,100,0.05681822916665169,263.86385625,263.9206744791667
Percussion,-1,56,G#3,127,0.0681818749999934,263.86385625,263.932038125
Percussion,-1,82,A#5,100,0.10227281249996167,264.00022,264.1024928125
Percussion,-1,56,G#3,127,0.05113640625000926,264.2729475,264.32408390625
Percussion,-1,82,A#5,100,0.06250005208335097,264.40931125,264.4718113020833
Percussion,-1,56,G#3,127,0.06818187500005024,264.40931125,264.477493125
Percussion,-1,82,A#5,100,0.1250001041666451,264.545675,264.67067510416666
Percussion,-1,56,G#3,127,0.05681822916665169,264.8184025,264.87522072916664
Percussion,-1,82,A#5,100,0.056818229166708534,264.95476625,265.0115844791667
Percussion,-1,56,G#3,127,0.0681818749999934,264.95476625,265.02294812499997
Percussion,-1,82,A#5,100,0.10227281249996167,265.09113,265.1934028125
Percussion,-1,56,G#3,127,0.05113640625000926,265.3638575,265.41499390625
Percussion,-1,82,A#5,100,0.06250005208335097,265.50022125,265.56272130208333
Percussion,-1,56,G#3,127,0.0681818749999934,265.50022125,265.568403125
Percussion,-1,82,A#5,100,0.1250001041666451,265.636585,265.76158510416667
Percussion,-1,56,G#3,127,0.05681822916665169,265.9093125,265.96613072916665
Percussion,-1,82,A#5,100,0.05681822916665169,266.04567625,266.10249447916664
Percussion,-1,56,G#3,127,0.0681818749999934,266.04567625,266.113858125
Percussion,-1,82,A#5,100,0.10227281250001852,266.18204,266.2843128125
Percussion,-1,56,G#3,127,0.05113640625000926,266.4547675,266.50590390625
Percussion,-1,82,A#5,100,0.06250005208335097,266.59113125,266.65363130208334
Percussion,-1,56,G#3,127,0.0681818749999934,266.59113125,266.659313125
Percussion,-1,82,A#5,100,0.12500010416670193,266.727495,266.8524951041667
Percussion,-1,56,G#3,127,0.05681822916665169,267.0002225,267.05704072916666
Percussion,-1,82,A#5,100,0.05681822916665169,267.13658625,267.19340447916665
Percussion,-1,56,G#3,127,0.0681818749999934,267.13658625,267.204768125
Percussion,-1,82,A#5,100,0.10227281250001852,267.27295,267.3752228125
Percussion,-1,56,G#3,127,0.05113640625000926,267.5456775,267.59681390625
Percussion,-1,82,A#5,100,0.06250005208335097,267.68204125,267.74454130208335
Percussion,-1,56,G#3,127,0.0681818749999934,267.68204125,267.750223125
Percussion,-1,82,A#5,100,0.12500010416670193,267.818405,267.9434051041667
Percussion,-1,56,G#3,127,0.05681822916665169,268.0911325,268.14795072916667
Percussion,-1,82,A#5,100,0.05681822916665169,268.22749625,268.28431447916665
Percussion,-1,56,G#3,127,0.0681818749999934,268.22749625,268.295678125
Percussion,-1,82,A#5,100,0.10227281250001852,268.36386,268.4661328125
Percussion,-1,56,G#3,127,0.051136406249952415,268.6365875,268.68772390624997
Percussion,-1,82,A#5,100,0.06250005208335097,268.77295125,268.83545130208336
Percussion,-1,56,G#3,127,0.0681818749999934,268.77295125,268.841133125
Percussion,-1,82,A#5,100,0.1250001041666451,268.909315,269.03431510416664
Percussion,-1,56,G#3,127,0.05681822916665169,269.1820425,269.2388607291667
Percussion,-1,82,A#5,100,0.05681822916665169,269.31840625,269.37522447916666
Percussion,-1,56,G#3,127,0.0681818749999934,269.31840625,269.386588125
Percussion,-1,82,A#5,100,0.10227281250001852,269.45477,269.5570428125
Percussion,-1,56,G#3,127,0.05113640625000926,269.72749749999997,269.77863390625
Percussion,-1,82,A#5,100,0.06250005208329412,269.86386125,269.9263613020833
Percussion,-1,56,G#3,127,0.0681818749999934,269.86386125,269.932043125
Percussion,-1,82,A#5,100,0.1250001041666451,270.000225,270.12522510416665
Percussion,-1,56,G#3,127,0.056818229166708534,270.2729525,270.3297707291667
Percussion,-1,82,A#5,100,0.05681822916665169,270.40931625,270.46613447916667
Percussion,-1,56,G#3,127,0.0681818749999934,270.40931625,270.477498125
Percussion,-1,82,A#5,100,0.10227281250001852,270.54568,270.6479528125
Percussion,-1,56,G#3,127,0.05113640625000926,270.8184075,270.86954390625
Percussion,-1,82,A#5,100,0.06250005208329412,270.95477125,271.0172713020833
Percussion,-1,56,G#3,127,0.0681818749999934,270.95477125,271.022953125
Percussion,-1,82,A#5,100,0.1250001041666451,271.091135,271.21613510416665
Percussion,-1,56,G#3,127,0.056818229166708534,271.3638625,271.4206807291667
Percussion,-1,82,A#5,100,0.05681822916665169,271.50022625,271.5570444791667
Percussion,-1,56,G#3,127,0.0681818749999934,271.50022625,271.568408125
Percussion,-1,82,A#5,100,0.10227281249996167,271.63659,271.7388628125
Percussion,-1,56,G#3,127,0.05113640625000926,271.9093175,271.96045390625
Percussion,-1,82,A#5,100,0.06250005208335097,272.04568125,272.1081813020833
Percussion,-1,56,G#3,127,0.06818187500005024,272.04568125,272.113863125
Percussion,-1,82,A#5,100,0.1250001041666451,272.182045,272.30704510416666
Percussion,-1,56,G#3,127,0.05681822916665169,272.4547725,272.51159072916664
Percussion,-1,82,A#5,100,0.056818229166708534,272.59113625,272.6479544791667
Percussion,-1,56,G#3,127,0.0681818749999934,272.59113625,272.65931812499997
Percussion,-1,82,A#5,100,0.10227281249996167,272.7275,272.8297728125
Percussion,-1,56,G#3,127,0.05113640625000926,273.0002275,273.05136390625
Percussion,-1,82,A#5,100,0.06250005208335097,273.13659125,273.19909130208333
Percussion,-1,56,G#3,127,0.0681818749999934,273.13659125,273.204773125
Percussion,-1,82,A#5,100,0.1250001041666451,273.272955,273.39795510416667
Percussion,-1,56,G#3,127,0.05681822916665169,273.5456825,273.60250072916665
Percussion,-1,82,A#5,100,0.05681822916665169,273.68204625,273.73886447916664
Percussion,-1,56,G#3,127,0.0681818749999934,273.68204625,273.750228125
Percussion,-1,82,A#5,100,0.10227281250001852,273.81841,273.9206828125
Percussion,-1,56,G#3,127,0.05113640625000926,274.0911375,274.14227390625
Percussion,-1,82,A#5,100,0.06250005208335097,274.22750125,274.29000130208334
Percussion,-1,56,G#3,127,0.0681818749999934,274.22750125,274.295683125
Percussion,-1,82,A#5,100,0.12500010416670193,274.363865,274.4888651041667
Percussion,-1,56,G#3,127,0.05681822916665169,274.6365925,274.69341072916666
Percussion,-1,82,A#5,100,0.05681822916665169,274.77295625,274.82977447916664
Percussion,-1,56,G#3,127,0.0681818749999934,274.77295625,274.841138125
Percussion,-1,82,A#5,100,0.10227281250001852,274.90932,275.0115928125
Percussion,-1,56,G#3,127,0.05113640625000926,275.1820475,275.23318390625
Percussion,-1,82,A#5,100,0.06250005208335097,275.31841125,275.38091130208335
Percussion,-1,56,G#3,127,0.0681818749999934,275.31841125,275.386593125
Percussion,-1,82,A#5,100,0.12500010416670193,275.454775,275.5797751041667
Percussion,-1,56,G#3,127,0.05681822916665169,275.7275025,275.78432072916667
Percussion,-1,82,A#5,100,0.05681822916665169,275.86386625,275.92068447916665
Percussion,-1,56,G#3,127,0.0681818749999934,275.86386625,275.932048125
Percussion,-1,82,A#5,100,0.10227281250001852,276.00023,276.1025028125
Percussion,-1,56,G#3,127,0.051136406249952415,276.2729575,276.32409390624997
Percussion,-1,82,A#5,100,0.06250005208335097,276.40932125,276.47182130208336
Percussion,-1,56,G#3,127,0.0681818749999934,276.40932125,276.477503125
Percussion,-1,82,A#5,100,0.1250001041666451,276.545685,276.67068510416664
Percussion,-1,56,G#3,127,0.05681822916665169,276.8184125,276.8752307291667
Percussion,-1,82,A#5,100,0.05681822916665169,276.95477625,277.01159447916666
Percussion,-1,56,G#3,127,0.0681818749999934,276.95477625,277.022958125
Percussion,-1,82,A#5,100,0.10227281250001852,277.09114,277.1934128125
Percussion,-1,56,G#3,127,0.05113640625000926,277.36386749999997,277.41500390625
Percussion,-1,82,A#5,100,0.06250005208329412,277.50023125,277.5627313020833
Percussion,-1,56,G#3,127,0.0681818749999934,277.50023125,277.568413125
Percussion,-1,82,A#5,100,0.1250001041666451,277.636595,277.76159510416664
Percussion,-1,56,G#3,127,0.056818229166708534,277.9093225,277.9661407291667
Percussion,-1,82,A#5,100,0.05681822916665169,278.04568625,278.10250447916667
Percussion,-1,56,G#3,127,0.0681818749999934,278.04568625,278.113868125
Percussion,-1,82,A#5,100,0.10227281250001852,278.18205,278.2843228125
Percussion,-1,56,G#3,127,0.05113640625000926,278.4547775,278.50591390625
Percussion,-1,82,A#5,100,0.06250005208329412,278.59114125,278.6536413020833
Percussion,-1,56,G#3,127,0.0681818749999934,278.59114125,278.659323125
Percussion,-1,82,A#5,100,0.1250001041666451,278.727505,278.85250510416665
Percussion,-1,56,G#3,127,0.056818229166708534,279.0002325,279.0570507291667
Percussion,-1,82,A#5,100,0.05681822916665169,279.13659625,279.1934144791667
Percussion,-1,56,G#3,127,0.0681818749999934,279.13659625,279.204778125
Percussion,-1,82,A#5,100,0.10227281249996167,279.27296,279.3752328125
Percussion,-1,56,G#3,127,0.05113640625000926,279.5456875,279.59682390625
Percussion,-1,82,A#5,100,0.06250005208335097,279.68205125,279.7445513020833
Percussion,-1,56,G#3,127,0.06818187500005024,279.68205125,279.750233125
Percussion,-1,82,A#5,100,0.1250001041666451,279.818415,279.94341510416666
Percussion,-1,56,G#3,127,0.05681822916665169,280.0911425,280.14796072916664
Percussion,-1,82,A#5,100,0.056818229166708534,280.22750625,280.2843244791667
Percussion,-1,56,G#3,127,0.0681818749999934,280.22750625,280.29568812499997
Percussion,-1,82,A#5,100,0.10227281249996167,280.36387,280.4661428125
Percussion,-1,56,G#3,127,0.05113640625000926,280.6365975,280.68773390625
Percussion,-1,82,A#5,100,0.06250005208335097,280.77296125,280.83546130208333
Percussion,-1,56,G#3,127,0.0681818749999934,280.77296125,280.841143125
Percussion,-1,82,A#5,100,0.1250001041666451,280.909325,281.03432510416667
Percussion,-1,56,G#3,127,0.05681822916665169,281.1820525,281.23887072916665
Percussion,-1,82,A#5,100,0.05681822916665169,281.31841625,281.37523447916664
Percussion,-1,56,G#3,127,0.0681818749999934,281.31841625,281.386598125
Percussion,-1,82,A#5,100,0.10227281250001852,281.45477999999997,281.5570528125
Percussion,-1,56,G#3,127,0.05113640625000926,281.7275075,281.77864390625
Percussion,-1,82,A#5,100,0.06250005208335097,281.86387125,281.92637130208334
Percussion,-1,56,G#3,127,0.0681818749999934,281.86387125,281.932053125
Percussion,-1,82,A#5,100,0.12500010416670193,282.000235,282.1252351041667
Percussion,-1,56,G#3,127,0.05681822916665169,282.2729625,282.32978072916666
Percussion,-1,82,A#5,100,0.05681822916665169,282.40932625,282.46614447916664
Percussion,-1,56,G#3,127,0.0681818749999934,282.40932625,282.477508125
Percussion,-1,82,A#5,100,0.10227281250001852,282.54569,282.6479628125
Percussion,-1,56,G#3,127,0.05113640625000926,282.8184175,282.86955390625
Percussion,-1,82,A#5,100,0.06250005208335097,282.95478125,283.01728130208335
Percussion,-1,56,G#3,127,0.0681818749999934,282.95478125,283.022963125
Percussion,-1,82,A#5,100,0.12500010416670193,283.091145,283.2161451041667
Percussion,-1,56,G#3,127,0.05681822916665169,283.3638725,283.42069072916667
Percussion,-1,82,A#5,100,0.05681822916665169,283.50023625,283.55705447916665
Percussion,-1,56,G#3,127,0.0681818749999934,283.50023625,283.568418125
Percussion,-1,82,A#5,100,0.10227281250001852,283.6366,283.7388728125
Percussion,-1,56,G#3,127,0.051136406249952415,283.9093275,283.96046390624997
Percussion,-1,82,A#5,100,0.06250005208335097,284.04569125,284.10819130208336
Percussion,-1,56,G#3,127,0.0681818749999934,284.04569125,284.113873125
Percussion,-1,82,A#5,100,0.1250001041666451,284.182055,284.30705510416664
Percussion,-1,56,G#3,127,0.05681822916665169,284.4547825,284.5116007291667
Percussion,-1,82,A#5,100,0.05681822916665169,284.59114625,284.64796447916666
Percussion,-1,56,G#3,127,0.0681818749999934,284.59114625,284.659328125
Percussion,-1,82,A#5,100,0.10227281250001852,284.72751,284.8297828125
Percussion,-1,56,G#3,127,0.051136406249952415,285.0002375,285.05137390625
Percussion,-1,82,A#5,100,0.06250005208329412,285.13660125,285.1991013020833
Percussion,-1,56,G#3,127,0.0681818749999934,285.13660125,285.204783125
Percussion,-1,82,A#5,100,0.1250001041666451,285.272965,285.39796510416664
Percussion,-1,56,G#3,127,0.056818229166708534,285.5456925,285.6025107291667
Percussion,-1,82,A#5,100,0.05681822916665169,285.68205625,285.73887447916667
Percussion,-1,56,G#3,127,0.0681818749999934,285.68205625,285.750238125
Percussion,-1,82,A#5,100,0.10227281250001852,285.81842,285.9206928125
Percussion,-1,56,G#3,127,0.05113640625000926,286.0911475,286.14228390625
Percussion,-1,82,A#5,100,0.06250005208329412,286.22751125,286.2900113020833
Percussion,-1,56,G#3,127,0.0681818749999934,286.22751125,286.295693125
Percussion,-1,82,A#5,100,0.1250001041666451,286.363875,286.48887510416665
Percussion,-1,56,G#3,127,0.056818229166708534,286.6366025,286.6934207291667
Percussion,-1,82,A#5,100,0.05681822916665169,286.77296625,286.8297844791667
Percussion,-1,56,G#3,127,0.0681818749999934,286.77296625,286.841148125
Percussion,-1,82,A#5,100,0.10227281249996167,286.90933,287.0116028125
Percussion,-1,56,G#3,127,0.05113640625000926,287.1820575,287.23319390625
Percussion,-1,82,A#5,100,0.06250005208335097,287.31842125,287.3809213020833
Percussion,-1,56,G#3,127,0.06818187500005024,287.31842125,287.386603125
Percussion,-1,82,A#5,100,0.1250001041666451,287.454785,287.57978510416666
Percussion,-1,56,G#3,127,0.05681822916665169,287.7275125,287.78433072916664
Percussion,-1,82,A#5,100,0.056818229166708534,287.86387625,287.9206944791667
Percussion,-1,56,G#3,127,0.06818187500005024,287.86387625,287.932058125
Percussion,-1,82,A#5,100,0.10227281249996167,288.00024,288.1025128125
Percussion,-1,56,G#3,127,0.05113640625000926,288.2729675,288.32410390625
Percussion,-1,82,A#5,100,0.06250005208335097,288.40933125,288.47183130208333
Percussion,-1,56,G#3,127,0.0681818749999934,288.40933125,288.477513125
Percussion,-1,82,A#5,100,0.1250001041666451,288.545695,288.67069510416667
Percussion,-1,56,G#3,127,0.05681822916665169,288.8184225,288.87524072916665
Percussion,-1,82,A#5,100,0.056818229166708534,288.95478625,289.0116044791667
Percussion,-1,56,G#3,127,0.0681818749999934,288.95478625,289.022968125
Percussion,-1,82,A#5,100,0.10227281250001852,289.09114999999997,289.1934228125
Percussion,-1,56,G#3,127,0.05113640625000926,289.3638775,289.41501390625
Percussion,-1,82,A#5,100,0.06250005208335097,289.50024125,289.56274130208334
Percussion,-1,56,G#3,127,0.0681818749999934,289.50024125,289.568423125
Percussion,-1,82,A#5,100,0.12500010416670193,289.636605,289.7616051041667
Percussion,-1,56,G#3,127,0.05681822916665169,289.9093325,289.96615072916666
Percussion,-1,82,A#5,100,0.05681822916665169,290.04569625,290.10251447916664
Percussion,-1,56,G#3,127,0.0681818749999934,290.04569625,290.113878125
Percussion,-1,82,A#5,100,0.10227281250001852,290.18206,290.2843328125
Percussion,-1,56,G#3,127,0.05113640625000926,290.4547875,290.50592390625
Percussion,-1,82,A#5,100,0.06250005208335097,290.59115125,290.65365130208335
Percussion,-1,56,G#3,127,0.0681818749999934,290.59115125,290.659333125
Percussion,-1,82,A#5,100,0.12500010416670193,290.727515,290.8525151041667
Percussion,-1,56,G#3,127,0.05681822916665169,291.0002425,291.05706072916666
Percussion,-1,82,A#5,100,0.05681822916665169,291.13660625,291.19342447916665
Percussion,-1,56,G#3,127,0.0681818749999934,291.13660625,291.204788125
Percussion,-1,82,A#5,100,0.10227281250001852,291.27297,291.3752428125
Percussion,-1,56,G#3,127,0.051136406249952415,291.5456975,291.59683390624997
Percussion,-1,82,A#5,100,0.06250005208335097,291.68206125,291.74456130208335
Percussion,-1,56,G#3,127,0.0681818749999934,291.68206125,291.750243125
Percussion,-1,82,A#5,100,0.12500010416670193,291.818425,291.9434251041667
Percussion,-1,56,G#3,127,0.05681822916665169,292.0911525,292.1479707291667
Percussion,-1,82,A#5,100,0.05681822916665169,292.22751625,292.28433447916666
Percussion,-1,56,G#3,127,0.0681818749999934,292.22751625,292.295698125
Percussion,-1,82,A#5,100,0.10227281250001852,292.36388,292.4661528125
Percussion,-1,56,G#3,127,0.051136406249952415,292.6366075,292.68774390625
Percussion,-1,82,A#5,100,0.06250005208329412,292.77297125,292.8354713020833
Percussion,-1,56,G#3,127,0.0681818749999934,292.77297125,292.841153125
Percussion,-1,82,A#5,100,0.1250001041666451,292.909335,293.03433510416664
Percussion,-1,56,G#3,127,0.056818229166708534,293.1820625,293.2388807291667
Percussion,-1,82,A#5,100,0.05681822916665169,293.31842625,293.37524447916667
Percussion,-1,56,G#3,127,0.0681818749999934,293.31842625,293.386608125
Percussion,-1,82,A#5,100,0.10227281250001852,293.45479,293.5570628125
Percussion,-1,56,G#3,127,0.05113640625000926,293.7275175,293.77865390625
Percussion,-1,82,A#5,100,0.06250005208329412,293.86388125,293.9263813020833
Percussion,-1,56,G#3,127,0.0681818749999934,293.86388125,293.932063125
Percussion,-1,82,A#5,100,0.1250001041666451,294.000245,294.12524510416665
Percussion,-1,56,G#3,127,0.056818229166708534,294.2729725,294.3297907291667
Percussion,-1,82,A#5,100,0.05681822916665169,294.40933625,294.4661544791667
Percussion,-1,56,G#3,127,0.0681818749999934,294.40933625,294.477518125
Percussion,-1,55,G3,127,0.09090916666667681,294.5457,294.6366091666667
Percussion,-1,82,A#5,100,0.18750015624999605,294.5457,294.73320015625
