instrumento,nota,volumen,dura,empieza,termina
-1.0,32.0,127.0,0.17045449999999995,2.7272719999999997,2.8977264999999996
-1.0,-1.0,0.0,0.5113635000000003,2.8977264999999996,3.40909
-1.0,32.0,127.0,0.17045449999999995,3.40909,3.5795445
-1.0,-1.0,0.0,0.5113634999999999,3.5795445,4.090908
-1.0,32.0,127.0,0.17045449999999995,4.090908,4.2613625
-1.0,-1.0,0.0,0.5113634999999999,4.2613625,4.772726
-1.0,32.0,127.0,0.17045449999999995,4.772726,4.9431804999999995
-1.0,-1.0,0.0,0.5113634999999999,4.9431804999999995,5.454543999999999
-1.0,60.0,127.0,0.04616476041666662,5.454543999999999,5.500708760416666
-1.0,60.0,127.0,0.03906248958333336,5.461646270833333,5.500708760416666
-1.0,64.0,127.0,0.17045449999999995,5.454543999999999,5.624998499999999
-1.0,63.0,127.0,0.11363633333333345,5.624998499999999,5.738634833333332
-1.0,-1.0,0.0,0.05681816666666695,5.738634833333332,5.795452999999999
-1.0,60.0,127.0,0.0639204375000002,5.795452999999999,5.8593734374999995
-1.0,60.0,127.0,0.05681816666666695,5.802555270833333,5.8593734374999995
-1.0,58.0,127.0,0.17045449999999995,5.795452999999999,5.965907499999999
-1.0,-1.0,0.0,0.007102270833333257,5.965907499999999,5.9730097708333325
-1.0,60.0,127.0,0.05681816666666695,5.9730097708333325,6.0298279374999995
-1.0,61.0,127.0,0.17045449999999995,5.965907499999999,6.136361999999999
-1.0,-1.0,0.0,0.007102270833333257,6.136361999999999,6.1434642708333325
-1.0,60.0,127.0,0.05681816666666695,6.1434642708333325,6.200282437499999
-1.0,59.0,127.0,0.17045449999999995,6.136361999999999,6.306816499999999
-1.0,59.0,127.0,0.11363633333333345,6.306816499999999,6.420452833333332
-1.0,-1.0,0.0,0.05681816666666695,6.420452833333332,6.477270999999999
-1.0,66.0,127.0,0.14772723333333407,6.477270999999999,6.624998233333333
-1.0,-1.0,0.0,0.02982953750000039,6.624998233333333,6.654827770833333
-1.0,60.0,127.0,0.05681816666666606,6.654827770833333,6.711645937499999
-1.0,60.0,127.0,0.17045449999999995,6.6477255,6.81818
-1.0,-1.0,0.0,8.881784197001252e-16,6.81818,6.818180000000001
-1.0,65.0,127.0,0.132575722222222,6.818180000000001,6.9507557222222225
-1.0,-1.0,0.0,0.03787877777777737,6.9507557222222225,6.9886345
-1.0,59.0,127.0,0.11718746874999963,6.9886345,7.10582196875
-1.0,-1.0,0.0,0.053267031249999874,7.10582196875,7.159089
-1.0,60.0,127.0,0.07990054687499981,7.159089,7.238989546875
-1.0,60.0,127.0,0.07279827604166655,7.166191270833333,7.238989546875
-1.0,70.0,127.0,0.17045449999999995,7.159088999999999,7.329543499999999
-1.0,-1.0,0.0,8.881784197001252e-16,7.329543499999999,7.3295435
-1.0,61.0,127.0,0.06392043749999932,7.3295435,7.393463937499999
-1.0,61.0,127.0,0.05681816666666606,7.336645770833333,7.393463937499999
-1.0,54.0,127.0,0.17045449999999995,7.3295435,7.499998
-1.0,60.0,127.0,0.07457384374999965,7.499998,7.574571843749999
-1.0,60.0,127.0,0.05681816666666695,7.517753677083332,7.574571843749999
-1.0,60.0,127.0,0.17045449999999995,7.499998,7.6704525
-1.0,-1.0,0.0,0.012428973958333422,7.6704525,7.682881473958333
-1.0,60.0,127.0,0.05681816666666606,7.682881473958333,7.739699640624999
-1.0,70.0,127.0,0.17045449999999995,7.6704525,7.840907
-1.0,60.0,127.0,0.0639204375000002,7.840907,7.9048274375
-1.0,60.0,127.0,0.05681816666666695,7.848009270833333,7.9048274375
-1.0,60.0,127.0,0.17045449999999995,7.840906999999999,8.0113615
-1.0,60.0,127.0,0.06924714062500037,8.0113615,8.080608640625
-1.0,60.0,127.0,0.056818166666667835,8.023790473958332,8.080608640625
-1.0,60.0,127.0,0.17045449999999995,8.0113615,8.181816
-1.0,60.0,127.0,0.04616476041666573,8.181816,8.227980760416665
-1.0,60.0,127.0,0.03906248958333336,8.188918270833332,8.227980760416665
-1.0,64.0,127.0,0.17045449999999995,8.181816,8.3522705
-1.0,63.0,127.0,0.113636333333333,8.3522705,8.465906833333332
-1.0,-1.0,0.0,0.056818166666667835,8.465906833333332,8.522725
-1.0,60.0,127.0,0.0639204375000002,8.522725,8.5866454375
-1.0,60.0,127.0,0.05681816666666606,8.529827270833334,8.5866454375
-1.0,58.0,127.0,0.17045449999999995,8.522725,8.6931795
-1.0,-1.0,0.0,0.0071022708333341455,8.6931795,8.700281770833334
-1.0,60.0,127.0,0.05681816666666606,8.700281770833334,8.7570999375
-1.0,61.0,127.0,0.17045449999999995,8.6931795,8.863634
-1.0,-1.0,0.0,0.0071022708333341455,8.863634,8.870736270833333
-1.0,60.0,127.0,0.05681816666666606,8.870736270833333,8.9275544375
-1.0,59.0,127.0,0.17045449999999995,8.863634,9.0340885
-1.0,59.0,127.0,0.113636333333333,9.0340885,9.147724833333331
-1.0,-1.0,0.0,0.056818166666667835,9.147724833333331,9.204543
-1.0,66.0,127.0,0.14772723333333318,9.204543,9.352270233333332
-1.0,-1.0,0.0,0.02982953750000128,9.352270233333332,9.382099770833333
-1.0,60.0,127.0,0.05681816666666606,9.382099770833333,9.4389179375
-1.0,60.0,127.0,0.17045449999999995,9.3749975,9.545452
-1.0,65.0,127.0,0.132575722222222,9.545452,9.678027722222222
-1.0,-1.0,0.0,0.03787877777777737,9.678027722222222,9.7159065
-1.0,59.0,127.0,0.11718746875000008,9.7159065,9.83309396875
-1.0,-1.0,0.0,0.053267031249999874,9.83309396875,9.886360999999999
-1.0,60.0,127.0,0.0799005468750007,9.886360999999999,9.966261546875
-1.0,60.0,127.0,0.07279827604166655,9.893463270833333,9.966261546875
-1.0,70.0,127.0,0.17045449999999995,9.886360999999999,10.056815499999999
-1.0,61.0,127.0,0.0639204375000002,10.056815499999999,10.1207359375
-1.0,61.0,127.0,0.05681816666666606,10.063917770833333,10.1207359375
-1.0,54.0,127.0,0.17045449999999995,10.056815499999999,10.227269999999999
-1.0,60.0,127.0,0.07457384375000053,10.227269999999999,10.30184384375
-1.0,60.0,127.0,0.05681816666666606,10.245025677083333,10.30184384375
-1.0,60.0,127.0,0.17045449999999995,10.227269999999999,10.397724499999999
-1.0,-1.0,0.0,0.01242897395833431,10.397724499999999,10.410153473958333
-1.0,60.0,127.0,0.05681816666666606,10.410153473958333,10.466971640625
-1.0,70.0,127.0,0.17045449999999995,10.397724499999999,10.568178999999999
-1.0,60.0,127.0,0.0639204375000002,10.568178999999999,10.632099437499999
-1.0,60.0,127.0,0.05681816666666606,10.575281270833333,10.632099437499999
-1.0,60.0,127.0,0.17045449999999995,10.568178999999999,10.738633499999999
-1.0,60.0,127.0,0.06924714062500037,10.738633499999999,10.807880640625
-1.0,60.0,127.0,0.05681816666666606,10.751062473958333,10.807880640625
-1.0,60.0,127.0,0.17045449999999995,10.738633499999999,10.909087999999999
-1.0,60.0,127.0,0.046164760416667505,10.909087999999999,10.955252760416666
-1.0,60.0,127.0,0.03906248958333336,10.916190270833333,10.955252760416666
-1.0,64.0,127.0,0.17045449999999995,10.909087999999999,11.079542499999999
-1.0,63.0,127.0,0.1136363333333339,11.079542499999999,11.193178833333333
-1.0,-1.0,0.0,0.05681816666666606,11.193178833333333,11.249996999999999
-1.0,60.0,127.0,0.0639204375000002,11.249996999999999,11.313917437499999
-1.0,60.0,127.0,0.05681816666666606,11.257099270833333,11.313917437499999
-1.0,58.0,127.0,0.17045449999999995,11.249996999999999,11.420451499999999
-1.0,-1.0,0.0,0.0071022708333341455,11.420451499999999,11.427553770833333
-1.0,60.0,127.0,0.05681816666666606,11.427553770833333,11.484371937499999
-1.0,61.0,127.0,0.17045449999999995,11.420451499999999,11.590905999999999
-1.0,-1.0,0.0,0.0071022708333341455,11.590905999999999,11.598008270833333
-1.0,60.0,127.0,0.05681816666666606,11.598008270833333,11.654826437499999
-1.0,59.0,127.0,0.17045449999999995,11.590905999999999,11.761360499999999
-1.0,59.0,127.0,0.1136363333333339,11.761360499999999,11.874996833333332
-1.0,-1.0,0.0,0.05681816666666606,11.874996833333332,11.931814999999999
-1.0,66.0,127.0,0.14772723333333354,11.931814999999999,12.079542233333331
-1.0,-1.0,0.0,0.02982953750000128,12.079542233333331,12.109371770833333
-1.0,60.0,127.0,0.05681816666666606,12.109371770833333,12.166189937499999
-1.0,60.0,127.0,0.17045449999999995,12.102269499999998,12.272723999999998
-1.0,65.0,127.0,0.13257572222222258,12.272723999999998,12.405299722222221
-1.0,-1.0,0.0,0.03787877777777737,12.405299722222221,12.443178499999998
-1.0,59.0,127.0,0.11718746875000008,12.443178499999998,12.560365968749998
-1.0,-1.0,0.0,0.053267031249999874,12.560365968749998,12.613632999999998
-1.0,60.0,127.0,0.0799005468750007,12.613632999999998,12.693533546874999
-1.0,60.0,127.0,0.07279827604166655,12.620735270833332,12.693533546874999
-1.0,70.0,127.0,0.17045449999999995,12.613632999999998,12.784087499999998
-1.0,61.0,127.0,0.0639204375000002,12.784087499999998,12.848007937499998
-1.0,61.0,127.0,0.05681816666666606,12.791189770833332,12.848007937499998
-1.0,54.0,127.0,0.17045449999999995,12.784087499999998,12.954541999999998
-1.0,60.0,127.0,0.07457384375000053,12.954541999999998,13.029115843749999
-1.0,60.0,127.0,0.05681816666666606,12.972297677083333,13.029115843749999
-1.0,60.0,127.0,0.17045450000000173,12.954541999999998,13.1249965
-1.0,-1.0,0.0,0.012428973958332534,13.1249965,13.137425473958332
-1.0,60.0,127.0,0.05681816666666606,13.137425473958332,13.194243640624999
-1.0,70.0,127.0,0.17045449999999995,13.1249965,13.295451
-1.0,60.0,127.0,0.06392043749999843,13.295451,13.359371437499998
-1.0,60.0,127.0,0.05681816666666606,13.302553270833332,13.359371437499998
-1.0,60.0,127.0,0.17045449999999995,13.295451,13.4659055
-1.0,60.0,127.0,0.0692471406249986,13.4659055,13.535152640624998
-1.0,60.0,127.0,0.05681816666666606,13.478334473958332,13.535152640624998
-1.0,60.0,127.0,0.17045449999999995,13.4659055,13.63636
-1.0,60.0,127.0,0.04616476041666573,13.63636,13.682524760416666
-1.0,60.0,127.0,0.03906248958333336,13.643462270833332,13.682524760416666
-1.0,64.0,127.0,0.17045449999999995,13.636360000000002,13.806814500000002
-1.0,63.0,127.0,0.113636333333333,13.8068145,13.920450833333334
-1.0,-1.0,0.0,0.05681816666666606,13.920450833333334,13.977269
-1.0,60.0,127.0,0.06392043749999843,13.977269,14.041189437499998
-1.0,60.0,127.0,0.05681816666666606,13.984371270833332,14.041189437499998
-1.0,58.0,127.0,0.17045449999999995,13.977269,14.1477235
-1.0,-1.0,0.0,0.007102270833332369,14.1477235,14.154825770833332
-1.0,60.0,127.0,0.056818166666667835,14.154825770833332,14.2116439375
-1.0,61.0,127.0,0.17045449999999995,14.147723500000001,14.318178000000001
-1.0,-1.0,0.0,0.007102270833330593,14.318178000000001,14.325280270833332
-1.0,60.0,127.0,0.056818166666667835,14.325280270833332,14.3820984375
-1.0,59.0,127.0,0.17045449999999995,14.318177999999998,14.488632499999998
-1.0,-1.0,0.0,1.7763568394002505e-15,14.488632499999998,14.4886325
-1.0,59.0,127.0,0.113636333333333,14.4886325,14.602268833333333
-1.0,-1.0,0.0,0.05681816666666606,14.602268833333333,14.659087
-1.0,66.0,127.0,0.14772723333333318,14.659087,14.806814233333332
-1.0,-1.0,0.0,0.029829537499999503,14.806814233333332,14.836643770833332
-1.0,60.0,127.0,0.056818166666667835,14.836643770833332,14.8934619375
-1.0,60.0,127.0,0.17045449999999995,14.8295415,14.999996
-1.0,-1.0,0.0,1.7763568394002505e-15,14.999996,14.999996000000001
-1.0,65.0,127.0,0.132575722222222,14.999996000000001,15.132571722222224
-1.0,-1.0,0.0,0.037878777777775596,15.132571722222224,15.1704505
-1.0,59.0,127.0,0.11718746875000008,15.1704505,15.28763796875
-1.0,-1.0,0.0,0.053267031249999874,15.28763796875,15.340905
-1.0,60.0,127.0,0.07990054687499892,15.340905,15.420805546874998
-1.0,60.0,127.0,0.07279827604166655,15.348007270833332,15.420805546874998
-1.0,70.0,127.0,0.17045449999999995,15.340905,15.5113595
-1.0,61.0,127.0,0.0639204375000002,15.5113595,15.5752799375
-1.0,61.0,127.0,0.056818166666667835,15.518461770833332,15.5752799375
-1.0,54.0,127.0,0.17045449999999995,15.5113595,15.681814
-1.0,60.0,127.0,0.07457384374999876,15.681814,15.756387843749998
-1.0,60.0,127.0,0.05681816666666606,15.699569677083332,15.756387843749998
-1.0,60.0,127.0,0.17045449999999995,15.681814,15.8522685
-1.0,-1.0,0.0,0.012428973958332534,15.8522685,15.864697473958332
-1.0,60.0,127.0,0.056818166666667835,15.864697473958332,15.921515640625
-1.0,70.0,127.0,0.17045449999999995,15.8522685,16.022723
-1.0,60.0,127.0,0.06392043749999843,16.022723,16.086643437499998
-1.0,60.0,127.0,0.05681816666666606,16.02982527083333,16.086643437499998
-1.0,60.0,127.0,0.17045449999999818,16.022723,16.193177499999997
-1.0,60.0,127.0,0.06924714062500215,16.193177499999997,16.262424640625
-1.0,60.0,127.0,0.05681816666666606,16.205606473958333,16.262424640625
-1.0,60.0,127.0,0.17045450000000173,16.193177499999997,16.363632
-1.0,60.0,127.0,0.04616476041666573,16.363632,16.409796760416665
-1.0,60.0,127.0,0.03906248958333336,16.37073427083333,16.409796760416665
-1.0,64.0,127.0,0.17045449999999818,16.363632,16.534086499999997
-1.0,63.0,127.0,0.11363633333333567,16.534086499999997,16.647722833333333
-1.0,-1.0,0.0,0.05681816666666606,16.647722833333333,16.704541
-1.0,60.0,127.0,0.06392043749999843,16.704541,16.768461437499997
-1.0,60.0,127.0,0.05681816666666606,16.71164327083333,16.768461437499997
-1.0,58.0,127.0,0.17045449999999818,16.704541,16.874995499999997
-1.0,-1.0,0.0,0.007102270833335922,16.874995499999997,16.882097770833333
-1.0,60.0,127.0,0.05681816666666606,16.882097770833333,16.9389159375
-1.0,61.0,127.0,0.17045450000000173,16.874995499999997,17.04545
-1.0,-1.0,0.0,0.007102270833332369,17.04545,17.05255227083333
-1.0,60.0,127.0,0.05681816666666606,17.05255227083333,17.109370437499997
-1.0,59.0,127.0,0.17045449999999818,17.04545,17.215904499999997
-1.0,59.0,127.0,0.11363633333333567,17.215904499999997,17.329540833333333
-1.0,-1.0,0.0,0.05681816666666606,17.329540833333333,17.386359
-1.0,66.0,127.0,0.1477272333333346,17.386359,17.534086233333333
-1.0,-1.0,0.0,0.029829537499999503,17.534086233333333,17.563915770833333
-1.0,60.0,127.0,0.05681816666666606,17.563915770833333,17.6207339375
-1.0,60.0,127.0,0.17045449999999818,17.5568135,17.727268
-1.0,65.0,127.0,0.13257572222222316,17.727268,17.859843722222223
-1.0,-1.0,0.0,0.03787877777777737,17.859843722222223,17.8977225
-1.0,59.0,127.0,0.1171874687499983,17.8977225,18.014909968749997
-1.0,-1.0,0.0,0.05326703125000165,18.014909968749997,18.068177
-1.0,60.0,127.0,0.07990054687499892,18.068177,18.148077546874998
-1.0,60.0,127.0,0.07279827604166655,18.07527927083333,18.148077546874998
-1.0,70.0,127.0,0.17045450000000173,18.068177,18.2386315
-1.0,61.0,127.0,0.06392043749999843,18.2386315,18.3025519375
-1.0,61.0,127.0,0.05681816666666606,18.245733770833333,18.3025519375
-1.0,54.0,127.0,0.17045449999999818,18.2386315,18.409086
-1.0,60.0,127.0,0.07457384374999876,18.409086,18.483659843749997
-1.0,60.0,127.0,0.05681816666666606,18.42684167708333,18.483659843749997
-1.0,60.0,127.0,0.17045450000000173,18.409086,18.5795405
-1.0,-1.0,0.0,0.012428973958332534,18.5795405,18.591969473958333
-1.0,60.0,127.0,0.05681816666666606,18.591969473958333,18.648787640625
-1.0,70.0,127.0,0.17045449999999818,18.5795405,18.749995
-1.0,60.0,127.0,0.06392043750000198,18.749995,18.8139154375
-1.0,60.0,127.0,0.05681816666666961,18.75709727083333,18.8139154375
-1.0,60.0,127.0,0.17045450000000173,18.749995,18.9204495
-1.0,60.0,127.0,0.0692471406249986,18.9204495,18.989696640625
-1.0,60.0,127.0,0.05681816666666606,18.932878473958333,18.989696640625
-1.0,60.0,127.0,0.17045449999999818,18.9204495,19.090904
-1.0,60.0,127.0,0.04616476041666573,19.090904,19.137068760416664
-1.0,60.0,127.0,0.03906248958333336,19.09800627083333,19.137068760416664
-1.0,64.0,127.0,0.17045450000000173,19.090904,19.2613585
-1.0,63.0,127.0,0.11363633333333212,19.2613585,19.374994833333332
-1.0,-1.0,0.0,0.05681816666666606,19.374994833333332,19.431813
-1.0,60.0,127.0,0.06392043750000198,19.431813,19.4957334375
-1.0,60.0,127.0,0.05681816666666961,19.43891527083333,19.4957334375
-1.0,58.0,127.0,0.17045450000000173,19.431813,19.6022675
-1.0,-1.0,0.0,0.007102270833332369,19.6022675,19.609369770833332
-1.0,60.0,127.0,0.05681816666666606,19.609369770833332,19.6661879375
-1.0,61.0,127.0,0.17045449999999818,19.6022675,19.772721999999998
-1.0,-1.0,0.0,0.007102270833332369,19.772721999999998,19.77982427083333
-1.0,60.0,127.0,0.05681816666666961,19.77982427083333,19.8366424375
-1.0,59.0,127.0,0.17045450000000173,19.772721999999998,19.9431765
-1.0,59.0,127.0,0.11363633333333212,19.9431765,20.056812833333332
-1.0,-1.0,0.0,0.05681816666666606,20.056812833333332,20.113630999999998
-1.0,66.0,127.0,0.1477272333333346,20.113630999999998,20.261358233333333
-1.0,-1.0,0.0,0.029829537499999503,20.261358233333333,20.291187770833332
-1.0,60.0,127.0,0.05681816666666606,20.291187770833332,20.348005937499998
-1.0,60.0,127.0,0.17045449999999818,20.2840855,20.454539999999998
-1.0,65.0,127.0,0.13257572222222316,20.454539999999998,20.587115722222222
-1.0,-1.0,0.0,0.03787877777777737,20.587115722222222,20.6249945
-1.0,59.0,127.0,0.1171874687499983,20.6249945,20.742181968749996
-1.0,-1.0,0.0,0.05326703125000165,20.742181968749996,20.795448999999998
-1.0,60.0,127.0,0.07990054687499892,20.795448999999998,20.875349546874997
-1.0,60.0,127.0,0.07279827604166655,20.80255127083333,20.875349546874997
-1.0,70.0,127.0,0.17045450000000173,20.795448999999998,20.9659035
-1.0,61.0,127.0,0.06392043749999843,20.9659035,21.029823937499998
-1.0,61.0,127.0,0.05681816666666606,20.973005770833332,21.029823937499998
-1.0,54.0,127.0,0.17045449999999818,20.9659035,21.136357999999998
-1.0,60.0,127.0,0.07457384375000231,21.136357999999998,21.21093184375
-1.0,60.0,127.0,0.05681816666666961,21.15411367708333,21.21093184375
-1.0,60.0,127.0,0.17045450000000173,21.136357999999998,21.3068125
-1.0,-1.0,0.0,0.012428973958332534,21.3068125,21.319241473958332
-1.0,60.0,127.0,0.05681816666666606,21.319241473958332,21.376059640624998
-1.0,70.0,127.0,0.17045449999999818,21.3068125,21.477266999999998
-1.0,60.0,127.0,0.06392043750000198,21.477266999999998,21.5411874375
-1.0,60.0,127.0,0.05681816666666606,21.484369270833334,21.5411874375
-1.0,60.0,127.0,0.17045450000000173,21.477266999999998,21.6477215
-1.0,60.0,127.0,0.0692471406249986,21.6477215,21.716968640624998
-1.0,60.0,127.0,0.05681816666666606,21.660150473958332,21.716968640624998
-1.0,60.0,127.0,0.17045449999999818,21.6477215,21.818175999999998
-1.0,60.0,127.0,0.04616476041666928,21.818175999999998,21.864340760416667
-1.0,60.0,127.0,0.03906248958333336,21.825278270833333,21.864340760416667
-1.0,64.0,127.0,0.17045450000000173,21.818175999999998,21.9886305
-1.0,63.0,127.0,0.11363633333333212,21.9886305,22.10226683333333
-1.0,-1.0,0.0,0.05681816666666606,22.10226683333333,22.159084999999997
-1.0,60.0,127.0,0.06392043750000198,22.159084999999997,22.2230054375
-1.0,60.0,127.0,0.05681816666666606,22.166187270833333,22.2230054375
-1.0,58.0,127.0,0.17045450000000173,22.159084999999997,22.3295395
-1.0,-1.0,0.0,0.007102270833332369,22.3295395,22.33664177083333
-1.0,60.0,127.0,0.05681816666666606,22.33664177083333,22.393459937499998
-1.0,61.0,127.0,0.17045449999999818,22.3295395,22.499993999999997
-1.0,-1.0,0.0,0.007102270833335922,22.499993999999997,22.507096270833333
-1.0,60.0,127.0,0.05681816666666606,22.507096270833333,22.5639144375
-1.0,59.0,127.0,0.17045450000000173,22.499993999999997,22.6704485
-1.0,59.0,127.0,0.11363633333333212,22.6704485,22.78408483333333
-1.0,-1.0,0.0,0.05681816666666606,22.78408483333333,22.840902999999997
-1.0,66.0,127.0,0.1477272333333346,22.840902999999997,22.988630233333332
-1.0,-1.0,0.0,0.029829537499999503,22.988630233333332,23.01845977083333
-1.0,60.0,127.0,0.05681816666666606,23.01845977083333,23.075277937499997
-1.0,60.0,127.0,0.17045449999999818,23.0113575,23.181811999999997
-1.0,65.0,127.0,0.13257572222222316,23.181811999999997,23.31438772222222
-1.0,-1.0,0.0,0.03787877777777737,23.31438772222222,23.3522665
-1.0,59.0,127.0,0.1171874687499983,23.3522665,23.469453968749995
-1.0,-1.0,0.0,0.05326703125000165,23.469453968749995,23.522720999999997
-1.0,60.0,127.0,0.07990054687500248,23.522720999999997,23.602621546875
-1.0,60.0,127.0,0.07279827604166655,23.529823270833333,23.602621546875
-1.0,70.0,127.0,0.17045450000000173,23.522721,23.693175500000002
-1.0,61.0,127.0,0.06392043749999843,23.6931755,23.757095937499997
-1.0,61.0,127.0,0.05681816666666606,23.70027777083333,23.757095937499997
-1.0,54.0,127.0,0.17045449999999818,23.6931755,23.863629999999997
-1.0,60.0,127.0,0.07457384375000231,23.863629999999997,23.93820384375
-1.0,60.0,127.0,0.05681816666666606,23.881385677083333,23.93820384375
-1.0,60.0,127.0,0.17045450000000173,23.863629999999997,24.0340845
-1.0,-1.0,0.0,0.012428973958332534,24.0340845,24.04651347395833
-1.0,60.0,127.0,0.05681816666666606,24.04651347395833,24.103331640624997
-1.0,70.0,127.0,0.17045449999999818,24.034084499999995,24.204538999999993
-1.0,-1.0,0.0,3.552713678800501e-15,24.204538999999993,24.204538999999997
-1.0,60.0,127.0,0.06392043750000198,24.204538999999997,24.2684594375
-1.0,60.0,127.0,0.05681816666666606,24.211641270833333,24.2684594375
-1.0,60.0,127.0,0.17045450000000173,24.204538999999997,24.3749935
-1.0,60.0,127.0,0.0692471406249986,24.3749935,24.444240640624997
-1.0,60.0,127.0,0.05681816666666606,24.38742247395833,24.444240640624997
-1.0,60.0,127.0,0.17045449999999818,24.3749935,24.545447999999997
-1.0,60.0,127.0,0.04616476041666928,24.545447999999997,24.591612760416666
-1.0,60.0,127.0,0.03906248958333336,24.552550270833333,24.591612760416666
-1.0,64.0,127.0,0.17045450000000173,24.545447999999997,24.7159025
-1.0,63.0,127.0,0.11363633333333212,24.7159025,24.82953883333333
-1.0,-1.0,0.0,0.05681816666666606,24.82953883333333,24.886356999999997
-1.0,60.0,127.0,0.06392043750000198,24.886356999999997,24.9502774375
-1.0,60.0,127.0,0.05681816666666606,24.893459270833333,24.9502774375
-1.0,58.0,127.0,0.17045450000000173,24.886356999999997,25.0568115
-1.0,-1.0,0.0,0.007102270833332369,25.0568115,25.06391377083333
-1.0,60.0,127.0,0.05681816666666606,25.06391377083333,25.120731937499997
-1.0,61.0,127.0,0.17045449999999818,25.0568115,25.227265999999997
-1.0,-1.0,0.0,0.007102270833335922,25.227265999999997,25.234368270833333
-1.0,60.0,127.0,0.05681816666666606,25.234368270833333,25.2911864375
-1.0,59.0,127.0,0.17045450000000173,25.227265999999997,25.3977205
-1.0,59.0,127.0,0.11363633333333212,25.3977205,25.51135683333333
-1.0,-1.0,0.0,0.05681816666666606,25.51135683333333,25.568174999999997
-1.0,66.0,127.0,0.14772723333333532,25.568174999999997,25.71590223333333
-1.0,-1.0,0.0,0.029829537499999503,25.71590223333333,25.74573177083333
-1.0,60.0,127.0,0.05681816666666606,25.74573177083333,25.802549937499997
-1.0,60.0,127.0,0.17045449999999818,25.7386295,25.909083999999996
-1.0,65.0,127.0,0.13257572222222436,25.909083999999996,26.04165972222222
-1.0,-1.0,0.0,0.03787877777777737,26.04165972222222,26.079538499999998
-1.0,59.0,127.0,0.11718746875000008,26.079538499999998,26.19672596875
-1.0,-1.0,0.0,0.05326703125000165,26.19672596875,26.249993
-1.0,60.0,127.0,0.07990054687499892,26.249993,26.329893546875
-1.0,60.0,127.0,0.07279827604166655,26.257095270833332,26.329893546875
-1.0,70.0,127.0,0.17045449999999818,26.249993,26.420447499999998
-1.0,61.0,127.0,0.06392043749999843,26.420447499999998,26.484367937499997
-1.0,61.0,127.0,0.05681816666666606,26.42754977083333,26.484367937499997
-1.0,54.0,127.0,0.17045450000000173,26.420447499999998,26.590902
-1.0,60.0,127.0,0.07457384374999876,26.590902,26.66547584375
-1.0,60.0,127.0,0.05681816666666606,26.608657677083333,26.66547584375
-1.0,60.0,127.0,0.17045449999999818,26.590902,26.761356499999998
-1.0,-1.0,0.0,0.012428973958332534,26.761356499999998,26.77378547395833
-1.0,60.0,127.0,0.05681816666666606,26.77378547395833,26.830603640624997
-1.0,70.0,127.0,0.17045450000000173,26.761356499999994,26.931810999999996
-1.0,-1.0,0.0,3.552713678800501e-15,26.931810999999996,26.931811
-1.0,60.0,127.0,0.06392043749999843,26.931811,26.995731437499998
-1.0,60.0,127.0,0.05681816666666606,26.938913270833332,26.995731437499998
-1.0,60.0,127.0,0.17045449999999818,26.931811,27.102265499999998
-1.0,60.0,127.0,0.0692471406249986,27.102265499999998,27.171512640624996
-1.0,60.0,127.0,0.05681816666666606,27.11469447395833,27.171512640624996
-1.0,60.0,127.0,0.17045450000000173,27.102265499999998,27.27272
-1.0,60.0,127.0,0.04616476041666573,27.27272,27.318884760416665
-1.0,60.0,127.0,0.03906248958333336,27.279822270833332,27.318884760416665
-1.0,64.0,127.0,0.17045449999999818,27.272720000000003,27.4431745
-1.0,63.0,127.0,0.1136363333333339,27.443174499999998,27.55681083333333
-1.0,-1.0,0.0,0.05681816666666961,27.55681083333333,27.613629
-1.0,60.0,127.0,0.06392043749999843,27.613629,27.677549437499998
-1.0,60.0,127.0,0.05681816666666606,27.620731270833332,27.677549437499998
-1.0,58.0,127.0,0.17045449999999818,27.613629,27.784083499999998
-1.0,-1.0,0.0,0.007102270833332369,27.784083499999998,27.79118577083333
-1.0,60.0,127.0,0.05681816666666961,27.79118577083333,27.8480039375
-1.0,61.0,127.0,0.17045450000000173,27.784083499999998,27.954538
-1.0,-1.0,0.0,0.007102270833332369,27.954538,27.961640270833332
-1.0,60.0,127.0,0.05681816666666606,27.961640270833332,28.018458437499998
-1.0,59.0,127.0,0.17045449999999818,27.954538,28.124992499999998
-1.0,59.0,127.0,0.1136363333333339,28.124992499999998,28.23862883333333
-1.0,-1.0,0.0,0.056818166666673164,28.23862883333333,28.295447000000003
-1.0,66.0,127.0,0.14772723333333176,28.295447000000003,28.443174233333334
-1.0,-1.0,0.0,0.02982953749999595,28.443174233333334,28.47300377083333
-1.0,60.0,127.0,0.05681816666666961,28.47300377083333,28.5298219375
-1.0,60.0,127.0,0.17045450000000173,28.465901499999998,28.636356
-1.0,65.0,127.0,0.1325757222222208,28.636355999999996,28.768931722222217
-1.0,-1.0,0.0,0.037878777777780925,28.768931722222217,28.806810499999997
-1.0,59.0,127.0,0.11718746875000186,28.806810499999997,28.92399796875
-1.0,-1.0,0.0,0.0532670312499981,28.92399796875,28.977265
-1.0,60.0,127.0,0.07990054687499892,28.977265,29.057165546874998
-1.0,60.0,127.0,0.07279827604166655,28.98436727083333,29.057165546874998
-1.0,70.0,127.0,0.17045449999999818,28.977265,29.147719499999997
-1.0,61.0,127.0,0.06392043750000198,29.147719499999997,29.2116399375
-1.0,61.0,127.0,0.05681816666666961,29.15482177083333,29.2116399375
-1.0,54.0,127.0,0.17045450000000173,29.147719499999997,29.318174
-1.0,60.0,127.0,0.07457384374999876,29.318174,29.392747843749998
-1.0,60.0,127.0,0.05681816666666606,29.33592967708333,29.392747843749998
-1.0,60.0,127.0,0.17045449999999818,29.318174,29.488628499999997
-1.0,-1.0,0.0,0.012428973958332534,29.488628499999997,29.50105747395833
-1.0,60.0,127.0,0.05681816666666961,29.50105747395833,29.557875640625
-1.0,70.0,127.0,0.17045450000000173,29.488628499999994,29.659082999999995
-1.0,-1.0,0.0,3.552713678800501e-15,29.659082999999995,29.659083
-1.0,60.0,127.0,0.06392043749999843,29.659083,29.723003437499997
-1.0,60.0,127.0,0.05681816666666606,29.66618527083333,29.723003437499997
-1.0,60.0,127.0,0.17045449999999818,29.659083,29.829537499999997
-1.0,60.0,127.0,0.06924714062500215,29.829537499999997,29.898784640625
-1.0,60.0,127.0,0.05681816666666961,29.84196647395833,29.898784640625
-1.0,60.0,127.0,0.17045450000000173,29.829537499999997,29.999992
-1.0,60.0,127.0,0.04616476041666573,29.999992,30.046156760416665
-1.0,60.0,127.0,0.03906248958333336,30.00709427083333,30.046156760416665
-1.0,64.0,127.0,0.17045449999999818,29.999992000000002,30.1704465
-1.0,63.0,127.0,0.1136363333333339,30.170446499999997,30.28408283333333
-1.0,-1.0,0.0,0.05681816666666961,30.28408283333333,30.340901
-1.0,60.0,127.0,0.06392043749999843,30.340901,30.404821437499997
-1.0,60.0,127.0,0.05681816666666606,30.34800327083333,30.404821437499997
-1.0,58.0,127.0,0.17045449999999818,30.340901,30.511355499999997
-1.0,-1.0,0.0,0.007102270833335922,30.511355499999997,30.518457770833333
-1.0,60.0,127.0,0.05681816666666606,30.518457770833333,30.5752759375
-1.0,61.0,127.0,0.17045450000000173,30.511355499999997,30.68181
-1.0,-1.0,0.0,0.007102270833332369,30.68181,30.68891227083333
-1.0,60.0,127.0,0.05681816666666606,30.68891227083333,30.745730437499997
-1.0,59.0,127.0,0.17045449999999818,30.68181,30.852264499999997
-1.0,59.0,127.0,0.1136363333333339,30.852264499999997,30.96590083333333
-1.0,-1.0,0.0,0.056818166666673164,30.96590083333333,31.022719000000002
-1.0,66.0,127.0,0.14772723333333176,31.022719000000002,31.170446233333333
-1.0,-1.0,0.0,0.029829537499999503,31.170446233333333,31.200275770833333
-1.0,60.0,127.0,0.05681816666666606,31.200275770833333,31.2570939375
-1.0,60.0,127.0,0.17045450000000173,31.193173499999997,31.363628
-1.0,65.0,127.0,0.1325757222222208,31.363627999999995,31.496203722222216
-1.0,-1.0,0.0,0.037878777777780925,31.496203722222216,31.534082499999997
-1.0,59.0,127.0,0.11718746875000186,31.534082499999997,31.65126996875
-1.0,-1.0,0.0,0.0532670312499981,31.65126996875,31.704537
-1.0,60.0,127.0,0.07990054687499892,31.704537,31.784437546874997
-1.0,60.0,127.0,0.07279827604166655,31.71163927083333,31.784437546874997
-1.0,70.0,127.0,0.17045449999999818,31.704537,31.874991499999997
-1.0,61.0,127.0,0.06392043750000198,31.874991499999997,31.9389119375
-1.0,61.0,127.0,0.05681816666666606,31.882093770833333,31.9389119375
-1.0,54.0,127.0,0.17045450000000173,31.874991499999997,32.045446
-1.0,60.0,127.0,0.07457384375000231,32.045446,32.12001984375
-1.0,60.0,127.0,0.05681816666666606,32.063201677083335,32.12001984375
-1.0,60.0,127.0,0.17045449999999818,32.045446,32.2159005
-1.0,-1.0,0.0,0.012428973958336087,32.2159005,32.22832947395833
-1.0,60.0,127.0,0.05681816666666606,32.22832947395833,32.285147640625
-1.0,70.0,127.0,0.17045449999999818,32.2159005,32.386354999999995
-1.0,60.0,127.0,0.06392043750000198,32.386354999999995,32.4502754375
-1.0,60.0,127.0,0.05681816666666606,32.39345727083333,32.4502754375
-1.0,60.0,127.0,0.17045450000000528,32.386354999999995,32.5568095
-1.0,60.0,127.0,0.06924714062499504,32.5568095,32.626056640624995
-1.0,60.0,127.0,0.05681816666666606,32.56923847395833,32.626056640624995
-1.0,60.0,127.0,0.17045449999999818,32.5568095,32.727264
-1.0,60.0,127.0,0.04616476041666573,32.727264,32.773428760416664
-1.0,60.0,127.0,0.03906248958332981,32.734366270833334,32.773428760416664
-1.0,64.0,127.0,0.17045449999999818,32.727264,32.897718499999996
-1.0,63.0,127.0,0.11363633333333212,32.897718499999996,33.01135483333333
-1.0,-1.0,0.0,0.05681816666666606,33.01135483333333,33.068172999999994
-1.0,60.0,127.0,0.06392043750000198,33.068172999999994,33.1320934375
-1.0,60.0,127.0,0.05681816666666606,33.07527527083333,33.1320934375
-1.0,58.0,127.0,0.17045450000000528,33.068172999999994,33.2386275
-1.0,-1.0,0.0,0.0071022708333288165,33.2386275,33.24572977083333
-1.0,60.0,127.0,0.05681816666666606,33.24572977083333,33.302547937499995
-1.0,61.0,127.0,0.17045449999999818,33.2386275,33.409082
-1.0,-1.0,0.0,0.007102270833335922,33.409082,33.416184270833334
-1.0,60.0,127.0,0.05681816666666606,33.416184270833334,33.4730024375
-1.0,59.0,127.0,0.17045449999999818,33.409082,33.579536499999996
-1.0,59.0,127.0,0.11363633333333212,33.579536499999996,33.69317283333333
-1.0,-1.0,0.0,0.05681816666666606,33.69317283333333,33.749990999999994
-1.0,66.0,127.0,0.14772723333333887,33.749990999999994,33.897718233333336
-1.0,-1.0,0.0,0.029829537499992398,33.897718233333336,33.92754777083333
-1.0,60.0,127.0,0.05681816666666606,33.92754777083333,33.984365937499994
-1.0,60.0,127.0,0.17045449999999818,33.9204455,34.0909
-1.0,65.0,127.0,0.1325757222222208,34.0909,34.22347572222222
-1.0,-1.0,0.0,0.03787877777777737,34.22347572222222,34.261354499999996
-1.0,59.0,127.0,0.11718746875000008,34.261354499999996,34.37854196875
-1.0,-1.0,0.0,0.053267031249994545,34.37854196875,34.431808999999994
-1.0,60.0,127.0,0.07990054687500248,34.431808999999994,34.511709546875
-1.0,60.0,127.0,0.07279827604166655,34.43891127083333,34.511709546875
-1.0,70.0,127.0,0.17045450000000528,34.431808999999994,34.6022635
-1.0,61.0,127.0,0.06392043749999488,34.6022635,34.666183937499994
-1.0,61.0,127.0,0.05681816666666606,34.60936577083333,34.666183937499994
-1.0,54.0,127.0,0.17045449999999818,34.6022635,34.772718
-1.0,60.0,127.0,0.07457384375000231,34.772718,34.84729184375
-1.0,60.0,127.0,0.05681816666666606,34.790473677083334,34.84729184375
-1.0,60.0,127.0,0.17045449999999818,34.772718,34.943172499999996
-1.0,-1.0,0.0,0.012428973958336087,34.943172499999996,34.95560147395833
-1.0,60.0,127.0,0.05681816666666606,34.95560147395833,35.012419640625
-1.0,70.0,127.0,0.17045450000000528,34.943172499999996,35.113627
-1.0,60.0,127.0,0.06392043749999488,35.113627,35.177547437499996
-1.0,60.0,127.0,0.05681816666666606,35.12072927083333,35.177547437499996
-1.0,60.0,127.0,0.17045449999999818,35.113627,35.2840815
-1.0,60.0,127.0,0.06924714062499504,35.2840815,35.353328640624994
-1.0,60.0,127.0,0.05681816666666606,35.29651047395833,35.353328640624994
-1.0,60.0,127.0,0.17045449999999818,35.2840815,35.454536
-1.0,60.0,127.0,0.04616476041666573,35.454536,35.50070076041666
-1.0,60.0,127.0,0.03906248958332981,35.46163827083333,35.50070076041666
-1.0,64.0,127.0,0.17045449999999818,35.454536,35.624990499999996
-1.0,63.0,127.0,0.11363633333333567,35.624990499999996,35.73862683333333
-1.0,-1.0,0.0,0.056818166666673164,35.73862683333333,35.795445
-1.0,60.0,127.0,0.06392043749999488,35.795445,35.859365437499996
-1.0,60.0,127.0,0.05681816666666606,35.80254727083333,35.859365437499996
-1.0,58.0,127.0,0.17045449999999818,35.795445,35.9658995
-1.0,-1.0,0.0,0.0071022708333288165,35.9658995,35.97300177083333
-1.0,60.0,127.0,0.056818166666673164,35.97300177083333,36.0298199375
-1.0,61.0,127.0,0.17045449999999818,35.9658995,36.136354
-1.0,-1.0,0.0,0.007102270833335922,36.136354,36.14345627083333
-1.0,60.0,127.0,0.05681816666666606,36.14345627083333,36.2002744375
-1.0,59.0,127.0,0.17045449999999818,36.136354,36.306808499999995
-1.0,59.0,127.0,0.11363633333333567,36.306808499999995,36.420444833333335
-1.0,-1.0,0.0,0.05681816666666606,36.420444833333335,36.477263
-1.0,66.0,127.0,0.14772723333333176,36.477263,36.624990233333335
-1.0,-1.0,0.0,0.029829537499992398,36.624990233333335,36.65481977083333
-1.0,60.0,127.0,0.056818166666673164,36.65481977083333,36.7116379375
-1.0,60.0,127.0,0.17045449999999818,36.6477175,36.818172
-1.0,65.0,127.0,0.1325757222222208,36.818172,36.95074772222222
-1.0,-1.0,0.0,0.03787877777777737,36.95074772222222,36.988626499999995
-1.0,59.0,127.0,0.11718746875000363,36.988626499999995,37.10581396875
-1.0,-1.0,0.0,0.05326703125000165,37.10581396875,37.159081
-1.0,60.0,127.0,0.07990054687499537,37.159081,37.238981546874996
-1.0,60.0,127.0,0.07279827604166655,37.16618327083333,37.238981546874996
-1.0,70.0,127.0,0.17045449999999818,37.159081,37.3295355
-1.0,61.0,127.0,0.06392043750000198,37.3295355,37.3934559375
-1.0,61.0,127.0,0.056818166666673164,37.33663777083333,37.3934559375
-1.0,54.0,127.0,0.17045449999999818,37.3295355,37.49999
-1.0,60.0,127.0,0.07457384375000231,37.49999,37.57456384375
-1.0,60.0,127.0,0.05681816666666606,37.51774567708333,37.57456384375
-1.0,60.0,127.0,0.17045449999999818,37.49999,37.670444499999995
-1.0,-1.0,0.0,0.012428973958336087,37.670444499999995,37.68287347395833
-1.0,60.0,127.0,0.05681816666666606,37.68287347395833,37.739691640625
-1.0,70.0,127.0,0.17045450000000528,37.670444499999995,37.840899
-1.0,60.0,127.0,0.06392043749999488,37.840899,37.904819437499995
-1.0,60.0,127.0,0.05681816666666606,37.84800127083333,37.904819437499995
-1.0,60.0,127.0,0.17045449999999818,37.840899,38.0113535
-1.0,60.0,127.0,0.06924714062500215,38.0113535,38.080600640625
-1.0,60.0,127.0,0.056818166666673164,38.02378247395833,38.080600640625
-1.0,60.0,127.0,0.17045449999999818,38.0113535,38.181808
-1.0,60.0,127.0,0.04616476041666573,38.181808,38.22797276041666
-1.0,60.0,127.0,0.03906248958332981,38.18891027083333,38.22797276041666
-1.0,64.0,127.0,0.17045449999999818,38.181808,38.352262499999995
-1.0,63.0,127.0,0.11363633333333567,38.352262499999995,38.46589883333333
-1.0,-1.0,0.0,0.056818166666673164,38.46589883333333,38.522717
-1.0,60.0,127.0,0.06392043749999488,38.522717,38.586637437499995
-1.0,60.0,127.0,0.05681816666666606,38.52981927083333,38.586637437499995
-1.0,58.0,127.0,0.17045449999999818,38.522717,38.6931715
-1.0,-1.0,0.0,0.0071022708333288165,38.6931715,38.70027377083333
-1.0,60.0,127.0,0.056818166666673164,38.70027377083333,38.7570919375
-1.0,61.0,127.0,0.17045449999999818,38.6931715,38.863626
-1.0,-1.0,0.0,0.007102270833335922,38.863626,38.87072827083333
-1.0,60.0,127.0,0.05681816666666606,38.87072827083333,38.9275464375
-1.0,59.0,127.0,0.17045449999999818,38.863626,39.034080499999995
-1.0,59.0,127.0,0.11363633333333567,39.034080499999995,39.147716833333334
-1.0,-1.0,0.0,0.05681816666666606,39.147716833333334,39.204535
-1.0,66.0,127.0,0.14772723333333176,39.204535,39.352262233333335
-1.0,-1.0,0.0,0.029829537499999503,39.352262233333335,39.382091770833334
-1.0,60.0,127.0,0.05681816666666606,39.382091770833334,39.4389099375
-1.0,60.0,127.0,0.17045449999999818,39.3749895,39.545443999999996
-1.0,65.0,127.0,0.1325757222222208,39.545443999999996,39.67801972222222
-1.0,-1.0,0.0,0.03787877777777737,39.67801972222222,39.715898499999994
-1.0,59.0,127.0,0.11718746875000363,39.715898499999994,39.83308596875
-1.0,-1.0,0.0,0.05326703125000165,39.83308596875,39.886353
-1.0,60.0,127.0,0.07990054687499537,39.886353,39.966253546874995
-1.0,60.0,127.0,0.07279827604166655,39.89345527083333,39.966253546874995
-1.0,70.0,127.0,0.17045449999999818,39.886353,40.0568075
-1.0,61.0,127.0,0.06392043750000198,40.0568075,40.1207279375
-1.0,61.0,127.0,0.05681816666666606,40.063909770833334,40.1207279375
-1.0,54.0,127.0,0.17045449999999818,40.0568075,40.227261999999996
-1.0,60.0,127.0,0.07457384375000231,40.227261999999996,40.30183584375
-1.0,60.0,127.0,0.05681816666666606,40.24501767708333,40.30183584375
-1.0,60.0,127.0,0.17045449999999818,40.227261999999996,40.397716499999994
-1.0,-1.0,0.0,0.012428973958336087,40.397716499999994,40.41014547395833
-1.0,60.0,127.0,0.05681816666666606,40.41014547395833,40.466963640624996
-1.0,70.0,127.0,0.17045450000000528,40.397716499999994,40.568171
-1.0,60.0,127.0,0.06392043749999488,40.568171,40.632091437499994
-1.0,60.0,127.0,0.05681816666666606,40.57527327083333,40.632091437499994
-1.0,60.0,127.0,0.17045449999999818,40.568171,40.7386255
-1.0,60.0,127.0,0.06924714062500215,40.7386255,40.807872640625
-1.0,60.0,127.0,0.05681816666666606,40.751054473958334,40.807872640625
-1.0,60.0,127.0,0.17045449999999818,40.7386255,40.909079999999996
-1.0,60.0,127.0,0.04616476041666573,40.909079999999996,40.95524476041666
-1.0,60.0,127.0,0.03906248958332981,40.91618227083333,40.95524476041666
-1.0,64.0,127.0,0.17045449999999818,40.909079999999996,41.079534499999994
-1.0,63.0,127.0,0.11363633333333922,41.079534499999994,41.19317083333333
-1.0,-1.0,0.0,0.05681816666666606,41.19317083333333,41.249989
-1.0,60.0,127.0,0.06392043749999488,41.249989,41.313909437499994
-1.0,60.0,127.0,0.05681816666666606,41.25709127083333,41.313909437499994
-1.0,58.0,127.0,0.17045449999999818,41.249989,41.4204435
-1.0,-1.0,0.0,0.007102270833335922,41.4204435,41.42754577083333
-1.0,60.0,127.0,0.05681816666666606,41.42754577083333,41.4843639375
-1.0,61.0,127.0,0.17045449999999818,41.4204435,41.590897999999996
-1.0,-1.0,0.0,0.007102270833335922,41.590897999999996,41.59800027083333
-1.0,60.0,127.0,0.05681816666666606,41.59800027083333,41.6548184375
-1.0,59.0,127.0,0.17045449999999818,41.590897999999996,41.761352499999994
-1.0,59.0,127.0,0.11363633333333922,41.761352499999994,41.87498883333333
-1.0,-1.0,0.0,0.05681816666666606,41.87498883333333,41.931807
-1.0,66.0,127.0,0.14772723333333176,41.931807,42.079534233333334
-1.0,-1.0,0.0,0.029829537499999503,42.079534233333334,42.10936377083333
-1.0,60.0,127.0,0.05681816666666606,42.10936377083333,42.1661819375
-1.0,60.0,127.0,0.17045449999999818,42.1022615,42.272715999999996
-1.0,65.0,127.0,0.1325757222222208,42.272715999999996,42.405291722222216
-1.0,-1.0,0.0,0.03787877777777737,42.405291722222216,42.443170499999994
-1.0,59.0,127.0,0.11718746875000363,42.443170499999994,42.56035796875
-1.0,-1.0,0.0,0.05326703125000165,42.56035796875,42.613625
-1.0,60.0,127.0,0.07990054687499537,42.613625,42.693525546874994
-1.0,60.0,127.0,0.07279827604166655,42.62072727083333,42.693525546874994
-1.0,70.0,127.0,0.17045449999999818,42.613625,42.7840795
-1.0,61.0,127.0,0.06392043750000198,42.7840795,42.8479999375
-1.0,61.0,127.0,0.05681816666666606,42.79118177083333,42.8479999375
-1.0,54.0,127.0,0.17045449999999818,42.7840795,42.954533999999995
-1.0,60.0,127.0,0.07457384375000231,42.954533999999995,43.02910784375
-1.0,60.0,127.0,0.05681816666666606,42.97228967708333,43.02910784375
-1.0,60.0,127.0,0.17045449999999818,42.954533999999995,43.12498849999999
-1.0,-1.0,0.0,0.012428973958336087,43.12498849999999,43.13741747395833
-1.0,60.0,127.0,0.05681816666666606,43.13741747395833,43.194235640624996
-1.0,70.0,127.0,0.17045450000000528,43.12498849999999,43.295443
-1.0,60.0,127.0,0.06392043749999488,43.295443,43.359363437499994
-1.0,60.0,127.0,0.05681816666666606,43.30254527083333,43.359363437499994
-1.0,60.0,127.0,0.17045449999999818,43.295443,43.4658975
-1.0,60.0,127.0,0.06924714062500215,43.4658975,43.535144640625
-1.0,60.0,127.0,0.05681816666666606,43.47832647395833,43.535144640625
-1.0,60.0,127.0,0.17045449999999818,43.465897500000004,43.636352
-1.0,60.0,127.0,0.04616476041666573,43.636351999999995,43.68251676041666
-1.0,60.0,127.0,0.03906248958332981,43.64345427083333,43.68251676041666
-1.0,64.0,127.0,0.17045450000000528,43.636351999999995,43.8068065
-1.0,63.0,127.0,0.11363633333333212,43.8068065,43.92044283333333
-1.0,-1.0,0.0,0.05681816666666606,43.92044283333333,43.977261
-1.0,60.0,127.0,0.06392043749999488,43.977261,44.04118143749999
-1.0,60.0,127.0,0.05681816666666606,43.98436327083333,44.04118143749999
-1.0,58.0,127.0,0.17045449999999818,43.977261,44.1477155
-1.0,-1.0,0.0,0.007102270833335922,44.1477155,44.15481777083333
-1.0,60.0,127.0,0.05681816666666606,44.15481777083333,44.2116359375
-1.0,61.0,127.0,0.17045449999999818,44.1477155,44.318169999999995
-1.0,-1.0,0.0,0.007102270833335922,44.318169999999995,44.32527227083333
-1.0,60.0,127.0,0.05681816666666606,44.32527227083333,44.3820904375
-1.0,59.0,127.0,0.17045450000000528,44.31816999999999,44.48862449999999
-1.0,-1.0,0.0,7.105427357601002e-15,44.48862449999999,44.4886245
-1.0,59.0,127.0,0.11363633333333212,44.4886245,44.60226083333333
-1.0,-1.0,0.0,0.05681816666666606,44.60226083333333,44.659079
-1.0,66.0,127.0,0.14772723333333176,44.659079,44.80680623333333
-1.0,-1.0,0.0,0.029829537499999503,44.80680623333333,44.83663577083333
-1.0,60.0,127.0,0.05681816666666606,44.83663577083333,44.8934539375
-1.0,60.0,127.0,0.17045449999999818,44.8295335,44.999987999999995
-1.0,65.0,127.0,0.13257572222222555,44.999987999999995,45.13256372222222
-1.0,-1.0,0.0,0.03787877777777737,45.13256372222222,45.1704425
-1.0,59.0,127.0,0.11718746874999653,45.1704425,45.28762996875
-1.0,-1.0,0.0,0.05326703125000165,45.28762996875,45.340897
-1.0,60.0,127.0,0.07990054687499537,45.340897,45.420797546874994
-1.0,60.0,127.0,0.07279827604166655,45.34799927083333,45.420797546874994
-1.0,70.0,127.0,0.17045449999999818,45.340897000000005,45.5113515
-1.0,61.0,127.0,0.06392043750000198,45.511351499999996,45.5752719375
-1.0,61.0,127.0,0.05681816666666606,45.51845377083333,45.5752719375
-1.0,54.0,127.0,0.17045449999999818,45.511351499999996,45.681805999999995
-1.0,60.0,127.0,0.07457384375000231,45.681805999999995,45.75637984375
-1.0,60.0,127.0,0.05681816666666606,45.69956167708333,45.75637984375
-1.0,60.0,127.0,0.17045450000000528,45.681805999999995,45.8522605
-1.0,-1.0,0.0,0.012428973958328982,45.8522605,45.86468947395833
-1.0,60.0,127.0,0.05681816666666606,45.86468947395833,45.921507640624995
-1.0,70.0,127.0,0.17045449999999818,45.8522605,46.022715
-1.0,60.0,127.0,0.06392043750000198,46.022715,46.0866354375
-1.0,60.0,127.0,0.056818166666673164,46.02981727083333,46.0866354375
-1.0,60.0,127.0,0.17045449999999818,46.022715,46.193169499999996
-1.0,60.0,127.0,0.06924714062500215,46.193169499999996,46.262416640625
-1.0,60.0,127.0,0.05681816666666606,46.20559847395833,46.262416640625
-1.0,60.0,127.0,0.17045449999999818,46.19316949999999,46.36362399999999
-1.0,-1.0,0.0,7.105427357601002e-15,46.36362399999999,46.363623999999994
-1.0,60.0,127.0,0.04616476041666573,46.363623999999994,46.40978876041666
-1.0,60.0,127.0,0.03906248958332981,46.37072627083333,46.40978876041666
-1.0,64.0,127.0,0.17045450000000528,46.363623999999994,46.5340785
-1.0,63.0,127.0,0.11363633333333212,46.5340785,46.64771483333333
-1.0,-1.0,0.0,0.05681816666666606,46.64771483333333,46.704533
-1.0,60.0,127.0,0.06392043750000198,46.704533,46.7684534375
-1.0,60.0,127.0,0.056818166666673164,46.71163527083333,46.7684534375
-1.0,58.0,127.0,0.17045449999999818,46.704533,46.874987499999996
-1.0,-1.0,0.0,0.007102270833335922,46.874987499999996,46.88208977083333
-1.0,60.0,127.0,0.05681816666666606,46.88208977083333,46.9389079375
-1.0,61.0,127.0,0.17045449999999818,46.874987499999996,47.045441999999994
-1.0,-1.0,0.0,0.007102270833335922,47.045441999999994,47.05254427083333
-1.0,60.0,127.0,0.05681816666666606,47.05254427083333,47.109362437499996
-1.0,59.0,127.0,0.17045450000000528,47.045442,47.21589650000001
-1.0,59.0,127.0,0.11363633333333212,47.2158965,47.32953283333333
-1.0,-1.0,0.0,0.05681816666666606,47.32953283333333,47.386351
-1.0,66.0,127.0,0.14772723333333176,47.386351,47.53407823333333
-1.0,-1.0,0.0,0.029829537499999503,47.53407823333333,47.56390777083333
-1.0,60.0,127.0,0.05681816666666606,47.56390777083333,47.6207259375
-1.0,60.0,127.0,0.17045449999999818,47.556805499999996,47.727259999999994
-1.0,65.0,127.0,0.13257572222222555,47.727259999999994,47.85983572222222
-1.0,-1.0,0.0,0.03787877777777737,47.85983572222222,47.8977145
-1.0,59.0,127.0,0.11718746874999653,47.8977145,48.014901968749996
-1.0,-1.0,0.0,0.05326703125000165,48.014901968749996,48.068169
-1.0,60.0,127.0,0.07990054687500248,48.068169,48.148069546875
-1.0,60.0,127.0,0.07279827604166655,48.07527127083333,48.148069546875
-1.0,70.0,127.0,0.17045449999999818,48.06816899999999,48.23862349999999
-1.0,-1.0,0.0,7.105427357601002e-15,48.23862349999999,48.238623499999996
-1.0,61.0,127.0,0.06392043750000198,48.238623499999996,48.3025439375
-1.0,61.0,127.0,0.05681816666666606,48.24572577083333,48.3025439375
-1.0,54.0,127.0,0.17045449999999818,48.238623499999996,48.409077999999994
-1.0,60.0,127.0,0.07457384375000231,48.409077999999994,48.483651843749996
-1.0,60.0,127.0,0.05681816666666606,48.42683367708333,48.483651843749996
-1.0,60.0,127.0,0.17045450000000528,48.409077999999994,48.5795325
-1.0,-1.0,0.0,0.012428973958328982,48.5795325,48.59196147395833
-1.0,60.0,127.0,0.05681816666666606,48.59196147395833,48.648779640624994
-1.0,70.0,127.0,0.17045449999999818,48.5795325,48.749987
-1.0,60.0,127.0,0.06392043750000198,48.749987,48.8139074375
-1.0,60.0,127.0,0.05681816666666606,48.75708927083333,48.8139074375
-1.0,60.0,127.0,0.17045449999999818,48.749987,48.920441499999995
-1.0,60.0,127.0,0.06924714062500215,48.920441499999995,48.989688640625
-1.0,60.0,127.0,0.05681816666666606,48.93287047395833,48.989688640625
-1.0,60.0,127.0,0.17045449999999818,48.9204415,49.090896
-1.0,60.0,127.0,0.046164760416672834,49.090895999999994,49.13706076041667
-1.0,60.0,127.0,0.03906248958333691,49.09799827083333,49.13706076041667
-1.0,64.0,127.0,0.17045450000000528,49.090895999999994,49.2613505
-1.0,63.0,127.0,0.11363633333333212,49.2613505,49.37498683333333
-1.0,-1.0,0.0,0.05681816666666606,49.37498683333333,49.431805
-1.0,60.0,127.0,0.06392043750000198,49.431805,49.4957254375
-1.0,60.0,127.0,0.05681816666666606,49.43890727083333,49.4957254375
-1.0,58.0,127.0,0.17045449999999818,49.431805,49.602259499999995
-1.0,-1.0,0.0,0.007102270833335922,49.602259499999995,49.60936177083333
-1.0,60.0,127.0,0.05681816666666606,49.60936177083333,49.6661799375
-1.0,61.0,127.0,0.17045449999999818,49.602259499999995,49.77271399999999
-1.0,-1.0,0.0,0.007102270833335922,49.77271399999999,49.77981627083333
-1.0,60.0,127.0,0.05681816666666606,49.77981627083333,49.836634437499995
-1.0,59.0,127.0,0.17045450000000528,49.772713999999986,49.94316849999999
-1.0,-1.0,0.0,7.105427357601002e-15,49.94316849999999,49.9431685
-1.0,59.0,127.0,0.11363633333333212,49.9431685,50.05680483333333
-1.0,-1.0,0.0,0.05681816666666606,50.05680483333333,50.113623
-1.0,66.0,127.0,0.14772723333333176,50.113623,50.26135023333333
-1.0,-1.0,0.0,0.029829537499999503,50.26135023333333,50.29117977083333
-1.0,60.0,127.0,0.05681816666666606,50.29117977083333,50.3479979375
-1.0,60.0,127.0,0.17045449999999818,50.284077499999995,50.45453199999999
-1.0,65.0,127.0,0.1325757222222279,50.45453199999999,50.58710772222222
-1.0,-1.0,0.0,0.03787877777777737,50.58710772222222,50.6249865
-1.0,59.0,127.0,0.11718746874999653,50.6249865,50.742173968749995
-1.0,-1.0,0.0,0.05326703125000165,50.742173968749995,50.795441
-1.0,60.0,127.0,0.07990054687500248,50.795441,50.875341546875
-1.0,60.0,127.0,0.07279827604166655,50.80254327083333,50.875341546875
-1.0,70.0,127.0,0.17045449999999818,50.795441000000004,50.9658955
-1.0,61.0,127.0,0.06392043750000198,50.965895499999995,51.0298159375
-1.0,61.0,127.0,0.05681816666666606,50.97299777083333,51.0298159375
-1.0,54.0,127.0,0.17045449999999818,50.965895499999995,51.13634999999999
-1.0,60.0,127.0,0.07457384375000231,51.13634999999999,51.210923843749995
-1.0,60.0,127.0,0.05681816666666606,51.15410567708333,51.210923843749995
-1.0,60.0,127.0,0.17045450000000528,51.13634999999999,51.3068045
-1.0,-1.0,0.0,0.012428973958328982,51.3068045,51.31923347395833
-1.0,60.0,127.0,0.05681816666666606,51.31923347395833,51.37605164062499
-1.0,70.0,127.0,0.17045449999999818,51.3068045,51.477259
-1.0,60.0,127.0,0.06392043750000198,51.477259,51.5411794375
-1.0,60.0,127.0,0.05681816666666606,51.48436127083333,51.5411794375
-1.0,60.0,127.0,0.17045449999999818,51.477259,51.647713499999995
-1.0,60.0,127.0,0.06924714062500215,51.647713499999995,51.716960640625
-1.0,60.0,127.0,0.05681816666666606,51.66014247395833,51.716960640625
-1.0,60.0,127.0,0.17045449999999818,51.64771349999999,51.818167999999986
-1.0,-1.0,0.0,7.105427357601002e-15,51.818167999999986,51.81816799999999
-1.0,60.0,127.0,0.046164760416672834,51.81816799999999,51.864332760416666
-1.0,60.0,127.0,0.03906248958333691,51.82527027083333,51.864332760416666
-1.0,64.0,127.0,0.17045450000000528,51.81816799999999,51.9886225
-1.0,63.0,127.0,0.11363633333333212,51.9886225,52.10225883333333
-1.0,-1.0,0.0,0.05681816666666606,52.10225883333333,52.159076999999996
-1.0,60.0,127.0,0.06392043750000198,52.159076999999996,52.2229974375
-1.0,60.0,127.0,0.05681816666666606,52.16617927083333,52.2229974375
-1.0,58.0,127.0,0.17045449999999818,52.159076999999996,52.329531499999995
-1.0,-1.0,0.0,0.007102270833335922,52.329531499999995,52.33663377083333
-1.0,60.0,127.0,0.05681816666666606,52.33663377083333,52.3934519375
-1.0,61.0,127.0,0.17045450000000528,52.329531499999995,52.499986
-1.0,-1.0,0.0,0.0071022708333288165,52.499986,52.50708827083333
-1.0,60.0,127.0,0.05681816666666606,52.50708827083333,52.563906437499995
-1.0,59.0,127.0,0.17045449999999818,52.499986,52.6704405
-1.0,59.0,127.0,0.11363633333333212,52.6704405,52.78407683333333
-1.0,-1.0,0.0,0.056818166666673164,52.78407683333333,52.840895
-1.0,66.0,127.0,0.14772723333333176,52.840895,52.98862223333334
-1.0,-1.0,0.0,0.029829537499992398,52.98862223333334,53.01845177083333
-1.0,60.0,127.0,0.05681816666666606,53.01845177083333,53.075269937499996
-1.0,60.0,127.0,0.17045450000000528,53.011349499999994,53.181804
-1.0,65.0,127.0,0.1325757222222208,53.181804,53.31437972222222
-1.0,-1.0,0.0,0.03787877777777737,53.31437972222222,53.3522585
-1.0,59.0,127.0,0.11718746874999653,53.3522585,53.469445968749994
-1.0,-1.0,0.0,0.05326703125000165,53.469445968749994,53.522712999999996
-1.0,60.0,127.0,0.07990054687500248,53.522712999999996,53.602613546875
-1.0,60.0,127.0,0.07279827604166655,53.52981527083333,53.602613546875
-1.0,70.0,127.0,0.17045449999999818,53.52271299999999,53.69316749999999
-1.0,-1.0,0.0,7.105427357601002e-15,53.69316749999999,53.693167499999994
-1.0,61.0,127.0,0.06392043750000198,53.693167499999994,53.757087937499996
-1.0,61.0,127.0,0.05681816666666606,53.70026977083333,53.757087937499996
-1.0,54.0,127.0,0.17045450000000528,53.693167499999994,53.863622
-1.0,60.0,127.0,0.0745738437499952,53.863622,53.938195843749995
-1.0,60.0,127.0,0.05681816666666606,53.88137767708333,53.938195843749995
-1.0,60.0,127.0,0.17045449999999818,53.863622,54.0340765
-1.0,-1.0,0.0,0.012428973958328982,54.0340765,54.04650547395833
-1.0,60.0,127.0,0.05681816666666606,54.04650547395833,54.10332364062499
-1.0,70.0,127.0,0.17045449999999818,54.0340765,54.204530999999996
-1.0,60.0,127.0,0.06392043750000198,54.204530999999996,54.2684514375
-1.0,60.0,127.0,0.05681816666666606,54.21163327083333,54.2684514375
-1.0,60.0,127.0,0.17045449999999818,54.204530999999996,54.374985499999994
-1.0,60.0,127.0,0.06924714062500215,54.374985499999994,54.444232640624996
-1.0,60.0,127.0,0.05681816666666606,54.38741447395833,54.444232640624996
-1.0,60.0,127.0,0.17045450000000528,54.3749855,54.545440000000006
-1.0,60.0,127.0,0.04616476041666573,54.54544,54.591604760416665
-1.0,60.0,127.0,0.03906248958333691,54.55254227083333,54.591604760416665
-1.0,64.0,127.0,0.17045449999999818,54.545440000000006,54.715894500000005
-1.0,63.0,127.0,0.11363633333333212,54.7158945,54.82953083333333
-1.0,-1.0,0.0,0.05681816666666606,54.82953083333333,54.886348999999996
-1.0,60.0,127.0,0.06392043750000198,54.886348999999996,54.9502694375
-1.0,60.0,127.0,0.05681816666666606,54.89345127083333,54.9502694375
-1.0,58.0,127.0,0.17045449999999818,54.886348999999996,55.056803499999994
-1.0,-1.0,0.0,0.007102270833335922,55.056803499999994,55.06390577083333
-1.0,60.0,127.0,0.05681816666666606,55.06390577083333,55.120723937499996
-1.0,61.0,127.0,0.17045450000000528,55.05680349999999,55.22725799999999
-1.0,-1.0,0.0,0.007102270833335922,55.22725799999999,55.23436027083333
-1.0,60.0,127.0,0.05681816666666606,55.23436027083333,55.291178437499994
-1.0,59.0,127.0,0.17045449999999818,55.227258,55.3977125
-1.0,59.0,127.0,0.11363633333333212,55.3977125,55.51134883333333
-1.0,-1.0,0.0,0.05681816666666606,55.51134883333333,55.568166999999995
-1.0,66.0,127.0,0.14772723333333176,55.568166999999995,55.71589423333333
-1.0,-1.0,0.0,0.029829537499999503,55.71589423333333,55.74572377083333
-1.0,60.0,127.0,0.05681816666666606,55.74572377083333,55.802541937499996
-1.0,60.0,127.0,0.17045450000000528,55.738621499999994,55.909076
-1.0,65.0,127.0,0.1325757222222208,55.909076,56.04165172222222
-1.0,-1.0,0.0,0.03787877777777737,56.04165172222222,56.0795305
-1.0,59.0,127.0,0.11718746875000008,56.0795305,56.196717968749994
-1.0,-1.0,0.0,0.05326703125000165,56.196717968749994,56.249984999999995
-1.0,60.0,127.0,0.07990054687500248,56.249984999999995,56.329885546875
-1.0,60.0,127.0,0.07279827604166655,56.25708727083333,56.329885546875
-1.0,70.0,127.0,0.17045449999999818,56.249985,56.4204395
-1.0,61.0,127.0,0.06392043750000198,56.42043949999999,56.484359937499995
-1.0,61.0,127.0,0.05681816666666606,56.42754177083333,56.484359937499995
-1.0,54.0,127.0,0.17045450000000528,56.42043949999999,56.590894
-1.0,60.0,127.0,0.0745738437499952,56.590894,56.665467843749994
-1.0,60.0,127.0,0.05681816666666606,56.60864967708333,56.665467843749994
-1.0,60.0,127.0,0.17045449999999818,56.590894,56.7613485
-1.0,-1.0,0.0,0.012428973958328982,56.7613485,56.773777473958326
-1.0,60.0,127.0,0.056818166666673164,56.773777473958326,56.830595640625
-1.0,70.0,127.0,0.17045449999999818,56.7613485,56.931802999999995
-1.0,60.0,127.0,0.06392043750000198,56.931802999999995,56.9957234375
-1.0,60.0,127.0,0.05681816666666606,56.93890527083333,56.9957234375
-1.0,60.0,127.0,0.17045449999999818,56.931802999999995,57.10225749999999
-1.0,60.0,127.0,0.06924714062500215,57.10225749999999,57.171504640624995
-1.0,60.0,127.0,0.05681816666666606,57.11468647395833,57.171504640624995
-1.0,60.0,127.0,0.17045450000000528,57.102257499999986,57.27271199999999
-1.0,-1.0,0.0,7.105427357601002e-15,57.27271199999999,57.272712
-1.0,60.0,127.0,0.04616476041666573,57.272712,57.318876760416664
-1.0,60.0,127.0,0.03906248958333691,57.27981427083333,57.318876760416664
-1.0,64.0,127.0,0.17045449999999818,57.27271199999999,57.44316649999999
-1.0,-1.0,0.0,7.105427357601002e-15,57.44316649999999,57.4431665
-1.0,63.0,127.0,0.11363633333333212,57.4431665,57.55680283333333
-1.0,-1.0,0.0,0.05681816666666606,57.55680283333333,57.613620999999995
-1.0,60.0,127.0,0.06392043750000198,57.613620999999995,57.6775414375
-1.0,60.0,127.0,0.05681816666666606,57.62072327083333,57.6775414375
-1.0,58.0,127.0,0.17045449999999818,57.613620999999995,57.78407549999999
-1.0,-1.0,0.0,0.007102270833335922,57.78407549999999,57.79117777083333
-1.0,60.0,127.0,0.05681816666666606,57.79117777083333,57.847995937499995
-1.0,61.0,127.0,0.17045450000000528,57.78407549999999,57.95453
-1.0,-1.0,0.0,0.0071022708333288165,57.95453,57.96163227083333
-1.0,60.0,127.0,0.05681816666666606,57.96163227083333,58.01845043749999
-1.0,59.0,127.0,0.17045449999999818,57.95453,58.1249845
-1.0,59.0,127.0,0.11363633333333212,58.1249845,58.23862083333333
-1.0,-1.0,0.0,0.056818166666673164,58.23862083333333,58.295439
-1.0,66.0,127.0,0.14772723333333176,58.295439,58.443166233333336
-1.0,-1.0,0.0,0.029829537499992398,58.443166233333336,58.47299577083333
-1.0,60.0,127.0,0.05681816666666606,58.47299577083333,58.529813937499995
-1.0,60.0,127.0,0.17045450000000528,58.46589349999999,58.636348
-1.0,65.0,127.0,0.1325757222222208,58.636348,58.76892372222222
-1.0,-1.0,0.0,0.03787877777777737,58.76892372222222,58.806802499999996
-1.0,59.0,127.0,0.11718746875000008,58.806802499999996,58.92398996874999
-1.0,-1.0,0.0,0.05326703125000165,58.92398996874999,58.977256999999994
-1.0,60.0,127.0,0.07990054687500248,58.977256999999994,59.057157546875
-1.0,60.0,127.0,0.07279827604166655,58.98435927083333,59.057157546875
-1.0,70.0,127.0,0.17045449999999818,58.97725699999999,59.147711499999986
-1.0,-1.0,0.0,7.105427357601002e-15,59.147711499999986,59.14771149999999
-1.0,61.0,127.0,0.06392043750000198,59.14771149999999,59.211631937499995
-1.0,61.0,127.0,0.05681816666666606,59.15481377083333,59.211631937499995
-1.0,54.0,127.0,0.17045450000000528,59.14771149999999,59.318166
-1.0,60.0,127.0,0.0745738437499952,59.318166,59.39273984374999
-1.0,60.0,127.0,0.05681816666666606,59.33592167708333,59.39273984374999
-1.0,60.0,127.0,0.17045449999999818,59.318166,59.488620499999996
-1.0,-1.0,0.0,0.012428973958336087,59.488620499999996,59.50104947395833
-1.0,60.0,127.0,0.05681816666666606,59.50104947395833,59.557867640625
-1.0,70.0,127.0,0.17045449999999818,59.488620499999996,59.659074999999994
-1.0,60.0,127.0,0.06392043750000198,59.659074999999994,59.722995437499996
-1.0,60.0,127.0,0.05681816666666606,59.66617727083333,59.722995437499996
-1.0,60.0,127.0,0.17045449999999818,59.659074999999994,59.82952949999999
-1.0,60.0,127.0,0.06924714062500215,59.82952949999999,59.898776640624995
-1.0,60.0,127.0,0.05681816666666606,59.84195847395833,59.898776640624995
-1.0,60.0,127.0,0.17045450000000528,59.8295295,59.999984000000005
-1.0,60.0,127.0,0.04616476041666573,59.999984,60.04614876041666
-1.0,60.0,127.0,0.03906248958333691,60.00708627083333,60.04614876041666
-1.0,64.0,127.0,0.17045449999999818,59.999984000000005,60.1704385
-1.0,63.0,127.0,0.11363633333333212,60.170438499999996,60.28407483333333
-1.0,-1.0,0.0,0.05681816666666606,60.28407483333333,60.340892999999994
-1.0,60.0,127.0,0.06392043750000198,60.340892999999994,60.404813437499996
-1.0,60.0,127.0,0.05681816666666606,60.34799527083333,60.404813437499996
-1.0,58.0,127.0,0.17045449999999818,60.340892999999994,60.51134749999999
-1.0,-1.0,0.0,0.007102270833335922,60.51134749999999,60.51844977083333
-1.0,60.0,127.0,0.05681816666666606,60.51844977083333,60.575267937499994
-1.0,61.0,127.0,0.17045450000000528,60.511347499999985,60.68180199999999
-1.0,-1.0,0.0,0.007102270833335922,60.68180199999999,60.688904270833326
-1.0,60.0,127.0,0.05681816666666606,60.688904270833326,60.74572243749999
-1.0,59.0,127.0,0.17045449999999818,60.681802,60.852256499999996
-1.0,59.0,127.0,0.11363633333333212,60.852256499999996,60.96589283333333
-1.0,-1.0,0.0,0.05681816666666606,60.96589283333333,61.022710999999994
-1.0,66.0,127.0,0.14772723333333743,61.022710999999994,61.17043823333333
-1.0,-1.0,0.0,0.029829537499999503,61.17043823333333,61.20026777083333
-1.0,60.0,127.0,0.05681816666666606,61.20026777083333,61.257085937499994
-1.0,60.0,127.0,0.17045449999999818,61.1931655,61.36362
-1.0,65.0,127.0,0.1325757222222208,61.36362,61.49619572222222
-1.0,-1.0,0.0,0.03787877777777737,61.49619572222222,61.534074499999996
-1.0,59.0,127.0,0.11718746875000008,61.534074499999996,61.65126196874999
-1.0,-1.0,0.0,0.05326703125000165,61.65126196874999,61.704528999999994
-1.0,60.0,127.0,0.07990054687500248,61.704528999999994,61.784429546874996
-1.0,60.0,127.0,0.07279827604166655,61.71163127083333,61.784429546874996
-1.0,70.0,127.0,0.17045450000000528,61.704529,61.874983500000006
-1.0,61.0,127.0,0.06392043749999488,61.8749835,61.938903937499994
-1.0,61.0,127.0,0.05681816666666606,61.88208577083333,61.938903937499994
-1.0,54.0,127.0,0.17045449999999818,61.8749835,62.045438
-1.0,60.0,127.0,0.0745738437499952,62.045438,62.12001184374999
-1.0,60.0,127.0,0.05681816666666606,62.063193677083326,62.12001184374999
-1.0,60.0,127.0,0.17045449999999818,62.045438,62.215892499999995
-1.0,-1.0,0.0,0.012428973958336087,62.215892499999995,62.22832147395833
-1.0,60.0,127.0,0.05681816666666606,62.22832147395833,62.285139640625
-1.0,70.0,127.0,0.17045449999999818,62.215892499999995,62.386346999999994
-1.0,60.0,127.0,0.06392043750000198,62.386346999999994,62.450267437499996
-1.0,60.0,127.0,0.05681816666666606,62.39344927083333,62.450267437499996
-1.0,60.0,127.0,0.17045450000000528,62.386346999999994,62.5568015
-1.0,60.0,127.0,0.06924714062499504,62.5568015,62.626048640624994
-1.0,60.0,127.0,0.05681816666666606,62.56923047395833,62.626048640624994
-1.0,60.0,127.0,0.17045449999999818,62.5568015,62.727256
-1.0,60.0,127.0,0.04616476041666573,62.727256,62.77342076041666
-1.0,60.0,127.0,0.03906248958333691,62.734358270833326,62.77342076041666
-1.0,64.0,127.0,0.17045449999999818,62.72725599999999,62.89771049999999
-1.0,-1.0,0.0,7.105427357601002e-15,62.89771049999999,62.897710499999995
-1.0,63.0,127.0,0.11363633333333212,62.897710499999995,63.01134683333333
-1.0,-1.0,0.0,0.05681816666666606,63.01134683333333,63.06816499999999
-1.0,60.0,127.0,0.06392043750000198,63.06816499999999,63.132085437499995
-1.0,60.0,127.0,0.05681816666666606,63.07526727083333,63.132085437499995
-1.0,58.0,127.0,0.17045450000000528,63.06816499999999,63.2386195
-1.0,-1.0,0.0,0.0071022708333288165,63.2386195,63.24572177083333
-1.0,60.0,127.0,0.05681816666666606,63.24572177083333,63.30253993749999
-1.0,61.0,127.0,0.17045449999999818,63.238619500000006,63.409074000000004
-1.0,-1.0,0.0,0.007102270833321711,63.409074000000004,63.416176270833326
-1.0,60.0,127.0,0.056818166666673164,63.416176270833326,63.4729944375
-1.0,59.0,127.0,0.17045449999999818,63.409074,63.579528499999995
-1.0,59.0,127.0,0.11363633333333212,63.579528499999995,63.69316483333333
-1.0,-1.0,0.0,0.056818166666673164,63.69316483333333,63.749983
-1.0,66.0,127.0,0.14772723333333743,63.749983,63.897710233333335
-1.0,-1.0,0.0,0.029829537499992398,63.897710233333335,63.92753977083333
-1.0,60.0,127.0,0.05681816666666606,63.92753977083333,63.98435793749999
-1.0,60.0,127.0,0.17045449999999818,63.9204375,64.090892
-1.0,65.0,127.0,0.13257572222222316,64.090892,64.22346772222222
-1.0,-1.0,0.0,0.03787877777777737,64.22346772222222,64.2613465
-1.0,59.0,127.0,0.11718746874998942,64.2613465,64.37853396874999
-1.0,-1.0,0.0,0.05326703125000165,64.37853396874999,64.431801
-1.0,60.0,127.0,0.07990054687499537,64.431801,64.51170154687499
-1.0,60.0,127.0,0.07279827604166655,64.43890327083332,64.51170154687499
-1.0,70.0,127.0,0.17045450000000528,64.431801,64.6022555
-1.0,61.0,127.0,0.06392043750000198,64.6022555,64.6661759375
-1.0,61.0,127.0,0.056818166666673164,64.60935777083333,64.6661759375
-1.0,54.0,127.0,0.17045449999999107,64.6022555,64.77270999999999
-1.0,60.0,127.0,0.07457384375000231,64.77270999999999,64.84728384374999
-1.0,60.0,127.0,0.056818166666658954,64.79046567708333,64.84728384374999
-1.0,60.0,127.0,0.17045450000000528,64.77270999999999,64.9431645
-1.0,-1.0,0.0,0.012428973958336087,64.9431645,64.95559347395833
-1.0,60.0,127.0,0.056818166666658954,64.95559347395833,65.01241164062499
-1.0,70.0,127.0,0.17045450000000528,64.9431645,65.113619
-1.0,60.0,127.0,0.06392043750000198,65.113619,65.1775394375
-1.0,60.0,127.0,0.056818166666673164,65.12072127083333,65.1775394375
-1.0,60.0,127.0,0.17045449999999107,65.113619,65.28407349999999
-1.0,60.0,127.0,0.06924714062500925,65.28407349999999,65.353320640625
-1.0,60.0,127.0,0.056818166666673164,65.29650247395833,65.353320640625
-1.0,60.0,127.0,0.17045450000000528,65.28407349999999,65.454528
-1.0,60.0,127.0,0.046164760416672834,65.454528,65.50069276041667
-1.0,60.0,127.0,0.03906248958334402,65.46163027083333,65.50069276041667
-1.0,64.0,127.0,0.17045450000000528,65.454528,65.6249825
-1.0,63.0,127.0,0.11363633333332501,65.6249825,65.73861883333333
-1.0,-1.0,0.0,0.056818166666658954,65.73861883333333,65.79543699999999
-1.0,60.0,127.0,0.06392043750000198,65.79543699999999,65.8593574375
-1.0,60.0,127.0,0.056818166666658954,65.80253927083334,65.8593574375
-1.0,58.0,127.0,0.17045450000000528,65.79543699999999,65.9658915
-1.0,-1.0,0.0,0.0071022708333288165,65.9658915,65.97299377083333
-1.0,60.0,127.0,0.056818166666673164,65.97299377083333,66.0298119375
-1.0,61.0,127.0,0.17045449999999107,65.9658915,66.13634599999999
-1.0,-1.0,0.0,0.007102270833343027,66.13634599999999,66.14344827083333
-1.0,60.0,127.0,0.056818166666658954,66.14344827083333,66.20026643749999
-1.0,59.0,127.0,0.17045450000000528,66.13634599999999,66.3068005
-1.0,59.0,127.0,0.11363633333333922,66.3068005,66.42043683333333
-1.0,-1.0,0.0,0.056818166666673164,66.42043683333333,66.477255
-1.0,66.0,127.0,0.14772723333332466,66.477255,66.62498223333333
-1.0,-1.0,0.0,0.02982953750000661,66.62498223333333,66.65481177083333
-1.0,60.0,127.0,0.056818166666658954,66.65481177083333,66.71162993749999
-1.0,60.0,127.0,0.17045450000000528,66.64770949999999,66.818164
-1.0,65.0,127.0,0.13257572222222316,66.818164,66.95073972222222
-1.0,-1.0,0.0,0.03787877777777737,66.95073972222222,66.9886185
-1.0,59.0,127.0,0.11718746874998942,66.9886185,67.10580596874999
-1.0,-1.0,0.0,0.05326703125000165,67.10580596874999,67.15907299999999
-1.0,60.0,127.0,0.07990054687500958,67.15907299999999,67.238973546875
-1.0,60.0,127.0,0.07279827604166655,67.16617527083334,67.238973546875
-1.0,70.0,127.0,0.17045450000000528,67.15907299999999,67.3295275
-1.0,61.0,127.0,0.06392043750000198,67.3295275,67.3934479375
-1.0,61.0,127.0,0.056818166666673164,67.33662977083333,67.3934479375
-1.0,54.0,127.0,0.17045449999999107,67.3295275,67.49998199999999
-1.0,60.0,127.0,0.07457384375000231,67.49998199999999,67.57455584374999
-1.0,60.0,127.0,0.056818166666658954,67.51773767708333,67.57455584374999
-1.0,60.0,127.0,0.17045450000000528,67.49998199999999,67.6704365
-1.0,-1.0,0.0,0.012428973958336087,67.6704365,67.68286547395833
-1.0,60.0,127.0,0.056818166666658954,67.68286547395833,67.73968364062499
-1.0,70.0,127.0,0.17045450000000528,67.6704365,67.840891
-1.0,60.0,127.0,0.06392043750000198,67.840891,67.9048114375
-1.0,60.0,127.0,0.056818166666673164,67.84799327083333,67.9048114375
-1.0,60.0,127.0,0.17045449999999107,67.840891,68.01134549999999
-1.0,60.0,127.0,0.06924714062500925,68.01134549999999,68.080592640625
-1.0,60.0,127.0,0.056818166666673164,68.02377447395833,68.080592640625
-1.0,60.0,127.0,0.17045450000000528,68.01134549999999,68.1818
-1.0,60.0,127.0,0.046164760416672834,68.1818,68.22796476041667
-1.0,60.0,127.0,0.03906248958334402,68.18890227083332,68.22796476041667
-1.0,64.0,127.0,0.17045450000000528,68.1818,68.3522545
-1.0,63.0,127.0,0.11363633333332501,68.3522545,68.46589083333333
-1.0,-1.0,0.0,0.056818166666658954,68.46589083333333,68.52270899999999
-1.0,60.0,127.0,0.06392043750000198,68.52270899999999,68.5866294375
-1.0,60.0,127.0,0.056818166666658954,68.52981127083333,68.5866294375
-1.0,58.0,127.0,0.17045450000000528,68.52270899999999,68.6931635
-1.0,-1.0,0.0,0.0071022708333288165,68.6931635,68.70026577083333
-1.0,60.0,127.0,0.056818166666673164,68.70026577083333,68.7570839375
-1.0,61.0,127.0,0.17045449999999107,68.6931635,68.86361799999999
-1.0,-1.0,0.0,0.007102270833343027,68.86361799999999,68.87072027083333
-1.0,60.0,127.0,0.056818166666658954,68.87072027083333,68.92753843749999
-1.0,59.0,127.0,0.17045450000000528,68.86361799999999,69.0340725
-1.0,59.0,127.0,0.11363633333333922,69.0340725,69.14770883333333
-1.0,-1.0,0.0,0.056818166666673164,69.14770883333333,69.204527
-1.0,66.0,127.0,0.14772723333332466,69.204527,69.35225423333333
-1.0,-1.0,0.0,0.02982953750000661,69.35225423333333,69.38208377083333
-1.0,60.0,127.0,0.056818166666658954,69.38208377083333,69.43890193749999
-1.0,60.0,127.0,0.17045450000000528,69.37498149999999,69.545436
-1.0,65.0,127.0,0.1325757222222279,69.545436,69.67801172222222
-1.0,-1.0,0.0,0.03787877777777737,69.67801172222222,69.7158905
-1.0,59.0,127.0,0.11718746874998942,69.7158905,69.83307796874999
-1.0,-1.0,0.0,0.05326703125000165,69.83307796874999,69.88634499999999
-1.0,60.0,127.0,0.07990054687500958,69.88634499999999,69.966245546875
-1.0,60.0,127.0,0.07279827604166655,69.89344727083333,69.966245546875
-1.0,70.0,127.0,0.17045450000000528,69.88634499999999,70.0567995
-1.0,61.0,127.0,0.06392043750000198,70.0567995,70.1207199375
-1.0,61.0,127.0,0.056818166666673164,70.06390177083333,70.1207199375
-1.0,54.0,127.0,0.17045450000000528,70.0567995,70.227254
-1.0,60.0,127.0,0.0745738437499881,70.227254,70.30182784374999
-1.0,60.0,127.0,0.056818166666658954,70.24500967708333,70.30182784374999
-1.0,60.0,127.0,0.17045449999999107,70.227254,70.3977085
-1.0,-1.0,0.0,0.012428973958336087,70.3977085,70.41013747395833
-1.0,60.0,127.0,0.056818166666658954,70.41013747395833,70.46695564062499
-1.0,70.0,127.0,0.17045450000000528,70.3977085,70.568163
-1.0,60.0,127.0,0.06392043750000198,70.568163,70.6320834375
-1.0,60.0,127.0,0.056818166666673164,70.57526527083333,70.6320834375
-1.0,60.0,127.0,0.17045449999999107,70.568163,70.73861749999999
-1.0,60.0,127.0,0.06924714062500925,70.73861749999999,70.807864640625
-1.0,60.0,127.0,0.056818166666673164,70.75104647395833,70.807864640625
-1.0,60.0,127.0,0.17045450000000528,70.73861749999999,70.909072
-1.0,60.0,127.0,0.046164760416672834,70.909072,70.95523676041667
-1.0,60.0,127.0,0.03906248958334402,70.91617427083332,70.95523676041667
-1.0,64.0,127.0,0.17045450000000528,70.909072,71.0795265
-1.0,63.0,127.0,0.11363633333332501,71.0795265,71.19316283333333
-1.0,-1.0,0.0,0.056818166666658954,71.19316283333333,71.24998099999999
-1.0,60.0,127.0,0.06392043750000198,71.24998099999999,71.3139014375
-1.0,60.0,127.0,0.056818166666658954,71.25708327083333,71.3139014375
-1.0,58.0,127.0,0.17045450000000528,71.24998099999999,71.4204355
-1.0,-1.0,0.0,0.0071022708333288165,71.4204355,71.42753777083333
-1.0,60.0,127.0,0.056818166666673164,71.42753777083333,71.4843559375
-1.0,61.0,127.0,0.17045450000000528,71.4204355,71.59089
-1.0,-1.0,0.0,0.0071022708333288165,71.59089,71.59799227083333
-1.0,60.0,127.0,0.056818166666658954,71.59799227083333,71.65481043749999
-1.0,59.0,127.0,0.17045449999999107,71.59089,71.76134449999999
-1.0,59.0,127.0,0.11363633333333922,71.76134449999999,71.87498083333332
-1.0,-1.0,0.0,0.056818166666673164,71.87498083333332,71.931799
-1.0,66.0,127.0,0.14772723333332466,71.931799,72.07952623333333
-1.0,-1.0,0.0,0.02982953750000661,72.07952623333333,72.10935577083333
-1.0,60.0,127.0,0.056818166666658954,72.10935577083333,72.16617393749999
-1.0,60.0,127.0,0.17045450000000528,72.10225349999999,72.272708
-1.0,65.0,127.0,0.1325757222222279,72.272708,72.40528372222222
-1.0,-1.0,0.0,0.03787877777777737,72.40528372222222,72.4431625
-1.0,59.0,127.0,0.11718746874999653,72.4431625,72.56034996874999
-1.0,-1.0,0.0,0.05326703125000165,72.56034996874999,72.61361699999999
-1.0,60.0,127.0,0.07990054687500958,72.61361699999999,72.693517546875
-1.0,60.0,127.0,0.07279827604166655,72.62071927083333,72.693517546875
-1.0,70.0,127.0,0.17045450000000528,72.61361699999999,72.7840715
-1.0,61.0,127.0,0.06392043750000198,72.7840715,72.8479919375
-1.0,61.0,127.0,0.056818166666673164,72.79117377083332,72.8479919375
-1.0,54.0,127.0,0.17045450000000528,72.7840715,72.954526
-1.0,60.0,127.0,0.0745738437499881,72.954526,73.02909984374999
-1.0,60.0,127.0,0.056818166666658954,72.97228167708333,73.02909984374999
-1.0,60.0,127.0,0.17045449999999107,72.954526,73.12498049999999
-1.0,-1.0,0.0,0.012428973958336087,73.12498049999999,73.13740947395833
-1.0,60.0,127.0,0.056818166666673164,73.13740947395833,73.194227640625
-1.0,70.0,127.0,0.17045450000000528,73.12498049999999,73.295435
-1.0,60.0,127.0,0.06392043750000198,73.295435,73.3593554375
-1.0,60.0,127.0,0.056818166666673164,73.30253727083333,73.3593554375
-1.0,60.0,127.0,0.17045449999999107,73.295435,73.46588949999999
-1.0,60.0,127.0,0.06924714062500925,73.46588949999999,73.535136640625
-1.0,60.0,127.0,0.056818166666673164,73.47831847395832,73.535136640625
-1.0,60.0,127.0,0.17045450000000528,73.46588949999999,73.636344
-1.0,60.0,127.0,0.046164760416672834,73.636344,73.68250876041667
-1.0,60.0,127.0,0.03906248958334402,73.64344627083332,73.68250876041667
-1.0,64.0,127.0,0.17045450000000528,73.636344,73.8067985
-1.0,63.0,127.0,0.11363633333332501,73.8067985,73.92043483333333
-1.0,-1.0,0.0,0.056818166666658954,73.92043483333333,73.97725299999999
-1.0,60.0,127.0,0.06392043750000198,73.97725299999999,74.04117343749999
-1.0,60.0,127.0,0.056818166666658954,73.98435527083333,74.04117343749999
-1.0,58.0,127.0,0.17045450000000528,73.97725299999999,74.1477075
-1.0,-1.0,0.0,0.0071022708333288165,74.1477075,74.15480977083332
-1.0,60.0,127.0,0.056818166666673164,74.15480977083332,74.2116279375
-1.0,61.0,127.0,0.17045450000000528,74.1477075,74.318162
-1.0,-1.0,0.0,0.0071022708333288165,74.318162,74.32526427083333
-1.0,60.0,127.0,0.056818166666658954,74.32526427083333,74.38208243749999
-1.0,59.0,127.0,0.17045449999999107,74.318162,74.48861649999999
-1.0,59.0,127.0,0.11363633333333922,74.48861649999999,74.60225283333332
-1.0,-1.0,0.0,0.056818166666673164,74.60225283333332,74.659071
-1.0,66.0,127.0,0.14772723333332466,74.659071,74.80679823333332
-1.0,-1.0,0.0,0.02982953750000661,74.80679823333332,74.83662777083333
-1.0,60.0,127.0,0.056818166666658954,74.83662777083333,74.89344593749999
-1.0,60.0,127.0,0.17045450000000528,74.82952549999999,74.99998
-1.0,65.0,127.0,0.1325757222222279,74.99998,75.13255572222222
-1.0,-1.0,0.0,0.03787877777777737,75.13255572222222,75.1704345
-1.0,59.0,127.0,0.11718746874999653,75.1704345,75.28762196874999
-1.0,-1.0,0.0,0.05326703125000165,75.28762196874999,75.34088899999999
-1.0,60.0,127.0,0.07990054687500958,75.34088899999999,75.420789546875
-1.0,60.0,127.0,0.07279827604166655,75.34799127083333,75.420789546875
-1.0,70.0,127.0,0.17045450000000528,75.34088899999999,75.5113435
-1.0,61.0,127.0,0.06392043750000198,75.5113435,75.5752639375
-1.0,61.0,127.0,0.056818166666673164,75.51844577083332,75.5752639375
-1.0,54.0,127.0,0.17045450000000528,75.5113435,75.681798
-1.0,60.0,127.0,0.0745738437499881,75.681798,75.75637184374999
-1.0,60.0,127.0,0.056818166666658954,75.69955367708333,75.75637184374999
-1.0,60.0,127.0,0.17045449999999107,75.681798,75.85225249999999
-1.0,-1.0,0.0,0.012428973958336087,75.85225249999999,75.86468147395833
-1.0,60.0,127.0,0.056818166666673164,75.86468147395833,75.921499640625
-1.0,70.0,127.0,0.17045450000000528,75.85225249999999,76.022707
-1.0,60.0,127.0,0.06392043750000198,76.022707,76.0866274375
-1.0,60.0,127.0,0.056818166666673164,76.02980927083333,76.0866274375
-1.0,60.0,127.0,0.17045449999999107,76.022707,76.19316149999999
-1.0,60.0,127.0,0.06924714062500925,76.19316149999999,76.262408640625
-1.0,60.0,127.0,0.056818166666673164,76.20559047395832,76.262408640625
-1.0,60.0,127.0,0.17045450000000528,76.19316149999999,76.363616
-1.0,60.0,127.0,0.046164760416672834,76.363616,76.40978076041667
-1.0,60.0,127.0,0.03906248958334402,76.37071827083332,76.40978076041667
-1.0,64.0,127.0,0.17045450000000528,76.363616,76.5340705
-1.0,63.0,127.0,0.11363633333332501,76.5340705,76.64770683333333
-1.0,-1.0,0.0,0.056818166666658954,76.64770683333333,76.70452499999999
-1.0,60.0,127.0,0.06392043750000198,76.70452499999999,76.76844543749999
-1.0,60.0,127.0,0.056818166666658954,76.71162727083333,76.76844543749999
-1.0,58.0,127.0,0.17045450000000528,76.70452499999999,76.8749795
-1.0,-1.0,0.0,0.0071022708333288165,76.8749795,76.88208177083332
-1.0,60.0,127.0,0.056818166666673164,76.88208177083332,76.9388999375
-1.0,61.0,127.0,0.17045450000000528,76.8749795,77.045434
-1.0,-1.0,0.0,0.0071022708333288165,77.045434,77.05253627083333
-1.0,60.0,127.0,0.056818166666658954,77.05253627083333,77.10935443749999
-1.0,59.0,127.0,0.17045449999999107,77.045434,77.21588849999999
-1.0,59.0,127.0,0.11363633333333922,77.21588849999999,77.32952483333332
-1.0,-1.0,0.0,0.056818166666673164,77.32952483333332,77.386343
-1.0,66.0,127.0,0.14772723333332466,77.386343,77.53407023333332
-1.0,-1.0,0.0,0.02982953750000661,77.53407023333332,77.56389977083333
-1.0,60.0,127.0,0.056818166666658954,77.56389977083333,77.62071793749999
-1.0,60.0,127.0,0.17045450000000528,77.55679749999999,77.727252
-1.0,65.0,127.0,0.1325757222222279,77.727252,77.85982772222222
-1.0,-1.0,0.0,0.03787877777777737,77.85982772222222,77.8977065
-1.0,59.0,127.0,0.11718746874999653,77.8977065,78.01489396874999
-1.0,-1.0,0.0,0.05326703125000165,78.01489396874999,78.06816099999999
-1.0,60.0,127.0,0.07990054687500958,78.06816099999999,78.148061546875
-1.0,60.0,127.0,0.07279827604166655,78.07526327083333,78.148061546875
-1.0,70.0,127.0,0.17045450000000528,78.06816099999999,78.2386155
-1.0,61.0,127.0,0.06392043750000198,78.2386155,78.3025359375
-1.0,61.0,127.0,0.056818166666673164,78.24571777083332,78.3025359375
-1.0,54.0,127.0,0.17045450000000528,78.2386155,78.40907
-1.0,60.0,127.0,0.0745738437499881,78.40907,78.48364384374999
-1.0,60.0,127.0,0.056818166666658954,78.42682567708333,78.48364384374999
-1.0,60.0,127.0,0.17045449999999107,78.40907,78.57952449999999
-1.0,-1.0,0.0,0.012428973958336087,78.57952449999999,78.59195347395833
-1.0,60.0,127.0,0.056818166666673164,78.59195347395833,78.648771640625
-1.0,70.0,127.0,0.17045450000000528,78.57952449999999,78.749979
-1.0,60.0,127.0,0.06392043750000198,78.749979,78.8138994375
-1.0,60.0,127.0,0.056818166666673164,78.75708127083332,78.8138994375
-1.0,60.0,127.0,0.17045450000000528,78.749979,78.9204335
-1.0,60.0,127.0,0.06924714062499504,78.9204335,78.989680640625
-1.0,60.0,127.0,0.056818166666673164,78.93286247395832,78.989680640625
-1.0,60.0,127.0,0.17045449999999107,78.9204335,79.09088799999999
-1.0,60.0,127.0,0.046164760416672834,79.09088799999999,79.13705276041667
-1.0,60.0,127.0,0.03906248958334402,79.09799027083332,79.13705276041667
-1.0,64.0,127.0,0.17045450000000528,79.09088799999999,79.2613425
-1.0,63.0,127.0,0.11363633333332501,79.2613425,79.37497883333333
-1.0,-1.0,0.0,0.056818166666658954,79.37497883333333,79.43179699999999
-1.0,60.0,127.0,0.06392043750000198,79.43179699999999,79.49571743749999
-1.0,60.0,127.0,0.056818166666658954,79.43889927083333,79.49571743749999
-1.0,58.0,127.0,0.17045450000000528,79.43179699999999,79.6022515
-1.0,-1.0,0.0,0.0071022708333288165,79.6022515,79.60935377083332
-1.0,60.0,127.0,0.056818166666673164,79.60935377083332,79.6661719375
-1.0,61.0,127.0,0.17045450000000528,79.6022515,79.772706
-1.0,-1.0,0.0,0.0071022708333288165,79.772706,79.77980827083333
-1.0,60.0,127.0,0.056818166666673164,79.77980827083333,79.8366264375
-1.0,59.0,127.0,0.17045449999999107,79.772706,79.94316049999999
-1.0,59.0,127.0,0.11363633333333922,79.94316049999999,80.05679683333332
-1.0,-1.0,0.0,0.056818166666673164,80.05679683333332,80.113615
-1.0,66.0,127.0,0.147727233333336,80.113615,80.26134223333334
-1.0,-1.0,0.0,0.029829537499992398,80.26134223333334,80.29117177083333
-1.0,60.0,127.0,0.056818166666658954,80.29117177083333,80.34798993749999
-1.0,60.0,127.0,0.17045449999999107,80.2840695,80.45452399999999
-1.0,65.0,127.0,0.1325757222222279,80.45452399999999,80.58709972222222
-1.0,-1.0,0.0,0.03787877777777737,80.58709972222222,80.6249785
-1.0,59.0,127.0,0.11718746874999653,80.6249785,80.74216596874999
-1.0,-1.0,0.0,0.05326703125000165,80.74216596874999,80.79543299999999
-1.0,60.0,127.0,0.07990054687500958,80.79543299999999,80.875333546875
-1.0,60.0,127.0,0.07279827604166655,80.80253527083333,80.875333546875
-1.0,70.0,127.0,0.17045450000000528,80.79543299999999,80.9658875
-1.0,61.0,127.0,0.06392043750000198,80.9658875,81.0298079375
-1.0,61.0,127.0,0.056818166666673164,80.97298977083332,81.0298079375
-1.0,54.0,127.0,0.17045450000000528,80.9658875,81.136342
-1.0,60.0,127.0,0.0745738437499881,81.136342,81.21091584374999
-1.0,60.0,127.0,0.056818166666658954,81.15409767708333,81.21091584374999
-1.0,60.0,127.0,0.17045449999999107,81.136342,81.30679649999999
-1.0,-1.0,0.0,0.012428973958336087,81.30679649999999,81.31922547395833
-1.0,60.0,127.0,0.056818166666673164,81.31922547395833,81.376043640625
-1.0,70.0,127.0,0.17045450000000528,81.30679649999999,81.477251
-1.0,60.0,127.0,0.06392043750000198,81.477251,81.5411714375
-1.0,60.0,127.0,0.056818166666673164,81.48435327083332,81.5411714375
-1.0,60.0,127.0,0.17045450000000528,81.477251,81.6477055
-1.0,60.0,127.0,0.06924714062499504,81.6477055,81.716952640625
-1.0,60.0,127.0,0.056818166666673164,81.66013447395832,81.716952640625
-1.0,60.0,127.0,0.17045449999999107,81.6477055,81.81815999999999
-1.0,60.0,127.0,0.046164760416672834,81.81815999999999,81.86432476041666
-1.0,60.0,127.0,0.03906248958334402,81.82526227083332,81.86432476041666
-1.0,64.0,127.0,0.17045450000000528,81.81815999999999,81.9886145
-1.0,63.0,127.0,0.11363633333332501,81.9886145,82.10225083333333
-1.0,-1.0,0.0,0.056818166666658954,82.10225083333333,82.15906899999999
-1.0,60.0,127.0,0.06392043750000198,82.15906899999999,82.22298943749999
-1.0,60.0,127.0,0.056818166666658954,82.16617127083333,82.22298943749999
-1.0,58.0,127.0,0.17045450000000528,82.15906899999999,82.3295235
-1.0,-1.0,0.0,0.0071022708333288165,82.3295235,82.33662577083332
-1.0,60.0,127.0,0.056818166666673164,82.33662577083332,82.3934439375
-1.0,61.0,127.0,0.17045450000000528,82.3295235,82.499978
-1.0,-1.0,0.0,0.0071022708333288165,82.499978,82.50708027083333
-1.0,60.0,127.0,0.056818166666673164,82.50708027083333,82.5638984375
-1.0,59.0,127.0,0.17045449999999107,82.499978,82.67043249999999
-1.0,59.0,127.0,0.11363633333333922,82.67043249999999,82.78406883333332
-1.0,-1.0,0.0,0.056818166666673164,82.78406883333332,82.840887
-1.0,66.0,127.0,0.147727233333336,82.840887,82.98861423333334
-1.0,-1.0,0.0,0.029829537499992398,82.98861423333334,83.01844377083333
-1.0,60.0,127.0,0.056818166666658954,83.01844377083333,83.07526193749999
-1.0,60.0,127.0,0.17045449999999107,83.0113415,83.18179599999999
-1.0,65.0,127.0,0.1325757222222279,83.18179599999999,83.31437172222222
-1.0,-1.0,0.0,0.03787877777777737,83.31437172222222,83.3522505
-1.0,59.0,127.0,0.11718746874999653,83.3522505,83.46943796874999
-1.0,-1.0,0.0,0.05326703125000165,83.46943796874999,83.52270499999999
-1.0,60.0,127.0,0.07990054687500958,83.52270499999999,83.602605546875
-1.0,60.0,127.0,0.07279827604166655,83.52980727083333,83.602605546875
-1.0,70.0,127.0,0.17045450000000528,83.52270499999999,83.6931595
-1.0,61.0,127.0,0.06392043750000198,83.6931595,83.7570799375
-1.0,61.0,127.0,0.056818166666673164,83.70026177083332,83.7570799375
-1.0,54.0,127.0,0.17045450000000528,83.6931595,83.863614
-1.0,60.0,127.0,0.07457384375000231,83.863614,83.93818784375
-1.0,60.0,127.0,0.056818166666673164,83.88136967708333,83.93818784375
-1.0,60.0,127.0,0.17045449999999107,83.863614,84.03406849999999
-1.0,-1.0,0.0,0.012428973958336087,84.03406849999999,84.04649747395833
-1.0,60.0,127.0,0.056818166666673164,84.04649747395833,84.103315640625
-1.0,70.0,127.0,0.17045450000000528,84.03406849999999,84.204523
-1.0,60.0,127.0,0.06392043750000198,84.204523,84.2684434375
-1.0,60.0,127.0,0.056818166666673164,84.21162527083332,84.2684434375
-1.0,60.0,127.0,0.17045450000000528,84.204523,84.3749775
-1.0,60.0,127.0,0.06924714062499504,84.3749775,84.444224640625
-1.0,60.0,127.0,0.056818166666673164,84.38740647395832,84.444224640625
-1.0,60.0,127.0,0.17045449999999107,84.3749775,84.54543199999999
-1.0,60.0,127.0,0.046164760416672834,84.54543199999999,84.59159676041666
-1.0,60.0,127.0,0.03906248958332981,84.55253427083333,84.59159676041666
-1.0,64.0,127.0,0.17045450000000528,84.54543199999999,84.7158865
-1.0,63.0,127.0,0.11363633333332501,84.7158865,84.82952283333333
-1.0,-1.0,0.0,0.056818166666658954,84.82952283333333,84.88634099999999
-1.0,60.0,127.0,0.06392043750000198,84.88634099999999,84.95026143749999
-1.0,60.0,127.0,0.056818166666658954,84.89344327083333,84.95026143749999
-1.0,58.0,127.0,0.17045450000000528,84.88634099999999,85.05679549999999
-1.0,-1.0,0.0,0.0071022708333288165,85.05679549999999,85.06389777083332
-1.0,60.0,127.0,0.056818166666673164,85.06389777083332,85.1207159375
-1.0,61.0,127.0,0.17045450000000528,85.05679549999999,85.22725
-1.0,-1.0,0.0,0.0071022708333288165,85.22725,85.23435227083333
-1.0,60.0,127.0,0.056818166666673164,85.23435227083333,85.2911704375
-1.0,59.0,127.0,0.17045449999999107,85.22725,85.39770449999999
-1.0,59.0,127.0,0.11363633333333922,85.39770449999999,85.51134083333332
-1.0,-1.0,0.0,0.056818166666673164,85.51134083333332,85.568159
-1.0,66.0,127.0,0.14772723333333887,85.568159,85.71588623333334
-1.0,-1.0,0.0,0.029829537499992398,85.71588623333334,85.74571577083333
-1.0,60.0,127.0,0.056818166666658954,85.74571577083333,85.80253393749999
-1.0,60.0,127.0,0.17045449999999107,85.7386135,85.90906799999999
-1.0,65.0,127.0,0.1325757222222279,85.90906799999999,86.04164372222222
-1.0,-1.0,0.0,0.03787877777777737,86.04164372222222,86.0795225
-1.0,59.0,127.0,0.11718746874999653,86.0795225,86.19670996874999
-1.0,-1.0,0.0,0.05326703125000165,86.19670996874999,86.24997699999999
-1.0,60.0,127.0,0.07990054687500958,86.24997699999999,86.329877546875
-1.0,60.0,127.0,0.07279827604166655,86.25707927083333,86.329877546875
-1.0,70.0,127.0,0.17045450000000528,86.24997699999999,86.42043149999999
-1.0,61.0,127.0,0.06392043750000198,86.42043149999999,86.4843519375
-1.0,61.0,127.0,0.056818166666673164,86.42753377083332,86.4843519375
-1.0,54.0,127.0,0.17045450000000528,86.42043149999999,86.590886
-1.0,60.0,127.0,0.07457384375000231,86.590886,86.66545984375
-1.0,60.0,127.0,0.056818166666673164,86.60864167708333,86.66545984375
-1.0,60.0,127.0,0.17045449999999107,86.590886,86.76134049999999
-1.0,-1.0,0.0,0.012428973958336087,86.76134049999999,86.77376947395832
-1.0,60.0,127.0,0.056818166666673164,86.77376947395832,86.830587640625
-1.0,70.0,127.0,0.17045450000000528,86.7613405,86.93179500000001
-1.0,60.0,127.0,0.06392043750000198,86.931795,86.9957154375
-1.0,60.0,127.0,0.056818166666673164,86.93889727083332,86.9957154375
-1.0,60.0,127.0,0.17045450000000528,86.93179500000001,87.10224950000001
-1.0,60.0,127.0,0.06924714062499504,87.1022495,87.171496640625
-1.0,60.0,127.0,0.056818166666673164,87.11467847395832,87.171496640625
-1.0,60.0,127.0,0.17045449999999107,87.10224950000001,87.272704
-1.0,60.0,127.0,0.046164760416672834,87.27270399999999,87.31886876041666
-1.0,60.0,127.0,0.03906248958332981,87.27980627083333,87.31886876041666
-1.0,64.0,127.0,0.17045450000000528,87.27270399999999,87.4431585
-1.0,63.0,127.0,0.11363633333333212,87.4431585,87.55679483333333
-1.0,-1.0,0.0,0.056818166666673164,87.55679483333333,87.613613
-1.0,60.0,127.0,0.06392043749998777,87.613613,87.67753343749999
-1.0,60.0,127.0,0.056818166666658954,87.62071527083333,87.67753343749999
-1.0,58.0,127.0,0.17045449999999107,87.613613,87.78406749999999
-1.0,-1.0,0.0,0.0071022708333288165,87.78406749999999,87.79116977083332
-1.0,60.0,127.0,0.056818166666673164,87.79116977083332,87.8479879375
-1.0,61.0,127.0,0.17045450000000528,87.78406749999999,87.954522
-1.0,-1.0,0.0,0.0071022708333288165,87.954522,87.96162427083333
-1.0,60.0,127.0,0.056818166666673164,87.96162427083333,88.0184424375
-1.0,59.0,127.0,0.17045449999999107,87.954522,88.12497649999999
-1.0,59.0,127.0,0.11363633333333922,88.12497649999999,88.23861283333332
-1.0,-1.0,0.0,0.056818166666673164,88.23861283333332,88.295431
-1.0,66.0,127.0,0.14772723333333887,88.295431,88.44315823333334
-1.0,-1.0,0.0,0.029829537499992398,88.44315823333334,88.47298777083333
-1.0,60.0,127.0,0.056818166666673164,88.47298777083333,88.5298059375
-1.0,60.0,127.0,0.17045449999999107,88.4658855,88.63633999999999
-1.0,65.0,127.0,0.1325757222222279,88.63633999999998,88.7689157222222
-1.0,-1.0,0.0,0.037878777777791584,88.7689157222222,88.8067945
-1.0,59.0,127.0,0.11718746875000363,88.8067945,88.92398196875
-1.0,-1.0,0.0,0.05326703125000165,88.92398196875,88.977249
-1.0,60.0,127.0,0.07990054687499537,88.977249,89.057149546875
-1.0,60.0,127.0,0.07279827604166655,88.98435127083333,89.057149546875
-1.0,70.0,127.0,0.17045449999999107,88.97724899999999,89.14770349999998
-1.0,-1.0,0.0,1.4210854715202004e-14,89.14770349999998,89.14770349999999
-1.0,61.0,127.0,0.06392043750000198,89.14770349999999,89.2116239375
-1.0,61.0,127.0,0.056818166666673164,89.15480577083332,89.2116239375
-1.0,54.0,127.0,0.17045450000000528,89.14770349999999,89.318158
-1.0,60.0,127.0,0.07457384375000231,89.318158,89.39273184375
-1.0,60.0,127.0,0.056818166666673164,89.33591367708333,89.39273184375
-1.0,60.0,127.0,0.17045449999999107,89.318158,89.48861249999999
-1.0,-1.0,0.0,0.012428973958336087,89.48861249999999,89.50104147395832
-1.0,60.0,127.0,0.056818166666673164,89.50104147395832,89.557859640625
-1.0,70.0,127.0,0.17045450000000528,89.48861249999999,89.659067
-1.0,60.0,127.0,0.06392043750000198,89.659067,89.7229874375
-1.0,60.0,127.0,0.056818166666673164,89.66616927083332,89.7229874375
-1.0,60.0,127.0,0.17045450000000528,89.659067,89.8295215
-1.0,60.0,127.0,0.06924714062499504,89.8295215,89.898768640625
-1.0,60.0,127.0,0.056818166666673164,89.84195047395832,89.898768640625
-1.0,60.0,127.0,0.17045449999999107,89.8295215,89.99997599999999
-1.0,60.0,127.0,0.046164760416672834,89.99997599999999,90.04614076041666
-1.0,60.0,127.0,0.03906248958332981,90.00707827083333,90.04614076041666
-1.0,64.0,127.0,0.17045450000000528,89.99997599999999,90.1704305
-1.0,63.0,127.0,0.11363633333333212,90.1704305,90.28406683333333
-1.0,-1.0,0.0,0.056818166666673164,90.28406683333333,90.340885
-1.0,60.0,127.0,0.06392043749998777,90.340885,90.40480543749999
-1.0,60.0,127.0,0.056818166666658954,90.34798727083333,90.40480543749999
-1.0,58.0,127.0,0.17045449999999107,90.340885,90.51133949999999
-1.0,-1.0,0.0,0.0071022708333288165,90.51133949999999,90.51844177083332
-1.0,60.0,127.0,0.056818166666673164,90.51844177083332,90.5752599375
-1.0,61.0,127.0,0.17045450000000528,90.51133949999999,90.681794
-1.0,-1.0,0.0,0.0071022708333288165,90.681794,90.68889627083333
-1.0,60.0,127.0,0.056818166666673164,90.68889627083333,90.7457144375
-1.0,59.0,127.0,0.17045449999999107,90.68179400000001,90.8522485
-1.0,59.0,127.0,0.11363633333333922,90.85224849999999,90.96588483333332
-1.0,-1.0,0.0,0.056818166666673164,90.96588483333332,91.02270299999999
-1.0,66.0,127.0,0.14772723333333887,91.02270299999999,91.17043023333333
-1.0,-1.0,0.0,0.029829537499992398,91.17043023333333,91.20025977083333
-1.0,60.0,127.0,0.056818166666673164,91.20025977083333,91.2570779375
-1.0,60.0,127.0,0.17045449999999107,91.1931575,91.36361199999999
-1.0,65.0,127.0,0.1325757222222279,91.36361199999999,91.49618772222222
-1.0,-1.0,0.0,0.03787877777777737,91.49618772222222,91.5340665
-1.0,59.0,127.0,0.11718746875000363,91.5340665,91.65125396875
-1.0,-1.0,0.0,0.05326703125000165,91.65125396875,91.704521
-1.0,60.0,127.0,0.07990054687499537,91.704521,91.784421546875
-1.0,60.0,127.0,0.07279827604166655,91.71162327083333,91.784421546875
-1.0,70.0,127.0,0.17045449999999107,91.704521,91.87497549999999
-1.0,61.0,127.0,0.06392043750000198,91.87497549999999,91.93889593749999
-1.0,61.0,127.0,0.056818166666658954,91.88207777083333,91.93889593749999
-1.0,54.0,127.0,0.17045450000000528,91.87497549999999,92.04543
-1.0,60.0,127.0,0.07457384375000231,92.04543,92.12000384375
-1.0,60.0,127.0,0.056818166666673164,92.06318567708333,92.12000384375
-1.0,60.0,127.0,0.17045449999999107,92.04543,92.21588449999999
-1.0,-1.0,0.0,0.012428973958336087,92.21588449999999,92.22831347395832
-1.0,60.0,127.0,0.056818166666673164,92.22831347395832,92.285131640625
-1.0,70.0,127.0,0.17045450000000528,92.21588449999997,92.38633899999998
-1.0,-1.0,0.0,1.4210854715202004e-14,92.38633899999998,92.38633899999999
-1.0,60.0,127.0,0.06392043750000198,92.38633899999999,92.4502594375
-1.0,60.0,127.0,0.056818166666673164,92.39344127083332,92.4502594375
-1.0,60.0,127.0,0.17045450000000528,92.38633899999998,92.55679349999998
-1.0,-1.0,0.0,1.4210854715202004e-14,92.55679349999998,92.5567935
-1.0,60.0,127.0,0.06924714062499504,92.5567935,92.62604064062499
-1.0,60.0,127.0,0.056818166666658954,92.56922247395833,92.62604064062499
-1.0,60.0,127.0,0.17045449999999107,92.55679349999998,92.72724799999997
-1.0,-1.0,0.0,1.4210854715202004e-14,92.72724799999997,92.72724799999999
-1.0,60.0,127.0,0.046164760416672834,92.72724799999999,92.77341276041666
-1.0,60.0,127.0,0.03906248958332981,92.73435027083333,92.77341276041666
-1.0,64.0,127.0,0.17045450000000528,92.72724799999999,92.8977025
-1.0,63.0,127.0,0.11363633333333212,92.8977025,93.01133883333333
-1.0,-1.0,0.0,0.056818166666673164,93.01133883333333,93.068157
-1.0,60.0,127.0,0.06392043749998777,93.068157,93.13207743749999
-1.0,60.0,127.0,0.056818166666658954,93.07525927083333,93.13207743749999
-1.0,58.0,127.0,0.17045449999999107,93.068157,93.23861149999999
-1.0,-1.0,0.0,0.007102270833343027,93.23861149999999,93.24571377083333
-1.0,60.0,127.0,0.056818166666658954,93.24571377083333,93.30253193749999
-1.0,61.0,127.0,0.17045450000000528,93.23861149999999,93.409066
-1.0,-1.0,0.0,0.0071022708333288165,93.409066,93.41616827083332
-1.0,60.0,127.0,0.056818166666673164,93.41616827083332,93.4729864375
-1.0,59.0,127.0,0.17045449999999107,93.409066,93.57952049999999
-1.0,59.0,127.0,0.11363633333333922,93.57952049999999,93.69315683333332
-1.0,-1.0,0.0,0.056818166666673164,93.69315683333332,93.74997499999999
-1.0,66.0,127.0,0.14772723333333887,93.74997499999999,93.89770223333333
-1.0,-1.0,0.0,0.029829537499992398,93.89770223333333,93.92753177083333
-1.0,60.0,127.0,0.056818166666673164,93.92753177083333,93.9843499375
-1.0,60.0,127.0,0.17045449999999107,93.9204295,94.09088399999999
-1.0,-1.0,0.0,1.4210854715202004e-14,94.09088399999999,94.090884
-1.0,65.0,127.0,0.1325757222222279,94.090884,94.22345972222223
-1.0,-1.0,0.0,0.03787877777776316,94.22345972222223,94.2613385
-1.0,59.0,127.0,0.11718746875000363,94.2613385,94.37852596875
-1.0,-1.0,0.0,0.05326703125000165,94.37852596875,94.431793
-1.0,60.0,127.0,0.07990054687499537,94.431793,94.511693546875
-1.0,60.0,127.0,0.07279827604166655,94.43889527083333,94.511693546875
-1.0,70.0,127.0,0.17045449999999107,94.43179300000001,94.6022475
-1.0,61.0,127.0,0.06392043750000198,94.60224749999999,94.66616793749999
-1.0,61.0,127.0,0.056818166666658954,94.60934977083333,94.66616793749999
-1.0,54.0,127.0,0.17045450000000528,94.60224749999999,94.772702
-1.0,60.0,127.0,0.07457384375000231,94.772702,94.84727584375
-1.0,60.0,127.0,0.056818166666673164,94.79045767708332,94.84727584375
-1.0,60.0,127.0,0.17045449999999107,94.772702,94.94315649999999
-1.0,-1.0,0.0,0.012428973958336087,94.94315649999999,94.95558547395832
-1.0,60.0,127.0,0.056818166666673164,94.95558547395832,95.012403640625
-1.0,70.0,127.0,0.17045450000000528,94.94315649999999,95.11361099999999
-1.0,60.0,127.0,0.06392043750000198,95.11361099999999,95.1775314375
-1.0,60.0,127.0,0.056818166666673164,95.12071327083332,95.1775314375
-1.0,60.0,127.0,0.17045450000000528,95.11361099999999,95.2840655
-1.0,60.0,127.0,0.06924714062499504,95.2840655,95.35331264062499
-1.0,60.0,127.0,0.056818166666658954,95.29649447395833,95.35331264062499
-1.0,60.0,127.0,0.17045449999999107,95.2840655,95.45451999999999
-1.0,60.0,127.0,0.046164760416672834,95.45451999999999,95.50068476041666
-1.0,60.0,127.0,0.03906248958332981,95.46162227083333,95.50068476041666
-1.0,64.0,127.0,0.17045450000000528,95.45451999999999,95.6249745
-1.0,63.0,127.0,0.11363633333333922,95.6249745,95.73861083333333
-1.0,-1.0,0.0,0.056818166666673164,95.73861083333333,95.795429
-1.0,60.0,127.0,0.06392043749998777,95.795429,95.85934943749999
-1.0,60.0,127.0,0.056818166666658954,95.80253127083333,95.85934943749999
-1.0,58.0,127.0,0.17045449999999107,95.795429,95.96588349999999
-1.0,-1.0,0.0,0.007102270833343027,95.96588349999999,95.97298577083333
-1.0,60.0,127.0,0.056818166666658954,95.97298577083333,96.02980393749999
-1.0,61.0,127.0,0.17045450000000528,95.96588349999999,96.136338
-1.0,-1.0,0.0,0.0071022708333288165,96.136338,96.14344027083332
-1.0,60.0,127.0,0.056818166666673164,96.14344027083332,96.2002584375
-1.0,59.0,127.0,0.17045450000000528,96.13633799999998,96.30679249999999
-1.0,-1.0,0.0,1.4210854715202004e-14,96.30679249999999,96.3067925
-1.0,59.0,127.0,0.11363633333332501,96.3067925,96.42042883333332
-1.0,-1.0,0.0,0.056818166666673164,96.42042883333332,96.47724699999999
-1.0,66.0,127.0,0.14772723333333887,96.47724699999999,96.62497423333333
-1.0,-1.0,0.0,0.029829537499992398,96.62497423333333,96.65480377083333
-1.0,60.0,127.0,0.056818166666673164,96.65480377083333,96.7116219375
-1.0,60.0,127.0,0.17045449999999107,96.6477015,96.81815599999999
-1.0,65.0,127.0,0.1325757222222279,96.81815599999999,96.95073172222222
-1.0,-1.0,0.0,0.03787877777777737,96.95073172222222,96.9886105
-1.0,59.0,127.0,0.11718746875000363,96.9886105,97.10579796875
-1.0,-1.0,0.0,0.05326703125000165,97.10579796875,97.159065
-1.0,60.0,127.0,0.07990054687499537,97.159065,97.238965546875
-1.0,60.0,127.0,0.07279827604166655,97.16616727083333,97.238965546875
-1.0,70.0,127.0,0.17045449999999107,97.159065,97.32951949999999
-1.0,61.0,127.0,0.06392043750000198,97.32951949999999,97.39343993749999
-1.0,61.0,127.0,0.056818166666658954,97.33662177083333,97.39343993749999
-1.0,54.0,127.0,0.17045450000000528,97.32951949999999,97.499974
-1.0,60.0,127.0,0.07457384375000231,97.499974,97.57454784375
-1.0,60.0,127.0,0.056818166666673164,97.51772967708332,97.57454784375
-1.0,60.0,127.0,0.17045450000000528,97.499974,97.6704285
-1.0,-1.0,0.0,0.012428973958321876,97.6704285,97.68285747395832
-1.0,60.0,127.0,0.056818166666673164,97.68285747395832,97.739675640625
-1.0,70.0,127.0,0.17045449999999107,97.6704285,97.84088299999999
-1.0,60.0,127.0,0.06392043750000198,97.84088299999999,97.9048034375
-1.0,60.0,127.0,0.056818166666673164,97.84798527083332,97.9048034375
-1.0,60.0,127.0,0.17045450000000528,97.840883,98.01133750000001
-1.0,60.0,127.0,0.06924714062499504,98.0113375,98.08058464062499
-1.0,60.0,127.0,0.056818166666658954,98.02376647395833,98.08058464062499
-1.0,60.0,127.0,0.17045449999999107,98.01133750000001,98.181792
-1.0,60.0,127.0,0.046164760416672834,98.18179199999999,98.22795676041666
-1.0,60.0,127.0,0.03906248958332981,98.18889427083333,98.22795676041666
-1.0,64.0,127.0,0.17045450000000528,98.18179199999999,98.35224649999999
-1.0,63.0,127.0,0.11363633333333922,98.35224649999999,98.46588283333332
-1.0,-1.0,0.0,0.056818166666673164,98.46588283333332,98.522701
-1.0,60.0,127.0,0.06392043750000198,98.522701,98.5866214375
-1.0,60.0,127.0,0.056818166666673164,98.52980327083333,98.5866214375
-1.0,58.0,127.0,0.17045449999999107,98.522701,98.69315549999999
-1.0,-1.0,0.0,0.007102270833343027,98.69315549999999,98.70025777083333
-1.0,60.0,127.0,0.056818166666658954,98.70025777083333,98.75707593749999
-1.0,61.0,127.0,0.17045450000000528,98.69315549999999,98.86361
-1.0,-1.0,0.0,0.0071022708333288165,98.86361,98.87071227083332
-1.0,60.0,127.0,0.056818166666673164,98.87071227083332,98.9275304375
-1.0,59.0,127.0,0.17045450000000528,98.86361,99.0340645
-1.0,59.0,127.0,0.11363633333332501,99.0340645,99.14770083333332
-1.0,-1.0,0.0,0.056818166666673164,99.14770083333332,99.20451899999999
-1.0,66.0,127.0,0.14772723333333887,99.20451899999999,99.35224623333333
-1.0,-1.0,0.0,0.029829537499992398,99.35224623333333,99.38207577083332
-1.0,60.0,127.0,0.056818166666673164,99.38207577083332,99.4388939375
-1.0,60.0,127.0,0.17045449999999107,99.3749735,99.54542799999999
-1.0,65.0,127.0,0.1325757222222279,99.54542799999997,99.6780037222222
-1.0,-1.0,0.0,0.037878777777791584,99.6780037222222,99.71588249999999
-1.0,59.0,127.0,0.11718746875000363,99.71588249999999,99.83306996875
-1.0,-1.0,0.0,0.05326703125000165,99.83306996875,99.886337
-1.0,60.0,127.0,0.07990054687499537,99.886337,99.96623754687499
-1.0,60.0,127.0,0.07279827604166655,99.89343927083333,99.96623754687499
-1.0,70.0,127.0,0.17045449999999107,99.88633699999998,100.05679149999997
-1.0,-1.0,0.0,1.4210854715202004e-14,100.05679149999997,100.05679149999999
-1.0,61.0,127.0,0.06392043750000198,100.05679149999999,100.12071193749999
-1.0,61.0,127.0,0.056818166666658954,100.06389377083333,100.12071193749999
-1.0,54.0,127.0,0.17045450000000528,100.05679149999999,100.227246
-1.0,60.0,127.0,0.07457384375000231,100.227246,100.30181984375
-1.0,60.0,127.0,0.056818166666673164,100.24500167708332,100.30181984375
-1.0,60.0,127.0,0.17045450000000528,100.227246,100.3977005
-1.0,-1.0,0.0,0.012428973958321876,100.3977005,100.41012947395832
-1.0,60.0,127.0,0.056818166666673164,100.41012947395832,100.466947640625
-1.0,70.0,127.0,0.17045449999999107,100.3977005,100.56815499999999
-1.0,60.0,127.0,0.06392043750000198,100.56815499999999,100.63207543749999
-1.0,60.0,127.0,0.056818166666658954,100.57525727083333,100.63207543749999
-1.0,60.0,127.0,0.17045450000000528,100.56815499999999,100.7386095
-1.0,60.0,127.0,0.06924714062499504,100.7386095,100.80785664062499
-1.0,60.0,127.0,0.056818166666658954,100.75103847395833,100.80785664062499
-1.0,60.0,127.0,0.17045449999999107,100.7386095,100.90906399999999
-1.0,60.0,127.0,0.046164760416672834,100.90906399999999,100.95522876041666
-1.0,60.0,127.0,0.03906248958332981,100.91616627083333,100.95522876041666
-1.0,64.0,127.0,0.17045450000000528,100.90906399999999,101.07951849999999
-1.0,63.0,127.0,0.11363633333333922,101.07951849999999,101.19315483333332
-1.0,-1.0,0.0,0.056818166666673164,101.19315483333332,101.249973
-1.0,60.0,127.0,0.06392043750000198,101.249973,101.3138934375
-1.0,60.0,127.0,0.056818166666673164,101.25707527083333,101.3138934375
-1.0,58.0,127.0,0.17045449999999107,101.249973,101.42042749999999
-1.0,-1.0,0.0,0.007102270833343027,101.42042749999999,101.42752977083333
-1.0,60.0,127.0,0.056818166666658954,101.42752977083333,101.48434793749999
-1.0,61.0,127.0,0.17045450000000528,101.42042749999999,101.590882
-1.0,-1.0,0.0,0.0071022708333288165,101.590882,101.59798427083332
-1.0,60.0,127.0,0.056818166666673164,101.59798427083332,101.6548024375
-1.0,59.0,127.0,0.17045450000000528,101.59088200000001,101.76133650000001
-1.0,59.0,127.0,0.11363633333332501,101.7613365,101.87497283333332
-1.0,-1.0,0.0,0.056818166666673164,101.87497283333332,101.93179099999999
-1.0,66.0,127.0,0.14772723333333887,101.93179099999999,102.07951823333333
-1.0,-1.0,0.0,0.029829537499992398,102.07951823333333,102.10934777083332
-1.0,60.0,127.0,0.056818166666673164,102.10934777083332,102.1661659375
-1.0,60.0,127.0,0.17045449999999107,102.1022455,102.27269999999999
-1.0,65.0,127.0,0.1325757222222279,102.27269999999999,102.40527572222221
-1.0,-1.0,0.0,0.03787877777777737,102.40527572222221,102.44315449999999
-1.0,59.0,127.0,0.11718746875000363,102.44315449999999,102.56034196875
-1.0,-1.0,0.0,0.05326703125000165,102.56034196875,102.613609
-1.0,60.0,127.0,0.07990054687499537,102.613609,102.69350954687499
-1.0,60.0,127.0,0.07279827604166655,102.62071127083333,102.69350954687499
-1.0,70.0,127.0,0.17045449999999107,102.613609,102.78406349999999
-1.0,61.0,127.0,0.06392043750000198,102.78406349999999,102.84798393749999
-1.0,61.0,127.0,0.056818166666658954,102.79116577083333,102.84798393749999
-1.0,54.0,127.0,0.17045450000000528,102.78406349999999,102.954518
-1.0,60.0,127.0,0.07457384375000231,102.954518,103.02909184375
-1.0,60.0,127.0,0.056818166666673164,102.97227367708332,103.02909184375
-1.0,60.0,127.0,0.17045450000000528,102.954518,103.1249725
-1.0,-1.0,0.0,0.012428973958321876,103.1249725,103.13740147395832
-1.0,60.0,127.0,0.056818166666673164,103.13740147395832,103.194219640625
-1.0,70.0,127.0,0.17045449999999107,103.1249725,103.29542699999999
-1.0,60.0,127.0,0.06392043750000198,103.29542699999999,103.35934743749999
-1.0,60.0,127.0,0.056818166666658954,103.30252927083333,103.35934743749999
-1.0,60.0,127.0,0.17045450000000528,103.29542699999998,103.46588149999998
-1.0,-1.0,0.0,1.4210854715202004e-14,103.46588149999998,103.4658815
-1.0,60.0,127.0,0.06924714062499504,103.4658815,103.53512864062499
-1.0,60.0,127.0,0.056818166666658954,103.47831047395833,103.53512864062499
-1.0,60.0,127.0,0.17045449999999107,103.46588149999998,103.63633599999997
-1.0,-1.0,0.0,1.4210854715202004e-14,103.63633599999997,103.63633599999999
-1.0,60.0,127.0,0.046164760416672834,103.63633599999999,103.68250076041666
-1.0,60.0,127.0,0.03906248958332981,103.64343827083333,103.68250076041666
-1.0,64.0,127.0,0.17045450000000528,103.63633599999999,103.80679049999999
-1.0,63.0,127.0,0.11363633333333922,103.80679049999999,103.92042683333332
-1.0,-1.0,0.0,0.056818166666673164,103.92042683333332,103.977245
-1.0,60.0,127.0,0.06392043750000198,103.977245,104.0411654375
-1.0,60.0,127.0,0.056818166666673164,103.98434727083333,104.0411654375
-1.0,58.0,127.0,0.17045449999999107,103.977245,104.14769949999999
-1.0,-1.0,0.0,0.007102270833343027,104.14769949999999,104.15480177083333
-1.0,60.0,127.0,0.056818166666658954,104.15480177083333,104.21161993749999
-1.0,61.0,127.0,0.17045450000000528,104.1476995,104.318154
-1.0,-1.0,0.0,0.007102270833314606,104.318154,104.32525627083332
-1.0,60.0,127.0,0.056818166666673164,104.32525627083332,104.3820744375
-1.0,59.0,127.0,0.17045450000000528,104.31815399999999,104.4886085
-1.0,59.0,127.0,0.11363633333332501,104.4886085,104.60224483333332
-1.0,-1.0,0.0,0.056818166666673164,104.60224483333332,104.65906299999999
-1.0,66.0,127.0,0.14772723333333887,104.65906299999999,104.80679023333333
-1.0,-1.0,0.0,0.029829537499992398,104.80679023333333,104.83661977083332
-1.0,60.0,127.0,0.056818166666673164,104.83661977083332,104.8934379375
-1.0,60.0,127.0,0.17045450000000528,104.8295175,104.999972
-1.0,65.0,127.0,0.1325757222222137,104.999972,105.13254772222221
-1.0,-1.0,0.0,0.03787877777777737,105.13254772222221,105.17042649999999
-1.0,59.0,127.0,0.11718746875000363,105.17042649999999,105.28761396875
-1.0,-1.0,0.0,0.05326703125000165,105.28761396875,105.340881
-1.0,60.0,127.0,0.07990054687499537,105.340881,105.42078154687499
-1.0,60.0,127.0,0.07279827604166655,105.34798327083332,105.42078154687499
-1.0,70.0,127.0,0.17045449999999107,105.34088100000001,105.5113355
-1.0,61.0,127.0,0.06392043750000198,105.51133549999999,105.57525593749999
-1.0,61.0,127.0,0.056818166666658954,105.51843777083333,105.57525593749999
-1.0,54.0,127.0,0.17045450000000528,105.51133549999999,105.68178999999999
-1.0,60.0,127.0,0.07457384375000231,105.68178999999999,105.75636384375
-1.0,60.0,127.0,0.056818166666673164,105.69954567708332,105.75636384375
-1.0,60.0,127.0,0.17045450000000528,105.68178999999999,105.8522445
-1.0,-1.0,0.0,0.012428973958321876,105.8522445,105.86467347395832
-1.0,60.0,127.0,0.056818166666673164,105.86467347395832,105.92149164062499
-1.0,70.0,127.0,0.17045449999999107,105.8522445,106.02269899999999
-1.0,60.0,127.0,0.06392043750000198,106.02269899999999,106.08661943749999
-1.0,60.0,127.0,0.056818166666658954,106.02980127083333,106.08661943749999
-1.0,60.0,127.0,0.17045450000000528,106.02269899999999,106.1931535
-1.0,60.0,127.0,0.06924714062499504,106.1931535,106.26240064062499
-1.0,60.0,127.0,0.056818166666658954,106.20558247395833,106.26240064062499
-1.0,60.0,127.0,0.17045450000000528,106.1931535,106.363608
-1.0,60.0,127.0,0.04616476041665862,106.363608,106.40977276041666
-1.0,60.0,127.0,0.03906248958332981,106.37071027083333,106.40977276041666
-1.0,64.0,127.0,0.17045449999999107,106.363608,106.53406249999999
-1.0,63.0,127.0,0.11363633333333922,106.53406249999999,106.64769883333332
-1.0,-1.0,0.0,0.056818166666673164,106.64769883333332,106.704517
-1.0,60.0,127.0,0.06392043750000198,106.704517,106.7684374375
-1.0,60.0,127.0,0.056818166666673164,106.71161927083332,106.7684374375
-1.0,58.0,127.0,0.17045449999999107,106.704517,106.87497149999999
-1.0,-1.0,0.0,0.007102270833343027,106.87497149999999,106.88207377083333
-1.0,60.0,127.0,0.056818166666658954,106.88207377083333,106.93889193749999
-1.0,61.0,127.0,0.17045450000000528,106.87497149999999,107.04542599999999
-1.0,-1.0,0.0,0.0071022708333288165,107.04542599999999,107.05252827083332
-1.0,60.0,127.0,0.056818166666673164,107.05252827083332,107.1093464375
-1.0,59.0,127.0,0.17045450000000528,107.04542599999998,107.21588049999998
-1.0,-1.0,0.0,1.4210854715202004e-14,107.21588049999998,107.2158805
-1.0,59.0,127.0,0.11363633333332501,107.2158805,107.32951683333332
-1.0,-1.0,0.0,0.056818166666673164,107.32951683333332,107.38633499999999
-1.0,66.0,127.0,0.14772723333333887,107.38633499999999,107.53406223333333
-1.0,-1.0,0.0,0.029829537499992398,107.53406223333333,107.56389177083332
-1.0,60.0,127.0,0.056818166666673164,107.56389177083332,107.6207099375
-1.0,60.0,127.0,0.17045450000000528,107.5567895,107.727244
-1.0,65.0,127.0,0.1325757222222137,107.727244,107.85981972222221
-1.0,-1.0,0.0,0.03787877777777737,107.85981972222221,107.89769849999999
-1.0,59.0,127.0,0.11718746875000363,107.89769849999999,108.01488596875
-1.0,-1.0,0.0,0.05326703125000165,108.01488596875,108.068153
-1.0,60.0,127.0,0.07990054687499537,108.068153,108.14805354687499
-1.0,60.0,127.0,0.07279827604166655,108.07525527083332,108.14805354687499
-1.0,70.0,127.0,0.17045449999999107,108.068153,108.23860749999999
-1.0,61.0,127.0,0.06392043750000198,108.23860749999999,108.30252793749999
-1.0,61.0,127.0,0.056818166666658954,108.24570977083333,108.30252793749999
-1.0,54.0,127.0,0.17045450000000528,108.23860749999999,108.40906199999999
-1.0,60.0,127.0,0.07457384375000231,108.40906199999999,108.48363584375
-1.0,60.0,127.0,0.056818166666673164,108.42681767708332,108.48363584375
-1.0,60.0,127.0,0.17045450000000528,108.40906199999999,108.5795165
-1.0,-1.0,0.0,0.012428973958321876,108.5795165,108.59194547395832
-1.0,60.0,127.0,0.056818166666673164,108.59194547395832,108.64876364062499
-1.0,70.0,127.0,0.17045449999999107,108.5795165,108.74997099999999
-1.0,60.0,127.0,0.06392043750000198,108.74997099999999,108.81389143749999
-1.0,60.0,127.0,0.056818166666658954,108.75707327083333,108.81389143749999
-1.0,60.0,127.0,0.17045450000000528,108.749971,108.92042550000001
-1.0,60.0,127.0,0.06924714062499504,108.9204255,108.98967264062499
-1.0,60.0,127.0,0.056818166666658954,108.93285447395833,108.98967264062499
-1.0,60.0,127.0,0.17045450000000528,108.92042550000001,109.09088000000001
-1.0,60.0,127.0,0.04616476041665862,109.09088,109.13704476041666
-1.0,60.0,127.0,0.03906248958332981,109.09798227083333,109.13704476041666
-1.0,64.0,127.0,0.17045449999999107,109.09088000000001,109.2613345
-1.0,63.0,127.0,0.11363633333333922,109.26133449999999,109.37497083333332
-1.0,-1.0,0.0,0.056818166666673164,109.37497083333332,109.431789
-1.0,60.0,127.0,0.06392043750000198,109.431789,109.4957094375
-1.0,60.0,127.0,0.056818166666673164,109.43889127083332,109.4957094375
-1.0,58.0,127.0,0.17045449999999107,109.431789,109.60224349999999
-1.0,-1.0,0.0,0.007102270833343027,109.60224349999999,109.60934577083333
-1.0,60.0,127.0,0.056818166666658954,109.60934577083333,109.66616393749999
-1.0,61.0,127.0,0.17045450000000528,109.60224349999999,109.77269799999999
-1.0,-1.0,0.0,0.0071022708333288165,109.77269799999999,109.77980027083332
-1.0,60.0,127.0,0.056818166666673164,109.77980027083332,109.8366184375
-1.0,59.0,127.0,0.17045450000000528,109.77269799999999,109.9431525
-1.0,59.0,127.0,0.11363633333332501,109.9431525,110.05678883333331
-1.0,-1.0,0.0,0.056818166666658954,110.05678883333331,110.11360699999997
-1.0,66.0,127.0,0.14772723333333887,110.11360699999997,110.26133423333332
-1.0,-1.0,0.0,0.02982953750000661,110.26133423333332,110.29116377083332
-1.0,60.0,127.0,0.056818166666673164,110.29116377083332,110.3479819375
-1.0,60.0,127.0,0.17045450000000528,110.28406149999999,110.454516
-1.0,65.0,127.0,0.1325757222222137,110.454516,110.58709172222221
-1.0,-1.0,0.0,0.03787877777777737,110.58709172222221,110.62497049999999
-1.0,59.0,127.0,0.11718746875000363,110.62497049999999,110.74215796874999
-1.0,-1.0,0.0,0.05326703125000165,110.74215796874999,110.795425
-1.0,60.0,127.0,0.07990054687499537,110.795425,110.87532554687499
-1.0,60.0,127.0,0.07279827604166655,110.80252727083332,110.87532554687499
-1.0,70.0,127.0,0.17045449999999107,110.79542499999998,110.96587949999997
-1.0,-1.0,0.0,1.4210854715202004e-14,110.96587949999997,110.96587949999999
-1.0,61.0,127.0,0.06392043750000198,110.96587949999999,111.02979993749999
-1.0,61.0,127.0,0.056818166666658954,110.97298177083333,111.02979993749999
-1.0,54.0,127.0,0.17045450000000528,110.96587949999999,111.13633399999999
-1.0,60.0,127.0,0.07457384375000231,111.13633399999999,111.21090784375
-1.0,60.0,127.0,0.056818166666673164,111.15408967708332,111.21090784375
-1.0,60.0,127.0,0.17045450000000528,111.13633399999999,111.3067885
-1.0,-1.0,0.0,0.012428973958336087,111.3067885,111.31921747395833
-1.0,60.0,127.0,0.056818166666658954,111.31921747395833,111.37603564062499
-1.0,70.0,127.0,0.17045449999999107,111.3067885,111.47724299999999
-1.0,60.0,127.0,0.06392043750000198,111.47724299999999,111.54116343749999
-1.0,60.0,127.0,0.056818166666658954,111.48434527083333,111.54116343749999
-1.0,60.0,127.0,0.17045450000000528,111.47724299999999,111.64769749999999
-1.0,60.0,127.0,0.06924714062499504,111.64769749999999,111.71694464062499
-1.0,60.0,127.0,0.056818166666658954,111.66012647395833,111.71694464062499
-1.0,60.0,127.0,0.17045450000000528,111.64769749999999,111.818152
-1.0,60.0,127.0,0.04616476041665862,111.818152,111.86431676041666
-1.0,60.0,127.0,0.03906248958332981,111.82525427083333,111.86431676041666
-1.0,64.0,127.0,0.17045449999999107,111.818152,111.98860649999999
-1.0,63.0,127.0,0.11363633333333922,111.98860649999999,112.10224283333332
-1.0,-1.0,0.0,0.056818166666673164,112.10224283333332,112.159061
-1.0,60.0,127.0,0.06392043750000198,112.159061,112.2229814375
-1.0,60.0,127.0,0.056818166666673164,112.16616327083332,112.2229814375
-1.0,58.0,127.0,0.17045449999999107,112.159061,112.32951549999999
-1.0,-1.0,0.0,0.007102270833343027,112.32951549999999,112.33661777083333
-1.0,60.0,127.0,0.056818166666658954,112.33661777083333,112.39343593749999
-1.0,61.0,127.0,0.17045450000000528,112.32951549999999,112.49996999999999
-1.0,-1.0,0.0,0.0071022708333288165,112.49996999999999,112.50707227083332
-1.0,60.0,127.0,0.056818166666673164,112.50707227083332,112.56389043749999
-1.0,59.0,127.0,0.17045450000000528,112.49997,112.67042450000001
-1.0,59.0,127.0,0.11363633333332501,112.6704245,112.78406083333331
-1.0,-1.0,0.0,0.056818166666687375,112.78406083333331,112.840879
-1.0,66.0,127.0,0.14772723333333887,112.840879,112.98860623333334
-1.0,-1.0,0.0,0.029829537499978187,112.98860623333334,113.01843577083332
-1.0,60.0,127.0,0.056818166666673164,113.01843577083332,113.0752539375
-1.0,60.0,127.0,0.17045450000000528,113.01133349999999,113.181788
-1.0,65.0,127.0,0.1325757222222137,113.181788,113.31436372222221
-1.0,-1.0,0.0,0.03787877777777737,113.31436372222221,113.35224249999999
-1.0,59.0,127.0,0.11718746875000363,113.35224249999999,113.46942996874999
-1.0,-1.0,0.0,0.05326703125000165,113.46942996874999,113.522697
-1.0,60.0,127.0,0.07990054687499537,113.522697,113.60259754687499
-1.0,60.0,127.0,0.07279827604166655,113.52979927083332,113.60259754687499
-1.0,70.0,127.0,0.17045450000000528,113.522697,113.6931515
-1.0,61.0,127.0,0.06392043749998777,113.6931515,113.75707193749999
-1.0,61.0,127.0,0.056818166666658954,113.70025377083333,113.75707193749999
-1.0,54.0,127.0,0.17045449999999107,113.6931515,113.86360599999999
-1.0,60.0,127.0,0.07457384375000231,113.86360599999999,113.93817984374999
-1.0,60.0,127.0,0.056818166666673164,113.88136167708332,113.93817984374999
-1.0,60.0,127.0,0.17045450000000528,113.86360599999999,114.0340605
-1.0,-1.0,0.0,0.012428973958336087,114.0340605,114.04648947395833
-1.0,60.0,127.0,0.056818166666658954,114.04648947395833,114.10330764062499
-1.0,70.0,127.0,0.17045449999999107,114.0340605,114.20451499999999
-1.0,60.0,127.0,0.06392043750000198,114.20451499999999,114.26843543749999
-1.0,60.0,127.0,0.056818166666658954,114.21161727083333,114.26843543749999
-1.0,60.0,127.0,0.17045450000000528,114.20451499999997,114.37496949999998
-1.0,-1.0,0.0,1.4210854715202004e-14,114.37496949999998,114.37496949999999
-1.0,60.0,127.0,0.06924714062499504,114.37496949999999,114.44421664062499
-1.0,60.0,127.0,0.056818166666658954,114.38739847395833,114.44421664062499
-1.0,60.0,127.0,0.17045450000000528,114.37496949999998,114.54542399999998
-1.0,-1.0,0.0,1.4210854715202004e-14,114.54542399999998,114.545424
-1.0,60.0,127.0,0.04616476041665862,114.545424,114.59158876041666
-1.0,60.0,127.0,0.03906248958332981,114.55252627083333,114.59158876041666
-1.0,64.0,127.0,0.17045449999999107,114.54542399999998,114.71587849999997
-1.0,-1.0,0.0,1.4210854715202004e-14,114.71587849999997,114.71587849999999
-1.0,63.0,127.0,0.11363633333333922,114.71587849999999,114.82951483333332
-1.0,-1.0,0.0,0.056818166666673164,114.82951483333332,114.886333
-1.0,60.0,127.0,0.06392043750000198,114.886333,114.9502534375
-1.0,60.0,127.0,0.056818166666673164,114.89343527083332,114.9502534375
-1.0,58.0,127.0,0.17045450000000528,114.886333,115.0567875
-1.0,-1.0,0.0,0.0071022708333288165,115.0567875,115.06388977083333
-1.0,60.0,127.0,0.056818166666658954,115.06388977083333,115.12070793749999
-1.0,61.0,127.0,0.17045449999999107,115.0567875,115.22724199999999
-1.0,-1.0,0.0,0.0071022708333288165,115.22724199999999,115.23434427083332
-1.0,60.0,127.0,0.056818166666673164,115.23434427083332,115.29116243749999
-1.0,59.0,127.0,0.17045450000000528,115.22724199999999,115.3976965
-1.0,59.0,127.0,0.11363633333332501,115.3976965,115.51133283333331
-1.0,-1.0,0.0,0.056818166666673164,115.51133283333331,115.56815099999999
-1.0,66.0,127.0,0.14772723333333887,115.56815099999999,115.71587823333333
-1.0,-1.0,0.0,0.029829537499992398,115.71587823333333,115.74570777083332
-1.0,60.0,127.0,0.056818166666673164,115.74570777083332,115.8025259375
-1.0,60.0,127.0,0.17045450000000528,115.73860549999999,115.90906
-1.0,65.0,127.0,0.1325757222222137,115.90906,116.04163572222221
-1.0,-1.0,0.0,0.03787877777777737,116.04163572222221,116.07951449999999
-1.0,59.0,127.0,0.11718746875000363,116.07951449999999,116.19670196874999
-1.0,-1.0,0.0,0.05326703125000165,116.19670196874999,116.249969
-1.0,60.0,127.0,0.07990054687499537,116.249969,116.32986954687499
-1.0,60.0,127.0,0.07279827604166655,116.25707127083332,116.32986954687499
-1.0,70.0,127.0,0.17045450000000528,116.24996900000001,116.42042350000001
-1.0,61.0,127.0,0.06392043749998777,116.4204235,116.48434393749999
-1.0,61.0,127.0,0.056818166666658954,116.42752577083333,116.48434393749999
-1.0,54.0,127.0,0.17045449999999107,116.4204235,116.59087799999999
-1.0,60.0,127.0,0.07457384375000231,116.59087799999999,116.66545184374999
-1.0,60.0,127.0,0.056818166666673164,116.60863367708332,116.66545184374999
-1.0,60.0,127.0,0.17045450000000528,116.59087799999999,116.7613325
-1.0,-1.0,0.0,0.012428973958336087,116.7613325,116.77376147395833
-1.0,60.0,127.0,0.056818166666658954,116.77376147395833,116.83057964062499
-1.0,70.0,127.0,0.17045449999999107,116.7613325,116.93178699999999
-1.0,60.0,127.0,0.06392043750000198,116.93178699999999,116.99570743749999
-1.0,60.0,127.0,0.056818166666658954,116.93888927083333,116.99570743749999
-1.0,60.0,127.0,0.17045450000000528,116.93178699999999,117.10224149999999
-1.0,60.0,127.0,0.06924714062499504,117.10224149999999,117.17148864062499
-1.0,60.0,127.0,0.056818166666658954,117.11467047395833,117.17148864062499
-1.0,60.0,127.0,0.17045450000000528,117.10224149999999,117.272696
-1.0,60.0,127.0,0.04616476041665862,117.272696,117.31886076041665
-1.0,60.0,127.0,0.03906248958332981,117.27979827083333,117.31886076041665
-1.0,64.0,127.0,0.17045449999999107,117.272696,117.44315049999999
-1.0,63.0,127.0,0.11363633333333922,117.44315049999999,117.55678683333332
-1.0,-1.0,0.0,0.056818166666673164,117.55678683333332,117.61360499999999
-1.0,60.0,127.0,0.06392043750000198,117.61360499999999,117.6775254375
-1.0,60.0,127.0,0.056818166666673164,117.62070727083332,117.6775254375
-1.0,58.0,127.0,0.17045450000000528,117.61360499999999,117.7840595
-1.0,-1.0,0.0,0.0071022708333288165,117.7840595,117.79116177083333
-1.0,60.0,127.0,0.056818166666658954,117.79116177083333,117.84797993749999
-1.0,61.0,127.0,0.17045449999999107,117.78405949999998,117.95451399999997
-1.0,-1.0,0.0,0.007102270833357238,117.95451399999997,117.96161627083333
-1.0,60.0,127.0,0.056818166666658954,117.96161627083333,118.01843443749999
-1.0,59.0,127.0,0.17045450000000528,117.95451399999997,118.12496849999998
-1.0,-1.0,0.0,1.4210854715202004e-14,118.12496849999998,118.1249685
-1.0,59.0,127.0,0.11363633333332501,118.1249685,118.23860483333331
-1.0,-1.0,0.0,0.056818166666673164,118.23860483333331,118.29542299999999
-1.0,66.0,127.0,0.14772723333333887,118.29542299999999,118.44315023333333
-1.0,-1.0,0.0,0.029829537499992398,118.44315023333333,118.47297977083332
-1.0,60.0,127.0,0.056818166666673164,118.47297977083332,118.52979793749999
-1.0,60.0,127.0,0.17045450000000528,118.46587749999999,118.636332
-1.0,65.0,127.0,0.1325757222222137,118.636332,118.76890772222221
-1.0,-1.0,0.0,0.03787877777777737,118.76890772222221,118.80678649999999
-1.0,59.0,127.0,0.11718746875000363,118.80678649999999,118.92397396874999
-1.0,-1.0,0.0,0.05326703125000165,118.92397396874999,118.97724099999999
-1.0,60.0,127.0,0.07990054687499537,118.97724099999999,119.05714154687499
-1.0,60.0,127.0,0.07279827604166655,118.98434327083332,119.05714154687499
-1.0,70.0,127.0,0.17045450000000528,118.97724099999999,119.1476955
-1.0,61.0,127.0,0.06392043749998777,119.1476955,119.21161593749999
-1.0,61.0,127.0,0.056818166666658954,119.15479777083333,119.21161593749999
-1.0,54.0,127.0,0.17045449999999107,119.1476955,119.31814999999999
-1.0,60.0,127.0,0.07457384375000231,119.31814999999999,119.39272384374999
-1.0,60.0,127.0,0.056818166666658954,119.33590567708333,119.39272384374999
-1.0,60.0,127.0,0.17045450000000528,119.31814999999999,119.4886045
-1.0,-1.0,0.0,0.012428973958336087,119.4886045,119.50103347395833
-1.0,60.0,127.0,0.056818166666658954,119.50103347395833,119.55785164062499
-1.0,70.0,127.0,0.17045449999999107,119.4886045,119.65905899999998
-1.0,60.0,127.0,0.06392043750000198,119.65905899999998,119.72297943749999
-1.0,60.0,127.0,0.056818166666658954,119.66616127083333,119.72297943749999
-1.0,60.0,127.0,0.17045450000000528,119.659059,119.8295135
-1.0,60.0,127.0,0.06924714062499504,119.82951349999999,119.89876064062499
-1.0,60.0,127.0,0.056818166666658954,119.84194247395833,119.89876064062499
-1.0,60.0,127.0,0.17045450000000528,119.8295135,119.99996800000001
-1.0,60.0,127.0,0.04616476041665862,119.999968,120.04613276041665
-1.0,60.0,127.0,0.03906248958332981,120.00707027083332,120.04613276041665
-1.0,64.0,127.0,0.17045449999999107,119.99996800000001,120.1704225
-1.0,63.0,127.0,0.11363633333333922,120.17042249999999,120.28405883333332
-1.0,-1.0,0.0,0.056818166666673164,120.28405883333332,120.34087699999999
-1.0,60.0,127.0,0.06392043750000198,120.34087699999999,120.4047974375
-1.0,60.0,127.0,0.056818166666673164,120.34797927083332,120.4047974375
-1.0,58.0,127.0,0.17045450000000528,120.34087699999999,120.5113315
-1.0,-1.0,0.0,0.0071022708333288165,120.5113315,120.51843377083333
-1.0,60.0,127.0,0.056818166666658954,120.51843377083333,120.57525193749998
-1.0,61.0,127.0,0.17045449999999107,120.51133150000001,120.681786
-1.0,-1.0,0.0,0.0071022708333288165,120.681786,120.68888827083333
-1.0,60.0,127.0,0.056818166666658954,120.68888827083333,120.74570643749999
-1.0,59.0,127.0,0.17045450000000528,120.68178599999999,120.8522405
-1.0,59.0,127.0,0.11363633333332501,120.8522405,120.96587683333331
-1.0,-1.0,0.0,0.056818166666658954,120.96587683333331,121.02269499999997
-1.0,66.0,127.0,0.14772723333333887,121.02269499999997,121.17042223333331
-1.0,-1.0,0.0,0.02982953750000661,121.17042223333331,121.20025177083332
-1.0,60.0,127.0,0.056818166666673164,121.20025177083332,121.25706993749999
-1.0,60.0,127.0,0.17045450000000528,121.19314949999999,121.363604
-1.0,65.0,127.0,0.1325757222222137,121.363604,121.49617972222221
-1.0,-1.0,0.0,0.03787877777777737,121.49617972222221,121.53405849999999
-1.0,59.0,127.0,0.11718746875000363,121.53405849999999,121.65124596874999
-1.0,-1.0,0.0,0.05326703125000165,121.65124596874999,121.70451299999999
-1.0,60.0,127.0,0.07990054687499537,121.70451299999999,121.78441354687499
-1.0,60.0,127.0,0.07279827604166655,121.71161527083332,121.78441354687499
-1.0,70.0,127.0,0.17045450000000528,121.70451299999998,121.87496749999998
-1.0,-1.0,0.0,1.4210854715202004e-14,121.87496749999998,121.8749675
-1.0,61.0,127.0,0.06392043749998777,121.8749675,121.93888793749998
-1.0,61.0,127.0,0.056818166666658954,121.88206977083333,121.93888793749998
-1.0,54.0,127.0,0.17045449999999107,121.8749675,122.04542199999999
-1.0,60.0,127.0,0.07457384375000231,122.04542199999999,122.11999584374999
-1.0,60.0,127.0,0.056818166666658954,122.06317767708333,122.11999584374999
-1.0,60.0,127.0,0.17045450000000528,122.04542199999999,122.2158765
-1.0,-1.0,0.0,0.012428973958336087,122.2158765,122.22830547395833
-1.0,60.0,127.0,0.056818166666658954,122.22830547395833,122.28512364062499
-1.0,70.0,127.0,0.17045450000000528,122.2158765,122.386331
-1.0,60.0,127.0,0.06392043749998777,122.386331,122.45025143749999
-1.0,60.0,127.0,0.056818166666658954,122.39343327083333,122.45025143749999
-1.0,60.0,127.0,0.17045449999999107,122.386331,122.55678549999999
-1.0,60.0,127.0,0.06924714062499504,122.55678549999999,122.62603264062498
-1.0,60.0,127.0,0.056818166666658954,122.56921447395833,122.62603264062498
-1.0,60.0,127.0,0.17045450000000528,122.55678549999999,122.72724
-1.0,60.0,127.0,0.04616476041665862,122.72724,122.77340476041665
-1.0,60.0,127.0,0.03906248958332981,122.73434227083332,122.77340476041665
-1.0,64.0,127.0,0.17045449999999107,122.72724,122.89769449999999
-1.0,63.0,127.0,0.11363633333333922,122.89769449999999,123.01133083333332
-1.0,-1.0,0.0,0.056818166666673164,123.01133083333332,123.06814899999999
-1.0,60.0,127.0,0.06392043750000198,123.06814899999999,123.1320694375
-1.0,60.0,127.0,0.056818166666673164,123.07525127083332,123.1320694375
-1.0,58.0,127.0,0.17045450000000528,123.06814899999999,123.2386035
-1.0,-1.0,0.0,0.0071022708333288165,123.2386035,123.24570577083333
-1.0,60.0,127.0,0.056818166666673164,123.24570577083333,123.3025239375
-1.0,61.0,127.0,0.17045449999999107,123.2386035,123.40905799999999
-1.0,-1.0,0.0,0.007102270833343027,123.40905799999999,123.41616027083333
-1.0,60.0,127.0,0.056818166666658954,123.41616027083333,123.47297843749999
-1.0,59.0,127.0,0.17045450000000528,123.409058,123.5795125
-1.0,59.0,127.0,0.11363633333333212,123.57951249999999,123.69314883333332
-1.0,-1.0,0.0,0.056818166666673164,123.69314883333332,123.749967
-1.0,66.0,127.0,0.14772723333332466,123.749967,123.89769423333333
-1.0,-1.0,0.0,0.029829537499992398,123.89769423333333,123.92752377083332
-1.0,60.0,127.0,0.056818166666673164,123.92752377083332,123.98434193749999
-1.0,60.0,127.0,0.17045450000000528,123.92042149999999,124.090876
-1.0,65.0,127.0,0.1325757222222137,124.090876,124.22345172222221
-1.0,-1.0,0.0,0.03787877777777737,124.22345172222221,124.26133049999999
-1.0,59.0,127.0,0.11718746875000363,124.26133049999999,124.37851796874999
-1.0,-1.0,0.0,0.05326703125000165,124.37851796874999,124.43178499999999
-1.0,60.0,127.0,0.07990054687499537,124.43178499999999,124.51168554687499
-1.0,60.0,127.0,0.07279827604166655,124.43888727083332,124.51168554687499
-1.0,70.0,127.0,0.17045450000000528,124.43178499999999,124.6022395
-1.0,61.0,127.0,0.06392043750000198,124.6022395,124.6661599375
-1.0,61.0,127.0,0.056818166666673164,124.60934177083332,124.6661599375
-1.0,54.0,127.0,0.17045449999999107,124.6022395,124.77269399999999
-1.0,60.0,127.0,0.07457384375000231,124.77269399999999,124.84726784374999
-1.0,60.0,127.0,0.056818166666658954,124.79044967708333,124.84726784374999
-1.0,60.0,127.0,0.17045450000000528,124.77269399999999,124.94314849999999
-1.0,-1.0,0.0,0.012428973958336087,124.94314849999999,124.95557747395833
-1.0,60.0,127.0,0.056818166666658954,124.95557747395833,125.01239564062499
-1.0,70.0,127.0,0.17045450000000528,124.94314849999999,125.113603
-1.0,60.0,127.0,0.06392043749998777,125.113603,125.17752343749999
-1.0,60.0,127.0,0.056818166666658954,125.12070527083333,125.17752343749999
-1.0,60.0,127.0,0.17045449999999107,125.113603,125.28405749999999
-1.0,60.0,127.0,0.06924714062500925,125.28405749999999,125.353304640625
-1.0,60.0,127.0,0.056818166666673164,125.29648647395832,125.353304640625
-1.0,60.0,127.0,0.17045450000000528,125.28405749999997,125.45451199999998
-1.0,-1.0,0.0,1.4210854715202004e-14,125.45451199999998,125.454512
-1.0,60.0,127.0,0.04616476041665862,125.454512,125.50067676041665
-1.0,60.0,127.0,0.03906248958332981,125.46161427083332,125.50067676041665
-1.0,64.0,127.0,0.17045449999999107,125.45451199999998,125.62496649999997
-1.0,-1.0,0.0,1.4210854715202004e-14,125.62496649999997,125.62496649999999
-1.0,63.0,127.0,0.11363633333333922,125.62496649999999,125.73860283333332
-1.0,-1.0,0.0,0.056818166666673164,125.73860283333332,125.79542099999999
-1.0,60.0,127.0,0.06392043750000198,125.79542099999999,125.85934143749999
-1.0,60.0,127.0,0.056818166666673164,125.80252327083332,125.85934143749999
-1.0,58.0,127.0,0.17045450000000528,125.79542099999999,125.9658755
-1.0,-1.0,0.0,0.0071022708333288165,125.9658755,125.97297777083332
-1.0,60.0,127.0,0.056818166666673164,125.97297777083332,126.0297959375
-1.0,61.0,127.0,0.17045449999999107,125.9658755,126.13632999999999
-1.0,-1.0,0.0,0.007102270833343027,126.13632999999999,126.14343227083333
-1.0,60.0,127.0,0.056818166666658954,126.14343227083333,126.20025043749999
-1.0,59.0,127.0,0.17045450000000528,126.13632999999999,126.30678449999999
-1.0,59.0,127.0,0.11363633333333212,126.30678449999999,126.42042083333332
-1.0,-1.0,0.0,0.056818166666687375,126.42042083333332,126.47723900000001
-1.0,66.0,127.0,0.14772723333332466,126.47723900000001,126.62496623333334
-1.0,-1.0,0.0,0.029829537499992398,126.62496623333334,126.65479577083333
-1.0,60.0,127.0,0.056818166666658954,126.65479577083333,126.71161393749999
-1.0,60.0,127.0,0.17045450000000528,126.64769349999999,126.818148
-1.0,65.0,127.0,0.1325757222222137,126.818148,126.95072372222221
-1.0,-1.0,0.0,0.03787877777777737,126.95072372222221,126.98860249999998
-1.0,59.0,127.0,0.11718746875000363,126.98860249999998,127.10578996874999
-1.0,-1.0,0.0,0.05326703125000165,127.10578996874999,127.15905699999999
-1.0,60.0,127.0,0.07990054687499537,127.15905699999999,127.23895754687499
-1.0,60.0,127.0,0.07279827604166655,127.16615927083332,127.23895754687499
-1.0,70.0,127.0,0.17045450000000528,127.159057,127.32951150000001
-1.0,61.0,127.0,0.06392043750000198,127.3295115,127.3934319375
-1.0,61.0,127.0,0.056818166666673164,127.33661377083332,127.3934319375
-1.0,54.0,127.0,0.17045449999999107,127.3295115,127.49996599999999
-1.0,60.0,127.0,0.07457384375000231,127.49996599999999,127.57453984374999
-1.0,60.0,127.0,0.056818166666658954,127.51772167708333,127.57453984374999
-1.0,60.0,127.0,0.17045450000000528,127.49996599999999,127.67042049999999
-1.0,-1.0,0.0,0.012428973958336087,127.67042049999999,127.68284947395833
-1.0,60.0,127.0,0.056818166666658954,127.68284947395833,127.73966764062499
-1.0,70.0,127.0,0.17045450000000528,127.67042049999999,127.840875
-1.0,60.0,127.0,0.06392043749998777,127.840875,127.90479543749998
-1.0,60.0,127.0,0.056818166666658954,127.84797727083333,127.90479543749998
-1.0,60.0,127.0,0.17045449999999107,127.840875,128.0113295
-1.0,60.0,127.0,0.06924714062500925,128.0113295,128.080576640625
-1.0,60.0,127.0,0.056818166666658954,128.02375847395834,128.080576640625
-1.0,60.0,127.0,0.17045450000000528,128.0113295,128.181784
-1.0,60.0,127.0,0.046164760416672834,128.181784,128.22794876041667
-1.0,60.0,127.0,0.03906248958332981,128.18888627083334,128.22794876041667
-1.0,64.0,127.0,0.17045450000000528,128.181784,128.3522385
-1.0,63.0,127.0,0.11363633333333212,128.3522385,128.46587483333332
-1.0,-1.0,0.0,0.056818166666687375,128.46587483333332,128.522693
-1.0,60.0,127.0,0.06392043749997356,128.522693,128.58661343749998
-1.0,60.0,127.0,0.056818166666658954,128.52979527083332,128.58661343749998
-1.0,58.0,127.0,0.17045449999997686,128.522693,128.69314749999998
-1.0,-1.0,0.0,0.007102270833343027,128.69314749999998,128.70024977083332
-1.0,60.0,127.0,0.056818166666658954,128.70024977083332,128.75706793749998
-1.0,61.0,127.0,0.17045450000000528,128.69314749999998,128.863602
-1.0,-1.0,0.0,0.007102270833343027,128.863602,128.87070427083333
-1.0,60.0,127.0,0.056818166666658954,128.87070427083333,128.9275224375
-1.0,59.0,127.0,0.17045450000000528,128.863602,129.0340565
-1.0,59.0,127.0,0.11363633333333212,129.0340565,129.14769283333334
-1.0,-1.0,0.0,0.056818166666658954,129.14769283333334,129.204511
-1.0,66.0,127.0,0.147727233333336,129.204511,129.35223823333334
-1.0,-1.0,0.0,0.029829537499978187,129.35223823333334,129.38206777083332
-1.0,60.0,127.0,0.056818166666687375,129.38206777083332,129.4388859375
-1.0,60.0,127.0,0.17045449999997686,129.3749655,129.54541999999998
-1.0,65.0,127.0,0.13257572222223266,129.54541999999998,129.67799572222222
-1.0,-1.0,0.0,0.03787877777776316,129.67799572222222,129.71587449999998
-1.0,59.0,127.0,0.11718746875000363,129.71587449999998,129.83306196874997
-1.0,-1.0,0.0,0.05326703125001586,129.83306196874997,129.886329
-1.0,60.0,127.0,0.07990054687499537,129.886329,129.96622954687498
-1.0,60.0,127.0,0.07279827604165234,129.89343127083333,129.96622954687498
-1.0,70.0,127.0,0.17045450000000528,129.886329,130.0567835
-1.0,61.0,127.0,0.06392043750000198,130.0567835,130.1207039375
-1.0,61.0,127.0,0.056818166666658954,130.06388577083334,130.1207039375
-1.0,54.0,127.0,0.17045450000000528,130.0567835,130.227238
-1.0,60.0,127.0,0.0745738437499881,130.227238,130.30181184375
-1.0,60.0,127.0,0.056818166666658954,130.24499367708333,130.30181184375
-1.0,60.0,127.0,0.17045449999997686,130.227238,130.39769249999998
-1.0,-1.0,0.0,0.012428973958350298,130.39769249999998,130.41012147395833
-1.0,60.0,127.0,0.056818166666658954,130.41012147395833,130.466939640625
-1.0,70.0,127.0,0.17045450000000528,130.39769249999998,130.56814699999998
-1.0,60.0,127.0,0.06392043750000198,130.56814699999998,130.63206743749998
-1.0,60.0,127.0,0.056818166666658954,130.57524927083332,130.63206743749998
-1.0,60.0,127.0,0.17045450000000528,130.56814699999998,130.7386015
-1.0,60.0,127.0,0.06924714062500925,130.7386015,130.807848640625
-1.0,60.0,127.0,0.056818166666658954,130.75103047395834,130.807848640625
-1.0,60.0,127.0,0.17045450000000528,130.7386015,130.909056
-1.0,-1.0,0.0,0.852272499999998,130.909056,131.7613285
-1.0,63.0,127.0,0.07990054687499537,131.7613285,131.841229046875
-1.0,-1.0,0.0,0.43146295312499205,131.841229046875,132.27269199999998
-1.0,63.0,127.0,0.07990054687502379,132.27269199999998,132.352592546875
-1.0,-1.0,0.0,0.3462357031249894,132.352592546875,132.69882825
-1.0,63.0,127.0,0.07990054687499537,132.69882825,132.778728796875
-1.0,-1.0,0.0,0.8575992031250053,132.778728796875,133.636328
-1.0,60.0,127.0,0.046164760416672834,133.636328,133.68249276041666
-1.0,60.0,127.0,0.03906248958332981,133.64343027083333,133.68249276041666
-1.0,64.0,127.0,0.17045450000000528,133.636328,133.8067825
-1.0,63.0,127.0,0.11363633333333212,133.8067825,133.92041883333331
-1.0,-1.0,0.0,0.056818166666687375,133.92041883333331,133.977237
-1.0,60.0,127.0,0.06392043750000198,133.977237,134.0411574375
-1.0,60.0,127.0,0.056818166666687375,133.98433927083332,134.0411574375
-1.0,58.0,127.0,0.17045449999997686,133.977237,134.14769149999998
-1.0,-1.0,0.0,0.007102270833343027,134.14769149999998,134.15479377083332
-1.0,60.0,127.0,0.056818166666658954,134.15479377083332,134.21161193749998
-1.0,61.0,127.0,0.17045450000000528,134.14769149999998,134.31814599999998
-1.0,-1.0,0.0,0.007102270833343027,134.31814599999998,134.32524827083333
-1.0,60.0,127.0,0.056818166666658954,134.32524827083333,134.3820664375
-1.0,59.0,127.0,0.17045450000000528,134.31814599999998,134.4886005
-1.0,59.0,127.0,0.11363633333333212,134.4886005,134.60223683333334
-1.0,-1.0,0.0,0.056818166666658954,134.60223683333334,134.659055
-1.0,66.0,127.0,0.147727233333336,134.659055,134.80678223333334
-1.0,-1.0,0.0,0.029829537499978187,134.80678223333334,134.83661177083331
-1.0,60.0,127.0,0.056818166666687375,134.83661177083331,134.8934299375
-1.0,60.0,127.0,0.17045449999997686,134.8295095,134.99996399999998
-1.0,65.0,127.0,0.13257572222223266,134.99996399999998,135.13253972222222
-1.0,-1.0,0.0,0.03787877777776316,135.13253972222222,135.17041849999998
-1.0,59.0,127.0,0.11718746875000363,135.17041849999998,135.28760596874997
-1.0,-1.0,0.0,0.05326703125001586,135.28760596874997,135.340873
-1.0,60.0,127.0,0.07990054687499537,135.340873,135.42077354687498
-1.0,60.0,127.0,0.07279827604165234,135.34797527083333,135.42077354687498
-1.0,70.0,127.0,0.17045450000000528,135.340873,135.5113275
-1.0,61.0,127.0,0.06392043750000198,135.5113275,135.5752479375
-1.0,61.0,127.0,0.056818166666658954,135.51842977083334,135.5752479375
-1.0,54.0,127.0,0.17045450000000528,135.5113275,135.681782
-1.0,60.0,127.0,0.0745738437499881,135.681782,135.75635584375
-1.0,60.0,127.0,0.056818166666658954,135.69953767708333,135.75635584375
-1.0,60.0,127.0,0.17045450000000528,135.681782,135.8522365
-1.0,-1.0,0.0,0.012428973958321876,135.8522365,135.86466547395833
-1.0,60.0,127.0,0.056818166666658954,135.86466547395833,135.92148364062498
-1.0,70.0,127.0,0.17045449999997686,135.8522365,136.02269099999998
-1.0,60.0,127.0,0.06392043750000198,136.02269099999998,136.08661143749998
-1.0,60.0,127.0,0.056818166666658954,136.02979327083332,136.08661143749998
-1.0,60.0,127.0,0.17045450000000528,136.02269099999998,136.19314549999999
-1.0,60.0,127.0,0.06924714062500925,136.19314549999999,136.262392640625
-1.0,60.0,127.0,0.056818166666658954,136.20557447395834,136.262392640625
-1.0,60.0,127.0,0.17045450000000528,136.19314549999999,136.3636
-1.0,60.0,127.0,0.046164760416672834,136.3636,136.40976476041666
-1.0,60.0,127.0,0.03906248958332981,136.37070227083333,136.40976476041666
-1.0,64.0,127.0,0.17045450000000528,136.3636,136.5340545
-1.0,63.0,127.0,0.11363633333333212,136.5340545,136.64769083333334
-1.0,-1.0,0.0,0.056818166666658954,136.64769083333334,136.704509
-1.0,60.0,127.0,0.06392043750000198,136.704509,136.7684294375
-1.0,60.0,127.0,0.056818166666687375,136.71161127083332,136.7684294375
-1.0,58.0,127.0,0.17045449999997686,136.704509,136.87496349999998
-1.0,-1.0,0.0,0.007102270833343027,136.87496349999998,136.88206577083332
-1.0,60.0,127.0,0.056818166666658954,136.88206577083332,136.93888393749998
-1.0,61.0,127.0,0.17045450000000528,136.87496349999998,137.04541799999998
-1.0,-1.0,0.0,0.007102270833343027,137.04541799999998,137.05252027083333
-1.0,60.0,127.0,0.056818166666658954,137.05252027083333,137.10933843749999
-1.0,59.0,127.0,0.17045450000000528,137.04541799999998,137.2158725
-1.0,59.0,127.0,0.11363633333333212,137.2158725,137.3295088333333
-1.0,-1.0,0.0,0.056818166666687375,137.3295088333333,137.386327
-1.0,66.0,127.0,0.147727233333336,137.386327,137.53405423333334
-1.0,-1.0,0.0,0.029829537499978187,137.53405423333334,137.5638837708333
-1.0,60.0,127.0,0.056818166666687375,137.5638837708333,137.6207019375
-1.0,60.0,127.0,0.17045449999997686,137.5567815,137.72723599999998
-1.0,65.0,127.0,0.13257572222223266,137.72723599999998,137.85981172222222
-1.0,-1.0,0.0,0.03787877777776316,137.85981172222222,137.89769049999998
-1.0,59.0,127.0,0.11718746875000363,137.89769049999998,138.01487796875
-1.0,-1.0,0.0,0.05326703124998744,138.01487796875,138.068145
-1.0,60.0,127.0,0.07990054687499537,138.068145,138.14804554687498
-1.0,60.0,127.0,0.07279827604165234,138.07524727083333,138.14804554687498
-1.0,70.0,127.0,0.17045450000000528,138.068145,138.2385995
-1.0,61.0,127.0,0.06392043750000198,138.2385995,138.3025199375
-1.0,61.0,127.0,0.056818166666658954,138.24570177083334,138.3025199375
-1.0,54.0,127.0,0.17045450000000528,138.2385995,138.409054
-1.0,60.0,127.0,0.0745738437499881,138.409054,138.48362784374999
-1.0,60.0,127.0,0.056818166666658954,138.42680967708333,138.48362784374999
-1.0,60.0,127.0,0.17045450000000528,138.409054,138.5795085
-1.0,-1.0,0.0,0.012428973958321876,138.5795085,138.59193747395832
-1.0,60.0,127.0,0.056818166666658954,138.59193747395832,138.64875564062498
-1.0,70.0,127.0,0.17045449999997686,138.5795085,138.74996299999998
-1.0,60.0,127.0,0.06392043750000198,138.74996299999998,138.81388343749998
-1.0,60.0,127.0,0.056818166666658954,138.75706527083332,138.81388343749998
-1.0,60.0,127.0,0.17045450000000528,138.74996299999998,138.92041749999999
-1.0,60.0,127.0,0.06924714062500925,138.92041749999999,138.989664640625
-1.0,60.0,127.0,0.056818166666658954,138.93284647395834,138.989664640625
-1.0,60.0,127.0,0.17045450000000528,138.92041749999999,139.090872
-1.0,60.0,127.0,0.046164760416672834,139.090872,139.13703676041666
-1.0,60.0,127.0,0.03906248958332981,139.09797427083333,139.13703676041666
-1.0,64.0,127.0,0.17045450000000528,139.090872,139.2613265
-1.0,63.0,127.0,0.11363633333333212,139.2613265,139.3749628333333
-1.0,-1.0,0.0,0.056818166666687375,139.3749628333333,139.431781
-1.0,60.0,127.0,0.06392043750000198,139.431781,139.4957014375
-1.0,60.0,127.0,0.056818166666687375,139.43888327083332,139.4957014375
-1.0,58.0,127.0,0.17045449999997686,139.431781,139.60223549999998
-1.0,-1.0,0.0,0.007102270833343027,139.60223549999998,139.60933777083332
-1.0,60.0,127.0,0.056818166666658954,139.60933777083332,139.66615593749998
-1.0,61.0,127.0,0.17045450000000528,139.60223549999998,139.77268999999998
-1.0,-1.0,0.0,0.007102270833343027,139.77268999999998,139.77979227083333
-1.0,60.0,127.0,0.056818166666658954,139.77979227083333,139.83661043749998
-1.0,59.0,127.0,0.17045450000000528,139.77268999999998,139.9431445
-1.0,59.0,127.0,0.11363633333333212,139.9431445,140.05678083333333
-1.0,-1.0,0.0,0.056818166666658954,140.05678083333333,140.113599
-1.0,66.0,127.0,0.147727233333336,140.113599,140.26132623333334
-1.0,-1.0,0.0,0.029829537499978187,140.26132623333334,140.2911557708333
-1.0,60.0,127.0,0.056818166666687375,140.2911557708333,140.3479739375
-1.0,60.0,127.0,0.17045450000000528,140.2840535,140.454508
-1.0,65.0,127.0,0.13257572222220423,140.454508,140.58708372222222
-1.0,-1.0,0.0,0.03787877777776316,140.58708372222222,140.62496249999998
-1.0,59.0,127.0,0.11718746875000363,140.62496249999998,140.74214996874997
-1.0,-1.0,0.0,0.05326703125001586,140.74214996874997,140.795417
-1.0,60.0,127.0,0.07990054687499537,140.795417,140.87531754687498
-1.0,60.0,127.0,0.07279827604165234,140.80251927083333,140.87531754687498
-1.0,70.0,127.0,0.17045450000000528,140.795417,140.9658715
-1.0,61.0,127.0,0.06392043750000198,140.9658715,141.0297919375
-1.0,61.0,127.0,0.056818166666658954,140.97297377083333,141.0297919375
-1.0,54.0,127.0,0.17045450000000528,140.9658715,141.136326
-1.0,60.0,127.0,0.0745738437499881,141.136326,141.21089984374998
-1.0,60.0,127.0,0.056818166666658954,141.15408167708333,141.21089984374998
-1.0,60.0,127.0,0.17045450000000528,141.136326,141.3067805
-1.0,-1.0,0.0,0.012428973958321876,141.3067805,141.31920947395832
-1.0,60.0,127.0,0.056818166666658954,141.31920947395832,141.37602764062498
-1.0,70.0,127.0,0.17045449999997686,141.3067805,141.47723499999998
-1.0,60.0,127.0,0.06392043750000198,141.47723499999998,141.54115543749998
-1.0,60.0,127.0,0.056818166666658954,141.48433727083332,141.54115543749998
-1.0,60.0,127.0,0.17045450000000528,141.47723499999998,141.64768949999998
-1.0,60.0,127.0,0.06924714062500925,141.64768949999998,141.716936640625
-1.0,60.0,127.0,0.056818166666658954,141.66011847395833,141.716936640625
-1.0,60.0,127.0,0.17045450000000528,141.64768949999998,141.818144
-1.0,60.0,127.0,0.046164760416672834,141.818144,141.86430876041666
-1.0,60.0,127.0,0.03906248958332981,141.82524627083333,141.86430876041666
-1.0,64.0,127.0,0.17045450000000528,141.818144,141.9885985
-1.0,63.0,127.0,0.11363633333333212,141.9885985,142.10223483333334
-1.0,-1.0,0.0,0.056818166666658954,142.10223483333334,142.159053
-1.0,60.0,127.0,0.06392043750000198,142.159053,142.2229734375
-1.0,60.0,127.0,0.056818166666687375,142.16615527083331,142.2229734375
-1.0,58.0,127.0,0.17045449999997686,142.159053,142.32950749999998
-1.0,-1.0,0.0,0.007102270833343027,142.32950749999998,142.33660977083332
-1.0,60.0,127.0,0.056818166666658954,142.33660977083332,142.39342793749998
-1.0,61.0,127.0,0.17045450000000528,142.32950749999998,142.49996199999998
-1.0,-1.0,0.0,0.007102270833343027,142.49996199999998,142.50706427083333
-1.0,60.0,127.0,0.056818166666658954,142.50706427083333,142.56388243749998
-1.0,59.0,127.0,0.17045450000000528,142.49996199999998,142.6704165
-1.0,59.0,127.0,0.11363633333333212,142.6704165,142.7840528333333
-1.0,-1.0,0.0,0.056818166666687375,142.7840528333333,142.840871
-1.0,66.0,127.0,0.147727233333336,142.840871,142.98859823333333
-1.0,-1.0,0.0,0.029829537499978187,142.98859823333333,143.0184277708333
-1.0,60.0,127.0,0.056818166666687375,143.0184277708333,143.0752459375
-1.0,60.0,127.0,0.17045450000000528,143.0113255,143.18178
-1.0,65.0,127.0,0.13257572222220423,143.18178,143.31435572222222
-1.0,-1.0,0.0,0.03787877777776316,143.31435572222222,143.35223449999998
-1.0,59.0,127.0,0.11718746875000363,143.35223449999998,143.46942196875
-1.0,-1.0,0.0,0.05326703124998744,143.46942196875,143.52268899999999
-1.0,60.0,127.0,0.07990054687499537,143.52268899999999,143.60258954687498
-1.0,60.0,127.0,0.07279827604165234,143.52979127083333,143.60258954687498
-1.0,70.0,127.0,0.17045450000000528,143.52268899999999,143.6931435
-1.0,61.0,127.0,0.06392043750000198,143.6931435,143.7570639375
-1.0,61.0,127.0,0.056818166666658954,143.70024577083333,143.7570639375
-1.0,54.0,127.0,0.17045450000000528,143.6931435,143.863598
-1.0,60.0,127.0,0.0745738437499881,143.863598,143.93817184374998
-1.0,60.0,127.0,0.056818166666658954,143.88135367708333,143.93817184374998
-1.0,60.0,127.0,0.17045450000000528,143.863598,144.0340525
-1.0,-1.0,0.0,0.012428973958321876,144.0340525,144.04648147395832
-1.0,60.0,127.0,0.056818166666658954,144.04648147395832,144.10329964062498
-1.0,70.0,127.0,0.17045449999997686,144.0340525,144.20450699999998
-1.0,60.0,127.0,0.06392043750000198,144.20450699999998,144.26842743749998
-1.0,60.0,127.0,0.056818166666658954,144.21160927083332,144.26842743749998
-1.0,60.0,127.0,0.17045450000000528,144.20450699999998,144.37496149999998
-1.0,60.0,127.0,0.06924714062500925,144.37496149999998,144.444208640625
-1.0,60.0,127.0,0.056818166666658954,144.38739047395833,144.444208640625
-1.0,60.0,127.0,0.17045450000000528,144.37496149999998,144.545416
-1.0,60.0,127.0,0.046164760416672834,144.545416,144.59158076041666
-1.0,60.0,127.0,0.03906248958332981,144.55251827083333,144.59158076041666
-1.0,64.0,127.0,0.17045450000000528,144.545416,144.7158705
-1.0,63.0,127.0,0.11363633333333212,144.7158705,144.8295068333333
-1.0,-1.0,0.0,0.056818166666687375,144.8295068333333,144.886325
-1.0,60.0,127.0,0.06392043750000198,144.886325,144.9502454375
-1.0,60.0,127.0,0.056818166666687375,144.8934272708333,144.9502454375
-1.0,58.0,127.0,0.17045449999997686,144.886325,145.05677949999998
-1.0,-1.0,0.0,0.007102270833343027,145.05677949999998,145.06388177083332
-1.0,60.0,127.0,0.056818166666658954,145.06388177083332,145.12069993749998
-1.0,61.0,127.0,0.17045450000000528,145.05677949999998,145.22723399999998
-1.0,-1.0,0.0,0.007102270833343027,145.22723399999998,145.23433627083332
-1.0,60.0,127.0,0.056818166666658954,145.23433627083332,145.29115443749998
-1.0,59.0,127.0,0.17045450000000528,145.22723399999998,145.3976885
-1.0,59.0,127.0,0.11363633333333212,145.3976885,145.51132483333333
-1.0,-1.0,0.0,0.056818166666658954,145.51132483333333,145.568143
-1.0,66.0,127.0,0.147727233333336,145.568143,145.71587023333333
-1.0,-1.0,0.0,0.029829537499978187,145.71587023333333,145.7456997708333
-1.0,60.0,127.0,0.056818166666687375,145.7456997708333,145.8025179375
-1.0,60.0,127.0,0.17045450000000528,145.7385975,145.909052
-1.0,65.0,127.0,0.13257572222220423,145.909052,146.04162772222222
-1.0,-1.0,0.0,0.03787877777776316,146.04162772222222,146.07950649999998
-1.0,59.0,127.0,0.11718746875000363,146.07950649999998,146.19669396874997
-1.0,-1.0,0.0,0.05326703125001586,146.19669396874997,146.24996099999998
-1.0,60.0,127.0,0.07990054687499537,146.24996099999998,146.32986154687498
-1.0,60.0,127.0,0.07279827604165234,146.25706327083333,146.32986154687498
-1.0,70.0,127.0,0.17045450000000528,146.24996099999998,146.4204155
-1.0,61.0,127.0,0.06392043750000198,146.4204155,146.4843359375
-1.0,61.0,127.0,0.056818166666658954,146.42751777083333,146.4843359375
-1.0,54.0,127.0,0.17045450000000528,146.4204155,146.59087
-1.0,60.0,127.0,0.0745738437499881,146.59087,146.66544384374998
-1.0,60.0,127.0,0.056818166666658954,146.60862567708332,146.66544384374998
-1.0,60.0,127.0,0.17045450000000528,146.59087,146.7613245
-1.0,-1.0,0.0,0.012428973958321876,146.7613245,146.77375347395832
-1.0,60.0,127.0,0.056818166666658954,146.77375347395832,146.83057164062498
-1.0,70.0,127.0,0.17045449999997686,146.7613245,146.93177899999998
-1.0,60.0,127.0,0.06392043750000198,146.93177899999998,146.99569943749998
-1.0,60.0,127.0,0.056818166666658954,146.93888127083332,146.99569943749998
-1.0,60.0,127.0,0.17045450000000528,146.93177899999998,147.10223349999998
-1.0,60.0,127.0,0.06924714062500925,147.10223349999998,147.171480640625
-1.0,60.0,127.0,0.056818166666658954,147.11466247395833,147.171480640625
-1.0,60.0,127.0,0.17045450000000528,147.10223349999998,147.272688
-1.0,60.0,127.0,0.046164760416672834,147.272688,147.31885276041666
-1.0,60.0,127.0,0.03906248958332981,147.27979027083333,147.31885276041666
-1.0,64.0,127.0,0.17045450000000528,147.272688,147.4431425
-1.0,63.0,127.0,0.11363633333333212,147.4431425,147.55677883333334
-1.0,-1.0,0.0,0.056818166666658954,147.55677883333334,147.613597
-1.0,60.0,127.0,0.06392043750000198,147.613597,147.6775174375
-1.0,60.0,127.0,0.056818166666687375,147.6206992708333,147.6775174375
-1.0,58.0,127.0,0.17045449999997686,147.613597,147.78405149999998
-1.0,-1.0,0.0,0.007102270833343027,147.78405149999998,147.79115377083332
-1.0,60.0,127.0,0.056818166666658954,147.79115377083332,147.84797193749998
-1.0,61.0,127.0,0.17045450000000528,147.78405149999998,147.95450599999998
-1.0,-1.0,0.0,0.007102270833343027,147.95450599999998,147.96160827083332
-1.0,60.0,127.0,0.056818166666658954,147.96160827083332,148.01842643749998
-1.0,59.0,127.0,0.17045450000000528,147.95450599999998,148.1249605
-1.0,59.0,127.0,0.11363633333333212,148.1249605,148.2385968333333
-1.0,-1.0,0.0,0.056818166666687375,148.2385968333333,148.295415
-1.0,66.0,127.0,0.147727233333336,148.295415,148.44314223333333
-1.0,-1.0,0.0,0.029829537499978187,148.44314223333333,148.4729717708333
-1.0,60.0,127.0,0.056818166666687375,148.4729717708333,148.5297899375
-1.0,60.0,127.0,0.17045450000000528,148.4658695,148.636324
-1.0,65.0,127.0,0.13257572222220423,148.636324,148.76889972222222
-1.0,-1.0,0.0,0.03787877777776316,148.76889972222222,148.80677849999998
-1.0,59.0,127.0,0.11718746875000363,148.80677849999998,148.92396596875
-1.0,-1.0,0.0,0.05326703124998744,148.92396596875,148.97723299999998
-1.0,60.0,127.0,0.07990054687499537,148.97723299999998,149.05713354687498
-1.0,60.0,127.0,0.07279827604165234,148.98433527083333,149.05713354687498
-1.0,70.0,127.0,0.17045450000000528,148.97723299999998,149.1476875
-1.0,61.0,127.0,0.06392043750000198,149.1476875,149.2116079375
-1.0,61.0,127.0,0.056818166666658954,149.15478977083333,149.2116079375
-1.0,54.0,127.0,0.17045450000000528,149.1476875,149.318142
-1.0,60.0,127.0,0.0745738437499881,149.318142,149.39271584374998
-1.0,60.0,127.0,0.056818166666658954,149.33589767708332,149.39271584374998
-1.0,60.0,127.0,0.17045450000000528,149.318142,149.4885965
-1.0,-1.0,0.0,0.012428973958321876,149.4885965,149.50102547395832
-1.0,60.0,127.0,0.056818166666658954,149.50102547395832,149.55784364062498
-1.0,70.0,127.0,0.17045449999997686,149.4885965,149.65905099999998
-1.0,60.0,127.0,0.06392043750000198,149.65905099999998,149.72297143749998
-1.0,60.0,127.0,0.056818166666658954,149.66615327083332,149.72297143749998
-1.0,60.0,127.0,0.17045450000000528,149.65905099999998,149.82950549999998
-1.0,60.0,127.0,0.06924714062500925,149.82950549999998,149.898752640625
-1.0,60.0,127.0,0.056818166666658954,149.84193447395833,149.898752640625
-1.0,60.0,127.0,0.17045450000000528,149.82950549999998,149.99996
-1.0,60.0,127.0,0.046164760416672834,149.99996,150.04612476041666
-1.0,60.0,127.0,0.03906248958332981,150.00706227083333,150.04612476041666
-1.0,64.0,127.0,0.17045450000000528,149.99996,150.1704145
-1.0,63.0,127.0,0.11363633333333212,150.1704145,150.2840508333333
-1.0,-1.0,0.0,0.056818166666687375,150.2840508333333,150.340869
-1.0,60.0,127.0,0.06392043750000198,150.340869,150.4047894375
-1.0,60.0,127.0,0.056818166666687375,150.3479712708333,150.4047894375
-1.0,58.0,127.0,0.17045450000000528,150.340869,150.5113235
-1.0,-1.0,0.0,0.007102270833314606,150.5113235,150.51842577083332
-1.0,60.0,127.0,0.056818166666658954,150.51842577083332,150.57524393749998
-1.0,61.0,127.0,0.17045449999997686,150.5113235,150.68177799999998
-1.0,-1.0,0.0,0.007102270833343027,150.68177799999998,150.68888027083332
-1.0,60.0,127.0,0.056818166666658954,150.68888027083332,150.74569843749998
-1.0,59.0,127.0,0.17045450000000528,150.68177799999998,150.85223249999999
-1.0,59.0,127.0,0.11363633333333212,150.85223249999999,150.96586883333333
-1.0,-1.0,0.0,0.056818166666658954,150.96586883333333,151.022687
-1.0,66.0,127.0,0.147727233333336,151.022687,151.17041423333333
-1.0,-1.0,0.0,0.029829537499978187,151.17041423333333,151.2002437708333
-1.0,60.0,127.0,0.056818166666687375,151.2002437708333,151.2570619375
-1.0,60.0,127.0,0.17045450000000528,151.1931415,151.363596
-1.0,65.0,127.0,0.13257572222220423,151.363596,151.49617172222221
-1.0,-1.0,0.0,0.03787877777776316,151.49617172222221,151.53405049999998
-1.0,59.0,127.0,0.11718746875000363,151.53405049999998,151.65123796874997
-1.0,-1.0,0.0,0.05326703125001586,151.65123796874997,151.70450499999998
-1.0,60.0,127.0,0.07990054687499537,151.70450499999998,151.78440554687498
-1.0,60.0,127.0,0.07279827604165234,151.71160727083333,151.78440554687498
-1.0,70.0,127.0,0.17045450000000528,151.70450499999998,151.8749595
-1.0,61.0,127.0,0.06392043750000198,151.8749595,151.9388799375
-1.0,61.0,127.0,0.056818166666658954,151.88206177083333,151.9388799375
-1.0,54.0,127.0,0.17045450000000528,151.8749595,152.045414
-1.0,60.0,127.0,0.0745738437499881,152.045414,152.11998784374998
-1.0,60.0,127.0,0.056818166666658954,152.06316967708332,152.11998784374998
-1.0,60.0,127.0,0.17045450000000528,152.045414,152.2158685
-1.0,-1.0,0.0,0.012428973958321876,152.2158685,152.22829747395832
-1.0,60.0,127.0,0.056818166666658954,152.22829747395832,152.28511564062498
-1.0,70.0,127.0,0.17045449999997686,152.2158685,152.38632299999998
-1.0,60.0,127.0,0.06392043750000198,152.38632299999998,152.45024343749998
-1.0,60.0,127.0,0.056818166666658954,152.39342527083332,152.45024343749998
-1.0,60.0,127.0,0.17045450000000528,152.38632299999998,152.55677749999998
-1.0,60.0,127.0,0.06924714062500925,152.55677749999998,152.626024640625
-1.0,60.0,127.0,0.056818166666658954,152.56920647395833,152.626024640625
-1.0,60.0,127.0,0.17045450000000528,152.55677749999998,152.727232
-1.0,60.0,127.0,0.046164760416672834,152.727232,152.77339676041666
-1.0,60.0,127.0,0.03906248958332981,152.73433427083333,152.77339676041666
-1.0,64.0,127.0,0.17045450000000528,152.727232,152.8976865
-1.0,63.0,127.0,0.11363633333333212,152.8976865,153.01132283333334
-1.0,-1.0,0.0,0.056818166666658954,153.01132283333334,153.068141
-1.0,60.0,127.0,0.06392043750000198,153.068141,153.1320614375
-1.0,60.0,127.0,0.056818166666687375,153.0752432708333,153.1320614375
-1.0,58.0,127.0,0.17045450000000528,153.068141,153.2385955
-1.0,-1.0,0.0,0.007102270833314606,153.2385955,153.24569777083332
-1.0,60.0,127.0,0.056818166666658954,153.24569777083332,153.30251593749998
-1.0,61.0,127.0,0.17045449999997686,153.2385955,153.40904999999998
-1.0,-1.0,0.0,0.007102270833343027,153.40904999999998,153.41615227083332
-1.0,60.0,127.0,0.056818166666658954,153.41615227083332,153.47297043749998
-1.0,59.0,127.0,0.17045450000000528,153.40904999999998,153.57950449999998
-1.0,59.0,127.0,0.11363633333333212,153.57950449999998,153.6931408333333
-1.0,-1.0,0.0,0.056818166666687375,153.6931408333333,153.749959
-1.0,66.0,127.0,0.147727233333336,153.749959,153.89768623333333
-1.0,-1.0,0.0,0.029829537499978187,153.89768623333333,153.9275157708333
-1.0,60.0,127.0,0.056818166666687375,153.9275157708333,153.9843339375
-1.0,60.0,127.0,0.17045450000000528,153.9204135,154.090868
-1.0,65.0,127.0,0.13257572222220423,154.090868,154.2234437222222
-1.0,-1.0,0.0,0.03787877777776316,154.2234437222222,154.26132249999998
-1.0,59.0,127.0,0.11718746875000363,154.26132249999998,154.37850996875
-1.0,-1.0,0.0,0.05326703124998744,154.37850996875,154.43177699999998
-1.0,60.0,127.0,0.07990054687499537,154.43177699999998,154.51167754687498
-1.0,60.0,127.0,0.07279827604165234,154.43887927083333,154.51167754687498
-1.0,70.0,127.0,0.17045450000000528,154.43177699999998,154.6022315
-1.0,61.0,127.0,0.06392043750000198,154.6022315,154.6661519375
-1.0,61.0,127.0,0.056818166666658954,154.60933377083333,154.6661519375
-1.0,54.0,127.0,0.17045450000000528,154.6022315,154.772686
-1.0,60.0,127.0,0.0745738437499881,154.772686,154.84725984374998
-1.0,60.0,127.0,0.056818166666658954,154.79044167708332,154.84725984374998
-1.0,60.0,127.0,0.17045450000000528,154.772686,154.9431405
-1.0,-1.0,0.0,0.012428973958321876,154.9431405,154.95556947395832
-1.0,60.0,127.0,0.056818166666658954,154.95556947395832,155.01238764062498
-1.0,70.0,127.0,0.17045449999997686,154.9431405,155.11359499999998
-1.0,60.0,127.0,0.06392043750000198,155.11359499999998,155.17751543749998
-1.0,60.0,127.0,0.056818166666658954,155.12069727083332,155.17751543749998
-1.0,60.0,127.0,0.17045450000000528,155.11359499999998,155.28404949999998
-1.0,60.0,127.0,0.06924714062500925,155.28404949999998,155.353296640625
-1.0,60.0,127.0,0.056818166666658954,155.29647847395833,155.353296640625
-1.0,60.0,127.0,0.17045450000000528,155.28404949999998,155.454504
-1.0,60.0,127.0,0.046164760416672834,155.454504,155.50066876041666
-1.0,60.0,127.0,0.03906248958332981,155.46160627083333,155.50066876041666
-1.0,64.0,127.0,0.17045450000000528,155.454504,155.6249585
-1.0,63.0,127.0,0.11363633333333212,155.6249585,155.7385948333333
-1.0,-1.0,0.0,0.056818166666687375,155.7385948333333,155.795413
-1.0,60.0,127.0,0.06392043750000198,155.795413,155.8593334375
-1.0,60.0,127.0,0.056818166666687375,155.8025152708333,155.8593334375
-1.0,58.0,127.0,0.17045450000000528,155.795413,155.9658675
-1.0,-1.0,0.0,0.007102270833314606,155.9658675,155.97296977083332
-1.0,60.0,127.0,0.056818166666658954,155.97296977083332,156.02978793749998
-1.0,61.0,127.0,0.17045449999997686,155.9658675,156.13632199999998
-1.0,-1.0,0.0,0.007102270833343027,156.13632199999998,156.14342427083332
-1.0,60.0,127.0,0.056818166666658954,156.14342427083332,156.20024243749998
-1.0,59.0,127.0,0.17045450000000528,156.13632199999998,156.30677649999998
-1.0,59.0,127.0,0.11363633333333212,156.30677649999998,156.42041283333333
-1.0,-1.0,0.0,0.056818166666658954,156.42041283333333,156.477231
-1.0,66.0,127.0,0.147727233333336,156.477231,156.62495823333333
-1.0,-1.0,0.0,0.029829537499978187,156.62495823333333,156.6547877708333
-1.0,60.0,127.0,0.056818166666687375,156.6547877708333,156.7116059375
-1.0,60.0,127.0,0.17045450000000528,156.6476855,156.81814
-1.0,65.0,127.0,0.13257572222220423,156.81814,156.9507157222222
-1.0,-1.0,0.0,0.03787877777776316,156.9507157222222,156.98859449999998
-1.0,59.0,127.0,0.11718746875000363,156.98859449999998,157.10578196874997
-1.0,-1.0,0.0,0.05326703125001586,157.10578196874997,157.15904899999998
-1.0,60.0,127.0,0.07990054687499537,157.15904899999998,157.23894954687498
-1.0,60.0,127.0,0.07279827604165234,157.16615127083332,157.23894954687498
-1.0,70.0,127.0,0.17045450000000528,157.15904899999998,157.3295035
-1.0,61.0,127.0,0.06392043750000198,157.3295035,157.3934239375
-1.0,61.0,127.0,0.056818166666658954,157.33660577083333,157.3934239375
-1.0,54.0,127.0,0.17045450000000528,157.3295035,157.499958
-1.0,60.0,127.0,0.0745738437499881,157.499958,157.57453184374998
-1.0,60.0,127.0,0.056818166666658954,157.51771367708332,157.57453184374998
-1.0,60.0,127.0,0.17045450000000528,157.499958,157.6704125
-1.0,-1.0,0.0,0.012428973958321876,157.6704125,157.68284147395832
-1.0,60.0,127.0,0.056818166666658954,157.68284147395832,157.73965964062498
-1.0,70.0,127.0,0.17045450000000528,157.6704125,157.840867
-1.0,60.0,127.0,0.06392043749997356,157.840867,157.90478743749998
-1.0,60.0,127.0,0.056818166666658954,157.84796927083332,157.90478743749998
-1.0,60.0,127.0,0.17045449999997686,157.840867,158.01132149999998
-1.0,60.0,127.0,0.06924714062500925,158.01132149999998,158.080568640625
-1.0,60.0,127.0,0.056818166666658954,158.02375047395833,158.080568640625
-1.0,60.0,127.0,0.17045450000000528,158.01132149999998,158.18177599999999
-1.0,60.0,127.0,0.046164760416672834,158.18177599999999,158.22794076041666
-1.0,60.0,127.0,0.03906248958332981,158.18887827083333,158.22794076041666
-1.0,64.0,127.0,0.17045450000000528,158.18177599999999,158.3522305
-1.0,63.0,127.0,0.11363633333333212,158.3522305,158.46586683333334
-1.0,-1.0,0.0,0.056818166666658954,158.46586683333334,158.522685
-1.0,60.0,127.0,0.06392043750000198,158.522685,158.5866054375
-1.0,60.0,127.0,0.056818166666687375,158.5297872708333,158.5866054375
-1.0,58.0,127.0,0.17045450000000528,158.522685,158.6931395
-1.0,-1.0,0.0,0.007102270833314606,158.6931395,158.70024177083332
-1.0,60.0,127.0,0.056818166666687375,158.70024177083332,158.7570599375
-1.0,61.0,127.0,0.17045449999997686,158.6931395,158.86359399999998
-1.0,-1.0,0.0,0.007102270833343027,158.86359399999998,158.87069627083332
-1.0,60.0,127.0,0.056818166666658954,158.87069627083332,158.92751443749998
-1.0,59.0,127.0,0.17045450000000528,158.86359399999998,159.03404849999998
-1.0,59.0,127.0,0.11363633333333212,159.03404849999998,159.1476848333333
-1.0,-1.0,0.0,0.056818166666687375,159.1476848333333,159.204503
-1.0,66.0,127.0,0.147727233333336,159.204503,159.35223023333333
-1.0,-1.0,0.0,0.029829537499978187,159.35223023333333,159.3820597708333
-1.0,60.0,127.0,0.056818166666687375,159.3820597708333,159.4388779375
-1.0,60.0,127.0,0.17045450000000528,159.3749575,159.545412
-1.0,65.0,127.0,0.13257572222220423,159.545412,159.6779877222222
-1.0,-1.0,0.0,0.03787877777776316,159.6779877222222,159.71586649999998
-1.0,59.0,127.0,0.11718746875000363,159.71586649999998,159.83305396875
-1.0,-1.0,0.0,0.05326703124998744,159.83305396875,159.88632099999998
-1.0,60.0,127.0,0.07990054687499537,159.88632099999998,159.96622154687498
-1.0,60.0,127.0,0.07279827604165234,159.89342327083332,159.96622154687498
-1.0,70.0,127.0,0.17045450000000528,159.88632099999998,160.0567755
-1.0,61.0,127.0,0.06392043750000198,160.0567755,160.1206959375
-1.0,61.0,127.0,0.056818166666658954,160.06387777083333,160.1206959375
-1.0,54.0,127.0,0.17045450000000528,160.0567755,160.22723
-1.0,60.0,127.0,0.0745738437499881,160.22723,160.30180384374998
-1.0,60.0,127.0,0.056818166666658954,160.24498567708332,160.30180384374998
-1.0,60.0,127.0,0.17045450000000528,160.22723,160.3976845
-1.0,-1.0,0.0,0.012428973958321876,160.3976845,160.41011347395832
-1.0,60.0,127.0,0.056818166666658954,160.41011347395832,160.46693164062498
-1.0,70.0,127.0,0.17045450000000528,160.3976845,160.568139
-1.0,60.0,127.0,0.06392043749997356,160.568139,160.63205943749998
-1.0,60.0,127.0,0.056818166666658954,160.57524127083332,160.63205943749998
-1.0,60.0,127.0,0.17045449999997686,160.568139,160.73859349999998
-1.0,60.0,127.0,0.06924714062500925,160.73859349999998,160.807840640625
-1.0,60.0,127.0,0.056818166666658954,160.75102247395833,160.807840640625
-1.0,60.0,127.0,0.17045450000000528,160.73859349999998,160.90904799999998
-1.0,60.0,127.0,0.046164760416672834,160.90904799999998,160.95521276041666
-1.0,60.0,127.0,0.03906248958332981,160.91615027083333,160.95521276041666
-1.0,64.0,127.0,0.17045450000000528,160.90904799999998,161.0795025
-1.0,63.0,127.0,0.11363633333333212,161.0795025,161.1931388333333
-1.0,-1.0,0.0,0.056818166666687375,161.1931388333333,161.249957
-1.0,60.0,127.0,0.06392043750000198,161.249957,161.3138774375
-1.0,60.0,127.0,0.056818166666687375,161.2570592708333,161.3138774375
-1.0,58.0,127.0,0.17045450000000528,161.249957,161.4204115
-1.0,-1.0,0.0,0.007102270833314606,161.4204115,161.42751377083331
-1.0,60.0,127.0,0.056818166666687375,161.42751377083331,161.4843319375
-1.0,61.0,127.0,0.17045449999997686,161.4204115,161.59086599999998
-1.0,-1.0,0.0,0.007102270833343027,161.59086599999998,161.59796827083332
-1.0,60.0,127.0,0.056818166666658954,161.59796827083332,161.65478643749998
-1.0,59.0,127.0,0.17045450000000528,161.59086599999998,161.76132049999998
-1.0,59.0,127.0,0.11363633333333212,161.76132049999998,161.87495683333333
-1.0,-1.0,0.0,0.056818166666658954,161.87495683333333,161.931775
-1.0,66.0,127.0,0.147727233333336,161.931775,162.07950223333333
-1.0,-1.0,0.0,0.02982953750000661,162.07950223333333,162.10933177083334
-1.0,60.0,127.0,0.056818166666658954,162.10933177083334,162.1661499375
-1.0,60.0,127.0,0.17045450000000528,162.1022295,162.272684
-1.0,65.0,127.0,0.13257572222220423,162.272684,162.4052597222222
-1.0,-1.0,0.0,0.03787877777776316,162.4052597222222,162.44313849999998
-1.0,59.0,127.0,0.11718746875000363,162.44313849999998,162.56032596874996
-1.0,-1.0,0.0,0.05326703125001586,162.56032596874996,162.61359299999998
-1.0,60.0,127.0,0.07990054687499537,162.61359299999998,162.69349354687498
-1.0,60.0,127.0,0.07279827604165234,162.62069527083332,162.69349354687498
-1.0,70.0,127.0,0.17045450000000528,162.61359299999998,162.78404749999999
-1.0,61.0,127.0,0.06392043750000198,162.78404749999999,162.8479679375
-1.0,61.0,127.0,0.056818166666658954,162.79114977083333,162.8479679375
-1.0,54.0,127.0,0.17045450000000528,162.78404749999999,162.954502
-1.0,60.0,127.0,0.0745738437499881,162.954502,163.02907584374998
-1.0,60.0,127.0,0.056818166666658954,162.97225767708332,163.02907584374998
-1.0,60.0,127.0,0.17045450000000528,162.954502,163.1249565
-1.0,-1.0,0.0,0.012428973958321876,163.1249565,163.13738547395832
-1.0,60.0,127.0,0.056818166666658954,163.13738547395832,163.19420364062498
-1.0,70.0,127.0,0.17045450000000528,163.1249565,163.295411
-1.0,60.0,127.0,0.06392043749997356,163.295411,163.35933143749997
-1.0,60.0,127.0,0.056818166666658954,163.30251327083332,163.35933143749997
-1.0,60.0,127.0,0.17045449999997686,163.295411,163.46586549999998
-1.0,60.0,127.0,0.06924714062500925,163.46586549999998,163.535112640625
-1.0,60.0,127.0,0.056818166666658954,163.47829447395833,163.535112640625
-1.0,60.0,127.0,0.17045450000000528,163.46586549999998,163.63631999999998
-1.0,60.0,127.0,0.046164760416672834,163.63631999999998,163.68248476041666
-1.0,60.0,127.0,0.03906248958332981,163.64342227083333,163.68248476041666
-1.0,64.0,127.0,0.17045450000000528,163.63631999999998,163.8067745
-1.0,63.0,127.0,0.11363633333333212,163.8067745,163.92041083333334
-1.0,-1.0,0.0,0.056818166666658954,163.92041083333334,163.977229
-1.0,60.0,127.0,0.06392043750000198,163.977229,164.0411494375
-1.0,60.0,127.0,0.056818166666687375,163.9843312708333,164.0411494375
-1.0,58.0,127.0,0.17045450000000528,163.977229,164.1476835
-1.0,-1.0,0.0,0.007102270833314606,164.1476835,164.1547857708333
-1.0,60.0,127.0,0.056818166666687375,164.1547857708333,164.2116039375
-1.0,61.0,127.0,0.17045449999997686,164.1476835,164.31813799999998
-1.0,-1.0,0.0,0.007102270833343027,164.31813799999998,164.32524027083332
-1.0,60.0,127.0,0.056818166666658954,164.32524027083332,164.38205843749998
-1.0,59.0,127.0,0.17045450000000528,164.31813799999998,164.48859249999998
-1.0,59.0,127.0,0.11363633333334633,164.48859249999998,164.60222883333333
-1.0,-1.0,0.0,0.056818166666658954,164.60222883333333,164.659047
-1.0,66.0,127.0,0.147727233333336,164.659047,164.80677423333333
-1.0,-1.0,0.0,0.02982953750000661,164.80677423333333,164.83660377083334
-1.0,60.0,127.0,0.056818166666658954,164.83660377083334,164.8934219375
-1.0,60.0,127.0,0.17045450000000528,164.8295015,164.999956
-1.0,65.0,127.0,0.13257572222220423,164.999956,165.1325317222222
-1.0,-1.0,0.0,0.03787877777776316,165.1325317222222,165.17041049999997
-1.0,59.0,127.0,0.11718746875000363,165.17041049999997,165.28759796875
-1.0,-1.0,0.0,0.05326703124998744,165.28759796875,165.34086499999998
-1.0,60.0,127.0,0.07990054687499537,165.34086499999998,165.42076554687497
-1.0,60.0,127.0,0.07279827604165234,165.34796727083332,165.42076554687497
-1.0,70.0,127.0,0.17045450000000528,165.34086499999998,165.51131949999998
-1.0,61.0,127.0,0.06392043750000198,165.51131949999998,165.5752399375
-1.0,61.0,127.0,0.056818166666658954,165.51842177083333,165.5752399375
-1.0,54.0,127.0,0.17045450000000528,165.51131949999998,165.681774
-1.0,60.0,127.0,0.0745738437499881,165.681774,165.75634784374998
-1.0,60.0,127.0,0.056818166666658954,165.69952967708332,165.75634784374998
-1.0,60.0,127.0,0.17045450000000528,165.681774,165.8522285
-1.0,-1.0,0.0,0.012428973958321876,165.8522285,165.86465747395832
-1.0,60.0,127.0,0.056818166666658954,165.86465747395832,165.92147564062498
-1.0,70.0,127.0,0.17045450000000528,165.8522285,166.022683
-1.0,60.0,127.0,0.06392043749997356,166.022683,166.08660343749997
-1.0,60.0,127.0,0.056818166666658954,166.02978527083332,166.08660343749997
-1.0,60.0,127.0,0.17045449999997686,166.022683,166.19313749999998
-1.0,60.0,127.0,0.06924714062500925,166.19313749999998,166.262384640625
-1.0,60.0,127.0,0.056818166666658954,166.20556647395833,166.262384640625
-1.0,60.0,127.0,0.17045450000000528,166.19313749999998,166.36359199999998
-1.0,60.0,127.0,0.046164760416672834,166.36359199999998,166.40975676041666
-1.0,60.0,127.0,0.03906248958332981,166.37069427083333,166.40975676041666
-1.0,64.0,127.0,0.17045450000000528,166.36359199999998,166.5340465
-1.0,63.0,127.0,0.11363633333333212,166.5340465,166.6476828333333
-1.0,-1.0,0.0,0.056818166666687375,166.6476828333333,166.704501
-1.0,60.0,127.0,0.06392043750000198,166.704501,166.7684214375
-1.0,60.0,127.0,0.056818166666687375,166.7116032708333,166.7684214375
-1.0,58.0,127.0,0.17045450000000528,166.704501,166.8749555
-1.0,-1.0,0.0,0.007102270833314606,166.8749555,166.8820577708333
-1.0,60.0,127.0,0.056818166666687375,166.8820577708333,166.9388759375
-1.0,61.0,127.0,0.17045449999997686,166.8749555,167.04540999999998
-1.0,-1.0,0.0,0.007102270833343027,167.04540999999998,167.05251227083332
-1.0,60.0,127.0,0.056818166666658954,167.05251227083332,167.10933043749998
-1.0,59.0,127.0,0.17045450000000528,167.04540999999998,167.21586449999998
-1.0,59.0,127.0,0.11363633333334633,167.21586449999998,167.32950083333333
-1.0,-1.0,0.0,0.056818166666658954,167.32950083333333,167.386319
-1.0,66.0,127.0,0.147727233333336,167.386319,167.53404623333333
-1.0,-1.0,0.0,0.02982953750000661,167.53404623333333,167.56387577083333
-1.0,60.0,127.0,0.056818166666658954,167.56387577083333,167.6206939375
-1.0,60.0,127.0,0.17045450000000528,167.5567735,167.727228
-1.0,65.0,127.0,0.13257572222222316,167.727228,167.8598037222222
-1.0,-1.0,0.0,0.037878777777791584,167.8598037222222,167.8976825
-1.0,59.0,127.0,0.11718746874997521,167.8976825,168.01486996874996
-1.0,-1.0,0.0,0.05326703125001586,168.01486996874996,168.06813699999998
-1.0,60.0,127.0,0.07990054687499537,168.06813699999998,168.14803754687497
-1.0,60.0,127.0,0.07279827604165234,168.07523927083332,168.14803754687497
-1.0,70.0,127.0,0.17045450000000528,168.06813699999998,168.23859149999998
-1.0,61.0,127.0,0.06392043750000198,168.23859149999998,168.3025119375
-1.0,61.0,127.0,0.056818166666658954,168.24569377083333,168.3025119375
-1.0,54.0,127.0,0.17045450000000528,168.23859149999998,168.409046
-1.0,60.0,127.0,0.0745738437499881,168.409046,168.48361984374998
-1.0,60.0,127.0,0.056818166666658954,168.42680167708332,168.48361984374998
-1.0,60.0,127.0,0.17045450000000528,168.409046,168.5795005
-1.0,-1.0,0.0,0.012428973958321876,168.5795005,168.59192947395832
-1.0,60.0,127.0,0.056818166666658954,168.59192947395832,168.64874764062498
-1.0,70.0,127.0,0.17045450000000528,168.5795005,168.749955
-1.0,60.0,127.0,0.06392043750000198,168.749955,168.8138754375
-1.0,60.0,127.0,0.056818166666687375,168.75705727083331,168.8138754375
-1.0,60.0,127.0,0.17045449999997686,168.749955,168.92040949999998
-1.0,60.0,127.0,0.06924714062500925,168.92040949999998,168.989656640625
-1.0,60.0,127.0,0.056818166666658954,168.93283847395833,168.989656640625
-1.0,60.0,127.0,0.17045450000000528,168.92040949999998,169.09086399999998
-1.0,60.0,127.0,0.046164760416672834,169.09086399999998,169.13702876041665
-1.0,60.0,127.0,0.03906248958332981,169.09796627083333,169.13702876041665
-1.0,64.0,127.0,0.17045450000000528,169.09086399999998,169.2613185
-1.0,63.0,127.0,0.11363633333333212,169.2613185,169.37495483333333
-1.0,-1.0,0.0,0.056818166666658954,169.37495483333333,169.431773
-1.0,60.0,127.0,0.06392043750000198,169.431773,169.4956934375
-1.0,60.0,127.0,0.056818166666687375,169.4388752708333,169.4956934375
-1.0,58.0,127.0,0.17045450000000528,169.431773,169.6022275
-1.0,-1.0,0.0,0.007102270833314606,169.6022275,169.6093297708333
-1.0,60.0,127.0,0.056818166666687375,169.6093297708333,169.6661479375
-1.0,61.0,127.0,0.17045449999997686,169.6022275,169.77268199999997
-1.0,-1.0,0.0,0.007102270833343027,169.77268199999997,169.77978427083332
-1.0,60.0,127.0,0.056818166666658954,169.77978427083332,169.83660243749998
-1.0,59.0,127.0,0.17045450000000528,169.77268199999997,169.94313649999998
-1.0,59.0,127.0,0.11363633333334633,169.94313649999998,170.05677283333333
-1.0,-1.0,0.0,0.056818166666658954,170.05677283333333,170.11359099999999
-1.0,66.0,127.0,0.147727233333336,170.11359099999999,170.26131823333333
-1.0,-1.0,0.0,0.02982953750000661,170.26131823333333,170.29114777083333
-1.0,60.0,127.0,0.056818166666658954,170.29114777083333,170.3479659375
-1.0,60.0,127.0,0.17045450000000528,170.2840455,170.4545
-1.0,65.0,127.0,0.13257572222222316,170.4545,170.5870757222222
-1.0,-1.0,0.0,0.037878777777791584,170.5870757222222,170.6249545
-1.0,59.0,127.0,0.11718746874997521,170.6249545,170.74214196875
-1.0,-1.0,0.0,0.05326703124998744,170.74214196875,170.79540899999998
-1.0,60.0,127.0,0.07990054687502379,170.79540899999998,170.875309546875
-1.0,60.0,127.0,0.07279827604168077,170.80251127083332,170.875309546875
-1.0,70.0,127.0,0.17045450000000528,170.79540899999998,170.96586349999998
-1.0,61.0,127.0,0.06392043750000198,170.96586349999998,171.02978393749999
-1.0,61.0,127.0,0.056818166666658954,170.97296577083333,171.02978393749999
-1.0,54.0,127.0,0.17045450000000528,170.96586349999998,171.136318
-1.0,60.0,127.0,0.0745738437499881,171.136318,171.21089184374998
-1.0,60.0,127.0,0.056818166666658954,171.15407367708332,171.21089184374998
-1.0,60.0,127.0,0.17045450000000528,171.136318,171.3067725
-1.0,-1.0,0.0,0.012428973958321876,171.3067725,171.31920147395832
-1.0,60.0,127.0,0.056818166666658954,171.31920147395832,171.37601964062497
-1.0,70.0,127.0,0.17045450000000528,171.3067725,171.477227
-1.0,60.0,127.0,0.06392043750000198,171.477227,171.5411474375
-1.0,60.0,127.0,0.056818166666687375,171.4843292708333,171.5411474375
-1.0,60.0,127.0,0.17045449999997686,171.477227,171.64768149999998
-1.0,60.0,127.0,0.06924714062500925,171.64768149999998,171.71692864062499
-1.0,60.0,127.0,0.056818166666658954,171.66011047395833,171.71692864062499
-1.0,60.0,127.0,0.17045450000000528,171.64768149999998,171.81813599999998
-1.0,60.0,127.0,0.046164760416672834,171.81813599999998,171.86430076041665
-1.0,60.0,127.0,0.03906248958332981,171.82523827083332,171.86430076041665
-1.0,64.0,127.0,0.17045450000000528,171.81813599999998,171.9885905
-1.0,63.0,127.0,0.11363633333333212,171.9885905,172.1022268333333
-1.0,-1.0,0.0,0.056818166666687375,172.1022268333333,172.159045
-1.0,60.0,127.0,0.06392043750000198,172.159045,172.2229654375
-1.0,60.0,127.0,0.056818166666658954,172.16614727083333,172.2229654375
-1.0,58.0,127.0,0.17045450000000528,172.159045,172.3294995
-1.0,-1.0,0.0,0.007102270833314606,172.3294995,172.3366017708333
-1.0,60.0,127.0,0.056818166666687375,172.3366017708333,172.3934199375
-1.0,61.0,127.0,0.17045449999997686,172.3294995,172.49995399999997
-1.0,-1.0,0.0,0.007102270833343027,172.49995399999997,172.50705627083332
-1.0,60.0,127.0,0.056818166666658954,172.50705627083332,172.56387443749998
-1.0,59.0,127.0,0.17045450000000528,172.49995399999997,172.67040849999998
-1.0,59.0,127.0,0.11363633333334633,172.67040849999998,172.78404483333333
-1.0,-1.0,0.0,0.056818166666658954,172.78404483333333,172.84086299999998
-1.0,66.0,127.0,0.147727233333336,172.84086299999998,172.98859023333333
-1.0,-1.0,0.0,0.02982953750000661,172.98859023333333,173.01841977083333
-1.0,60.0,127.0,0.056818166666658954,173.01841977083333,173.0752379375
-1.0,60.0,127.0,0.17045450000000528,173.0113175,173.181772
-1.0,65.0,127.0,0.13257572222222316,173.181772,173.3143477222222
-1.0,-1.0,0.0,0.037878777777791584,173.3143477222222,173.3522265
-1.0,59.0,127.0,0.11718746874997521,173.3522265,173.46941396874996
-1.0,-1.0,0.0,0.05326703125001586,173.46941396874996,173.52268099999998
-1.0,60.0,127.0,0.07990054687502379,173.52268099999998,173.602581546875
-1.0,60.0,127.0,0.07279827604168077,173.52978327083332,173.602581546875
-1.0,70.0,127.0,0.17045450000000528,173.522681,173.6931355
-1.0,61.0,127.0,0.06392043750000198,173.69313549999998,173.75705593749998
-1.0,61.0,127.0,0.056818166666658954,173.70023777083333,173.75705593749998
-1.0,54.0,127.0,0.17045450000000528,173.69313549999998,173.86359
-1.0,60.0,127.0,0.0745738437499881,173.86359,173.93816384374998
-1.0,60.0,127.0,0.056818166666658954,173.88134567708332,173.93816384374998
-1.0,60.0,127.0,0.17045450000000528,173.86359,174.0340445
-1.0,-1.0,0.0,0.012428973958321876,174.0340445,174.04647347395832
-1.0,60.0,127.0,0.056818166666658954,174.04647347395832,174.10329164062497
-1.0,70.0,127.0,0.17045450000000528,174.03404450000002,174.20449900000003
-1.0,60.0,127.0,0.06392043750000198,174.204499,174.2684194375
-1.0,60.0,127.0,0.056818166666687375,174.2116012708333,174.2684194375
-1.0,60.0,127.0,0.17045449999997686,174.20449900000003,174.3749535
-1.0,60.0,127.0,0.06924714062500925,174.37495349999998,174.44420064062498
-1.0,60.0,127.0,0.056818166666658954,174.38738247395833,174.44420064062498
-1.0,60.0,127.0,0.17045450000000528,174.37495349999998,174.54540799999998
-1.0,60.0,127.0,0.046164760416672834,174.54540799999998,174.59157276041665
-1.0,60.0,127.0,0.03906248958332981,174.55251027083332,174.59157276041665
-1.0,64.0,127.0,0.17045450000000528,174.54540799999998,174.7158625
-1.0,63.0,127.0,0.11363633333333212,174.7158625,174.82949883333333
-1.0,-1.0,0.0,0.056818166666658954,174.82949883333333,174.886317
-1.0,60.0,127.0,0.06392043750000198,174.886317,174.9502374375
-1.0,60.0,127.0,0.056818166666658954,174.89341927083333,174.9502374375
-1.0,58.0,127.0,0.17045450000000528,174.886317,175.0567715
-1.0,-1.0,0.0,0.007102270833314606,175.0567715,175.0638737708333
-1.0,60.0,127.0,0.056818166666687375,175.0638737708333,175.1206919375
-1.0,61.0,127.0,0.17045450000000528,175.0567715,175.227226
-1.0,-1.0,0.0,0.007102270833314606,175.227226,175.23432827083332
-1.0,60.0,127.0,0.056818166666658954,175.23432827083332,175.29114643749998
-1.0,59.0,127.0,0.17045449999997686,175.227226,175.39768049999998
-1.0,59.0,127.0,0.11363633333334633,175.39768049999998,175.51131683333332
-1.0,-1.0,0.0,0.056818166666658954,175.51131683333332,175.56813499999998
-1.0,66.0,127.0,0.147727233333336,175.56813499999998,175.71586223333333
-1.0,-1.0,0.0,0.02982953750000661,175.71586223333333,175.74569177083333
-1.0,60.0,127.0,0.056818166666658954,175.74569177083333,175.8025099375
-1.0,60.0,127.0,0.17045450000000528,175.7385895,175.909044
-1.0,65.0,127.0,0.13257572222222316,175.909044,176.0416197222222
-1.0,-1.0,0.0,0.037878777777791584,176.0416197222222,176.0794985
-1.0,59.0,127.0,0.11718746874998942,176.0794985,176.19668596875
-1.0,-1.0,0.0,0.05326703124998744,176.19668596875,176.24995299999998
-1.0,60.0,127.0,0.07990054687502379,176.24995299999998,176.329853546875
-1.0,60.0,127.0,0.07279827604168077,176.25705527083332,176.329853546875
-1.0,70.0,127.0,0.17045450000000528,176.24995299999998,176.42040749999998
-1.0,61.0,127.0,0.06392043750000198,176.42040749999998,176.48432793749998
-1.0,61.0,127.0,0.056818166666658954,176.42750977083332,176.48432793749998
-1.0,54.0,127.0,0.17045450000000528,176.42040749999998,176.590862
-1.0,60.0,127.0,0.0745738437499881,176.590862,176.66543584374998
-1.0,60.0,127.0,0.056818166666658954,176.60861767708332,176.66543584374998
-1.0,60.0,127.0,0.17045450000000528,176.590862,176.7613165
-1.0,-1.0,0.0,0.012428973958321876,176.7613165,176.77374547395831
-1.0,60.0,127.0,0.056818166666687375,176.77374547395831,176.830563640625
-1.0,70.0,127.0,0.17045450000000528,176.7613165,176.931771
-1.0,60.0,127.0,0.06392043750000198,176.931771,176.9956914375
-1.0,60.0,127.0,0.056818166666687375,176.9388732708333,176.9956914375
-1.0,60.0,127.0,0.17045449999997686,176.931771,177.10222549999997
-1.0,60.0,127.0,0.06924714062500925,177.10222549999997,177.17147264062498
-1.0,60.0,127.0,0.056818166666658954,177.11465447395832,177.17147264062498
-1.0,60.0,127.0,0.17045450000000528,177.10222549999995,177.27267999999995
-1.0,-1.0,0.0,2.842170943040401e-14,177.27267999999995,177.27267999999998
-1.0,60.0,127.0,0.046164760416672834,177.27267999999998,177.31884476041665
-1.0,60.0,127.0,0.03906248958332981,177.27978227083332,177.31884476041665
-1.0,64.0,127.0,0.17045450000000528,177.27267999999995,177.44313449999996
-1.0,-1.0,0.0,2.842170943040401e-14,177.44313449999996,177.44313449999999
-1.0,63.0,127.0,0.11363633333333212,177.44313449999999,177.5567708333333
-1.0,-1.0,0.0,0.056818166666687375,177.5567708333333,177.613589
-1.0,60.0,127.0,0.06392043750000198,177.613589,177.6775094375
-1.0,60.0,127.0,0.056818166666658954,177.62069127083333,177.6775094375
-1.0,58.0,127.0,0.17045450000000528,177.613589,177.7840435
-1.0,-1.0,0.0,0.007102270833314606,177.7840435,177.7911457708333
-1.0,60.0,127.0,0.056818166666687375,177.7911457708333,177.8479639375
-1.0,61.0,127.0,0.17045450000000528,177.7840435,177.954498
-1.0,-1.0,0.0,0.007102270833314606,177.954498,177.96160027083332
-1.0,60.0,127.0,0.056818166666658954,177.96160027083332,178.01841843749997
-1.0,59.0,127.0,0.17045449999997686,177.95449799999997,178.12495249999995
-1.0,-1.0,0.0,2.842170943040401e-14,178.12495249999995,178.12495249999998
-1.0,59.0,127.0,0.11363633333334633,178.12495249999998,178.23858883333332
-1.0,-1.0,0.0,0.056818166666658954,178.23858883333332,178.29540699999998
-1.0,66.0,127.0,0.147727233333336,178.29540699999998,178.44313423333332
-1.0,-1.0,0.0,0.02982953750000661,178.44313423333332,178.47296377083333
-1.0,60.0,127.0,0.056818166666658954,178.47296377083333,178.5297819375
-1.0,60.0,127.0,0.17045450000000528,178.4658615,178.636316
-1.0,65.0,127.0,0.13257572222222316,178.636316,178.7688917222222
-1.0,-1.0,0.0,0.037878777777791584,178.7688917222222,178.8067705
-1.0,59.0,127.0,0.11718746874998942,178.8067705,178.92395796875
-1.0,-1.0,0.0,0.05326703124998744,178.92395796875,178.97722499999998
-1.0,60.0,127.0,0.07990054687502379,178.97722499999998,179.057125546875
-1.0,60.0,127.0,0.07279827604168077,178.98432727083332,179.057125546875
-1.0,70.0,127.0,0.17045450000000528,178.97722499999998,179.14767949999998
-1.0,61.0,127.0,0.06392043750000198,179.14767949999998,179.21159993749998
-1.0,61.0,127.0,0.056818166666658954,179.15478177083332,179.21159993749998
-1.0,54.0,127.0,0.17045450000000528,179.14767949999998,179.318134
-1.0,60.0,127.0,0.0745738437499881,179.318134,179.39270784374997
-1.0,60.0,127.0,0.056818166666658954,179.33588967708332,179.39270784374997
-1.0,60.0,127.0,0.17045450000000528,179.318134,179.4885885
-1.0,-1.0,0.0,0.012428973958321876,179.4885885,179.5010174739583
-1.0,60.0,127.0,0.056818166666687375,179.5010174739583,179.557835640625
-1.0,70.0,127.0,0.17045450000000528,179.4885885,179.659043
-1.0,60.0,127.0,0.06392043750000198,179.659043,179.7229634375
-1.0,60.0,127.0,0.056818166666687375,179.6661452708333,179.7229634375
-1.0,60.0,127.0,0.17045449999997686,179.659043,179.82949749999997
-1.0,60.0,127.0,0.06924714062500925,179.82949749999997,179.89874464062498
-1.0,60.0,127.0,0.056818166666658954,179.84192647395832,179.89874464062498
-1.0,60.0,127.0,0.17045450000000528,179.82949749999997,179.99995199999998
-1.0,60.0,127.0,0.046164760416672834,179.99995199999998,180.04611676041665
-1.0,60.0,127.0,0.03906248958332981,180.00705427083332,180.04611676041665
-1.0,64.0,127.0,0.17045450000000528,179.99995199999998,180.17040649999998
-1.0,63.0,127.0,0.11363633333333212,180.17040649999998,180.28404283333333
-1.0,-1.0,0.0,0.056818166666658954,180.28404283333333,180.340861
-1.0,60.0,127.0,0.06392043750000198,180.340861,180.4047814375
-1.0,60.0,127.0,0.056818166666658954,180.34796327083333,180.4047814375
-1.0,58.0,127.0,0.17045450000000528,180.340861,180.5113155
-1.0,-1.0,0.0,0.007102270833314606,180.5113155,180.5184177708333
-1.0,60.0,127.0,0.056818166666687375,180.5184177708333,180.5752359375
-1.0,61.0,127.0,0.17045450000000528,180.5113155,180.68177
-1.0,-1.0,0.0,0.007102270833314606,180.68177,180.68887227083331
-1.0,60.0,127.0,0.056818166666658954,180.68887227083331,180.74569043749997
-1.0,59.0,127.0,0.17045449999997686,180.68177,180.85222449999998
-1.0,59.0,127.0,0.11363633333334633,180.85222449999998,180.96586083333332
-1.0,-1.0,0.0,0.056818166666658954,180.96586083333332,181.02267899999998
-1.0,66.0,127.0,0.147727233333336,181.02267899999998,181.17040623333332
-1.0,-1.0,0.0,0.02982953750000661,181.17040623333332,181.20023577083333
-1.0,60.0,127.0,0.056818166666658954,181.20023577083333,181.2570539375
-1.0,60.0,127.0,0.17045450000000528,181.1931335,181.363588
-1.0,-1.0,0.0,2.842170943040401e-14,181.363588,181.36358800000002
-1.0,65.0,127.0,0.13257572222222316,181.36358800000002,181.49616372222224
-1.0,-1.0,0.0,0.03787877777776316,181.49616372222224,181.5340425
-1.0,59.0,127.0,0.11718746874998942,181.5340425,181.65122996875
-1.0,-1.0,0.0,0.05326703124998744,181.65122996875,181.70449699999998
-1.0,60.0,127.0,0.07990054687502379,181.70449699999998,181.784397546875
-1.0,60.0,127.0,0.07279827604168077,181.71159927083332,181.784397546875
-1.0,70.0,127.0,0.17045450000000528,181.70449699999998,181.87495149999998
-1.0,61.0,127.0,0.06392043750000198,181.87495149999998,181.93887193749998
-1.0,61.0,127.0,0.056818166666658954,181.88205377083332,181.93887193749998
-1.0,54.0,127.0,0.17045450000000528,181.87495149999998,182.04540599999999
-1.0,60.0,127.0,0.0745738437499881,182.04540599999999,182.11997984374997
-1.0,60.0,127.0,0.056818166666658954,182.06316167708331,182.11997984374997
-1.0,60.0,127.0,0.17045450000000528,182.04540599999999,182.2158605
-1.0,-1.0,0.0,0.012428973958321876,182.2158605,182.2282894739583
-1.0,60.0,127.0,0.056818166666687375,182.2282894739583,182.285107640625
-1.0,70.0,127.0,0.17045450000000528,182.2158605,182.386315
-1.0,60.0,127.0,0.06392043750000198,182.386315,182.4502354375
-1.0,60.0,127.0,0.056818166666687375,182.3934172708333,182.4502354375
-1.0,60.0,127.0,0.17045449999997686,182.386315,182.55676949999997
-1.0,60.0,127.0,0.06924714062500925,182.55676949999997,182.62601664062498
-1.0,60.0,127.0,0.056818166666658954,182.56919847395832,182.62601664062498
-1.0,60.0,127.0,0.17045450000000528,182.55676949999997,182.72722399999998
-1.0,60.0,127.0,0.046164760416672834,182.72722399999998,182.77338876041665
-1.0,60.0,127.0,0.03906248958332981,182.73432627083332,182.77338876041665
-1.0,64.0,127.0,0.17045450000000528,182.72722399999998,182.89767849999998
-1.0,63.0,127.0,0.11363633333333212,182.89767849999998,183.0113148333333
-1.0,-1.0,0.0,0.056818166666687375,183.0113148333333,183.068133
-1.0,60.0,127.0,0.06392043750000198,183.068133,183.1320534375
-1.0,60.0,127.0,0.056818166666658954,183.07523527083333,183.1320534375
-1.0,58.0,127.0,0.17045450000000528,183.068133,183.2385875
-1.0,-1.0,0.0,0.007102270833314606,183.2385875,183.2456897708333
-1.0,60.0,127.0,0.056818166666687375,183.2456897708333,183.3025079375
-1.0,61.0,127.0,0.17045450000000528,183.2385875,183.409042
-1.0,-1.0,0.0,0.007102270833314606,183.409042,183.4161442708333
-1.0,60.0,127.0,0.056818166666658954,183.4161442708333,183.47296243749997
-1.0,59.0,127.0,0.17045449999997686,183.409042,183.57949649999998
-1.0,59.0,127.0,0.11363633333334633,183.57949649999998,183.69313283333332
-1.0,-1.0,0.0,0.056818166666658954,183.69313283333332,183.74995099999998
-1.0,66.0,127.0,0.147727233333336,183.74995099999998,183.89767823333332
-1.0,-1.0,0.0,0.02982953750000661,183.89767823333332,183.92750777083333
-1.0,60.0,127.0,0.056818166666658954,183.92750777083333,183.9843259375
-1.0,60.0,127.0,0.17045450000000528,183.9204055,184.09086
-1.0,65.0,127.0,0.13257572222222316,184.09086,184.2234357222222
-1.0,-1.0,0.0,0.037878777777791584,184.2234357222222,184.2613145
-1.0,59.0,127.0,0.11718746874998942,184.2613145,184.37850196875
-1.0,-1.0,0.0,0.05326703124998744,184.37850196875,184.43176899999997
-1.0,60.0,127.0,0.07990054687502379,184.43176899999997,184.511669546875
-1.0,60.0,127.0,0.07279827604168077,184.43887127083332,184.511669546875
-1.0,70.0,127.0,0.17045450000000528,184.43176899999995,184.60222349999995
-1.0,-1.0,0.0,2.842170943040401e-14,184.60222349999995,184.60222349999998
-1.0,61.0,127.0,0.06392043750000198,184.60222349999998,184.66614393749998
-1.0,61.0,127.0,0.056818166666658954,184.60932577083332,184.66614393749998
-1.0,54.0,127.0,0.17045450000000528,184.60222349999998,184.77267799999998
-1.0,60.0,127.0,0.0745738437499881,184.77267799999998,184.84725184374997
-1.0,60.0,127.0,0.056818166666658954,184.7904336770833,184.84725184374997
-1.0,60.0,127.0,0.17045450000000528,184.77267799999998,184.9431325
-1.0,-1.0,0.0,0.012428973958321876,184.9431325,184.9555614739583
-1.0,60.0,127.0,0.056818166666687375,184.9555614739583,185.012379640625
-1.0,70.0,127.0,0.17045450000000528,184.94313249999996,185.11358699999997
-1.0,-1.0,0.0,2.842170943040401e-14,185.11358699999997,185.113587
-1.0,60.0,127.0,0.06392043750000198,185.113587,185.1775074375
-1.0,60.0,127.0,0.056818166666687375,185.1206892708333,185.1775074375
-1.0,60.0,127.0,0.17045450000000528,185.11358699999997,185.28404149999997
-1.0,-1.0,0.0,2.842170943040401e-14,185.28404149999997,185.2840415
-1.0,60.0,127.0,0.06924714062498083,185.2840415,185.35328864062498
-1.0,60.0,127.0,0.056818166666658954,185.29647047395832,185.35328864062498
-1.0,60.0,127.0,0.17045449999997686,185.28404149999997,185.45449599999995
-1.0,-1.0,0.0,2.842170943040401e-14,185.45449599999995,185.45449599999998
-1.0,60.0,127.0,0.046164760416672834,185.45449599999998,185.50066076041665
-1.0,60.0,127.0,0.03906248958332981,185.46159827083332,185.50066076041665
-1.0,64.0,127.0,0.17045450000000528,185.45449599999998,185.62495049999998
-1.0,63.0,127.0,0.11363633333333212,185.62495049999998,185.73858683333333
-1.0,-1.0,0.0,0.056818166666658954,185.73858683333333,185.795405
-1.0,60.0,127.0,0.06392043750000198,185.795405,185.8593254375
-1.0,60.0,127.0,0.056818166666658954,185.80250727083333,185.8593254375
-1.0,58.0,127.0,0.17045450000000528,185.795405,185.9658595
-1.0,-1.0,0.0,0.007102270833314606,185.9658595,185.9729617708333
-1.0,60.0,127.0,0.056818166666687375,185.9729617708333,186.0297799375
-1.0,61.0,127.0,0.17045450000000528,185.9658595,186.136314
-1.0,-1.0,0.0,0.007102270833314606,186.136314,186.1434162708333
-1.0,60.0,127.0,0.056818166666687375,186.1434162708333,186.2002344375
-1.0,59.0,127.0,0.17045449999997686,186.136314,186.30676849999998
-1.0,59.0,127.0,0.11363633333334633,186.30676849999998,186.42040483333332
-1.0,-1.0,0.0,0.056818166666658954,186.42040483333332,186.47722299999998
-1.0,66.0,127.0,0.147727233333336,186.47722299999998,186.62495023333332
-1.0,-1.0,0.0,0.02982953750000661,186.62495023333332,186.65477977083333
-1.0,60.0,127.0,0.056818166666658954,186.65477977083333,186.7115979375
-1.0,60.0,127.0,0.17045450000000528,186.6476775,186.818132
-1.0,65.0,127.0,0.13257572222222316,186.818132,186.9507077222222
-1.0,-1.0,0.0,0.037878777777791584,186.9507077222222,186.9885865
-1.0,59.0,127.0,0.11718746874998942,186.9885865,187.10577396875
-1.0,-1.0,0.0,0.05326703124998744,187.10577396875,187.15904099999997
-1.0,60.0,127.0,0.07990054687502379,187.15904099999997,187.238941546875
-1.0,60.0,127.0,0.07279827604168077,187.16614327083332,187.238941546875
-1.0,70.0,127.0,0.17045450000000528,187.15904099999997,187.32949549999998
-1.0,61.0,127.0,0.06392043750000198,187.32949549999998,187.39341593749998
-1.0,61.0,127.0,0.056818166666658954,187.33659777083332,187.39341593749998
-1.0,54.0,127.0,0.17045450000000528,187.32949549999998,187.49994999999998
-1.0,60.0,127.0,0.07457384375001652,187.49994999999998,187.57452384375
-1.0,60.0,127.0,0.056818166666687375,187.5177056770833,187.57452384375
-1.0,60.0,127.0,0.17045450000000528,187.49994999999998,187.6704045
-1.0,-1.0,0.0,0.012428973958321876,187.6704045,187.6828334739583
-1.0,60.0,127.0,0.056818166666687375,187.6828334739583,187.739651640625
-1.0,70.0,127.0,0.17045450000000528,187.6704045,187.840859
-1.0,60.0,127.0,0.06392043750000198,187.840859,187.9047794375
-1.0,60.0,127.0,0.056818166666687375,187.8479612708333,187.9047794375
-1.0,60.0,127.0,0.17045450000000528,187.840859,188.0113135
-1.0,60.0,127.0,0.06924714062498083,188.0113135,188.08056064062498
-1.0,60.0,127.0,0.056818166666658954,188.02374247395832,188.08056064062498
-1.0,60.0,127.0,0.17045449999997686,188.0113135,188.18176799999998
-1.0,60.0,127.0,0.046164760416672834,188.18176799999998,188.22793276041665
-1.0,60.0,127.0,0.03906248958332981,188.18887027083332,188.22793276041665
-1.0,64.0,127.0,0.17045450000000528,188.181768,188.3522225
-1.0,63.0,127.0,0.11363633333333212,188.35222249999998,188.4658588333333
-1.0,-1.0,0.0,0.056818166666687375,188.4658588333333,188.522677
-1.0,60.0,127.0,0.06392043750000198,188.522677,188.5865974375
-1.0,60.0,127.0,0.056818166666658954,188.52977927083333,188.5865974375
-1.0,58.0,127.0,0.17045450000000528,188.522677,188.6931315
-1.0,-1.0,0.0,0.007102270833314606,188.6931315,188.7002337708333
-1.0,60.0,127.0,0.056818166666687375,188.7002337708333,188.7570519375
-1.0,61.0,127.0,0.17045450000000528,188.6931315,188.863586
-1.0,-1.0,0.0,0.007102270833314606,188.863586,188.8706882708333
-1.0,60.0,127.0,0.056818166666687375,188.8706882708333,188.9275064375
-1.0,59.0,127.0,0.17045449999997686,188.86358600000003,189.0340405
-1.0,59.0,127.0,0.11363633333334633,189.03404049999997,189.14767683333332
-1.0,-1.0,0.0,0.056818166666658954,189.14767683333332,189.20449499999998
-1.0,66.0,127.0,0.1477272333333417,189.20449499999998,189.35222223333332
-1.0,-1.0,0.0,0.02982953750000661,189.35222223333332,189.38205177083333
-1.0,60.0,127.0,0.056818166666658954,189.38205177083333,189.4388699375
-1.0,60.0,127.0,0.17045450000000528,189.37494949999999,189.545404
-1.0,65.0,127.0,0.13257572222222316,189.545404,189.6779797222222
-1.0,-1.0,0.0,0.037878777777791584,189.6779797222222,189.7158585
-1.0,59.0,127.0,0.11718746874998942,189.7158585,189.83304596874999
-1.0,-1.0,0.0,0.05326703124998744,189.83304596874999,189.88631299999997
-1.0,60.0,127.0,0.07990054687502379,189.88631299999997,189.966213546875
-1.0,60.0,127.0,0.07279827604168077,189.89341527083332,189.966213546875
-1.0,70.0,127.0,0.17045450000000528,189.88631299999997,190.05676749999998
-1.0,61.0,127.0,0.06392043750000198,190.05676749999998,190.12068793749998
-1.0,61.0,127.0,0.056818166666658954,190.06386977083332,190.12068793749998
-1.0,54.0,127.0,0.17045450000000528,190.05676749999998,190.22722199999998
-1.0,60.0,127.0,0.07457384375001652,190.22722199999998,190.30179584375
-1.0,60.0,127.0,0.056818166666687375,190.2449776770833,190.30179584375
-1.0,60.0,127.0,0.17045450000000528,190.22722199999998,190.3976765
-1.0,-1.0,0.0,0.012428973958321876,190.3976765,190.4101054739583
-1.0,60.0,127.0,0.056818166666687375,190.4101054739583,190.466923640625
-1.0,70.0,127.0,0.17045450000000528,190.3976765,190.568131
-1.0,60.0,127.0,0.06392043750000198,190.568131,190.6320514375
-1.0,60.0,127.0,0.056818166666687375,190.5752332708333,190.6320514375
-1.0,60.0,127.0,0.17045450000000528,190.568131,190.7385855
-1.0,60.0,127.0,0.06924714062498083,190.7385855,190.80783264062498
-1.0,60.0,127.0,0.056818166666658954,190.75101447395832,190.80783264062498
-1.0,60.0,127.0,0.17045449999997686,190.7385855,190.90903999999998
-1.0,60.0,127.0,0.046164760416672834,190.90903999999998,190.95520476041665
-1.0,60.0,127.0,0.03906248958332981,190.91614227083332,190.95520476041665
-1.0,64.0,127.0,0.17045450000000528,190.90903999999998,191.07949449999998
-1.0,63.0,127.0,0.11363633333333212,191.07949449999998,191.19313083333333
-1.0,-1.0,0.0,0.056818166666658954,191.19313083333333,191.249949
-1.0,60.0,127.0,0.06392043750000198,191.249949,191.3138694375
-1.0,60.0,127.0,0.056818166666658954,191.25705127083333,191.3138694375
-1.0,58.0,127.0,0.17045450000000528,191.249949,191.4204035
-1.0,-1.0,0.0,0.007102270833314606,191.4204035,191.4275057708333
-1.0,60.0,127.0,0.056818166666687375,191.4275057708333,191.4843239375
-1.0,61.0,127.0,0.17045450000000528,191.4204035,191.590858
-1.0,-1.0,0.0,0.007102270833314606,191.590858,191.5979602708333
-1.0,60.0,127.0,0.056818166666687375,191.5979602708333,191.6547784375
-1.0,59.0,127.0,0.17045449999997686,191.590858,191.76131249999997
-1.0,59.0,127.0,0.11363633333334633,191.76131249999997,191.87494883333332
-1.0,-1.0,0.0,0.056818166666658954,191.87494883333332,191.93176699999998
-1.0,66.0,127.0,0.1477272333333417,191.93176699999998,192.07949423333332
-1.0,-1.0,0.0,0.02982953750000661,192.07949423333332,192.10932377083333
-1.0,60.0,127.0,0.056818166666658954,192.10932377083333,192.1661419375
-1.0,60.0,127.0,0.17045450000000528,192.10222149999998,192.272676
-1.0,65.0,127.0,0.13257572222222316,192.27267599999996,192.40525172222218
-1.0,-1.0,0.0,0.037878777777820005,192.40525172222218,192.4431305
-1.0,59.0,127.0,0.11718746875000363,192.4431305,192.56031796874998
-1.0,-1.0,0.0,0.05326703125001586,192.56031796874998,192.613585
-1.0,60.0,127.0,0.07990054687499537,192.613585,192.693485546875
-1.0,60.0,127.0,0.07279827604168077,192.62068727083332,192.693485546875
-1.0,70.0,127.0,0.17045449999997686,192.61358499999997,192.78403949999995
-1.0,-1.0,0.0,2.842170943040401e-14,192.78403949999995,192.78403949999998
-1.0,61.0,127.0,0.06392043750000198,192.78403949999998,192.84795993749998
-1.0,61.0,127.0,0.056818166666658954,192.79114177083332,192.84795993749998
-1.0,54.0,127.0,0.17045450000000528,192.78403949999998,192.95449399999998
-1.0,60.0,127.0,0.07457384375001652,192.95449399999998,193.02906784375
-1.0,60.0,127.0,0.056818166666687375,192.9722496770833,193.02906784375
-1.0,60.0,127.0,0.17045450000000528,192.95449399999998,193.1249485
-1.0,-1.0,0.0,0.012428973958321876,193.1249485,193.1373774739583
-1.0,60.0,127.0,0.056818166666687375,193.1373774739583,193.194195640625
-1.0,70.0,127.0,0.17045450000000528,193.1249485,193.295403
-1.0,60.0,127.0,0.06392043750000198,193.295403,193.3593234375
-1.0,60.0,127.0,0.056818166666687375,193.3025052708333,193.3593234375
-1.0,60.0,127.0,0.17045450000000528,193.295403,193.4658575
-1.0,60.0,127.0,0.06924714062498083,193.4658575,193.53510464062498
-1.0,60.0,127.0,0.056818166666658954,193.47828647395832,193.53510464062498
-1.0,60.0,127.0,0.17045449999997686,193.4658575,193.63631199999998
-1.0,60.0,127.0,0.046164760416672834,193.63631199999998,193.68247676041665
-1.0,60.0,127.0,0.03906248958332981,193.64341427083332,193.68247676041665
-1.0,64.0,127.0,0.17045450000000528,193.63631199999998,193.80676649999998
-1.0,63.0,127.0,0.11363633333333212,193.80676649999998,193.9204028333333
-1.0,-1.0,0.0,0.056818166666687375,193.9204028333333,193.977221
-1.0,60.0,127.0,0.06392043750000198,193.977221,194.0411414375
-1.0,60.0,127.0,0.056818166666658954,193.98432327083333,194.0411414375
-1.0,58.0,127.0,0.17045450000000528,193.977221,194.1476755
-1.0,-1.0,0.0,0.007102270833314606,194.1476755,194.1547777708333
-1.0,60.0,127.0,0.056818166666687375,194.1547777708333,194.2115959375
-1.0,61.0,127.0,0.17045450000000528,194.1476755,194.31813
-1.0,-1.0,0.0,0.007102270833314606,194.31813,194.3252322708333
-1.0,60.0,127.0,0.056818166666687375,194.3252322708333,194.3820504375
-1.0,59.0,127.0,0.17045449999997686,194.31813,194.48858449999997
-1.0,59.0,127.0,0.11363633333334633,194.48858449999997,194.60222083333332
-1.0,-1.0,0.0,0.056818166666658954,194.60222083333332,194.65903899999998
-1.0,66.0,127.0,0.1477272333333417,194.65903899999998,194.80676623333332
-1.0,-1.0,0.0,0.02982953750000661,194.80676623333332,194.83659577083333
-1.0,60.0,127.0,0.056818166666658954,194.83659577083333,194.8934139375
-1.0,60.0,127.0,0.17045450000000528,194.82949349999998,194.999948
-1.0,65.0,127.0,0.13257572222222316,194.999948,195.1325237222222
-1.0,-1.0,0.0,0.037878777777791584,195.1325237222222,195.1704025
-1.0,59.0,127.0,0.11718746875000363,195.1704025,195.28758996875
-1.0,-1.0,0.0,0.05326703124998744,195.28758996875,195.340857
-1.0,60.0,127.0,0.07990054687499537,195.340857,195.420757546875
-1.0,60.0,127.0,0.07279827604168077,195.34795927083331,195.420757546875
-1.0,70.0,127.0,0.17045449999997686,195.340857,195.51131149999998
-1.0,61.0,127.0,0.06392043750000198,195.51131149999998,195.57523193749998
-1.0,61.0,127.0,0.056818166666658954,195.51841377083332,195.57523193749998
-1.0,54.0,127.0,0.17045450000000528,195.51131149999998,195.68176599999998
-1.0,60.0,127.0,0.07457384375001652,195.68176599999998,195.75633984375
-1.0,60.0,127.0,0.056818166666687375,195.6995216770833,195.75633984375
-1.0,60.0,127.0,0.17045450000000528,195.68176599999998,195.8522205
-1.0,-1.0,0.0,0.012428973958321876,195.8522205,195.8646494739583
-1.0,60.0,127.0,0.056818166666687375,195.8646494739583,195.921467640625
-1.0,70.0,127.0,0.17045450000000528,195.85222050000002,196.02267500000002
-1.0,60.0,127.0,0.06392043750000198,196.022675,196.0865954375
-1.0,60.0,127.0,0.056818166666687375,196.0297772708333,196.0865954375
-1.0,60.0,127.0,0.17045450000000528,196.02267500000002,196.19312950000003
-1.0,60.0,127.0,0.06924714062498083,196.1931295,196.26237664062498
-1.0,60.0,127.0,0.056818166666658954,196.20555847395832,196.26237664062498
-1.0,60.0,127.0,0.17045449999997686,196.19312950000003,196.363584
-1.0,60.0,127.0,0.046164760416672834,196.36358399999997,196.40974876041665
-1.0,60.0,127.0,0.03906248958332981,196.37068627083332,196.40974876041665
-1.0,64.0,127.0,0.17045450000000528,196.36358399999997,196.53403849999998
-1.0,63.0,127.0,0.11363633333333212,196.53403849999998,196.64767483333333
-1.0,-1.0,0.0,0.056818166666658954,196.64767483333333,196.70449299999999
-1.0,60.0,127.0,0.06392043750000198,196.70449299999999,196.7684134375
-1.0,60.0,127.0,0.056818166666658954,196.71159527083333,196.7684134375
-1.0,58.0,127.0,0.17045450000000528,196.70449299999999,196.8749475
-1.0,-1.0,0.0,0.007102270833343027,196.8749475,196.88204977083333
-1.0,60.0,127.0,0.056818166666658954,196.88204977083333,196.9388679375
-1.0,61.0,127.0,0.17045450000000528,196.8749475,197.045402
-1.0,-1.0,0.0,0.007102270833314606,197.045402,197.0525042708333
-1.0,60.0,127.0,0.056818166666687375,197.0525042708333,197.1093224375
-1.0,59.0,127.0,0.17045449999997686,197.045402,197.21585649999997
-1.0,59.0,127.0,0.11363633333334633,197.21585649999997,197.32949283333332
-1.0,-1.0,0.0,0.056818166666658954,197.32949283333332,197.38631099999998
-1.0,66.0,127.0,0.1477272333333417,197.38631099999998,197.53403823333332
-1.0,-1.0,0.0,0.02982953750000661,197.53403823333332,197.56386777083333
-1.0,60.0,127.0,0.056818166666658954,197.56386777083333,197.62068593749999
-1.0,60.0,127.0,0.17045450000000528,197.55676549999998,197.72722
-1.0,65.0,127.0,0.13257572222222316,197.72722,197.8597957222222
-1.0,-1.0,0.0,0.037878777777791584,197.8597957222222,197.8976745
-1.0,59.0,127.0,0.11718746875000363,197.8976745,198.01486196874998
-1.0,-1.0,0.0,0.05326703125001586,198.01486196874998,198.068129
-1.0,60.0,127.0,0.07990054687499537,198.068129,198.148029546875
-1.0,60.0,127.0,0.07279827604168077,198.0752312708333,198.148029546875
-1.0,70.0,127.0,0.17045449999997686,198.068129,198.23858349999998
-1.0,61.0,127.0,0.06392043750000198,198.23858349999998,198.30250393749998
-1.0,61.0,127.0,0.056818166666658954,198.24568577083332,198.30250393749998
-1.0,54.0,127.0,0.17045450000000528,198.23858349999998,198.40903799999998
-1.0,60.0,127.0,0.07457384375001652,198.40903799999998,198.48361184375
-1.0,60.0,127.0,0.056818166666687375,198.4267936770833,198.48361184375
-1.0,60.0,127.0,0.17045450000000528,198.40903799999998,198.5794925
-1.0,-1.0,0.0,0.012428973958321876,198.5794925,198.5919214739583
-1.0,60.0,127.0,0.056818166666687375,198.5919214739583,198.648739640625
-1.0,70.0,127.0,0.17045450000000528,198.5794925,198.749947
-1.0,60.0,127.0,0.06392043750000198,198.749947,198.8138674375
-1.0,60.0,127.0,0.056818166666687375,198.7570492708333,198.8138674375
-1.0,60.0,127.0,0.17045450000000528,198.749947,198.9204015
-1.0,60.0,127.0,0.06924714062498083,198.9204015,198.98964864062498
-1.0,60.0,127.0,0.056818166666658954,198.93283047395832,198.98964864062498
-1.0,60.0,127.0,0.17045449999997686,198.9204015,199.09085599999997
-1.0,60.0,127.0,0.046164760416672834,199.09085599999997,199.13702076041665
-1.0,60.0,127.0,0.03906248958332981,199.09795827083332,199.13702076041665
-1.0,64.0,127.0,0.17045450000000528,199.09085599999995,199.26131049999995
-1.0,-1.0,0.0,2.842170943040401e-14,199.26131049999995,199.26131049999998
-1.0,63.0,127.0,0.11363633333334633,199.26131049999998,199.37494683333333
-1.0,-1.0,0.0,0.056818166666658954,199.37494683333333,199.43176499999998
-1.0,60.0,127.0,0.06392043750000198,199.43176499999998,199.4956854375
-1.0,60.0,127.0,0.056818166666658954,199.43886727083333,199.4956854375
-1.0,58.0,127.0,0.17045450000000528,199.43176499999998,199.6022195
-1.0,-1.0,0.0,0.007102270833343027,199.6022195,199.60932177083333
-1.0,60.0,127.0,0.056818166666658954,199.60932177083333,199.6661399375
-1.0,61.0,127.0,0.17045450000000528,199.6022195,199.772674
-1.0,-1.0,0.0,0.007102270833314606,199.772674,199.7797762708333
-1.0,60.0,127.0,0.056818166666687375,199.7797762708333,199.8365944375
-1.0,59.0,127.0,0.17045449999997686,199.77267399999997,199.94312849999994
-1.0,-1.0,0.0,2.842170943040401e-14,199.94312849999994,199.94312849999997
-1.0,59.0,127.0,0.11363633333334633,199.94312849999997,200.05676483333332
-1.0,-1.0,0.0,0.056818166666658954,200.05676483333332,200.11358299999998
-1.0,66.0,127.0,0.1477272333333417,200.11358299999998,200.26131023333332
-1.0,-1.0,0.0,0.02982953750000661,200.26131023333332,200.29113977083333
-1.0,60.0,127.0,0.056818166666658954,200.29113977083333,200.34795793749998
-1.0,60.0,127.0,0.17045450000000528,200.28403749999998,200.454492
-1.0,65.0,127.0,0.13257572222222316,200.454492,200.5870677222222
-1.0,-1.0,0.0,0.037878777777791584,200.5870677222222,200.6249465
-1.0,59.0,127.0,0.11718746875000363,200.6249465,200.74213396875
-1.0,-1.0,0.0,0.05326703124998744,200.74213396875,200.795401
-1.0,60.0,127.0,0.07990054687499537,200.795401,200.875301546875
-1.0,60.0,127.0,0.07279827604168077,200.8025032708333,200.875301546875
-1.0,70.0,127.0,0.17045449999997686,200.795401,200.96585549999998
-1.0,61.0,127.0,0.06392043750000198,200.96585549999998,201.02977593749998
-1.0,61.0,127.0,0.056818166666658954,200.97295777083332,201.02977593749998
-1.0,54.0,127.0,0.17045450000000528,200.96585549999998,201.13630999999998
-1.0,60.0,127.0,0.07457384375001652,201.13630999999998,201.21088384375
-1.0,60.0,127.0,0.056818166666687375,201.1540656770833,201.21088384375
-1.0,60.0,127.0,0.17045450000000528,201.13630999999998,201.30676449999999
-1.0,-1.0,0.0,0.012428973958321876,201.30676449999999,201.3191934739583
-1.0,60.0,127.0,0.056818166666687375,201.3191934739583,201.376011640625
-1.0,70.0,127.0,0.17045450000000528,201.30676449999999,201.477219
-1.0,60.0,127.0,0.06392043750000198,201.477219,201.5411394375
-1.0,60.0,127.0,0.056818166666687375,201.4843212708333,201.5411394375
-1.0,60.0,127.0,0.17045450000000528,201.477219,201.6476735
-1.0,60.0,127.0,0.06924714062498083,201.6476735,201.71692064062498
-1.0,60.0,127.0,0.056818166666658954,201.66010247395832,201.71692064062498
-1.0,60.0,127.0,0.17045449999997686,201.6476735,201.81812799999997
-1.0,60.0,127.0,0.046164760416672834,201.81812799999997,201.86429276041665
-1.0,60.0,127.0,0.03906248958332981,201.82523027083332,201.86429276041665
-1.0,64.0,127.0,0.17045450000000528,201.81812799999997,201.98858249999998
-1.0,63.0,127.0,0.11363633333334633,201.98858249999998,202.10221883333332
-1.0,-1.0,0.0,0.056818166666658954,202.10221883333332,202.15903699999998
-1.0,60.0,127.0,0.06392043750000198,202.15903699999998,202.22295743749999
-1.0,60.0,127.0,0.056818166666658954,202.16613927083333,202.22295743749999
-1.0,58.0,127.0,0.17045450000000528,202.15903699999998,202.3294915
-1.0,-1.0,0.0,0.007102270833343027,202.3294915,202.33659377083333
-1.0,60.0,127.0,0.056818166666658954,202.33659377083333,202.3934119375
-1.0,61.0,127.0,0.17045450000000528,202.3294915,202.499946
-1.0,-1.0,0.0,0.007102270833314606,202.499946,202.5070482708333
-1.0,60.0,127.0,0.056818166666687375,202.5070482708333,202.5638664375
-1.0,59.0,127.0,0.17045450000000528,202.499946,202.6704005
-1.0,59.0,127.0,0.11363633333331791,202.6704005,202.78403683333332
-1.0,-1.0,0.0,0.056818166666658954,202.78403683333332,202.84085499999998
-1.0,66.0,127.0,0.1477272333333417,202.84085499999998,202.98858223333332
-1.0,-1.0,0.0,0.02982953750000661,202.98858223333332,203.01841177083332
-1.0,60.0,127.0,0.056818166666658954,203.01841177083332,203.07522993749998
-1.0,60.0,127.0,0.17045450000000528,203.01130949999998,203.181764
-1.0,-1.0,0.0,2.842170943040401e-14,203.181764,203.18176400000002
-1.0,65.0,127.0,0.13257572222222316,203.18176400000002,203.31433972222223
-1.0,-1.0,0.0,0.03787877777776316,203.31433972222223,203.3522185
-1.0,59.0,127.0,0.11718746875000363,203.3522185,203.46940596874998
-1.0,-1.0,0.0,0.05326703125001586,203.46940596874998,203.522673
-1.0,60.0,127.0,0.07990054687499537,203.522673,203.602573546875
-1.0,60.0,127.0,0.07279827604168077,203.5297752708333,203.602573546875
-1.0,70.0,127.0,0.17045449999997686,203.52267300000003,203.6931275
-1.0,61.0,127.0,0.06392043750000198,203.69312749999997,203.75704793749998
-1.0,61.0,127.0,0.056818166666658954,203.70022977083332,203.75704793749998
-1.0,54.0,127.0,0.17045450000000528,203.69312749999997,203.86358199999998
-1.0,60.0,127.0,0.07457384375001652,203.86358199999998,203.93815584375
-1.0,60.0,127.0,0.056818166666687375,203.8813376770833,203.93815584375
-1.0,60.0,127.0,0.17045450000000528,203.86358199999998,204.03403649999998
-1.0,-1.0,0.0,0.012428973958321876,204.03403649999998,204.0464654739583
-1.0,60.0,127.0,0.056818166666687375,204.0464654739583,204.103283640625
-1.0,70.0,127.0,0.17045450000000528,204.03403649999998,204.204491
-1.0,60.0,127.0,0.06392043750000198,204.204491,204.2684114375
-1.0,60.0,127.0,0.056818166666687375,204.2115932708333,204.2684114375
-1.0,60.0,127.0,0.17045450000000528,204.204491,204.3749455
-1.0,60.0,127.0,0.06924714062498083,204.3749455,204.44419264062498
-1.0,60.0,127.0,0.056818166666658954,204.38737447395832,204.44419264062498
-1.0,60.0,127.0,0.17045449999997686,204.3749455,204.54539999999997
-1.0,60.0,127.0,0.046164760416672834,204.54539999999997,204.59156476041665
-1.0,60.0,127.0,0.03906248958332981,204.55250227083332,204.59156476041665
-1.0,64.0,127.0,0.17045450000000528,204.54539999999997,204.71585449999998
-1.0,63.0,127.0,0.11363633333334633,204.71585449999998,204.82949083333332
-1.0,-1.0,0.0,0.056818166666658954,204.82949083333332,204.88630899999998
-1.0,60.0,127.0,0.06392043750000198,204.88630899999998,204.95022943749998
-1.0,60.0,127.0,0.056818166666658954,204.89341127083333,204.95022943749998
-1.0,58.0,127.0,0.17045450000000528,204.88630899999998,205.0567635
-1.0,-1.0,0.0,0.007102270833343027,205.0567635,205.06386577083333
-1.0,60.0,127.0,0.056818166666658954,205.06386577083333,205.1206839375
-1.0,61.0,127.0,0.17045450000000528,205.0567635,205.227218
-1.0,-1.0,0.0,0.007102270833314606,205.227218,205.2343202708333
-1.0,60.0,127.0,0.056818166666687375,205.2343202708333,205.2911384375
-1.0,59.0,127.0,0.17045450000000528,205.227218,205.3976725
-1.0,59.0,127.0,0.11363633333331791,205.3976725,205.51130883333332
-1.0,-1.0,0.0,0.05681816666663053,205.51130883333332,205.56812699999995
-1.0,66.0,127.0,0.1477272333333417,205.56812699999995,205.7158542333333
-1.0,-1.0,0.0,0.02982953750003503,205.7158542333333,205.74568377083332
-1.0,60.0,127.0,0.056818166666658954,205.74568377083332,205.80250193749998
-1.0,60.0,127.0,0.17045450000000528,205.73858149999998,205.909036
-1.0,65.0,127.0,0.13257572222222316,205.909036,206.0416117222222
-1.0,-1.0,0.0,0.037878777777791584,206.0416117222222,206.0794905
-1.0,59.0,127.0,0.11718746875000363,206.0794905,206.19667796875
-1.0,-1.0,0.0,0.05326703124998744,206.19667796875,206.249945
-1.0,60.0,127.0,0.07990054687499537,206.249945,206.329845546875
-1.0,60.0,127.0,0.07279827604168077,206.2570472708333,206.329845546875
-1.0,70.0,127.0,0.17045449999997686,206.249945,206.42039949999997
-1.0,61.0,127.0,0.06392043750000198,206.42039949999997,206.48431993749998
-1.0,61.0,127.0,0.056818166666658954,206.42750177083332,206.48431993749998
-1.0,54.0,127.0,0.17045450000000528,206.42039949999997,206.59085399999998
-1.0,60.0,127.0,0.07457384375001652,206.59085399999998,206.66542784375
-1.0,60.0,127.0,0.056818166666687375,206.6086096770833,206.66542784375
-1.0,60.0,127.0,0.17045450000000528,206.59085399999998,206.76130849999998
-1.0,-1.0,0.0,0.012428973958321876,206.76130849999998,206.7737374739583
-1.0,60.0,127.0,0.056818166666687375,206.7737374739583,206.830555640625
-1.0,70.0,127.0,0.17045450000000528,206.76130849999996,206.93176299999996
-1.0,-1.0,0.0,2.842170943040401e-14,206.93176299999996,206.931763
-1.0,60.0,127.0,0.06392043750000198,206.931763,206.9956834375
-1.0,60.0,127.0,0.056818166666658954,206.93886527083333,206.9956834375
-1.0,60.0,127.0,0.17045450000000528,206.93176299999996,207.10221749999997
-1.0,-1.0,0.0,2.842170943040401e-14,207.10221749999997,207.1022175
-1.0,60.0,127.0,0.06924714062498083,207.1022175,207.17146464062498
-1.0,60.0,127.0,0.056818166666658954,207.11464647395832,207.17146464062498
-1.0,60.0,127.0,0.17045449999997686,207.10221749999997,207.27267199999994
-1.0,-1.0,0.0,2.842170943040401e-14,207.27267199999994,207.27267199999997
-1.0,60.0,127.0,0.046164760416672834,207.27267199999997,207.31883676041664
-1.0,60.0,127.0,0.03906248958332981,207.27977427083331,207.31883676041664
-1.0,64.0,127.0,0.17045450000000528,207.27267199999997,207.44312649999998
-1.0,63.0,127.0,0.11363633333334633,207.44312649999998,207.55676283333332
-1.0,-1.0,0.0,0.056818166666658954,207.55676283333332,207.61358099999998
-1.0,60.0,127.0,0.06392043750000198,207.61358099999998,207.67750143749998
-1.0,60.0,127.0,0.056818166666658954,207.62068327083333,207.67750143749998
-1.0,58.0,127.0,0.17045450000000528,207.61358099999998,207.7840355
-1.0,-1.0,0.0,0.007102270833343027,207.7840355,207.79113777083333
-1.0,60.0,127.0,0.056818166666658954,207.79113777083333,207.8479559375
-1.0,61.0,127.0,0.17045450000000528,207.7840355,207.95449
-1.0,-1.0,0.0,0.007102270833314606,207.95449,207.9615922708333
-1.0,60.0,127.0,0.056818166666687375,207.9615922708333,208.0184104375
-1.0,59.0,127.0,0.17045450000000528,207.95449,208.1249445
-1.0,59.0,127.0,0.11363633333331791,208.1249445,208.23858083333332
-1.0,-1.0,0.0,0.056818166666687375,208.23858083333332,208.295399
-1.0,66.0,127.0,0.1477272333333417,208.295399,208.44312623333334
-1.0,-1.0,0.0,0.029829537499978187,208.44312623333334,208.47295577083332
-1.0,60.0,127.0,0.056818166666658954,208.47295577083332,208.52977393749998
-1.0,60.0,127.0,0.17045450000000528,208.46585349999998,208.63630799999999
-1.0,65.0,127.0,0.13257572222222316,208.63630799999999,208.7688837222222
-1.0,-1.0,0.0,0.037878777777791584,208.7688837222222,208.8067625
-1.0,59.0,127.0,0.11718746875000363,208.8067625,208.92394996874998
-1.0,-1.0,0.0,0.05326703125001586,208.92394996874998,208.977217
-1.0,60.0,127.0,0.07990054687499537,208.977217,209.057117546875
-1.0,60.0,127.0,0.07279827604168077,208.9843192708333,209.057117546875
-1.0,70.0,127.0,0.17045449999997686,208.977217,209.14767149999997
-1.0,61.0,127.0,0.06392043750000198,209.14767149999997,209.21159193749997
-1.0,61.0,127.0,0.056818166666658954,209.15477377083332,209.21159193749997
-1.0,54.0,127.0,0.17045450000000528,209.14767149999997,209.31812599999998
-1.0,60.0,127.0,0.07457384375001652,209.31812599999998,209.39269984375
-1.0,60.0,127.0,0.056818166666687375,209.3358816770833,209.39269984375
-1.0,60.0,127.0,0.17045450000000528,209.31812599999998,209.48858049999998
-1.0,-1.0,0.0,0.012428973958321876,209.48858049999998,209.5010094739583
-1.0,60.0,127.0,0.056818166666687375,209.5010094739583,209.557827640625
-1.0,70.0,127.0,0.17045450000000528,209.48858049999998,209.659035
-1.0,60.0,127.0,0.06392043750000198,209.659035,209.7229554375
-1.0,60.0,127.0,0.056818166666658954,209.66613727083333,209.7229554375
-1.0,60.0,127.0,0.17045450000000528,209.659035,209.8294895
-1.0,60.0,127.0,0.06924714062498083,209.8294895,209.89873664062497
-1.0,60.0,127.0,0.056818166666658954,209.84191847395832,209.89873664062497
-1.0,60.0,127.0,0.17045450000000528,209.8294895,209.999944
-1.0,60.0,127.0,0.04616476041664441,209.999944,210.04610876041664
-1.0,60.0,127.0,0.03906248958332981,210.0070462708333,210.04610876041664
-1.0,64.0,127.0,0.17045449999997686,209.999944,210.17039849999998
-1.0,63.0,127.0,0.11363633333334633,210.17039849999998,210.28403483333332
-1.0,-1.0,0.0,0.056818166666658954,210.28403483333332,210.34085299999998
-1.0,60.0,127.0,0.06392043750000198,210.34085299999998,210.40477343749998
-1.0,60.0,127.0,0.056818166666658954,210.34795527083332,210.40477343749998
-1.0,58.0,127.0,0.17045450000000528,210.34085299999998,210.5113075
-1.0,-1.0,0.0,0.007102270833343027,210.5113075,210.51840977083333
-1.0,60.0,127.0,0.056818166666658954,210.51840977083333,210.5752279375
-1.0,61.0,127.0,0.17045450000000528,210.5113075,210.681762
-1.0,-1.0,0.0,0.007102270833314606,210.681762,210.6888642708333
-1.0,60.0,127.0,0.056818166666687375,210.6888642708333,210.7456824375
-1.0,59.0,127.0,0.17045450000000528,210.68176200000002,210.85221650000003
-1.0,59.0,127.0,0.11363633333331791,210.8522165,210.96585283333332
-1.0,-1.0,0.0,0.056818166666687375,210.96585283333332,211.022671
-1.0,66.0,127.0,0.1477272333333417,211.022671,211.17039823333334
-1.0,-1.0,0.0,0.029829537499978187,211.17039823333334,211.20022777083332
-1.0,60.0,127.0,0.056818166666658954,211.20022777083332,211.25704593749998
-1.0,60.0,127.0,0.17045450000000528,211.19312549999998,211.36357999999998
-1.0,65.0,127.0,0.13257572222222316,211.36357999999998,211.4961557222222
-1.0,-1.0,0.0,0.037878777777791584,211.4961557222222,211.5340345
-1.0,59.0,127.0,0.11718746875000363,211.5340345,211.65122196875
-1.0,-1.0,0.0,0.05326703124998744,211.65122196875,211.704489
-1.0,60.0,127.0,0.07990054687499537,211.704489,211.784389546875
-1.0,60.0,127.0,0.07279827604168077,211.7115912708333,211.784389546875
-1.0,70.0,127.0,0.17045449999997686,211.704489,211.87494349999997
-1.0,61.0,127.0,0.06392043750000198,211.87494349999997,211.93886393749997
-1.0,61.0,127.0,0.056818166666658954,211.88204577083332,211.93886393749997
-1.0,54.0,127.0,0.17045450000000528,211.87494349999997,212.04539799999998
-1.0,60.0,127.0,0.07457384375001652,212.04539799999998,212.11997184375
-1.0,60.0,127.0,0.056818166666687375,212.0631536770833,212.11997184375
-1.0,60.0,127.0,0.17045450000000528,212.04539799999998,212.21585249999998
-1.0,-1.0,0.0,0.012428973958321876,212.21585249999998,212.2282814739583
-1.0,60.0,127.0,0.056818166666687375,212.2282814739583,212.285099640625
-1.0,70.0,127.0,0.17045450000000528,212.21585249999998,212.386307
-1.0,60.0,127.0,0.06392043750000198,212.386307,212.4502274375
-1.0,60.0,127.0,0.056818166666658954,212.39340927083333,212.4502274375
-1.0,60.0,127.0,0.17045450000000528,212.386307,212.5567615
-1.0,60.0,127.0,0.06924714062498083,212.5567615,212.62600864062497
-1.0,60.0,127.0,0.056818166666658954,212.56919047395832,212.62600864062497
-1.0,60.0,127.0,0.17045450000000528,212.5567615,212.727216
-1.0,60.0,127.0,0.04616476041664441,212.727216,212.77338076041664
-1.0,60.0,127.0,0.03906248958332981,212.7343182708333,212.77338076041664
-1.0,64.0,127.0,0.17045449999997686,212.727216,212.89767049999998
-1.0,63.0,127.0,0.11363633333334633,212.89767049999998,213.01130683333332
-1.0,-1.0,0.0,0.056818166666658954,213.01130683333332,213.06812499999998
-1.0,60.0,127.0,0.06392043750000198,213.06812499999998,213.13204543749998
-1.0,60.0,127.0,0.056818166666658954,213.07522727083332,213.13204543749998
-1.0,58.0,127.0,0.17045450000000528,213.06812499999998,213.2385795
-1.0,-1.0,0.0,0.007102270833343027,213.2385795,213.24568177083333
-1.0,60.0,127.0,0.056818166666658954,213.24568177083333,213.3024999375
-1.0,61.0,127.0,0.17045450000000528,213.23857949999996,213.40903399999996
-1.0,-1.0,0.0,0.007102270833343027,213.40903399999996,213.4161362708333
-1.0,60.0,127.0,0.056818166666687375,213.4161362708333,213.4729544375
-1.0,59.0,127.0,0.17045450000000528,213.409034,213.5794885
-1.0,59.0,127.0,0.11363633333331791,213.5794885,213.69312483333331
-1.0,-1.0,0.0,0.056818166666658954,213.69312483333331,213.74994299999997
-1.0,66.0,127.0,0.1477272333333417,213.74994299999997,213.89767023333332
-1.0,-1.0,0.0,0.02982953750000661,213.89767023333332,213.92749977083332
-1.0,60.0,127.0,0.056818166666658954,213.92749977083332,213.98431793749998
-1.0,60.0,127.0,0.17045450000000528,213.92039749999998,214.09085199999998
-1.0,65.0,127.0,0.13257572222222316,214.09085199999996,214.22342772222217
-1.0,-1.0,0.0,0.037878777777820005,214.22342772222217,214.2613065
-1.0,59.0,127.0,0.11718746875000363,214.2613065,214.37849396874998
-1.0,-1.0,0.0,0.05326703125001586,214.37849396874998,214.431761
-1.0,60.0,127.0,0.07990054687499537,214.431761,214.511661546875
-1.0,60.0,127.0,0.07279827604168077,214.4388632708333,214.511661546875
-1.0,70.0,127.0,0.17045449999997686,214.43176099999997,214.60221549999994
-1.0,-1.0,0.0,2.842170943040401e-14,214.60221549999994,214.60221549999997
-1.0,61.0,127.0,0.06392043750000198,214.60221549999997,214.66613593749997
-1.0,61.0,127.0,0.056818166666658954,214.60931777083331,214.66613593749997
-1.0,54.0,127.0,0.17045450000000528,214.60221549999997,214.77266999999998
-1.0,60.0,127.0,0.07457384375001652,214.77266999999998,214.84724384375
-1.0,60.0,127.0,0.056818166666687375,214.7904256770833,214.84724384375
-1.0,60.0,127.0,0.17045450000000528,214.77266999999998,214.94312449999998
-1.0,-1.0,0.0,0.012428973958350298,214.94312449999998,214.95555347395833
-1.0,60.0,127.0,0.056818166666658954,214.95555347395833,215.012371640625
-1.0,70.0,127.0,0.17045450000000528,214.94312449999998,215.113579
-1.0,60.0,127.0,0.06392043750000198,215.113579,215.1774994375
-1.0,60.0,127.0,0.056818166666658954,215.12068127083333,215.1774994375
-1.0,60.0,127.0,0.17045450000000528,215.113579,215.2840335
-1.0,60.0,127.0,0.06924714062498083,215.2840335,215.35328064062497
-1.0,60.0,127.0,0.056818166666658954,215.29646247395831,215.35328064062497
-1.0,60.0,127.0,0.17045450000000528,215.2840335,215.454488
-1.0,60.0,127.0,0.04616476041664441,215.454488,215.50065276041664
-1.0,60.0,127.0,0.03906248958332981,215.4615902708333,215.50065276041664
-1.0,64.0,127.0,0.17045449999997686,215.454488,215.62494249999997
-1.0,63.0,127.0,0.11363633333334633,215.62494249999997,215.73857883333332
-1.0,-1.0,0.0,0.056818166666658954,215.73857883333332,215.79539699999998
-1.0,60.0,127.0,0.06392043750000198,215.79539699999998,215.85931743749998
-1.0,60.0,127.0,0.056818166666658954,215.80249927083332,215.85931743749998
-1.0,58.0,127.0,0.17045450000000528,215.79539699999998,215.96585149999999
-1.0,-1.0,0.0,0.007102270833343027,215.96585149999999,215.97295377083333
-1.0,60.0,127.0,0.056818166666658954,215.97295377083333,216.0297719375
-1.0,61.0,127.0,0.17045450000000528,215.9658515,216.13630600000002
-1.0,-1.0,0.0,0.007102270833286184,216.13630600000002,216.1434082708333
-1.0,60.0,127.0,0.056818166666687375,216.1434082708333,216.2002264375
-1.0,59.0,127.0,0.17045450000000528,216.136306,216.3067605
-1.0,59.0,127.0,0.11363633333331791,216.3067605,216.4203968333333
-1.0,-1.0,0.0,0.056818166666658954,216.4203968333333,216.47721499999997
-1.0,66.0,127.0,0.1477272333333417,216.47721499999997,216.62494223333331
-1.0,-1.0,0.0,0.02982953750000661,216.62494223333331,216.65477177083332
-1.0,60.0,127.0,0.056818166666658954,216.65477177083332,216.71158993749998
-1.0,60.0,127.0,0.17045450000000528,216.64766949999998,216.81812399999998
-1.0,65.0,127.0,0.13257572222222316,216.81812399999998,216.9506997222222
-1.0,-1.0,0.0,0.037878777777791584,216.9506997222222,216.9885785
-1.0,59.0,127.0,0.11718746875000363,216.9885785,217.10576596875
-1.0,-1.0,0.0,0.05326703124998744,217.10576596875,217.159033
-1.0,60.0,127.0,0.07990054687499537,217.159033,217.238933546875
-1.0,60.0,127.0,0.07279827604168077,217.1661352708333,217.238933546875
-1.0,70.0,127.0,0.17045449999997686,217.159033,217.32948749999997
-1.0,61.0,127.0,0.06392043750000198,217.32948749999997,217.39340793749997
-1.0,61.0,127.0,0.056818166666658954,217.3365897708333,217.39340793749997
-1.0,54.0,127.0,0.17045450000000528,217.32948749999997,217.49994199999998
-1.0,60.0,127.0,0.07457384375001652,217.49994199999998,217.57451584375
-1.0,60.0,127.0,0.056818166666687375,217.5176976770833,217.57451584375
-1.0,60.0,127.0,0.17045450000000528,217.49994199999998,217.67039649999998
-1.0,-1.0,0.0,0.012428973958350298,217.67039649999998,217.68282547395833
-1.0,60.0,127.0,0.056818166666658954,217.68282547395833,217.739643640625
-1.0,70.0,127.0,0.17045450000000528,217.6703965,217.84085100000001
-1.0,60.0,127.0,0.06392043750000198,217.840851,217.9047714375
-1.0,60.0,127.0,0.056818166666658954,217.84795327083333,217.9047714375
-1.0,60.0,127.0,0.17045450000000528,217.84085100000001,218.01130550000002
-1.0,60.0,127.0,0.06924714062498083,218.0113055,218.08055264062497
-1.0,60.0,127.0,0.056818166666658954,218.0237344739583,218.08055264062497
-1.0,60.0,127.0,0.17045450000000528,218.01130550000002,218.18176000000003
-1.0,60.0,127.0,0.04616476041664441,218.18176,218.22792476041664
-1.0,60.0,127.0,0.03906248958332981,218.1888622708333,218.22792476041664
-1.0,64.0,127.0,0.17045449999997686,218.18176000000003,218.3522145
-1.0,63.0,127.0,0.11363633333334633,218.35221449999997,218.46585083333332
-1.0,-1.0,0.0,0.056818166666658954,218.46585083333332,218.52266899999998
-1.0,60.0,127.0,0.06392043750000198,218.52266899999998,218.58658943749998
-1.0,60.0,127.0,0.056818166666658954,218.52977127083332,218.58658943749998
-1.0,58.0,127.0,0.17045450000000528,218.52266899999998,218.69312349999998
-1.0,-1.0,0.0,0.007102270833343027,218.69312349999998,218.70022577083333
-1.0,60.0,127.0,0.056818166666658954,218.70022577083333,218.7570439375
-1.0,61.0,127.0,0.17045450000000528,218.6931235,218.86357800000002
-1.0,-1.0,0.0,0.007102270833286184,218.86357800000002,218.8706802708333
-1.0,60.0,127.0,0.056818166666687375,218.8706802708333,218.9274984375
-1.0,59.0,127.0,0.17045450000000528,218.863578,219.0340325
-1.0,59.0,127.0,0.11363633333331791,219.0340325,219.1476688333333
-1.0,-1.0,0.0,0.056818166666658954,219.1476688333333,219.20448699999997
-1.0,66.0,127.0,0.1477272333333417,219.20448699999997,219.3522142333333
-1.0,-1.0,0.0,0.02982953750000661,219.3522142333333,219.38204377083332
-1.0,60.0,127.0,0.056818166666658954,219.38204377083332,219.43886193749998
-1.0,60.0,127.0,0.17045450000000528,219.37494149999998,219.54539599999998
-1.0,65.0,127.0,0.13257572222222316,219.54539599999998,219.6779717222222
-1.0,-1.0,0.0,0.037878777777791584,219.6779717222222,219.7158505
-1.0,59.0,127.0,0.11718746875000363,219.7158505,219.83303796874998
-1.0,-1.0,0.0,0.05326703125001586,219.83303796874998,219.886305
-1.0,60.0,127.0,0.07990054687499537,219.886305,219.966205546875
-1.0,60.0,127.0,0.07279827604168077,219.8934072708333,219.966205546875
-1.0,70.0,127.0,0.17045450000000528,219.886305,220.0567595
-1.0,61.0,127.0,0.06392043749997356,220.0567595,220.12067993749997
-1.0,61.0,127.0,0.056818166666658954,220.0638617708333,220.12067993749997
-1.0,54.0,127.0,0.17045449999997686,220.0567595,220.22721399999998
-1.0,60.0,127.0,0.07457384375001652,220.22721399999998,220.30178784375
-1.0,60.0,127.0,0.056818166666687375,220.2449696770833,220.30178784375
-1.0,60.0,127.0,0.17045450000000528,220.22721399999998,220.39766849999998
-1.0,-1.0,0.0,0.012428973958350298,220.39766849999998,220.41009747395833
-1.0,60.0,127.0,0.056818166666658954,220.41009747395833,220.466915640625
-1.0,70.0,127.0,0.17045450000000528,220.39766849999998,220.56812299999999
-1.0,60.0,127.0,0.06392043750000198,220.56812299999999,220.6320434375
-1.0,60.0,127.0,0.056818166666658954,220.57522527083333,220.6320434375
-1.0,60.0,127.0,0.17045450000000528,220.56812299999999,220.7385775
-1.0,60.0,127.0,0.06924714062498083,220.7385775,220.80782464062497
-1.0,60.0,127.0,0.056818166666658954,220.7510064739583,220.80782464062497
-1.0,60.0,127.0,0.17045450000000528,220.7385775,220.909032
-1.0,60.0,127.0,0.04616476041664441,220.909032,220.95519676041664
-1.0,60.0,127.0,0.03906248958332981,220.9161342708333,220.95519676041664
-1.0,64.0,127.0,0.17045449999997686,220.909032,221.07948649999997
-1.0,63.0,127.0,0.11363633333334633,221.07948649999997,221.19312283333332
-1.0,-1.0,0.0,0.056818166666658954,221.19312283333332,221.24994099999998
-1.0,60.0,127.0,0.06392043750000198,221.24994099999998,221.31386143749998
-1.0,60.0,127.0,0.056818166666658954,221.25704327083332,221.31386143749998
-1.0,58.0,127.0,0.17045450000000528,221.24994099999998,221.42039549999998
-1.0,-1.0,0.0,0.007102270833343027,221.42039549999998,221.42749777083333
-1.0,60.0,127.0,0.056818166666658954,221.42749777083333,221.48431593749999
-1.0,61.0,127.0,0.17045450000000528,221.42039549999998,221.59085
-1.0,-1.0,0.0,0.007102270833314606,221.59085,221.5979522708333
-1.0,60.0,127.0,0.056818166666687375,221.5979522708333,221.6547704375
-1.0,59.0,127.0,0.17045450000000528,221.59084999999996,221.76130449999997
-1.0,-1.0,0.0,2.842170943040401e-14,221.76130449999997,221.7613045
-1.0,59.0,127.0,0.11363633333331791,221.7613045,221.8749408333333
-1.0,-1.0,0.0,0.056818166666658954,221.8749408333333,221.93175899999997
-1.0,66.0,127.0,0.1477272333333417,221.93175899999997,222.0794862333333
-1.0,-1.0,0.0,0.02982953750000661,222.0794862333333,222.10931577083332
-1.0,60.0,127.0,0.056818166666658954,222.10931577083332,222.16613393749998
-1.0,60.0,127.0,0.17045450000000528,222.10221349999998,222.27266799999998
-1.0,65.0,127.0,0.13257572222222316,222.27266799999998,222.4052437222222
-1.0,-1.0,0.0,0.037878777777791584,222.4052437222222,222.4431225
-1.0,59.0,127.0,0.11718746875000363,222.4431225,222.56030996875
-1.0,-1.0,0.0,0.05326703124998744,222.56030996875,222.613577
-1.0,60.0,127.0,0.07990054687499537,222.613577,222.693477546875
-1.0,60.0,127.0,0.07279827604168077,222.6206792708333,222.693477546875
-1.0,70.0,127.0,0.17045450000000528,222.613577,222.7840315
-1.0,61.0,127.0,0.06392043749997356,222.7840315,222.84795193749997
-1.0,61.0,127.0,0.056818166666658954,222.7911337708333,222.84795193749997
-1.0,54.0,127.0,0.17045449999997686,222.7840315,222.95448599999997
-1.0,60.0,127.0,0.07457384375001652,222.95448599999997,223.02905984375
-1.0,60.0,127.0,0.056818166666687375,222.9722416770833,223.02905984375
-1.0,60.0,127.0,0.17045450000000528,222.95448599999997,223.12494049999998
-1.0,-1.0,0.0,0.012428973958350298,223.12494049999998,223.13736947395833
-1.0,60.0,127.0,0.056818166666658954,223.13736947395833,223.194187640625
-1.0,70.0,127.0,0.17045450000000528,223.12494049999998,223.29539499999998
-1.0,60.0,127.0,0.06392043750000198,223.29539499999998,223.3593154375
-1.0,60.0,127.0,0.056818166666658954,223.30249727083333,223.3593154375
-1.0,60.0,127.0,0.17045450000000528,223.29539499999998,223.4658495
-1.0,60.0,127.0,0.06924714062498083,223.4658495,223.53509664062497
-1.0,60.0,127.0,0.056818166666658954,223.4782784739583,223.53509664062497
-1.0,60.0,127.0,0.17045450000000528,223.4658495,223.636304
-1.0,60.0,127.0,0.04616476041664441,223.636304,223.68246876041664
-1.0,60.0,127.0,0.03906248958332981,223.6434062708333,223.68246876041664
-1.0,64.0,127.0,0.17045449999997686,223.636304,223.80675849999997
-1.0,63.0,127.0,0.11363633333334633,223.80675849999997,223.92039483333332
-1.0,-1.0,0.0,0.056818166666658954,223.92039483333332,223.97721299999998
-1.0,60.0,127.0,0.06392043750000198,223.97721299999998,224.04113343749998
-1.0,60.0,127.0,0.056818166666658954,223.98431527083332,224.04113343749998
-1.0,58.0,127.0,0.17045450000000528,223.97721299999998,224.14766749999998
-1.0,-1.0,0.0,0.007102270833343027,224.14766749999998,224.15476977083333
-1.0,60.0,127.0,0.056818166666658954,224.15476977083333,224.21158793749998
-1.0,61.0,127.0,0.17045450000000528,224.14766749999998,224.318122
-1.0,-1.0,0.0,0.007102270833343027,224.318122,224.32522427083333
-1.0,60.0,127.0,0.056818166666658954,224.32522427083333,224.3820424375
-1.0,59.0,127.0,0.17045450000000528,224.318122,224.4885765
-1.0,59.0,127.0,0.11363633333331791,224.4885765,224.6022128333333
-1.0,-1.0,0.0,0.056818166666658954,224.6022128333333,224.65903099999997
-1.0,66.0,127.0,0.1477272333333417,224.65903099999997,224.8067582333333
-1.0,-1.0,0.0,0.02982953750000661,224.8067582333333,224.83658777083332
-1.0,60.0,127.0,0.056818166666658954,224.83658777083332,224.89340593749998
-1.0,60.0,127.0,0.17045450000000528,224.82948549999998,224.99993999999998
-1.0,-1.0,0.0,2.842170943040401e-14,224.99993999999998,224.99994
-1.0,65.0,127.0,0.13257572222222316,224.99994,225.13251572222222
-1.0,-1.0,0.0,0.03787877777776316,225.13251572222222,225.1703945
-1.0,59.0,127.0,0.11718746875000363,225.1703945,225.28758196874998
-1.0,-1.0,0.0,0.05326703125001586,225.28758196874998,225.340849
-1.0,60.0,127.0,0.07990054687499537,225.340849,225.420749546875
-1.0,60.0,127.0,0.07279827604168077,225.3479512708333,225.420749546875
-1.0,70.0,127.0,0.17045450000000528,225.34084900000002,225.51130350000003
-1.0,61.0,127.0,0.06392043749997356,225.5113035,225.57522393749997
-1.0,61.0,127.0,0.056818166666658954,225.5184057708333,225.57522393749997
-1.0,54.0,127.0,0.17045449999997686,225.5113035,225.68175799999997
-1.0,60.0,127.0,0.07457384375001652,225.68175799999997,225.75633184375
-1.0,60.0,127.0,0.056818166666658954,225.69951367708333,225.75633184375
-1.0,60.0,127.0,0.17045450000000528,225.68175799999997,225.85221249999998
-1.0,-1.0,0.0,0.012428973958350298,225.85221249999998,225.86464147395833
-1.0,60.0,127.0,0.056818166666658954,225.86464147395833,225.921459640625
-1.0,70.0,127.0,0.17045450000000528,225.85221249999998,226.02266699999998
-1.0,60.0,127.0,0.06392043750000198,226.02266699999998,226.0865874375
-1.0,60.0,127.0,0.056818166666658954,226.02976927083333,226.0865874375
-1.0,60.0,127.0,0.17045450000000528,226.02266699999998,226.1931215
-1.0,60.0,127.0,0.06924714062498083,226.1931215,226.26236864062497
-1.0,60.0,127.0,0.056818166666658954,226.2055504739583,226.26236864062497
-1.0,60.0,127.0,0.17045450000000528,226.1931215,226.363576
-1.0,60.0,127.0,0.04616476041664441,226.363576,226.40974076041664
-1.0,60.0,127.0,0.03906248958332981,226.3706782708333,226.40974076041664
-1.0,64.0,127.0,0.17045449999997686,226.363576,226.53403049999997
-1.0,63.0,127.0,0.11363633333334633,226.53403049999997,226.64766683333332
-1.0,-1.0,0.0,0.056818166666658954,226.64766683333332,226.70448499999998
-1.0,60.0,127.0,0.06392043750000198,226.70448499999998,226.76840543749998
-1.0,60.0,127.0,0.056818166666658954,226.71158727083332,226.76840543749998
-1.0,58.0,127.0,0.17045450000000528,226.70448499999998,226.87493949999998
-1.0,-1.0,0.0,0.007102270833343027,226.87493949999998,226.88204177083333
-1.0,60.0,127.0,0.056818166666658954,226.88204177083333,226.93885993749998
-1.0,61.0,127.0,0.17045450000000528,226.87493949999998,227.045394
-1.0,-1.0,0.0,0.007102270833343027,227.045394,227.05249627083333
-1.0,60.0,127.0,0.056818166666658954,227.05249627083333,227.1093144375
-1.0,59.0,127.0,0.17045450000000528,227.045394,227.2158485
-1.0,59.0,127.0,0.11363633333333212,227.2158485,227.3294848333333
-1.0,-1.0,0.0,0.056818166666687375,227.3294848333333,227.386303
-1.0,66.0,127.0,0.14772723333331328,227.386303,227.5340302333333
-1.0,-1.0,0.0,0.02982953750000661,227.5340302333333,227.56385977083332
-1.0,60.0,127.0,0.056818166666658954,227.56385977083332,227.62067793749998
-1.0,60.0,127.0,0.17045450000000528,227.55675749999997,227.72721199999998
-1.0,65.0,127.0,0.13257572222222316,227.72721199999998,227.8597877222222
-1.0,-1.0,0.0,0.037878777777791584,227.8597877222222,227.89766649999999
-1.0,59.0,127.0,0.11718746875000363,227.89766649999999,228.01485396875
-1.0,-1.0,0.0,0.05326703124998744,228.01485396875,228.068121
-1.0,60.0,127.0,0.07990054687499537,228.068121,228.148021546875
-1.0,60.0,127.0,0.07279827604168077,228.0752232708333,228.148021546875
-1.0,70.0,127.0,0.17045450000000528,228.068121,228.2385755
-1.0,61.0,127.0,0.06392043750000198,228.2385755,228.3024959375
-1.0,61.0,127.0,0.056818166666687375,228.2456777708333,228.3024959375
-1.0,54.0,127.0,0.17045449999997686,228.2385755,228.40902999999997
-1.0,60.0,127.0,0.07457384375001652,228.40902999999997,228.48360384375
-1.0,60.0,127.0,0.056818166666658954,228.42678567708333,228.48360384375
-1.0,60.0,127.0,0.17045450000000528,228.40902999999997,228.57948449999998
-1.0,-1.0,0.0,0.012428973958350298,228.57948449999998,228.59191347395833
-1.0,60.0,127.0,0.056818166666658954,228.59191347395833,228.648731640625
-1.0,70.0,127.0,0.17045450000000528,228.57948449999995,228.74993899999996
-1.0,-1.0,0.0,2.842170943040401e-14,228.74993899999996,228.74993899999998
-1.0,60.0,127.0,0.06392043750000198,228.74993899999998,228.81385943749999
-1.0,60.0,127.0,0.056818166666658954,228.75704127083333,228.81385943749999
-1.0,60.0,127.0,0.17045450000000528,228.74993899999996,228.92039349999996
-1.0,-1.0,0.0,2.842170943040401e-14,228.92039349999996,228.9203935
-1.0,60.0,127.0,0.06924714062500925,228.9203935,228.989640640625
-1.0,60.0,127.0,0.056818166666687375,228.9328224739583,228.989640640625
-1.0,60.0,127.0,0.17045450000000528,228.92039349999996,229.09084799999997
-1.0,-1.0,0.0,2.842170943040401e-14,229.09084799999997,229.090848
-1.0,60.0,127.0,0.04616476041664441,229.090848,229.13701276041664
-1.0,60.0,127.0,0.03906248958332981,229.0979502708333,229.13701276041664
-1.0,64.0,127.0,0.17045449999997686,229.09084799999997,229.26130249999994
-1.0,-1.0,0.0,2.842170943040401e-14,229.26130249999994,229.26130249999997
-1.0,63.0,127.0,0.11363633333334633,229.26130249999997,229.37493883333332
-1.0,-1.0,0.0,0.056818166666658954,229.37493883333332,229.43175699999998
-1.0,60.0,127.0,0.06392043750000198,229.43175699999998,229.49567743749998
-1.0,60.0,127.0,0.056818166666658954,229.43885927083332,229.49567743749998
-1.0,58.0,127.0,0.17045450000000528,229.43175699999998,229.60221149999998
-1.0,-1.0,0.0,0.007102270833343027,229.60221149999998,229.60931377083332
-1.0,60.0,127.0,0.056818166666658954,229.60931377083332,229.66613193749998
-1.0,61.0,127.0,0.17045450000000528,229.60221149999998,229.772666
-1.0,-1.0,0.0,0.007102270833343027,229.772666,229.77976827083333
-1.0,60.0,127.0,0.056818166666658954,229.77976827083333,229.8365864375
-1.0,59.0,127.0,0.17045450000000528,229.772666,229.9431205
-1.0,59.0,127.0,0.11363633333333212,229.9431205,230.05675683333334
-1.0,-1.0,0.0,0.056818166666658954,230.05675683333334,230.113575
-1.0,66.0,127.0,0.14772723333331328,230.113575,230.2613022333333
-1.0,-1.0,0.0,0.02982953750000661,230.2613022333333,230.29113177083332
-1.0,60.0,127.0,0.056818166666658954,230.29113177083332,230.34794993749998
-1.0,60.0,127.0,0.17045450000000528,230.28402949999997,230.45448399999998
-1.0,65.0,127.0,0.13257572222222316,230.45448399999998,230.5870597222222
-1.0,-1.0,0.0,0.037878777777791584,230.5870597222222,230.62493849999998
-1.0,59.0,127.0,0.11718746875000363,230.62493849999998,230.74212596874997
-1.0,-1.0,0.0,0.05326703125001586,230.74212596874997,230.795393
-1.0,60.0,127.0,0.07990054687499537,230.795393,230.87529354687499
-1.0,60.0,127.0,0.07279827604168077,230.8024952708333,230.87529354687499
-1.0,70.0,127.0,0.17045450000000528,230.795393,230.9658475
-1.0,61.0,127.0,0.06392043750000198,230.9658475,231.0297679375
-1.0,61.0,127.0,0.056818166666687375,230.9729497708333,231.0297679375
-1.0,54.0,127.0,0.17045449999997686,230.9658475,231.13630199999997
-1.0,60.0,127.0,0.07457384375001652,231.13630199999997,231.21087584375
-1.0,60.0,127.0,0.056818166666658954,231.15405767708333,231.21087584375
-1.0,60.0,127.0,0.17045450000000528,231.13630199999997,231.30675649999998
-1.0,-1.0,0.0,0.012428973958350298,231.30675649999998,231.31918547395833
-1.0,60.0,127.0,0.056818166666658954,231.31918547395833,231.376003640625
-1.0,70.0,127.0,0.17045450000000528,231.30675649999998,231.47721099999998
-1.0,60.0,127.0,0.06392043750000198,231.47721099999998,231.54113143749998
-1.0,60.0,127.0,0.056818166666658954,231.48431327083333,231.54113143749998
-1.0,60.0,127.0,0.17045450000000528,231.47721099999998,231.6476655
-1.0,60.0,127.0,0.06924714062500925,231.6476655,231.716912640625
-1.0,60.0,127.0,0.056818166666687375,231.6600944739583,231.716912640625
-1.0,60.0,127.0,0.17045450000000528,231.6476655,231.81812
-1.0,60.0,127.0,0.04616476041664441,231.81812,231.86428476041664
-1.0,60.0,127.0,0.03906248958332981,231.8252222708333,231.86428476041664
-1.0,64.0,127.0,0.17045449999997686,231.81812,231.98857449999997
-1.0,63.0,127.0,0.11363633333334633,231.98857449999997,232.10221083333332
-1.0,-1.0,0.0,0.056818166666658954,232.10221083333332,232.15902899999998
-1.0,60.0,127.0,0.06392043750000198,232.15902899999998,232.22294943749998
-1.0,60.0,127.0,0.056818166666658954,232.16613127083332,232.22294943749998
-1.0,58.0,127.0,0.17045450000000528,232.15902899999998,232.32948349999998
-1.0,-1.0,0.0,0.007102270833343027,232.32948349999998,232.33658577083332
-1.0,60.0,127.0,0.056818166666658954,232.33658577083332,232.39340393749998
-1.0,61.0,127.0,0.17045450000000528,232.32948349999998,232.499938
-1.0,-1.0,0.0,0.007102270833343027,232.499938,232.50704027083333
-1.0,60.0,127.0,0.056818166666658954,232.50704027083333,232.5638584375
-1.0,59.0,127.0,0.17045450000000528,232.49993800000001,232.67039250000002
-1.0,59.0,127.0,0.11363633333333212,232.6703925,232.7840288333333
-1.0,-1.0,0.0,0.056818166666687375,232.7840288333333,232.840847
-1.0,66.0,127.0,0.14772723333331328,232.840847,232.9885742333333
-1.0,-1.0,0.0,0.02982953750000661,232.9885742333333,233.01840377083332
-1.0,60.0,127.0,0.056818166666658954,233.01840377083332,233.07522193749998
-1.0,60.0,127.0,0.17045450000000528,233.01130149999997,233.18175599999998
-1.0,65.0,127.0,0.13257572222222316,233.18175599999998,233.3143317222222
-1.0,-1.0,0.0,0.037878777777791584,233.3143317222222,233.35221049999998
-1.0,59.0,127.0,0.11718746875000363,233.35221049999998,233.46939796875
-1.0,-1.0,0.0,0.05326703124998744,233.46939796875,233.522665
-1.0,60.0,127.0,0.07990054687499537,233.522665,233.60256554687498
-1.0,60.0,127.0,0.07279827604168077,233.5297672708333,233.60256554687498
-1.0,70.0,127.0,0.17045450000000528,233.522665,233.6931195
-1.0,61.0,127.0,0.06392043750000198,233.6931195,233.7570399375
-1.0,61.0,127.0,0.056818166666687375,233.7002217708333,233.7570399375
-1.0,54.0,127.0,0.17045449999997686,233.6931195,233.86357399999997
-1.0,60.0,127.0,0.07457384375001652,233.86357399999997,233.93814784375
-1.0,60.0,127.0,0.056818166666658954,233.88132967708333,233.93814784375
-1.0,60.0,127.0,0.17045450000000528,233.86357399999997,234.03402849999998
-1.0,-1.0,0.0,0.012428973958350298,234.03402849999998,234.04645747395833
-1.0,60.0,127.0,0.056818166666658954,234.04645747395833,234.103275640625
-1.0,70.0,127.0,0.17045450000000528,234.03402849999998,234.20448299999998
-1.0,60.0,127.0,0.06392043750000198,234.20448299999998,234.26840343749998
-1.0,60.0,127.0,0.056818166666658954,234.21158527083333,234.26840343749998
-1.0,60.0,127.0,0.17045450000000528,234.20448299999998,234.3749375
-1.0,60.0,127.0,0.06924714062500925,234.3749375,234.444184640625
-1.0,60.0,127.0,0.056818166666687375,234.3873664739583,234.444184640625
-1.0,60.0,127.0,0.17045450000000528,234.3749375,234.545392
-1.0,60.0,127.0,0.04616476041664441,234.545392,234.59155676041664
-1.0,60.0,127.0,0.03906248958332981,234.5524942708333,234.59155676041664
-1.0,64.0,127.0,0.17045449999997686,234.545392,234.71584649999997
-1.0,63.0,127.0,0.11363633333334633,234.71584649999997,234.82948283333332
-1.0,-1.0,0.0,0.056818166666658954,234.82948283333332,234.88630099999997
-1.0,60.0,127.0,0.06392043750000198,234.88630099999997,234.95022143749998
-1.0,60.0,127.0,0.056818166666658954,234.89340327083332,234.95022143749998
-1.0,58.0,127.0,0.17045450000000528,234.88630099999997,235.05675549999998
-1.0,-1.0,0.0,0.007102270833343027,235.05675549999998,235.06385777083332
-1.0,60.0,127.0,0.056818166666658954,235.06385777083332,235.12067593749998
-1.0,61.0,127.0,0.17045450000000528,235.05675549999995,235.22720999999996
-1.0,-1.0,0.0,0.007102270833371449,235.22720999999996,235.23431227083333
-1.0,60.0,127.0,0.056818166666658954,235.23431227083333,235.2911304375
-1.0,59.0,127.0,0.17045450000000528,235.22720999999999,235.3976645
-1.0,59.0,127.0,0.11363633333333212,235.3976645,235.51130083333334
-1.0,-1.0,0.0,0.05681816666663053,235.51130083333334,235.56811899999997
-1.0,66.0,127.0,0.14772723333331328,235.56811899999997,235.71584623333328
-1.0,-1.0,0.0,0.02982953750003503,235.71584623333328,235.74567577083332
-1.0,60.0,127.0,0.056818166666658954,235.74567577083332,235.80249393749997
-1.0,60.0,127.0,0.17045450000000528,235.73857349999997,235.90902799999998
-1.0,65.0,127.0,0.13257572222222316,235.90902799999995,236.04160372222216
-1.0,-1.0,0.0,0.037878777777820005,236.04160372222216,236.07948249999998
-1.0,59.0,127.0,0.11718746875000363,236.07948249999998,236.19666996874997
-1.0,-1.0,0.0,0.05326703125001586,236.19666996874997,236.249937
-1.0,60.0,127.0,0.07990054687499537,236.249937,236.32983754687498
-1.0,60.0,127.0,0.07279827604168077,236.2570392708333,236.32983754687498
-1.0,70.0,127.0,0.17045450000000528,236.24993699999996,236.42039149999997
-1.0,-1.0,0.0,2.842170943040401e-14,236.42039149999997,236.4203915
-1.0,61.0,127.0,0.06392043750000198,236.4203915,236.4843119375
-1.0,61.0,127.0,0.056818166666687375,236.4274937708333,236.4843119375
-1.0,54.0,127.0,0.17045449999997686,236.4203915,236.59084599999997
-1.0,60.0,127.0,0.07457384375001652,236.59084599999997,236.66541984375
-1.0,60.0,127.0,0.056818166666658954,236.60860167708333,236.66541984375
-1.0,60.0,127.0,0.17045450000000528,236.59084599999997,236.76130049999998
-1.0,-1.0,0.0,0.012428973958350298,236.76130049999998,236.77372947395833
-1.0,60.0,127.0,0.056818166666658954,236.77372947395833,236.83054764062499
-1.0,70.0,127.0,0.17045450000000528,236.76130049999998,236.93175499999998
-1.0,60.0,127.0,0.06392043750000198,236.93175499999998,236.99567543749998
-1.0,60.0,127.0,0.056818166666658954,236.93885727083332,236.99567543749998
-1.0,60.0,127.0,0.17045450000000528,236.93175499999998,237.1022095
-1.0,60.0,127.0,0.06924714062500925,237.1022095,237.171456640625
-1.0,60.0,127.0,0.056818166666687375,237.1146384739583,237.171456640625
-1.0,60.0,127.0,0.17045450000000528,237.1022095,237.272664
-1.0,60.0,127.0,0.04616476041664441,237.272664,237.31882876041664
-1.0,60.0,127.0,0.03906248958332981,237.2797662708333,237.31882876041664
-1.0,64.0,127.0,0.17045450000000528,237.272664,237.4431185
-1.0,63.0,127.0,0.11363633333331791,237.4431185,237.55675483333331
-1.0,-1.0,0.0,0.056818166666658954,237.55675483333331,237.61357299999997
-1.0,60.0,127.0,0.06392043750000198,237.61357299999997,237.67749343749998
-1.0,60.0,127.0,0.056818166666658954,237.62067527083332,237.67749343749998
-1.0,58.0,127.0,0.17045450000000528,237.61357299999997,237.78402749999998
-1.0,-1.0,0.0,0.007102270833343027,237.78402749999998,237.79112977083332
-1.0,60.0,127.0,0.056818166666658954,237.79112977083332,237.84794793749998
-1.0,61.0,127.0,0.17045450000000528,237.78402749999995,237.95448199999996
-1.0,-1.0,0.0,0.007102270833371449,237.95448199999996,237.96158427083333
-1.0,60.0,127.0,0.056818166666658954,237.96158427083333,238.0184024375
-1.0,59.0,127.0,0.17045450000000528,237.95448199999998,238.1249365
-1.0,59.0,127.0,0.11363633333333212,238.1249365,238.2385728333333
-1.0,-1.0,0.0,0.0568181666667158,238.2385728333333,238.29539100000002
-1.0,66.0,127.0,0.14772723333331328,238.29539100000002,238.44311823333334
-1.0,-1.0,0.0,0.029829537499978187,238.44311823333334,238.47294777083331
-1.0,60.0,127.0,0.056818166666658954,238.47294777083331,238.52976593749997
-1.0,60.0,127.0,0.17045450000000528,238.46584549999997,238.63629999999998
-1.0,65.0,127.0,0.13257572222222316,238.63629999999998,238.7688757222222
-1.0,-1.0,0.0,0.037878777777791584,238.7688757222222,238.80675449999998
-1.0,59.0,127.0,0.11718746875000363,238.80675449999998,238.92394196875
-1.0,-1.0,0.0,0.05326703124998744,238.92394196875,238.977209
-1.0,60.0,127.0,0.07990054687499537,238.977209,239.05710954687498
-1.0,60.0,127.0,0.07279827604168077,238.9843112708333,239.05710954687498
-1.0,70.0,127.0,0.17045450000000528,238.977209,239.1476635
-1.0,61.0,127.0,0.06392043750000198,239.1476635,239.2115839375
-1.0,61.0,127.0,0.056818166666687375,239.1547657708333,239.2115839375
-1.0,54.0,127.0,0.17045449999997686,239.1476635,239.31811799999997
-1.0,60.0,127.0,0.07457384375001652,239.31811799999997,239.39269184375
-1.0,60.0,127.0,0.056818166666658954,239.33587367708333,239.39269184375
-1.0,60.0,127.0,0.17045450000000528,239.31811799999997,239.48857249999998
-1.0,-1.0,0.0,0.012428973958350298,239.48857249999998,239.50100147395833
-1.0,60.0,127.0,0.056818166666658954,239.50100147395833,239.55781964062498
-1.0,70.0,127.0,0.17045450000000528,239.4885725,239.659027
-1.0,60.0,127.0,0.06392043750000198,239.65902699999998,239.72294743749998
-1.0,60.0,127.0,0.056818166666658954,239.66612927083332,239.72294743749998
-1.0,60.0,127.0,0.17045450000000528,239.659027,239.8294815
-1.0,60.0,127.0,0.06924714062500925,239.82948149999999,239.898728640625
-1.0,60.0,127.0,0.056818166666687375,239.8419104739583,239.898728640625
-1.0,60.0,127.0,0.17045450000000528,239.8294815,239.99993600000002
-1.0,60.0,127.0,0.046164760416672834,239.999936,240.04610076041666
-1.0,60.0,127.0,0.03906248958335823,240.0070382708333,240.04610076041666
-1.0,64.0,127.0,0.17045450000000528,239.99993600000002,240.17039050000002
-1.0,63.0,127.0,0.11363633333331791,240.1703905,240.28402683333331
-1.0,-1.0,0.0,0.056818166666658954,240.28402683333331,240.34084499999997
-1.0,60.0,127.0,0.06392043750000198,240.34084499999997,240.40476543749998
-1.0,60.0,127.0,0.056818166666658954,240.34794727083332,240.40476543749998
-1.0,58.0,127.0,0.17045450000000528,240.34084499999997,240.51129949999998
-1.0,-1.0,0.0,0.007102270833343027,240.51129949999998,240.51840177083332
-1.0,60.0,127.0,0.056818166666658954,240.51840177083332,240.57521993749998
-1.0,61.0,127.0,0.17045450000000528,240.5112995,240.681754
-1.0,-1.0,0.0,0.007102270833314606,240.681754,240.68885627083333
-1.0,60.0,127.0,0.056818166666658954,240.68885627083333,240.74567443749999
-1.0,59.0,127.0,0.17045450000000528,240.68175399999998,240.8522085
-1.0,59.0,127.0,0.11363633333333212,240.8522085,240.96584483333334
-1.0,-1.0,0.0,0.056818166666687375,240.96584483333334,241.02266300000002
-1.0,66.0,127.0,0.14772723333331328,241.02266300000002,241.17039023333334
-1.0,-1.0,0.0,0.029829537499978187,241.17039023333334,241.20021977083331
-1.0,60.0,127.0,0.056818166666658954,241.20021977083331,241.25703793749997
-1.0,60.0,127.0,0.17045450000000528,241.19311749999997,241.36357199999998
-1.0,65.0,127.0,0.13257572222222316,241.36357199999998,241.4961477222222
-1.0,-1.0,0.0,0.037878777777791584,241.4961477222222,241.53402649999998
-1.0,59.0,127.0,0.11718746875000363,241.53402649999998,241.65121396874997
-1.0,-1.0,0.0,0.05326703125001586,241.65121396874997,241.704481
-1.0,60.0,127.0,0.07990054687499537,241.704481,241.78438154687498
-1.0,60.0,127.0,0.07279827604165234,241.71158327083333,241.78438154687498
-1.0,70.0,127.0,0.17045450000000528,241.704481,241.8749355
-1.0,61.0,127.0,0.06392043750000198,241.8749355,241.9388559375
-1.0,61.0,127.0,0.056818166666687375,241.8820377708333,241.9388559375
-1.0,54.0,127.0,0.17045449999997686,241.8749355,242.04538999999997
-1.0,60.0,127.0,0.07457384375001652,242.04538999999997,242.11996384374999
-1.0,60.0,127.0,0.056818166666658954,242.06314567708333,242.11996384374999
-1.0,60.0,127.0,0.17045450000000528,242.04538999999997,242.21584449999997
-1.0,-1.0,0.0,0.012428973958350298,242.21584449999997,242.22827347395832
-1.0,60.0,127.0,0.056818166666658954,242.22827347395832,242.28509164062498
-1.0,70.0,127.0,0.17045450000000528,242.21584449999997,242.38629899999998
-1.0,60.0,127.0,0.06392043750000198,242.38629899999998,242.45021943749998
-1.0,60.0,127.0,0.056818166666658954,242.39340127083332,242.45021943749998
-1.0,60.0,127.0,0.17045450000000528,242.38629899999998,242.55675349999999
-1.0,60.0,127.0,0.06924714062500925,242.55675349999999,242.626000640625
-1.0,60.0,127.0,0.056818166666687375,242.5691824739583,242.626000640625
-1.0,60.0,127.0,0.17045450000000528,242.55675349999999,242.727208
-1.0,60.0,127.0,0.046164760416672834,242.727208,242.77337276041666
-1.0,60.0,127.0,0.03906248958335823,242.7343102708333,242.77337276041666
-1.0,64.0,127.0,0.17045450000000528,242.727208,242.8976625
-1.0,63.0,127.0,0.11363633333331791,242.8976625,243.0112988333333
-1.0,-1.0,0.0,0.056818166666658954,243.0112988333333,243.06811699999997
-1.0,60.0,127.0,0.06392043750000198,243.06811699999997,243.13203743749997
-1.0,60.0,127.0,0.056818166666658954,243.07521927083332,243.13203743749997
-1.0,58.0,127.0,0.17045450000000528,243.06811699999997,243.23857149999998
-1.0,-1.0,0.0,0.007102270833343027,243.23857149999998,243.24567377083332
-1.0,60.0,127.0,0.056818166666658954,243.24567377083332,243.30249193749998
-1.0,61.0,127.0,0.17045450000000528,243.23857149999998,243.40902599999998
-1.0,-1.0,0.0,0.007102270833343027,243.40902599999998,243.41612827083333
-1.0,60.0,127.0,0.056818166666658954,243.41612827083333,243.47294643749998
-1.0,59.0,127.0,0.17045450000000528,243.40902599999995,243.57948049999996
-1.0,-1.0,0.0,2.842170943040401e-14,243.57948049999996,243.5794805
-1.0,59.0,127.0,0.11363633333333212,243.5794805,243.6931168333333
-1.0,-1.0,0.0,0.056818166666687375,243.6931168333333,243.749935
-1.0,66.0,127.0,0.14772723333331328,243.749935,243.8976622333333
-1.0,-1.0,0.0,0.02982953750000661,243.8976622333333,243.9274917708333
-1.0,60.0,127.0,0.056818166666658954,243.9274917708333,243.98430993749997
-1.0,60.0,127.0,0.17045450000000528,243.92038949999997,244.09084399999998
-1.0,65.0,127.0,0.13257572222223266,244.09084399999998,244.22341972222222
-1.0,-1.0,0.0,0.03787877777776316,244.22341972222222,244.26129849999998
-1.0,59.0,127.0,0.11718746875000363,244.26129849999998,244.37848596875
-1.0,-1.0,0.0,0.05326703124998744,244.37848596875,244.431753
-1.0,60.0,127.0,0.07990054687499537,244.431753,244.51165354687498
-1.0,60.0,127.0,0.07279827604165234,244.43885527083333,244.51165354687498
-1.0,70.0,127.0,0.17045450000000528,244.431753,244.6022075
-1.0,61.0,127.0,0.06392043750000198,244.6022075,244.6661279375
-1.0,61.0,127.0,0.056818166666687375,244.6093097708333,244.6661279375
-1.0,54.0,127.0,0.17045450000000528,244.6022075,244.772662
-1.0,60.0,127.0,0.0745738437499881,244.772662,244.84723584374998
-1.0,60.0,127.0,0.056818166666658954,244.79041767708333,244.84723584374998
-1.0,60.0,127.0,0.17045449999997686,244.772662,244.94311649999997
-1.0,-1.0,0.0,0.012428973958350298,244.94311649999997,244.95554547395832
-1.0,60.0,127.0,0.056818166666658954,244.95554547395832,245.01236364062498
-1.0,70.0,127.0,0.17045450000000528,244.94311649999997,245.11357099999998
-1.0,60.0,127.0,0.06392043750000198,245.11357099999998,245.17749143749998
-1.0,60.0,127.0,0.056818166666658954,245.12067327083332,245.17749143749998
-1.0,60.0,127.0,0.17045450000000528,245.11357099999998,245.28402549999998
-1.0,60.0,127.0,0.06924714062500925,245.28402549999998,245.353272640625
-1.0,60.0,127.0,0.056818166666687375,245.2964544739583,245.353272640625
-1.0,60.0,127.0,0.17045450000000528,245.28402549999998,245.45448
-1.0,60.0,127.0,0.046164760416672834,245.45448,245.50064476041666
-1.0,60.0,127.0,0.03906248958335823,245.4615822708333,245.50064476041666
-1.0,64.0,127.0,0.17045450000000528,245.45448,245.6249345
-1.0,63.0,127.0,0.11363633333331791,245.6249345,245.7385708333333
-1.0,-1.0,0.0,0.056818166666658954,245.7385708333333,245.79538899999997
-1.0,60.0,127.0,0.06392043750000198,245.79538899999997,245.85930943749997
-1.0,60.0,127.0,0.056818166666658954,245.80249127083331,245.85930943749997
-1.0,58.0,127.0,0.17045450000000528,245.79538899999997,245.96584349999998
-1.0,-1.0,0.0,0.007102270833343027,245.96584349999998,245.97294577083332
-1.0,60.0,127.0,0.056818166666658954,245.97294577083332,246.02976393749998
-1.0,61.0,127.0,0.17045450000000528,245.96584349999998,246.13629799999998
-1.0,-1.0,0.0,0.007102270833343027,246.13629799999998,246.14340027083333
-1.0,60.0,127.0,0.056818166666658954,246.14340027083333,246.20021843749998
-1.0,59.0,127.0,0.17045450000000528,246.13629799999998,246.3067525
-1.0,59.0,127.0,0.11363633333333212,246.3067525,246.42038883333333
-1.0,-1.0,0.0,0.056818166666658954,246.42038883333333,246.477207
-1.0,66.0,127.0,0.14772723333331328,246.477207,246.6249342333333
-1.0,-1.0,0.0,0.02982953750000661,246.6249342333333,246.6547637708333
-1.0,60.0,127.0,0.056818166666658954,246.6547637708333,246.71158193749997
-1.0,60.0,127.0,0.17045450000000528,246.64766149999997,246.81811599999997
-1.0,-1.0,0.0,2.842170943040401e-14,246.81811599999997,246.818116
-1.0,65.0,127.0,0.13257572222223266,246.818116,246.95069172222225
-1.0,-1.0,0.0,0.03787877777773474,246.95069172222225,246.98857049999998
-1.0,59.0,127.0,0.11718746875000363,246.98857049999998,247.10575796874997
-1.0,-1.0,0.0,0.05326703125001586,247.10575796874997,247.15902499999999
-1.0,60.0,127.0,0.07990054687499537,247.15902499999999,247.23892554687498
-1.0,60.0,127.0,0.07279827604165234,247.16612727083333,247.23892554687498
-1.0,70.0,127.0,0.17045450000000528,247.159025,247.32947950000002
-1.0,61.0,127.0,0.06392043750000198,247.3294795,247.3933999375
-1.0,61.0,127.0,0.056818166666687375,247.3365817708333,247.3933999375
-1.0,54.0,127.0,0.17045450000000528,247.3294795,247.499934
-1.0,60.0,127.0,0.0745738437499881,247.499934,247.57450784374998
-1.0,60.0,127.0,0.056818166666658954,247.51768967708333,247.57450784374998
-1.0,60.0,127.0,0.17045449999997686,247.499934,247.67038849999997
-1.0,-1.0,0.0,0.012428973958350298,247.67038849999997,247.68281747395832
-1.0,60.0,127.0,0.056818166666658954,247.68281747395832,247.73963564062498
-1.0,70.0,127.0,0.17045450000000528,247.67038849999997,247.84084299999998
-1.0,60.0,127.0,0.06392043750000198,247.84084299999998,247.90476343749998
-1.0,60.0,127.0,0.056818166666658954,247.84794527083332,247.90476343749998
-1.0,60.0,127.0,0.17045450000000528,247.84084299999998,248.01129749999998
-1.0,60.0,127.0,0.06924714062500925,248.01129749999998,248.080544640625
-1.0,60.0,127.0,0.056818166666687375,248.0237264739583,248.080544640625
-1.0,60.0,127.0,0.17045450000000528,248.01129749999998,248.181752
-1.0,-1.0,0.0,0.17045450000000528,248.181752,248.3522065
-1.0,64.0,127.0,0.07990054687499537,248.3522065,248.432107046875
-1.0,-1.0,0.0,0.2610084531249868,248.432107046875,248.69311549999998
-1.0,64.0,127.0,0.07990054687499537,248.69311549999998,248.77301604687497
-1.0,-1.0,0.0,0.2610084531250152,248.77301604687497,249.0340245
-1.0,64.0,127.0,0.07990054687499537,249.0340245,249.11392504687498
-1.0,-1.0,0.0,0.43146295312499205,249.11392504687498,249.54538799999997
-1.0,64.0,127.0,0.15151511111111896,249.54538799999997,249.69690311111108
-1.0,-1.0,0.0,0.018939388888895792,249.69690311111108,249.71584249999998
-1.0,59.0,127.0,0.11718746875000363,249.71584249999998,249.83302996875
-1.0,-1.0,0.0,0.05326703124998744,249.83302996875,249.88629699999998
-1.0,60.0,127.0,0.07990054687499537,249.88629699999998,249.96619754687498
-1.0,60.0,127.0,0.07279827604165234,249.89339927083333,249.96619754687498
-1.0,70.0,127.0,0.17045450000000528,249.88629699999998,250.0567515
-1.0,61.0,127.0,0.06392043750000198,250.0567515,250.1206719375
-1.0,61.0,127.0,0.056818166666687375,250.0638537708333,250.1206719375
-1.0,56.0,127.0,0.17045450000000528,250.05675149999996,250.22720599999997
-1.0,-1.0,0.0,2.842170943040401e-14,250.22720599999997,250.227206
-1.0,60.0,127.0,0.0745738437499881,250.227206,250.30177984374998
-1.0,60.0,127.0,0.056818166666658954,250.24496167708332,250.30177984374998
-1.0,61.0,127.0,0.17045449999997686,250.22720599999997,250.39766049999994
-1.0,-1.0,0.0,0.01242897395837872,250.39766049999994,250.41008947395832
-1.0,60.0,127.0,0.056818166666658954,250.41008947395832,250.46690764062498
-1.0,70.0,127.0,0.17045450000000528,250.39766049999994,250.56811499999995
-1.0,-1.0,0.0,2.842170943040401e-14,250.56811499999995,250.56811499999998
-1.0,60.0,127.0,0.06392043750000198,250.56811499999998,250.63203543749998
-1.0,60.0,127.0,0.056818166666658954,250.57521727083332,250.63203543749998
-1.0,60.0,127.0,0.17045450000000528,250.56811499999995,250.73856949999995
-1.0,-1.0,0.0,2.842170943040401e-14,250.73856949999995,250.73856949999998
-1.0,60.0,127.0,0.06924714062500925,250.73856949999998,250.807816640625
-1.0,60.0,127.0,0.056818166666687375,250.7509984739583,250.807816640625
-1.0,62.0,127.0,0.17045450000000528,250.73856949999998,250.909024
-1.0,60.0,127.0,0.046164760416672834,250.909024,250.95518876041666
-1.0,60.0,127.0,0.03906248958335823,250.9161262708333,250.95518876041666
-1.0,65.0,127.0,0.17045450000000528,250.909024,251.0794785
-1.0,63.0,127.0,0.11363633333331791,251.0794785,251.1931148333333
-1.0,-1.0,0.0,0.056818166666658954,251.1931148333333,251.24993299999997
-1.0,60.0,127.0,0.06392043750000198,251.24993299999997,251.31385343749997
-1.0,60.0,127.0,0.056818166666658954,251.2570352708333,251.31385343749997
-1.0,58.0,127.0,0.17045450000000528,251.24993299999997,251.42038749999998
-1.0,-1.0,0.0,0.007102270833343027,251.42038749999998,251.42748977083332
-1.0,60.0,127.0,0.056818166666658954,251.42748977083332,251.48430793749998
-1.0,62.0,127.0,0.17045450000000528,251.42038749999998,251.59084199999998
-1.0,-1.0,0.0,0.007102270833343027,251.59084199999998,251.59794427083332
-1.0,60.0,127.0,0.056818166666658954,251.59794427083332,251.65476243749998
-1.0,61.0,127.0,0.17045450000000528,251.59084199999998,251.7612965
-1.0,59.0,127.0,0.11363633333333212,251.7612965,251.87493283333333
-1.0,-1.0,0.0,0.056818166666658954,251.87493283333333,251.931751
-1.0,66.0,127.0,0.14772723333331328,251.931751,252.0794782333333
-1.0,-1.0,0.0,0.02982953750000661,252.0794782333333,252.1093077708333
-1.0,60.0,127.0,0.056818166666658954,252.1093077708333,252.16612593749997
-1.0,61.0,127.0,0.17045450000000528,252.10220549999994,252.27265999999995
-1.0,-1.0,0.0,2.842170943040401e-14,252.27265999999995,252.27265999999997
-1.0,65.0,127.0,0.1420454166666758,252.27265999999997,252.41470541666666
-1.0,-1.0,0.0,0.028409083333315266,252.41470541666666,252.44311449999998
-1.0,59.0,127.0,0.11718746875000363,252.44311449999998,252.56030196874997
-1.0,-1.0,0.0,0.05326703125001586,252.56030196874997,252.61356899999998
-1.0,60.0,127.0,0.07990054687499537,252.61356899999998,252.69346954687498
-1.0,60.0,127.0,0.07279827604165234,252.62067127083333,252.69346954687498
-1.0,70.0,127.0,0.17045450000000528,252.61356899999998,252.7840235
-1.0,61.0,127.0,0.06392043750000198,252.7840235,252.8479439375
-1.0,61.0,127.0,0.056818166666687375,252.7911257708333,252.8479439375
-1.0,56.0,127.0,0.17045450000000528,252.78402349999996,252.95447799999997
-1.0,-1.0,0.0,2.842170943040401e-14,252.95447799999997,252.954478
-1.0,60.0,127.0,0.0745738437499881,252.954478,253.02905184374998
-1.0,60.0,127.0,0.056818166666658954,252.97223367708332,253.02905184374998
-1.0,61.0,127.0,0.17045449999997686,252.95447800000002,253.1249325
-1.0,-1.0,0.0,0.012428973958321876,253.1249325,253.13736147395832
-1.0,60.0,127.0,0.056818166666658954,253.13736147395832,253.19417964062498
-1.0,70.0,127.0,0.17045450000000528,253.12493249999997,253.29538699999998
-1.0,60.0,127.0,0.06392043750000198,253.29538699999998,253.35930743749998
-1.0,60.0,127.0,0.056818166666658954,253.30248927083332,253.35930743749998
-1.0,60.0,127.0,0.17045450000000528,253.29538699999998,253.46584149999998
-1.0,60.0,127.0,0.06924714062500925,253.46584149999998,253.535088640625
-1.0,60.0,127.0,0.056818166666687375,253.4782704739583,253.535088640625
-1.0,62.0,127.0,0.17045450000000528,253.46584149999998,253.636296
-1.0,60.0,127.0,0.046164760416672834,253.636296,253.68246076041666
-1.0,60.0,127.0,0.03906248958335823,253.6433982708333,253.68246076041666
-1.0,65.0,127.0,0.17045450000000528,253.636296,253.8067505
-1.0,63.0,127.0,0.11363633333331791,253.8067505,253.9203868333333
-1.0,-1.0,0.0,0.056818166666658954,253.9203868333333,253.97720499999997
-1.0,60.0,127.0,0.06392043750000198,253.97720499999997,254.04112543749997
-1.0,60.0,127.0,0.056818166666658954,253.9843072708333,254.04112543749997
-1.0,58.0,127.0,0.17045450000000528,253.97720499999997,254.14765949999997
-1.0,-1.0,0.0,0.007102270833343027,254.14765949999997,254.15476177083332
-1.0,60.0,127.0,0.056818166666658954,254.15476177083332,254.21157993749998
-1.0,62.0,127.0,0.17045450000000528,254.14765949999995,254.31811399999995
-1.0,-1.0,0.0,0.007102270833371449,254.31811399999995,254.32521627083332
-1.0,60.0,127.0,0.056818166666658954,254.32521627083332,254.38203443749998
-1.0,61.0,127.0,0.17045450000000528,254.31811399999998,254.48856849999999
-1.0,59.0,127.0,0.11363633333333212,254.48856849999999,254.6022048333333
-1.0,-1.0,0.0,0.056818166666687375,254.6022048333333,254.659023
-1.0,66.0,127.0,0.147727233333336,254.659023,254.80675023333333
-1.0,-1.0,0.0,0.029829537499978187,254.80675023333333,254.8365797708333
-1.0,60.0,127.0,0.056818166666658954,254.8365797708333,254.89339793749997
-1.0,61.0,127.0,0.17045449999997686,254.8294775,254.99993199999997
-1.0,65.0,127.0,0.1420454166666758,254.99993199999997,255.14197741666663
-1.0,-1.0,0.0,0.028409083333343688,255.14197741666663,255.17038649999998
-1.0,59.0,127.0,0.11718746875000363,255.17038649999998,255.28757396875
-1.0,-1.0,0.0,0.05326703124998744,255.28757396875,255.34084099999998
-1.0,60.0,127.0,0.07990054687499537,255.34084099999998,255.42074154687498
-1.0,60.0,127.0,0.07279827604165234,255.34794327083333,255.42074154687498
-1.0,70.0,127.0,0.17045450000000528,255.34084099999998,255.5112955
-1.0,61.0,127.0,0.06392043750000198,255.5112955,255.5752159375
-1.0,61.0,127.0,0.056818166666687375,255.5183977708333,255.5752159375
-1.0,56.0,127.0,0.17045450000000528,255.51129550000002,255.68175000000002
-1.0,60.0,127.0,0.0745738437499881,255.68175,255.75632384374998
-1.0,60.0,127.0,0.056818166666658954,255.69950567708332,255.75632384374998
-1.0,61.0,127.0,0.17045449999997686,255.68175000000002,255.8522045
-1.0,-1.0,0.0,0.012428973958321876,255.8522045,255.86463347395832
-1.0,60.0,127.0,0.056818166666658954,255.86463347395832,255.92145164062498
-1.0,70.0,127.0,0.17045450000000528,255.85220449999997,256.022659
-1.0,60.0,127.0,0.0639204375000304,256.022659,256.0865794375
-1.0,60.0,127.0,0.056818166666687375,256.0297612708333,256.0865794375
-1.0,60.0,127.0,0.17045450000000528,256.022659,256.1931135
-1.0,60.0,127.0,0.06924714062500925,256.1931135,256.262360640625
-1.0,60.0,127.0,0.056818166666687375,256.2055424739583,256.262360640625
-1.0,62.0,127.0,0.17045450000000528,256.1931135,256.363568
-1.0,60.0,127.0,0.046164760416672834,256.363568,256.40973276041666
-1.0,60.0,127.0,0.03906248958332981,256.37067027083333,256.40973276041666
-1.0,65.0,127.0,0.17045450000000528,256.363568,256.5340225
-1.0,63.0,127.0,0.11363633333331791,256.5340225,256.6476588333333
-1.0,-1.0,0.0,0.056818166666687375,256.6476588333333,256.704477
-1.0,60.0,127.0,0.06392043749997356,256.704477,256.76839743749997
-1.0,60.0,127.0,0.05681816666663053,256.71157927083334,256.76839743749997
-1.0,58.0,127.0,0.17045450000000528,256.704477,256.8749315
-1.0,-1.0,0.0,0.007102270833286184,256.8749315,256.8820337708333
-1.0,60.0,127.0,0.056818166666687375,256.8820337708333,256.9388519375
-1.0,62.0,127.0,0.17045450000000528,256.8749315,257.045386
-1.0,-1.0,0.0,0.007102270833286184,257.045386,257.0524882708333
-1.0,60.0,127.0,0.056818166666687375,257.0524882708333,257.1093064375
-1.0,61.0,127.0,0.17045449999994844,257.045386,257.21584049999996
-1.0,59.0,127.0,0.11363633333334633,257.21584049999996,257.3294768333333
-1.0,-1.0,0.0,0.056818166666687375,257.3294768333333,257.38629499999996
-1.0,66.0,127.0,0.1477272333333417,257.38629499999996,257.5340222333333
-1.0,-1.0,0.0,0.02982953750000661,257.5340222333333,257.5638517708333
-1.0,60.0,127.0,0.056818166666687375,257.5638517708333,257.6206699375
-1.0,61.0,127.0,0.17045450000000528,257.55674949999997,257.727204
-1.0,65.0,127.0,0.1420454166666758,257.727204,257.86924941666666
-1.0,-1.0,0.0,0.028409083333315266,257.86924941666666,257.8976585
-1.0,59.0,127.0,0.11718746875001784,257.8976585,258.01484596875
-1.0,-1.0,0.0,0.05326703124995902,258.01484596875,258.068113
-1.0,60.0,127.0,0.07990054687502379,258.068113,258.148013546875
-1.0,60.0,127.0,0.07279827604168077,258.0752152708333,258.148013546875
-1.0,70.0,127.0,0.17045450000000528,258.068113,258.2385675
-1.0,61.0,127.0,0.06392043749997356,258.2385675,258.30248793749996
-1.0,61.0,127.0,0.05681816666663053,258.24566977083333,258.30248793749996
-1.0,56.0,127.0,0.17045450000000528,258.2385675,258.409022
-1.0,60.0,127.0,0.0745738437499881,258.409022,258.48359584375
-1.0,60.0,127.0,0.056818166666687375,258.4267776770833,258.48359584375
-1.0,61.0,127.0,0.17045450000000528,258.409022,258.5794765
-1.0,-1.0,0.0,0.012428973958321876,258.5794765,258.5919054739583
-1.0,60.0,127.0,0.056818166666687375,258.5919054739583,258.648723640625
-1.0,70.0,127.0,0.17045450000000528,258.5794765,258.749931
-1.0,60.0,127.0,0.06392043749997356,258.749931,258.8138514375
-1.0,60.0,127.0,0.056818166666687375,258.7570332708333,258.8138514375
-1.0,60.0,127.0,0.17045450000000528,258.749931,258.9203855
-1.0,60.0,127.0,0.06924714062495241,258.9203855,258.98963264062496
-1.0,60.0,127.0,0.05681816666663053,258.93281447395833,258.98963264062496
-1.0,62.0,127.0,0.17045449999994844,258.9203855,259.09083999999996
-1.0,60.0,127.0,0.046164760416672834,259.09083999999996,259.13700476041663
-1.0,60.0,127.0,0.03906248958332981,259.0979422708333,259.13700476041663
-1.0,65.0,127.0,0.17045450000000528,259.09083999999996,259.26129449999996
-1.0,63.0,127.0,0.11363633333334633,259.26129449999996,259.37493083333334
-1.0,-1.0,0.0,0.05681816666663053,259.37493083333334,259.43174899999997
-1.0,60.0,127.0,0.0639204375000304,259.43174899999997,259.4956694375
-1.0,60.0,127.0,0.056818166666687375,259.4388512708333,259.4956694375
-1.0,58.0,127.0,0.17045450000000528,259.43174899999997,259.6022035
-1.0,-1.0,0.0,0.007102270833343027,259.6022035,259.6093057708333
-1.0,60.0,127.0,0.056818166666687375,259.6093057708333,259.6661239375
-1.0,62.0,127.0,0.17045450000000528,259.60220350000003,259.77265800000004
-1.0,-1.0,0.0,0.007102270833286184,259.77265800000004,259.7797602708333
-1.0,60.0,127.0,0.056818166666687375,259.7797602708333,259.8365784375
-1.0,61.0,127.0,0.17045450000000528,259.772658,259.9431125
-1.0,59.0,127.0,0.11363633333334633,259.9431125,260.05674883333336
-1.0,-1.0,0.0,0.05681816666663053,260.05674883333336,260.113567
-1.0,66.0,127.0,0.1477272333333417,260.113567,260.26129423333333
-1.0,-1.0,0.0,0.02982953750000661,260.26129423333333,260.29112377083334
-1.0,60.0,127.0,0.05681816666663053,260.29112377083334,260.34794193749997
-1.0,61.0,127.0,0.17045450000000528,260.2840215,260.454476
-1.0,63.0,127.0,0.14772723333333032,260.454476,260.60220323333334
-1.0,-1.0,0.0,0.02272726666666358,260.60220323333334,260.6249305
-1.0,59.0,127.0,0.117187468749961,260.6249305,260.74211796875
-1.0,-1.0,0.0,0.05326703124995902,260.74211796875,260.79538499999995
-1.0,60.0,127.0,0.07990054687502379,260.79538499999995,260.875285546875
-1.0,60.0,127.0,0.07279827604168077,260.8024872708333,260.875285546875
-1.0,70.0,127.0,0.17045450000000528,260.79538499999995,260.96583949999996
-1.0,61.0,127.0,0.0639204375000304,260.96583949999996,261.0297599375
-1.0,61.0,127.0,0.056818166666687375,260.9729417708333,261.0297599375
-1.0,56.0,127.0,0.17045450000000528,260.96583949999996,261.13629399999996
-1.0,60.0,127.0,0.07457384375004494,261.13629399999996,261.21086784375
-1.0,60.0,127.0,0.056818166666687375,261.1540496770833,261.21086784375
-1.0,60.0,127.0,0.17045450000000528,261.13629399999996,261.30674849999997
-1.0,-1.0,0.0,0.012428973958321876,261.30674849999997,261.3191774739583
-1.0,60.0,127.0,0.056818166666687375,261.3191774739583,261.375995640625
-1.0,70.0,127.0,0.17045450000000528,261.30674849999997,261.477203
-1.0,60.0,127.0,0.0639204375000304,261.477203,261.5411234375
-1.0,60.0,127.0,0.056818166666687375,261.4843052708333,261.5411234375
-1.0,60.0,127.0,0.17045450000000528,261.477203,261.6476575
-1.0,60.0,127.0,0.06924714062500925,261.6476575,261.716904640625
-1.0,60.0,127.0,0.056818166666687375,261.6600864739583,261.716904640625
-1.0,62.0,127.0,0.17045450000000528,261.6476575,261.818112
-1.0,60.0,127.0,0.046164760416672834,261.818112,261.86427676041666
-1.0,60.0,127.0,0.03906248958332981,261.8252142708333,261.86427676041666
-1.0,63.0,127.0,0.17045450000000528,261.818112,261.9885665
-1.0,63.0,127.0,0.11363633333331791,261.9885665,262.1022028333333
-1.0,-1.0,0.0,0.056818166666687375,262.1022028333333,262.159021
-1.0,60.0,127.0,0.06392043749997356,262.159021,262.22294143749997
-1.0,60.0,127.0,0.05681816666663053,262.16612327083334,262.22294143749997
-1.0,58.0,127.0,0.17045450000000528,262.159021,262.3294755
-1.0,-1.0,0.0,0.007102270833286184,262.3294755,262.3365777708333
-1.0,60.0,127.0,0.056818166666687375,262.3365777708333,262.3933959375
-1.0,62.0,127.0,0.17045450000000528,262.3294755,262.49993
-1.0,-1.0,0.0,0.007102270833286184,262.49993,262.5070322708333
-1.0,60.0,127.0,0.056818166666687375,262.5070322708333,262.5638504375
-1.0,60.0,127.0,0.17045449999994844,262.49993,262.67038449999995
-1.0,59.0,127.0,0.11363633333334633,262.67038449999995,262.78402083333333
-1.0,-1.0,0.0,0.05681816666663053,262.78402083333333,262.84083899999996
-1.0,66.0,127.0,0.1477272333333417,262.84083899999996,262.9885662333333
-1.0,-1.0,0.0,0.02982953750000661,262.9885662333333,263.0183957708333
-1.0,60.0,127.0,0.056818166666687375,263.0183957708333,263.0752139375
-1.0,61.0,127.0,0.17045450000000528,263.01129349999997,263.18174799999997
-1.0,63.0,127.0,0.1477272333333417,263.18174799999997,263.3294752333333
-1.0,-1.0,0.0,0.02272726666666358,263.3294752333333,263.3522025
-1.0,59.0,127.0,0.11718746875001784,263.3522025,263.46938996874997
-1.0,-1.0,0.0,0.05326703125001586,263.46938996874997,263.522657
-1.0,60.0,127.0,0.07990054687502379,263.522657,263.602557546875
-1.0,60.0,127.0,0.07279827604168077,263.5297592708333,263.602557546875
-1.0,70.0,127.0,0.17045450000000528,263.522657,263.6931115
-1.0,61.0,127.0,0.06392043749997356,263.6931115,263.75703193749996
-1.0,61.0,127.0,0.05681816666663053,263.70021377083333,263.75703193749996
-1.0,56.0,127.0,0.17045450000000528,263.6931115,263.863566
-1.0,60.0,127.0,0.0745738437499881,263.863566,263.93813984375
-1.0,60.0,127.0,0.056818166666687375,263.8813216770833,263.93813984375
-1.0,60.0,127.0,0.17045450000000528,263.863566,264.0340205
-1.0,-1.0,0.0,0.012428973958321876,264.0340205,264.0464494739583
-1.0,60.0,127.0,0.056818166666687375,264.0464494739583,264.103267640625
-1.0,70.0,127.0,0.17045450000000528,264.0340205,264.204475
-1.0,60.0,127.0,0.06392043749997356,264.204475,264.2683954375
-1.0,60.0,127.0,0.056818166666687375,264.2115772708333,264.2683954375
-1.0,60.0,127.0,0.17045450000000528,264.204475,264.3749295
-1.0,60.0,127.0,0.06924714062495241,264.3749295,264.44417664062496
-1.0,60.0,127.0,0.05681816666663053,264.38735847395833,264.44417664062496
-1.0,62.0,127.0,0.17045449999994844,264.3749295,264.54538399999996
-1.0,60.0,127.0,0.046164760416672834,264.54538399999996,264.59154876041663
-1.0,60.0,127.0,0.03906248958332981,264.5524862708333,264.59154876041663
-1.0,63.0,127.0,0.17045450000000528,264.54538399999996,264.71583849999996
-1.0,63.0,127.0,0.11363633333334633,264.71583849999996,264.8294748333333
-1.0,-1.0,0.0,0.056818166666687375,264.8294748333333,264.88629299999997
-1.0,60.0,127.0,0.0639204375000304,264.88629299999997,264.9502134375
-1.0,60.0,127.0,0.056818166666687375,264.8933952708333,264.9502134375
-1.0,58.0,127.0,0.17045450000000528,264.88629299999997,265.0567475
-1.0,-1.0,0.0,0.007102270833343027,265.0567475,265.0638497708333
-1.0,60.0,127.0,0.056818166666687375,265.0638497708333,265.1206679375
-1.0,62.0,127.0,0.17045450000000528,265.0567475,265.227202
-1.0,-1.0,0.0,0.007102270833343027,265.227202,265.2343042708333
-1.0,60.0,127.0,0.056818166666687375,265.2343042708333,265.2911224375
-1.0,60.0,127.0,0.17045450000000528,265.227202,265.3976565
-1.0,59.0,127.0,0.11363633333334633,265.3976565,265.5112928333333
-1.0,-1.0,0.0,0.056818166666687375,265.5112928333333,265.568111
-1.0,66.0,127.0,0.1477272333333417,265.568111,265.71583823333333
-1.0,-1.0,0.0,0.02982953750000661,265.71583823333333,265.74566777083334
-1.0,60.0,127.0,0.05681816666663053,265.74566777083334,265.80248593749997
-1.0,61.0,127.0,0.17045450000000528,265.7385655,265.90902
-1.0,63.0,127.0,0.14772723333333032,265.90902,266.05674723333334
-1.0,-1.0,0.0,0.02272726666666358,266.05674723333334,266.0794745
-1.0,59.0,127.0,0.11718746874998942,266.0794745,266.19666196875
-1.0,-1.0,0.0,0.05326703125001586,266.19666196875,266.249929
-1.0,60.0,127.0,0.07990054687496695,266.249929,266.329829546875
-1.0,60.0,127.0,0.07279827604168077,266.2570312708333,266.329829546875
-1.0,70.0,127.0,0.17045449999994844,266.249929,266.42038349999996
-1.0,61.0,127.0,0.0639204375000304,266.42038349999996,266.4843039375
-1.0,61.0,127.0,0.056818166666687375,266.4274857708333,266.4843039375
-1.0,56.0,127.0,0.17045450000000528,266.42038349999996,266.59083799999996
-1.0,60.0,127.0,0.07457384375004494,266.59083799999996,266.66541184375
-1.0,60.0,127.0,0.056818166666687375,266.6085936770833,266.66541184375
-1.0,60.0,127.0,0.17045450000000528,266.590838,266.7612925
-1.0,-1.0,0.0,0.012428973958265033,266.7612925,266.7737214739583
-1.0,60.0,127.0,0.056818166666687375,266.7737214739583,266.830539640625
-1.0,70.0,127.0,0.17045450000000528,266.76129249999997,266.931747
-1.0,60.0,127.0,0.0639204375000304,266.931747,266.9956674375
-1.0,60.0,127.0,0.056818166666687375,266.9388492708333,266.9956674375
-1.0,60.0,127.0,0.17045450000000528,266.931747,267.1022015
-1.0,60.0,127.0,0.06924714062500925,267.1022015,267.171448640625
-1.0,60.0,127.0,0.056818166666687375,267.1146304739583,267.171448640625
-1.0,62.0,127.0,0.17045450000000528,267.1022015,267.272656
-1.0,60.0,127.0,0.046164760416672834,267.272656,267.31882076041666
-1.0,60.0,127.0,0.03906248958332981,267.2797582708333,267.31882076041666
-1.0,63.0,127.0,0.17045450000000528,267.272656,267.4431105
-1.0,63.0,127.0,0.11363633333331791,267.4431105,267.5567468333333
-1.0,-1.0,0.0,0.056818166666687375,267.5567468333333,267.613565
-1.0,60.0,127.0,0.06392043749997356,267.613565,267.67748543749997
-1.0,60.0,127.0,0.05681816666663053,267.62066727083334,267.67748543749997
-1.0,58.0,127.0,0.17045450000000528,267.613565,267.7840195
-1.0,-1.0,0.0,0.007102270833343027,267.7840195,267.79112177083334
-1.0,60.0,127.0,0.05681816666663053,267.79112177083334,267.8479399375
-1.0,62.0,127.0,0.17045450000000528,267.78401949999994,267.95447399999995
-1.0,-1.0,0.0,0.007102270833343027,267.95447399999995,267.9615762708333
-1.0,60.0,127.0,0.056818166666687375,267.9615762708333,268.0183944375
-1.0,60.0,127.0,0.17045449999994844,267.954474,268.12492849999995
-1.0,59.0,127.0,0.11363633333334633,268.12492849999995,268.23856483333327
-1.0,-1.0,0.0,0.056818166666687375,268.23856483333327,268.29538299999996
-1.0,66.0,127.0,0.1477272333333417,268.29538299999996,268.4431102333333
-1.0,-1.0,0.0,0.02982953750000661,268.4431102333333,268.4729397708333
-1.0,60.0,127.0,0.056818166666687375,268.4729397708333,268.5297579375
-1.0,61.0,127.0,0.17045450000000528,268.46583749999996,268.63629199999997
-1.0,63.0,127.0,0.1477272333333417,268.63629199999997,268.7840192333333
-1.0,-1.0,0.0,0.02272726666666358,268.7840192333333,268.8067465
-1.0,59.0,127.0,0.11718746875001784,268.8067465,268.92393396875
-1.0,-1.0,0.0,0.05326703124995902,268.92393396875,268.977201
-1.0,60.0,127.0,0.07990054687502379,268.977201,269.057101546875
-1.0,60.0,127.0,0.07279827604168077,268.9843032708333,269.057101546875
-1.0,70.0,127.0,0.17045450000000528,268.977201,269.1476555
-1.0,61.0,127.0,0.06392043749997356,269.1476555,269.21157593749996
-1.0,61.0,127.0,0.05681816666663053,269.1547577708333,269.21157593749996
-1.0,56.0,127.0,0.17045450000000528,269.1476555,269.31811
-1.0,60.0,127.0,0.0745738437499881,269.31811,269.39268384375
-1.0,60.0,127.0,0.056818166666687375,269.3358656770833,269.39268384375
-1.0,60.0,127.0,0.17045450000000528,269.31811,269.4885645
-1.0,-1.0,0.0,0.012428973958321876,269.4885645,269.5009934739583
-1.0,60.0,127.0,0.056818166666687375,269.5009934739583,269.557811640625
-1.0,70.0,127.0,0.17045450000000528,269.4885645,269.659019
-1.0,60.0,127.0,0.06392043749997356,269.659019,269.7229394375
-1.0,60.0,127.0,0.056818166666687375,269.6661212708333,269.7229394375
-1.0,60.0,127.0,0.17045450000000528,269.659019,269.8294735
-1.0,60.0,127.0,0.06924714062495241,269.8294735,269.89872064062496
-1.0,60.0,127.0,0.05681816666663053,269.8419024739583,269.89872064062496
-1.0,62.0,127.0,0.17045449999994844,269.8294735,269.99992799999995
-1.0,60.0,127.0,0.046164760416672834,269.99992799999995,270.0460927604166
-1.0,60.0,127.0,0.03906248958332981,270.0070302708333,270.0460927604166
-1.0,63.0,127.0,0.17045450000000528,269.99992799999995,270.17038249999996
-1.0,63.0,127.0,0.11363633333334633,270.17038249999996,270.28401883333333
-1.0,-1.0,0.0,0.05681816666663053,270.28401883333333,270.34083699999996
-1.0,60.0,127.0,0.0639204375000304,270.34083699999996,270.4047574375
-1.0,60.0,127.0,0.056818166666687375,270.3479392708333,270.4047574375
-1.0,58.0,127.0,0.17045450000000528,270.34083699999996,270.51129149999997
-1.0,-1.0,0.0,0.007102270833343027,270.51129149999997,270.5183937708333
-1.0,60.0,127.0,0.056818166666687375,270.5183937708333,270.5752119375
-1.0,62.0,127.0,0.17045450000000528,270.51129149999997,270.681746
-1.0,-1.0,0.0,0.007102270833343027,270.681746,270.6888482708333
-1.0,60.0,127.0,0.056818166666687375,270.6888482708333,270.7456664375
-1.0,60.0,127.0,0.17045450000000528,270.681746,270.8522005
-1.0,59.0,127.0,0.11363633333334633,270.8522005,270.96583683333336
-1.0,-1.0,0.0,0.05681816666663053,270.96583683333336,271.022655
-1.0,66.0,127.0,0.1477272333333417,271.022655,271.1703822333333
-1.0,-1.0,0.0,0.02982953750000661,271.1703822333333,271.20021177083333
-1.0,60.0,127.0,0.05681816666663053,271.20021177083333,271.25702993749996
-1.0,61.0,127.0,0.17045450000000528,271.1931095,271.363564
-1.0,63.0,127.0,0.14772723333333032,271.363564,271.51129123333334
-1.0,-1.0,0.0,0.02272726666666358,271.51129123333334,271.5340185
-1.0,59.0,127.0,0.11718746874998942,271.5340185,271.65120596875
-1.0,-1.0,0.0,0.05326703125001586,271.65120596875,271.704473
-1.0,60.0,127.0,0.07990054687496695,271.704473,271.784373546875
-1.0,60.0,127.0,0.07279827604168077,271.7115752708333,271.784373546875
-1.0,70.0,127.0,0.17045449999994844,271.704473,271.87492749999996
-1.0,61.0,127.0,0.0639204375000304,271.87492749999996,271.9388479375
-1.0,61.0,127.0,0.056818166666687375,271.8820297708333,271.9388479375
-1.0,56.0,127.0,0.17045450000000528,271.87492749999996,272.04538199999996
-1.0,60.0,127.0,0.07457384375004494,272.04538199999996,272.11995584375
-1.0,60.0,127.0,0.056818166666687375,272.0631376770833,272.11995584375
-1.0,60.0,127.0,0.17045450000000528,272.04538199999996,272.21583649999997
-1.0,-1.0,0.0,0.012428973958321876,272.21583649999997,272.2282654739583
-1.0,60.0,127.0,0.056818166666687375,272.2282654739583,272.285083640625
-1.0,70.0,127.0,0.17045450000000528,272.21583649999997,272.38629099999997
-1.0,60.0,127.0,0.0639204375000304,272.38629099999997,272.4502114375
-1.0,60.0,127.0,0.056818166666687375,272.3933932708333,272.4502114375
-1.0,60.0,127.0,0.17045450000000528,272.38629099999997,272.5567455
-1.0,60.0,127.0,0.06924714062500925,272.5567455,272.625992640625
-1.0,60.0,127.0,0.056818166666687375,272.5691744739583,272.625992640625
-1.0,62.0,127.0,0.17045450000000528,272.5567455,272.7272
-1.0,60.0,127.0,0.046164760416672834,272.7272,272.77336476041665
-1.0,60.0,127.0,0.03906248958332981,272.7343022708333,272.77336476041665
-1.0,63.0,127.0,0.17045450000000528,272.7272,272.8976545
-1.0,63.0,127.0,0.11363633333334633,272.8976545,273.0112908333333
-1.0,-1.0,0.0,0.056818166666687375,273.0112908333333,273.068109
-1.0,60.0,127.0,0.06392043749997356,273.068109,273.13202943749997
-1.0,60.0,127.0,0.05681816666663053,273.07521127083334,273.13202943749997
-1.0,58.0,127.0,0.17045450000000528,273.068109,273.2385635
-1.0,-1.0,0.0,0.007102270833343027,273.2385635,273.24566577083334
-1.0,60.0,127.0,0.05681816666663053,273.24566577083334,273.30248393749997
-1.0,62.0,127.0,0.17045450000000528,273.2385635,273.409018
-1.0,-1.0,0.0,0.007102270833286184,273.409018,273.4161202708333
-1.0,60.0,127.0,0.056818166666687375,273.4161202708333,273.4729384375
-1.0,60.0,127.0,0.17045450000000528,273.409018,273.5794725
-1.0,59.0,127.0,0.11363633333328949,273.5794725,273.6931088333333
-1.0,-1.0,0.0,0.05681816666663053,273.6931088333333,273.74992699999996
-1.0,66.0,127.0,0.1477272333333417,273.74992699999996,273.8976542333333
-1.0,-1.0,0.0,0.02982953750000661,273.8976542333333,273.9274837708333
-1.0,60.0,127.0,0.056818166666687375,273.9274837708333,273.9843019375
-1.0,61.0,127.0,0.17045450000000528,273.92038149999996,274.09083599999997
-1.0,63.0,127.0,0.1477272333333417,274.09083599999997,274.2385632333333
-1.0,-1.0,0.0,0.02272726666666358,274.2385632333333,274.2612905
-1.0,59.0,127.0,0.11718746875001784,274.2612905,274.37847796874996
-1.0,-1.0,0.0,0.05326703125001586,274.37847796874996,274.431745
-1.0,60.0,127.0,0.07990054687502379,274.431745,274.511645546875
-1.0,60.0,127.0,0.07279827604168077,274.4388472708333,274.511645546875
-1.0,70.0,127.0,0.17045450000000528,274.431745,274.6021995
-1.0,61.0,127.0,0.06392043749997356,274.6021995,274.66611993749996
-1.0,61.0,127.0,0.05681816666663053,274.6093017708333,274.66611993749996
-1.0,56.0,127.0,0.17045450000000528,274.6021995,274.772654
-1.0,60.0,127.0,0.0745738437499881,274.772654,274.84722784375
-1.0,60.0,127.0,0.056818166666687375,274.7904096770833,274.84722784375
-1.0,60.0,127.0,0.17045450000000528,274.77265399999993,274.94310849999994
-1.0,-1.0,0.0,0.01242897395837872,274.94310849999994,274.9555374739583
-1.0,60.0,127.0,0.056818166666687375,274.9555374739583,275.012355640625
-1.0,70.0,127.0,0.17045450000000528,274.9431085,275.113563
-1.0,60.0,127.0,0.06392043749997356,275.113563,275.1774834375
-1.0,60.0,127.0,0.05681816666663053,275.12066527083334,275.1774834375
-1.0,60.0,127.0,0.17045450000000528,275.113563,275.2840175
-1.0,60.0,127.0,0.06924714062495241,275.2840175,275.35326464062496
-1.0,60.0,127.0,0.05681816666663053,275.2964464739583,275.35326464062496
-1.0,62.0,127.0,0.17045449999994844,275.2840175,275.45447199999995
-1.0,60.0,127.0,0.046164760416672834,275.45447199999995,275.5006367604166
-1.0,60.0,127.0,0.03906248958332981,275.4615742708333,275.5006367604166
-1.0,63.0,127.0,0.17045450000000528,275.45447199999995,275.62492649999996
-1.0,63.0,127.0,0.11363633333334633,275.62492649999996,275.7385628333333
-1.0,-1.0,0.0,0.056818166666687375,275.7385628333333,275.79538099999996
-1.0,60.0,127.0,0.0639204375000304,275.79538099999996,275.8593014375
-1.0,60.0,127.0,0.056818166666687375,275.8024832708333,275.8593014375
-1.0,58.0,127.0,0.17045450000000528,275.79538099999996,275.96583549999997
-1.0,-1.0,0.0,0.007102270833343027,275.96583549999997,275.9729377708333
-1.0,60.0,127.0,0.056818166666687375,275.9729377708333,276.0297559375
-1.0,62.0,127.0,0.17045450000000528,275.96583549999997,276.13629
-1.0,-1.0,0.0,0.007102270833343027,276.13629,276.1433922708333
-1.0,60.0,127.0,0.056818166666687375,276.1433922708333,276.2002104375
-1.0,60.0,127.0,0.17045450000000528,276.13629,276.3067445
-1.0,59.0,127.0,0.11363633333334633,276.3067445,276.4203808333333
-1.0,-1.0,0.0,0.056818166666687375,276.4203808333333,276.477199
-1.0,66.0,127.0,0.1477272333333417,276.477199,276.6249262333333
-1.0,-1.0,0.0,0.02982953750000661,276.6249262333333,276.65475577083333
-1.0,60.0,127.0,0.05681816666663053,276.65475577083333,276.71157393749996
-1.0,61.0,127.0,0.17045450000000528,276.6476535,276.818108
-1.0,63.0,127.0,0.14772723333333032,276.818108,276.96583523333334
-1.0,-1.0,0.0,0.02272726666666358,276.96583523333334,276.9885625
-1.0,59.0,127.0,0.11718746874998942,276.9885625,277.10574996875
-1.0,-1.0,0.0,0.05326703125001586,277.10574996875,277.159017
-1.0,60.0,127.0,0.07990054687496695,277.159017,277.238917546875
-1.0,60.0,127.0,0.07279827604168077,277.1661192708333,277.238917546875
-1.0,70.0,127.0,0.17045449999994844,277.159017,277.32947149999995
-1.0,61.0,127.0,0.0639204375000304,277.32947149999995,277.3933919375
-1.0,61.0,127.0,0.056818166666687375,277.3365737708333,277.3933919375
-1.0,56.0,127.0,0.17045450000000528,277.32947149999995,277.49992599999996
-1.0,60.0,127.0,0.07457384375004494,277.49992599999996,277.57449984375
-1.0,60.0,127.0,0.056818166666687375,277.5176816770833,277.57449984375
-1.0,60.0,127.0,0.17045450000000528,277.49992599999996,277.67038049999996
-1.0,-1.0,0.0,0.012428973958321876,277.67038049999996,277.6828094739583
-1.0,60.0,127.0,0.056818166666687375,277.6828094739583,277.739627640625
-1.0,70.0,127.0,0.17045450000000528,277.67038049999996,277.84083499999997
-1.0,60.0,127.0,0.0639204375000304,277.84083499999997,277.9047554375
-1.0,60.0,127.0,0.056818166666687375,277.8479372708333,277.9047554375
-1.0,60.0,127.0,0.17045450000000528,277.84083499999997,278.0112895
-1.0,60.0,127.0,0.06924714062500925,278.0112895,278.080536640625
-1.0,60.0,127.0,0.056818166666687375,278.0237184739583,278.080536640625
-1.0,62.0,127.0,0.17045450000000528,278.0112895,278.181744
-1.0,60.0,127.0,0.046164760416672834,278.181744,278.22790876041665
-1.0,60.0,127.0,0.03906248958332981,278.1888462708333,278.22790876041665
-1.0,63.0,127.0,0.17045450000000528,278.181744,278.3521985
-1.0,63.0,127.0,0.11363633333334633,278.3521985,278.46583483333336
-1.0,-1.0,0.0,0.05681816666663053,278.46583483333336,278.522653
-1.0,60.0,127.0,0.06392043749997356,278.522653,278.58657343749996
-1.0,60.0,127.0,0.05681816666663053,278.52975527083333,278.58657343749996
-1.0,58.0,127.0,0.17045450000000528,278.522653,278.6931075
-1.0,-1.0,0.0,0.007102270833343027,278.6931075,278.70020977083334
-1.0,60.0,127.0,0.05681816666663053,278.70020977083334,278.75702793749997
-1.0,62.0,127.0,0.17045450000000528,278.6931075,278.863562
-1.0,-1.0,0.0,0.007102270833286184,278.863562,278.8706642708333
-1.0,60.0,127.0,0.056818166666687375,278.8706642708333,278.9274824375
-1.0,60.0,127.0,0.17045450000000528,278.863562,279.0340165
-1.0,59.0,127.0,0.11363633333328949,279.0340165,279.14765283333327
-1.0,-1.0,0.0,0.056818166666687375,279.14765283333327,279.20447099999996
-1.0,66.0,127.0,0.1477272333333417,279.20447099999996,279.3521982333333
-1.0,-1.0,0.0,0.02982953750000661,279.3521982333333,279.3820277708333
-1.0,60.0,127.0,0.056818166666687375,279.3820277708333,279.4388459375
-1.0,61.0,127.0,0.17045450000000528,279.37492549999996,279.54537999999997
-1.0,63.0,127.0,0.1477272333333417,279.54537999999997,279.6931072333333
-1.0,-1.0,0.0,0.02272726666666358,279.6931072333333,279.71583449999997
-1.0,59.0,127.0,0.11718746875001784,279.71583449999997,279.83302196875
-1.0,-1.0,0.0,0.05326703124995902,279.83302196875,279.886289
-1.0,60.0,127.0,0.07990054687502379,279.886289,279.966189546875
-1.0,60.0,127.0,0.07279827604168077,279.8933912708333,279.966189546875
-1.0,70.0,127.0,0.17045450000000528,279.886289,280.0567435
-1.0,61.0,127.0,0.06392043749997356,280.0567435,280.12066393749996
-1.0,61.0,127.0,0.05681816666663053,280.0638457708333,280.12066393749996
-1.0,56.0,127.0,0.17045450000000528,280.0567435,280.227198
-1.0,60.0,127.0,0.0745738437499881,280.227198,280.30177184375
-1.0,60.0,127.0,0.056818166666687375,280.2449536770833,280.30177184375
-1.0,60.0,127.0,0.17045450000000528,280.227198,280.3976525
-1.0,-1.0,0.0,0.012428973958321876,280.3976525,280.4100814739583
-1.0,60.0,127.0,0.056818166666687375,280.4100814739583,280.466899640625
-1.0,70.0,127.0,0.17045450000000528,280.3976525,280.568107
-1.0,60.0,127.0,0.06392043749997356,280.568107,280.63202743749997
-1.0,60.0,127.0,0.05681816666663053,280.57520927083334,280.63202743749997
-1.0,60.0,127.0,0.17045450000000528,280.568107,280.7385615
-1.0,60.0,127.0,0.06924714062495241,280.7385615,280.80780864062496
-1.0,60.0,127.0,0.05681816666663053,280.7509904739583,280.80780864062496
-1.0,62.0,127.0,0.17045450000000528,280.7385615,280.909016
-1.0,60.0,127.0,0.04616476041661599,280.909016,280.9551807604166
-1.0,60.0,127.0,0.03906248958332981,280.9161182708333,280.9551807604166
-1.0,63.0,127.0,0.17045449999994844,280.909016,281.07947049999996
-1.0,63.0,127.0,0.11363633333334633,281.07947049999996,281.19310683333333
-1.0,-1.0,0.0,0.05681816666663053,281.19310683333333,281.24992499999996
-1.0,60.0,127.0,0.0639204375000304,281.24992499999996,281.3138454375
-1.0,60.0,127.0,0.056818166666687375,281.2570272708333,281.3138454375
-1.0,58.0,127.0,0.17045450000000528,281.24992499999996,281.42037949999997
-1.0,-1.0,0.0,0.007102270833343027,281.42037949999997,281.4274817708333
-1.0,60.0,127.0,0.056818166666687375,281.4274817708333,281.4842999375
-1.0,62.0,127.0,0.17045450000000528,281.4203794999999,281.5908339999999
-1.0,-1.0,0.0,0.007102270833399871,281.5908339999999,281.5979362708333
-1.0,60.0,127.0,0.056818166666687375,281.5979362708333,281.6547544375
-1.0,60.0,127.0,0.17045450000000528,281.590834,281.7612885
-1.0,59.0,127.0,0.11363633333334633,281.7612885,281.87492483333335
-1.0,-1.0,0.0,0.05681816666663053,281.87492483333335,281.931743
-1.0,66.0,127.0,0.1477272333333417,281.931743,282.0794702333333
-1.0,-1.0,0.0,0.02982953750000661,282.0794702333333,282.10929977083333
-1.0,60.0,127.0,0.05681816666663053,282.10929977083333,282.16611793749996
-1.0,61.0,127.0,0.17045450000000528,282.1021975,282.272652
-1.0,63.0,127.0,0.14772723333333032,282.272652,282.42037923333334
-1.0,-1.0,0.0,0.02272726666666358,282.42037923333334,282.4431065
-1.0,59.0,127.0,0.11718746874998942,282.4431065,282.56029396875
-1.0,-1.0,0.0,0.05326703125001586,282.56029396875,282.613561
-1.0,60.0,127.0,0.07990054687496695,282.613561,282.69346154687497
-1.0,60.0,127.0,0.07279827604168077,282.6206632708333,282.69346154687497
-1.0,70.0,127.0,0.17045449999994844,282.613561,282.78401549999995
-1.0,61.0,127.0,0.0639204375000304,282.78401549999995,282.8479359375
-1.0,61.0,127.0,0.056818166666687375,282.7911177708333,282.8479359375
-1.0,56.0,127.0,0.17045450000000528,282.78401549999995,282.95446999999996
-1.0,60.0,127.0,0.07457384375004494,282.95446999999996,283.02904384375
-1.0,60.0,127.0,0.056818166666687375,282.9722256770833,283.02904384375
-1.0,60.0,127.0,0.17045450000000528,282.95446999999996,283.12492449999996
-1.0,-1.0,0.0,0.012428973958321876,283.12492449999996,283.1373534739583
-1.0,60.0,127.0,0.056818166666687375,283.1373534739583,283.194171640625
-1.0,70.0,127.0,0.17045450000000528,283.12492449999996,283.29537899999997
-1.0,60.0,127.0,0.0639204375000304,283.29537899999997,283.3592994375
-1.0,60.0,127.0,0.056818166666687375,283.3024812708333,283.3592994375
-1.0,60.0,127.0,0.17045450000000528,283.29537899999997,283.4658335
-1.0,60.0,127.0,0.06924714062500925,283.4658335,283.535080640625
-1.0,60.0,127.0,0.056818166666687375,283.4782624739583,283.535080640625
-1.0,62.0,127.0,0.17045450000000528,283.4658335,283.636288
-1.0,60.0,127.0,0.046164760416672834,283.636288,283.68245276041665
-1.0,60.0,127.0,0.03906248958332981,283.6433902708333,283.68245276041665
-1.0,63.0,127.0,0.17045450000000528,283.636288,283.8067425
-1.0,63.0,127.0,0.11363633333334633,283.8067425,283.9203788333333
-1.0,-1.0,0.0,0.056818166666687375,283.9203788333333,283.977197
-1.0,60.0,127.0,0.06392043749997356,283.977197,284.04111743749996
-1.0,60.0,127.0,0.05681816666663053,283.98429927083333,284.04111743749996
-1.0,58.0,127.0,0.17045450000000528,283.977197,284.1476515
-1.0,-1.0,0.0,0.007102270833343027,284.1476515,284.15475377083334
-1.0,60.0,127.0,0.05681816666663053,284.15475377083334,284.21157193749997
-1.0,62.0,127.0,0.17045450000000528,284.1476515,284.318106
-1.0,-1.0,0.0,0.007102270833286184,284.318106,284.3252082708333
-1.0,60.0,127.0,0.056818166666687375,284.3252082708333,284.3820264375
-1.0,60.0,127.0,0.17045450000000528,284.318106,284.4885605
-1.0,59.0,127.0,0.11363633333328949,284.4885605,284.6021968333333
-1.0,-1.0,0.0,0.05681816666663053,284.6021968333333,284.65901499999995
-1.0,66.0,127.0,0.1477272333333417,284.65901499999995,284.8067422333333
-1.0,-1.0,0.0,0.02982953750000661,284.8067422333333,284.8365717708333
-1.0,60.0,127.0,0.056818166666687375,284.8365717708333,284.8933899375
-1.0,61.0,127.0,0.17045450000000528,284.82946949999996,284.99992399999996
-1.0,63.0,127.0,0.1477272333333417,284.99992399999996,285.1476512333333
-1.0,-1.0,0.0,0.02272726666666358,285.1476512333333,285.17037849999997
-1.0,59.0,127.0,0.11718746875001784,285.17037849999997,285.28756596874996
-1.0,-1.0,0.0,0.05326703125001586,285.28756596874996,285.340833
-1.0,60.0,127.0,0.07990054687502379,285.340833,285.420733546875
-1.0,60.0,127.0,0.07279827604168077,285.3479352708333,285.420733546875
-1.0,70.0,127.0,0.17045450000000528,285.340833,285.5112875
-1.0,61.0,127.0,0.06392043749997356,285.5112875,285.57520793749995
-1.0,61.0,127.0,0.05681816666663053,285.5183897708333,285.57520793749995
-1.0,56.0,127.0,0.17045450000000528,285.5112875,285.681742
-1.0,60.0,127.0,0.0745738437499881,285.681742,285.75631584375
-1.0,60.0,127.0,0.056818166666687375,285.6994976770833,285.75631584375
-1.0,60.0,127.0,0.17045450000000528,285.681742,285.8521965
-1.0,-1.0,0.0,0.012428973958321876,285.8521965,285.8646254739583
-1.0,60.0,127.0,0.056818166666687375,285.8646254739583,285.921443640625
-1.0,70.0,127.0,0.17045450000000528,285.8521965,286.022651
-1.0,60.0,127.0,0.06392043749997356,286.022651,286.08657143749997
-1.0,60.0,127.0,0.05681816666663053,286.02975327083334,286.08657143749997
-1.0,60.0,127.0,0.17045450000000528,286.022651,286.1931055
-1.0,60.0,127.0,0.06924714062495241,286.1931055,286.26235264062495
-1.0,60.0,127.0,0.05681816666663053,286.2055344739583,286.26235264062495
-1.0,62.0,127.0,0.17045450000000528,286.1931055,286.36356
-1.0,60.0,127.0,0.04616476041661599,286.36356,286.4097247604166
-1.0,60.0,127.0,0.03906248958332981,286.3706622708333,286.4097247604166
-1.0,63.0,127.0,0.17045449999994844,286.36356,286.53401449999996
-1.0,63.0,127.0,0.11363633333334633,286.53401449999996,286.6476508333333
-1.0,-1.0,0.0,0.056818166666687375,286.6476508333333,286.70446899999996
-1.0,60.0,127.0,0.0639204375000304,286.70446899999996,286.7683894375
-1.0,60.0,127.0,0.056818166666687375,286.7115712708333,286.7683894375
-1.0,58.0,127.0,0.17045450000000528,286.70446899999996,286.87492349999997
-1.0,-1.0,0.0,0.007102270833343027,286.87492349999997,286.8820257708333
-1.0,60.0,127.0,0.056818166666687375,286.8820257708333,286.9388439375
-1.0,62.0,127.0,0.17045450000000528,286.87492349999997,287.04537799999997
-1.0,-1.0,0.0,0.007102270833343027,287.04537799999997,287.0524802708333
-1.0,60.0,127.0,0.056818166666687375,287.0524802708333,287.1092984375
-1.0,60.0,127.0,0.17045450000000528,287.04537799999997,287.2158325
-1.0,59.0,127.0,0.11363633333334633,287.2158325,287.3294688333333
-1.0,-1.0,0.0,0.056818166666687375,287.3294688333333,287.386287
-1.0,66.0,127.0,0.1477272333333417,287.386287,287.5340142333333
-1.0,-1.0,0.0,0.02982953750000661,287.5340142333333,287.56384377083333
-1.0,60.0,127.0,0.05681816666663053,287.56384377083333,287.62066193749996
-1.0,61.0,127.0,0.17045450000000528,287.5567415,287.727196
-1.0,63.0,127.0,0.14772723333333032,287.727196,287.87492323333333
-1.0,-1.0,0.0,0.02272726666666358,287.87492323333333,287.8976505
-1.0,59.0,127.0,0.11718746874998942,287.8976505,288.01483796875
-1.0,-1.0,0.0,0.05326703125001586,288.01483796875,288.068105
-1.0,60.0,127.0,0.07990054687496695,288.068105,288.14800554687497
-1.0,60.0,127.0,0.07279827604168077,288.0752072708333,288.14800554687497
-1.0,70.0,127.0,0.17045450000000528,288.068105,288.2385595
-1.0,61.0,127.0,0.06392043749997356,288.2385595,288.3024799375
-1.0,61.0,127.0,0.056818166666687375,288.2456617708333,288.3024799375
-1.0,56.0,127.0,0.17045449999994844,288.2385595,288.40901399999996
-1.0,60.0,127.0,0.07457384375004494,288.40901399999996,288.48358784375
-1.0,60.0,127.0,0.056818166666687375,288.4267696770833,288.48358784375
-1.0,60.0,127.0,0.17045450000000528,288.4090139999999,288.5794684999999
-1.0,-1.0,0.0,0.012428973958435563,288.5794684999999,288.59189747395834
-1.0,60.0,127.0,0.05681816666663053,288.59189747395834,288.64871564062497
-1.0,70.0,127.0,0.17045450000000528,288.57946849999996,288.74992299999997
-1.0,60.0,127.0,0.0639204375000304,288.74992299999997,288.8138434375
-1.0,60.0,127.0,0.056818166666687375,288.7570252708333,288.8138434375
-1.0,60.0,127.0,0.17045450000000528,288.74992299999997,288.9203775
-1.0,60.0,127.0,0.06924714062500925,288.9203775,288.989624640625
-1.0,60.0,127.0,0.056818166666687375,288.9328064739583,288.989624640625
-1.0,62.0,127.0,0.17045450000000528,288.9203775,289.090832
-1.0,60.0,127.0,0.046164760416672834,289.090832,289.13699676041665
-1.0,60.0,127.0,0.03906248958332981,289.0979342708333,289.13699676041665
-1.0,63.0,127.0,0.17045450000000528,289.090832,289.2612865
-1.0,63.0,127.0,0.11363633333334633,289.2612865,289.37492283333336
-1.0,-1.0,0.0,0.05681816666663053,289.37492283333336,289.431741
-1.0,60.0,127.0,0.06392043749997356,289.431741,289.49566143749996
-1.0,60.0,127.0,0.05681816666663053,289.43884327083333,289.49566143749996
-1.0,58.0,127.0,0.17045450000000528,289.431741,289.6021955
-1.0,-1.0,0.0,0.007102270833343027,289.6021955,289.60929777083334
-1.0,60.0,127.0,0.05681816666663053,289.60929777083334,289.66611593749997
-1.0,62.0,127.0,0.17045450000000528,289.60219550000005,289.77265000000006
-1.0,-1.0,0.0,0.0071022708332293405,289.77265000000006,289.7797522708333
-1.0,60.0,127.0,0.056818166666687375,289.7797522708333,289.8365704375
-1.0,60.0,127.0,0.17045450000000528,289.77265,289.9431045
-1.0,59.0,127.0,0.11363633333328949,289.9431045,290.05674083333327
-1.0,-1.0,0.0,0.056818166666687375,290.05674083333327,290.11355899999995
-1.0,66.0,127.0,0.1477272333333417,290.11355899999995,290.2612862333333
-1.0,-1.0,0.0,0.02982953750000661,290.2612862333333,290.2911157708333
-1.0,60.0,127.0,0.056818166666687375,290.2911157708333,290.3479339375
-1.0,61.0,127.0,0.17045450000000528,290.28401349999996,290.45446799999996
-1.0,63.0,127.0,0.1477272333333417,290.45446799999996,290.6021952333333
-1.0,-1.0,0.0,0.02272726666666358,290.6021952333333,290.62492249999997
-1.0,59.0,127.0,0.11718746875001784,290.62492249999997,290.74210996875
-1.0,-1.0,0.0,0.05326703124995902,290.74210996875,290.795377
-1.0,60.0,127.0,0.07990054687502379,290.795377,290.875277546875
-1.0,60.0,127.0,0.07279827604168077,290.8024792708333,290.875277546875
-1.0,70.0,127.0,0.17045450000000528,290.795377,290.9658315
-1.0,61.0,127.0,0.06392043749997356,290.9658315,291.02975193749995
-1.0,61.0,127.0,0.05681816666663053,290.9729337708333,291.02975193749995
-1.0,56.0,127.0,0.17045450000000528,290.9658315,291.136286
-1.0,60.0,127.0,0.0745738437499881,291.136286,291.21085984375
-1.0,60.0,127.0,0.056818166666687375,291.1540416770833,291.21085984375
-1.0,60.0,127.0,0.17045450000000528,291.136286,291.3067405
-1.0,-1.0,0.0,0.012428973958321876,291.3067405,291.3191694739583
-1.0,60.0,127.0,0.056818166666687375,291.3191694739583,291.375987640625
-1.0,70.0,127.0,0.17045450000000528,291.3067405,291.477195
-1.0,60.0,127.0,0.06392043749997356,291.477195,291.54111543749997
-1.0,60.0,127.0,0.05681816666663053,291.48429727083334,291.54111543749997
-1.0,60.0,127.0,0.17045450000000528,291.477195,291.6476495
-1.0,60.0,127.0,0.06924714062495241,291.6476495,291.71689664062495
-1.0,60.0,127.0,0.05681816666663053,291.6600784739583,291.71689664062495
-1.0,62.0,127.0,0.17045450000000528,291.6476495,291.818104
-1.0,60.0,127.0,0.04616476041661599,291.818104,291.8642687604166
-1.0,60.0,127.0,0.03906248958332981,291.8252062708333,291.8642687604166
-1.0,63.0,127.0,0.17045449999994844,291.818104,291.98855849999995
-1.0,63.0,127.0,0.11363633333334633,291.98855849999995,292.10219483333333
-1.0,-1.0,0.0,0.05681816666663053,292.10219483333333,292.15901299999996
-1.0,60.0,127.0,0.0639204375000304,292.15901299999996,292.2229334375
-1.0,60.0,127.0,0.056818166666687375,292.1661152708333,292.2229334375
-1.0,58.0,127.0,0.17045450000000528,292.15901299999996,292.32946749999996
-1.0,-1.0,0.0,0.007102270833343027,292.32946749999996,292.3365697708333
-1.0,60.0,127.0,0.056818166666687375,292.3365697708333,292.3933879375
-1.0,62.0,127.0,0.17045450000000528,292.32946749999996,292.49992199999997
-1.0,-1.0,0.0,0.007102270833343027,292.49992199999997,292.5070242708333
-1.0,60.0,127.0,0.056818166666687375,292.5070242708333,292.5638424375
-1.0,60.0,127.0,0.17045450000000528,292.49992199999997,292.6703765
-1.0,59.0,127.0,0.11363633333334633,292.6703765,292.78401283333335
-1.0,-1.0,0.0,0.05681816666663053,292.78401283333335,292.840831
-1.0,66.0,127.0,0.1477272333333417,292.840831,292.9885582333333
-1.0,-1.0,0.0,0.02982953750000661,292.9885582333333,293.01838777083333
-1.0,60.0,127.0,0.05681816666663053,293.01838777083333,293.07520593749996
-1.0,61.0,127.0,0.17045450000000528,293.0112855,293.18174
-1.0,63.0,127.0,0.14772723333333032,293.18174,293.32946723333333
-1.0,-1.0,0.0,0.02272726666666358,293.32946723333333,293.3521945
-1.0,59.0,127.0,0.11718746874998942,293.3521945,293.46938196875
-1.0,-1.0,0.0,0.05326703125001586,293.46938196875,293.522649
-1.0,60.0,127.0,0.07990054687496695,293.522649,293.60254954687497
-1.0,60.0,127.0,0.07279827604168077,293.5297512708333,293.60254954687497
-1.0,70.0,127.0,0.17045450000000528,293.522649,293.6931035
-1.0,61.0,127.0,0.06392043749997356,293.6931035,293.7570239375
-1.0,61.0,127.0,0.056818166666687375,293.7002057708333,293.7570239375
-1.0,56.0,127.0,0.17045449999994844,293.6931035,293.86355799999995
-1.0,60.0,127.0,0.07457384375004494,293.86355799999995,293.93813184375
-1.0,60.0,127.0,0.056818166666687375,293.8813136770833,293.93813184375
-1.0,60.0,127.0,0.17045450000000528,293.86355799999995,294.03401249999996
-1.0,-1.0,0.0,0.01242897395837872,294.03401249999996,294.04644147395834
-1.0,60.0,127.0,0.05681816666663053,294.04644147395834,294.10325964062497
-1.0,70.0,127.0,0.17045450000000528,294.03401249999996,294.20446699999997
-1.0,60.0,127.0,0.0639204375000304,294.20446699999997,294.2683874375
-1.0,60.0,127.0,0.056818166666687375,294.2115692708333,294.2683874375
-1.0,60.0,127.0,0.17045450000000528,294.20446699999997,294.37492149999997
-1.0,60.0,127.0,0.06924714062500925,294.37492149999997,294.444168640625
-1.0,60.0,127.0,0.056818166666687375,294.3873504739583,294.444168640625
-1.0,62.0,127.0,0.17045450000000528,294.37492149999997,294.545376
-1.0,60.0,127.0,0.046164760416672834,294.545376,294.59154076041665
-1.0,60.0,127.0,0.03906248958332981,294.5524782708333,294.59154076041665
-1.0,63.0,127.0,0.17045450000000528,294.545376,294.7158305
-1.0,63.0,127.0,0.11363633333334633,294.7158305,294.8294668333333
-1.0,-1.0,0.0,0.056818166666687375,294.8294668333333,294.886285
-1.0,60.0,127.0,0.06392043749997356,294.886285,294.95020543749996
-1.0,60.0,127.0,0.05681816666663053,294.89338727083333,294.95020543749996
-1.0,58.0,127.0,0.17045450000000528,294.886285,295.0567395
-1.0,-1.0,0.0,0.007102270833343027,295.0567395,295.06384177083333
-1.0,60.0,127.0,0.05681816666663053,295.06384177083333,295.12065993749997
-1.0,62.0,127.0,0.17045450000000528,295.0567395,295.227194
-1.0,-1.0,0.0,0.007102270833343027,295.227194,295.23429627083334
-1.0,60.0,127.0,0.05681816666663053,295.23429627083334,295.29111443749997
-1.0,60.0,127.0,0.17045450000000528,295.227194,295.3976485
-1.0,59.0,127.0,0.11363633333328949,295.3976485,295.5112848333333
-1.0,-1.0,0.0,0.05681816666663053,295.5112848333333,295.56810299999995
-1.0,66.0,127.0,0.1477272333333417,295.56810299999995,295.7158302333333
-1.0,-1.0,0.0,0.02982953750000661,295.7158302333333,295.7456597708333
-1.0,60.0,127.0,0.056818166666687375,295.7456597708333,295.8024779375
-1.0,61.0,127.0,0.17045450000000528,295.73855749999996,295.90901199999996
-1.0,63.0,127.0,0.1477272333333417,295.90901199999996,296.0567392333333
-1.0,-1.0,0.0,0.02272726666666358,296.0567392333333,296.07946649999997
-1.0,59.0,127.0,0.11718746875001784,296.07946649999997,296.19665396874996
-1.0,-1.0,0.0,0.05326703125001586,296.19665396874996,296.249921
-1.0,60.0,127.0,0.07990054687502379,296.249921,296.329821546875
-1.0,60.0,127.0,0.07279827604168077,296.2570232708333,296.329821546875
-1.0,70.0,127.0,0.17045450000000528,296.249921,296.4203755
-1.0,61.0,127.0,0.06392043749997356,296.4203755,296.48429593749995
-1.0,61.0,127.0,0.05681816666663053,296.4274777708333,296.48429593749995
-1.0,56.0,127.0,0.17045450000000528,296.4203755,296.59083
-1.0,60.0,127.0,0.0745738437499881,296.59083,296.66540384374997
-1.0,60.0,127.0,0.05681816666663053,296.60858567708334,296.66540384374997
-1.0,60.0,127.0,0.17045450000000528,296.59083000000004,296.76128450000004
-1.0,-1.0,0.0,0.012428973958265033,296.76128450000004,296.7737134739583
-1.0,60.0,127.0,0.056818166666687375,296.7737134739583,296.830531640625
-1.0,70.0,127.0,0.17045450000000528,296.7612845,296.931739
-1.0,60.0,127.0,0.06392043749997356,296.931739,296.99565943749997
-1.0,60.0,127.0,0.05681816666663053,296.93884127083334,296.99565943749997
-1.0,60.0,127.0,0.17045450000000528,296.931739,297.1021935
-1.0,60.0,127.0,0.06924714062495241,297.1021935,297.17144064062495
-1.0,60.0,127.0,0.05681816666663053,297.1146224739583,297.17144064062495
-1.0,62.0,127.0,0.17045450000000528,297.1021935,297.272648
-1.0,60.0,127.0,0.04616476041661599,297.272648,297.3188127604166
-1.0,60.0,127.0,0.03906248958332981,297.2797502708333,297.3188127604166
-1.0,63.0,127.0,0.17045449999994844,297.272648,297.44310249999995
-1.0,63.0,127.0,0.11363633333334633,297.44310249999995,297.55673883333327
-1.0,-1.0,0.0,0.056818166666687375,297.55673883333327,297.61355699999996
-1.0,60.0,127.0,0.0639204375000304,297.61355699999996,297.6774774375
-1.0,60.0,127.0,0.056818166666687375,297.6206592708333,297.6774774375
-1.0,58.0,127.0,0.17045450000000528,297.61355699999996,297.78401149999996
-1.0,-1.0,0.0,0.007102270833343027,297.78401149999996,297.7911137708333
-1.0,60.0,127.0,0.056818166666687375,297.7911137708333,297.8479319375
-1.0,62.0,127.0,0.17045450000000528,297.78401149999996,297.95446599999997
-1.0,-1.0,0.0,0.007102270833343027,297.95446599999997,297.9615682708333
-1.0,60.0,127.0,0.056818166666687375,297.9615682708333,298.0183864375
-1.0,60.0,127.0,0.17045450000000528,297.95446599999997,298.1249205
-1.0,59.0,127.0,0.11363633333334633,298.1249205,298.2385568333333
-1.0,-1.0,0.0,0.056818166666687375,298.2385568333333,298.295375
-1.0,66.0,127.0,0.1477272333333417,298.295375,298.4431022333333
-1.0,-1.0,0.0,0.02982953750000661,298.4431022333333,298.4729317708333
-1.0,60.0,127.0,0.05681816666663053,298.4729317708333,298.52974993749996
-1.0,61.0,127.0,0.17045450000000528,298.4658295,298.636284
-1.0,63.0,127.0,0.14772723333333032,298.636284,298.78401123333333
-1.0,-1.0,0.0,0.02272726666666358,298.78401123333333,298.8067385
-1.0,59.0,127.0,0.11718746874998942,298.8067385,298.92392596875
-1.0,-1.0,0.0,0.05326703125001586,298.92392596875,298.977193
-1.0,60.0,127.0,0.07990054687496695,298.977193,299.05709354687497
-1.0,60.0,127.0,0.07279827604168077,298.9842952708333,299.05709354687497
-1.0,70.0,127.0,0.17045450000000528,298.977193,299.1476475
-1.0,61.0,127.0,0.06392043749997356,299.1476475,299.2115679375
-1.0,61.0,127.0,0.056818166666687375,299.1547497708333,299.2115679375
-1.0,56.0,127.0,0.17045449999994844,299.1476475,299.31810199999995
-1.0,60.0,127.0,0.07457384375004494,299.31810199999995,299.39267584375
-1.0,60.0,127.0,0.056818166666687375,299.3358576770833,299.39267584375
-1.0,60.0,127.0,0.17045450000000528,299.31810199999995,299.48855649999996
-1.0,-1.0,0.0,0.01242897395837872,299.48855649999996,299.50098547395834
-1.0,60.0,127.0,0.05681816666663053,299.50098547395834,299.55780364062497
-1.0,70.0,127.0,0.17045450000000528,299.48855649999996,299.65901099999996
-1.0,60.0,127.0,0.0639204375000304,299.65901099999996,299.7229314375
-1.0,60.0,127.0,0.056818166666687375,299.6661132708333,299.7229314375
-1.0,60.0,127.0,0.17045450000000528,299.65901099999996,299.82946549999997
-1.0,60.0,127.0,0.06924714062500925,299.82946549999997,299.898712640625
-1.0,60.0,127.0,0.056818166666687375,299.8418944739583,299.898712640625
-1.0,62.0,127.0,0.17045450000000528,299.82946549999997,299.99992
-1.0,60.0,127.0,0.046164760416672834,299.99992,300.04608476041665
-1.0,60.0,127.0,0.03906248958332981,300.0070222708333,300.04608476041665
-1.0,63.0,127.0,0.17045450000000528,299.99992,300.1703745
-1.0,63.0,127.0,0.11363633333334633,300.1703745,300.28401083333335
-1.0,-1.0,0.0,0.05681816666663053,300.28401083333335,300.340829
-1.0,60.0,127.0,0.06392043749997356,300.340829,300.40474943749996
-1.0,60.0,127.0,0.05681816666663053,300.3479312708333,300.40474943749996
-1.0,58.0,127.0,0.17045450000000528,300.340829,300.5112835
-1.0,-1.0,0.0,0.007102270833343027,300.5112835,300.51838577083333
-1.0,60.0,127.0,0.05681816666663053,300.51838577083333,300.57520393749996
-1.0,62.0,127.0,0.17045450000000528,300.5112835,300.681738
-1.0,-1.0,0.0,0.007102270833343027,300.681738,300.68884027083334
-1.0,60.0,127.0,0.05681816666663053,300.68884027083334,300.74565843749997
-1.0,60.0,127.0,0.17045450000000528,300.681738,300.8521925
-1.0,59.0,127.0,0.11363633333331791,300.8521925,300.9658288333333
-1.0,-1.0,0.0,0.056818166666687375,300.9658288333333,301.022647
-1.0,66.0,127.0,0.14772723333328486,301.022647,301.1703742333333
-1.0,-1.0,0.0,0.02982953750000661,301.1703742333333,301.2002037708333
-1.0,60.0,127.0,0.056818166666687375,301.2002037708333,301.2570219375
-1.0,61.0,127.0,0.17045450000000528,301.19310149999995,301.36355599999996
-1.0,63.0,127.0,0.1477272333333417,301.36355599999996,301.5112832333333
-1.0,-1.0,0.0,0.02272726666666358,301.5112832333333,301.53401049999997
-1.0,59.0,127.0,0.11718746875001784,301.53401049999997,301.65119796875
-1.0,-1.0,0.0,0.05326703124995902,301.65119796875,301.70446499999997
-1.0,60.0,127.0,0.07990054687502379,301.70446499999997,301.784365546875
-1.0,60.0,127.0,0.07279827604168077,301.7115672708333,301.784365546875
-1.0,70.0,127.0,0.17045450000000528,301.70446499999997,301.8749195
-1.0,61.0,127.0,0.0639204375000304,301.8749195,301.9388399375
-1.0,61.0,127.0,0.056818166666687375,301.8820217708333,301.9388399375
-1.0,56.0,127.0,0.17045450000000528,301.8749195,302.045374
-1.0,60.0,127.0,0.0745738437499881,302.045374,302.11994784374997
-1.0,60.0,127.0,0.05681816666663053,302.06312967708334,302.11994784374997
-1.0,60.0,127.0,0.17045450000000528,302.045374,302.2158285
-1.0,-1.0,0.0,0.012428973958321876,302.2158285,302.2282574739583
-1.0,60.0,127.0,0.056818166666687375,302.2282574739583,302.285075640625
-1.0,70.0,127.0,0.17045450000000528,302.2158285,302.386283
-1.0,60.0,127.0,0.06392043749997356,302.386283,302.45020343749997
-1.0,60.0,127.0,0.05681816666663053,302.39338527083333,302.45020343749997
-1.0,60.0,127.0,0.17045450000000528,302.386283,302.5567375
-1.0,60.0,127.0,0.06924714062500925,302.5567375,302.625984640625
-1.0,60.0,127.0,0.056818166666687375,302.5691664739583,302.625984640625
-1.0,62.0,127.0,0.17045450000000528,302.5567375,302.727192
-1.0,60.0,127.0,0.04616476041661599,302.727192,302.7733567604166
-1.0,60.0,127.0,0.03906248958332981,302.7342942708333,302.7733567604166
-1.0,63.0,127.0,0.17045449999994844,302.727192,302.89764649999995
-1.0,63.0,127.0,0.11363633333334633,302.89764649999995,303.0112828333333
-1.0,-1.0,0.0,0.05681816666663053,303.0112828333333,303.06810099999996
-1.0,60.0,127.0,0.0639204375000304,303.06810099999996,303.1320214375
-1.0,60.0,127.0,0.056818166666687375,303.0752032708333,303.1320214375
-1.0,58.0,127.0,0.17045450000000528,303.06810099999996,303.23855549999996
-1.0,-1.0,0.0,0.007102270833343027,303.23855549999996,303.2456577708333
-1.0,60.0,127.0,0.056818166666687375,303.2456577708333,303.3024759375
-1.0,62.0,127.0,0.17045450000000528,303.2385555,303.40901
-1.0,-1.0,0.0,0.007102270833286184,303.40901,303.4161122708333
-1.0,60.0,127.0,0.056818166666687375,303.4161122708333,303.4729304375
-1.0,60.0,127.0,0.17045450000000528,303.40900999999997,303.5794645
-1.0,59.0,127.0,0.11363633333334633,303.5794645,303.69310083333335
-1.0,-1.0,0.0,0.05681816666663053,303.69310083333335,303.749919
-1.0,66.0,127.0,0.1477272333333417,303.749919,303.8976462333333
-1.0,-1.0,0.0,0.02982953750000661,303.8976462333333,303.9274757708333
-1.0,60.0,127.0,0.05681816666663053,303.9274757708333,303.98429393749996
-1.0,61.0,127.0,0.17045450000000528,303.9203735,304.090828
-1.0,63.0,127.0,0.14772723333333032,304.090828,304.23855523333333
-1.0,-1.0,0.0,0.02272726666666358,304.23855523333333,304.2612825
-1.0,59.0,127.0,0.11718746874998942,304.2612825,304.37846996875
-1.0,-1.0,0.0,0.05326703125001586,304.37846996875,304.431737
-1.0,60.0,127.0,0.07990054687496695,304.431737,304.51163754687497
-1.0,60.0,127.0,0.07279827604168077,304.4388392708333,304.51163754687497
-1.0,70.0,127.0,0.17045450000000528,304.431737,304.6021915
-1.0,61.0,127.0,0.06392043749997356,304.6021915,304.6661119375
-1.0,61.0,127.0,0.056818166666687375,304.6092937708333,304.6661119375
-1.0,56.0,127.0,0.17045449999994844,304.6021915,304.77264599999995
-1.0,60.0,127.0,0.07457384375004494,304.77264599999995,304.84721984375
-1.0,60.0,127.0,0.056818166666687375,304.7904016770833,304.84721984375
-1.0,60.0,127.0,0.17045450000000528,304.77264599999995,304.94310049999996
-1.0,-1.0,0.0,0.01242897395837872,304.94310049999996,304.95552947395834
-1.0,60.0,127.0,0.05681816666663053,304.95552947395834,305.01234764062497
-1.0,70.0,127.0,0.17045450000000528,304.94310049999996,305.11355499999996
-1.0,60.0,127.0,0.0639204375000304,305.11355499999996,305.1774754375
-1.0,60.0,127.0,0.056818166666687375,305.1206572708333,305.1774754375
-1.0,60.0,127.0,0.17045450000000528,305.11355499999996,305.28400949999997
-1.0,60.0,127.0,0.06924714062500925,305.28400949999997,305.353256640625
-1.0,60.0,127.0,0.056818166666687375,305.2964384739583,305.353256640625
-1.0,62.0,127.0,0.17045450000000528,305.28400949999997,305.454464
-1.0,60.0,127.0,0.046164760416672834,305.454464,305.50062876041665
-1.0,60.0,127.0,0.03906248958332981,305.4615662708333,305.50062876041665
-1.0,63.0,127.0,0.17045450000000528,305.454464,305.6249185
-1.0,63.0,127.0,0.11363633333334633,305.6249185,305.7385548333333
-1.0,-1.0,0.0,0.056818166666687375,305.7385548333333,305.795373
-1.0,60.0,127.0,0.06392043749997356,305.795373,305.85929343749996
-1.0,60.0,127.0,0.05681816666663053,305.8024752708333,305.85929343749996
-1.0,58.0,127.0,0.17045450000000528,305.795373,305.9658275
-1.0,-1.0,0.0,0.007102270833343027,305.9658275,305.97292977083333
-1.0,60.0,127.0,0.05681816666663053,305.97292977083333,306.02974793749996
-1.0,62.0,127.0,0.17045450000000528,305.9658275,306.136282
-1.0,-1.0,0.0,0.007102270833343027,306.136282,306.14338427083334
-1.0,60.0,127.0,0.05681816666663053,306.14338427083334,306.20020243749997
-1.0,60.0,127.0,0.17045450000000528,306.136282,306.3067365
-1.0,59.0,127.0,0.11363633333331791,306.3067365,306.4203728333333
-1.0,-1.0,0.0,0.056818166666687375,306.4203728333333,306.477191
-1.0,66.0,127.0,0.14772723333328486,306.477191,306.6249182333333
-1.0,-1.0,0.0,0.02982953750000661,306.6249182333333,306.6547477708333
-1.0,60.0,127.0,0.056818166666687375,306.6547477708333,306.7115659375
-1.0,61.0,127.0,0.17045450000000528,306.64764549999995,306.81809999999996
-1.0,63.0,127.0,0.1477272333333417,306.81809999999996,306.9658272333333
-1.0,-1.0,0.0,0.02272726666666358,306.9658272333333,306.98855449999996
-1.0,59.0,127.0,0.11718746875001784,306.98855449999996,307.10574196874995
-1.0,-1.0,0.0,0.05326703125001586,307.10574196874995,307.15900899999997
-1.0,60.0,127.0,0.07990054687502379,307.15900899999997,307.238909546875
-1.0,60.0,127.0,0.07279827604168077,307.1661112708333,307.238909546875
-1.0,70.0,127.0,0.17045450000000528,307.15900899999997,307.3294635
-1.0,61.0,127.0,0.0639204375000304,307.3294635,307.3933839375
-1.0,61.0,127.0,0.056818166666687375,307.3365657708333,307.3933839375
-1.0,56.0,127.0,0.17045450000000528,307.3294635,307.499918
-1.0,60.0,127.0,0.0745738437499881,307.499918,307.57449184374997
-1.0,60.0,127.0,0.05681816666663053,307.51767367708334,307.57449184374997
-1.0,60.0,127.0,0.17045450000000528,307.499918,307.6703725
-1.0,-1.0,0.0,0.012428973958321876,307.6703725,307.6828014739583
-1.0,60.0,127.0,0.056818166666687375,307.6828014739583,307.739619640625
-1.0,70.0,127.0,0.17045450000000528,307.6703725,307.840827
-1.0,60.0,127.0,0.06392043749997356,307.840827,307.90474743749996
-1.0,60.0,127.0,0.05681816666663053,307.84792927083333,307.90474743749996
-1.0,60.0,127.0,0.17045450000000528,307.840827,308.0112815
-1.0,60.0,127.0,0.06924714062500925,308.0112815,308.080528640625
-1.0,60.0,127.0,0.056818166666687375,308.0237104739583,308.080528640625
-1.0,62.0,127.0,0.17045450000000528,308.0112815,308.181736
-1.0,60.0,127.0,0.04616476041661599,308.181736,308.2279007604166
-1.0,60.0,127.0,0.03906248958332981,308.1888382708333,308.2279007604166
-1.0,63.0,127.0,0.17045450000000528,308.181736,308.3521905
-1.0,63.0,127.0,0.11363633333328949,308.3521905,308.46582683333327
-1.0,-1.0,0.0,0.056818166666687375,308.46582683333327,308.52264499999995
-1.0,60.0,127.0,0.0639204375000304,308.52264499999995,308.5865654375
-1.0,60.0,127.0,0.056818166666687375,308.5297472708333,308.5865654375
-1.0,58.0,127.0,0.17045450000000528,308.52264499999995,308.69309949999996
-1.0,-1.0,0.0,0.007102270833343027,308.69309949999996,308.7002017708333
-1.0,60.0,127.0,0.056818166666687375,308.7002017708333,308.7570199375
-1.0,62.0,127.0,0.17045450000000528,308.69309949999996,308.86355399999997
-1.0,-1.0,0.0,0.007102270833343027,308.86355399999997,308.8706562708333
-1.0,60.0,127.0,0.056818166666687375,308.8706562708333,308.9274744375
-1.0,60.0,127.0,0.17045450000000528,308.86355399999997,309.03400849999997
-1.0,59.0,127.0,0.11363633333334633,309.03400849999997,309.1476448333333
-1.0,-1.0,0.0,0.056818166666687375,309.1476448333333,309.204463
-1.0,66.0,127.0,0.1477272333333417,309.204463,309.3521902333333
-1.0,-1.0,0.0,0.02982953750000661,309.3521902333333,309.3820197708333
-1.0,60.0,127.0,0.05681816666663053,309.3820197708333,309.43883793749995
-1.0,61.0,127.0,0.17045450000000528,309.3749175,309.545372
-1.0,63.0,127.0,0.14772723333333032,309.545372,309.6930992333333
-1.0,-1.0,0.0,0.02272726666666358,309.6930992333333,309.7158265
-1.0,59.0,127.0,0.11718746874998942,309.7158265,309.83301396875
-1.0,-1.0,0.0,0.05326703125001586,309.83301396875,309.886281
-1.0,60.0,127.0,0.07990054687496695,309.886281,309.96618154687496
-1.0,60.0,127.0,0.07279827604162392,309.89338327083334,309.96618154687496
-1.0,70.0,127.0,0.17045450000000528,309.886281,310.0567355
-1.0,61.0,127.0,0.06392043749997356,310.0567355,310.1206559375
-1.0,61.0,127.0,0.056818166666687375,310.0638377708333,310.1206559375
-1.0,56.0,127.0,0.17045449999994844,310.0567355,310.22718999999995
-1.0,60.0,127.0,0.07457384375004494,310.22718999999995,310.30176384375
-1.0,60.0,127.0,0.056818166666687375,310.2449456770833,310.30176384375
-1.0,60.0,127.0,0.17045450000000528,310.22719,310.3976445
-1.0,-1.0,0.0,0.012428973958321876,310.3976445,310.41007347395833
-1.0,60.0,127.0,0.05681816666663053,310.41007347395833,310.46689164062497
-1.0,70.0,127.0,0.17045450000000528,310.39764449999996,310.56809899999996
-1.0,60.0,127.0,0.0639204375000304,310.56809899999996,310.6320194375
-1.0,60.0,127.0,0.056818166666687375,310.5752012708333,310.6320194375
-1.0,60.0,127.0,0.17045450000000528,310.56809899999996,310.73855349999997
-1.0,60.0,127.0,0.06924714062500925,310.73855349999997,310.807800640625
-1.0,60.0,127.0,0.056818166666687375,310.7509824739583,310.807800640625
-1.0,62.0,127.0,0.17045450000000528,310.73855349999997,310.909008
-1.0,60.0,127.0,0.046164760416672834,310.909008,310.95517276041664
-1.0,60.0,127.0,0.03906248958332981,310.9161102708333,310.95517276041664
-1.0,63.0,127.0,0.17045450000000528,310.909008,311.0794625
-1.0,63.0,127.0,0.11363633333334633,311.0794625,311.19309883333335
-1.0,-1.0,0.0,0.05681816666663053,311.19309883333335,311.249917
-1.0,60.0,127.0,0.06392043749997356,311.249917,311.31383743749996
-1.0,60.0,127.0,0.05681816666663053,311.2570192708333,311.31383743749996
-1.0,58.0,127.0,0.17045450000000528,311.249917,311.4203715
-1.0,-1.0,0.0,0.007102270833343027,311.4203715,311.42747377083333
-1.0,60.0,127.0,0.05681816666663053,311.42747377083333,311.48429193749996
-1.0,62.0,127.0,0.17045450000000528,311.42037149999993,311.59082599999994
-1.0,-1.0,0.0,0.007102270833399871,311.59082599999994,311.59792827083334
-1.0,60.0,127.0,0.05681816666663053,311.59792827083334,311.65474643749997
-1.0,60.0,127.0,0.17045450000000528,311.590826,311.7612805
-1.0,59.0,127.0,0.11363633333331791,311.7612805,311.8749168333333
-1.0,-1.0,0.0,0.056818166666687375,311.8749168333333,311.931735
-1.0,66.0,127.0,0.14772723333328486,311.931735,312.0794622333333
-1.0,-1.0,0.0,0.02982953750000661,312.0794622333333,312.1092917708333
-1.0,60.0,127.0,0.056818166666687375,312.1092917708333,312.1661099375
-1.0,61.0,127.0,0.17045450000000528,312.10218949999995,312.27264399999996
-1.0,63.0,127.0,0.1477272333333417,312.27264399999996,312.4203712333333
-1.0,-1.0,0.0,0.02272726666666358,312.4203712333333,312.44309849999996
-1.0,59.0,127.0,0.11718746875001784,312.44309849999996,312.56028596875
-1.0,-1.0,0.0,0.05326703124995902,312.56028596875,312.61355299999997
-1.0,60.0,127.0,0.07990054687502379,312.61355299999997,312.693453546875
-1.0,60.0,127.0,0.07279827604168077,312.6206552708333,312.693453546875
-1.0,70.0,127.0,0.17045450000000528,312.61355299999997,312.7840075
-1.0,61.0,127.0,0.0639204375000304,312.7840075,312.8479279375
-1.0,61.0,127.0,0.056818166666687375,312.7911097708333,312.8479279375
-1.0,56.0,127.0,0.17045450000000528,312.7840075,312.954462
-1.0,60.0,127.0,0.0745738437499881,312.954462,313.02903584374997
-1.0,60.0,127.0,0.05681816666663053,312.97221767708334,313.02903584374997
-1.0,60.0,127.0,0.17045450000000528,312.954462,313.1249165
-1.0,-1.0,0.0,0.012428973958321876,313.1249165,313.1373454739583
-1.0,60.0,127.0,0.056818166666687375,313.1373454739583,313.194163640625
-1.0,70.0,127.0,0.17045450000000528,313.1249165,313.295371
-1.0,60.0,127.0,0.06392043749997356,313.295371,313.35929143749996
-1.0,60.0,127.0,0.05681816666663053,313.30247327083333,313.35929143749996
-1.0,60.0,127.0,0.17045450000000528,313.295371,313.4658255
-1.0,60.0,127.0,0.06924714062500925,313.4658255,313.535072640625
-1.0,60.0,127.0,0.056818166666687375,313.4782544739583,313.535072640625
-1.0,62.0,127.0,0.17045450000000528,313.4658255,313.63628
-1.0,60.0,127.0,0.046164760416672834,313.63628,313.6824447604167
-1.0,60.0,127.0,0.03906248958338665,313.6433822708333,313.6824447604167
-1.0,63.0,127.0,0.17045450000000528,313.63628,313.8067345
-1.0,63.0,127.0,0.11363633333328949,313.8067345,313.9203708333333
-1.0,-1.0,0.0,0.05681816666663053,313.9203708333333,313.97718899999995
-1.0,60.0,127.0,0.0639204375000304,313.97718899999995,314.0411094375
-1.0,60.0,127.0,0.056818166666687375,313.9842912708333,314.0411094375
-1.0,58.0,127.0,0.17045450000000528,313.97718899999995,314.14764349999996
-1.0,-1.0,0.0,0.007102270833343027,314.14764349999996,314.1547457708333
-1.0,60.0,127.0,0.056818166666687375,314.1547457708333,314.2115639375
-1.0,62.0,127.0,0.17045450000000528,314.14764349999996,314.31809799999996
-1.0,-1.0,0.0,0.007102270833343027,314.31809799999996,314.3252002708333
-1.0,60.0,127.0,0.056818166666687375,314.3252002708333,314.3820184375
-1.0,60.0,127.0,0.17045450000000528,314.31809799999996,314.48855249999997
-1.0,59.0,127.0,0.11363633333334633,314.48855249999997,314.60218883333334
-1.0,-1.0,0.0,0.05681816666663053,314.60218883333334,314.659007
-1.0,66.0,127.0,0.1477272333333417,314.659007,314.8067342333333
-1.0,-1.0,0.0,0.02982953750000661,314.8067342333333,314.8365637708333
-1.0,60.0,127.0,0.05681816666663053,314.8365637708333,314.89338193749995
-1.0,61.0,127.0,0.17045450000000528,314.8294615,314.999916
-1.0,63.0,127.0,0.1477272333333417,314.999916,315.1476432333333
-1.0,-1.0,0.0,0.02272726666666358,315.1476432333333,315.1703705
-1.0,59.0,127.0,0.11718746874998942,315.1703705,315.28755796875
-1.0,-1.0,0.0,0.05326703125001586,315.28755796875,315.340825
-1.0,60.0,127.0,0.07990054687496695,315.340825,315.42072554687496
-1.0,60.0,127.0,0.07279827604162392,315.34792727083334,315.42072554687496
-1.0,70.0,127.0,0.17045450000000528,315.340825,315.5112795
-1.0,61.0,127.0,0.06392043749997356,315.5112795,315.5751999375
-1.0,61.0,127.0,0.056818166666687375,315.5183817708333,315.5751999375
-1.0,56.0,127.0,0.17045450000000528,315.5112795,315.681734
-1.0,60.0,127.0,0.0745738437499881,315.681734,315.75630784375
-1.0,60.0,127.0,0.056818166666687375,315.6994896770833,315.75630784375
-1.0,60.0,127.0,0.17045449999994844,315.681734,315.85218849999995
-1.0,-1.0,0.0,0.01242897395837872,315.85218849999995,315.86461747395833
-1.0,60.0,127.0,0.05681816666663053,315.86461747395833,315.92143564062496
-1.0,70.0,127.0,0.17045450000000528,315.85218849999995,316.02264299999996
-1.0,60.0,127.0,0.0639204375000304,316.02264299999996,316.0865634375
-1.0,60.0,127.0,0.056818166666687375,316.0297452708333,316.0865634375
-1.0,60.0,127.0,0.17045450000000528,316.02264299999996,316.19309749999996
-1.0,60.0,127.0,0.06924714062500925,316.19309749999996,316.262344640625
-1.0,60.0,127.0,0.056818166666687375,316.2055264739583,316.262344640625
-1.0,62.0,127.0,0.17045450000000528,316.19309749999996,316.36355199999997
-1.0,60.0,127.0,0.046164760416672834,316.36355199999997,316.40971676041664
-1.0,60.0,127.0,0.03906248958332981,316.3706542708333,316.40971676041664
-1.0,63.0,127.0,0.17045450000000528,316.36355199999997,316.5340065
-1.0,63.0,127.0,0.11363633333334633,316.5340065,316.6476428333333
-1.0,-1.0,0.0,0.056818166666687375,316.6476428333333,316.704461
-1.0,60.0,127.0,0.06392043749997356,316.704461,316.76838143749995
-1.0,60.0,127.0,0.05681816666663053,316.7115632708333,316.76838143749995
-1.0,58.0,127.0,0.17045450000000528,316.704461,316.8749155
-1.0,-1.0,0.0,0.007102270833343027,316.8749155,316.88201777083333
-1.0,60.0,127.0,0.05681816666663053,316.88201777083333,316.93883593749996
-1.0,62.0,127.0,0.17045450000000528,316.8749155,317.04537
-1.0,-1.0,0.0,0.007102270833343027,317.04537,317.05247227083333
-1.0,60.0,127.0,0.05681816666663053,317.05247227083333,317.10929043749996
-1.0,60.0,127.0,0.17045450000000528,317.04537,317.2158245
-1.0,59.0,127.0,0.11363633333331791,317.2158245,317.3294608333333
-1.0,-1.0,0.0,0.056818166666687375,317.3294608333333,317.386279
-1.0,66.0,127.0,0.14772723333328486,317.386279,317.5340062333333
-1.0,-1.0,0.0,0.02982953750000661,317.5340062333333,317.5638357708333
-1.0,60.0,127.0,0.056818166666687375,317.5638357708333,317.6206539375
-1.0,61.0,127.0,0.17045450000000528,317.55673349999995,317.72718799999996
-1.0,63.0,127.0,0.1477272333333417,317.72718799999996,317.8749152333333
-1.0,-1.0,0.0,0.02272726666666358,317.8749152333333,317.89764249999996
-1.0,59.0,127.0,0.11718746875001784,317.89764249999996,318.01482996874995
-1.0,-1.0,0.0,0.05326703125001586,318.01482996874995,318.06809699999997
-1.0,60.0,127.0,0.07990054687502379,318.06809699999997,318.147997546875
-1.0,60.0,127.0,0.07279827604168077,318.0751992708333,318.147997546875
-1.0,70.0,127.0,0.17045450000000528,318.06809699999997,318.23855149999997
-1.0,61.0,127.0,0.0639204375000304,318.23855149999997,318.3024719375
-1.0,61.0,127.0,0.056818166666687375,318.2456537708333,318.3024719375
-1.0,56.0,127.0,0.17045450000000528,318.23855149999997,318.409006
-1.0,60.0,127.0,0.0745738437499881,318.409006,318.48357984374996
-1.0,60.0,127.0,0.05681816666663053,318.42676167708333,318.48357984374996
-1.0,60.0,127.0,0.17045450000000528,318.4090059999999,318.5794604999999
-1.0,-1.0,0.0,0.01242897395837872,318.5794604999999,318.5918894739583
-1.0,60.0,127.0,0.056818166666687375,318.5918894739583,318.648707640625
-1.0,70.0,127.0,0.17045450000000528,318.5794605,318.749915
-1.0,60.0,127.0,0.06392043749997356,318.749915,318.81383543749996
-1.0,60.0,127.0,0.05681816666663053,318.75701727083333,318.81383543749996
-1.0,60.0,127.0,0.17045450000000528,318.749915,318.9203695
-1.0,60.0,127.0,0.06924714062500925,318.9203695,318.989616640625
-1.0,60.0,127.0,0.056818166666687375,318.9327984739583,318.989616640625
-1.0,62.0,127.0,0.17045450000000528,318.9203695,319.090824
-1.0,60.0,127.0,0.046164760416672834,319.090824,319.13698876041667
-1.0,60.0,127.0,0.03906248958338665,319.0979262708333,319.13698876041667
-1.0,63.0,127.0,0.17045450000000528,319.090824,319.2612785
-1.0,63.0,127.0,0.11363633333328949,319.2612785,319.37491483333326
-1.0,-1.0,0.0,0.056818166666687375,319.37491483333326,319.43173299999995
-1.0,60.0,127.0,0.0639204375000304,319.43173299999995,319.4956534375
-1.0,60.0,127.0,0.056818166666687375,319.4388352708333,319.4956534375
-1.0,58.0,127.0,0.17045450000000528,319.43173299999995,319.60218749999996
-1.0,-1.0,0.0,0.007102270833343027,319.60218749999996,319.6092897708333
-1.0,60.0,127.0,0.056818166666687375,319.6092897708333,319.6661079375
-1.0,62.0,127.0,0.17045450000000528,319.60218749999996,319.77264199999996
-1.0,-1.0,0.0,0.007102270833343027,319.77264199999996,319.7797442708333
-1.0,60.0,127.0,0.056818166666687375,319.7797442708333,319.8365624375
-1.0,60.0,127.0,0.17045450000000528,319.77264199999996,319.94309649999997
-1.0,59.0,127.0,0.11363633333334633,319.94309649999997,320.0567328333333
-1.0,-1.0,0.0,0.056818166666687375,320.0567328333333,320.113551
-1.0,66.0,127.0,0.1477272333333417,320.113551,320.2612782333333
-1.0,-1.0,0.0,0.02982953750000661,320.2612782333333,320.2911077708333
-1.0,60.0,127.0,0.05681816666663053,320.2911077708333,320.34792593749995
-1.0,61.0,127.0,0.17045450000000528,320.2840055,320.45446
-1.0,63.0,127.0,0.1477272333333417,320.45446,320.6021872333333
-1.0,-1.0,0.0,0.02272726666666358,320.6021872333333,320.6249145
-1.0,59.0,127.0,0.11718746874998942,320.6249145,320.74210196875
-1.0,-1.0,0.0,0.05326703125001586,320.74210196875,320.795369
-1.0,60.0,127.0,0.07990054687496695,320.795369,320.87526954687496
-1.0,60.0,127.0,0.07279827604162392,320.80247127083334,320.87526954687496
-1.0,70.0,127.0,0.17045450000000528,320.795369,320.9658235
-1.0,61.0,127.0,0.06392043749997356,320.9658235,321.0297439375
-1.0,61.0,127.0,0.056818166666687375,320.9729257708333,321.0297439375
-1.0,56.0,127.0,0.17045450000000528,320.9658235,321.136278
-1.0,60.0,127.0,0.0745738437499881,321.136278,321.21085184375
-1.0,60.0,127.0,0.056818166666687375,321.1540336770833,321.21085184375
-1.0,60.0,127.0,0.17045449999994844,321.136278,321.30673249999995
-1.0,-1.0,0.0,0.01242897395837872,321.30673249999995,321.31916147395833
-1.0,60.0,127.0,0.05681816666663053,321.31916147395833,321.37597964062496
-1.0,70.0,127.0,0.17045450000000528,321.30673249999995,321.47718699999996
-1.0,60.0,127.0,0.0639204375000304,321.47718699999996,321.5411074375
-1.0,60.0,127.0,0.056818166666687375,321.4842892708333,321.5411074375
-1.0,60.0,127.0,0.17045450000000528,321.47718699999996,321.64764149999996
-1.0,60.0,127.0,0.06924714062500925,321.64764149999996,321.716888640625
-1.0,60.0,127.0,0.056818166666687375,321.6600704739583,321.716888640625
-1.0,62.0,127.0,0.17045450000000528,321.64764149999996,321.81809599999997
-1.0,60.0,127.0,0.046164760416672834,321.81809599999997,321.86426076041664
-1.0,60.0,127.0,0.03906248958332981,321.8251982708333,321.86426076041664
-1.0,63.0,127.0,0.17045450000000528,321.81809599999997,321.9885505
-1.0,63.0,127.0,0.11363633333334633,321.9885505,322.10218683333335
-1.0,-1.0,0.0,0.05681816666663053,322.10218683333335,322.159005
-1.0,60.0,127.0,0.06392043749997356,322.159005,322.22292543749995
-1.0,60.0,127.0,0.05681816666663053,322.1661072708333,322.22292543749995
-1.0,58.0,127.0,0.17045450000000528,322.159005,322.3294595
-1.0,-1.0,0.0,0.007102270833343027,322.3294595,322.3365617708333
-1.0,60.0,127.0,0.05681816666663053,322.3365617708333,322.39337993749996
-1.0,62.0,127.0,0.17045450000000528,322.3294595,322.499914
-1.0,-1.0,0.0,0.007102270833343027,322.499914,322.50701627083333
-1.0,60.0,127.0,0.05681816666663053,322.50701627083333,322.56383443749996
-1.0,60.0,127.0,0.17045450000000528,322.499914,322.6703685
-1.0,59.0,127.0,0.11363633333331791,322.6703685,322.7840048333333
-1.0,-1.0,0.0,0.056818166666687375,322.7840048333333,322.840823
-1.0,66.0,127.0,0.14772723333333032,322.840823,322.98855023333334
-1.0,-1.0,0.0,0.029829537499949765,322.98855023333334,323.0183797708333
-1.0,60.0,127.0,0.056818166666687375,323.0183797708333,323.0751979375
-1.0,61.0,127.0,0.17045449999994844,323.0112775,323.18173199999995
-1.0,63.0,127.0,0.1477272333333417,323.18173199999995,323.3294592333333
-1.0,-1.0,0.0,0.02272726666666358,323.3294592333333,323.35218649999996
-1.0,59.0,127.0,0.11718746875001784,323.35218649999996,323.46937396875
-1.0,-1.0,0.0,0.05326703124995902,323.46937396875,323.52264099999996
-1.0,60.0,127.0,0.07990054687502379,323.52264099999996,323.602541546875
-1.0,60.0,127.0,0.07279827604168077,323.5297432708333,323.602541546875
-1.0,70.0,127.0,0.17045450000000528,323.52264099999996,323.69309549999997
-1.0,61.0,127.0,0.0639204375000304,323.69309549999997,323.7570159375
-1.0,61.0,127.0,0.056818166666687375,323.7001977708333,323.7570159375
-1.0,56.0,127.0,0.17045450000000528,323.69309549999997,323.86355
-1.0,60.0,127.0,0.0745738437499881,323.86355,323.93812384374996
-1.0,60.0,127.0,0.05681816666663053,323.88130567708333,323.93812384374996
-1.0,60.0,127.0,0.17045450000000528,323.86355,324.0340045
-1.0,-1.0,0.0,0.012428973958321876,324.0340045,324.0464334739583
-1.0,60.0,127.0,0.056818166666687375,324.0464334739583,324.103251640625
-1.0,70.0,127.0,0.17045450000000528,324.0340045,324.204459
-1.0,60.0,127.0,0.06392043749997356,324.204459,324.26837943749996
-1.0,60.0,127.0,0.05681816666663053,324.21156127083333,324.26837943749996
-1.0,60.0,127.0,0.17045450000000528,324.204459,324.3749135
-1.0,60.0,127.0,0.06924714062500925,324.3749135,324.444160640625
-1.0,60.0,127.0,0.056818166666687375,324.3873424739583,324.444160640625
-1.0,62.0,127.0,0.17045450000000528,324.3749135,324.545368
-1.0,60.0,127.0,0.046164760416672834,324.545368,324.59153276041667
-1.0,60.0,127.0,0.03906248958338665,324.5524702708333,324.59153276041667
-1.0,63.0,127.0,0.17045450000000528,324.545368,324.7158225
-1.0,63.0,127.0,0.11363633333328949,324.7158225,324.8294588333333
-1.0,-1.0,0.0,0.05681816666663053,324.8294588333333,324.88627699999995
-1.0,60.0,127.0,0.0639204375000304,324.88627699999995,324.9501974375
-1.0,60.0,127.0,0.056818166666687375,324.8933792708333,324.9501974375
-1.0,58.0,127.0,0.17045450000000528,324.88627699999995,325.05673149999996
-1.0,-1.0,0.0,0.007102270833343027,325.05673149999996,325.0638337708333
-1.0,60.0,127.0,0.056818166666687375,325.0638337708333,325.1206519375
-1.0,62.0,127.0,0.17045450000000528,325.0567314999999,325.2271859999999
-1.0,-1.0,0.0,0.007102270833399871,325.2271859999999,325.2342882708333
-1.0,60.0,127.0,0.056818166666687375,325.2342882708333,325.2911064375
-1.0,60.0,127.0,0.17045450000000528,325.22718599999996,325.39764049999997
-1.0,59.0,127.0,0.11363633333334633,325.39764049999997,325.51127683333334
-1.0,-1.0,0.0,0.05681816666663053,325.51127683333334,325.56809499999997
-1.0,66.0,127.0,0.1477272333333417,325.56809499999997,325.7158222333333
-1.0,-1.0,0.0,0.02982953750000661,325.7158222333333,325.7456517708333
-1.0,60.0,127.0,0.05681816666663053,325.7456517708333,325.80246993749995
-1.0,61.0,127.0,0.17045450000000528,325.7385495,325.909004
-1.0,63.0,127.0,0.1477272333333417,325.909004,326.0567312333333
-1.0,-1.0,0.0,0.02272726666666358,326.0567312333333,326.0794585
-1.0,59.0,127.0,0.11718746874998942,326.0794585,326.19664596875
-1.0,-1.0,0.0,0.05326703125001586,326.19664596875,326.249913
-1.0,60.0,127.0,0.07990054687496695,326.249913,326.32981354687496
-1.0,60.0,127.0,0.07279827604162392,326.25701527083334,326.32981354687496
-1.0,70.0,127.0,0.17045450000000528,326.249913,326.4203675
-1.0,61.0,127.0,0.06392043749997356,326.4203675,326.48428793749997
-1.0,61.0,127.0,0.056818166666687375,326.4274697708333,326.48428793749997
-1.0,56.0,127.0,0.17045450000000528,326.4203675,326.590822
-1.0,60.0,127.0,0.0745738437499881,326.590822,326.66539584375
-1.0,60.0,127.0,0.056818166666687375,326.6085776770833,326.66539584375
-1.0,60.0,127.0,0.17045449999994844,326.59082200000006,326.7612765
-1.0,-1.0,0.0,0.012428973958321876,326.7612765,326.77370547395833
-1.0,60.0,127.0,0.05681816666663053,326.77370547395833,326.83052364062496
-1.0,70.0,127.0,0.17045450000000528,326.76127649999995,326.93173099999996
-1.0,60.0,127.0,0.0639204375000304,326.93173099999996,326.9956514375
-1.0,60.0,127.0,0.056818166666687375,326.9388332708333,326.9956514375
-1.0,60.0,127.0,0.17045450000000528,326.93173099999996,327.10218549999996
-1.0,60.0,127.0,0.06924714062500925,327.10218549999996,327.17143264062497
-1.0,60.0,127.0,0.056818166666687375,327.1146144739583,327.17143264062497
-1.0,62.0,127.0,0.17045450000000528,327.10218549999996,327.27263999999997
-1.0,60.0,127.0,0.046164760416672834,327.27263999999997,327.31880476041664
-1.0,60.0,127.0,0.03906248958332981,327.2797422708333,327.31880476041664
-1.0,63.0,127.0,0.17045450000000528,327.27263999999997,327.4430945
-1.0,63.0,127.0,0.11363633333334633,327.4430945,327.5567308333333
-1.0,-1.0,0.0,0.056818166666687375,327.5567308333333,327.613549
-1.0,60.0,127.0,0.06392043749997356,327.613549,327.67746943749995
-1.0,60.0,127.0,0.05681816666663053,327.6206512708333,327.67746943749995
-1.0,58.0,127.0,0.17045450000000528,327.613549,327.7840035
-1.0,-1.0,0.0,0.007102270833343027,327.7840035,327.7911057708333
-1.0,60.0,127.0,0.05681816666663053,327.7911057708333,327.84792393749996
-1.0,62.0,127.0,0.17045450000000528,327.7840035,327.954458
-1.0,-1.0,0.0,0.007102270833343027,327.954458,327.96156027083333
-1.0,60.0,127.0,0.05681816666663053,327.96156027083333,328.01837843749996
-1.0,60.0,127.0,0.17045450000000528,327.954458,328.1249125
-1.0,59.0,127.0,0.11363633333331791,328.1249125,328.2385488333333
-1.0,-1.0,0.0,0.056818166666687375,328.2385488333333,328.295367
-1.0,66.0,127.0,0.14772723333333032,328.295367,328.44309423333334
-1.0,-1.0,0.0,0.029829537499949765,328.44309423333334,328.4729237708333
-1.0,60.0,127.0,0.056818166666687375,328.4729237708333,328.5297419375
-1.0,61.0,127.0,0.17045449999994844,328.4658215,328.63627599999995
-1.0,63.0,127.0,0.1477272333333417,328.63627599999995,328.7840032333333
-1.0,-1.0,0.0,0.02272726666666358,328.7840032333333,328.80673049999996
-1.0,59.0,127.0,0.11718746875001784,328.80673049999996,328.92391796874995
-1.0,-1.0,0.0,0.05326703125001586,328.92391796874995,328.97718499999996
-1.0,60.0,127.0,0.07990054687502379,328.97718499999996,329.057085546875
-1.0,60.0,127.0,0.07279827604168077,328.9842872708333,329.057085546875
-1.0,70.0,127.0,0.17045450000000528,328.97718499999996,329.14763949999997
-1.0,61.0,127.0,0.0639204375000304,329.14763949999997,329.2115599375
-1.0,61.0,127.0,0.056818166666687375,329.1547417708333,329.2115599375
-1.0,56.0,127.0,0.17045450000000528,329.14763949999997,329.318094
-1.0,60.0,127.0,0.0745738437499881,329.318094,329.39266784374996
-1.0,60.0,127.0,0.05681816666663053,329.33584967708333,329.39266784374996
-1.0,60.0,127.0,0.17045450000000528,329.318094,329.4885485
-1.0,-1.0,0.0,0.012428973958321876,329.4885485,329.5009774739583
-1.0,60.0,127.0,0.056818166666687375,329.5009774739583,329.557795640625
-1.0,70.0,127.0,0.17045450000000528,329.4885485,329.659003
-1.0,60.0,127.0,0.06392043749997356,329.659003,329.72292343749996
-1.0,60.0,127.0,0.05681816666663053,329.6661052708333,329.72292343749996
-1.0,60.0,127.0,0.17045450000000528,329.659003,329.8294575
-1.0,60.0,127.0,0.06924714062500925,329.8294575,329.898704640625
-1.0,60.0,127.0,0.056818166666687375,329.8418864739583,329.898704640625
-1.0,62.0,127.0,0.17045450000000528,329.8294575,329.999912
-1.0,60.0,127.0,0.046164760416672834,329.999912,330.04607676041667
-1.0,60.0,127.0,0.03906248958332981,330.00701427083334,330.04607676041667
-1.0,63.0,127.0,0.17045450000000528,329.999912,330.1703665
-1.0,63.0,127.0,0.11363633333328949,330.1703665,330.28400283333326
-1.0,-1.0,0.0,0.056818166666687375,330.28400283333326,330.34082099999995
-1.0,60.0,127.0,0.0639204375000304,330.34082099999995,330.4047414375
-1.0,60.0,127.0,0.056818166666687375,330.3479232708333,330.4047414375
-1.0,58.0,127.0,0.17045450000000528,330.34082099999995,330.51127549999995
-1.0,-1.0,0.0,0.007102270833343027,330.51127549999995,330.5183777708333
-1.0,60.0,127.0,0.056818166666687375,330.5183777708333,330.5751959375
-1.0,62.0,127.0,0.17045450000000528,330.51127549999995,330.68172999999996
-1.0,-1.0,0.0,0.007102270833343027,330.68172999999996,330.6888322708333
-1.0,60.0,127.0,0.056818166666687375,330.6888322708333,330.7456504375
-1.0,60.0,127.0,0.17045450000000528,330.68172999999996,330.85218449999996
-1.0,59.0,127.0,0.11363633333334633,330.85218449999996,330.9658208333333
-1.0,-1.0,0.0,0.056818166666687375,330.9658208333333,331.02263899999997
-1.0,66.0,127.0,0.1477272333333417,331.02263899999997,331.1703662333333
-1.0,-1.0,0.0,0.02982953750000661,331.1703662333333,331.2001957708333
-1.0,60.0,127.0,0.05681816666663053,331.2001957708333,331.25701393749995
-1.0,61.0,127.0,0.17045450000000528,331.1930935,331.363548
-1.0,63.0,127.0,0.1477272333333417,331.363548,331.5112752333333
-1.0,-1.0,0.0,0.02272726666666358,331.5112752333333,331.5340025
-1.0,59.0,127.0,0.11718746874998942,331.5340025,331.65118996875
-1.0,-1.0,0.0,0.05326703125001586,331.65118996875,331.704457
-1.0,60.0,127.0,0.07990054687496695,331.704457,331.78435754687496
-1.0,60.0,127.0,0.07279827604162392,331.71155927083333,331.78435754687496
-1.0,70.0,127.0,0.17045450000000528,331.704457,331.8749115
-1.0,61.0,127.0,0.06392043749997356,331.8749115,331.93883193749997
-1.0,61.0,127.0,0.056818166666687375,331.8820137708333,331.93883193749997
-1.0,56.0,127.0,0.17045450000000528,331.8749115,332.045366
-1.0,60.0,127.0,0.0745738437499881,332.045366,332.11993984375
-1.0,60.0,127.0,0.056818166666687375,332.0631216770833,332.11993984375
-1.0,60.0,127.0,0.17045449999994844,332.045366,332.21582049999995
-1.0,-1.0,0.0,0.01242897395837872,332.21582049999995,332.22824947395833
-1.0,60.0,127.0,0.05681816666663053,332.22824947395833,332.28506764062496
-1.0,70.0,127.0,0.17045450000000528,332.21582049999995,332.38627499999996
-1.0,60.0,127.0,0.0639204375000304,332.38627499999996,332.4501954375
-1.0,60.0,127.0,0.056818166666687375,332.3933772708333,332.4501954375
-1.0,60.0,127.0,0.17045450000000528,332.38627499999996,332.55672949999996
-1.0,60.0,127.0,0.06924714062500925,332.55672949999996,332.62597664062497
-1.0,60.0,127.0,0.056818166666687375,332.5691584739583,332.62597664062497
-1.0,62.0,127.0,0.17045450000000528,332.55672949999996,332.72718399999997
-1.0,60.0,127.0,0.046164760416672834,332.72718399999997,332.77334876041664
-1.0,60.0,127.0,0.03906248958332981,332.7342862708333,332.77334876041664
-1.0,63.0,127.0,0.17045450000000528,332.72718399999997,332.89763849999997
-1.0,63.0,127.0,0.11363633333334633,332.89763849999997,333.01127483333335
-1.0,-1.0,0.0,0.05681816666663053,333.01127483333335,333.068093
-1.0,60.0,127.0,0.06392043749997356,333.068093,333.13201343749995
-1.0,60.0,127.0,0.05681816666663053,333.0751952708333,333.13201343749995
-1.0,58.0,127.0,0.17045450000000528,333.068093,333.2385475
-1.0,-1.0,0.0,0.007102270833343027,333.2385475,333.2456497708333
-1.0,60.0,127.0,0.05681816666663053,333.2456497708333,333.30246793749996
-1.0,62.0,127.0,0.17045450000000528,333.23854750000004,333.40900200000004
-1.0,-1.0,0.0,0.007102270833286184,333.40900200000004,333.41610427083333
-1.0,60.0,127.0,0.05681816666663053,333.41610427083333,333.47292243749996
-1.0,60.0,127.0,0.17045450000000528,333.409002,333.5794565
-1.0,59.0,127.0,0.11363633333331791,333.5794565,333.6930928333333
-1.0,-1.0,0.0,0.056818166666687375,333.6930928333333,333.749911
-1.0,66.0,127.0,0.14772723333333032,333.749911,333.89763823333334
-1.0,-1.0,0.0,0.029829537499949765,333.89763823333334,333.9274677708333
-1.0,60.0,127.0,0.056818166666687375,333.9274677708333,333.9842859375
-1.0,61.0,127.0,0.17045449999994844,333.9203655,334.09081999999995
-1.0,63.0,127.0,0.1477272333333417,334.09081999999995,334.2385472333333
-1.0,-1.0,0.0,0.02272726666666358,334.2385472333333,334.26127449999996
-1.0,59.0,127.0,0.11718746875001784,334.26127449999996,334.37846196875
-1.0,-1.0,0.0,0.05326703124995902,334.37846196875,334.43172899999996
-1.0,60.0,127.0,0.07990054687502379,334.43172899999996,334.511629546875
-1.0,60.0,127.0,0.07279827604168077,334.4388312708333,334.511629546875
-1.0,70.0,127.0,0.17045450000000528,334.43172899999996,334.60218349999997
-1.0,61.0,127.0,0.0639204375000304,334.60218349999997,334.6661039375
-1.0,61.0,127.0,0.056818166666687375,334.6092857708333,334.6661039375
-1.0,56.0,127.0,0.17045450000000528,334.60218349999997,334.772638
-1.0,60.0,127.0,0.0745738437499881,334.772638,334.84721184374996
-1.0,60.0,127.0,0.05681816666663053,334.79039367708333,334.84721184374996
-1.0,60.0,127.0,0.17045450000000528,334.772638,334.9430925
-1.0,-1.0,0.0,0.012428973958321876,334.9430925,334.9555214739583
-1.0,60.0,127.0,0.056818166666687375,334.9555214739583,335.012339640625
-1.0,70.0,127.0,0.17045450000000528,334.9430925,335.113547
-1.0,60.0,127.0,0.06392043749997356,335.113547,335.17746743749996
-1.0,60.0,127.0,0.05681816666663053,335.1206492708333,335.17746743749996
-1.0,60.0,127.0,0.17045450000000528,335.113547,335.2840015
-1.0,60.0,127.0,0.06924714062500925,335.2840015,335.353248640625
-1.0,60.0,127.0,0.056818166666687375,335.2964304739583,335.353248640625
-1.0,62.0,127.0,0.17045450000000528,335.2840015,335.454456
-1.0,60.0,127.0,0.046164760416672834,335.454456,335.50062076041667
-1.0,60.0,127.0,0.03906248958332981,335.46155827083334,335.50062076041667
-1.0,63.0,127.0,0.17045450000000528,335.454456,335.6249105
-1.0,63.0,127.0,0.11363633333331791,335.6249105,335.7385468333333
-1.0,-1.0,0.0,0.056818166666687375,335.7385468333333,335.795365
-1.0,60.0,127.0,0.06392043749997356,335.795365,335.8592854375
-1.0,60.0,127.0,0.056818166666687375,335.8024672708333,335.8592854375
-1.0,58.0,127.0,0.17045449999994844,335.795365,335.96581949999995
-1.0,-1.0,0.0,0.007102270833343027,335.96581949999995,335.9729217708333
-1.0,60.0,127.0,0.056818166666687375,335.9729217708333,336.0297399375
-1.0,62.0,127.0,0.17045450000000528,335.96581949999995,336.13627399999996
-1.0,-1.0,0.0,0.007102270833343027,336.13627399999996,336.1433762708333
-1.0,60.0,127.0,0.056818166666687375,336.1433762708333,336.2001944375
-1.0,60.0,127.0,0.17045450000000528,336.13627399999996,336.30672849999996
-1.0,59.0,127.0,0.11363633333334633,336.30672849999996,336.42036483333334
-1.0,-1.0,0.0,0.05681816666663053,336.42036483333334,336.47718299999997
-1.0,66.0,127.0,0.1477272333333417,336.47718299999997,336.6249102333333
-1.0,-1.0,0.0,0.02982953750000661,336.6249102333333,336.6547397708333
-1.0,60.0,127.0,0.056818166666687375,336.6547397708333,336.7115579375
-1.0,61.0,127.0,0.17045450000000528,336.6476375,336.818092
-1.0,60.0,127.0,0.046164760416672834,336.818092,336.86425676041665
-1.0,60.0,127.0,0.03906248958332981,336.8251942708333,336.86425676041665
-1.0,64.0,127.0,0.17045450000000528,336.818092,336.9885465
-1.0,63.0,127.0,0.11363633333331791,336.9885465,337.1021828333333
-1.0,-1.0,0.0,0.056818166666687375,337.1021828333333,337.159001
-1.0,60.0,127.0,0.06392043749997356,337.159001,337.22292143749996
-1.0,60.0,127.0,0.05681816666663053,337.16610327083333,337.22292143749996
-1.0,58.0,127.0,0.17045450000000528,337.159001,337.3294555
-1.0,-1.0,0.0,0.007102270833343027,337.3294555,337.33655777083334
-1.0,60.0,127.0,0.05681816666663053,337.33655777083334,337.39337593749997
-1.0,61.0,127.0,0.17045450000000528,337.3294555,337.49991
-1.0,-1.0,0.0,0.007102270833286184,337.49991,337.5070122708333
-1.0,60.0,127.0,0.056818166666687375,337.5070122708333,337.5638304375
-1.0,59.0,127.0,0.17045449999994844,337.49991,337.67036449999995
-1.0,59.0,127.0,0.11363633333334633,337.67036449999995,337.78400083333327
-1.0,-1.0,0.0,0.056818166666687375,337.78400083333327,337.84081899999995
-1.0,66.0,127.0,0.1477272333333417,337.84081899999995,337.9885462333333
-1.0,-1.0,0.0,0.02982953750000661,337.9885462333333,338.0183757708333
-1.0,60.0,127.0,0.056818166666687375,338.0183757708333,338.0751939375
-1.0,60.0,127.0,0.17045450000000528,338.01127349999996,338.18172799999996
-1.0,65.0,127.0,0.13257572222223266,338.18172799999996,338.3143037222222
-1.0,-1.0,0.0,0.037878777777791584,338.3143037222222,338.35218249999997
-1.0,59.0,127.0,0.11718746875001784,338.35218249999997,338.46936996875
-1.0,-1.0,0.0,0.05326703124995902,338.46936996875,338.522637
-1.0,60.0,127.0,0.07990054687502379,338.522637,338.602537546875
-1.0,60.0,127.0,0.07279827604168077,338.5297392708333,338.602537546875
-1.0,70.0,127.0,0.17045450000000528,338.522637,338.6930915
-1.0,61.0,127.0,0.06392043749997356,338.6930915,338.75701193749995
-1.0,61.0,127.0,0.05681816666663053,338.7001937708333,338.75701193749995
-1.0,54.0,127.0,0.17045450000000528,338.6930915,338.863546
-1.0,60.0,127.0,0.0745738437499881,338.863546,338.93811984375
-1.0,60.0,127.0,0.056818166666687375,338.8813016770833,338.93811984375
-1.0,60.0,127.0,0.17045450000000528,338.863546,339.0340005
-1.0,-1.0,0.0,0.012428973958321876,339.0340005,339.0464294739583
-1.0,60.0,127.0,0.056818166666687375,339.0464294739583,339.103247640625
-1.0,70.0,127.0,0.17045450000000528,339.0340005,339.204455
-1.0,60.0,127.0,0.06392043749997356,339.204455,339.26837543749997
-1.0,60.0,127.0,0.056818166666687375,339.2115572708333,339.26837543749997
-1.0,60.0,127.0,0.17045450000000528,339.204455,339.3749095
-1.0,60.0,127.0,0.06924714062495241,339.3749095,339.44415664062495
-1.0,60.0,127.0,0.05681816666663053,339.3873384739583,339.44415664062495
-1.0,60.0,127.0,0.17045449999994844,339.3749095,339.54536399999995
-1.0,60.0,127.0,0.046164760416672834,339.54536399999995,339.5915287604166
-1.0,60.0,127.0,0.03906248958332981,339.5524662708333,339.5915287604166
-1.0,64.0,127.0,0.17045450000000528,339.54536399999995,339.71581849999995
-1.0,63.0,127.0,0.11363633333334633,339.71581849999995,339.82945483333333
-1.0,-1.0,0.0,0.05681816666663053,339.82945483333333,339.88627299999996
-1.0,60.0,127.0,0.0639204375000304,339.88627299999996,339.9501934375
-1.0,60.0,127.0,0.056818166666687375,339.8933752708333,339.9501934375
-1.0,58.0,127.0,0.17045450000000528,339.88627299999996,340.05672749999997
-1.0,-1.0,0.0,0.007102270833343027,340.05672749999997,340.0638297708333
-1.0,60.0,127.0,0.056818166666687375,340.0638297708333,340.1206479375
-1.0,61.0,127.0,0.17045450000000528,340.05672749999997,340.22718199999997
-1.0,-1.0,0.0,0.007102270833343027,340.22718199999997,340.2342842708333
-1.0,60.0,127.0,0.056818166666687375,340.2342842708333,340.2911024375
-1.0,59.0,127.0,0.17045450000000528,340.22718199999997,340.3976365
-1.0,59.0,127.0,0.11363633333334633,340.3976365,340.51127283333335
-1.0,-1.0,0.0,0.05681816666663053,340.51127283333335,340.568091
-1.0,66.0,127.0,0.1477272333333417,340.568091,340.7158182333333
-1.0,-1.0,0.0,0.02982953750000661,340.7158182333333,340.74564777083333
-1.0,60.0,127.0,0.05681816666663053,340.74564777083333,340.80246593749996
-1.0,60.0,127.0,0.17045450000000528,340.7385455,340.909
-1.0,65.0,127.0,0.1325757222222137,340.909,341.0415757222222
-1.0,-1.0,0.0,0.037878777777791584,341.0415757222222,341.0794545
-1.0,59.0,127.0,0.11718746874998942,341.0794545,341.19664196875
-1.0,-1.0,0.0,0.05326703125001586,341.19664196875,341.249909
-1.0,60.0,127.0,0.07990054687496695,341.249909,341.32980954687497
-1.0,60.0,127.0,0.07279827604168077,341.2570112708333,341.32980954687497
-1.0,70.0,127.0,0.17045449999994844,341.249909,341.42036349999995
-1.0,61.0,127.0,0.0639204375000304,341.42036349999995,341.4842839375
-1.0,61.0,127.0,0.056818166666687375,341.4274657708333,341.4842839375
-1.0,54.0,127.0,0.17045450000000528,341.42036349999995,341.59081799999996
-1.0,60.0,127.0,0.07457384375004494,341.59081799999996,341.66539184375
-1.0,60.0,127.0,0.056818166666687375,341.6085736770833,341.66539184375
-1.0,60.0,127.0,0.17045450000000528,341.59081799999996,341.76127249999996
-1.0,-1.0,0.0,0.012428973958321876,341.76127249999996,341.7737014739583
-1.0,60.0,127.0,0.056818166666687375,341.7737014739583,341.83051964062497
-1.0,70.0,127.0,0.17045450000000528,341.76127249999996,341.93172699999997
-1.0,60.0,127.0,0.0639204375000304,341.93172699999997,341.9956474375
-1.0,60.0,127.0,0.056818166666687375,341.9388292708333,341.9956474375
-1.0,60.0,127.0,0.17045450000000528,341.93172699999997,342.1021815
-1.0,60.0,127.0,0.06924714062500925,342.1021815,342.171428640625
-1.0,60.0,127.0,0.056818166666687375,342.1146104739583,342.171428640625
-1.0,60.0,127.0,0.17045450000000528,342.1021815,342.272636
-1.0,60.0,127.0,0.046164760416672834,342.272636,342.31880076041665
-1.0,60.0,127.0,0.03906248958332981,342.2797382708333,342.31880076041665
-1.0,64.0,127.0,0.17045450000000528,342.272636,342.4430905
-1.0,63.0,127.0,0.11363633333334633,342.4430905,342.5567268333333
-1.0,-1.0,0.0,0.056818166666687375,342.5567268333333,342.613545
-1.0,60.0,127.0,0.06392043749997356,342.613545,342.67746543749996
-1.0,60.0,127.0,0.05681816666663053,342.62064727083333,342.67746543749996
-1.0,58.0,127.0,0.17045450000000528,342.613545,342.7839995
-1.0,-1.0,0.0,0.007102270833343027,342.7839995,342.79110177083334
-1.0,60.0,127.0,0.05681816666663053,342.79110177083334,342.84791993749997
-1.0,61.0,127.0,0.17045450000000528,342.7839995,342.954454
-1.0,-1.0,0.0,0.007102270833286184,342.954454,342.9615562708333
-1.0,60.0,127.0,0.056818166666687375,342.9615562708333,343.0183744375
-1.0,59.0,127.0,0.17045450000000528,342.954454,343.1249085
-1.0,59.0,127.0,0.11363633333328949,343.1249085,343.2385448333333
-1.0,-1.0,0.0,0.05681816666663053,343.2385448333333,343.29536299999995
-1.0,66.0,127.0,0.1477272333333417,343.29536299999995,343.4430902333333
-1.0,-1.0,0.0,0.02982953750000661,343.4430902333333,343.4729197708333
-1.0,60.0,127.0,0.056818166666687375,343.4729197708333,343.5297379375
-1.0,60.0,127.0,0.17045450000000528,343.46581749999996,343.63627199999996
-1.0,65.0,127.0,0.13257572222223266,343.63627199999996,343.7688477222222
-1.0,-1.0,0.0,0.037878777777791584,343.7688477222222,343.80672649999997
-1.0,59.0,127.0,0.11718746875001784,343.80672649999997,343.92391396874996
-1.0,-1.0,0.0,0.05326703125001586,343.92391396874996,343.977181
-1.0,60.0,127.0,0.07990054687502379,343.977181,344.057081546875
-1.0,60.0,127.0,0.07279827604168077,343.9842832708333,344.057081546875
-1.0,70.0,127.0,0.17045450000000528,343.977181,344.1476355
-1.0,61.0,127.0,0.06392043749997356,344.1476355,344.21155593749995
-1.0,61.0,127.0,0.05681816666663053,344.1547377708333,344.21155593749995
-1.0,54.0,127.0,0.17045450000000528,344.1476355,344.31809
-1.0,60.0,127.0,0.0745738437499881,344.31809,344.39266384375
-1.0,60.0,127.0,0.056818166666687375,344.3358456770833,344.39266384375
-1.0,60.0,127.0,0.17045450000000528,344.31809,344.4885445
-1.0,-1.0,0.0,0.012428973958321876,344.4885445,344.5009734739583
-1.0,60.0,127.0,0.056818166666687375,344.5009734739583,344.557791640625
-1.0,70.0,127.0,0.17045450000000528,344.4885445,344.658999
-1.0,60.0,127.0,0.06392043749997356,344.658999,344.72291943749997
-1.0,60.0,127.0,0.05681816666663053,344.66610127083334,344.72291943749997
-1.0,60.0,127.0,0.17045450000000528,344.658999,344.8294535
-1.0,60.0,127.0,0.06924714062495241,344.8294535,344.89870064062495
-1.0,60.0,127.0,0.05681816666663053,344.8418824739583,344.89870064062495
-1.0,60.0,127.0,0.17045449999994844,344.8294535,344.99990799999995
-1.0,60.0,127.0,0.046164760416672834,344.99990799999995,345.0460727604166
-1.0,60.0,127.0,0.03906248958332981,345.0070102708333,345.0460727604166
-1.0,64.0,127.0,0.17045450000000528,344.99990799999995,345.17036249999995
-1.0,63.0,127.0,0.11363633333334633,345.17036249999995,345.28399883333327
-1.0,-1.0,0.0,0.056818166666687375,345.28399883333327,345.34081699999996
-1.0,60.0,127.0,0.0639204375000304,345.34081699999996,345.4047374375
-1.0,60.0,127.0,0.056818166666687375,345.3479192708333,345.4047374375
-1.0,58.0,127.0,0.17045450000000528,345.34081699999996,345.51127149999996
-1.0,-1.0,0.0,0.007102270833343027,345.51127149999996,345.5183737708333
-1.0,60.0,127.0,0.056818166666687375,345.5183737708333,345.5751919375
-1.0,61.0,127.0,0.17045450000000528,345.51127149999996,345.68172599999997
-1.0,-1.0,0.0,0.007102270833343027,345.68172599999997,345.6888282708333
-1.0,60.0,127.0,0.056818166666687375,345.6888282708333,345.7456464375
-1.0,59.0,127.0,0.17045450000000528,345.68172599999997,345.8521805
-1.0,59.0,127.0,0.11363633333334633,345.8521805,345.9658168333333
-1.0,-1.0,0.0,0.056818166666687375,345.9658168333333,346.022635
-1.0,66.0,127.0,0.1477272333333417,346.022635,346.1703622333333
-1.0,-1.0,0.0,0.02982953750000661,346.1703622333333,346.2001917708333
-1.0,60.0,127.0,0.05681816666663053,346.2001917708333,346.25700993749996
-1.0,60.0,127.0,0.17045450000000528,346.1930895,346.363544
-1.0,65.0,127.0,0.1325757222222137,346.363544,346.4961197222222
-1.0,-1.0,0.0,0.037878777777791584,346.4961197222222,346.5339985
-1.0,59.0,127.0,0.11718746874998942,346.5339985,346.65118596875
-1.0,-1.0,0.0,0.05326703125001586,346.65118596875,346.704453
-1.0,60.0,127.0,0.07990054687496695,346.704453,346.78435354687497
-1.0,60.0,127.0,0.07279827604168077,346.7115552708333,346.78435354687497
-1.0,70.0,127.0,0.17045449999994844,346.704453,346.87490749999995
-1.0,61.0,127.0,0.0639204375000304,346.87490749999995,346.9388279375
-1.0,61.0,127.0,0.056818166666687375,346.8820097708333,346.9388279375
-1.0,54.0,127.0,0.17045450000000528,346.87490749999995,347.04536199999995
-1.0,60.0,127.0,0.07457384375004494,347.04536199999995,347.11993584375
-1.0,60.0,127.0,0.056818166666687375,347.0631176770833,347.11993584375
-1.0,60.0,127.0,0.17045450000000528,347.04536199999995,347.21581649999996
-1.0,-1.0,0.0,0.012428973958321876,347.21581649999996,347.2282454739583
-1.0,60.0,127.0,0.056818166666687375,347.2282454739583,347.28506364062497
-1.0,70.0,127.0,0.17045450000000528,347.2158164999999,347.3862709999999
-1.0,-1.0,0.0,5.684341886080802e-14,347.3862709999999,347.38627099999997
-1.0,60.0,127.0,0.0639204375000304,347.38627099999997,347.4501914375
-1.0,60.0,127.0,0.056818166666687375,347.3933732708333,347.4501914375
-1.0,60.0,127.0,0.17045450000000528,347.386271,347.5567255
-1.0,60.0,127.0,0.06924714062500925,347.55672549999997,347.625972640625
-1.0,60.0,127.0,0.056818166666687375,347.5691544739583,347.625972640625
-1.0,60.0,127.0,0.17045450000000528,347.5567254999999,347.7271799999999
-1.0,-1.0,0.0,0.17045450000006213,347.7271799999999,347.8976345
-1.0,64.0,127.0,0.07990054687496695,347.8976345,347.97753504687495
-1.0,-1.0,0.0,0.2610084531250436,347.97753504687495,348.2385435
-1.0,64.0,127.0,0.07990054687496695,348.2385435,348.31844404687496
-1.0,-1.0,0.0,0.2610084531250436,348.31844404687496,348.5794525
-1.0,64.0,127.0,0.07990054687496695,348.5794525,348.65935304687497
1.0,76.0,127.0,0.3409089999999999,5.454543999999999,5.795452999999999
1.0,77.0,127.0,0.17045449999999995,5.795452999999999,5.965907499999999
1.0,76.0,127.0,0.3409089999999999,5.965907499999999,6.306816499999999
1.0,77.0,127.0,0.3409090000000008,6.306816499999999,6.6477255
1.0,76.0,127.0,0.3409089999999999,6.6477255,6.9886345
1.0,79.0,127.0,0.17045449999999995,6.9886345,7.159089
1.0,75.0,127.0,0.17045449999999995,7.159089,7.3295435
1.0,76.0,127.0,0.17045449999999995,7.3295435,7.499998
1.0,-1.0,0.0,0.17045449999999995,7.499998,7.6704525
1.0,77.0,127.0,0.17045449999999995,7.6704525,7.840907
1.0,-1.0,0.0,0.17045449999999995,7.840907,8.0113615
1.0,73.0,127.0,0.3409089999999999,8.0113615,8.3522705
1.0,72.0,127.0,0.17045449999999995,8.3522705,8.522725
1.0,-1.0,0.0,0.17045449999999995,8.522725,8.6931795
1.0,73.0,127.0,0.3409089999999999,8.6931795,9.0340885
1.0,72.0,127.0,0.17045449999999995,9.0340885,9.204543
1.0,-1.0,0.0,0.17045449999999995,9.204543,9.3749975
1.0,73.0,127.0,0.17045449999999995,9.3749975,9.545452
1.0,73.0,127.0,0.17045449999999995,9.545452,9.7159065
1.0,-1.0,0.0,0.17045449999999995,9.7159065,9.886360999999999
1.0,72.0,127.0,0.17045449999999995,9.886360999999999,10.056815499999999
1.0,73.0,127.0,0.17045449999999995,10.056815499999999,10.227269999999999
1.0,-1.0,0.0,0.17045449999999995,10.227269999999999,10.397724499999999
1.0,73.0,127.0,0.17045449999999995,10.397724499999999,10.568178999999999
1.0,-1.0,0.0,0.17045449999999995,10.568178999999999,10.738633499999999
1.0,73.0,127.0,0.3409089999999999,10.738633499999999,11.079542499999999
1.0,73.0,127.0,0.17045449999999995,11.079542499999999,11.249996999999999
1.0,-1.0,0.0,0.17045449999999995,11.249996999999999,11.420451499999999
1.0,67.0,127.0,0.3409089999999999,11.420451499999999,11.761360499999999
1.0,79.0,127.0,0.17045449999999995,11.590905999999999,11.761360499999999
1.0,-1.0,0.0,0.3409089999999999,11.761360499999999,12.102269499999998
1.0,79.0,127.0,0.17045449999999995,12.102269499999998,12.272723999999998
1.0,67.0,127.0,0.17045449999999995,12.272723999999998,12.443178499999998
1.0,72.0,127.0,0.5113634999999999,11.931814999999999,12.443178499999998
1.0,79.0,127.0,0.17045449999999995,12.272723999999998,12.443178499999998
1.0,-1.0,0.0,0.17045449999999995,12.443178499999998,12.613632999999998
1.0,73.0,127.0,0.17045449999999995,12.613632999999998,12.784087499999998
1.0,73.0,127.0,0.17045449999999995,12.784087499999998,12.954541999999998
1.0,-1.0,0.0,0.17045450000000173,12.954541999999998,13.1249965
1.0,73.0,127.0,0.17045449999999995,13.1249965,13.295451
1.0,-1.0,0.0,0.17045449999999995,13.295451,13.4659055
1.0,74.0,127.0,0.3409089999999999,13.4659055,13.8068145
1.0,73.0,127.0,0.17045449999999995,13.8068145,13.977269
1.0,-1.0,0.0,0.17045449999999995,13.977269,14.1477235
1.0,74.0,127.0,0.3409089999999999,14.1477235,14.4886325
1.0,73.0,127.0,0.17045449999999995,14.4886325,14.659087
1.0,-1.0,0.0,0.17045449999999995,14.659087,14.8295415
1.0,74.0,127.0,0.17045449999999995,14.8295415,14.999996
1.0,74.0,127.0,0.17045449999999995,14.999996,15.1704505
1.0,-1.0,0.0,0.17045449999999995,15.1704505,15.340905
1.0,73.0,127.0,0.17045449999999995,15.340905,15.5113595
1.0,74.0,127.0,0.17045449999999995,15.5113595,15.681814
1.0,-1.0,0.0,0.17045449999999995,15.681814,15.8522685
1.0,73.0,127.0,0.17045449999999995,15.8522685,16.022723
1.0,-1.0,0.0,0.17045449999999818,16.022723,16.193177499999997
1.0,75.0,127.0,0.17045450000000173,16.193177499999997,16.363632
1.0,-1.0,0.0,0.17045449999999818,16.363632,16.534086499999997
1.0,73.0,127.0,0.17045450000000173,16.534086499999997,16.704541
1.0,-1.0,0.0,0.17045449999999818,16.704541,16.874995499999997
1.0,75.0,127.0,0.17045450000000173,16.874995499999997,17.04545
1.0,-1.0,0.0,0.17045449999999818,17.04545,17.215904499999997
1.0,73.0,127.0,0.17045450000000173,17.215904499999997,17.386359
1.0,-1.0,0.0,0.17045450000000173,17.386359,17.5568135
1.0,75.0,127.0,0.17045449999999818,17.5568135,17.727268
1.0,75.0,127.0,0.17045450000000173,17.727268,17.8977225
1.0,-1.0,0.0,3.9666182604166664,17.8977225,21.864340760416667
1.0,70.0,127.0,0.09588065624999942,21.864340760416667,21.960221416666666
1.0,-1.0,0.0,0.07990054687499892,21.960221416666666,22.040121963541665
1.0,63.0,127.0,0.11896303645833228,22.040121963541665,22.159084999999997
1.0,-1.0,0.0,0.0177556770833327,22.159084999999997,22.17684067708333
1.0,67.0,127.0,0.09588065625000297,22.17684067708333,22.272721333333333
1.0,-1.0,0.0,0.0692471406249986,22.272721333333333,22.34196847395833
1.0,70.0,127.0,0.07990054687499892,22.34196847395833,22.42186902083333
1.0,-1.0,0.0,0.09588065624999942,22.42186902083333,22.51774967708333
1.0,70.0,127.0,0.11363633333333567,22.51774967708333,22.631386010416666
1.0,-1.0,0.0,0.051491463541665894,22.631386010416666,22.68287747395833
1.0,63.0,127.0,0.11896303645833228,22.68287747395833,22.801840510416664
1.0,-1.0,0.0,0.033735786458333195,22.801840510416664,22.835576296874997
1.0,67.0,127.0,0.0905539531250028,22.835576296874997,22.92613025
1.0,-1.0,0.0,0.07457384374999876,22.92613025,23.00070409375
1.0,70.0,127.0,0.07990054687499892,23.00070409375,23.080604640624998
1.0,-1.0,0.0,0.10120735937499958,23.080604640624998,23.181811999999997
1.0,72.0,127.0,0.10298292708333534,23.181811999999997,23.284794927083333
1.0,-1.0,0.0,0.07990054687499892,23.284794927083333,23.36469547395833
1.0,63.0,127.0,0.1296164427083326,23.36469547395833,23.494311916666664
1.0,-1.0,0.0,0.0177556770833327,23.494311916666664,23.512067593749997
1.0,68.0,127.0,0.07990054687500248,23.512067593749997,23.591968140625
1.0,-1.0,0.0,0.10120735937499958,23.591968140625,23.6931755
1.0,72.0,127.0,0.08522724999999909,23.6931755,23.778402749999998
1.0,-1.0,0.0,0.09765622395833518,23.778402749999998,23.876058973958333
1.0,72.0,127.0,0.10120735937499958,23.876058973958333,23.977266333333333
1.0,-1.0,0.0,0.05681816666666606,23.977266333333333,24.0340845
1.0,63.0,127.0,0.12073860416666449,24.0340845,24.154823104166663
1.0,-1.0,0.0,0.03373578645833675,24.154823104166663,24.188558890625
1.0,68.0,127.0,0.07990054687499892,24.188558890625,24.2684594375
1.0,-1.0,0.0,0.09588065624999942,24.2684594375,24.36434009375
1.0,70.0,127.0,0.07990054687499892,24.36434009375,24.444240640624997
1.0,-1.0,0.0,0.09588065624999942,24.444240640624997,24.540121296874997
1.0,70.0,127.0,0.11363633333333567,24.540121296874997,24.653757630208332
1.0,-1.0,0.0,0.062144869791666224,24.653757630208332,24.7159025
1.0,63.0,127.0,0.10830963020833195,24.7159025,24.82421213020833
1.0,-1.0,0.0,0.04616476041666928,24.82421213020833,24.870376890625
1.0,67.0,127.0,0.09588065624999942,24.870376890625,24.966257546875
1.0,-1.0,0.0,0.07990054687499892,24.966257546875,25.046158093749998
1.0,70.0,127.0,0.08522724999999909,25.046158093749998,25.131385343749997
1.0,-1.0,0.0,0.10298292708333534,25.131385343749997,25.234368270833333
1.0,70.0,127.0,0.10120735937499958,25.234368270833333,25.335575630208332
1.0,-1.0,0.0,0.062144869791666224,25.335575630208332,25.3977205
1.0,63.0,127.0,0.11363633333333212,25.3977205,25.51135683333333
1.0,-1.0,0.0,0.03551135416666895,25.51135683333333,25.5468681875
1.0,67.0,127.0,0.09055395312499925,25.5468681875,25.637422140625
1.0,-1.0,0.0,0.07279827604166655,25.637422140625,25.710220416666665
1.0,70.0,127.0,0.08522724999999909,25.710220416666665,25.795447666666664
1.0,-1.0,0.0,0.11363633333333212,25.795447666666664,25.909083999999996
1.0,70.0,127.0,0.12073860416666804,25.909083999999996,26.029822604166664
1.0,-1.0,0.0,0.03906248958333336,26.029822604166664,26.068885093749998
1.0,63.0,127.0,0.10830963020833195,26.068885093749998,26.17719472395833
1.0,-1.0,0.0,0.05149146354166945,26.17719472395833,26.2286861875
1.0,67.0,127.0,0.09055395312499925,26.2286861875,26.319240140625
1.0,-1.0,0.0,0.062144869791666224,26.319240140625,26.381385010416665
1.0,70.0,127.0,0.07990054687499892,26.381385010416665,26.461285557291664
1.0,-1.0,0.0,0.1420454166666687,26.461285557291664,26.603330973958332
1.0,70.0,127.0,0.10830963020833195,26.603330973958332,26.711640604166664
1.0,-1.0,0.0,0.06747157291666639,26.711640604166664,26.77911217708333
1.0,63.0,127.0,0.09588065624999942,26.77911217708333,26.87499283333333
1.0,-1.0,0.0,0.05149146354166945,26.87499283333333,26.926484296875
1.0,67.0,127.0,0.08522724999999909,26.926484296875,27.011711546875
1.0,-1.0,0.0,0.08522724999999909,27.011711546875,27.096938796874998
1.0,70.0,127.0,0.07457384374999876,27.096938796874998,27.171512640624996
1.0,-1.0,0.0,0.11363633333333567,27.171512640624996,27.285148973958332
1.0,70.0,127.0,0.09588065624999942,27.285148973958332,27.38102963020833
1.0,-1.0,0.0,0.05681816666666606,27.38102963020833,27.437847796874998
1.0,63.0,127.0,0.11896303645833228,27.437847796874998,27.55681083333333
1.0,-1.0,0.0,0.040838057291669116,27.55681083333333,27.597648890625
1.0,67.0,127.0,0.07990054687499892,27.597648890625,27.677549437499998
1.0,-1.0,0.0,0.07812497916666672,27.677549437499998,27.755674416666665
1.0,70.0,127.0,0.08522724999999909,27.755674416666665,27.840901666666664
1.0,-1.0,0.0,0.10298292708333534,27.840901666666664,27.94388459375
1.0,70.0,127.0,0.10298292708333179,27.94388459375,28.04686752083333
1.0,-1.0,0.0,0.06747157291666639,28.04686752083333,28.114339093749997
1.0,63.0,127.0,0.1083096302083355,28.114339093749997,28.222648723958333
1.0,-1.0,0.0,0.051491463541665894,28.222648723958333,28.2741401875
1.0,67.0,127.0,0.08522724999999909,28.2741401875,28.359367437499998
1.0,-1.0,0.0,0.08522724999999909,28.359367437499998,28.444594687499997
1.0,70.0,127.0,0.07812497916666672,28.444594687499997,28.522719666666664
1.0,-1.0,0.0,0.10298292708333534,28.522719666666664,28.62570259375
1.0,70.0,127.0,0.10298292708333179,28.62570259375,28.72868552083333
1.0,-1.0,0.0,0.07812497916666672,28.72868552083333,28.806810499999997
1.0,63.0,127.0,0.10298292708333534,28.806810499999997,28.909793427083333
1.0,-1.0,0.0,0.051491463541665894,28.909793427083333,28.961284890625
1.0,67.0,127.0,0.08522724999999909,28.961284890625,29.046512140624998
1.0,-1.0,0.0,0.09055395312499925,29.046512140624998,29.137066093749997
1.0,70.0,127.0,0.07990054687500248,29.137066093749997,29.216966640625
1.0,-1.0,0.0,0.09588065624999942,29.216966640625,29.312847296875
1.0,70.0,127.0,0.10298292708333179,29.312847296875,29.41583022395833
1.0,-1.0,0.0,0.07279827604166655,29.41583022395833,29.488628499999997
1.0,63.0,127.0,0.1260653072916682,29.488628499999997,29.614693807291665
1.0,-1.0,0.0,0.023082380208332864,29.614693807291665,29.6377761875
1.0,67.0,127.0,0.09055395312499925,29.6377761875,29.728330140624998
1.0,-1.0,0.0,0.07279827604166655,29.728330140624998,29.801128416666664
1.0,70.0,127.0,0.08522724999999909,29.801128416666664,29.886355666666663
1.0,-1.0,0.0,0.10298292708333534,29.886355666666663,29.98933859375
1.0,72.0,127.0,0.07990054687499892,29.98933859375,30.069239140624997
1.0,-1.0,0.0,0.09055395312499925,30.069239140624997,30.159793093749997
1.0,65.0,127.0,0.0905539531250028,30.159793093749997,30.250347046875
1.0,-1.0,0.0,0.0692471406249986,30.250347046875,30.319594187499998
1.0,67.0,127.0,0.08522724999999909,30.319594187499998,30.404821437499997
1.0,-1.0,0.0,0.09055395312499925,30.404821437499997,30.495375390624996
1.0,68.0,127.0,0.09588065625000297,30.495375390624996,30.591256046875
1.0,-1.0,0.0,0.08522724999999909,30.591256046875,30.676483296875
1.0,72.0,127.0,0.09765622395833162,30.676483296875,30.77413952083333
1.0,-1.0,0.0,0.062144869791666224,30.77413952083333,30.836284390624996
1.0,65.0,127.0,0.11896303645833584,30.836284390624996,30.955247427083332
1.0,-1.0,0.0,0.04616476041666573,30.955247427083332,31.001412187499998
1.0,67.0,127.0,0.09055395312499925,31.001412187499998,31.091966140624997
1.0,-1.0,0.0,0.06747157291666639,31.091966140624997,31.159437713541664
1.0,68.0,127.0,0.09765622395833518,31.159437713541664,31.2570939375
1.0,-1.0,0.0,0.10653406249999975,31.2570939375,31.363628
1.0,72.0,127.0,0.11363633333333212,31.363628,31.47726433333333
1.0,-1.0,0.0,0.040838057291665564,31.47726433333333,31.518102390624996
1.0,65.0,127.0,0.1083096302083355,31.518102390624996,31.62641202083333
1.0,-1.0,0.0,0.05681816666666606,31.62641202083333,31.683230187499998
1.0,67.0,127.0,0.09055395312499925,31.683230187499998,31.773784140624997
1.0,-1.0,0.0,0.07279827604166655,31.773784140624997,31.846582416666664
1.0,68.0,127.0,0.08522724999999909,31.846582416666664,31.931809666666663
1.0,-1.0,0.0,0.1083096302083355,31.931809666666663,32.040119296875
1.0,72.0,127.0,0.11363633333333212,32.040119296875,32.15375563020833
1.0,-1.0,0.0,0.040838057291665564,32.15375563020833,32.194593687499996
1.0,65.0,127.0,0.1065340625000033,32.194593687499996,32.30112775
1.0,-1.0,0.0,0.05681816666666606,32.30112775,32.357945916666665
1.0,67.0,127.0,0.09232952083333146,32.357945916666665,32.4502754375
1.0,-1.0,0.0,0.07279827604166655,32.4502754375,32.52307371354166
1.0,68.0,127.0,0.0905539531250028,32.52307371354166,32.613627666666666
1.0,-1.0,0.0,0.13139201041666837,32.613627666666666,32.745019677083334
1.0,72.0,127.0,0.08522724999999554,32.745019677083334,32.83024692708333
1.0,-1.0,0.0,0.062144869791666224,32.83024692708333,32.892391796874996
1.0,65.0,127.0,0.10298292708333179,32.892391796874996,32.99537472395833
1.0,-1.0,0.0,0.062144869791666224,32.99537472395833,33.057519593749994
1.0,67.0,127.0,0.0905539531250028,33.057519593749994,33.148073546875
1.0,-1.0,0.0,0.07990054687500248,33.148073546875,33.22797409375
1.0,68.0,127.0,0.0745738437499952,33.22797409375,33.302547937499995
1.0,-1.0,0.0,0.1065340625000033,33.302547937499995,33.409082
1.0,72.0,127.0,0.09232952083333146,33.409082,33.50141152083333
1.0,-1.0,0.0,0.07279827604166655,33.50141152083333,33.574209796874996
1.0,65.0,127.0,0.10298292708333179,33.574209796874996,33.67719272395833
1.0,-1.0,0.0,0.06214486979167333,33.67719272395833,33.73933759375
1.0,67.0,127.0,0.07990054687499537,33.73933759375,33.819238140624996
1.0,-1.0,0.0,0.07990054687500248,33.819238140624996,33.8991386875
1.0,68.0,127.0,0.08522724999999554,33.8991386875,33.984365937499994
1.0,-1.0,0.0,0.10120735937500314,33.984365937499994,34.085573296875
1.0,72.0,127.0,0.09765622395833162,34.085573296875,34.18322952083333
1.0,-1.0,0.0,0.07812497916666672,34.18322952083333,34.261354499999996
1.0,65.0,127.0,0.09765622395833162,34.261354499999996,34.35901072395833
1.0,-1.0,0.0,0.06214486979167333,34.35901072395833,34.42115559375
1.0,67.0,127.0,0.0905539531249957,34.42115559375,34.511709546875
1.0,-1.0,0.0,0.07990054687500248,34.511709546875,34.59161009375
1.0,68.0,127.0,0.07990054687499537,34.59161009375,34.671510640624994
1.0,-1.0,0.0,0.09588065625000297,34.671510640624994,34.767391296875
1.0,72.0,127.0,0.10298292708333179,34.767391296875,34.87037422395833
1.0,-1.0,0.0,0.07279827604166655,34.87037422395833,34.943172499999996
1.0,65.0,127.0,0.10830963020833195,34.943172499999996,35.05148213020833
1.0,-1.0,0.0,0.051491463541673,35.05148213020833,35.10297359375
1.0,67.0,127.0,0.07990054687499537,35.10297359375,35.182874140624996
1.0,-1.0,0.0,0.07990054687500248,35.182874140624996,35.2627746875
1.0,68.0,127.0,0.08522724999999554,35.2627746875,35.348001937499994
1.0,-1.0,0.0,0.1065340625000033,35.348001937499994,35.454536
1.0,72.0,127.0,0.10298292708333179,35.454536,35.55751892708333
1.0,-1.0,0.0,0.06747157291666639,35.55751892708333,35.624990499999996
1.0,65.0,127.0,0.09765622395833873,35.624990499999996,35.722646723958334
1.0,-1.0,0.0,0.062144869791666224,35.722646723958334,35.78479159375
1.0,67.0,127.0,0.08522724999999554,35.78479159375,35.870018843749996
1.0,-1.0,0.0,0.07457384375000231,35.870018843749996,35.9445926875
1.0,68.0,127.0,0.08522725000000264,35.9445926875,36.0298199375
1.0,-1.0,0.0,0.1065340624999962,36.0298199375,36.136354
1.0,72.0,127.0,0.10830963020833195,36.136354,36.24466363020833
1.0,-1.0,0.0,0.05681816666666606,36.24466363020833,36.301481796874995
1.0,65.0,127.0,0.10830963020833906,36.301481796874995,36.409791427083334
1.0,-1.0,0.0,0.05681816666666606,36.409791427083334,36.46660959375
1.0,67.0,127.0,0.09588065624999587,36.46660959375,36.562490249999996
1.0,-1.0,0.0,0.05681816666666606,36.562490249999996,36.61930841666666
1.0,68.0,127.0,0.08522725000000264,36.61930841666666,36.704535666666665
1.0,-1.0,0.0,0.10830963020833195,36.704535666666665,36.812845296875
1.0,72.0,127.0,0.10830963020833195,36.812845296875,36.92115492708333
1.0,-1.0,0.0,0.051491463541665894,36.92115492708333,36.972646390624995
1.0,65.0,127.0,0.09588065625000297,36.972646390624995,37.068527046875
1.0,-1.0,0.0,0.062144869791666224,37.068527046875,37.130671916666664
1.0,67.0,127.0,0.09232952083333146,37.130671916666664,37.223001437499995
1.0,-1.0,0.0,0.08522725000000264,37.223001437499995,37.3082286875
1.0,68.0,127.0,0.0905539531250028,37.3082286875,37.398782640625
1.0,-1.0,0.0,0.09588065624999587,37.398782640625,37.494663296875
1.0,72.0,127.0,0.11363633333333212,37.494663296875,37.60829963020833
1.0,-1.0,0.0,0.051491463541665894,37.60829963020833,37.659791093749995
1.0,65.0,127.0,0.1029829270833389,37.659791093749995,37.762774020833334
1.0,-1.0,0.0,0.05681816666666606,37.762774020833334,37.8195921875
1.0,67.0,127.0,0.0905539531249957,37.8195921875,37.910146140624995
1.0,-1.0,0.0,0.08522725000000264,37.910146140624995,37.995373390625
1.0,68.0,127.0,0.07990054687500248,37.995373390625,38.0752739375
1.0,-1.0,0.0,0.11896303645833228,38.0752739375,38.19423697395833
1.0,72.0,127.0,0.10120735937499603,38.19423697395833,38.29544433333333
1.0,-1.0,0.0,0.06924714062500215,38.29544433333333,38.36469147395833
1.0,65.0,127.0,0.0905539531250028,38.36469147395833,38.455245427083334
1.0,-1.0,0.0,0.062144869791666224,38.455245427083334,38.517390296875
1.0,67.0,127.0,0.07990054687499537,38.517390296875,38.597290843749995
1.0,-1.0,0.0,0.08522725000000264,38.597290843749995,38.68251809375
1.0,68.0,127.0,0.07990054687500248,38.68251809375,38.762418640625
1.0,-1.0,0.0,0.10120735937499603,38.762418640625,38.863626
1.0,72.0,127.0,0.10830963020833195,38.863626,38.97193563020833
1.0,-1.0,0.0,0.07457384375000231,38.97193563020833,39.04650947395833
1.0,65.0,127.0,0.10120735937500314,39.04650947395833,39.147716833333334
1.0,-1.0,0.0,0.06924714062499504,39.147716833333334,39.21696397395833
1.0,67.0,127.0,0.07990054687500248,39.21696397395833,39.29686452083333
1.0,-1.0,0.0,0.07279827604166655,39.29686452083333,39.369662796875
1.0,68.0,127.0,0.08522725000000264,39.369662796875,39.454890046875
1.0,-1.0,0.0,0.10298292708333179,39.454890046875,39.55787297395833
1.0,72.0,127.0,0.0905539531249957,39.55787297395833,39.64842692708333
1.0,-1.0,0.0,0.07990054687500248,39.64842692708333,39.72832747395833
1.0,65.0,127.0,0.09588065625000297,39.72832747395833,39.82420813020833
1.0,-1.0,0.0,0.05681816666666606,39.82420813020833,39.881026296875
1.0,67.0,127.0,0.08522724999999554,39.881026296875,39.966253546874995
1.0,-1.0,0.0,0.08522725000000264,39.966253546874995,40.051480796875
1.0,68.0,127.0,0.07457384375000231,40.051480796875,40.126054640625
1.0,-1.0,0.0,0.09588065624999587,40.126054640625,40.221935296874996
1.0,72.0,127.0,0.09765622395833162,40.221935296874996,40.31959152083333
1.0,-1.0,0.0,0.07279827604166655,40.31959152083333,40.392389796874994
1.0,65.0,127.0,0.10830963020833906,40.392389796874994,40.50069942708333
1.0,-1.0,0.0,0.062144869791666224,40.50069942708333,40.562844296875
1.0,67.0,127.0,0.08522724999999554,40.562844296875,40.648071546874995
1.0,-1.0,0.0,0.062144869791666224,40.648071546874995,40.71021641666666
1.0,72.0,127.0,0.07990054687500248,40.71021641666666,40.790116963541664
1.0,-1.0,0.0,0.13139201041666837,40.790116963541664,40.92150897395833
1.0,70.0,127.0,0.10120735937499603,40.92150897395833,41.02271633333333
1.0,-1.0,0.0,0.05681816666666606,41.02271633333333,41.079534499999994
1.0,63.0,127.0,0.13671871354166854,41.079534499999994,41.21625321354166
1.0,-1.0,0.0,0.028409083333336582,41.21625321354166,41.244662296875
1.0,67.0,127.0,0.09765622395833162,41.244662296875,41.34231852083333
1.0,-1.0,0.0,0.07279827604166655,41.34231852083333,41.415116796875
1.0,70.0,127.0,0.08522725000000264,41.415116796875,41.500344046875
1.0,-1.0,0.0,0.0905539531249957,41.500344046875,41.590897999999996
1.0,70.0,127.0,0.12073860416666804,41.590897999999996,41.711636604166664
1.0,-1.0,0.0,0.04971589583333014,41.711636604166664,41.761352499999994
1.0,63.0,127.0,0.13671871354166854,41.761352499999994,41.89807121354166
1.0,-1.0,0.0,0.023082380208336417,41.89807121354166,41.92115359375
1.0,67.0,127.0,0.08522724999999554,41.92115359375,42.006380843749994
1.0,-1.0,0.0,0.06747157291666639,42.006380843749994,42.07385241666666
1.0,70.0,127.0,0.09232952083333856,42.07385241666666,42.1661819375
1.0,-1.0,0.0,0.0905539531249957,42.1661819375,42.256735890624995
1.0,70.0,127.0,0.10120735937500314,42.256735890624995,42.35794325
1.0,-1.0,0.0,0.07457384375000231,42.35794325,42.43251709375
1.0,63.0,127.0,0.11363633333333212,42.43251709375,42.54615342708333
1.0,-1.0,0.0,0.03373578645832964,42.54615342708333,42.57988921354166
1.0,67.0,127.0,0.0905539531250028,42.57988921354166,42.670443166666665
1.0,-1.0,0.0,0.09232952083333146,42.670443166666665,42.7627726875
1.0,70.0,127.0,0.08522725000000264,42.7627726875,42.8479999375
1.0,-1.0,0.0,0.09588065624999587,42.8479999375,42.943880593749995
1.0,70.0,127.0,0.10830963020833195,42.943880593749995,43.05219022395833
1.0,-1.0,0.0,0.056818166666673164,43.05219022395833,43.109008390625
1.0,63.0,127.0,0.11363633333333212,43.109008390625,43.22264472395833
1.0,-1.0,0.0,0.04438919270832997,43.22264472395833,43.26703391666666
1.0,67.0,127.0,0.07990054687500248,43.26703391666666,43.346934463541665
1.0,-1.0,0.0,0.07457384375000231,43.346934463541665,43.42150830729167
1.0,70.0,127.0,0.08522724999999554,43.42150830729167,43.50673555729166
1.0,-1.0,0.0,0.12428973958333245,43.50673555729166,43.631025296874995
1.0,70.0,127.0,0.11363633333333212,43.631025296874995,43.74466163020833
1.0,-1.0,0.0,0.046164760416672834,43.74466163020833,43.790826390625
1.0,63.0,127.0,0.11896303645833228,43.790826390625,43.90978942708333
1.0,-1.0,0.0,0.03906248958332981,43.90978942708333,43.94885191666666
1.0,67.0,127.0,0.07457384375000231,43.94885191666666,44.023425760416664
1.0,-1.0,0.0,0.11363633333333212,44.023425760416664,44.13706209375
1.0,67.0,127.0,0.07990054687500248,44.13706209375,44.216962640625
1.0,-1.0,0.0,0.08522724999999554,44.216962640625,44.302189890624994
1.0,70.0,127.0,0.10120735937500314,44.302189890624994,44.40339725
1.0,-1.0,0.0,0.07990054687500248,44.40339725,44.483297796875
1.0,63.0,127.0,0.10830963020833195,44.483297796875,44.59160742708333
1.0,-1.0,0.0,0.05681816666666606,44.59160742708333,44.64842559375
1.0,67.0,127.0,0.0905539531249957,44.64842559375,44.738979546874994
1.0,-1.0,0.0,0.07990054687500248,44.738979546874994,44.818880093749996
1.0,70.0,127.0,0.06747157291666639,44.818880093749996,44.88635166666666
1.0,-1.0,0.0,0.1260653072916682,44.88635166666666,45.01241697395833
1.0,72.0,127.0,0.09588065624999587,45.01241697395833,45.10829763020833
1.0,-1.0,0.0,0.07990054687500248,45.10829763020833,45.18819817708333
1.0,63.0,127.0,0.13139201041666837,45.18819817708333,45.3195901875
1.0,-1.0,0.0,0.02130681250000066,45.3195901875,45.340897
1.0,68.0,127.0,0.09232952083333146,45.340897,45.43322652083333
1.0,-1.0,0.0,0.0905539531250028,45.43322652083333,45.52378047395833
1.0,72.0,127.0,0.08522724999999554,45.52378047395833,45.60900772395833
1.0,-1.0,0.0,0.08522725000000264,45.60900772395833,45.69423497395833
1.0,72.0,127.0,0.11363633333333212,45.69423497395833,45.80787130729166
1.0,-1.0,0.0,0.05681816666666606,45.80787130729166,45.86468947395833
1.0,63.0,127.0,0.18643460937499867,45.86468947395833,46.05112408333333
1.0,68.0,127.0,0.07990054687499537,46.022715,46.10261554687499
1.0,-1.0,0.0,0.25035504687500065,46.10261554687499,46.352970593749994
1.0,70.0,127.0,0.12428973958333245,46.352970593749994,46.47726033333333
1.0,-1.0,0.0,0.046164760416672834,46.47726033333333,46.52342509375
1.0,63.0,127.0,0.10830963020833195,46.52342509375,46.63173472395833
1.0,-1.0,0.0,0.051491463541665894,46.63173472395833,46.6832261875
1.0,67.0,127.0,0.0905539531250028,46.6832261875,46.773780140625
1.0,-1.0,0.0,0.0905539531249957,46.773780140625,46.864334093749996
1.0,70.0,127.0,0.07990054687500248,46.864334093749996,46.944234640625
1.0,-1.0,0.0,0.11363633333333212,46.944234640625,47.05787097395833
1.0,70.0,127.0,0.09588065625000297,47.05787097395833,47.15375163020833
1.0,-1.0,0.0,0.051491463541665894,47.15375163020833,47.20524309375
1.0,63.0,127.0,0.11896303645833228,47.20524309375,47.32420613020833
1.0,-1.0,0.0,0.03373578645832964,47.32420613020833,47.35794191666666
1.0,67.0,127.0,0.1029829270833389,47.35794191666666,47.46092484375
1.0,-1.0,0.0,0.06747157291666639,47.46092484375,47.528396416666666
1.0,70.0,127.0,0.07990054687499537,47.528396416666666,47.60829696354166
1.0,-1.0,0.0,0.10298292708333179,47.60829696354166,47.71127989062499
1.0,70.0,127.0,0.11363633333333922,47.71127989062499,47.82491622395833
1.0,-1.0,0.0,0.05681816666666606,47.82491622395833,47.881734390625
1.0,63.0,127.0,0.11896303645833228,47.881734390625,48.00069742708333
1.0,-1.0,0.0,0.03906248958332981,48.00069742708333,48.03975991666666
1.0,67.0,127.0,0.1029829270833389,48.03975991666666,48.14274284375
1.0,-1.0,0.0,0.03906248958332981,48.14274284375,48.18180533333333
1.0,70.0,127.0,0.07990054687500248,48.18180533333333,48.26170588020833
1.0,-1.0,0.0,0.1420454166666616,48.26170588020833,48.403751296874994
1.0,72.0,127.0,0.1029829270833389,48.403751296874994,48.50673422395833
1.0,-1.0,0.0,0.062144869791666224,48.50673422395833,48.56887909375
1.0,63.0,127.0,0.1935368802083346,48.56887909375,48.76241597395833
1.0,67.0,127.0,0.07990054687500248,48.72157791666666,48.80147846354166
1.0,-1.0,0.0,0.0905539531250028,48.80147846354166,48.892032416666666
1.0,72.0,127.0,0.09765622395833162,48.892032416666666,48.989688640625
1.0,-1.0,0.0,0.08522724999999554,48.989688640625,49.07491589062499
1.0,72.0,127.0,0.14737211979166887,49.07491589062499,49.22228801041666
1.0,-1.0,0.0,0.017755677083336252,49.22228801041666,49.2400436875
1.0,63.0,127.0,0.17578120312499834,49.2400436875,49.415824890625
1.0,67.0,127.0,0.10830963020833906,49.39274251041666,49.501052140625
1.0,-1.0,0.0,0.07990054687499537,49.501052140625,49.580952687499995
1.0,70.0,127.0,0.08522725000000264,49.580952687499995,49.6661799375
1.0,-1.0,0.0,0.0905539531249957,49.6661799375,49.75673389062499
1.0,70.0,127.0,0.10120735937500314,49.75673389062499,49.857941249999996
1.0,-1.0,0.0,0.06392043750000198,49.857941249999996,49.9218616875
1.0,63.0,127.0,0.11896303645833228,49.9218616875,50.04082472395833
1.0,-1.0,0.0,0.051491463541665894,50.04082472395833,50.092316187499996
1.0,67.0,127.0,0.17578120312499834,50.092316187499996,50.268097390624995
1.0,70.0,127.0,0.07279827604166655,50.239688307291665,50.31248658333333
1.0,-1.0,0.0,0.1420454166666616,50.31248658333333,50.45453199999999
1.0,72.0,127.0,0.1029829270833389,50.45453199999999,50.55751492708333
1.0,-1.0,0.0,0.062144869791666224,50.55751492708333,50.619659796875
1.0,63.0,127.0,0.1260653072916682,50.619659796875,50.74572510416667
1.0,-1.0,0.0,0.03373578645832964,50.74572510416667,50.779460890624996
1.0,67.0,127.0,0.0905539531250028,50.779460890624996,50.87001484375
1.0,-1.0,0.0,0.09588065624999587,50.87001484375,50.965895499999995
1.0,72.0,127.0,0.07990054687500248,50.965895499999995,51.045796046875
1.0,-1.0,0.0,0.0905539531249957,51.045796046875,51.13634999999999
1.0,72.0,127.0,0.12073860416666804,51.13634999999999,51.25708860416666
1.0,-1.0,0.0,0.062144869791666224,51.25708860416666,51.31923347395833
1.0,67.0,127.0,0.09588065625000297,51.31923347395833,51.41511413020833
1.0,-1.0,0.0,0.062144869791666224,51.41511413020833,51.477259
1.0,63.0,127.0,0.1260653072916682,51.477259,51.603324307291665
1.0,-1.0,0.0,0.03906248958332981,51.603324307291665,51.642386796874995
1.0,63.0,127.0,0.07457384375000231,51.642386796874995,51.716960640625
1.0,67.0,127.0,0.09588065625000297,51.631733390624994,51.727614046875
1.0,-1.0,0.0,0.0905539531249957,51.727614046875,51.81816799999999
1.0,72.0,127.0,0.18821017708333443,51.81816799999999,52.00637817708333
1.0,63.0,127.0,0.20419028645833492,52.00637817708333,52.21056846354166
1.0,68.0,127.0,0.09588065625000297,52.148423593749996,52.24430425
1.0,-1.0,0.0,0.08522724999999554,52.24430425,52.329531499999995
1.0,72.0,127.0,0.09765622395833162,52.329531499999995,52.427187723958326
1.0,-1.0,0.0,0.08522725000000264,52.427187723958326,52.51241497395833
1.0,72.0,127.0,0.11363633333333212,52.51241497395833,52.62605130729166
1.0,-1.0,0.0,0.05681816666666606,52.62605130729166,52.68286947395833
1.0,63.0,127.0,0.17578120312500545,52.68286947395833,52.85865067708333
1.0,68.0,127.0,0.08522725000000264,52.835568296874996,52.920795546875
1.0,-1.0,0.0,0.05681816666666606,52.920795546875,52.977613713541665
1.0,72.0,127.0,0.08522724999999554,52.977613713541665,53.06284096354166
1.0,-1.0,0.0,0.1029829270833389,53.06284096354166,53.165823890625
1.0,72.0,127.0,0.10830963020833195,53.165823890625,53.27413352083333
1.0,-1.0,0.0,0.04971589583333014,53.27413352083333,53.32384941666666
1.0,65.0,127.0,0.15980109375000495,53.32384941666666,53.483650510416666
1.0,-1.0,0.0,0.010653406249993225,53.483650510416666,53.49430391666666
1.0,68.0,127.0,0.08522725000000264,53.49430391666666,53.57953116666666
1.0,-1.0,0.0,0.09232952083333146,53.57953116666666,53.67186068749999
1.0,72.0,127.0,0.08522725000000264,53.67186068749999,53.757087937499996
1.0,-1.0,0.0,0.0905539531250028,53.757087937499996,53.847641890625
1.0,72.0,127.0,0.11896303645833228,53.847641890625,53.96660492708333
1.0,-1.0,0.0,0.07990054687499537,53.96660492708333,54.04650547395833
1.0,68.0,127.0,0.10120735937500314,54.04650547395833,54.14771283333333
1.0,-1.0,0.0,0.06924714062500215,54.14771283333333,54.21695997395833
1.0,65.0,127.0,0.10120735937499603,54.21695997395833,54.31816733333333
1.0,-1.0,0.0,0.051491463541665894,54.31816733333333,54.369658796874994
1.0,68.0,127.0,0.06924714062500215,54.369658796874994,54.438905937499996
1.0,-1.0,0.0,0.1065340625000033,54.438905937499996,54.54544
1.0,74.0,127.0,0.10298292708333179,54.54544,54.64842292708333
1.0,-1.0,0.0,0.0905539531249957,54.64842292708333,54.73897688020833
1.0,65.0,127.0,0.17578120312500545,54.73897688020833,54.91475808333333
1.0,68.0,127.0,0.0905539531250028,54.881022296874995,54.97157625
1.0,-1.0,0.0,0.0745738437499952,54.97157625,55.04615009374999
1.0,72.0,127.0,0.0905539531250028,55.04615009374999,55.136704046874996
1.0,-1.0,0.0,0.08522725000000264,55.136704046874996,55.221931296875
1.0,72.0,127.0,0.11896303645833228,55.221931296875,55.34089433333333
1.0,-1.0,0.0,0.06924714062499504,55.34089433333333,55.410141473958326
1.0,65.0,127.0,0.11363633333333922,55.410141473958326,55.523777807291665
1.0,-1.0,0.0,0.03373578645832964,55.523777807291665,55.557513593749995
1.0,68.0,127.0,0.10298292708333179,55.557513593749995,55.66049652083333
1.0,-1.0,0.0,0.06747157291666639,55.66049652083333,55.72796809374999
1.0,70.0,127.0,0.07990054687500248,55.72796809374999,55.807868640624996
1.0,-1.0,0.0,0.09588065625000297,55.807868640624996,55.903749296875
1.0,70.0,127.0,0.1420454166666616,55.903749296875,56.04579471354166
1.0,-1.0,0.0,0.04616476041666573,56.04579471354166,56.091959473958326
1.0,65.0,127.0,0.12428973958333955,56.091959473958326,56.216249213541666
1.0,-1.0,0.0,0.028409083333329477,56.216249213541666,56.244658296874995
1.0,68.0,127.0,0.07990054687500248,56.244658296874995,56.32455884375
1.0,-1.0,0.0,0.0905539531249957,56.32455884375,56.41511279687499
1.0,70.0,127.0,0.07990054687500248,56.41511279687499,56.495013343749996
1.0,-1.0,0.0,0.08522725000000264,56.495013343749996,56.58024059375
1.0,70.0,127.0,0.10298292708333179,56.58024059375,56.68322352083333
1.0,-1.0,0.0,0.09588065624999587,56.68322352083333,56.779104177083326
1.0,65.0,127.0,0.17045450000000528,56.779104177083326,56.94955867708333
1.0,68.0,127.0,0.07457384375000231,56.931802999999995,57.00637684375
1.0,-1.0,0.0,0.05681816666666606,57.00637684375,57.06319501041666
1.0,68.0,127.0,0.07990054687500248,57.06319501041666,57.143095557291666
1.0,-1.0,0.0,0.12428973958333245,57.143095557291666,57.267385296875
1.0,74.0,127.0,0.09765622395833162,57.267385296875,57.36504152083333
1.0,-1.0,0.0,0.1065340624999962,57.36504152083333,57.471575583333326
1.0,65.0,127.0,0.08522725000000264,57.471575583333326,57.55680283333333
1.0,-1.0,0.0,0.051491463541665894,57.55680283333333,57.608294296874995
1.0,68.0,127.0,0.08522725000000264,57.608294296874995,57.693521546875
1.0,-1.0,0.0,0.08522724999999554,57.693521546875,57.77874879687499
1.0,74.0,127.0,0.1029829270833389,57.77874879687499,57.88173172395833
1.0,-1.0,0.0,0.08522724999999554,57.88173172395833,57.96695897395833
1.0,74.0,127.0,0.10120735937500314,57.96695897395833,58.06816633333333
1.0,-1.0,0.0,0.06924714062500215,58.06816633333333,58.13741347395833
1.0,65.0,127.0,0.19886358333332765,58.13741347395833,58.33627705729166
1.0,68.0,127.0,0.09588065625000297,58.284785593749994,58.38066625
1.0,-1.0,0.0,0.08522724999999554,58.38066625,58.46589349999999
1.0,72.0,127.0,0.07990054687500248,58.46589349999999,58.545794046874995
1.0,-1.0,0.0,0.0905539531250028,58.545794046874995,58.636348
1.0,72.0,127.0,0.13139201041666126,58.636348,58.76774001041666
1.0,-1.0,0.0,0.03906248958333691,58.76774001041666,58.806802499999996
1.0,65.0,127.0,0.13139201041666837,58.806802499999996,58.938194510416665
1.0,-1.0,0.0,0.028409083333329477,58.938194510416665,58.966603593749994
1.0,68.0,127.0,0.07990054687500248,58.966603593749994,59.046504140625
1.0,-1.0,0.0,0.08522725000000264,59.046504140625,59.131731390625
1.0,70.0,127.0,0.07990054687499537,59.131731390625,59.211631937499995
1.0,-1.0,0.0,0.09588065625000297,59.211631937499995,59.30751259375
1.0,70.0,127.0,0.10298292708333179,59.30751259375,59.41049552083333
1.0,-1.0,0.0,0.07279827604166655,59.41049552083333,59.483293796874996
1.0,65.0,127.0,0.10830963020833195,59.483293796874996,59.59160342708333
1.0,-1.0,0.0,0.051491463541665894,59.59160342708333,59.643094890624994
1.0,68.0,127.0,0.07990054687500248,59.643094890624994,59.722995437499996
1.0,-1.0,0.0,0.07812497916666672,59.722995437499996,59.80112041666666
1.0,70.0,127.0,0.06924714062500215,59.80112041666666,59.870367557291665
1.0,-1.0,0.0,0.12428973958333245,59.870367557291665,59.994657296875
1.0,70.0,127.0,0.10298292708333179,59.994657296875,60.09764022395833
1.0,-1.0,0.0,0.05681816666666606,60.09764022395833,60.154458390624995
1.0,65.0,127.0,0.11896303645833228,60.154458390624995,60.27342142708333
1.0,-1.0,0.0,0.051491463541665894,60.27342142708333,60.324912890624994
1.0,68.0,127.0,0.07990054687500248,60.324912890624994,60.404813437499996
1.0,-1.0,0.0,0.07812497916666672,60.404813437499996,60.48293841666666
1.0,69.0,127.0,0.05681816666666606,60.48293841666666,60.53975658333333
1.0,70.0,127.0,0.07990054687500248,60.47761171354166,60.557512260416665
1.0,-1.0,0.0,0.10298292708333179,60.557512260416665,60.6604951875
1.0,72.0,127.0,0.09588065624999587,60.6604951875,60.75637584374999
1.0,-1.0,0.0,0.062144869791666224,60.75637584374999,60.81852071354166
1.0,65.0,127.0,0.11363633333333922,60.81852071354166,60.932157046875
1.0,-1.0,0.0,0.05681816666666606,60.932157046875,60.988975213541664
1.0,68.0,127.0,0.08522724999999554,60.988975213541664,61.07420246354166
1.0,-1.0,0.0,0.06924714062500215,61.07420246354166,61.14344960416666
1.0,72.0,127.0,0.07812497916666672,61.14344960416666,61.22157458333333
1.0,-1.0,0.0,0.13139201041666837,61.22157458333333,61.35296659375
1.0,72.0,127.0,0.165127796874998,61.35296659375,61.518094390624995
1.0,-1.0,0.0,0.023082380208336417,61.518094390624995,61.54117677083333
1.0,65.0,127.0,0.12428973958333245,61.54117677083333,61.665466510416664
1.0,-1.0,0.0,0.03373578645832964,61.665466510416664,61.699202296874994
1.0,68.0,127.0,0.07990054687500248,61.699202296874994,61.779102843749996
1.0,-1.0,0.0,0.07990054687500248,61.779102843749996,61.859003390625
1.0,72.0,127.0,0.08522724999999554,61.859003390625,61.944230640624994
1.0,-1.0,0.0,0.11363633333333212,61.944230640624994,62.057866973958326
1.0,72.0,127.0,0.11363633333333922,62.057866973958326,62.171503307291665
1.0,-1.0,0.0,0.05681816666666606,62.171503307291665,62.22832147395833
1.0,65.0,127.0,0.09588065624999587,62.22832147395833,62.32420213020833
1.0,-1.0,0.0,0.05681816666666606,62.32420213020833,62.38102029687499
1.0,68.0,127.0,0.10830963020833906,62.38102029687499,62.48932992708333
1.0,-1.0,0.0,0.04616476041666573,62.48932992708333,62.5354946875
1.0,70.0,127.0,0.05681816666666606,62.5354946875,62.592312854166664
1.0,-1.0,0.0,0.17045449999999818,62.592312854166664,62.76276735416666
1.0,70.0,127.0,0.08522725000000264,62.76276735416666,62.847994604166665
1.0,-1.0,0.0,0.0905539531249957,62.847994604166665,62.93854855729166
1.0,63.0,127.0,0.11363633333333212,62.93854855729166,63.05218489062499
1.0,-1.0,0.0,0.03373578645833675,63.05218489062499,63.08592067708333
1.0,67.0,127.0,0.07990054687500248,63.08592067708333,63.16582122395833
1.0,-1.0,0.0,0.0905539531249957,63.16582122395833,63.25637517708333
1.0,70.0,127.0,0.08522725000000264,63.25637517708333,63.34160242708333
1.0,-1.0,0.0,0.10298292708333179,63.34160242708333,63.44458535416666
1.0,70.0,127.0,0.10120735937500314,63.44458535416666,63.545792713541665
1.0,-1.0,0.0,0.05681816666666606,63.545792713541665,63.60261088020833
1.0,63.0,127.0,0.11363633333333212,63.60261088020833,63.71624721354166
1.0,-1.0,0.0,0.04616476041666573,63.71624721354166,63.76241197395833
1.0,67.0,127.0,0.08522725000000264,63.76241197395833,63.84763922395833
1.0,-1.0,0.0,0.07279827604166655,63.84763922395833,63.9204375
1.0,70.0,127.0,0.08522724999999554,63.9204375,64.00566475
1.0,-1.0,0.0,0.08522725000000264,64.00566475,64.090892
1.0,70.0,127.0,0.10830963020833906,64.090892,64.19920163020834
1.0,-1.0,0.0,0.051491463541665894,64.19920163020834,64.25069309375
1.0,63.0,127.0,0.1420454166666616,64.25069309375,64.39273851041666
1.0,-1.0,0.0,0.01065340625000033,64.39273851041666,64.40339191666666
1.0,67.0,127.0,0.09765622395833873,64.40339191666666,64.501048140625
1.0,-1.0,0.0,0.07279827604166655,64.501048140625,64.57384641666667
1.0,70.0,127.0,0.08522724999998843,64.57384641666667,64.65907366666666
1.0,-1.0,0.0,0.10298292708333179,64.65907366666666,64.76205659374999
1.0,70.0,127.0,0.102982927083346,64.76205659374999,64.86503952083334
1.0,-1.0,0.0,0.06747157291665928,64.86503952083334,64.93251109375
1.0,63.0,127.0,0.12428973958333245,64.93251109375,65.05680083333333
1.0,-1.0,0.0,0.040838057291665564,65.05680083333333,65.09763889062499
1.0,67.0,127.0,0.08522725000000264,65.09763889062499,65.182866140625
1.0,-1.0,0.0,0.07279827604166655,65.182866140625,65.25566441666666
1.0,67.0,127.0,0.09232952083333146,65.25566441666666,65.3479939375
1.0,-1.0,0.0,0.0905539531249957,65.3479939375,65.43854789062499
1.0,70.0,127.0,0.09588065625000297,65.43854789062499,65.53442854687499
1.0,69.0,127.0,0.30628542968749883,65.44387459375,65.7501600234375
1.0,-1.0,0.0,0.023970164062490085,65.7501600234375,65.77413018749999
1.0,68.0,127.0,0.11363633333333212,65.77413018749999,65.88776652083332
1.0,72.0,127.0,0.11363633333333212,65.78478359374999,65.89841992708332
1.0,-1.0,0.0,0.07990054687500958,65.89841992708332,65.97832047395833
1.0,69.0,127.0,0.21484369270832815,65.97832047395833,66.19316416666666
1.0,-1.0,0.0,0.07990054687499537,66.19316416666666,66.27306471354166
1.0,70.0,127.0,0.2246093151041677,66.27306471354166,66.49767402864583
1.0,-1.0,0.0,0.11629968489583575,66.49767402864583,66.61397371354167
1.0,69.0,127.0,0.2556817499999937,66.61397371354167,66.86965546354166
1.0,-1.0,0.0,0.0905539531249957,66.86965546354166,66.96020941666666
1.0,72.0,127.0,0.1935368802083417,66.96020941666666,67.153746296875
1.0,68.0,127.0,0.09765622395833873,67.12533721354166,67.2229934375
1.0,-1.0,0.0,0.0905539531249957,67.2229934375,67.31354739062499
1.0,63.0,127.0,0.22727266666667845,67.31354739062499,67.54082005729167
1.0,75.0,127.0,0.2325993697916715,67.3082206875,67.54082005729167
1.0,-1.0,0.0,0.11896303645832518,67.54082005729167,67.65978309375
1.0,72.0,127.0,0.11896303645833939,67.65978309375,67.77874613020833
1.0,-1.0,0.0,0.040838057291665564,67.77874613020833,67.8195841875
1.0,68.0,127.0,0.20419028645832782,67.8195841875,68.02377447395833
1.0,63.0,127.0,0.10120735937499603,67.96162960416666,68.06283696354166
1.0,-1.0,0.0,0.11363633333333212,68.06283696354166,68.17647329687499
1.0,68.0,127.0,0.2840908333333445,68.17647329687499,68.46056413020833
1.0,-1.0,0.0,0.051491463541665894,68.46056413020833,68.51205559374999
1.0,72.0,127.0,0.03373578645833675,68.51205559374999,68.54579138020833
1.0,68.0,127.0,0.10830963020833906,68.49429991666666,68.602609546875
1.0,-1.0,0.0,0.0905539531249957,68.602609546875,68.6931635
1.0,62.0,127.0,0.23970164062500032,68.6931635,68.932865140625
1.0,74.0,127.0,0.24325277604165763,68.70559247395833,68.94884524999999
1.0,-1.0,0.0,0.07990054687500958,68.94884524999999,69.028745796875
1.0,70.0,127.0,0.21839482812499256,69.028745796875,69.24714062499999
1.0,-1.0,0.0,0.11186076562501057,69.24714062499999,69.359001390625
1.0,68.0,127.0,0.2752129947916657,69.359001390625,69.63421438541667
1.0,-1.0,0.0,0.094105088541653,69.63421438541667,69.72831947395832
1.0,72.0,127.0,0.12428973958333245,69.72831947395832,69.85260921354165
1.0,-1.0,0.0,0.040838057291679775,69.85260921354165,69.89344727083333
1.0,68.0,127.0,0.10653406249998909,69.89344727083333,69.99998133333332
1.0,-1.0,0.0,0.07457384375000231,69.99998133333332,70.07455517708333
1.0,62.0,127.0,0.2095169895833351,70.07455517708333,70.28407216666666
1.0,74.0,127.0,0.22194596354165697,70.06922847395833,70.29117443749999
1.0,-1.0,0.0,0.09588065625000297,70.29117443749999,70.38705509374999
1.0,70.0,127.0,0.1819956901041735,70.38705509374999,70.56905078385417
1.0,-1.0,0.0,0.14825990364582253,70.56905078385417,70.71731068749999
1.0,68.0,127.0,0.09588065625000297,70.71731068749999,70.81319134374999
1.0,-1.0,0.0,0.11363633333333212,70.81319134374999,70.92682767708332
1.0,68.0,127.0,0.21040477343750297,70.92682767708332,71.13723245052083
1.0,-1.0,0.0,0.09144173697916358,71.13723245052083,71.22867418749999
1.0,68.0,127.0,0.0985440078125066,71.22867418749999,71.3272181953125
1.0,-1.0,0.0,0.08789060156249207,71.3272181953125,71.41510879687499
1.0,74.0,127.0,0.25035504687500065,71.41510879687499,71.66546384374999
1.0,62.0,127.0,0.2325993697916573,71.43286447395833,71.66546384374999
1.0,-1.0,0.0,0.09055395312500991,71.66546384374999,71.756017796875
1.0,68.0,127.0,0.23970164062500032,71.756017796875,71.9957194375
1.0,-1.0,0.0,0.10653406249998909,71.9957194375,72.10225349999999
1.0,74.0,127.0,0.2911931041666662,72.10225349999999,72.39344660416666
1.0,62.0,127.0,0.2840908333333374,72.11468247395833,72.39877330729166
1.0,-1.0,0.0,0.06747157291665928,72.39877330729166,72.46624488020832
1.0,70.0,127.0,0.2325993697916715,72.46624488020832,72.69884425
1.0,67.0,127.0,0.24502834374999338,72.46091817708333,72.70594652083332
1.0,-1.0,0.0,0.09055395312500991,72.70594652083332,72.79650047395833
1.0,68.0,127.0,0.24325277604165763,72.79650047395833,73.03975324999999
1.0,-1.0,0.0,0.07990054687500958,73.03975324999999,73.119653796875
1.0,67.0,127.0,0.17578120312499834,73.119653796875,73.295435
1.0,70.0,127.0,0.18821017708333443,73.12498049999999,73.31319067708333
1.0,-1.0,0.0,0.11896303645833939,73.31319067708333,73.43215371354167
1.0,68.0,127.0,0.10298292708332468,73.43215371354167,73.53513664062498
1.0,-1.0,0.0,0.12428973958334666,73.53513664062498,73.65942638020833
1.0,79.0,127.0,0.2325993697916573,73.65942638020833,73.89202574999999
1.0,67.0,127.0,0.261008453125001,73.64877297395833,73.90978142708333
1.0,-1.0,0.0,0.062144869791666224,73.90978142708333,73.971926296875
1.0,70.0,127.0,0.09765622395832452,73.971926296875,74.06958252083332
1.0,74.0,127.0,0.11896303645833939,73.96659959374999,74.08556263020833
1.0,-1.0,0.0,0.07990054687499537,74.08556263020833,74.16546317708332
1.0,79.0,127.0,0.19886358333333476,74.16546317708332,74.36432676041666
1.0,67.0,127.0,0.22727266666666424,74.17078988020833,74.398062546875
1.0,-1.0,0.0,0.07990054687499537,74.398062546875,74.47796309374999
1.0,70.0,127.0,0.1935368802083417,74.47796309374999,74.67149997395833
1.0,74.0,127.0,0.21129255729165664,74.483289796875,74.69458235416666
1.0,-1.0,0.0,0.12961644270833972,74.69458235416666,74.824198796875
1.0,77.0,127.0,0.023082380208336417,74.824198796875,74.84728117708333
1.0,73.0,127.0,0.24147720833333608,74.81887209374999,75.06034930208332
1.0,-1.0,0.0,0.11718746875000363,75.06034930208332,75.17753677083333
1.0,74.0,127.0,0.17578120312499834,75.17753677083333,75.35331797395833
1.0,70.0,127.0,0.09588065625000297,75.324908890625,75.420789546875
1.0,-1.0,0.0,0.0905539531249957,75.420789546875,75.5113435
1.0,67.0,127.0,0.18821017708333443,75.5113435,75.69955367708333
1.0,79.0,127.0,0.1935368802083417,75.50601679687499,75.69955367708333
1.0,-1.0,0.0,0.13671871354166854,75.69955367708333,75.836272390625
1.0,74.0,127.0,0.12428973958333245,75.836272390625,75.96056213020833
1.0,-1.0,0.0,0.04616476041665862,75.96056213020833,76.00672689062499
1.0,70.0,127.0,0.11896303645833939,76.00672689062499,76.12568992708333
1.0,-1.0,0.0,0.017755677083329147,76.12568992708333,76.14344560416666
1.0,67.0,127.0,0.09588065625000297,76.14344560416666,76.23932626041666
1.0,-1.0,0.0,0.12428973958333245,76.23932626041666,76.363616
1.0,71.0,127.0,0.22194596354167118,76.363616,76.58556196354166
1.0,-1.0,0.0,0.0905539531249957,76.58556196354166,76.67611591666666
1.0,69.0,127.0,0.07990054687499537,76.67611591666666,76.75601646354166
1.0,72.0,127.0,0.08522725000000264,76.68321818749999,76.76844543749999
1.0,-1.0,0.0,0.1065340625000033,76.76844543749999,76.8749795
1.0,71.0,127.0,0.2050780703124957,76.8749795,77.08005757031249
1.0,-1.0,0.0,0.1145241171875,77.08005757031249,77.19458168749999
1.0,70.0,127.0,0.21218034114583162,77.19458168749999,77.40676202864583
1.0,-1.0,0.0,0.14470876822916523,77.40676202864583,77.551470796875
1.0,71.0,127.0,0.23615050520833591,77.551470796875,77.78762130208332
1.0,-1.0,0.0,0.10475849479166754,77.78762130208332,77.89237979687499
1.0,72.0,127.0,0.17045450000000528,77.89237979687499,78.062834296875
1.0,69.0,127.0,0.09232952083333146,78.03975191666666,78.13208143749999
1.0,-1.0,0.0,0.1065340625000033,78.13208143749999,78.2386155
1.0,71.0,127.0,0.2050780703125028,78.2386155,78.44369357031249
1.0,-1.0,0.0,0.12517752343750033,78.44369357031249,78.56887109374999
1.0,70.0,127.0,0.15092325520834038,78.56887109374999,78.71979434895833
1.0,-1.0,0.0,0.16690336458333377,78.71979434895833,78.88669771354166
1.0,65.0,127.0,0.0905539531249957,78.88669771354166,78.97725166666666
1.0,77.0,127.0,0.09588065625000297,78.88137101041666,78.97725166666666
1.0,-1.0,0.0,0.10830963020833906,78.97725166666666,79.085561296875
1.0,77.0,127.0,0.1935368802083275,79.085561296875,79.27909817708333
1.0,65.0,127.0,0.2095169895833351,79.08023459374999,79.28975158333333
1.0,-1.0,0.0,0.10298292708333179,79.28975158333333,79.39273451041666
1.0,70.0,127.0,0.08789060156249917,79.39273451041666,79.48062511197915
1.0,-1.0,0.0,0.10564627864584963,79.48062511197915,79.586271390625
1.0,75.0,127.0,0.01598010937499339,79.586271390625,79.6022515
1.0,71.0,127.0,0.2050780703124957,79.57384241666666,79.77892048697916
1.0,-1.0,0.0,0.13583092968750066,79.77892048697916,79.91475141666666
1.0,70.0,127.0,0.17134228385416606,79.91475141666666,80.08609370052082
1.0,-1.0,0.0,0.1819956901041735,80.08609370052082,80.268089390625
1.0,71.0,127.0,0.22993601822916787,80.268089390625,80.49802540885416
1.0,-1.0,0.0,0.11097298177082848,80.49802540885416,80.60899839062499
1.0,72.0,127.0,0.17578120312499834,80.60899839062499,80.78477959374999
1.0,69.0,127.0,0.09588065625000297,80.75637051041666,80.85225116666666
1.0,-1.0,0.0,0.10298292708333179,80.85225116666666,80.95523409375
1.0,71.0,127.0,0.1811079062500056,80.95523409375,81.136342
1.0,-1.0,0.0,0.15447439062499768,81.136342,81.290816390625
1.0,70.0,127.0,0.11274854947916424,81.290816390625,81.40356494010416
1.0,-1.0,0.0,0.19975136718750264,81.40356494010416,81.60331630729166
1.0,77.0,127.0,0.08522725000000264,81.60331630729166,81.68854355729167
1.0,65.0,127.0,0.09588065625000297,81.59798960416666,81.69387026041666
1.0,-1.0,0.0,0.10298292708333179,81.69387026041666,81.79685318749999
1.0,77.0,127.0,0.2095169895833351,81.79685318749999,82.00637017708333
1.0,65.0,127.0,0.2325993697916573,81.802179890625,82.03477926041666
1.0,-1.0,0.0,0.09588065625000297,82.03477926041666,82.13065991666666
1.0,70.0,127.0,0.08611503385416341,82.13065991666666,82.21677495052083
1.0,-1.0,0.0,0.09676844010417085,82.21677495052083,82.313543390625
1.0,71.0,127.0,0.20951698958332798,82.313543390625,82.52306038020834
1.0,-1.0,0.0,0.13139201041666126,82.52306038020834,82.654452390625
1.0,70.0,127.0,0.1615766614583336,82.654452390625,82.81602905208334
1.0,-1.0,0.0,0.18998574479165597,82.81602905208334,83.006014796875
1.0,77.0,127.0,0.22194596354167118,83.006014796875,83.22796076041666
1.0,65.0,127.0,0.22727266666666424,83.0113415,83.23861416666666
1.0,-1.0,0.0,0.12073860416666093,83.23861416666666,83.35935277083333
1.0,70.0,127.0,0.15891330989582997,83.35935277083333,83.51826608072915
1.0,-1.0,0.0,0.1464843359375152,83.51826608072915,83.66475041666666
1.0,77.0,127.0,0.1775567708333341,83.66475041666666,83.8423071875
1.0,65.0,127.0,0.17045450000000528,83.67185268749999,83.8423071875
1.0,-1.0,0.0,0.1811079062499914,83.8423071875,84.02341509374999
1.0,64.0,127.0,0.20419028645834203,84.02341509374999,84.22760538020833
1.0,76.0,127.0,0.2095169895833351,84.018088390625,84.22760538020833
1.0,-1.0,0.0,0.10830963020832485,84.22760538020833,84.33591501041666
1.0,75.0,127.0,0.08522725000000264,84.33591501041666,84.42114226041666
1.0,63.0,127.0,0.0905539531249957,84.33058830729166,84.42114226041666
1.0,-1.0,0.0,0.10830963020833906,84.42114226041666,84.529451890625
1.0,69.0,127.0,0.261008453125001,84.529451890625,84.79046034375
1.0,-1.0,0.0,0.06747157291665928,84.79046034375,84.85793191666666
1.0,72.0,127.0,0.09232952083333146,84.85793191666666,84.95026143749999
1.0,68.0,127.0,0.09765622395832452,84.85260521354166,84.95026143749999
1.0,-1.0,0.0,0.08522725000000264,84.95026143749999,85.03548868749999
1.0,69.0,127.0,0.24325277604166473,85.03548868749999,85.27874146354165
1.0,-1.0,0.0,0.09055395312500991,85.27874146354165,85.36929541666666
1.0,70.0,127.0,0.2370382890625038,85.36929541666666,85.60633370572916
1.0,-1.0,0.0,0.13227979427084335,85.60633370572916,85.7386135
1.0,69.0,127.0,0.2361505052083288,85.7386135,85.97476400520833
1.0,-1.0,0.0,0.09410508854166721,85.97476400520833,86.06886909375
1.0,72.0,127.0,0.13139201041666126,86.06886909375,86.20026110416666
1.0,-1.0,0.0,0.028409083333343688,86.20026110416666,86.2286701875
1.0,68.0,127.0,0.11363633333333212,86.2286701875,86.34230652083333
1.0,-1.0,0.0,0.07812497916665961,86.34230652083333,86.42043149999999
1.0,69.0,127.0,0.19087352864583806,86.42043149999999,86.61130502864583
1.0,-1.0,0.0,0.13938206510415796,86.61130502864583,86.75068709374999
1.0,70.0,127.0,0.19620023177083823,86.75068709374999,86.94688732552083
1.0,-1.0,0.0,0.12162638802082881,86.94688732552083,87.06851371354166
1.0,75.0,127.0,0.06924714062499504,87.06851371354166,87.13776085416666
1.0,63.0,127.0,0.10830963020832485,87.05786030729166,87.16616993749999
1.0,-1.0,0.0,0.1065340625000033,87.16616993749999,87.27270399999999
1.0,68.0,127.0,0.25390618229167217,87.27270399999999,87.52661018229166
1.0,-1.0,0.0,0.07634941145833807,87.52661018229166,87.60295959375
1.0,72.0,127.0,0.08522724999998843,87.60295959375,87.68818684374999
1.0,68.0,127.0,0.09588065625000297,87.597632890625,87.693513546875
1.0,-1.0,0.0,0.10830963020832485,87.693513546875,87.80182317708332
1.0,68.0,127.0,0.2050780703125099,87.80182317708332,88.00690124739583
1.0,-1.0,0.0,0.11274854947916424,88.00690124739583,88.119649796875
1.0,72.0,127.0,0.1935368802083275,88.119649796875,88.31318667708332
1.0,68.0,127.0,0.2095169895833351,88.11432309374999,88.32384008333332
1.0,-1.0,0.0,0.13139201041667548,88.32384008333332,88.45523209375
1.0,74.0,127.0,0.25035504687500065,88.45523209375,88.705587140625
1.0,62.0,127.0,0.2450283437500076,88.46055879687499,88.705587140625
1.0,-1.0,0.0,0.10120735937499603,88.705587140625,88.8067945
1.0,72.0,127.0,0.1260653072916682,88.8067945,88.93285980729166
1.0,-1.0,0.0,0.03906248958332981,88.93285980729166,88.971922296875
1.0,68.0,127.0,0.10830963020833906,88.971922296875,89.08023192708333
1.0,-1.0,0.0,0.08522724999998843,89.08023192708333,89.16545917708332
1.0,68.0,127.0,0.17578120312500545,89.16545917708332,89.34124038020832
1.0,-1.0,0.0,0.13139201041667548,89.34124038020832,89.472632390625
1.0,72.0,127.0,0.09588065625000297,89.472632390625,89.568513046875
1.0,68.0,127.0,0.12428973958334666,89.46730568749999,89.59159542708333
1.0,-1.0,0.0,0.18821017708332022,89.59159542708333,89.77980560416665
1.0,68.0,127.0,0.0985440078125066,89.77980560416665,89.87834961197916
1.0,-1.0,0.0,0.12162638802082881,89.87834961197916,89.99997599999999
1.0,68.0,127.0,0.216619260416671,89.99997599999999,90.21659526041665
1.0,-1.0,0.0,0.09055395312500991,90.21659526041665,90.30714921354166
1.0,68.0,127.0,0.10564627864582832,90.30714921354166,90.41279549218748
1.0,-1.0,0.0,0.09321730468751355,90.41279549218748,90.506012796875
1.0,68.0,127.0,0.2450283437500005,90.506012796875,90.751041140625
1.0,-1.0,0.0,0.08522724999998843,90.751041140625,90.836268390625
1.0,68.0,127.0,0.22638488281249636,90.836268390625,91.06265327343749
1.0,-1.0,0.0,0.14293320052082947,91.06265327343749,91.20558647395832
1.0,62.0,127.0,0.2556817500000079,91.20558647395832,91.46126822395833
1.0,74.0,127.0,0.2681107239583298,91.1931575,91.46126822395833
1.0,-1.0,0.0,0.07990054687499537,91.46126822395833,91.54116877083332
1.0,68.0,127.0,0.21218034114583872,91.54116877083332,91.75334911197916
1.0,-1.0,0.0,0.11097298177082848,91.75334911197916,91.86432209374999
1.0,68.0,127.0,0.22993601822916787,91.86432209374999,92.09425811197916
1.0,-1.0,0.0,0.11629968489583575,92.09425811197916,92.210557796875
1.0,68.0,127.0,0.1740056354166697,92.210557796875,92.38456343229166
1.0,-1.0,0.0,0.1384942812500043,92.38456343229166,92.52305771354166
1.0,62.0,127.0,0.09765622395833873,92.52305771354166,92.6207139375
1.0,74.0,127.0,0.11363633333334633,92.52838441666665,92.64202075
1.0,-1.0,0.0,0.11363633333333212,92.64202075,92.75565708333333
1.0,79.0,127.0,0.22727266666666424,92.75565708333333,92.98292975
1.0,67.0,127.0,0.2325993697916715,92.75033038020833,92.98292975
1.0,-1.0,0.0,0.09232952083333146,92.98292975,93.07525927083333
1.0,72.0,127.0,0.0985440078124995,93.07525927083333,93.17380327864583
1.0,-1.0,0.0,0.082563898437499,93.17380327864583,93.25636717708333
1.0,79.0,127.0,0.2166192604166639,93.25636717708333,93.4729864375
1.0,67.0,127.0,0.23970164062500032,93.26169388020833,93.50139552083333
1.0,-1.0,0.0,0.0905539531249957,93.50139552083333,93.59194947395832
1.0,72.0,127.0,0.18732239322916655,93.59194947395832,93.77927186718749
1.0,-1.0,0.0,0.13583092968750066,93.77927186718749,93.91510279687499
1.0,73.0,127.0,0.2530183984375043,93.91510279687499,94.1681211953125
1.0,-1.0,0.0,0.08789060156249207,94.1681211953125,94.25601179687499
1.0,72.0,127.0,0.20774142187500644,94.25601179687499,94.46375321874999
1.0,-1.0,0.0,0.1225141718750109,94.46375321874999,94.586267390625
1.0,79.0,127.0,0.2095169895833351,94.586267390625,94.79578438020833
1.0,67.0,127.0,0.22194596354167118,94.59159409374999,94.81354005729166
1.0,-1.0,0.0,0.11896303645833939,94.81354005729166,94.93250309375
1.0,77.0,127.0,0.03906248958332981,94.93250309375,94.97156558333333
1.0,79.0,127.0,0.11896303645832518,94.9218496875,95.04081272395833
1.0,67.0,127.0,0.13671871354166854,94.91474741666666,95.05146613020833
1.0,-1.0,0.0,0.18288347395834137,95.05146613020833,95.23434960416667
1.0,78.0,127.0,0.11363633333333212,95.23434960416667,95.3479859375
1.0,66.0,127.0,0.11363633333334633,95.24500301041665,95.35863934375
1.0,-1.0,0.0,0.10830963020832485,95.35863934375,95.46694897395832
1.0,71.0,127.0,0.22993601822916787,95.46694897395832,95.69688499218749
1.0,-1.0,0.0,0.11097298177082848,95.69688499218749,95.80785797395832
1.0,70.0,127.0,0.08256389843750611,95.80785797395832,95.89042187239582
1.0,-1.0,0.0,0.0985440078125066,95.89042187239582,95.98896588020833
1.0,77.0,127.0,0.2166192604166639,95.98896588020833,96.20558514062499
1.0,65.0,127.0,0.2325993697916573,95.98363917708333,96.21623854687499
1.0,-1.0,0.0,0.10298292708333179,96.21623854687499,96.31922147395832
1.0,70.0,127.0,0.17844455468750198,96.31922147395832,96.49766602864582
1.0,-1.0,0.0,0.1500354713541725,96.49766602864582,96.6477015
1.0,77.0,127.0,0.23970164062500032,96.6477015,96.887403140625
1.0,65.0,127.0,0.2325993697916573,96.66013047395833,96.89272984374999
1.0,-1.0,0.0,0.09055395312500991,96.89272984374999,96.983283796875
1.0,68.0,127.0,0.18821017708332022,96.983283796875,97.17149397395832
1.0,72.0,127.0,0.21129255729167085,96.9886105,97.19990305729166
1.0,-1.0,0.0,0.10830963020832485,97.19990305729166,97.30821268749999
1.0,71.0,127.0,0.10387071093750677,97.30821268749999,97.41208339843749
1.0,-1.0,0.0,0.10564627864583542,97.41208339843749,97.51772967708332
1.0,71.0,127.0,0.19886358333333476,97.51772967708332,97.71659326041666
1.0,-1.0,0.0,0.10298292708333179,97.71659326041666,97.81957618749999
1.0,68.0,127.0,0.08522725000000264,97.81957618749999,97.9048034375
1.0,72.0,127.0,0.09588065624998876,97.824902890625,97.92078354687499
1.0,-1.0,0.0,0.06924714062500925,97.92078354687499,97.9900306875
1.0,65.0,127.0,0.10120735937499603,97.9900306875,98.09123804687499
1.0,-1.0,0.0,0.0905539531249957,98.09123804687499,98.18179199999999
1.0,63.0,127.0,0.23970164062500032,98.18179199999999,98.42149364062499
1.0,75.0,127.0,0.23792607291666457,98.19954767708333,98.43747375
1.0,-1.0,0.0,0.051491463541665894,98.43747375,98.48896521354166
1.0,72.0,127.0,0.0905539531249957,98.48896521354166,98.57951916666666
1.0,68.0,127.0,0.10830963020833906,98.48363851041665,98.591948140625
1.0,-1.0,0.0,0.11363633333333212,98.591948140625,98.70558447395833
1.0,63.0,127.0,0.1811079062500056,98.70558447395833,98.88669238020833
1.0,75.0,127.0,0.21661926041667812,98.68250209374999,98.89912135416667
1.0,-1.0,0.0,0.11363633333333212,98.89912135416667,99.0127576875
1.0,72.0,127.0,0.18643460937499867,99.0127576875,99.199192296875
1.0,68.0,127.0,0.22727266666666424,99.00565541666666,99.23292808333332
1.0,-1.0,0.0,0.11363633333334633,99.23292808333332,99.34656441666667
1.0,62.0,127.0,0.26278402083332253,99.34656441666667,99.60934843749999
1.0,74.0,127.0,0.28941753645833046,99.34123771354166,99.63065524999999
1.0,-1.0,0.0,0.06392043750000198,99.63065524999999,99.69457568749999
1.0,70.0,127.0,0.19797579947916688,99.69457568749999,99.89255148697916
1.0,-1.0,0.0,0.14293320052082947,99.89255148697916,100.03548468749999
1.0,62.0,127.0,0.20419028645834203,100.03548468749999,100.23967497395833
1.0,74.0,127.0,0.21129255729167085,100.02838241666666,100.23967497395833
1.0,-1.0,0.0,0.12428973958333245,100.23967497395833,100.36396471354166
1.0,72.0,127.0,0.062144869791666224,100.36396471354166,100.42610958333333
1.0,68.0,127.0,0.10120735937499603,100.35331130729166,100.45451866666666
1.0,-1.0,0.0,0.09232952083333146,100.45451866666666,100.54684818749999
1.0,62.0,127.0,0.13494314583333278,100.54684818749999,100.68179133333332
1.0,74.0,127.0,0.15980109375000495,100.53974591666666,100.69954701041667
1.0,-1.0,0.0,0.1811079062499914,100.69954701041667,100.88065491666666
1.0,75.0,127.0,0.23970164062500032,100.88065491666666,101.12035655729166
1.0,63.0,127.0,0.261008453125001,100.88775718749999,101.14876564062499
1.0,-1.0,0.0,0.0674715729166735,101.14876564062499,101.21623721354166
1.0,67.0,127.0,0.10298292708333179,101.21623721354166,101.31922014062499
1.0,70.0,127.0,0.12073860416667515,101.22156391666665,101.34230252083333
1.0,-1.0,0.0,0.07279827604166655,101.34230252083333,101.415100796875
1.0,75.0,127.0,0.21129255729167085,101.415100796875,101.62639335416667
1.0,63.0,127.0,0.21661926041667812,101.40977409374999,101.62639335416667
1.0,-1.0,0.0,0.10653406249998909,101.62639335416667,101.73292741666666
1.0,68.0,127.0,0.24236499218750396,101.73292741666666,101.97529240885416
1.0,-1.0,0.0,0.12162638802082881,101.97529240885416,102.09691879687499
1.0,62.0,127.0,0.2556817500000079,102.09691879687499,102.352600546875
1.0,74.0,127.0,0.261008453125001,102.09159209375,102.352600546875
1.0,-1.0,0.0,0.07990054687499537,102.352600546875,102.43250109374999
1.0,68.0,127.0,0.24769169531250412,102.43250109374999,102.68019278906249
1.0,-1.0,0.0,0.12162638802084302,102.68019278906249,102.80181917708333
1.0,72.0,127.0,0.01065340625000033,102.80181917708333,102.81247258333333
1.0,62.0,127.0,0.15980109375000495,102.78406349999999,102.94386459374999
1.0,74.0,127.0,0.18821017708333443,102.80181917708333,102.99002935416667
1.0,-1.0,0.0,0.12428973958333245,102.99002935416667,103.11431909375
1.0,74.0,127.0,0.03906248958332981,103.11431909375,103.15338158333333
1.0,69.0,127.0,0.12162638802083592,103.10899239062499,103.23061877864583
1.0,-1.0,0.0,0.19087352864582385,103.23061877864583,103.42149230729166
1.0,64.0,127.0,0.10120735937499603,103.42149230729166,103.52269966666665
1.0,76.0,127.0,0.11363633333333212,103.42681901041666,103.54045534375
1.0,-1.0,0.0,0.10830963020831064,103.54045534375,103.64876497395831
1.0,71.0,127.0,0.18347532986111523,103.64876497395831,103.83224030381942
1.0,-1.0,0.0,0.13967799305557094,103.83224030381942,103.97191829687499
1.0,68.0,127.0,0.11363633333333212,103.97191829687499,104.08555463020832
1.0,72.0,127.0,0.12073860416666093,103.977245,104.09798360416666
1.0,-1.0,0.0,0.062144869791666224,104.09798360416666,104.16012847395832
1.0,69.0,127.0,0.2556817500000008,104.16012847395832,104.41581022395832
1.0,-1.0,0.0,0.07990054687500958,104.41581022395832,104.49571077083333
1.0,70.0,127.0,0.23792607291666457,104.49571077083333,104.73363684374999
1.0,-1.0,0.0,0.11363633333333212,104.73363684374999,104.84727317708332
1.0,63.0,127.0,0.2095169895833351,104.84727317708332,105.05679016666666
1.0,75.0,127.0,0.2325993697916573,104.84194647395833,105.07454584374999
1.0,-1.0,0.0,0.09588065625000297,105.07454584374999,105.17042649999999
1.0,72.0,127.0,0.15980109375000495,105.17042649999999,105.33022759375
1.0,-1.0,0.0,0.01065340625000033,105.33022759375,105.340881
1.0,68.0,127.0,0.11363633333333212,105.340881,105.45451733333333
1.0,-1.0,0.0,0.07457384375000231,105.45451733333333,105.52909117708333
1.0,69.0,127.0,0.1935368802083346,105.52909117708333,105.72262805729167
1.0,-1.0,0.0,0.11896303645832518,105.72262805729167,105.84159109375
1.0,72.0,127.0,0.1420454166666616,105.84159109375,105.98363651041666
1.0,-1.0,0.0,0.023082380208336417,105.98363651041666,106.006718890625
1.0,68.0,127.0,0.18643460937499867,106.006718890625,106.1931535
1.0,63.0,127.0,0.11363633333333212,106.15941771354166,106.27305404687499
1.0,-1.0,0.0,0.09055395312500991,106.27305404687499,106.363608
1.0,68.0,127.0,0.22549709895832848,106.363608,106.58910509895833
1.0,-1.0,0.0,0.0870028177083384,106.58910509895833,106.67610791666667
1.0,70.0,127.0,0.09144173697915647,106.67610791666667,106.76754965364583
1.0,-1.0,0.0,0.09676844010415664,106.76754965364583,106.86431809374999
1.0,68.0,127.0,0.2210581796875033,106.86431809374999,107.08537627343749
1.0,-1.0,0.0,0.1145241171875,107.08537627343749,107.19990039062499
1.0,72.0,127.0,0.1811079062500056,107.19990039062499,107.381008296875
1.0,68.0,127.0,0.1935368802083275,107.20522709375,107.39876397395832
1.0,-1.0,0.0,0.13671871354166854,107.39876397395832,107.5354826875
1.0,62.0,127.0,0.21484369270832815,107.5354826875,107.75032638020832
1.0,74.0,127.0,0.23970164062500032,107.52838041666666,107.76808205729166
1.0,-1.0,0.0,0.11363633333333212,107.76808205729166,107.881718390625
1.0,69.0,127.0,0.16779114843749454,107.881718390625,108.04950953906248
1.0,-1.0,0.0,0.1890979609375023,108.04950953906248,108.23860749999999
1.0,70.0,127.0,0.18821017708333443,108.23860749999999,108.42681767708332
1.0,-1.0,0.0,0.15269882291667614,108.42681767708332,108.5795165
1.0,71.0,127.0,0.10298292708333179,108.5795165,108.68249942708333
1.0,-1.0,0.0,0.06747157291665928,108.68249942708333,108.74997099999999
1.0,72.0,127.0,0.13139201041666837,108.74997099999999,108.88136301041666
1.0,-1.0,0.0,0.2095169895833351,108.88136301041666,109.09088
1.0,73.0,127.0,0.23348715364583228,109.09088,109.32436715364582
1.0,-1.0,0.0,0.039950273437497685,109.32436715364582,109.36431742708332
1.0,70.0,127.0,0.09588065625000297,109.36431742708332,109.46019808333332
1.0,74.0,127.0,0.11363633333333212,109.36964413020833,109.48328046354166
1.0,-1.0,0.0,0.07990054687499537,109.48328046354166,109.56318101041666
1.0,77.0,127.0,0.01065340625000033,109.56318101041666,109.57383441666666
1.0,73.0,127.0,0.23792607291667167,109.55252760416666,109.79045367708332
1.0,-1.0,0.0,0.09588065625000297,109.79045367708332,109.88633433333332
1.0,70.0,127.0,0.2450283437500076,109.88633433333332,110.13136267708333
1.0,74.0,127.0,0.2556817500000079,109.89343660416665,110.14911835416666
1.0,-1.0,0.0,0.10120735937499603,110.14911835416666,110.25032571354166
1.0,67.0,127.0,0.25035504687500065,110.25032571354166,110.50068076041666
1.0,79.0,127.0,0.25035504687500065,110.25565241666666,110.50600746354166
1.0,-1.0,0.0,0.10830963020832485,110.50600746354166,110.61431709374999
1.0,74.0,127.0,0.1935368802083417,110.61431709374999,110.80785397395833
1.0,70.0,127.0,0.10830963020832485,110.76701591666667,110.87532554687499
1.0,-1.0,0.0,0.08522725000000264,110.87532554687499,110.96055279687499
1.0,67.0,127.0,0.20419028645832782,110.96055279687499,111.16474308333332
1.0,79.0,127.0,0.2059658541666778,110.96587949999999,111.17184535416666
1.0,-1.0,0.0,0.14737211979166887,111.17184535416666,111.31921747395833
1.0,70.0,127.0,0.062144869791666224,111.31921747395833,111.38136234375
1.0,74.0,127.0,0.17578120312499834,111.29080839062499,111.46658959374999
1.0,-1.0,0.0,0.1420454166666758,111.46658959374999,111.60863501041666
1.0,70.0,127.0,0.0905539531249957,111.60863501041666,111.69918896354166
1.0,-1.0,0.0,0.10830963020833906,111.69918896354166,111.80749859375
1.0,69.0,127.0,0.20419028645832782,111.80749859375,112.01168888020833
1.0,-1.0,0.0,0.1260653072916682,112.01168888020833,112.1377541875
1.0,67.0,127.0,0.07812497916665961,112.1377541875,112.21587916666665
1.0,70.0,127.0,0.10830963020832485,112.13065191666666,112.23896154687499
1.0,-1.0,0.0,0.08522725000000264,112.23896154687499,112.32418879687499
1.0,75.0,127.0,0.21129255729167085,112.32418879687499,112.53548135416666
1.0,63.0,127.0,0.2325993697916573,112.31886209375,112.55146146354166
1.0,-1.0,0.0,0.0905539531249957,112.55146146354166,112.64201541666665
1.0,68.0,127.0,0.1935368802083417,112.64201541666665,112.835552296875
1.0,-1.0,0.0,0.15980109375000495,112.835552296875,112.995353390625
1.0,74.0,127.0,0.10830963020832485,112.995353390625,113.10366302083332
1.0,69.0,127.0,0.26189623697916176,112.98292441666666,113.24482065364583
1.0,-1.0,0.0,0.10209514322916391,113.24482065364583,113.346915796875
1.0,68.0,127.0,0.17666898697915911,113.346915796875,113.52358478385415
1.0,-1.0,0.0,0.15891330989585128,113.52358478385415,113.68249809375
1.0,63.0,127.0,0.19886358333332055,113.68249809375,113.88136167708332
1.0,75.0,127.0,0.1935368802083275,113.68782479687499,113.88136167708332
1.0,-1.0,0.0,0.12428973958333245,113.88136167708332,114.00565141666665
1.0,67.0,127.0,0.13139201041667548,114.00565141666665,114.13704342708333
1.0,70.0,127.0,0.15447439062499768,114.00032471354166,114.15479910416666
1.0,-1.0,0.0,0.16335222916666226,114.15479910416666,114.31815133333332
1.0,75.0,127.0,0.056818166666673164,114.31815133333332,114.37496949999999
1.0,63.0,127.0,0.0905539531249957,114.30217122395833,114.39272517708332
1.0,-1.0,0.0,0.10298292708333179,114.39272517708332,114.49570810416665
1.0,63.0,127.0,0.24325277604167184,114.49570810416665,114.73896088020832
1.0,75.0,127.0,0.261008453125001,114.50103480729166,114.76204326041666
1.0,-1.0,0.0,0.062144869791666224,114.76204326041666,114.82418813020833
1.0,68.0,127.0,0.10298292708333179,114.82418813020833,114.92717105729166
1.0,72.0,127.0,0.09765622395833873,114.82951483333332,114.92717105729166
1.0,-1.0,0.0,0.0905539531249957,114.92717105729166,115.01772501041665
1.0,69.0,127.0,0.24680391145833624,115.01772501041665,115.26452892187498
1.0,-1.0,0.0,0.09410508854168143,115.26452892187498,115.35863401041667
1.0,70.0,127.0,0.22993601822916077,115.35863401041667,115.58857002864582
1.0,-1.0,0.0,0.11629968489583575,115.58857002864582,115.70486971354165
1.0,63.0,127.0,0.2840908333333374,115.70486971354165,115.98896054687499
1.0,75.0,127.0,0.3071732135416596,115.69954301041666,116.00671622395832
1.0,-1.0,0.0,0.056818166666673164,116.00671622395832,116.063534390625
1.0,70.0,127.0,0.22194596354167118,116.063534390625,116.28548035416667
1.0,-1.0,0.0,0.10120735937499603,116.28548035416667,116.38668771354166
1.0,69.0,127.0,0.10830963020833195,116.38668771354166,116.49499734374999
1.0,-1.0,0.0,0.10830963020833906,116.49499734374999,116.60330697395833
1.0,63.0,127.0,0.21484369270832815,116.60330697395833,116.81815066666665
1.0,75.0,127.0,0.25035504687500065,116.59087799999999,116.84123304687499
1.0,-1.0,0.0,0.062144869791666224,116.84123304687499,116.90337791666666
1.0,72.0,127.0,0.1935368802083417,116.90337791666666,117.096914796875
1.0,68.0,127.0,0.23970164062500032,116.89805121354166,117.13775285416666
1.0,-1.0,0.0,0.11363633333333212,117.13775285416666,117.2513891875
1.0,62.0,127.0,0.24325277604165763,117.2513891875,117.49464196354165
1.0,74.0,127.0,0.26278402083333674,117.24428691666665,117.50707093749999
1.0,-1.0,0.0,0.08522725000000264,117.50707093749999,117.59229818749999
1.0,70.0,127.0,0.10120735937500314,117.59229818749999,117.693505546875
1.0,-1.0,0.0,0.10298292708331758,117.693505546875,117.79648847395832
1.0,68.0,127.0,0.1811079062500056,117.79648847395832,117.97759638020833
1.0,-1.0,0.0,0.13139201041666126,117.97759638020833,118.10898839062499
1.0,71.0,127.0,0.051491463541665894,118.10898839062499,118.16047985416665
1.0,-1.0,0.0,0.04438919270833708,118.16047985416665,118.20486904687499
1.0,72.0,127.0,0.10830963020833906,118.20486904687499,118.31317867708333
1.0,68.0,127.0,0.23970164062500032,118.09655941666666,118.33626105729167
1.0,-1.0,0.0,0.11363633333333212,118.33626105729167,118.449897390625
1.0,62.0,127.0,0.25035504687500065,118.449897390625,118.7002524375
1.0,74.0,127.0,0.27343742708333707,118.45522409374999,118.72866152083333
1.0,-1.0,0.0,0.0905539531249957,118.72866152083333,118.81921547395832
1.0,70.0,127.0,0.17045450000000528,118.81921547395832,118.98966997395833
1.0,-1.0,0.0,0.1420454166666616,118.98966997395833,119.13171539062499
1.0,62.0,127.0,0.18643460937499867,119.13171539062499,119.31814999999999
1.0,74.0,127.0,0.22727266666666424,119.1263886875,119.35366135416666
1.0,-1.0,0.0,0.13494314583333278,119.35366135416666,119.4886045
1.0,72.0,127.0,0.13139201041666126,119.4886045,119.61999651041666
1.0,68.0,127.0,0.15980109375000495,119.48327779687499,119.64307889062499
1.0,-1.0,0.0,0.17045450000000528,119.64307889062499,119.813533390625
1.0,68.0,127.0,0.09588065624998876,119.813533390625,119.90941404687499
1.0,-1.0,0.0,0.09055395312500991,119.90941404687499,119.999968
1.0,76.0,127.0,0.34090899999999635,119.999968,120.34087699999999
1.0,77.0,127.0,0.17045450000000528,120.34087699999999,120.5113315
1.0,76.0,127.0,0.34090899999999635,120.5113315,120.8522405
1.0,77.0,127.0,0.34090899999999635,120.8522405,121.19314949999999
1.0,76.0,127.0,0.34090899999999635,121.19314949999999,121.53405849999999
1.0,79.0,127.0,0.17045450000000528,121.53405849999999,121.70451299999999
1.0,75.0,127.0,0.17045450000000528,121.70451299999999,121.8749675
1.0,76.0,127.0,0.17045449999999107,121.8749675,122.04542199999999
1.0,-1.0,0.0,0.17045450000000528,122.04542199999999,122.2158765
1.0,77.0,127.0,0.17045450000000528,122.2158765,122.386331
1.0,-1.0,0.0,0.17045449999999107,122.386331,122.55678549999999
1.0,73.0,127.0,0.34090899999999635,122.55678549999999,122.89769449999999
1.0,72.0,127.0,0.17045450000000528,122.89769449999999,123.06814899999999
1.0,-1.0,0.0,0.17045450000000528,123.06814899999999,123.2386035
1.0,73.0,127.0,0.34090899999999635,123.2386035,123.57951249999999
1.0,72.0,127.0,0.17045450000000528,123.57951249999999,123.749967
1.0,-1.0,0.0,0.17045449999999107,123.749967,123.92042149999999
1.0,73.0,127.0,0.17045450000000528,123.92042149999999,124.090876
1.0,73.0,127.0,0.17045449999999107,124.090876,124.26133049999999
1.0,-1.0,0.0,0.17045450000000528,124.26133049999999,124.43178499999999
1.0,72.0,127.0,0.17045450000000528,124.43178499999999,124.6022395
1.0,73.0,127.0,0.17045449999999107,124.6022395,124.77269399999999
1.0,-1.0,0.0,0.17045450000000528,124.77269399999999,124.94314849999999
1.0,73.0,127.0,0.17045450000000528,124.94314849999999,125.113603
1.0,-1.0,0.0,0.17045449999999107,125.113603,125.28405749999999
1.0,73.0,127.0,0.34090899999999635,125.28405749999999,125.62496649999999
1.0,73.0,127.0,0.17045450000000528,125.62496649999999,125.79542099999999
1.0,-1.0,0.0,0.17045450000000528,125.79542099999999,125.9658755
1.0,67.0,127.0,0.34090899999999635,125.9658755,126.30678449999999
1.0,79.0,127.0,0.17045450000000528,126.13632999999999,126.30678449999999
1.0,-1.0,0.0,0.34090899999999635,126.30678449999999,126.64769349999999
1.0,79.0,127.0,0.17045450000000528,126.64769349999999,126.818148
1.0,67.0,127.0,0.17045449999999107,126.818148,126.98860249999998
1.0,72.0,127.0,0.5113634999999874,126.477239,126.98860249999998
1.0,79.0,127.0,0.17045449999999107,126.818148,126.98860249999998
1.0,-1.0,0.0,0.17045450000000528,126.98860249999998,127.15905699999999
1.0,73.0,127.0,0.17045450000000528,127.15905699999999,127.3295115
1.0,73.0,127.0,0.17045449999999107,127.3295115,127.49996599999999
1.0,-1.0,0.0,0.17045450000000528,127.49996599999999,127.67042049999999
1.0,73.0,127.0,0.17045450000000528,127.67042049999999,127.840875
1.0,-1.0,0.0,0.17045449999999107,127.840875,128.0113295
1.0,74.0,127.0,0.34090900000001056,128.0113295,128.3522385
1.0,73.0,127.0,0.17045450000000528,128.3522385,128.522693
1.0,-1.0,0.0,0.17045449999997686,128.522693,128.69314749999998
1.0,74.0,127.0,0.34090900000001056,128.69314749999998,129.0340565
1.0,73.0,127.0,0.17045450000000528,129.0340565,129.204511
1.0,-1.0,0.0,0.17045450000000528,129.204511,129.3749655
1.0,74.0,127.0,0.17045449999997686,129.3749655,129.54541999999998
1.0,74.0,127.0,0.17045450000000528,129.54541999999998,129.71587449999998
1.0,-1.0,0.0,0.17045450000000528,129.71587449999998,129.886329
1.0,73.0,127.0,0.17045450000000528,129.886329,130.0567835
1.0,74.0,127.0,0.17045450000000528,130.0567835,130.227238
1.0,-1.0,0.0,0.17045449999997686,130.227238,130.39769249999998
1.0,73.0,127.0,0.17045450000000528,130.39769249999998,130.56814699999998
1.0,-1.0,0.0,0.17045450000000528,130.56814699999998,130.7386015
1.0,75.0,127.0,0.17045450000000528,130.7386015,130.909056
1.0,-1.0,0.0,0.8647014739583199,130.909056,131.7737574739583
1.0,38.0,127.0,0.07990054687502379,131.7737574739583,131.85365802083334
1.0,-1.0,0.0,0.41903397916664176,131.85365802083334,132.27269199999998
1.0,36.0,127.0,0.07457384375001652,132.27269199999998,132.34726584375
1.0,-1.0,0.0,0.3515624062499967,132.34726584375,132.69882825
1.0,38.0,127.0,0.08522725000000264,132.69882825,132.7840555
1.0,-1.0,0.0,0.8984372604166708,132.7840555,133.68249276041666
1.0,70.0,127.0,0.09588065624998876,133.68249276041666,133.77837341666665
1.0,-1.0,0.0,0.07990054687499537,133.77837341666665,133.85827396354165
1.0,63.0,127.0,0.1189630364583536,133.85827396354165,133.977237
1.0,-1.0,0.0,0.017755677083329147,133.977237,133.99499267708333
1.0,67.0,127.0,0.09588065624998876,133.99499267708333,134.09087333333332
1.0,-1.0,0.0,0.06924714062500925,134.09087333333332,134.16012047395833
1.0,70.0,127.0,0.07990054687499537,134.16012047395833,134.24002102083332
1.0,-1.0,0.0,0.09588065624998876,134.24002102083332,134.3359016770833
1.0,70.0,127.0,0.11363633333334633,134.3359016770833,134.44953801041666
1.0,-1.0,0.0,0.05149146354165168,134.44953801041666,134.5010294739583
1.0,63.0,127.0,0.1189630364583536,134.5010294739583,134.61999251041667
1.0,-1.0,0.0,0.033735786458322536,134.61999251041667,134.653728296875
1.0,67.0,127.0,0.09055395312500991,134.653728296875,134.74428225
1.0,-1.0,0.0,0.0745738437499881,134.74428225,134.81885609375
1.0,70.0,127.0,0.07990054687499537,134.81885609375,134.89875664062498
1.0,-1.0,0.0,0.10120735937499603,134.89875664062498,134.99996399999998
1.0,72.0,127.0,0.10298292708336021,134.99996399999998,135.10294692708334
1.0,-1.0,0.0,0.07990054687499537,135.10294692708334,135.18284747395833
1.0,63.0,127.0,0.1296164427083113,135.18284747395833,135.31246391666664
1.0,-1.0,0.0,0.01775567708335757,135.31246391666664,135.33021959375
1.0,68.0,127.0,0.07990054687499537,135.33021959375,135.410120140625
1.0,-1.0,0.0,0.10120735937499603,135.410120140625,135.5113275
1.0,72.0,127.0,0.08522725000000264,135.5113275,135.59655475
1.0,-1.0,0.0,0.09765622395832452,135.59655475,135.69421097395832
1.0,72.0,127.0,0.10120735937499603,135.69421097395832,135.79541833333332
1.0,-1.0,0.0,0.056818166666687375,135.79541833333332,135.8522365
1.0,63.0,127.0,0.12073860416666093,135.8522365,135.97297510416666
1.0,-1.0,0.0,0.033735786458322536,135.97297510416666,136.006710890625
1.0,68.0,127.0,0.07990054687499537,136.006710890625,136.08661143749998
1.0,-1.0,0.0,0.09588065625001718,136.08661143749998,136.18249209375
1.0,70.0,127.0,0.07990054687499537,136.18249209375,136.262392640625
1.0,-1.0,0.0,0.09588065624998876,136.262392640625,136.35827329687498
1.0,70.0,127.0,0.11363633333334633,136.35827329687498,136.47190963020833
1.0,-1.0,0.0,0.062144869791666224,136.47190963020833,136.5340545
1.0,63.0,127.0,0.10830963020833906,136.5340545,136.64236413020834
1.0,-1.0,0.0,0.04616476041664441,136.64236413020834,136.68852889062498
1.0,67.0,127.0,0.09588065625001718,136.68852889062498,136.784409546875
1.0,-1.0,0.0,0.07990054687499537,136.784409546875,136.86431009375
1.0,70.0,127.0,0.08522725000000264,136.86431009375,136.94953734375
1.0,-1.0,0.0,0.10298292708333179,136.94953734375,137.05252027083333
1.0,70.0,127.0,0.10120735937499603,137.05252027083333,137.15372763020832
1.0,-1.0,0.0,0.062144869791666224,137.15372763020832,137.2158725
1.0,63.0,127.0,0.11363633333334633,137.2158725,137.32950883333334
1.0,-1.0,0.0,0.03551135416665829,137.32950883333334,137.3650201875
1.0,67.0,127.0,0.09055395312500991,137.3650201875,137.455574140625
1.0,-1.0,0.0,0.07279827604165234,137.455574140625,137.52837241666666
1.0,70.0,127.0,0.08522725000000264,137.52837241666666,137.61359966666666
1.0,-1.0,0.0,0.11363633333331791,137.61359966666666,137.72723599999998
1.0,70.0,127.0,0.12073860416668936,137.72723599999998,137.84797460416667
1.0,-1.0,0.0,0.03906248958332981,137.84797460416667,137.88703709375
1.0,63.0,127.0,0.10830963020833906,137.88703709375,137.99534672395833
1.0,-1.0,0.0,0.05149146354165168,137.99534672395833,138.0468381875
1.0,67.0,127.0,0.09055395312500991,138.0468381875,138.137392140625
1.0,-1.0,0.0,0.062144869791666224,138.137392140625,138.19953701041666
1.0,70.0,127.0,0.07990054687499537,138.19953701041666,138.27943755729166
1.0,-1.0,0.0,0.1420454166666616,138.27943755729166,138.42148297395832
1.0,70.0,127.0,0.10830963020833906,138.42148297395832,138.52979260416666
1.0,-1.0,0.0,0.0674715729166735,138.52979260416666,138.59726417708333
1.0,63.0,127.0,0.09588065624998876,138.59726417708333,138.69314483333332
1.0,-1.0,0.0,0.051491463541680105,138.69314483333332,138.744636296875
1.0,67.0,127.0,0.08522725000000264,138.744636296875,138.829863546875
1.0,-1.0,0.0,0.08522724999997422,138.829863546875,138.91509079687498
1.0,70.0,127.0,0.07457384375001652,138.91509079687498,138.989664640625
1.0,-1.0,0.0,0.11363633333331791,138.989664640625,139.1033009739583
1.0,70.0,127.0,0.09588065625001718,139.1033009739583,139.19918163020833
1.0,-1.0,0.0,0.056818166666658954,139.19918163020833,139.255999796875
1.0,63.0,127.0,0.11896303645832518,139.255999796875,139.3749628333333
1.0,-1.0,0.0,0.040838057291665564,139.3749628333333,139.41580089062498
1.0,67.0,127.0,0.07990054687502379,139.41580089062498,139.4957014375
1.0,-1.0,0.0,0.07812497916665961,139.4957014375,139.57382641666666
1.0,70.0,127.0,0.08522725000000264,139.57382641666666,139.65905366666667
1.0,-1.0,0.0,0.10298292708333179,139.65905366666667,139.76203659375
1.0,70.0,127.0,0.10298292708333179,139.76203659375,139.86501952083333
1.0,-1.0,0.0,0.0674715729166735,139.86501952083333,139.93249109375
1.0,63.0,127.0,0.10830963020831064,139.93249109375,140.0408007239583
1.0,-1.0,0.0,0.051491463541680105,140.0408007239583,140.0922921875
1.0,67.0,127.0,0.08522725000000264,140.0922921875,140.1775194375
1.0,-1.0,0.0,0.08522725000000264,140.1775194375,140.2627466875
1.0,70.0,127.0,0.07812497916665961,140.2627466875,140.34087166666666
1.0,-1.0,0.0,0.10298292708333179,140.34087166666666,140.44385459375
1.0,70.0,127.0,0.10298292708333179,140.44385459375,140.54683752083332
1.0,-1.0,0.0,0.07812497916665961,140.54683752083332,140.62496249999998
1.0,63.0,127.0,0.10298292708333179,140.62496249999998,140.7279454270833
1.0,-1.0,0.0,0.051491463541680105,140.7279454270833,140.779436890625
1.0,67.0,127.0,0.08522725000000264,140.779436890625,140.864664140625
1.0,-1.0,0.0,0.09055395312498149,140.864664140625,140.95521809374998
1.0,70.0,127.0,0.07990054687502379,140.95521809374998,141.035118640625
1.0,-1.0,0.0,0.09588065624998876,141.035118640625,141.130999296875
1.0,70.0,127.0,0.10298292708333179,141.130999296875,141.23398222395832
1.0,-1.0,0.0,0.07279827604168077,141.23398222395832,141.3067805
1.0,63.0,127.0,0.1260653072916682,141.3067805,141.43284580729167
1.0,-1.0,0.0,0.023082380208307995,141.43284580729167,141.45592818749998
1.0,67.0,127.0,0.09055395312500991,141.45592818749998,141.546482140625
1.0,-1.0,0.0,0.07279827604168077,141.546482140625,141.61928041666667
1.0,70.0,127.0,0.08522724999997422,141.61928041666667,141.70450766666664
1.0,-1.0,0.0,0.10298292708336021,141.70450766666664,141.80749059375
1.0,72.0,127.0,0.07990054687499537,141.80749059375,141.887391140625
1.0,-1.0,0.0,0.09055395312498149,141.887391140625,141.97794509374998
1.0,65.0,127.0,0.09055395312500991,141.97794509374998,142.068499046875
1.0,-1.0,0.0,0.06924714062500925,142.068499046875,142.1377461875
1.0,67.0,127.0,0.08522725000000264,142.1377461875,142.2229734375
1.0,-1.0,0.0,0.09055395312498149,142.2229734375,142.31352739062498
1.0,68.0,127.0,0.09588065625001718,142.31352739062498,142.409408046875
1.0,-1.0,0.0,0.08522725000000264,142.409408046875,142.494635296875
1.0,72.0,127.0,0.09765622395832452,142.494635296875,142.59229152083333
1.0,-1.0,0.0,0.062144869791666224,142.59229152083333,142.654436390625
1.0,65.0,127.0,0.11896303645832518,142.654436390625,142.77339942708332
1.0,-1.0,0.0,0.046164760416672834,142.77339942708332,142.8195641875
1.0,67.0,127.0,0.09055395312500991,142.8195641875,142.910118140625
1.0,-1.0,0.0,0.06747157291664507,142.910118140625,142.97758971354165
1.0,68.0,127.0,0.09765622395835294,142.97758971354165,143.0752459375
1.0,-1.0,0.0,0.1065340625000033,143.0752459375,143.18178
1.0,72.0,127.0,0.11363633333331791,143.18178,143.29541633333332
1.0,-1.0,0.0,0.040838057291665564,143.29541633333332,143.336254390625
1.0,65.0,127.0,0.10830963020833906,143.336254390625,143.44456402083333
1.0,-1.0,0.0,0.056818166666658954,143.44456402083333,143.50138218749998
1.0,67.0,127.0,0.09055395312500991,143.50138218749998,143.591936140625
1.0,-1.0,0.0,0.07279827604165234,143.591936140625,143.66473441666665
1.0,68.0,127.0,0.08522725000000264,143.66473441666665,143.74996166666665
1.0,-1.0,0.0,0.10830963020833906,143.74996166666665,143.858271296875
1.0,72.0,127.0,0.11363633333334633,143.858271296875,143.97190763020834
1.0,-1.0,0.0,0.040838057291665564,143.97190763020834,144.0127456875
1.0,65.0,127.0,0.1065340625000033,144.0127456875,144.11927975
1.0,-1.0,0.0,0.056818166666658954,144.11927975,144.17609791666666
1.0,67.0,127.0,0.09232952083331725,144.17609791666666,144.26842743749998
1.0,-1.0,0.0,0.07279827604168077,144.26842743749998,144.34122571354166
1.0,68.0,127.0,0.09055395312498149,144.34122571354166,144.43177966666664
1.0,-1.0,0.0,0.13139201041667548,144.43177966666664,144.56317167708332
1.0,72.0,127.0,0.08522725000000264,144.56317167708332,144.64839892708332
1.0,-1.0,0.0,0.062144869791666224,144.64839892708332,144.710543796875
1.0,65.0,127.0,0.10298292708333179,144.710543796875,144.81352672395832
1.0,-1.0,0.0,0.062144869791666224,144.81352672395832,144.87567159374998
1.0,67.0,127.0,0.09055395312500991,144.87567159374998,144.966225546875
1.0,-1.0,0.0,0.07990054687499537,144.966225546875,145.04612609375
1.0,68.0,127.0,0.0745738437499881,145.04612609375,145.12069993749998
1.0,-1.0,0.0,0.1065340625000033,145.12069993749998,145.22723399999998
1.0,72.0,127.0,0.09232952083334567,145.22723399999998,145.31956352083333
1.0,-1.0,0.0,0.07279827604165234,145.31956352083333,145.39236179687498
1.0,65.0,127.0,0.10298292708333179,145.39236179687498,145.4953447239583
1.0,-1.0,0.0,0.062144869791666224,145.4953447239583,145.55748959374998
1.0,67.0,127.0,0.07990054687502379,145.55748959374998,145.637390140625
1.0,-1.0,0.0,0.07990054687499537,145.637390140625,145.7172906875
1.0,68.0,127.0,0.08522725000000264,145.7172906875,145.8025179375
1.0,-1.0,0.0,0.10120735937499603,145.8025179375,145.903725296875
1.0,72.0,127.0,0.09765622395832452,145.903725296875,146.00138152083332
1.0,-1.0,0.0,0.07812497916665961,146.00138152083332,146.07950649999998
1.0,65.0,127.0,0.09765622395835294,146.07950649999998,146.17716272395833
1.0,-1.0,0.0,0.062144869791666224,146.17716272395833,146.23930759375
1.0,67.0,127.0,0.09055395312498149,146.23930759375,146.32986154687498
1.0,-1.0,0.0,0.07990054687499537,146.32986154687498,146.40976209374998
1.0,68.0,127.0,0.07990054687502379,146.40976209374998,146.489662640625
1.0,-1.0,0.0,0.09588065624998876,146.489662640625,146.585543296875
1.0,72.0,127.0,0.10298292708333179,146.585543296875,146.68852622395832
1.0,-1.0,0.0,0.07279827604168077,146.68852622395832,146.7613245
1.0,65.0,127.0,0.10830963020831064,146.7613245,146.8696341302083
1.0,-1.0,0.0,0.051491463541680105,146.8696341302083,146.92112559375
1.0,67.0,127.0,0.07990054687499537,146.92112559375,147.001026140625
1.0,-1.0,0.0,0.07990054687499537,147.001026140625,147.08092668749998
1.0,68.0,127.0,0.08522725000000264,147.08092668749998,147.16615393749998
1.0,-1.0,0.0,0.1065340625000033,147.16615393749998,147.272688
1.0,72.0,127.0,0.10298292708333179,147.272688,147.37567092708332
1.0,-1.0,0.0,0.0674715729166735,147.37567092708332,147.4431425
1.0,65.0,127.0,0.09765622395832452,147.4431425,147.54079872395832
1.0,-1.0,0.0,0.062144869791666224,147.54079872395832,147.60294359374998
1.0,67.0,127.0,0.08522725000000264,147.60294359374998,147.68817084375
1.0,-1.0,0.0,0.07457384375001652,147.68817084375,147.7627446875
1.0,68.0,127.0,0.08522724999997422,147.7627446875,147.84797193749998
1.0,-1.0,0.0,0.1065340625000033,147.84797193749998,147.95450599999998
1.0,72.0,127.0,0.10830963020833906,147.95450599999998,148.06281563020832
1.0,-1.0,0.0,0.056818166666658954,148.06281563020832,148.11963379687498
1.0,65.0,127.0,0.10830963020833906,148.11963379687498,148.22794342708332
1.0,-1.0,0.0,0.056818166666658954,148.22794342708332,148.28476159374998
1.0,67.0,127.0,0.09588065625001718,148.28476159374998,148.38064225
1.0,-1.0,0.0,0.056818166666658954,148.38064225,148.43746041666665
1.0,68.0,127.0,0.08522725000000264,148.43746041666665,148.52268766666666
1.0,-1.0,0.0,0.10830963020833906,148.52268766666666,148.630997296875
1.0,72.0,127.0,0.10830963020833906,148.630997296875,148.73930692708333
1.0,-1.0,0.0,0.05149146354165168,148.73930692708333,148.79079839062499
1.0,65.0,127.0,0.09588065625001718,148.79079839062499,148.886679046875
1.0,-1.0,0.0,0.062144869791666224,148.886679046875,148.94882391666667
1.0,67.0,127.0,0.09232952083331725,148.94882391666667,149.0411534375
1.0,-1.0,0.0,0.08522725000000264,149.0411534375,149.1263806875
1.0,68.0,127.0,0.09055395312500991,149.1263806875,149.216934640625
1.0,-1.0,0.0,0.09588065624998876,149.216934640625,149.312815296875
1.0,72.0,127.0,0.11363633333334633,149.312815296875,149.42645163020833
1.0,-1.0,0.0,0.05149146354165168,149.42645163020833,149.47794309374999
1.0,65.0,127.0,0.10298292708333179,149.47794309374999,149.58092602083332
1.0,-1.0,0.0,0.056818166666658954,149.58092602083332,149.63774418749998
1.0,67.0,127.0,0.09055395312500991,149.63774418749998,149.728298140625
1.0,-1.0,0.0,0.08522725000000264,149.728298140625,149.813525390625
1.0,68.0,127.0,0.07990054687499537,149.813525390625,149.89342593749998
1.0,-1.0,0.0,0.11896303645832518,149.89342593749998,150.0123889739583
1.0,72.0,127.0,0.10120735937502445,150.0123889739583,150.11359633333333
1.0,-1.0,0.0,0.06924714062498083,150.11359633333333,150.18284347395831
1.0,65.0,127.0,0.09055395312500991,150.18284347395831,150.27339742708332
1.0,-1.0,0.0,0.062144869791666224,150.27339742708332,150.335542296875
1.0,67.0,127.0,0.07990054687499537,150.335542296875,150.41544284375
1.0,-1.0,0.0,0.08522725000000264,150.41544284375,150.50067009375
1.0,68.0,127.0,0.07990054687499537,150.50067009375,150.58057064062498
1.0,-1.0,0.0,0.10120735937499603,150.58057064062498,150.68177799999998
1.0,72.0,127.0,0.10830963020833906,150.68177799999998,150.79008763020832
1.0,-1.0,0.0,0.07457384375001652,150.79008763020832,150.86466147395834
1.0,65.0,127.0,0.10120735937499603,150.86466147395834,150.96586883333333
1.0,-1.0,0.0,0.06924714062498083,150.96586883333333,151.0351159739583
1.0,67.0,127.0,0.07990054687502379,151.0351159739583,151.11501652083334
1.0,-1.0,0.0,0.07279827604165234,151.11501652083334,151.187814796875
1.0,68.0,127.0,0.08522725000000264,151.187814796875,151.273042046875
1.0,-1.0,0.0,0.10298292708333179,151.273042046875,151.37602497395832
1.0,72.0,127.0,0.09055395312500991,151.37602497395832,151.46657892708333
1.0,-1.0,0.0,0.07990054687499537,151.46657892708333,151.54647947395833
1.0,65.0,127.0,0.09588065624998876,151.54647947395833,151.64236013020832
1.0,-1.0,0.0,0.056818166666658954,151.64236013020832,151.69917829687498
1.0,67.0,127.0,0.08522725000000264,151.69917829687498,151.78440554687498
1.0,-1.0,0.0,0.08522725000000264,151.78440554687498,151.86963279687498
1.0,68.0,127.0,0.07457384375001652,151.86963279687498,151.944206640625
1.0,-1.0,0.0,0.09588065624998876,151.944206640625,152.040087296875
1.0,72.0,127.0,0.09765622395832452,152.040087296875,152.1377435208333
1.0,-1.0,0.0,0.07279827604168077,152.1377435208333,152.210541796875
1.0,65.0,127.0,0.10830963020833906,152.210541796875,152.31885142708333
1.0,-1.0,0.0,0.062144869791666224,152.31885142708333,152.380996296875
1.0,67.0,127.0,0.08522725000000264,152.380996296875,152.466223546875
1.0,-1.0,0.0,0.062144869791666224,152.466223546875,152.52836841666667
1.0,72.0,127.0,0.07990054687499537,152.52836841666667,152.60826896354166
1.0,-1.0,0.0,0.13139201041664705,152.60826896354166,152.7396609739583
1.0,70.0,127.0,0.10120735937502445,152.7396609739583,152.84086833333333
1.0,-1.0,0.0,0.056818166666658954,152.84086833333333,152.8976865
1.0,63.0,127.0,0.13671871354165432,152.8976865,153.03440521354165
1.0,-1.0,0.0,0.028409083333343688,153.03440521354165,153.062814296875
1.0,67.0,127.0,0.09765622395832452,153.062814296875,153.16047052083331
1.0,-1.0,0.0,0.07279827604168077,153.16047052083331,153.233268796875
1.0,70.0,127.0,0.08522725000000264,153.233268796875,153.318496046875
1.0,-1.0,0.0,0.09055395312498149,153.318496046875,153.40904999999998
1.0,70.0,127.0,0.12073860416668936,153.40904999999998,153.52978860416667
1.0,-1.0,0.0,0.049715895833315926,153.52978860416667,153.57950449999998
1.0,63.0,127.0,0.13671871354168275,153.57950449999998,153.71622321354167
1.0,-1.0,0.0,0.023082380208307995,153.71622321354167,153.73930559374998
1.0,67.0,127.0,0.08522725000000264,153.73930559374998,153.82453284374998
1.0,-1.0,0.0,0.0674715729166735,153.82453284374998,153.89200441666665
1.0,70.0,127.0,0.09232952083334567,153.89200441666665,153.9843339375
1.0,-1.0,0.0,0.09055395312498149,153.9843339375,154.07488789062498
1.0,70.0,127.0,0.10120735937502445,154.07488789062498,154.17609525
1.0,-1.0,0.0,0.0745738437499881,154.17609525,154.25066909375
1.0,63.0,127.0,0.11363633333331791,154.25066909375,154.3643054270833
1.0,-1.0,0.0,0.03373578645835096,154.3643054270833,154.39804121354166
1.0,67.0,127.0,0.09055395312500991,154.39804121354166,154.48859516666667
1.0,-1.0,0.0,0.09232952083331725,154.48859516666667,154.5809246875
1.0,70.0,127.0,0.08522725000000264,154.5809246875,154.6661519375
1.0,-1.0,0.0,0.09588065624998876,154.6661519375,154.76203259374998
1.0,70.0,127.0,0.10830963020833906,154.76203259374998,154.87034222395832
1.0,-1.0,0.0,0.056818166666658954,154.87034222395832,154.92716039062498
1.0,63.0,127.0,0.11363633333334633,154.92716039062498,155.04079672395832
1.0,-1.0,0.0,0.04438919270833708,155.04079672395832,155.08518591666666
1.0,67.0,127.0,0.07990054687499537,155.08518591666666,155.16508646354166
1.0,-1.0,0.0,0.0745738437499881,155.16508646354166,155.23966030729164
1.0,70.0,127.0,0.08522725000000264,155.23966030729164,155.32488755729165
1.0,-1.0,0.0,0.12428973958333245,155.32488755729165,155.44917729687498
1.0,70.0,127.0,0.11363633333334633,155.44917729687498,155.56281363020832
1.0,-1.0,0.0,0.046164760416672834,155.56281363020832,155.608978390625
1.0,63.0,127.0,0.11896303645832518,155.608978390625,155.72794142708332
1.0,-1.0,0.0,0.03906248958332981,155.72794142708332,155.76700391666665
1.0,67.0,127.0,0.07457384375001652,155.76700391666665,155.84157776041667
1.0,-1.0,0.0,0.11363633333331791,155.84157776041667,155.95521409375
1.0,67.0,127.0,0.07990054687499537,155.95521409375,156.03511464062498
1.0,-1.0,0.0,0.08522725000000264,156.03511464062498,156.12034189062499
1.0,70.0,127.0,0.10120735937499603,156.12034189062499,156.22154924999998
1.0,-1.0,0.0,0.07990054687499537,156.22154924999998,156.30144979687498
1.0,63.0,127.0,0.10830963020833906,156.30144979687498,156.40975942708332
1.0,-1.0,0.0,0.056818166666687375,156.40975942708332,156.46657759375
1.0,67.0,127.0,0.09055395312498149,156.46657759375,156.55713154687498
1.0,-1.0,0.0,0.07990054687499537,156.55713154687498,156.63703209374998
1.0,70.0,127.0,0.0674715729166735,156.63703209374998,156.70450366666665
1.0,-1.0,0.0,0.1260653072916682,156.70450366666665,156.83056897395832
1.0,72.0,127.0,0.09588065624998876,156.83056897395832,156.9264496302083
1.0,-1.0,0.0,0.07990054687502379,156.9264496302083,157.00635017708333
1.0,63.0,127.0,0.13139201041664705,157.00635017708333,157.13774218749998
1.0,-1.0,0.0,0.02130681250000066,157.13774218749998,157.15904899999998
1.0,68.0,127.0,0.09232952083334567,157.15904899999998,157.25137852083333
1.0,-1.0,0.0,0.09055395312498149,157.25137852083333,157.3419324739583
1.0,72.0,127.0,0.08522725000000264,157.3419324739583,157.4271597239583
1.0,-1.0,0.0,0.08522725000000264,157.4271597239583,157.51238697395831
1.0,72.0,127.0,0.11363633333334633,157.51238697395831,157.62602330729166
1.0,-1.0,0.0,0.056818166666658954,157.62602330729166,157.68284147395832
1.0,63.0,127.0,0.18643460937499867,157.68284147395832,157.86927608333332
1.0,68.0,127.0,0.07990054687499537,157.840867,157.920767546875
1.0,-1.0,0.0,0.25035504687500065,157.920767546875,158.17112259375
1.0,70.0,127.0,0.12428973958333245,158.17112259375,158.29541233333333
1.0,-1.0,0.0,0.04616476041664441,158.29541233333333,158.34157709374998
1.0,63.0,127.0,0.10830963020833906,158.34157709374998,158.44988672395831
1.0,-1.0,0.0,0.051491463541680105,158.44988672395831,158.5013781875
1.0,67.0,127.0,0.09055395312498149,158.5013781875,158.59193214062498
1.0,-1.0,0.0,0.09055395312500991,158.59193214062498,158.68248609375
1.0,70.0,127.0,0.07990054687499537,158.68248609375,158.76238664062498
1.0,-1.0,0.0,0.11363633333334633,158.76238664062498,158.87602297395833
1.0,70.0,127.0,0.09588065624998876,158.87602297395833,158.97190363020832
1.0,-1.0,0.0,0.051491463541680105,158.97190363020832,159.02339509375
1.0,63.0,127.0,0.11896303645832518,159.02339509375,159.14235813020832
1.0,-1.0,0.0,0.033735786458322536,159.14235813020832,159.17609391666664
1.0,67.0,127.0,0.10298292708333179,159.17609391666664,159.27907684374998
1.0,-1.0,0.0,0.0674715729166735,159.27907684374998,159.34654841666665
1.0,70.0,127.0,0.07990054687499537,159.34654841666665,159.42644896354165
1.0,-1.0,0.0,0.10298292708333179,159.42644896354165,159.52943189062498
1.0,70.0,127.0,0.11363633333334633,159.52943189062498,159.64306822395832
1.0,-1.0,0.0,0.056818166666658954,159.64306822395832,159.69988639062498
1.0,63.0,127.0,0.1189630364583536,159.69988639062498,159.81884942708334
1.0,-1.0,0.0,0.03906248958332981,159.81884942708334,159.85791191666667
1.0,67.0,127.0,0.10298292708333179,159.85791191666667,159.96089484375
1.0,-1.0,0.0,0.03906248958332981,159.96089484375,159.99995733333333
1.0,70.0,127.0,0.07990054687499537,159.99995733333333,160.07985788020832
1.0,-1.0,0.0,0.1420454166666616,160.07985788020832,160.22190329687498
1.0,72.0,127.0,0.10298292708333179,160.22190329687498,160.32488622395832
1.0,-1.0,0.0,0.062144869791666224,160.32488622395832,160.38703109374998
1.0,63.0,127.0,0.1935368802083417,160.38703109374998,160.58056797395832
1.0,67.0,127.0,0.07990054687499537,160.53972991666666,160.61963046354165
1.0,-1.0,0.0,0.09055395312500991,160.61963046354165,160.71018441666666
1.0,72.0,127.0,0.09765622395832452,160.71018441666666,160.807840640625
1.0,-1.0,0.0,0.08522725000000264,160.807840640625,160.893067890625
1.0,72.0,127.0,0.14737211979166887,160.893067890625,161.04044001041666
1.0,-1.0,0.0,0.017755677083329147,161.04044001041666,161.0581956875
1.0,63.0,127.0,0.17578120312501255,161.0581956875,161.233976890625
1.0,67.0,127.0,0.10830963020831064,161.21089451041667,161.31920414062498
1.0,-1.0,0.0,0.07990054687502379,161.31920414062498,161.3991046875
1.0,70.0,127.0,0.08522725000000264,161.3991046875,161.4843319375
1.0,-1.0,0.0,0.09055395312498149,161.4843319375,161.57488589062498
1.0,70.0,127.0,0.10120735937499603,161.57488589062498,161.67609324999998
1.0,-1.0,0.0,0.06392043750000198,161.67609324999998,161.74001368749998
1.0,63.0,127.0,0.1189630364583536,161.74001368749998,161.85897672395834
1.0,-1.0,0.0,0.05149146354165168,161.85897672395834,161.9104681875
1.0,67.0,127.0,0.17578120312501255,161.9104681875,162.086249390625
1.0,70.0,127.0,0.07279827604165234,162.05784030729166,162.1306385833333
1.0,-1.0,0.0,0.14204541666669002,162.1306385833333,162.272684
1.0,72.0,127.0,0.10298292708333179,162.272684,162.37566692708333
1.0,-1.0,0.0,0.062144869791666224,162.37566692708333,162.437811796875
1.0,63.0,127.0,0.1260653072916682,162.437811796875,162.56387710416666
1.0,-1.0,0.0,0.033735786458322536,162.56387710416666,162.597612890625
1.0,67.0,127.0,0.09055395312500991,162.597612890625,162.68816684375
1.0,-1.0,0.0,0.09588065624998876,162.68816684375,162.78404749999999
1.0,72.0,127.0,0.07990054687499537,162.78404749999999,162.86394804687498
1.0,-1.0,0.0,0.09055395312500991,162.86394804687498,162.954502
1.0,72.0,127.0,0.12073860416666093,162.954502,163.07524060416665
1.0,-1.0,0.0,0.062144869791666224,163.07524060416665,163.13738547395832
1.0,67.0,127.0,0.09588065625001718,163.13738547395832,163.23326613020834
1.0,-1.0,0.0,0.062144869791666224,163.23326613020834,163.295411
1.0,63.0,127.0,0.12606530729163978,163.295411,163.42147630729164
1.0,-1.0,0.0,0.03906248958335823,163.42147630729164,163.460538796875
1.0,63.0,127.0,0.0745738437499881,163.460538796875,163.535112640625
1.0,67.0,127.0,0.09588065625001718,163.44988539062498,163.545766046875
1.0,-1.0,0.0,0.09055395312498149,163.545766046875,163.63631999999998
1.0,72.0,127.0,0.18821017708333443,163.63631999999998,163.82453017708332
1.0,63.0,127.0,0.20419028645832782,163.82453017708332,164.02872046354165
1.0,68.0,127.0,0.09588065625001718,163.96657559374998,164.06245625
1.0,-1.0,0.0,0.08522725000000264,164.06245625,164.1476835
1.0,72.0,127.0,0.09765622395832452,164.1476835,164.24533972395832
1.0,-1.0,0.0,0.08522725000000264,164.24533972395832,164.33056697395833
1.0,72.0,127.0,0.11363633333331791,164.33056697395833,164.44420330729164
1.0,-1.0,0.0,0.056818166666687375,164.44420330729164,164.50102147395833
1.0,63.0,127.0,0.17578120312498413,164.50102147395833,164.67680267708332
1.0,68.0,127.0,0.08522725000000264,164.65372029687498,164.73894754687498
1.0,-1.0,0.0,0.056818166666658954,164.73894754687498,164.79576571354164
1.0,72.0,127.0,0.08522725000000264,164.79576571354164,164.88099296354164
1.0,-1.0,0.0,0.10298292708333179,164.88099296354164,164.98397589062498
1.0,72.0,127.0,0.10830963020833906,164.98397589062498,165.09228552083331
1.0,-1.0,0.0,0.04971589583334435,165.09228552083331,165.14200141666666
1.0,65.0,127.0,0.15980109374999074,165.14200141666666,165.30180251041665
1.0,-1.0,0.0,0.010653406250014541,165.30180251041665,165.31245591666666
1.0,68.0,127.0,0.08522725000000264,165.31245591666666,165.39768316666667
1.0,-1.0,0.0,0.09232952083331725,165.39768316666667,165.49001268749998
1.0,72.0,127.0,0.08522725000000264,165.49001268749998,165.5752399375
1.0,-1.0,0.0,0.09055395312500991,165.5752399375,165.665793890625
1.0,72.0,127.0,0.11896303645832518,165.665793890625,165.78475692708332
1.0,-1.0,0.0,0.07990054687499537,165.78475692708332,165.86465747395832
1.0,68.0,127.0,0.10120735937499603,165.86465747395832,165.9658648333333
1.0,-1.0,0.0,0.06924714062500925,165.9658648333333,166.03511197395832
1.0,65.0,127.0,0.10120735937499603,166.03511197395832,166.13631933333332
1.0,-1.0,0.0,0.051491463541680105,166.13631933333332,166.187810796875
1.0,68.0,127.0,0.06924714062498083,166.187810796875,166.25705793749998
1.0,-1.0,0.0,0.1065340625000033,166.25705793749998,166.36359199999998
1.0,74.0,127.0,0.10298292708333179,166.36359199999998,166.46657492708331
1.0,-1.0,0.0,0.09055395312500991,166.46657492708331,166.55712888020832
1.0,65.0,127.0,0.17578120312498413,166.55712888020832,166.7329100833333
1.0,68.0,127.0,0.09055395312500991,166.699174296875,166.78972825
1.0,-1.0,0.0,0.0745738437499881,166.78972825,166.86430209374998
1.0,72.0,127.0,0.09055395312500991,166.86430209374998,166.954856046875
1.0,-1.0,0.0,0.08522725000000264,166.954856046875,167.040083296875
1.0,72.0,127.0,0.11896303645832518,167.040083296875,167.15904633333332
1.0,-1.0,0.0,0.06924714062500925,167.15904633333332,167.22829347395833
1.0,65.0,127.0,0.11363633333331791,167.22829347395833,167.34192980729165
1.0,-1.0,0.0,0.03373578645835096,167.34192980729165,167.37566559375
1.0,68.0,127.0,0.10298292708333179,167.37566559375,167.47864852083333
1.0,-1.0,0.0,0.06747157291664507,167.47864852083333,167.54612009374998
1.0,70.0,127.0,0.07990054687502379,167.54612009374998,167.626020640625
1.0,-1.0,0.0,0.09588065624998876,167.626020640625,167.721901296875
1.0,70.0,127.0,0.1420454166666616,167.721901296875,167.86394671354165
1.0,-1.0,0.0,0.046164760416672834,167.86394671354165,167.91011147395832
1.0,65.0,127.0,0.12428973958333245,167.91011147395832,168.03440121354166
1.0,-1.0,0.0,0.028409083333343688,168.03440121354166,168.062810296875
1.0,68.0,127.0,0.07990054687499537,168.062810296875,168.14271084375
1.0,-1.0,0.0,0.09055395312498149,168.14271084375,168.23326479687498
1.0,70.0,127.0,0.07990054687502379,168.23326479687498,168.31316534375
1.0,-1.0,0.0,0.08522724999997422,168.31316534375,168.39839259374997
1.0,70.0,127.0,0.10298292708336021,168.39839259374997,168.50137552083334
1.0,-1.0,0.0,0.09588065624998876,168.50137552083334,168.59725617708332
1.0,65.0,127.0,0.17045450000000528,168.59725617708332,168.76771067708333
1.0,68.0,127.0,0.0745738437499881,168.749955,168.82452884375
1.0,-1.0,0.0,0.056818166666658954,168.82452884375,168.88134701041665
1.0,68.0,127.0,0.07990054687499537,168.88134701041665,168.96124755729164
1.0,-1.0,0.0,0.12428973958333245,168.96124755729164,169.08553729687497
1.0,74.0,127.0,0.09765622395835294,169.08553729687497,169.18319352083333
1.0,-1.0,0.0,0.1065340625000033,169.18319352083333,169.28972758333333
1.0,65.0,127.0,0.08522725000000264,169.28972758333333,169.37495483333333
1.0,-1.0,0.0,0.05149146354165168,169.37495483333333,169.42644629687499
1.0,68.0,127.0,0.08522725000000264,169.42644629687499,169.511673546875
1.0,-1.0,0.0,0.08522725000000264,169.511673546875,169.596900796875
1.0,74.0,127.0,0.10298292708333179,169.596900796875,169.69988372395832
1.0,-1.0,0.0,0.08522725000000264,169.69988372395832,169.78511097395833
1.0,74.0,127.0,0.10120735937499603,169.78511097395833,169.88631833333332
1.0,-1.0,0.0,0.06924714062500925,169.88631833333332,169.95556547395833
1.0,65.0,127.0,0.19886358333332055,169.95556547395833,170.15442905729165
1.0,68.0,127.0,0.09588065624998876,170.10293759375,170.19881825
1.0,-1.0,0.0,0.08522725000000264,170.19881825,170.2840455
1.0,72.0,127.0,0.07990054687499537,170.2840455,170.363946046875
1.0,-1.0,0.0,0.09055395312500991,170.363946046875,170.4545
1.0,72.0,127.0,0.13139201041664705,170.4545,170.58589201041664
1.0,-1.0,0.0,0.03906248958335823,170.58589201041664,170.6249545
1.0,65.0,127.0,0.13139201041664705,170.6249545,170.75634651041665
1.0,-1.0,0.0,0.028409083333343688,170.75634651041665,170.78475559375
1.0,68.0,127.0,0.07990054687499537,170.78475559375,170.864656140625
1.0,-1.0,0.0,0.08522725000000264,170.864656140625,170.949883390625
1.0,70.0,127.0,0.07990054687499537,170.949883390625,171.02978393749999
1.0,-1.0,0.0,0.09588065624998876,171.02978393749999,171.12566459374997
1.0,70.0,127.0,0.10298292708336021,171.12566459374997,171.22864752083333
1.0,-1.0,0.0,0.07279827604165234,171.22864752083333,171.301445796875
1.0,65.0,127.0,0.10830963020833906,171.301445796875,171.40975542708333
1.0,-1.0,0.0,0.05149146354165168,171.40975542708333,171.46124689062498
1.0,68.0,127.0,0.07990054687502379,171.46124689062498,171.5411474375
1.0,-1.0,0.0,0.07812497916665961,171.5411474375,171.61927241666666
1.0,70.0,127.0,0.06924714062498083,171.61927241666666,171.68851955729164
1.0,-1.0,0.0,0.12428973958333245,171.68851955729164,171.81280929687497
1.0,70.0,127.0,0.10298292708336021,171.81280929687497,171.91579222395833
1.0,-1.0,0.0,0.056818166666658954,171.91579222395833,171.972610390625
1.0,65.0,127.0,0.11896303645832518,171.972610390625,172.09157342708332
1.0,-1.0,0.0,0.051491463541680105,172.09157342708332,172.143064890625
1.0,68.0,127.0,0.07990054687499537,172.143064890625,172.2229654375
1.0,-1.0,0.0,0.07812497916665961,172.2229654375,172.30109041666665
1.0,69.0,127.0,0.056818166666658954,172.30109041666665,172.3579085833333
1.0,70.0,127.0,0.07990054687499537,172.29576371354165,172.37566426041664
1.0,-1.0,0.0,0.10298292708336021,172.37566426041664,172.4786471875
1.0,72.0,127.0,0.09588065624998876,172.4786471875,172.57452784375
1.0,-1.0,0.0,0.062144869791666224,172.57452784375,172.63667271354166
1.0,65.0,127.0,0.11363633333331791,172.63667271354166,172.75030904687497
1.0,-1.0,0.0,0.056818166666687375,172.75030904687497,172.80712721354166
1.0,68.0,127.0,0.08522725000000264,172.80712721354166,172.89235446354166
1.0,-1.0,0.0,0.06924714062498083,172.89235446354166,172.96160160416665
1.0,72.0,127.0,0.07812497916668804,172.96160160416665,173.03972658333333
1.0,-1.0,0.0,0.13139201041664705,173.03972658333333,173.17111859374998
1.0,72.0,127.0,0.165127796874998,173.17111859374998,173.33624639062498
1.0,-1.0,0.0,0.023082380208336417,173.33624639062498,173.35932877083332
1.0,65.0,127.0,0.12428973958333245,173.35932877083332,173.48361851041665
1.0,-1.0,0.0,0.03373578645835096,173.48361851041665,173.517354296875
1.0,68.0,127.0,0.07990054687499537,173.517354296875,173.59725484375
1.0,-1.0,0.0,0.07990054687499537,173.59725484375,173.677155390625
1.0,72.0,127.0,0.08522725000000264,173.677155390625,173.762382640625
1.0,-1.0,0.0,0.11363633333331791,173.762382640625,173.8760189739583
1.0,72.0,127.0,0.11363633333334633,173.8760189739583,173.98965530729166
1.0,-1.0,0.0,0.056818166666658954,173.98965530729166,174.04647347395832
1.0,65.0,127.0,0.09588065625001718,174.04647347395832,174.14235413020833
1.0,-1.0,0.0,0.056818166666658954,174.14235413020833,174.199172296875
1.0,68.0,127.0,0.10830963020833906,174.199172296875,174.30748192708333
1.0,-1.0,0.0,0.04616476041664441,174.30748192708333,174.35364668749997
1.0,70.0,127.0,0.056818166666687375,174.35364668749997,174.41046485416666
1.0,-1.0,0.0,0.17045450000000528,174.41046485416666,174.58091935416667
1.0,70.0,127.0,0.08522724999997422,174.58091935416667,174.66614660416664
1.0,-1.0,0.0,0.09055395312500991,174.66614660416664,174.75670055729165
1.0,63.0,127.0,0.11363633333334633,174.75670055729165,174.870336890625
1.0,-1.0,0.0,0.033735786458322536,174.870336890625,174.90407267708332
1.0,67.0,127.0,0.07990054687499537,174.90407267708332,174.98397322395832
1.0,-1.0,0.0,0.09055395312500991,174.98397322395832,175.07452717708333
1.0,70.0,127.0,0.08522725000000264,175.07452717708333,175.15975442708333
1.0,-1.0,0.0,0.10298292708333179,175.15975442708333,175.26273735416666
1.0,70.0,127.0,0.10120735937499603,175.26273735416666,175.36394471354166
1.0,-1.0,0.0,0.056818166666658954,175.36394471354166,175.42076288020831
1.0,63.0,127.0,0.11363633333334633,175.42076288020831,175.53439921354166
1.0,-1.0,0.0,0.046164760416672834,175.53439921354166,175.58056397395833
1.0,67.0,127.0,0.08522724999997422,175.58056397395833,175.6657912239583
1.0,-1.0,0.0,0.07279827604168077,175.6657912239583,175.7385895
1.0,70.0,127.0,0.08522725000000264,175.7385895,175.82381675
1.0,-1.0,0.0,0.08522725000000264,175.82381675,175.909044
1.0,70.0,127.0,0.10830963020833906,175.909044,176.01735363020833
1.0,-1.0,0.0,0.05149146354165168,176.01735363020833,176.06884509374999
1.0,63.0,127.0,0.1420454166666616,176.06884509374999,176.21089051041665
1.0,-1.0,0.0,0.010653406250014541,176.21089051041665,176.22154391666666
1.0,67.0,127.0,0.09765622395832452,176.22154391666666,176.319200140625
1.0,-1.0,0.0,0.07279827604168077,176.319200140625,176.39199841666667
1.0,70.0,127.0,0.08522724999997422,176.39199841666667,176.47722566666664
1.0,-1.0,0.0,0.10298292708336021,176.47722566666664,176.58020859375
1.0,70.0,127.0,0.10298292708333179,176.58020859375,176.68319152083333
1.0,-1.0,0.0,0.06747157291664507,176.68319152083333,176.75066309374998
1.0,63.0,127.0,0.12428973958333245,176.75066309374998,176.8749528333333
1.0,-1.0,0.0,0.040838057291665564,176.8749528333333,176.91579089062498
1.0,67.0,127.0,0.08522725000000264,176.91579089062498,177.00101814062498
1.0,-1.0,0.0,0.07279827604168077,177.00101814062498,177.07381641666666
1.0,67.0,127.0,0.09232952083331725,177.07381641666666,177.16614593749998
1.0,-1.0,0.0,0.09055395312500991,177.16614593749998,177.256699890625
1.0,70.0,127.0,0.09588065624998876,177.256699890625,177.35258054687498
1.0,69.0,127.0,0.30628542968749173,177.26202659375,177.5683120234375
1.0,-1.0,0.0,0.023970164062490085,177.5683120234375,177.5922821875
1.0,68.0,127.0,0.11363633333331791,177.5922821875,177.7059185208333
1.0,72.0,127.0,0.11363633333334633,177.60293559374998,177.71657192708332
1.0,-1.0,0.0,0.07990054687499537,177.71657192708332,177.79647247395832
1.0,69.0,127.0,0.21484369270834236,177.79647247395832,178.01131616666666
1.0,-1.0,0.0,0.07990054687499537,178.01131616666666,178.09121671354166
1.0,70.0,127.0,0.2246093151041606,178.09121671354166,178.3158260286458
1.0,-1.0,0.0,0.11629968489586417,178.3158260286458,178.43212571354167
1.0,69.0,127.0,0.2556817499999795,178.43212571354167,178.68780746354165
1.0,-1.0,0.0,0.09055395312500991,178.68780746354165,178.77836141666666
1.0,72.0,127.0,0.1935368802083417,178.77836141666666,178.971898296875
1.0,68.0,127.0,0.09765622395832452,178.94348921354165,179.04114543749998
1.0,-1.0,0.0,0.09055395312500991,179.04114543749998,179.131699390625
1.0,63.0,127.0,0.22727266666666424,179.131699390625,179.35897205729165
1.0,75.0,127.0,0.2325993697916715,179.12637268749998,179.35897205729165
1.0,-1.0,0.0,0.11896303645832518,179.35897205729165,179.47793509374998
1.0,72.0,127.0,0.1189630364583536,179.47793509374998,179.59689813020833
1.0,-1.0,0.0,0.040838057291665564,179.59689813020833,179.6377361875
1.0,68.0,127.0,0.20419028645832782,179.6377361875,179.84192647395832
1.0,63.0,127.0,0.10120735937499603,179.77978160416666,179.88098896354165
1.0,-1.0,0.0,0.11363633333334633,179.88098896354165,179.994625296875
1.0,68.0,127.0,0.2840908333333232,179.994625296875,180.27871613020832
1.0,-1.0,0.0,0.05149146354165168,180.27871613020832,180.33020759374998
1.0,72.0,127.0,0.03373578645835096,180.33020759374998,180.36394338020833
1.0,68.0,127.0,0.10830963020833906,180.31245191666665,180.42076154687499
1.0,-1.0,0.0,0.09055395312500991,180.42076154687499,180.5113155
1.0,62.0,127.0,0.2397016406249861,180.5113155,180.75101714062498
1.0,74.0,127.0,0.24325277604165763,180.52374447395832,180.76699724999997
1.0,-1.0,0.0,0.07990054687502379,180.76699724999997,180.846897796875
1.0,70.0,127.0,0.21839482812498545,180.846897796875,181.06529262499998
1.0,-1.0,0.0,0.11186076562501057,181.06529262499998,181.177153390625
1.0,68.0,127.0,0.2752129947916586,181.177153390625,181.45236638541667
1.0,-1.0,0.0,0.094105088541653,181.45236638541667,181.54647147395832
1.0,72.0,127.0,0.12428973958333245,181.54647147395832,181.67076121354165
1.0,-1.0,0.0,0.040838057291665564,181.67076121354165,181.71159927083332
1.0,68.0,127.0,0.1065340625000033,181.71159927083332,181.81813333333332
1.0,-1.0,0.0,0.0745738437499881,181.81813333333332,181.8927071770833
1.0,62.0,127.0,0.2095169895833351,181.8927071770833,182.10222416666664
1.0,74.0,127.0,0.22194596354165697,181.88738047395833,182.1093264375
1.0,-1.0,0.0,0.09588065624998876,182.1093264375,182.20520709374998
1.0,70.0,127.0,0.1819956901041735,182.20520709374998,182.38720278385415
1.0,-1.0,0.0,0.14825990364585095,182.38720278385415,182.5354626875
1.0,68.0,127.0,0.09588065624998876,182.5354626875,182.63134334375
1.0,-1.0,0.0,0.11363633333331791,182.63134334375,182.7449796770833
1.0,68.0,127.0,0.21040477343751718,182.7449796770833,182.95538445052082
1.0,-1.0,0.0,0.09144173697916358,182.95538445052082,183.0468261875
1.0,68.0,127.0,0.0985440078125066,183.0468261875,183.1453701953125
1.0,-1.0,0.0,0.08789060156249207,183.1453701953125,183.233260796875
1.0,74.0,127.0,0.25035504687500065,183.233260796875,183.48361584375
1.0,62.0,127.0,0.2325993697916715,183.25101647395832,183.48361584375
1.0,-1.0,0.0,0.09055395312500991,183.48361584375,183.574169796875
1.0,68.0,127.0,0.2397016406249861,183.574169796875,183.81387143749998
1.0,-1.0,0.0,0.1065340625000033,183.81387143749998,183.9204055
1.0,74.0,127.0,0.2911931041666662,183.9204055,184.21159860416665
1.0,62.0,127.0,0.2840908333333516,183.9328344739583,184.21692530729166
1.0,-1.0,0.0,0.0674715729166735,184.21692530729166,184.28439688020833
1.0,70.0,127.0,0.23259936979164308,184.28439688020833,184.51699624999998
1.0,67.0,127.0,0.24502834374999338,184.27907017708333,184.52409852083332
1.0,-1.0,0.0,0.09055395312500991,184.52409852083332,184.61465247395833
1.0,68.0,127.0,0.24325277604165763,184.61465247395833,184.85790525
1.0,-1.0,0.0,0.07990054687499537,184.85790525,184.93780579687498
1.0,67.0,127.0,0.17578120312501255,184.93780579687498,185.113587
1.0,70.0,127.0,0.18821017708333443,184.9431325,185.13134267708332
1.0,-1.0,0.0,0.11896303645832518,185.13134267708332,185.25030571354165
1.0,68.0,127.0,0.10298292708333179,185.25030571354165,185.35328864062498
1.0,-1.0,0.0,0.12428973958333245,185.35328864062498,185.4775783802083
1.0,79.0,127.0,0.2325993697916715,185.4775783802083,185.71017774999999
1.0,67.0,127.0,0.2610084531249868,185.46692497395833,185.72793342708331
1.0,-1.0,0.0,0.062144869791666224,185.72793342708331,185.79007829687498
1.0,70.0,127.0,0.09765622395835294,185.79007829687498,185.88773452083333
1.0,74.0,127.0,0.1189630364583536,185.78475159374997,185.90371463020833
1.0,-1.0,0.0,0.07990054687499537,185.90371463020833,185.98361517708332
1.0,79.0,127.0,0.19886358333332055,185.98361517708332,186.18247876041664
1.0,67.0,127.0,0.22727266666666424,185.98894188020833,186.216214546875
1.0,-1.0,0.0,0.07990054687499537,186.216214546875,186.29611509375
1.0,70.0,127.0,0.1935368802083417,186.29611509375,186.48965197395833
1.0,74.0,127.0,0.21129255729167085,186.301441796875,186.51273435416667
1.0,-1.0,0.0,0.1296164427083113,186.51273435416667,186.64235079687498
1.0,77.0,127.0,0.023082380208336417,186.64235079687498,186.66543317708332
1.0,73.0,127.0,0.24147720833332187,186.63702409375,186.87850130208332
1.0,-1.0,0.0,0.11718746874998942,186.87850130208332,186.9956887708333
1.0,74.0,127.0,0.17578120312501255,186.9956887708333,187.17146997395832
1.0,70.0,127.0,0.09588065625001718,187.14306089062498,187.238941546875
1.0,-1.0,0.0,0.09055395312498149,187.238941546875,187.32949549999998
1.0,67.0,127.0,0.18821017708333443,187.32949549999998,187.5177056770833
1.0,79.0,127.0,0.19353688020831328,187.324168796875,187.5177056770833
1.0,-1.0,0.0,0.13671871354168275,187.5177056770833,187.654424390625
1.0,74.0,127.0,0.12428973958333245,187.654424390625,187.77871413020833
1.0,-1.0,0.0,0.04616476041664441,187.77871413020833,187.82487889062497
1.0,70.0,127.0,0.1189630364583536,187.82487889062497,187.94384192708333
1.0,-1.0,0.0,0.017755677083329147,187.94384192708333,187.96159760416666
1.0,67.0,127.0,0.09588065624998876,187.96159760416666,188.05747826041664
1.0,-1.0,0.0,0.12428973958333245,188.05747826041664,188.18176799999998
1.0,71.0,127.0,0.2219459635416854,188.18176799999998,188.40371396354166
1.0,-1.0,0.0,0.09055395312498149,188.40371396354166,188.49426791666664
1.0,69.0,127.0,0.07990054687502379,188.49426791666664,188.57416846354167
1.0,72.0,127.0,0.08522725000000264,188.5013701875,188.5865974375
1.0,-1.0,0.0,0.1065340625000033,188.5865974375,188.6931315
1.0,71.0,127.0,0.2050780703124815,188.6931315,188.89820957031247
1.0,-1.0,0.0,0.1145241171875,188.89820957031247,189.01273368749997
1.0,70.0,127.0,0.21218034114583872,189.01273368749997,189.2249140286458
1.0,-1.0,0.0,0.14470876822917944,189.2249140286458,189.36962279687498
1.0,71.0,127.0,0.23615050520834302,189.36962279687498,189.60577330208332
1.0,-1.0,0.0,0.10475849479166754,189.60577330208332,189.710531796875
1.0,72.0,127.0,0.17045450000000528,189.710531796875,189.880986296875
1.0,69.0,127.0,0.09232952083331725,189.85790391666666,189.95023343749997
1.0,-1.0,0.0,0.1065340625000033,189.95023343749997,190.05676749999998
1.0,71.0,127.0,0.2050780703125099,190.05676749999998,190.2618455703125
1.0,-1.0,0.0,0.12517752343748612,190.2618455703125,190.38702309374997
1.0,70.0,127.0,0.15092325520834038,190.38702309374997,190.53794634895831
1.0,-1.0,0.0,0.16690336458333377,190.53794634895831,190.70484971354165
1.0,65.0,127.0,0.09055395312500991,190.70484971354165,190.79540366666666
1.0,77.0,127.0,0.09588065625001718,190.69952301041664,190.79540366666666
1.0,-1.0,0.0,0.10830963020833906,190.79540366666666,190.903713296875
1.0,77.0,127.0,0.19353688020831328,190.903713296875,191.0972501770833
1.0,65.0,127.0,0.2095169895833351,190.89838659375,191.10790358333333
1.0,-1.0,0.0,0.10298292708333179,191.10790358333333,191.21088651041666
1.0,70.0,127.0,0.08789060156250628,191.21088651041666,191.29877711197918
1.0,-1.0,0.0,0.10564627864582121,191.29877711197918,191.404423390625
1.0,75.0,127.0,0.01598010937499339,191.404423390625,191.4204035
1.0,71.0,127.0,0.2050780703125099,191.39199441666665,191.59707248697916
1.0,-1.0,0.0,0.13583092968750066,191.59707248697916,191.73290341666666
1.0,70.0,127.0,0.17134228385417316,191.73290341666666,191.90424570052085
1.0,-1.0,0.0,0.18199569010414507,191.90424570052085,192.086241390625
1.0,71.0,127.0,0.22993601822916787,192.086241390625,192.31617740885417
1.0,-1.0,0.0,0.11097298177080006,192.31617740885417,192.42715039062497
1.0,72.0,127.0,0.17578120312501255,192.42715039062497,192.60293159375
1.0,69.0,127.0,0.09588065625001718,192.57452251041664,192.67040316666666
1.0,-1.0,0.0,0.10298292708333179,192.67040316666666,192.77338609375
1.0,71.0,127.0,0.1811079062499914,192.77338609375,192.95449399999998
1.0,-1.0,0.0,0.1544743906250119,192.95449399999998,193.108968390625
1.0,70.0,127.0,0.11274854947915003,193.108968390625,193.22171694010416
1.0,-1.0,0.0,0.19975136718750264,193.22171694010416,193.42146830729166
1.0,77.0,127.0,0.08522725000000264,193.42146830729166,193.50669555729166
1.0,65.0,127.0,0.09588065624998876,193.41614160416665,193.51202226041664
1.0,-1.0,0.0,0.10298292708333179,193.51202226041664,193.61500518749997
1.0,77.0,127.0,0.2095169895833351,193.61500518749997,193.8245221770833
1.0,65.0,127.0,0.2325993697916715,193.62033189062498,193.85293126041665
1.0,-1.0,0.0,0.09588065624998876,193.85293126041665,193.94881191666664
1.0,70.0,127.0,0.08611503385418473,193.94881191666664,194.03492695052083
1.0,-1.0,0.0,0.09676844010417085,194.03492695052083,194.131695390625
1.0,71.0,127.0,0.20951698958332088,194.131695390625,194.34121238020833
1.0,-1.0,0.0,0.13139201041664705,194.34121238020833,194.47260439062498
1.0,70.0,127.0,0.1615766614583407,194.47260439062498,194.6341810520833
1.0,-1.0,0.0,0.18998574479167019,194.6341810520833,194.82416679687498
1.0,77.0,127.0,0.2219459635416854,194.82416679687498,195.04611276041666
1.0,65.0,127.0,0.22727266666666424,194.82949349999998,195.05676616666665
1.0,-1.0,0.0,0.12073860416666093,195.05676616666665,195.1775047708333
1.0,70.0,127.0,0.15891330989585128,195.1775047708333,195.33641808072917
1.0,-1.0,0.0,0.14648433593748678,195.33641808072917,195.48290241666666
1.0,77.0,127.0,0.1775567708333199,195.48290241666666,195.66045918749998
1.0,65.0,127.0,0.17045450000000528,195.49000468749998,195.66045918749998
1.0,-1.0,0.0,0.1811079062499914,195.66045918749998,195.84156709374997
1.0,64.0,127.0,0.20419028645835624,195.84156709374997,196.04575738020833
1.0,76.0,127.0,0.2095169895833351,195.836240390625,196.04575738020833
1.0,-1.0,0.0,0.10830963020831064,196.04575738020833,196.15406701041664
1.0,75.0,127.0,0.08522725000000264,196.15406701041664,196.23929426041664
1.0,63.0,127.0,0.09055395312498149,196.14874030729166,196.23929426041664
1.0,-1.0,0.0,0.10830963020833906,196.23929426041664,196.34760389062498
1.0,69.0,127.0,0.261008453125001,196.34760389062498,196.60861234375
1.0,-1.0,0.0,0.06747157291664507,196.60861234375,196.67608391666664
1.0,72.0,127.0,0.09232952083334567,196.67608391666664,196.7684134375
1.0,68.0,127.0,0.09765622395832452,196.67075721354166,196.7684134375
1.0,-1.0,0.0,0.08522725000000264,196.7684134375,196.8536406875
1.0,69.0,127.0,0.24325277604165763,196.8536406875,197.09689346354165
1.0,-1.0,0.0,0.09055395312500991,197.09689346354165,197.18744741666666
1.0,70.0,127.0,0.2370382890624967,197.18744741666666,197.42448570572915
1.0,-1.0,0.0,0.13227979427082914,197.42448570572915,197.55676549999998
1.0,69.0,127.0,0.2361505052083288,197.55676549999998,197.79291600520833
1.0,-1.0,0.0,0.094105088541653,197.79291600520833,197.88702109374998
1.0,72.0,127.0,0.13139201041667548,197.88702109374998,198.01841310416665
1.0,-1.0,0.0,0.028409083333343688,198.01841310416665,198.0468221875
1.0,68.0,127.0,0.11363633333331791,198.0468221875,198.16045852083332
1.0,-1.0,0.0,0.07812497916665961,198.16045852083332,198.23858349999998
1.0,69.0,127.0,0.19087352864585228,198.23858349999998,198.42945702864583
1.0,-1.0,0.0,0.13938206510414375,198.42945702864583,198.56883909374997
1.0,70.0,127.0,0.19620023177084533,198.56883909374997,198.76503932552083
1.0,-1.0,0.0,0.1216263880208146,198.76503932552083,198.88666571354165
1.0,75.0,127.0,0.06924714062500925,198.88666571354165,198.95591285416666
1.0,63.0,127.0,0.10830963020833906,198.87601230729166,198.9843219375
1.0,-1.0,0.0,0.10653406249997488,198.9843219375,199.09085599999997
1.0,68.0,127.0,0.2539061822916864,199.09085599999997,199.34476218229167
1.0,-1.0,0.0,0.07634941145832386,199.34476218229167,199.42111159375
1.0,72.0,127.0,0.08522724999997422,199.42111159375,199.50633884374997
1.0,68.0,127.0,0.09588065624998876,199.415784890625,199.51166554687498
1.0,-1.0,0.0,0.10830963020833906,199.51166554687498,199.61997517708332
1.0,68.0,127.0,0.2050780703125099,199.61997517708332,199.82505324739583
1.0,-1.0,0.0,0.11274854947916424,199.82505324739583,199.937801796875
1.0,72.0,127.0,0.19353688020831328,199.937801796875,200.1313386770833
1.0,68.0,127.0,0.2095169895833351,199.93247509374999,200.14199208333332
1.0,-1.0,0.0,0.13139201041667548,200.14199208333332,200.27338409375
1.0,74.0,127.0,0.25035504687500065,200.27338409375,200.523739140625
1.0,62.0,127.0,0.2450283437500218,200.27871079687498,200.523739140625
1.0,-1.0,0.0,0.10120735937499603,200.523739140625,200.6249465
1.0,72.0,127.0,0.1260653072916682,200.6249465,200.75101180729166
1.0,-1.0,0.0,0.03906248958332981,200.75101180729166,200.790074296875
1.0,68.0,127.0,0.10830963020833906,200.790074296875,200.89838392708333
1.0,-1.0,0.0,0.08522725000000264,200.89838392708333,200.98361117708333
1.0,68.0,127.0,0.17578120312498413,200.98361117708333,201.15939238020832
1.0,-1.0,0.0,0.13139201041667548,201.15939238020832,201.290784390625
1.0,72.0,127.0,0.09588065624998876,201.290784390625,201.38666504687498
1.0,68.0,127.0,0.12428973958333245,201.28545768749999,201.40974742708332
1.0,-1.0,0.0,0.18821017708333443,201.40974742708332,201.59795760416665
1.0,68.0,127.0,0.0985440078124924,201.59795760416665,201.69650161197916
1.0,-1.0,0.0,0.1216263880208146,201.69650161197916,201.81812799999997
1.0,68.0,127.0,0.21661926041667812,201.81812799999997,202.03474726041665
1.0,-1.0,0.0,0.09055395312500991,202.03474726041665,202.12530121354166
1.0,68.0,127.0,0.10564627864582121,202.12530121354166,202.23094749218748
1.0,-1.0,0.0,0.09321730468749934,202.23094749218748,202.32416479687498
1.0,68.0,127.0,0.2450283437500076,202.32416479687498,202.56919314062498
1.0,-1.0,0.0,0.08522725000000264,202.56919314062498,202.65442039062498
1.0,68.0,127.0,0.22638488281251057,202.65442039062498,202.8808052734375
1.0,-1.0,0.0,0.14293320052084368,202.8808052734375,203.02373847395833
1.0,62.0,127.0,0.2556817499999795,203.02373847395833,203.2794202239583
1.0,74.0,127.0,0.2681107239583298,203.01130949999998,203.2794202239583
1.0,-1.0,0.0,0.07990054687499537,203.2794202239583,203.3593207708333
1.0,68.0,127.0,0.21218034114583872,203.3593207708333,203.57150111197916
1.0,-1.0,0.0,0.11097298177082848,203.57150111197916,203.68247409375
1.0,68.0,127.0,0.22993601822916787,203.68247409375,203.91241011197917
1.0,-1.0,0.0,0.11629968489580733,203.91241011197917,204.02870979687498
1.0,68.0,127.0,0.1740056354166768,204.02870979687498,204.20271543229165
1.0,-1.0,0.0,0.13849428124999008,204.20271543229165,204.34120971354164
1.0,62.0,127.0,0.09765622395835294,204.34120971354164,204.4388659375
1.0,74.0,127.0,0.11363633333334633,204.34653641666665,204.46017275
1.0,-1.0,0.0,0.11363633333331791,204.46017275,204.57380908333332
1.0,79.0,127.0,0.22727266666666424,204.57380908333332,204.80108174999998
1.0,67.0,127.0,0.2325993697916715,204.5684823802083,204.80108174999998
1.0,-1.0,0.0,0.09232952083334567,204.80108174999998,204.89341127083333
1.0,72.0,127.0,0.0985440078124924,204.89341127083333,204.99195527864583
1.0,-1.0,0.0,0.0825638984374848,204.99195527864583,205.07451917708332
1.0,79.0,127.0,0.21661926041667812,205.07451917708332,205.2911384375
1.0,67.0,127.0,0.2397016406249861,205.07984588020832,205.3195475208333
1.0,-1.0,0.0,0.09055395312500991,205.3195475208333,205.41010147395832
1.0,72.0,127.0,0.18732239322915234,205.41010147395832,205.59742386718747
1.0,-1.0,0.0,0.13583092968750066,205.59742386718747,205.73325479687497
1.0,73.0,127.0,0.2530183984375185,205.73325479687497,205.9862731953125
1.0,-1.0,0.0,0.08789060156249207,205.9862731953125,206.07416379687498
1.0,72.0,127.0,0.20774142187499933,206.07416379687498,206.28190521874998
1.0,-1.0,0.0,0.12251417187499669,206.28190521874998,206.40441939062498
1.0,79.0,127.0,0.2095169895833351,206.40441939062498,206.61393638020832
1.0,67.0,127.0,0.22194596354165697,206.40974609375,206.63169205729164
1.0,-1.0,0.0,0.1189630364583536,206.63169205729164,206.75065509375
1.0,77.0,127.0,0.03906248958332981,206.75065509375,206.78971758333333
1.0,79.0,127.0,0.11896303645832518,206.74000168749998,206.8589647239583
1.0,67.0,127.0,0.13671871354168275,206.73289941666664,206.86961813020832
1.0,-1.0,0.0,0.18288347395832716,206.86961813020832,207.05250160416665
1.0,78.0,127.0,0.11363633333334633,207.05250160416665,207.1661379375
1.0,66.0,127.0,0.11363633333331791,207.06315501041666,207.17679134374998
1.0,-1.0,0.0,0.10830963020833906,207.17679134374998,207.28510097395832
1.0,71.0,127.0,0.22993601822916787,207.28510097395832,207.5150369921875
1.0,-1.0,0.0,0.11097298177082848,207.5150369921875,207.62600997395833
1.0,70.0,127.0,0.0825638984374848,207.62600997395833,207.70857387239582
1.0,-1.0,0.0,0.0985440078125066,207.70857387239582,207.80711788020832
1.0,77.0,127.0,0.2166192604166497,207.80711788020832,208.02373714062497
1.0,65.0,127.0,0.2325993697916715,207.80179117708332,208.034390546875
1.0,-1.0,0.0,0.10298292708333179,208.034390546875,208.13737347395832
1.0,70.0,127.0,0.17844455468748777,208.13737347395832,208.31581802864582
1.0,-1.0,0.0,0.1500354713541583,208.31581802864582,208.46585349999998
1.0,77.0,127.0,0.23970164062501453,208.46585349999998,208.705555140625
1.0,65.0,127.0,0.23259936979164308,208.47828247395833,208.71088184374997
1.0,-1.0,0.0,0.09055395312500991,208.71088184374997,208.80143579687498
1.0,68.0,127.0,0.18821017708333443,208.80143579687498,208.98964597395832
1.0,72.0,127.0,0.21129255729167085,208.8067625,209.01805505729166
1.0,-1.0,0.0,0.10830963020831064,209.01805505729166,209.12636468749997
1.0,71.0,127.0,0.10387071093751388,209.12636468749997,209.2302353984375
1.0,-1.0,0.0,0.10564627864582121,209.2302353984375,209.3358816770833
1.0,71.0,127.0,0.19886358333333476,209.3358816770833,209.53474526041663
1.0,-1.0,0.0,0.10298292708336021,209.53474526041663,209.6377281875
1.0,68.0,127.0,0.08522725000000264,209.6377281875,209.7229554375
1.0,72.0,127.0,0.09588065624998876,209.643054890625,209.73893554687498
1.0,-1.0,0.0,0.06924714062500925,209.73893554687498,209.8081826875
1.0,65.0,127.0,0.10120735937499603,209.8081826875,209.909390046875
1.0,-1.0,0.0,0.09055395312500991,209.909390046875,209.999944
1.0,63.0,127.0,0.2397016406249861,209.999944,210.23964564062499
1.0,75.0,127.0,0.23792607291665036,210.01769967708333,210.25562574999998
1.0,-1.0,0.0,0.051491463541680105,210.25562574999998,210.30711721354166
1.0,72.0,127.0,0.09055395312498149,210.30711721354166,210.39767116666664
1.0,68.0,127.0,0.10830963020833906,210.30179051041665,210.410100140625
1.0,-1.0,0.0,0.11363633333331791,210.410100140625,210.5237364739583
1.0,63.0,127.0,0.18110790625001982,210.5237364739583,210.70484438020833
1.0,75.0,127.0,0.21661926041667812,210.50065409374997,210.71727335416665
1.0,-1.0,0.0,0.11363633333334633,210.71727335416665,210.8309096875
1.0,72.0,127.0,0.18643460937499867,210.8309096875,211.017344296875
1.0,68.0,127.0,0.22727266666666424,210.82380741666665,211.05108008333332
1.0,-1.0,0.0,0.11363633333334633,211.05108008333332,211.16471641666666
1.0,62.0,127.0,0.26278402083332253,211.16471641666666,211.4275004375
1.0,74.0,127.0,0.28941753645833046,211.15938971354166,211.44880725
1.0,-1.0,0.0,0.06392043750000198,211.44880725,211.5127276875
1.0,70.0,127.0,0.19797579947916688,211.5127276875,211.71070348697916
1.0,-1.0,0.0,0.14293320052081526,211.71070348697916,211.85363668749997
1.0,62.0,127.0,0.20419028645835624,211.85363668749997,212.05782697395833
1.0,74.0,127.0,0.21129255729167085,211.84653441666666,212.05782697395833
1.0,-1.0,0.0,0.12428973958333245,212.05782697395833,212.18211671354166
1.0,72.0,127.0,0.062144869791666224,212.18211671354166,212.24426158333333
1.0,68.0,127.0,0.10120735937499603,212.17146330729165,212.27267066666664
1.0,-1.0,0.0,0.09232952083334567,212.27267066666664,212.3650001875
1.0,62.0,127.0,0.13494314583331857,212.3650001875,212.4999433333333
1.0,74.0,127.0,0.15980109375001916,212.35789791666664,212.51769901041666
1.0,-1.0,0.0,0.1811079062499914,212.51769901041666,212.69880691666665
1.0,75.0,127.0,0.2397016406249861,212.69880691666665,212.93850855729164
1.0,63.0,127.0,0.2610084531249868,212.7059091875,212.96691764062498
1.0,-1.0,0.0,0.0674715729166735,212.96691764062498,213.03438921354166
1.0,67.0,127.0,0.10298292708333179,213.03438921354166,213.137372140625
1.0,70.0,127.0,0.12073860416666093,213.03971591666667,213.16045452083333
1.0,-1.0,0.0,0.07279827604165234,213.16045452083333,213.23325279687498
1.0,75.0,127.0,0.21129255729167085,213.23325279687498,213.44454535416665
1.0,63.0,127.0,0.21661926041667812,213.22792609374997,213.44454535416665
1.0,-1.0,0.0,0.1065340625000033,213.44454535416665,213.55107941666665
1.0,68.0,127.0,0.24236499218750396,213.55107941666665,213.79344440885416
1.0,-1.0,0.0,0.1216263880208146,213.79344440885416,213.91507079687497
1.0,62.0,127.0,0.2556817500000079,213.91507079687497,214.17075254687498
1.0,74.0,127.0,0.2610084531249868,213.90974409375,214.17075254687498
1.0,-1.0,0.0,0.07990054687499537,214.17075254687498,214.25065309374997
1.0,68.0,127.0,0.24769169531251123,214.25065309374997,214.4983447890625
1.0,-1.0,0.0,0.12162638802084302,214.4983447890625,214.61997117708333
1.0,72.0,127.0,0.01065340624998612,214.61997117708333,214.63062458333332
1.0,62.0,127.0,0.15980109375001916,214.60221549999997,214.76201659375
1.0,74.0,127.0,0.18821017708333443,214.61997117708333,214.80818135416666
1.0,-1.0,0.0,0.12428973958333245,214.80818135416666,214.93247109375
1.0,74.0,127.0,0.03906248958332981,214.93247109375,214.97153358333333
1.0,69.0,127.0,0.12162638802082881,214.927144390625,215.0487707786458
1.0,-1.0,0.0,0.19087352864585228,215.0487707786458,215.23964430729166
1.0,64.0,127.0,0.10120735937499603,215.23964430729166,215.34085166666665
1.0,76.0,127.0,0.11363633333331791,215.24497101041666,215.35860734374998
1.0,-1.0,0.0,0.10830963020833906,215.35860734374998,215.46691697395832
1.0,71.0,127.0,0.18347532986111523,215.46691697395832,215.65039230381944
1.0,-1.0,0.0,0.1396779930555283,215.65039230381944,215.79007029687497
1.0,68.0,127.0,0.11363633333334633,215.79007029687497,215.90370663020832
1.0,72.0,127.0,0.12073860416666093,215.79539699999998,215.91613560416664
1.0,-1.0,0.0,0.062144869791666224,215.91613560416664,215.9782804739583
1.0,69.0,127.0,0.2556817500000079,215.9782804739583,216.23396222395832
1.0,-1.0,0.0,0.07990054687499537,216.23396222395832,216.3138627708333
1.0,70.0,127.0,0.23792607291667878,216.3138627708333,216.55178884375
1.0,-1.0,0.0,0.11363633333331791,216.55178884375,216.6654251770833
1.0,63.0,127.0,0.2095169895833351,216.6654251770833,216.87494216666664
1.0,75.0,127.0,0.23259936979164308,216.66009847395833,216.89269784374997
1.0,-1.0,0.0,0.09588065625001718,216.89269784374997,216.9885785
1.0,72.0,127.0,0.15980109374999074,216.9885785,217.14837959374998
1.0,-1.0,0.0,0.010653406250014541,217.14837959374998,217.159033
1.0,68.0,127.0,0.11363633333331791,217.159033,217.2726693333333
1.0,-1.0,0.0,0.07457384375001652,217.2726693333333,217.34724317708333
1.0,69.0,127.0,0.1935368802083275,217.34724317708333,217.54078005729167
1.0,-1.0,0.0,0.11896303645832518,217.54078005729167,217.65974309375
1.0,72.0,127.0,0.1420454166666616,217.65974309375,217.80178851041666
1.0,-1.0,0.0,0.023082380208336417,217.80178851041666,217.824870890625
1.0,68.0,127.0,0.18643460937499867,217.824870890625,218.0113055
1.0,63.0,127.0,0.11363633333334633,217.97756971354164,218.091206046875
1.0,-1.0,0.0,0.09055395312500991,218.091206046875,218.18176
1.0,68.0,127.0,0.22549709895831427,218.18176,218.40725709895833
1.0,-1.0,0.0,0.0870028177083384,218.40725709895833,218.49425991666666
1.0,70.0,127.0,0.09144173697914937,218.49425991666666,218.5857016536458
1.0,-1.0,0.0,0.09676844010419927,218.5857016536458,218.68247009375
1.0,68.0,127.0,0.22105817968747488,218.68247009375,218.90352827343747
1.0,-1.0,0.0,0.1145241171875,218.90352827343747,219.01805239062497
1.0,72.0,127.0,0.18110790625001982,219.01805239062497,219.199160296875
1.0,68.0,127.0,0.1935368802083417,219.02337909374998,219.21691597395832
1.0,-1.0,0.0,0.13671871354165432,219.21691597395832,219.35363468749998
1.0,62.0,127.0,0.21484369270834236,219.35363468749998,219.56847838020832
1.0,74.0,127.0,0.2397016406249861,219.34653241666666,219.58623405729165
1.0,-1.0,0.0,0.11363633333334633,219.58623405729165,219.699870390625
1.0,69.0,127.0,0.16779114843748744,219.699870390625,219.86766153906248
1.0,-1.0,0.0,0.18909796093751652,219.86766153906248,220.0567595
1.0,70.0,127.0,0.18821017708332022,220.0567595,220.2449696770833
1.0,-1.0,0.0,0.15269882291667614,220.2449696770833,220.39766849999998
1.0,71.0,127.0,0.10298292708333179,220.39766849999998,220.5006514270833
1.0,-1.0,0.0,0.0674715729166735,220.5006514270833,220.56812299999999
1.0,72.0,127.0,0.13139201041666126,220.56812299999999,220.69951501041663
1.0,-1.0,0.0,0.2095169895833635,220.69951501041663,220.909032
1.0,73.0,127.0,0.23348715364582517,220.909032,221.14251915364582
1.0,-1.0,0.0,0.039950273437483474,221.14251915364582,221.1824694270833
1.0,70.0,127.0,0.09588065625001718,221.1824694270833,221.27835008333332
1.0,74.0,127.0,0.11363633333334633,221.1877961302083,221.30143246354166
1.0,-1.0,0.0,0.07990054687499537,221.30143246354166,221.38133301041665
1.0,77.0,127.0,0.01065340624998612,221.38133301041665,221.39198641666664
1.0,73.0,127.0,0.23792607291667878,221.37067960416664,221.60860567708332
1.0,-1.0,0.0,0.09588065624998876,221.60860567708332,221.7044863333333
1.0,70.0,127.0,0.2450283437500218,221.7044863333333,221.94951467708333
1.0,74.0,127.0,0.2556817500000079,221.71158860416665,221.96727035416666
1.0,-1.0,0.0,0.10120735937499603,221.96727035416666,222.06847771354165
1.0,67.0,127.0,0.25035504687500065,222.06847771354165,222.31883276041665
1.0,79.0,127.0,0.25035504687500065,222.07380441666666,222.32415946354166
1.0,-1.0,0.0,0.10830963020831064,222.32415946354166,222.43246909374997
1.0,74.0,127.0,0.1935368802083417,222.43246909374997,222.6260059739583
1.0,70.0,127.0,0.10830963020833906,222.58516791666665,222.693477546875
1.0,-1.0,0.0,0.08522725000000264,222.693477546875,222.778704796875
1.0,67.0,127.0,0.20419028645832782,222.778704796875,222.98289508333332
1.0,79.0,127.0,0.20596585416666358,222.7840315,222.98999735416666
1.0,-1.0,0.0,0.14737211979166887,222.98999735416666,223.13736947395833
1.0,70.0,127.0,0.062144869791666224,223.13736947395833,223.19951434375
1.0,74.0,127.0,0.17578120312498413,223.108960390625,223.28474159374997
1.0,-1.0,0.0,0.14204541666669002,223.28474159374997,223.42678701041666
1.0,70.0,127.0,0.09055395312498149,223.42678701041666,223.51734096354164
1.0,-1.0,0.0,0.10830963020833906,223.51734096354164,223.62565059374998
1.0,69.0,127.0,0.20419028645832782,223.62565059374998,223.8298408802083
1.0,-1.0,0.0,0.1260653072916682,223.8298408802083,223.95590618749998
1.0,67.0,127.0,0.07812497916668804,223.95590618749998,224.03403116666667
1.0,70.0,127.0,0.10830963020831064,223.94880391666666,224.05711354687497
1.0,-1.0,0.0,0.08522725000000264,224.05711354687497,224.14234079687498
1.0,75.0,127.0,0.21129255729167085,224.14234079687498,224.35363335416665
1.0,63.0,127.0,0.23259936979164308,224.13701409375,224.36961346354164
1.0,-1.0,0.0,0.09055395312500991,224.36961346354164,224.46016741666665
1.0,68.0,127.0,0.1935368802083275,224.46016741666665,224.653704296875
1.0,-1.0,0.0,0.15980109374999074,224.653704296875,224.81350539062498
1.0,74.0,127.0,0.10830963020833906,224.81350539062498,224.92181502083332
1.0,69.0,127.0,0.26189623697915465,224.80107641666666,225.06297265364583
1.0,-1.0,0.0,0.1020951432291497,225.06297265364583,225.16506779687498
1.0,68.0,127.0,0.17666898697918043,225.16506779687498,225.34173678385417
1.0,-1.0,0.0,0.15891330989580865,225.34173678385417,225.50065009374998
1.0,63.0,127.0,0.19886358333334897,225.50065009374998,225.69951367708333
1.0,75.0,127.0,0.1935368802083417,225.505976796875,225.69951367708333
1.0,-1.0,0.0,0.12428973958333245,225.69951367708333,225.82380341666666
1.0,67.0,127.0,0.13139201041664705,225.82380341666666,225.9551954270833
1.0,70.0,127.0,0.15447439062498347,225.81847671354166,225.97295110416664
1.0,-1.0,0.0,0.16335222916669068,225.97295110416664,226.13630333333333
1.0,75.0,127.0,0.056818166666658954,226.13630333333333,226.1931215
1.0,63.0,127.0,0.09055395312500991,226.1203232239583,226.21087717708332
1.0,-1.0,0.0,0.10298292708333179,226.21087717708332,226.31386010416665
1.0,63.0,127.0,0.24325277604165763,226.31386010416665,226.5571128802083
1.0,75.0,127.0,0.2610084531249868,226.31918680729166,226.58019526041664
1.0,-1.0,0.0,0.062144869791666224,226.58019526041664,226.6423401302083
1.0,68.0,127.0,0.10298292708333179,226.6423401302083,226.74532305729164
1.0,72.0,127.0,0.09765622395832452,226.64766683333332,226.74532305729164
1.0,-1.0,0.0,0.09055395312500991,226.74532305729164,226.83587701041665
1.0,69.0,127.0,0.24680391145834335,226.83587701041665,227.082680921875
1.0,-1.0,0.0,0.094105088541653,227.082680921875,227.17678601041666
1.0,70.0,127.0,0.22993601822915366,227.17678601041666,227.40672202864582
1.0,-1.0,0.0,0.11629968489583575,227.40672202864582,227.52302171354165
1.0,63.0,127.0,0.2840908333333232,227.52302171354165,227.80711254687498
1.0,75.0,127.0,0.3071732135416596,227.51769501041665,227.8248682239583
1.0,-1.0,0.0,0.056818166666687375,227.8248682239583,227.881686390625
1.0,70.0,127.0,0.22194596354165697,227.881686390625,228.10363235416665
1.0,-1.0,0.0,0.10120735937499603,228.10363235416665,228.20483971354165
1.0,69.0,127.0,0.10830963020833906,228.20483971354165,228.31314934374998
1.0,-1.0,0.0,0.10830963020833906,228.31314934374998,228.42145897395832
1.0,63.0,127.0,0.21484369270831394,228.42145897395832,228.63630266666664
1.0,75.0,127.0,0.25035504687500065,228.40902999999997,228.65938504687497
1.0,-1.0,0.0,0.062144869791666224,228.65938504687497,228.72152991666664
1.0,72.0,127.0,0.1935368802083417,228.72152991666664,228.91506679687498
1.0,68.0,127.0,0.2397016406249861,228.71620321354166,228.95590485416665
1.0,-1.0,0.0,0.11363633333334633,228.95590485416665,229.0695411875
1.0,62.0,127.0,0.24325277604165763,229.0695411875,229.31279396354165
1.0,74.0,127.0,0.26278402083332253,229.06243891666665,229.32522293749997
1.0,-1.0,0.0,0.08522725000000264,229.32522293749997,229.41045018749998
1.0,70.0,127.0,0.10120735937501024,229.41045018749998,229.51165754687497
1.0,-1.0,0.0,0.10298292708333179,229.51165754687497,229.6146404739583
1.0,68.0,127.0,0.18110790625001982,229.6146404739583,229.79574838020832
1.0,-1.0,0.0,0.13139201041664705,229.79574838020832,229.92714039062497
1.0,71.0,127.0,0.051491463541680105,229.92714039062497,229.97863185416665
1.0,-1.0,0.0,0.04438919270833708,229.97863185416665,230.023021046875
1.0,72.0,127.0,0.10830963020833906,230.023021046875,230.13133067708333
1.0,68.0,127.0,0.23970164062501453,229.91471141666665,230.15441305729166
1.0,-1.0,0.0,0.11363633333331791,230.15441305729166,230.26804939062498
1.0,62.0,127.0,0.25035504687500065,230.26804939062498,230.51840443749998
1.0,74.0,127.0,0.27343742708333707,230.27337609375,230.54681352083333
1.0,-1.0,0.0,0.09055395312498149,230.54681352083333,230.6373674739583
1.0,70.0,127.0,0.17045450000000528,230.6373674739583,230.8078219739583
1.0,-1.0,0.0,0.1420454166666616,230.8078219739583,230.94986739062497
1.0,62.0,127.0,0.18643460937499867,230.94986739062497,231.13630199999997
1.0,74.0,127.0,0.22727266666666424,230.9445406875,231.17181335416666
1.0,-1.0,0.0,0.13494314583331857,231.17181335416666,231.30675649999998
1.0,72.0,127.0,0.13139201041667548,231.30675649999998,231.43814851041665
1.0,68.0,127.0,0.15980109375001916,231.30142979687497,231.461230890625
1.0,-1.0,0.0,0.17045450000000528,231.461230890625,231.631685390625
1.0,68.0,127.0,0.09588065624998876,231.631685390625,231.72756604687498
1.0,-1.0,0.0,0.09055395312500991,231.72756604687498,231.81812
1.0,69.0,127.0,0.34090899999998214,231.81812,232.15902899999998
1.0,68.0,127.0,0.17045450000000528,232.15902899999998,232.32948349999998
1.0,-1.0,0.0,2.842170943040401e-14,232.32948349999998,232.3294835
1.0,70.0,127.0,0.17045450000000528,232.3294835,232.49993800000001
1.0,-1.0,0.0,0.17045449999997686,232.49993800000001,232.6703925
1.0,68.0,127.0,0.17045450000000528,232.6703925,232.840847
1.0,-1.0,0.0,0.17045449999997686,232.840847,233.01130149999997
1.0,68.0,127.0,0.34090900000001056,233.01130149999997,233.35221049999998
1.0,70.0,127.0,0.17045450000000528,233.35221049999998,233.522665
1.0,67.0,127.0,0.17045450000000528,233.522665,233.6931195
1.0,68.0,127.0,0.17045449999997686,233.6931195,233.86357399999997
1.0,-1.0,0.0,0.17045450000000528,233.86357399999997,234.03402849999998
1.0,70.0,127.0,0.17045450000000528,234.03402849999998,234.20448299999998
1.0,67.0,127.0,0.17045450000000528,234.20448299999998,234.3749375
1.0,62.0,127.0,0.17045450000000528,234.3749375,234.545392
1.0,69.0,127.0,0.17045449999997686,234.545392,234.71584649999997
1.0,72.0,127.0,0.17045450000000528,234.71584649999997,234.88630099999997
1.0,68.0,127.0,0.17045450000000528,234.88630099999997,235.05675549999998
1.0,69.0,127.0,0.17045450000000528,235.05675549999998,235.22720999999999
1.0,-1.0,0.0,0.17045450000000528,235.22720999999999,235.3976645
1.0,70.0,127.0,0.2556817499999937,235.3976645,235.65334624999997
1.0,-1.0,0.0,0.08522725000000264,235.65334624999997,235.73857349999997
1.0,68.0,127.0,0.2556817500000079,235.73857349999997,235.99425524999998
1.0,-1.0,0.0,0.08522725000000264,235.99425524999998,236.07948249999998
1.0,72.0,127.0,0.17045450000000528,236.07948249999998,236.249937
1.0,70.0,127.0,0.17045450000000528,236.249937,236.4203915
1.0,67.0,127.0,0.17045449999997686,236.42039149999997,236.59084599999994
1.0,-1.0,0.0,0.1704545000000337,236.59084599999994,236.76130049999998
1.0,67.0,127.0,0.17045450000000528,236.76130049999998,236.93175499999998
1.0,-1.0,0.0,0.17045450000000528,236.93175499999998,237.1022095
1.0,69.0,127.0,0.17045450000000528,237.1022095,237.272664
1.0,69.0,127.0,0.17045450000000528,237.272664,237.4431185
1.0,70.0,127.0,0.17045449999997686,237.4431185,237.61357299999997
1.0,67.0,127.0,0.17045450000000528,237.61357299999997,237.78402749999998
1.0,69.0,127.0,0.2556817500000079,237.78402749999998,238.03970925
1.0,-1.0,0.0,0.08522725000000264,238.03970925,238.1249365
1.0,68.0,127.0,0.17045450000000528,238.1249365,238.295391
1.0,-1.0,0.0,0.17045449999997686,238.295391,238.46584549999997
1.0,68.0,127.0,0.34090900000001056,238.46584549999997,238.80675449999998
1.0,70.0,127.0,0.17045450000000528,238.80675449999998,238.977209
1.0,67.0,127.0,0.17045450000000528,238.977209,239.1476635
1.0,68.0,127.0,0.17045449999997686,239.1476635,239.31811799999997
1.0,-1.0,0.0,0.17045450000000528,239.31811799999997,239.48857249999998
1.0,70.0,127.0,0.17045450000000528,239.48857249999998,239.65902699999998
1.0,67.0,127.0,0.17045450000000528,239.65902699999998,239.82948149999999
1.0,62.0,127.0,0.17045450000000528,239.82948149999999,239.999936
1.0,69.0,127.0,0.17045450000000528,239.999936,240.1703905
1.0,72.0,127.0,0.17045449999997686,240.1703905,240.34084499999997
1.0,68.0,127.0,0.17045450000000528,240.34084499999997,240.51129949999998
1.0,69.0,127.0,0.17045450000000528,240.51129949999998,240.68175399999998
1.0,-1.0,0.0,0.17045450000000528,240.68175399999998,240.8522085
1.0,70.0,127.0,0.17045450000000528,240.8522085,241.022663
1.0,-1.0,0.0,0.17045449999997686,241.022663,241.19311749999997
1.0,68.0,127.0,0.17045450000000528,241.19311749999997,241.36357199999998
1.0,-1.0,0.0,0.17045450000000528,241.36357199999998,241.53402649999998
1.0,72.0,127.0,0.17045450000000528,241.53402649999998,241.704481
1.0,68.0,127.0,0.17045450000000528,241.704481,241.8749355
1.0,62.0,127.0,0.17045449999997686,241.8749355,242.04538999999997
1.0,68.0,127.0,0.34090900000001056,242.04538999999997,242.38629899999998
1.0,69.0,127.0,0.17045450000000528,242.38629899999998,242.55675349999999
1.0,-1.0,0.0,0.17045450000000528,242.55675349999999,242.727208
1.0,68.0,127.0,0.17045450000000528,242.727208,242.8976625
1.0,-1.0,0.0,2.4272010572916543,242.8976625,245.32486355729165
1.0,65.0,127.0,0.9996446197916669,245.32486355729165,246.32450817708332
1.0,65.0,127.0,0.9659088333333443,245.35859934374997,246.32450817708332
1.0,55.0,127.0,0.997277196180543,245.45448,246.45175719618052
1.0,-1.0,0.0,0.36635880381945185,246.45175719618052,246.81811599999997
1.0,55.0,127.0,0.9521481835937493,246.81811599999997,247.77026418359372
1.0,-1.0,0.0,0.5819423164062698,247.77026418359372,248.3522065
1.0,53.0,127.0,0.07501773567707914,248.3522065,248.42722423567707
1.0,-1.0,0.0,0.265891264322903,248.42722423567707,248.69311549999998
1.0,53.0,127.0,0.06436432942707881,248.69311549999998,248.75747982942704
1.0,-1.0,0.0,0.27654467057294596,248.75747982942704,249.0340245
1.0,53.0,127.0,0.165127796874998,249.0340245,249.19915229687498
1.0,-1.0,0.0,0.3462357031249894,249.19915229687498,249.54538799999997
1.0,64.0,127.0,0.17045450000000528,249.54538799999997,249.71584249999998
1.0,-1.0,0.0,0.17045450000000528,249.71584249999998,249.88629699999998
1.0,65.0,127.0,0.17045450000000528,249.88629699999998,250.0567515
1.0,66.0,127.0,0.17045450000000528,250.0567515,250.227206
1.0,-1.0,0.0,0.17045449999997686,250.227206,250.39766049999997
1.0,65.0,127.0,0.17045450000000528,250.39766049999997,250.56811499999998
1.0,-1.0,0.0,0.17045450000000528,250.56811499999998,250.73856949999998
1.0,64.0,127.0,0.2556817500000079,250.73856949999998,250.99425125
1.0,-1.0,0.0,0.08522725000000264,250.99425125,251.0794785
1.0,67.0,127.0,0.17045449999997686,251.0794785,251.24993299999997
1.0,63.0,127.0,0.17045450000000528,251.24993299999997,251.42038749999998
1.0,66.0,127.0,0.17045450000000528,251.42038749999998,251.59084199999998
1.0,-1.0,0.0,0.17045450000000528,251.59084199999998,251.7612965
1.0,67.0,127.0,0.17045450000000528,251.7612965,251.931751
1.0,63.0,127.0,0.17045449999997686,251.931751,252.10220549999997
1.0,58.0,127.0,0.17045450000000528,252.10220549999997,252.27265999999997
1.0,64.0,127.0,0.17045450000000528,252.27265999999997,252.44311449999998
1.0,-1.0,0.0,0.17045450000000528,252.44311449999998,252.61356899999998
1.0,65.0,127.0,0.17045450000000528,252.61356899999998,252.7840235
1.0,66.0,127.0,0.17045450000000528,252.7840235,252.954478
1.0,-1.0,0.0,0.17045449999997686,252.954478,253.12493249999997
1.0,65.0,127.0,0.17045450000000528,253.12493249999997,253.29538699999998
1.0,-1.0,0.0,0.17045450000000528,253.29538699999998,253.46584149999998
1.0,69.0,127.0,0.17045450000000528,253.46584149999998,253.636296
1.0,-1.0,0.0,0.17045450000000528,253.636296,253.8067505
1.0,72.0,127.0,0.17045449999997686,253.8067505,253.97720499999997
1.0,68.0,127.0,0.17045450000000528,253.97720499999997,254.14765949999997
1.0,68.0,127.0,0.17045450000000528,254.14765949999997,254.31811399999998
1.0,-1.0,0.0,0.17045450000000528,254.31811399999998,254.48856849999999
1.0,72.0,127.0,0.17045450000000528,254.48856849999999,254.659023
1.0,68.0,127.0,0.17045450000000528,254.659023,254.8294775
1.0,62.0,127.0,0.17045449999997686,254.8294775,254.99993199999997
1.0,69.0,127.0,0.17045450000000528,254.99993199999997,255.17038649999998
1.0,-1.0,0.0,0.17045450000000528,255.17038649999998,255.34084099999998
1.0,70.0,127.0,0.17045450000000528,255.34084099999998,255.5112955
1.0,68.0,127.0,0.17045450000000528,255.5112955,255.68175
1.0,-1.0,0.0,0.17045449999997686,255.68175,255.85220449999997
1.0,70.0,127.0,0.17045450000000528,255.85220449999997,256.022659
1.0,-1.0,0.0,0.17045450000000528,256.022659,256.1931135
1.0,69.0,127.0,0.17045450000000528,256.1931135,256.363568
1.0,-1.0,0.0,0.17045450000000528,256.363568,256.5340225
1.0,72.0,127.0,0.17045450000000528,256.5340225,256.704477
1.0,68.0,127.0,0.17045450000000528,256.704477,256.8749315
1.0,68.0,127.0,0.17045450000000528,256.8749315,257.045386
1.0,-1.0,0.0,0.17045449999994844,257.045386,257.21584049999996
1.0,70.0,127.0,0.17045450000000528,257.21584049999996,257.38629499999996
1.0,-1.0,0.0,0.17045450000000528,257.38629499999996,257.55674949999997
1.0,69.0,127.0,0.17045450000000528,257.55674949999997,257.727204
1.0,-1.0,0.0,0.17045450000000528,257.727204,257.8976585
1.0,70.0,127.0,0.17045450000000528,257.8976585,258.068113
1.0,-1.0,0.0,0.17045450000000528,258.068113,258.2385675
1.0,68.0,127.0,0.17045450000000528,258.2385675,258.409022
1.0,68.0,127.0,0.17045450000000528,258.409022,258.5794765
1.0,-1.0,0.0,0.17045450000000528,258.5794765,258.749931
1.0,68.0,127.0,0.17045450000000528,258.749931,258.9203855
1.0,66.0,127.0,0.2556817499999511,258.9203855,259.17606724999996
1.0,64.0,127.0,0.34090900000001056,259.09083999999996,259.43174899999997
1.0,65.0,127.0,0.17045450000000528,259.43174899999997,259.6022035
1.0,66.0,127.0,0.17045450000000528,259.6022035,259.772658
1.0,-1.0,0.0,0.17045450000000528,259.772658,259.9431125
1.0,65.0,127.0,0.17045450000000528,259.9431125,260.113567
1.0,-1.0,0.0,0.17045450000000528,260.113567,260.2840215
1.0,64.0,127.0,0.34090900000001056,260.2840215,260.6249305
1.0,65.0,127.0,0.17045449999994844,260.6249305,260.79538499999995
1.0,-1.0,0.0,0.17045450000000528,260.79538499999995,260.96583949999996
1.0,66.0,127.0,0.17045450000000528,260.96583949999996,261.13629399999996
1.0,-1.0,0.0,0.17045450000000528,261.13629399999996,261.30674849999997
1.0,65.0,127.0,0.17045450000000528,261.30674849999997,261.477203
1.0,-1.0,0.0,0.17045450000000528,261.477203,261.6476575
1.0,64.0,127.0,0.17045450000000528,261.6476575,261.818112
1.0,64.0,127.0,0.17045450000000528,261.818112,261.9885665
1.0,-1.0,0.0,0.17045450000000528,261.9885665,262.159021
1.0,65.0,127.0,0.17045450000000528,262.159021,262.3294755
1.0,67.0,127.0,0.17045450000000528,262.3294755,262.49993
1.0,-1.0,0.0,0.17045449999994844,262.49993,262.67038449999995
1.0,65.0,127.0,0.17045450000000528,262.67038449999995,262.84083899999996
1.0,-1.0,0.0,0.17045450000000528,262.84083899999996,263.01129349999997
1.0,64.0,127.0,0.17045450000000528,263.01129349999997,263.18174799999997
1.0,66.0,127.0,0.17045450000000528,263.18174799999997,263.3522025
1.0,-1.0,0.0,0.17045450000000528,263.3522025,263.522657
1.0,66.0,127.0,0.17045450000000528,263.522657,263.6931115
1.0,68.0,127.0,0.2556817500000079,263.6931115,263.94879325
1.0,-1.0,0.0,0.08522725000000264,263.94879325,264.0340205
1.0,66.0,127.0,0.2556817500000079,264.0340205,264.28970225
1.0,-1.0,0.0,0.08522725000000264,264.28970225,264.3749295
1.0,66.0,127.0,0.2556817499999511,264.3749295,264.63061124999996
1.0,-1.0,0.0,0.08522725000000264,264.63061124999996,264.71583849999996
1.0,66.0,127.0,0.17045450000000528,264.71583849999996,264.88629299999997
1.0,-1.0,0.0,0.17045450000000528,264.88629299999997,265.0567475
1.0,68.0,127.0,0.17045450000000528,265.0567475,265.227202
1.0,-1.0,0.0,0.17045450000000528,265.227202,265.3976565
1.0,66.0,127.0,0.2556817500000079,265.3976565,265.65333825
1.0,-1.0,0.0,0.08522725000000264,265.65333825,265.7385655
1.0,66.0,127.0,0.17045450000000528,265.7385655,265.90902
1.0,69.0,127.0,0.17045450000000528,265.90902,266.0794745
1.0,-1.0,0.0,0.17045450000000528,266.0794745,266.249929
1.0,66.0,127.0,0.17045449999994844,266.249929,266.42038349999996
1.0,66.0,127.0,0.17045450000000528,266.42038349999996,266.59083799999996
1.0,-1.0,0.0,0.17045450000000528,266.59083799999996,266.76129249999997
1.0,66.0,127.0,0.17045450000000528,266.76129249999997,266.931747
1.0,-1.0,0.0,0.17045450000000528,266.931747,267.1022015
1.0,68.0,127.0,0.17045450000000528,267.1022015,267.272656
1.0,-1.0,0.0,0.17045450000000528,267.272656,267.4431105
1.0,66.0,127.0,0.17045450000000528,267.4431105,267.613565
1.0,-1.0,0.0,0.17045450000000528,267.613565,267.7840195
1.0,66.0,127.0,0.17045450000000528,267.7840195,267.954474
1.0,-1.0,0.0,0.17045449999994844,267.954474,268.12492849999995
1.0,68.0,127.0,0.17045450000000528,268.12492849999995,268.29538299999996
1.0,-1.0,0.0,0.17045450000000528,268.29538299999996,268.46583749999996
1.0,68.0,127.0,0.17045450000000528,268.46583749999996,268.63629199999997
1.0,68.0,127.0,0.17045450000000528,268.63629199999997,268.8067465
1.0,-1.0,0.0,0.17045450000000528,268.8067465,268.977201
1.0,66.0,127.0,0.17045450000000528,268.977201,269.1476555
1.0,66.0,127.0,0.17045450000000528,269.1476555,269.31811
1.0,-1.0,0.0,0.17045450000000528,269.31811,269.4885645
1.0,66.0,127.0,0.17045450000000528,269.4885645,269.659019
1.0,-1.0,0.0,0.17045450000000528,269.659019,269.8294735
1.0,66.0,127.0,0.17045449999994844,269.8294735,269.99992799999995
1.0,-1.0,0.0,0.17045450000000528,269.99992799999995,270.17038249999996
1.0,65.0,127.0,0.17045450000000528,270.17038249999996,270.34083699999996
1.0,-1.0,0.0,0.17045450000000528,270.34083699999996,270.51129149999997
1.0,64.0,127.0,0.17045450000000528,270.51129149999997,270.681746
1.0,66.0,127.0,0.17045450000000528,270.681746,270.8522005
1.0,-1.0,0.0,0.17045450000000528,270.8522005,271.022655
1.0,66.0,127.0,0.17045450000000528,271.022655,271.1931095
1.0,-1.0,0.0,0.17045450000000528,271.1931095,271.363564
1.0,64.0,127.0,0.17045450000000528,271.363564,271.5340185
1.0,-1.0,0.0,0.17045450000000528,271.5340185,271.704473
1.0,65.0,127.0,0.17045449999994844,271.704473,271.87492749999996
1.0,66.0,127.0,0.17045450000000528,271.87492749999996,272.04538199999996
1.0,-1.0,0.0,0.17045450000000528,272.04538199999996,272.21583649999997
1.0,65.0,127.0,0.17045450000000528,272.21583649999997,272.38629099999997
1.0,-1.0,0.0,0.17045450000000528,272.38629099999997,272.5567455
1.0,64.0,127.0,0.2556817500000079,272.5567455,272.81242725
1.0,-1.0,0.0,0.08522725000000264,272.81242725,272.8976545
1.0,67.0,127.0,0.17045450000000528,272.8976545,273.068109
1.0,63.0,127.0,0.17045450000000528,273.068109,273.2385635
1.0,66.0,127.0,0.17045450000000528,273.2385635,273.409018
1.0,-1.0,0.0,0.17045450000000528,273.409018,273.5794725
1.0,67.0,127.0,0.17045449999994844,273.5794725,273.74992699999996
1.0,63.0,127.0,0.17045450000000528,273.74992699999996,273.92038149999996
1.0,58.0,127.0,0.17045450000000528,273.92038149999996,274.09083599999997
1.0,64.0,127.0,0.17045450000000528,274.09083599999997,274.2612905
1.0,-1.0,0.0,0.17045450000000528,274.2612905,274.431745
1.0,65.0,127.0,0.17045450000000528,274.431745,274.6021995
1.0,66.0,127.0,0.17045450000000528,274.6021995,274.772654
1.0,-1.0,0.0,0.17045450000000528,274.772654,274.9431085
1.0,65.0,127.0,0.17045450000000528,274.9431085,275.113563
1.0,-1.0,0.0,0.17045450000000528,275.113563,275.2840175
1.0,69.0,127.0,0.17045449999994844,275.2840175,275.45447199999995
1.0,-1.0,0.0,0.17045450000000528,275.45447199999995,275.62492649999996
1.0,72.0,127.0,0.17045450000000528,275.62492649999996,275.79538099999996
1.0,68.0,127.0,0.17045450000000528,275.79538099999996,275.96583549999997
1.0,68.0,127.0,0.17045450000000528,275.96583549999997,276.13629
1.0,-1.0,0.0,0.17045450000000528,276.13629,276.3067445
1.0,72.0,127.0,0.17045450000000528,276.3067445,276.477199
1.0,68.0,127.0,0.17045450000000528,276.477199,276.6476535
1.0,62.0,127.0,0.17045450000000528,276.6476535,276.818108
1.0,69.0,127.0,0.17045450000000528,276.818108,276.9885625
1.0,-1.0,0.0,0.17045450000000528,276.9885625,277.159017
1.0,70.0,127.0,0.17045449999994844,277.159017,277.32947149999995
1.0,68.0,127.0,0.17045450000000528,277.32947149999995,277.49992599999996
1.0,-1.0,0.0,0.17045450000000528,277.49992599999996,277.67038049999996
1.0,70.0,127.0,0.17045450000000528,277.67038049999996,277.84083499999997
1.0,-1.0,0.0,0.17045450000000528,277.84083499999997,278.0112895
1.0,69.0,127.0,0.17045450000000528,278.0112895,278.181744
1.0,-1.0,0.0,0.17045450000000528,278.181744,278.3521985
1.0,72.0,127.0,0.17045450000000528,278.3521985,278.522653
1.0,68.0,127.0,0.17045450000000528,278.522653,278.6931075
1.0,68.0,127.0,0.17045450000000528,278.6931075,278.863562
1.0,-1.0,0.0,0.17045450000000528,278.863562,279.0340165
1.0,70.0,127.0,0.17045449999994844,279.0340165,279.20447099999996
1.0,-1.0,0.0,0.17045450000000528,279.20447099999996,279.37492549999996
1.0,69.0,127.0,0.17045450000000528,279.37492549999996,279.54537999999997
1.0,-1.0,0.0,0.17045450000000528,279.54537999999997,279.71583449999997
1.0,70.0,127.0,0.17045450000000528,279.71583449999997,279.886289
1.0,-1.0,0.0,0.17045450000000528,279.886289,280.0567435
1.0,68.0,127.0,0.17045450000000528,280.0567435,280.227198
1.0,68.0,127.0,0.17045450000000528,280.227198,280.3976525
1.0,-1.0,0.0,0.17045450000000528,280.3976525,280.568107
1.0,68.0,127.0,0.17045450000000528,280.568107,280.7385615
1.0,66.0,127.0,0.2556817499999795,280.7385615,280.99424324999995
1.0,64.0,127.0,0.3409089999999537,280.909016,281.24992499999996
1.0,65.0,127.0,0.17045450000000528,281.24992499999996,281.42037949999997
1.0,66.0,127.0,0.17045450000000528,281.42037949999997,281.590834
1.0,-1.0,0.0,0.17045450000000528,281.590834,281.7612885
1.0,65.0,127.0,0.17045450000000528,281.7612885,281.931743
1.0,-1.0,0.0,0.17045450000000528,281.931743,282.1021975
1.0,64.0,127.0,0.34090900000001056,282.1021975,282.4431065
1.0,65.0,127.0,0.17045450000000528,282.4431065,282.613561
1.0,-1.0,0.0,0.17045449999994844,282.613561,282.78401549999995
1.0,66.0,127.0,0.17045450000000528,282.78401549999995,282.95446999999996
1.0,-1.0,0.0,0.17045450000000528,282.95446999999996,283.12492449999996
1.0,65.0,127.0,0.17045450000000528,283.12492449999996,283.29537899999997
1.0,-1.0,0.0,0.17045450000000528,283.29537899999997,283.4658335
1.0,64.0,127.0,0.17045450000000528,283.4658335,283.636288
1.0,64.0,127.0,0.17045450000000528,283.636288,283.8067425
1.0,-1.0,0.0,0.17045450000000528,283.8067425,283.977197
1.0,65.0,127.0,0.17045450000000528,283.977197,284.1476515
1.0,67.0,127.0,0.17045450000000528,284.1476515,284.318106
1.0,-1.0,0.0,0.17045450000000528,284.318106,284.4885605
1.0,65.0,127.0,0.17045449999994844,284.4885605,284.65901499999995
1.0,-1.0,0.0,0.17045450000000528,284.65901499999995,284.82946949999996
1.0,64.0,127.0,0.17045450000000528,284.82946949999996,284.99992399999996
1.0,66.0,127.0,0.17045450000000528,284.99992399999996,285.17037849999997
1.0,-1.0,0.0,0.17045450000000528,285.17037849999997,285.340833
1.0,66.0,127.0,0.17045450000000528,285.340833,285.5112875
1.0,68.0,127.0,0.2556817500000079,285.5112875,285.76696925
1.0,-1.0,0.0,0.08522725000000264,285.76696925,285.8521965
1.0,66.0,127.0,0.2556817500000079,285.8521965,286.10787825
1.0,-1.0,0.0,0.08522725000000264,286.10787825,286.1931055
1.0,66.0,127.0,0.2556817499999795,286.1931055,286.44878725
1.0,-1.0,0.0,0.0852272499999458,286.44878725,286.53401449999996
1.0,66.0,127.0,0.17045450000000528,286.53401449999996,286.70446899999996
1.0,-1.0,0.0,0.17045450000000528,286.70446899999996,286.87492349999997
1.0,68.0,127.0,0.17045450000000528,286.87492349999997,287.04537799999997
1.0,-1.0,0.0,0.17045450000000528,287.04537799999997,287.2158325
1.0,66.0,127.0,0.2556817500000079,287.2158325,287.47151425
1.0,-1.0,0.0,0.08522725000000264,287.47151425,287.5567415
1.0,66.0,127.0,0.17045450000000528,287.5567415,287.727196
1.0,69.0,127.0,0.17045450000000528,287.727196,287.8976505
1.0,-1.0,0.0,0.17045450000000528,287.8976505,288.068105
1.0,66.0,127.0,0.17045450000000528,288.068105,288.2385595
1.0,66.0,127.0,0.17045449999994844,288.2385595,288.40901399999996
1.0,-1.0,0.0,0.17045450000000528,288.40901399999996,288.57946849999996
1.0,66.0,127.0,0.17045450000000528,288.57946849999996,288.74992299999997
1.0,-1.0,0.0,0.17045450000000528,288.74992299999997,288.9203775
1.0,68.0,127.0,0.17045450000000528,288.9203775,289.090832
1.0,-1.0,0.0,0.17045450000000528,289.090832,289.2612865
1.0,66.0,127.0,0.17045450000000528,289.2612865,289.431741
1.0,-1.0,0.0,0.17045450000000528,289.431741,289.6021955
1.0,66.0,127.0,0.17045450000000528,289.6021955,289.77265
1.0,-1.0,0.0,0.17045450000000528,289.77265,289.9431045
1.0,68.0,127.0,0.17045449999994844,289.9431045,290.11355899999995
1.0,-1.0,0.0,0.17045450000000528,290.11355899999995,290.28401349999996
1.0,68.0,127.0,0.17045450000000528,290.28401349999996,290.45446799999996
1.0,68.0,127.0,0.17045450000000528,290.45446799999996,290.62492249999997
1.0,-1.0,0.0,0.17045450000000528,290.62492249999997,290.795377
1.0,66.0,127.0,0.17045450000000528,290.795377,290.9658315
1.0,66.0,127.0,0.17045450000000528,290.9658315,291.136286
1.0,-1.0,0.0,0.17045450000000528,291.136286,291.3067405
1.0,66.0,127.0,0.17045450000000528,291.3067405,291.477195
1.0,-1.0,0.0,0.17045450000000528,291.477195,291.6476495
1.0,66.0,127.0,0.17045450000000528,291.6476495,291.818104
1.0,-1.0,0.0,0.17045449999994844,291.818104,291.98855849999995
1.0,65.0,127.0,0.17045450000000528,291.98855849999995,292.15901299999996
1.0,-1.0,0.0,0.17045450000000528,292.15901299999996,292.32946749999996
1.0,64.0,127.0,0.17045450000000528,292.32946749999996,292.49992199999997
1.0,66.0,127.0,0.17045450000000528,292.49992199999997,292.6703765
1.0,-1.0,0.0,0.17045450000000528,292.6703765,292.840831
1.0,66.0,127.0,0.17045450000000528,292.840831,293.0112855
1.0,-1.0,0.0,0.17045450000000528,293.0112855,293.18174
1.0,64.0,127.0,0.17045450000000528,293.18174,293.3521945
1.0,-1.0,0.0,0.17045450000000528,293.3521945,293.522649
1.0,65.0,127.0,0.17045450000000528,293.522649,293.6931035
1.0,66.0,127.0,0.17045449999994844,293.6931035,293.86355799999995
1.0,-1.0,0.0,0.17045450000000528,293.86355799999995,294.03401249999996
1.0,65.0,127.0,0.17045450000000528,294.03401249999996,294.20446699999997
1.0,-1.0,0.0,0.17045450000000528,294.20446699999997,294.37492149999997
1.0,64.0,127.0,0.2556817500000079,294.37492149999997,294.63060325
1.0,-1.0,0.0,0.08522725000000264,294.63060325,294.7158305
1.0,67.0,127.0,0.17045450000000528,294.7158305,294.886285
1.0,63.0,127.0,0.17045450000000528,294.886285,295.0567395
1.0,66.0,127.0,0.17045450000000528,295.0567395,295.227194
1.0,-1.0,0.0,0.17045450000000528,295.227194,295.3976485
1.0,67.0,127.0,0.17045449999994844,295.3976485,295.56810299999995
1.0,63.0,127.0,0.17045450000000528,295.56810299999995,295.73855749999996
1.0,58.0,127.0,0.17045450000000528,295.73855749999996,295.90901199999996
1.0,64.0,127.0,0.17045450000000528,295.90901199999996,296.07946649999997
1.0,-1.0,0.0,0.17045450000000528,296.07946649999997,296.249921
1.0,65.0,127.0,0.17045450000000528,296.249921,296.4203755
1.0,66.0,127.0,0.17045450000000528,296.4203755,296.59083
1.0,-1.0,0.0,0.17045450000000528,296.59083,296.7612845
1.0,65.0,127.0,0.17045450000000528,296.7612845,296.931739
1.0,-1.0,0.0,0.17045450000000528,296.931739,297.1021935
1.0,69.0,127.0,0.17045450000000528,297.1021935,297.272648
1.0,-1.0,0.0,0.17045449999994844,297.272648,297.44310249999995
1.0,72.0,127.0,0.17045450000000528,297.44310249999995,297.61355699999996
1.0,68.0,127.0,0.17045450000000528,297.61355699999996,297.78401149999996
1.0,68.0,127.0,0.17045450000000528,297.78401149999996,297.95446599999997
1.0,-1.0,0.0,0.17045450000000528,297.95446599999997,298.1249205
1.0,72.0,127.0,0.17045450000000528,298.1249205,298.295375
1.0,68.0,127.0,0.17045450000000528,298.295375,298.4658295
1.0,62.0,127.0,0.17045450000000528,298.4658295,298.636284
1.0,69.0,127.0,0.17045450000000528,298.636284,298.8067385
1.0,-1.0,0.0,0.17045450000000528,298.8067385,298.977193
1.0,70.0,127.0,0.17045450000000528,298.977193,299.1476475
1.0,68.0,127.0,0.17045449999994844,299.1476475,299.31810199999995
1.0,-1.0,0.0,0.17045450000000528,299.31810199999995,299.48855649999996
1.0,70.0,127.0,0.17045450000000528,299.48855649999996,299.65901099999996
1.0,-1.0,0.0,0.17045450000000528,299.65901099999996,299.82946549999997
1.0,69.0,127.0,0.17045450000000528,299.82946549999997,299.99992
1.0,-1.0,0.0,0.17045450000000528,299.99992,300.1703745
1.0,72.0,127.0,0.17045450000000528,300.1703745,300.340829
1.0,68.0,127.0,0.17045450000000528,300.340829,300.5112835
1.0,68.0,127.0,0.17045450000000528,300.5112835,300.681738
1.0,-1.0,0.0,0.17045450000000528,300.681738,300.8521925
1.0,70.0,127.0,0.17045450000000528,300.8521925,301.022647
1.0,-1.0,0.0,0.17045449999994844,301.022647,301.19310149999995
1.0,69.0,127.0,0.17045450000000528,301.19310149999995,301.36355599999996
1.0,-1.0,0.0,0.17045450000000528,301.36355599999996,301.53401049999997
1.0,70.0,127.0,0.17045450000000528,301.53401049999997,301.70446499999997
1.0,-1.0,0.0,0.17045450000000528,301.70446499999997,301.8749195
1.0,68.0,127.0,0.17045450000000528,301.8749195,302.045374
1.0,68.0,127.0,0.17045450000000528,302.045374,302.2158285
1.0,-1.0,0.0,0.17045450000000528,302.2158285,302.386283
1.0,68.0,127.0,0.17045450000000528,302.386283,302.5567375
1.0,66.0,127.0,0.2556817499999795,302.5567375,302.81241924999995
1.0,64.0,127.0,0.3409089999999537,302.727192,303.06810099999996
1.0,65.0,127.0,0.17045450000000528,303.06810099999996,303.23855549999996
1.0,66.0,127.0,0.17045450000000528,303.23855549999996,303.40900999999997
1.0,-1.0,0.0,0.17045450000000528,303.40900999999997,303.5794645
1.0,65.0,127.0,0.17045450000000528,303.5794645,303.749919
1.0,-1.0,0.0,0.17045450000000528,303.749919,303.9203735
1.0,64.0,127.0,0.07990054687502379,303.9203735,304.000274046875
1.0,-1.0,0.0,0.43146295312499205,304.000274046875,304.431737
1.0,64.0,127.0,0.10298292708330337,304.431737,304.5347199270833
1.0,-1.0,0.0,0.06747157291670192,304.5347199270833,304.6021915
1.0,61.0,127.0,0.13139201041661863,304.6021915,304.7335835104166
1.0,-1.0,0.0,0.2095169895833351,304.7335835104166,304.94310049999996
1.0,66.0,127.0,0.09765622395838136,304.94310049999996,305.04075672395834
1.0,-1.0,0.0,0.07279827604162392,305.04075672395834,305.11355499999996
1.0,64.0,127.0,0.13671871354165432,305.11355499999996,305.2502737135416
1.0,-1.0,0.0,0.20419028645835624,305.2502737135416,305.454464
1.0,57.0,127.0,0.07990054687502379,305.454464,305.534364546875
1.0,-1.0,0.0,1.2837354531249616,305.534364546875,306.81809999999996
1.0,51.0,127.0,0.17045450000000528,306.81809999999996,306.98855449999996
1.0,-1.0,0.0,0.17045450000000528,306.98855449999996,307.15900899999997
1.0,55.0,127.0,0.17045450000000528,307.15900899999997,307.3294635
1.0,-1.0,0.0,0.17045450000000528,307.3294635,307.499918
1.0,55.0,127.0,0.17045450000000528,307.499918,307.6703725
1.0,-1.0,0.0,0.17045450000000528,307.6703725,307.840827
1.0,56.0,127.0,0.17045450000000528,307.840827,308.0112815
1.0,-1.0,0.0,0.17045450000000528,308.0112815,308.181736
1.0,62.0,127.0,0.3068180999999754,308.181736,308.4885541
1.0,-1.0,0.0,1.0568178999999986,308.4885541,309.545372
1.0,47.0,127.0,0.34090900000001056,309.545372,309.886281
1.0,-1.0,0.0,0.17045450000000528,309.886281,310.0567355
1.0,52.0,127.0,0.3409089999999537,310.0567355,310.39764449999996
1.0,-1.0,0.0,0.17045450000000528,310.39764449999996,310.56809899999996
1.0,50.0,127.0,0.17045450000000528,310.56809899999996,310.73855349999997
1.0,-1.0,0.0,0.17045450000000528,310.73855349999997,310.909008
1.0,47.0,127.0,0.4261362500000132,310.909008,311.33514425
1.0,-1.0,0.0,0.08522725000000264,311.33514425,311.4203715
1.0,52.0,127.0,0.17045450000000528,311.4203715,311.590826
1.0,-1.0,0.0,0.6818179999999643,311.590826,312.27264399999996
1.0,47.0,127.0,0.34090900000001056,312.27264399999996,312.61355299999997
1.0,-1.0,0.0,0.17045450000000528,312.61355299999997,312.7840075
1.0,52.0,127.0,0.2556817500000079,312.7840075,313.03968925
1.0,-1.0,0.0,0.08522725000000264,313.03968925,313.1249165
1.0,50.0,127.0,0.34090900000001056,313.1249165,313.4658255
1.0,-1.0,0.0,0.17045450000000528,313.4658255,313.63628
1.0,45.0,127.0,0.3409089999999537,313.63628,313.97718899999995
1.0,-1.0,0.0,0.17045450000000528,313.97718899999995,314.14764349999996
1.0,49.0,127.0,0.34090900000001056,314.14764349999996,314.48855249999997
1.0,-1.0,0.0,0.5113635000000158,314.48855249999997,314.999916
1.0,45.0,127.0,0.3781959218750046,314.999916,315.37811192187496
1.0,-1.0,0.0,0.13316757812503965,315.37811192187496,315.5112795
1.0,52.0,127.0,0.3302555937499676,315.5112795,315.84153509374994
1.0,-1.0,0.0,0.18110790625001982,315.84153509374994,316.02264299999996
1.0,49.0,127.0,0.18821017708333443,316.02264299999996,316.2108531770833
1.0,-1.0,0.0,0.15269882291664771,316.2108531770833,316.36355199999997
1.0,45.0,127.0,0.3817470572916477,316.36355199999997,316.7452990572916
1.0,-1.0,0.0,0.9818889427083377,316.7452990572916,317.72718799999996
1.0,51.0,127.0,0.17045450000000528,317.72718799999996,317.89764249999996
1.0,-1.0,0.0,0.17045450000000528,317.89764249999996,318.06809699999997
1.0,55.0,127.0,0.17045450000000528,318.06809699999997,318.23855149999997
1.0,-1.0,0.0,0.17045450000000528,318.23855149999997,318.409006
1.0,55.0,127.0,0.17045450000000528,318.409006,318.5794605
1.0,-1.0,0.0,0.17045450000000528,318.5794605,318.749915
1.0,56.0,127.0,0.17045450000000528,318.749915,318.9203695
1.0,-1.0,0.0,0.17045450000000528,318.9203695,319.090824
1.0,62.0,127.0,0.3068180999999754,319.090824,319.3976421
1.0,-1.0,0.0,1.0568178999999986,319.3976421,320.45446
1.0,47.0,127.0,0.34090900000001056,320.45446,320.795369
1.0,-1.0,0.0,0.17045450000000528,320.795369,320.9658235
1.0,52.0,127.0,0.3409089999999537,320.9658235,321.30673249999995
1.0,-1.0,0.0,0.17045450000000528,321.30673249999995,321.47718699999996
1.0,50.0,127.0,0.17045450000000528,321.47718699999996,321.64764149999996
1.0,-1.0,0.0,0.17045450000000528,321.64764149999996,321.81809599999997
1.0,47.0,127.0,0.4261362500000132,321.81809599999997,322.24423225
1.0,-1.0,0.0,0.08522725000000264,322.24423225,322.3294595
1.0,52.0,127.0,0.17045450000000528,322.3294595,322.499914
1.0,-1.0,0.0,0.6818179999999643,322.499914,323.18173199999995
1.0,47.0,127.0,0.34090900000001056,323.18173199999995,323.52264099999996
1.0,-1.0,0.0,0.17045450000000528,323.52264099999996,323.69309549999997
1.0,52.0,127.0,0.2556817500000079,323.69309549999997,323.94877725
1.0,-1.0,0.0,0.08522725000000264,323.94877725,324.0340045
1.0,50.0,127.0,0.34090900000001056,324.0340045,324.3749135
1.0,-1.0,0.0,0.17045450000000528,324.3749135,324.545368
1.0,45.0,127.0,0.3409089999999537,324.545368,324.88627699999995
1.0,-1.0,0.0,0.17045450000000528,324.88627699999995,325.05673149999996
1.0,49.0,127.0,0.34090900000001056,325.05673149999996,325.39764049999997
1.0,-1.0,0.0,0.5113635000000158,325.39764049999997,325.909004
1.0,45.0,127.0,0.3781959218750046,325.909004,326.28719992187496
1.0,-1.0,0.0,0.13316757812503965,326.28719992187496,326.4203675
1.0,52.0,127.0,0.3302555937499676,326.4203675,326.75062309374994
1.0,-1.0,0.0,0.18110790625001982,326.75062309374994,326.93173099999996
1.0,49.0,127.0,0.18821017708333443,326.93173099999996,327.1199411770833
1.0,-1.0,0.0,0.15269882291664771,327.1199411770833,327.27263999999997
1.0,45.0,127.0,0.38174705729170455,327.27263999999997,327.6543870572917
1.0,-1.0,0.0,0.9818889427082809,327.6543870572917,328.63627599999995
1.0,51.0,127.0,0.17045450000000528,328.63627599999995,328.80673049999996
1.0,-1.0,0.0,0.17045450000000528,328.80673049999996,328.97718499999996
1.0,55.0,127.0,0.17045450000000528,328.97718499999996,329.14763949999997
1.0,-1.0,0.0,0.17045450000000528,329.14763949999997,329.318094
1.0,55.0,127.0,0.17045450000000528,329.318094,329.4885485
1.0,-1.0,0.0,0.17045450000000528,329.4885485,329.659003
1.0,56.0,127.0,0.17045450000000528,329.659003,329.8294575
1.0,-1.0,0.0,0.17045450000000528,329.8294575,329.999912
1.0,62.0,127.0,0.3068180999999754,329.999912,330.3067301
1.0,-1.0,0.0,1.0568178999999986,330.3067301,331.363548
1.0,47.0,127.0,0.34090900000001056,331.363548,331.704457
1.0,-1.0,0.0,0.17045450000000528,331.704457,331.8749115
1.0,52.0,127.0,0.3409089999999537,331.8749115,332.21582049999995
1.0,-1.0,0.0,0.17045450000000528,332.21582049999995,332.38627499999996
1.0,50.0,127.0,0.17045450000000528,332.38627499999996,332.55672949999996
1.0,-1.0,0.0,0.17045450000000528,332.55672949999996,332.72718399999997
1.0,47.0,127.0,0.4261362500000132,332.72718399999997,333.15332025
1.0,-1.0,0.0,0.08522725000000264,333.15332025,333.2385475
1.0,52.0,127.0,0.17045450000000528,333.2385475,333.409002
1.0,-1.0,0.0,0.6818179999999643,333.409002,334.09081999999995
1.0,47.0,127.0,0.34090900000001056,334.09081999999995,334.43172899999996
1.0,-1.0,0.0,0.17045450000000528,334.43172899999996,334.60218349999997
1.0,52.0,127.0,0.2556817500000079,334.60218349999997,334.85786525
1.0,-1.0,0.0,0.08522725000000264,334.85786525,334.9430925
1.0,50.0,127.0,0.34090900000001056,334.9430925,335.2840015
1.0,-1.0,0.0,0.17045450000000528,335.2840015,335.454456
1.0,45.0,127.0,0.34090900000001056,335.454456,335.795365
1.0,-1.0,0.0,0.17045449999994844,335.795365,335.96581949999995
1.0,49.0,127.0,0.34090900000001056,335.96581949999995,336.30672849999996
1.0,-1.0,0.0,0.5113635000000158,336.30672849999996,336.818092
1.0,69.0,127.0,0.17045450000000528,336.818092,336.9885465
1.0,70.0,127.0,0.17045450000000528,336.9885465,337.159001
1.0,67.0,127.0,0.17045450000000528,337.159001,337.3294555
1.0,69.0,127.0,0.2556817499999795,337.3294555,337.58513725
1.0,-1.0,0.0,0.0852272499999458,337.58513725,337.67036449999995
1.0,68.0,127.0,0.17045450000000528,337.67036449999995,337.84081899999995
1.0,-1.0,0.0,0.17045450000000528,337.84081899999995,338.01127349999996
1.0,68.0,127.0,0.34090900000001056,338.01127349999996,338.35218249999997
1.0,70.0,127.0,0.17045450000000528,338.35218249999997,338.522637
1.0,67.0,127.0,0.17045450000000528,338.522637,338.6930915
1.0,68.0,127.0,0.17045450000000528,338.6930915,338.863546
1.0,-1.0,0.0,0.17045450000000528,338.863546,339.0340005
1.0,70.0,127.0,0.17045450000000528,339.0340005,339.204455
1.0,67.0,127.0,0.17045450000000528,339.204455,339.3749095
1.0,62.0,127.0,0.17045449999994844,339.3749095,339.54536399999995
1.0,69.0,127.0,0.17045450000000528,339.54536399999995,339.71581849999995
1.0,72.0,127.0,0.17045450000000528,339.71581849999995,339.88627299999996
1.0,68.0,127.0,0.17045450000000528,339.88627299999996,340.05672749999997
1.0,69.0,127.0,0.17045450000000528,340.05672749999997,340.22718199999997
1.0,-1.0,0.0,0.17045450000000528,340.22718199999997,340.3976365
1.0,70.0,127.0,0.17045450000000528,340.3976365,340.568091
1.0,-1.0,0.0,0.17045450000000528,340.568091,340.7385455
1.0,68.0,127.0,0.17045450000000528,340.7385455,340.909
1.0,-1.0,0.0,0.17045450000000528,340.909,341.0794545
1.0,72.0,127.0,0.17045450000000528,341.0794545,341.249909
1.0,68.0,127.0,0.17045449999994844,341.249909,341.42036349999995
1.0,62.0,127.0,0.17045450000000528,341.42036349999995,341.59081799999996
1.0,68.0,127.0,0.34090900000001056,341.59081799999996,341.93172699999997
1.0,69.0,127.0,0.17045450000000528,341.93172699999997,342.1021815
1.0,-1.0,0.0,0.17045450000000528,342.1021815,342.272636
1.0,68.0,127.0,0.17045450000000528,342.272636,342.4430905
1.0,-1.0,0.0,2.4272010572916543,342.4430905,344.87029155729164
1.0,65.0,127.0,0.9996446197916953,344.87029155729164,345.86993617708333
1.0,65.0,127.0,0.9659088333333443,344.90402734375,345.86993617708333
1.0,55.0,127.0,0.997277196180581,344.99990799999995,345.9971851961805
1.0,-1.0,0.0,0.36635880381948027,345.9971851961805,346.363544
1.0,55.0,127.0,0.9521481835937493,346.363544,347.31569218359374
1.0,-1.0,0.0,0.5819423164062414,347.31569218359374,347.8976345
1.0,53.0,127.0,0.07501773567706493,347.8976345,347.97265223567706
1.0,-1.0,0.0,0.2658912643229314,347.97265223567706,348.2385435
1.0,53.0,127.0,0.06436432942705039,348.2385435,348.30290782942706
1.0,-1.0,0.0,0.27654467057294596,348.30290782942706,348.5794525
1.0,53.0,127.0,0.1651277968749696,348.5794525,348.744580296875
5.0,70.0,127.0,0.13671871354166676,11.761360499999999,11.898079213541665
5.0,67.0,127.0,0.14204541666666692,11.84658775,11.988633166666666
5.0,65.0,127.0,0.1136363333333339,11.931814999999999,12.045451333333332
5.0,63.0,127.0,0.7617185468750005,12.01704225,12.778760796875
5.0,-1.0,0.0,29.493955203124997,12.778760796875,42.272715999999996
5.0,70.0,127.0,0.10298292708333179,42.272715999999996,42.37569892708333
5.0,-1.0,0.0,0.06747157291666639,42.37569892708333,42.443170499999994
5.0,63.0,127.0,0.1420454166666687,42.443170499999994,42.58521591666666
5.0,-1.0,0.0,0.028409083333336582,42.58521591666666,42.613625
5.0,67.0,127.0,0.07990054687499537,42.613625,42.693525546874994
5.0,-1.0,0.0,0.0905539531250028,42.693525546874994,42.7840795
5.0,70.0,127.0,0.07990054687500248,42.7840795,42.863980046875
5.0,-1.0,0.0,0.0905539531249957,42.863980046875,42.954533999999995
5.0,72.0,127.0,0.14914768750000462,42.954533999999995,43.1036816875
5.0,-1.0,0.0,0.021306812499993555,43.1036816875,43.12498849999999
5.0,63.0,127.0,0.1544743906250048,43.12498849999999,43.279462890625
5.0,-1.0,0.0,0.015980109375000495,43.279462890625,43.295443
5.0,68.0,127.0,0.10298292708333179,43.295443,43.39842592708333
5.0,-1.0,0.0,0.06747157291666639,43.39842592708333,43.4658975
5.0,72.0,127.0,0.09232952083333146,43.4658975,43.55822702083333
5.0,-1.0,0.0,0.07812497916666672,43.55822702083333,43.636351999999995
5.0,66.0,127.0,0.419625835069444,43.636351999999995,44.05597783506944
5.0,-1.0,0.0,3.6712821649305525,44.05597783506944,47.727259999999994
5.0,60.0,127.0,0.1260653072916682,47.727259999999994,47.85332530729166
5.0,-1.0,0.0,0.05681816666666606,47.85332530729166,47.91014347395833
5.0,58.0,127.0,0.24325277604167184,47.91014347395833,48.15339625
5.0,55.0,127.0,0.16512779687500512,48.09125138020833,48.25637917708333
5.0,-1.0,0.0,0.03906248958332981,48.25637917708333,48.29544166666666
5.0,51.0,127.0,0.6196731302083336,48.29544166666666,48.915114796874995
5.0,56.0,127.0,0.26633515625000115,48.84231652083333,49.10865167708333
5.0,-1.0,0.0,0.04616476041666573,49.10865167708333,49.154816437499996
5.0,55.0,127.0,0.8966616927083351,49.154816437499996,50.05147813020833
5.0,-1.0,0.0,76.25530636979167,50.05147813020833,126.30678449999999
5.0,70.0,127.0,0.13671871354166854,126.30678449999999,126.44350321354166
5.0,67.0,127.0,0.1420454166666616,126.39201175,126.53405716666666
5.0,65.0,127.0,0.11363633333333212,126.477239,126.59087533333333
5.0,63.0,127.0,0.7617185468750023,126.56246624999999,127.32418479687499
5.0,-1.0,0.0,26.766683203125012,127.32418479687499,154.090868
5.0,70.0,127.0,0.10298292708333179,154.090868,154.19385092708333
5.0,-1.0,0.0,0.06747157291664507,154.19385092708333,154.26132249999998
5.0,63.0,127.0,0.14204541666669002,154.26132249999998,154.40336791666667
5.0,-1.0,0.0,0.028409083333315266,154.40336791666667,154.43177699999998
5.0,67.0,127.0,0.07990054687499537,154.43177699999998,154.51167754687498
5.0,-1.0,0.0,0.09055395312500991,154.51167754687498,154.6022315
5.0,70.0,127.0,0.07990054687499537,154.6022315,154.68213204687498
5.0,-1.0,0.0,0.09055395312500991,154.68213204687498,154.772686
5.0,72.0,127.0,0.14914768750000462,154.772686,154.9218336875
5.0,-1.0,0.0,0.02130681250000066,154.9218336875,154.9431405
5.0,63.0,127.0,0.15447439062498347,154.9431405,155.09761489062498
5.0,-1.0,0.0,0.01598010937499339,155.09761489062498,155.11359499999998
5.0,68.0,127.0,0.10298292708336021,155.11359499999998,155.21657792708334
5.0,-1.0,0.0,0.06747157291664507,155.21657792708334,155.28404949999998
5.0,72.0,127.0,0.09232952083334567,155.28404949999998,155.37637902083333
5.0,-1.0,0.0,0.07812497916665961,155.37637902083333,155.454504
5.0,66.0,127.0,0.4196258350694488,155.454504,155.87412983506943
5.0,-1.0,0.0,3.671282164930574,155.87412983506943,159.545412
5.0,60.0,127.0,0.1260653072916682,159.545412,159.67147730729167
5.0,-1.0,0.0,0.056818166666658954,159.67147730729167,159.72829547395833
5.0,58.0,127.0,0.24325277604165763,159.72829547395833,159.97154824999998
5.0,55.0,127.0,0.165127796874998,159.90940338020832,160.07453117708332
5.0,-1.0,0.0,0.03906248958332981,160.07453117708332,160.11359366666665
5.0,51.0,127.0,0.6196731302083549,160.11359366666665,160.733266796875
5.0,56.0,127.0,0.26633515624999404,160.66046852083332,160.9268036770833
5.0,-1.0,0.0,0.046164760416672834,160.9268036770833,160.9729684375
5.0,55.0,127.0,0.8966616927083351,160.9729684375,161.86963013020832
32.0,39.0,127.0,0.3409089999999999,5.454543999999999,5.795452999999999
32.0,-1.0,0.0,0.17045449999999995,5.795452999999999,5.965907499999999
32.0,43.0,127.0,0.3409089999999999,5.965907499999999,6.306816499999999
32.0,-1.0,0.0,0.17045449999999995,6.306816499999999,6.477270999999999
32.0,46.0,127.0,0.3409090000000008,6.477270999999999,6.81818
32.0,39.0,127.0,0.3409089999999999,6.81818,7.159089
32.0,-1.0,0.0,0.17045449999999995,7.159089,7.3295435
32.0,43.0,127.0,0.5113634999999999,7.3295435,7.840907
32.0,46.0,127.0,0.17045449999999995,7.840907,8.0113615
32.0,-1.0,0.0,0.17045449999999995,8.0113615,8.181816
32.0,41.0,127.0,0.5113634999999999,8.181816,8.6931795
32.0,44.0,127.0,0.3409089999999999,8.6931795,9.0340885
32.0,-1.0,0.0,0.17045449999999995,9.0340885,9.204543
32.0,48.0,127.0,0.17045449999999995,9.204543,9.3749975
32.0,-1.0,0.0,0.17045449999999995,9.3749975,9.545452
32.0,41.0,127.0,0.5113634999999999,9.545452,10.056815499999999
32.0,44.0,127.0,0.3409089999999999,10.056815499999999,10.397724499999999
32.0,-1.0,0.0,0.17045449999999995,10.397724499999999,10.568178999999999
32.0,48.0,127.0,0.17045449999999995,10.568178999999999,10.738633499999999
32.0,-1.0,0.0,0.17045449999999995,10.738633499999999,10.909087999999999
32.0,38.0,127.0,0.3409089999999999,10.909087999999999,11.249996999999999
32.0,-1.0,0.0,0.17045449999999995,11.249996999999999,11.420451499999999
32.0,41.0,127.0,0.3409089999999999,11.420451499999999,11.761360499999999
32.0,-1.0,0.0,0.17045449999999995,11.761360499999999,11.931814999999999
32.0,44.0,127.0,0.17045449999999995,11.931814999999999,12.102269499999998
32.0,-1.0,0.0,0.17045449999999995,12.102269499999998,12.272723999999998
32.0,38.0,127.0,0.3409089999999999,12.272723999999998,12.613632999999998
32.0,-1.0,0.0,0.17045449999999995,12.613632999999998,12.784087499999998
32.0,41.0,127.0,0.5113635000000016,12.784087499999998,13.295451
32.0,44.0,127.0,0.17045449999999995,13.295451,13.4659055
32.0,-1.0,0.0,0.17045449999999995,13.4659055,13.63636
32.0,38.0,127.0,0.3409089999999999,13.63636,13.977269
32.0,-1.0,0.0,0.17045449999999995,13.977269,14.1477235
32.0,41.0,127.0,0.3409089999999999,14.1477235,14.4886325
32.0,-1.0,0.0,0.17045449999999995,14.4886325,14.659087
32.0,45.0,127.0,0.17045449999999995,14.659087,14.8295415
32.0,-1.0,0.0,0.17045449999999995,14.8295415,14.999996
32.0,38.0,127.0,0.3409089999999999,14.999996,15.340905
32.0,-1.0,0.0,0.17045449999999995,15.340905,15.5113595
32.0,41.0,127.0,0.3409089999999999,15.5113595,15.8522685
32.0,-1.0,0.0,0.17045449999999995,15.8522685,16.022723
32.0,45.0,127.0,0.17045449999999818,16.022723,16.193177499999997
32.0,-1.0,0.0,0.17045450000000173,16.193177499999997,16.363632
32.0,38.0,127.0,0.3409089999999999,16.363632,16.704541
32.0,-1.0,0.0,0.17045449999999818,16.704541,16.874995499999997
32.0,41.0,127.0,0.3409089999999999,16.874995499999997,17.215904499999997
32.0,-1.0,0.0,0.17045450000000173,17.215904499999997,17.386359
32.0,46.0,127.0,0.17045450000000173,17.386359,17.5568135
32.0,-1.0,0.0,0.17045449999999818,17.5568135,17.727268
32.0,41.0,127.0,0.17045450000000173,17.727268,17.8977225
32.0,-1.0,0.0,3.920453499999997,17.8977225,21.818175999999998
32.0,39.0,127.0,0.28409083333333385,21.818175999999998,22.10226683333333
32.0,-1.0,0.0,0.16512779687500156,22.10226683333333,22.267394630208333
32.0,43.0,127.0,0.34623570312500007,22.267394630208333,22.613630333333333
32.0,-1.0,0.0,0.1828834739583307,22.613630333333333,22.796513807291664
32.0,46.0,127.0,0.30007094270833434,22.796513807291664,23.096584749999998
32.0,-1.0,0.0,0.11363633333333212,23.096584749999998,23.21022108333333
32.0,48.0,127.0,0.4332385208333349,23.21022108333333,23.643459604166665
32.0,-1.0,0.0,0.10653406249999975,23.643459604166665,23.749993666666665
32.0,46.0,127.0,0.33558229687499974,23.749993666666665,24.085575963541665
32.0,-1.0,0.0,0.13671871354166854,24.085575963541665,24.222294677083333
32.0,43.0,127.0,0.19353688020833104,24.222294677083333,24.415831557291664
32.0,-1.0,0.0,0.1420454166666687,24.415831557291664,24.557876973958333
32.0,39.0,127.0,0.36931808333333294,24.557876973958333,24.927195057291666
32.0,-1.0,0.0,0.15802552604166564,24.927195057291666,25.08522058333333
32.0,43.0,127.0,0.38707376041666564,25.08522058333333,25.472294343749997
32.0,-1.0,0.0,0.1083096302083355,25.472294343749997,25.580603973958333
32.0,46.0,127.0,0.20419028645833137,25.580603973958333,25.784794260416664
32.0,-1.0,0.0,0.11363633333333567,25.784794260416664,25.89843059375
32.0,39.0,127.0,0.40305386979166613,25.89843059375,26.301484463541666
32.0,-1.0,0.0,0.11896303645833228,26.301484463541666,26.420447499999998
32.0,48.0,127.0,0.3764203541666653,26.420447499999998,26.796867854166663
32.0,-1.0,0.0,0.11896303645833584,26.796867854166663,26.915830890625
32.0,46.0,127.0,0.20951698958333154,26.915830890625,27.12534788020833
32.0,-1.0,0.0,0.14737211979166887,27.12534788020833,27.27272
32.0,39.0,127.0,0.38174705729166547,27.27272,27.654467057291665
32.0,-1.0,0.0,0.15269882291666548,27.654467057291665,27.80716588020833
32.0,43.0,127.0,0.3249288906249994,27.80716588020833,28.13209477083333
32.0,-1.0,0.0,0.13494314583333633,28.13209477083333,28.267037916666666
32.0,46.0,127.0,0.2166192604166639,28.267037916666666,28.48365717708333
32.0,-1.0,0.0,0.1420454166666687,28.48365717708333,28.62570259375
32.0,39.0,127.0,0.4598720364583322,28.62570259375,29.08557463020833
32.0,-1.0,0.0,0.11896303645833228,29.08557463020833,29.204537666666663
32.0,40.0,127.0,0.41015614062500205,29.204537666666663,29.614693807291665
32.0,-1.0,0.0,0.033735786458333195,29.614693807291665,29.64842959375
32.0,41.0,127.0,0.25035504687500065,29.64842959375,29.898784640625
32.0,-1.0,0.0,0.07990054687499892,29.898784640625,29.978685187499998
32.0,41.0,127.0,0.44744306249999966,29.978685187499998,30.426128249999998
32.0,-1.0,0.0,0.07457384374999876,30.426128249999998,30.500702093749997
32.0,44.0,127.0,0.36399138020833277,30.500702093749997,30.86469347395833
32.0,-1.0,0.0,0.13671871354166854,30.86469347395833,31.001412187499998
32.0,48.0,127.0,0.28409083333333385,31.001412187499998,31.285503020833332
32.0,-1.0,0.0,0.07812497916666672,31.285503020833332,31.363628
32.0,46.0,127.0,0.4438919270833317,31.363628,31.80751992708333
32.0,-1.0,0.0,0.09588065624999942,31.80751992708333,31.90340058333333
32.0,44.0,127.0,0.3480112708333323,31.90340058333333,32.25141185416666
32.0,-1.0,0.0,0.11896303645833228,32.25141185416666,32.370374890624994
32.0,41.0,127.0,0.2095169895833351,32.370374890624994,32.57989188020833
32.0,-1.0,0.0,0.17045450000000528,32.57989188020833,32.750346380208335
32.0,41.0,127.0,0.3817470572916619,32.750346380208335,33.1320934375
32.0,-1.0,0.0,0.2095169895833351,33.1320934375,33.34161042708333
32.0,46.0,127.0,0.30184651041666655,33.34161042708333,33.6434569375
32.0,-1.0,0.0,0.0905539531250028,33.6434569375,33.734010890625
32.0,44.0,127.0,0.17045449999999818,33.734010890625,33.904465390625
32.0,-1.0,0.0,0.1935368802083346,33.904465390625,34.098002270833334
32.0,38.0,127.0,0.38529819270833343,34.098002270833334,34.48330046354167
32.0,-1.0,0.0,0.1420454166666616,34.48330046354167,34.62534588020833
32.0,41.0,127.0,0.27876413020833724,34.62534588020833,34.904110010416666
32.0,-1.0,0.0,0.1811079062499985,34.904110010416666,35.085217916666664
32.0,44.0,127.0,0.18288347395833426,35.085217916666664,35.268101390625
32.0,-1.0,0.0,0.18643460937499867,35.268101390625,35.454536
32.0,46.0,127.0,0.381747057291669,35.454536,35.836283057291666
32.0,-1.0,0.0,0.14737211979166176,35.836283057291666,35.98365517708333
32.0,48.0,127.0,0.34090900000000346,35.98365517708333,36.32456417708333
32.0,-1.0,0.0,0.13671871354166854,36.32456417708333,36.461282890625
32.0,46.0,127.0,0.19886358333332765,36.461282890625,36.66014647395833
32.0,-1.0,0.0,0.14737211979166887,36.66014647395833,36.80751859375
32.0,41.0,127.0,0.3870737604166692,36.80751859375,37.194592354166666
32.0,-1.0,0.0,0.13494314583333278,37.194592354166666,37.3295355
32.0,46.0,127.0,0.37642035416666886,37.3295355,37.70595585416667
32.0,-1.0,0.0,0.11896303645833228,37.70595585416667,37.824918890625
32.0,44.0,127.0,0.18643460937499867,37.824918890625,38.0113535
32.0,-1.0,0.0,0.15447439062499768,38.0113535,38.165827890624996
32.0,41.0,127.0,0.39240046354166935,38.165827890624996,38.558228354166665
32.0,-1.0,0.0,0.14737211979166176,38.558228354166665,38.70560047395833
32.0,44.0,127.0,0.3000709427083379,38.70560047395833,39.005671416666665
32.0,-1.0,0.0,0.17045449999999818,39.005671416666665,39.17612591666666
32.0,46.0,127.0,0.23437493750000016,39.17612591666666,39.41050085416666
32.0,-1.0,0.0,0.14737211979166887,39.41050085416666,39.55787297395833
32.0,48.0,127.0,0.43146295312499916,39.55787297395833,39.98933592708333
32.0,-1.0,0.0,0.11363633333333212,39.98933592708333,40.102972260416664
32.0,46.0,127.0,0.3515624062499967,40.102972260416664,40.45453466666666
32.0,-1.0,0.0,0.09765622395833873,40.45453466666666,40.552190890625
32.0,44.0,127.0,0.25035504687500065,40.552190890625,40.8025459375
32.0,-1.0,0.0,0.13494314583333278,40.8025459375,40.93748908333333
32.0,43.0,127.0,0.42080954687499883,40.93748908333333,41.35829863020833
32.0,-1.0,0.0,0.09765622395833162,41.35829863020833,41.45595485416666
32.0,46.0,127.0,0.38529819270833343,41.45595485416666,41.841253046874996
32.0,-1.0,0.0,0.10298292708333179,41.841253046874996,41.94423597395833
32.0,43.0,127.0,0.21484369270833525,41.94423597395833,42.15907966666666
32.0,-1.0,0.0,0.13671871354166854,42.15907966666666,42.29579838020833
32.0,39.0,127.0,0.3817470572916619,42.29579838020833,42.677545437499994
32.0,-1.0,0.0,0.14737211979166887,42.677545437499994,42.82491755729166
32.0,43.0,127.0,0.42080954687499883,42.82491755729166,43.24572710416666
32.0,-1.0,0.0,0.07279827604166655,43.24572710416666,43.31852538020833
32.0,46.0,127.0,0.1935368802083346,43.31852538020833,43.51206226041666
32.0,-1.0,0.0,0.15980109374999785,43.51206226041666,43.67186335416666
32.0,48.0,127.0,0.4261362500000061,43.67186335416666,44.09799960416667
32.0,-1.0,0.0,0.11896303645833228,44.09799960416667,44.216962640625
32.0,46.0,127.0,0.36399138020833277,44.216962640625,44.58095402083333
32.0,-1.0,0.0,0.07812497916666672,44.58095402083333,44.659079
32.0,43.0,127.0,0.19886358333333476,44.659079,44.85794258333333
32.0,-1.0,0.0,0.13139201041666126,44.85794258333333,44.989334593749994
32.0,39.0,127.0,0.41548284375000577,44.989334593749994,45.4048174375
32.0,-1.0,0.0,0.12428973958333245,45.4048174375,45.52910717708333
32.0,46.0,127.0,0.3071732135416667,45.52910717708333,45.836280390625
32.0,-1.0,0.0,0.12428973958333245,45.836280390625,45.96057013020833
32.0,43.0,127.0,0.2166192604166639,45.96057013020833,46.177189390624996
32.0,-1.0,0.0,0.1811079062499985,46.177189390624996,46.358297296874994
32.0,39.0,127.0,0.381747057291669,46.358297296874994,46.74004435416666
32.0,-1.0,0.0,0.12428973958333245,46.74004435416666,46.864334093749996
32.0,43.0,127.0,0.3355822968750033,46.864334093749996,47.199916390625
32.0,-1.0,0.0,0.1580255260416621,47.199916390625,47.35794191666666
32.0,46.0,127.0,0.30184651041666655,47.35794191666666,47.65978842708333
32.0,-1.0,0.0,0.09588065625000297,47.65978842708333,47.75566908333333
32.0,48.0,127.0,0.44389192708333525,47.75566908333333,48.199561010416666
32.0,-1.0,0.0,0.0745738437499952,48.199561010416666,48.27413485416666
32.0,46.0,127.0,0.36931808333333294,48.27413485416666,48.643452937499994
32.0,-1.0,0.0,0.09588065625000297,48.643452937499994,48.73933359375
32.0,43.0,127.0,0.2166192604166639,48.73933359375,48.95595285416666
32.0,-1.0,0.0,0.11896303645833228,48.95595285416666,49.07491589062499
32.0,39.0,127.0,0.40838057291666985,49.07491589062499,49.48329646354166
32.0,-1.0,0.0,0.10298292708333179,49.48329646354166,49.586279390624995
32.0,43.0,127.0,0.34090900000000346,49.586279390624995,49.927188390625
32.0,-1.0,0.0,0.14737211979166176,49.927188390625,50.07456051041666
32.0,46.0,127.0,0.261008453125001,50.07456051041666,50.33556896354166
32.0,-1.0,0.0,0.1420454166666687,50.33556896354166,50.47761438020833
32.0,39.0,127.0,0.4776277135416649,50.47761438020833,50.955242093749995
32.0,-1.0,0.0,0.07990054687500248,50.955242093749995,51.035142640625
32.0,40.0,127.0,0.4367896562499993,51.035142640625,51.471932296874996
32.0,-1.0,0.0,0.03373578645833675,51.471932296874996,51.50566808333333
32.0,41.0,127.0,0.2166192604166639,51.50566808333333,51.72228734375
32.0,-1.0,0.0,0.11363633333333212,51.72228734375,51.83592367708333
32.0,41.0,127.0,0.41548284374999866,51.83592367708333,52.25140652083333
32.0,-1.0,0.0,0.09588065625000297,52.25140652083333,52.34728717708333
32.0,46.0,127.0,0.40838057291666274,52.34728717708333,52.75566774999999
32.0,-1.0,0.0,0.07990054687500248,52.75566774999999,52.835568296874996
32.0,44.0,127.0,0.20419028645833492,52.835568296874996,53.03975858333333
32.0,-1.0,0.0,0.13671871354166854,53.03975858333333,53.176477296875
32.0,41.0,127.0,0.3746447864583331,53.176477296875,53.55112208333333
32.0,-1.0,0.0,0.13671871354166143,53.55112208333333,53.687840796874994
32.0,48.0,127.0,0.3462357031250036,53.687840796874994,54.0340765
32.0,-1.0,0.0,0.15447439062499768,54.0340765,54.188550890624995
32.0,46.0,127.0,0.19886358333333476,54.188550890624995,54.38741447395833
32.0,-1.0,0.0,0.17578120312499834,54.38741447395833,54.56319567708333
32.0,41.0,127.0,0.3355822968750033,54.56319567708333,54.89877797395833
32.0,-1.0,0.0,0.15269882291666192,54.89877797395833,55.051476796874994
32.0,44.0,127.0,0.30184651041666655,55.051476796874994,55.35332330729166
32.0,-1.0,0.0,0.1811079062500056,55.35332330729166,55.534431213541666
32.0,41.0,127.0,0.18288347395832716,55.534431213541666,55.71731468749999
32.0,-1.0,0.0,0.16335222916666936,55.71731468749999,55.88066691666666
32.0,38.0,127.0,0.39240046354166935,55.88066691666666,56.27306738020833
32.0,-1.0,0.0,0.1260653072916611,56.27306738020833,56.39913268749999
32.0,41.0,127.0,0.3284800260416674,56.39913268749999,56.72761271354166
32.0,-1.0,0.0,0.14737211979166887,56.72761271354166,56.87498483333333
32.0,44.0,127.0,0.25035504687500065,56.87498483333333,57.12533988020833
32.0,-1.0,0.0,0.1420454166666687,57.12533988020833,57.267385296875
32.0,48.0,127.0,0.3817470572916619,57.267385296875,57.64913235416666
32.0,-1.0,0.0,0.12428973958333245,57.64913235416666,57.77342209374999
32.0,46.0,127.0,0.40838057291666985,57.77342209374999,58.18180266666666
32.0,-1.0,0.0,0.10298292708333179,58.18180266666666,58.284785593749994
32.0,44.0,127.0,0.27876413020833724,58.284785593749994,58.56354972395833
32.0,-1.0,0.0,0.06747157291666639,58.56354972395833,58.631021296875
32.0,41.0,127.0,0.3977271666666624,58.631021296875,59.02874846354166
32.0,-1.0,0.0,0.11363633333333212,59.02874846354166,59.14238479687499
32.0,46.0,127.0,0.44389192708333525,59.14238479687499,59.58627672395833
32.0,-1.0,0.0,0.062144869791666224,59.58627672395833,59.648421593749994
32.0,44.0,127.0,0.22727266666667134,59.648421593749994,59.875694260416665
32.0,-1.0,0.0,0.13671871354166143,59.875694260416665,60.01241297395833
32.0,38.0,127.0,0.37997148958333327,60.01241297395833,60.39238446354166
32.0,-1.0,0.0,0.13139201041666837,60.39238446354166,60.52377647395833
32.0,41.0,127.0,0.3000709427083308,60.52377647395833,60.82384741666666
32.0,-1.0,0.0,0.1544743906250048,60.82384741666666,60.978321807291664
32.0,44.0,127.0,0.2095169895833351,60.978321807291664,61.187838796875
32.0,-1.0,0.0,0.14737211979166176,61.187838796875,61.33521091666666
32.0,48.0,127.0,0.41548284374999866,61.33521091666666,61.75069376041666
32.0,-1.0,0.0,0.12428973958333955,61.75069376041666,61.8749835
32.0,46.0,127.0,0.330255593749996,61.8749835,62.205239093749995
32.0,-1.0,0.0,0.11363633333333212,62.205239093749995,62.31887542708333
32.0,44.0,127.0,0.22727266666667134,62.31887542708333,62.54614809375
32.0,-1.0,0.0,0.17578120312499834,62.54614809375,62.721929296875
32.0,39.0,127.0,0.41548284374999866,62.721929296875,63.137412140624996
32.0,-1.0,0.0,0.08522725000000264,63.137412140624996,63.222639390625
32.0,43.0,127.0,0.3284800260416674,63.222639390625,63.551119416666666
32.0,-1.0,0.0,0.17045449999999818,63.551119416666666,63.721573916666664
32.0,46.0,127.0,0.2166192604166639,63.721573916666664,63.93819317708333
32.0,-1.0,0.0,0.1420454166666687,63.93819317708333,64.08023859375
32.0,48.0,127.0,0.48295441666667216,64.08023859375,64.56319301041667
32.0,-1.0,0.0,0.07990054687499537,64.56319301041667,64.64309355729166
32.0,39.0,127.0,0.2716618593750013,64.64309355729166,64.91475541666667
32.0,-1.0,0.0,0.07457384375000231,64.91475541666667,64.98932926041667
32.0,40.0,127.0,0.24502834374999338,64.98932926041667,65.23435760416666
32.0,-1.0,0.0,0.1811079062500056,65.23435760416666,65.41546551041667
32.0,44.0,127.0,0.36931808333332583,65.41546551041667,65.78478359374999
32.0,-1.0,0.0,0.13139201041667548,65.78478359374999,65.91617560416667
32.0,48.0,127.0,0.362215812499997,65.91617560416667,66.27839141666666
32.0,-1.0,0.0,0.165127796874998,66.27839141666666,66.44351921354166
32.0,51.0,127.0,0.28941753645833046,66.44351921354166,66.73293675
32.0,-1.0,0.0,0.07990054687499537,66.73293675,66.81283729687499
32.0,48.0,127.0,0.5007100937500013,66.81283729687499,67.31354739062499
32.0,-1.0,0.0,0.056818166666673164,67.31354739062499,67.37036555729166
32.0,44.0,127.0,0.36931808333332583,67.37036555729166,67.73968364062499
32.0,-1.0,0.0,0.07279827604166655,67.73968364062499,67.81248191666666
32.0,41.0,127.0,0.18821017708333443,67.81248191666666,68.00069209374999
32.0,-1.0,0.0,0.16512779687501222,68.00069209374999,68.165819890625
32.0,44.0,127.0,0.36931808333332583,68.165819890625,68.53513797395833
32.0,-1.0,0.0,0.10830963020833906,68.53513797395833,68.64344760416667
32.0,48.0,127.0,0.33380672916666754,68.64344760416667,68.97725433333333
32.0,-1.0,0.0,0.1420454166666616,68.97725433333333,69.11929975
32.0,51.0,127.0,0.27876413020833013,69.11929975,69.39806388020833
32.0,-1.0,0.0,0.10830963020833906,69.39806388020833,69.50637351041667
32.0,50.0,127.0,0.4936078229166583,69.50637351041667,69.99998133333332
32.0,-1.0,0.0,0.09232952083333146,69.99998133333332,70.09231085416666
32.0,48.0,127.0,0.34090900000001056,70.09231085416666,70.43321985416667
32.0,-1.0,0.0,0.10120735937499603,70.43321985416667,70.53442721354166
32.0,46.0,127.0,0.22727266666666424,70.53442721354166,70.76169988020833
32.0,-1.0,0.0,0.165127796874998,70.76169988020833,70.92682767708332
32.0,39.0,127.0,0.41548284374999866,70.92682767708332,71.34231052083332
32.0,-1.0,0.0,0.0674715729166735,71.34231052083332,71.40978209375
32.0,43.0,127.0,0.3462357031250036,71.40978209375,71.756017796875
32.0,-1.0,0.0,0.14737211979166887,71.756017796875,71.90338991666667
32.0,46.0,127.0,0.27876413020833013,71.90338991666667,72.182154046875
32.0,-1.0,0.0,0.11896303645832518,72.182154046875,72.30111708333332
32.0,50.0,127.0,0.42080954687500594,72.30111708333332,72.72192663020833
32.0,-1.0,0.0,0.10298292708333179,72.72192663020833,72.82490955729166
32.0,48.0,127.0,0.35688910937500395,72.82490955729166,73.18179866666667
32.0,-1.0,0.0,0.11363633333333212,73.18179866666667,73.295435
32.0,46.0,127.0,0.18821017708333443,73.295435,73.48364517708333
32.0,-1.0,0.0,0.17578120312499834,73.48364517708333,73.65942638020833
32.0,39.0,127.0,0.4492186302083354,73.65942638020833,74.10864501041667
32.0,-1.0,0.0,0.11363633333333212,74.10864501041667,74.22228134375
32.0,43.0,127.0,0.3586646770833255,74.22228134375,74.58094602083332
32.0,-1.0,0.0,0.1065340625000033,74.58094602083332,74.68748008333333
32.0,46.0,127.0,0.22727266666666424,74.68748008333333,74.91475274999999
32.0,-1.0,0.0,0.13671871354166854,74.91475274999999,75.05147146354166
32.0,43.0,127.0,0.47230101041667183,75.05147146354166,75.52377247395833
32.0,-1.0,0.0,0.10120735937499603,75.52377247395833,75.62497983333333
32.0,46.0,127.0,0.330255593749996,75.62497983333333,75.95523542708332
32.0,-1.0,0.0,0.062144869791666224,75.95523542708332,76.01738029687499
32.0,43.0,127.0,0.165127796874998,76.01738029687499,76.18250809374999
32.0,-1.0,0.0,0.15980109375000495,76.18250809374999,76.34230918749999
32.0,41.0,127.0,0.49893452604166555,76.34230918749999,76.84124371354166
32.0,-1.0,0.0,0.09765622395833873,76.84124371354166,76.9388999375
32.0,45.0,127.0,0.35688910937500395,76.9388999375,77.295789046875
32.0,-1.0,0.0,0.13671871354165432,77.295789046875,77.43250776041666
32.0,48.0,127.0,0.21661926041667812,77.43250776041666,77.64912702083333
32.0,-1.0,0.0,0.11896303645832518,77.64912702083333,77.76809005729166
32.0,51.0,127.0,0.4492186302083354,77.76809005729166,78.2173086875
32.0,-1.0,0.0,0.0674715729166735,78.2173086875,78.28478026041667
32.0,48.0,127.0,0.37997148958332616,78.28478026041667,78.66475175
32.0,-1.0,0.0,0.056818166666673164,78.66475175,78.72156991666667
32.0,45.0,127.0,0.19886358333333476,78.72156991666667,78.9204335
32.0,-1.0,0.0,0.1935368802083275,78.9204335,79.11397038020833
32.0,41.0,127.0,0.3462357031250036,79.11397038020833,79.46020608333333
32.0,-1.0,0.0,0.09765622395832452,79.46020608333333,79.55786230729166
32.0,45.0,127.0,0.3462357031250036,79.55786230729166,79.90409801041666
32.0,-1.0,0.0,0.18821017708333443,79.90409801041666,80.0923081875
32.0,48.0,127.0,0.2325993697916715,80.0923081875,80.32490755729167
32.0,-1.0,0.0,0.15269882291666192,80.32490755729167,80.47760638020833
32.0,50.0,127.0,0.43146295312499205,80.47760638020833,80.90906933333332
32.0,-1.0,0.0,0.1260653072916682,80.90906933333332,81.03513464062499
32.0,48.0,127.0,0.34090900000001056,81.03513464062499,81.376043640625
32.0,-1.0,0.0,0.08522724999998843,81.376043640625,81.46127089062499
32.0,45.0,127.0,0.15269882291667614,81.46127089062499,81.61396971354166
32.0,-1.0,0.0,0.2166192604166639,81.61396971354166,81.83058897395833
32.0,41.0,127.0,0.40838057291666985,81.83058897395833,82.238969546875
32.0,-1.0,0.0,0.10830963020832485,82.238969546875,82.34727917708332
32.0,43.0,127.0,0.3355822968750033,82.34727917708332,82.68286147395833
32.0,-1.0,0.0,0.14737211979166887,82.68286147395833,82.83023359375
32.0,44.0,127.0,0.3231533229166672,82.83023359375,83.15338691666666
32.0,-1.0,0.0,0.08522725000000264,83.15338691666666,83.23861416666666
32.0,46.0,127.0,0.46697430729166456,83.23861416666666,83.70558847395833
32.0,-1.0,0.0,0.15269882291666192,83.70558847395833,83.85828729687499
32.0,50.0,127.0,0.25035504687500065,83.85828729687499,84.10864234374999
32.0,-1.0,0.0,0.09588065625000297,84.10864234374999,84.204523
32.0,48.0,127.0,0.14914768750000462,84.204523,84.3536706875
32.0,-1.0,0.0,0.21484369270832815,84.3536706875,84.56851438020833
32.0,44.0,127.0,0.36399138020833277,84.56851438020833,84.93250576041666
32.0,-1.0,0.0,0.10830963020833906,84.93250576041666,85.040815390625
32.0,48.0,127.0,0.3462357031249894,85.040815390625,85.38705109374999
32.0,-1.0,0.0,0.13671871354166854,85.38705109374999,85.52376980729166
32.0,51.0,127.0,0.24325277604167184,85.52376980729166,85.76702258333333
32.0,-1.0,0.0,0.12073860416666093,85.76702258333333,85.88776118749999
32.0,48.0,127.0,0.43146295312500627,85.88776118749999,86.319224140625
32.0,-1.0,0.0,0.0905539531249957,86.319224140625,86.40977809374999
32.0,44.0,127.0,0.3515624062499967,86.40977809374999,86.76134049999999
32.0,-1.0,0.0,0.1260653072916682,86.76134049999999,86.88740580729166
32.0,41.0,127.0,0.27876413020833013,86.88740580729166,87.16616993749999
32.0,-1.0,0.0,0.11896303645833939,87.16616993749999,87.28513297395833
32.0,44.0,127.0,0.3231533229166672,87.28513297395833,87.608286296875
32.0,-1.0,0.0,0.15447439062499768,87.608286296875,87.76276068749999
32.0,48.0,127.0,0.35688910937500395,87.76276068749999,88.119649796875
32.0,-1.0,0.0,0.165127796874998,88.119649796875,88.28477759375
32.0,48.0,127.0,0.20419028645832782,88.28477759375,88.48896788020832
32.0,-1.0,0.0,0.17045450000000528,88.48896788020832,88.65942238020833
32.0,46.0,127.0,0.3817470572916619,88.65942238020833,89.04116943749999
32.0,-1.0,0.0,0.12961644270833972,89.04116943749999,89.17078588020833
32.0,44.0,127.0,0.3071732135416596,89.17078588020833,89.47795909374999
32.0,-1.0,0.0,0.11896303645833939,89.47795909374999,89.59692213020833
32.0,41.0,127.0,0.20419028645832782,89.59692213020833,89.80111241666665
32.0,-1.0,0.0,0.18288347395834137,89.80111241666665,89.983995890625
32.0,43.0,127.0,0.38529819270833343,89.983995890625,90.36929408333333
32.0,-1.0,0.0,0.13139201041666126,90.36929408333333,90.50068609374999
32.0,46.0,127.0,0.3231533229166672,90.50068609374999,90.82383941666666
32.0,-1.0,0.0,0.18821017708333443,90.82383941666666,91.01204959374999
32.0,50.0,127.0,0.25035504687500065,91.01204959374999,91.262404640625
32.0,-1.0,0.0,0.11363633333333212,91.262404640625,91.37604097395833
32.0,46.0,127.0,0.40838057291666985,91.37604097395833,91.784421546875
32.0,-1.0,0.0,0.11363633333333212,91.784421546875,91.89805788020833
32.0,43.0,127.0,0.35333797395833244,91.89805788020833,92.25139585416666
32.0,-1.0,0.0,0.1065340625000033,92.25139585416666,92.35792991666666
32.0,39.0,127.0,0.18288347395832716,92.35792991666666,92.54081339062499
32.0,-1.0,0.0,0.1811079062500056,92.54081339062499,92.721921296875
32.0,43.0,127.0,0.4030538697916626,92.721921296875,93.12497516666666
32.0,-1.0,0.0,0.13671871354166854,93.12497516666666,93.26169388020833
32.0,45.0,127.0,0.17045450000000528,93.26169388020833,93.43214838020833
32.0,46.0,127.0,0.35688910937500395,93.25104047395833,93.60792958333333
32.0,-1.0,0.0,0.10298292708333179,93.60792958333333,93.71091251041666
32.0,43.0,127.0,0.15269882291666192,93.71091251041666,93.86361133333332
32.0,-1.0,0.0,0.20596585416666358,93.86361133333332,94.06957718749999
32.0,39.0,127.0,0.44744306249999966,94.06957718749999,94.51702024999999
32.0,-1.0,0.0,0.10830963020833906,94.51702024999999,94.62532988020833
32.0,40.0,127.0,0.3462357031250036,94.62532988020833,94.97156558333333
32.0,-1.0,0.0,0.06924714062499504,94.97156558333333,95.04081272395833
32.0,41.0,127.0,0.2716618593750013,95.04081272395833,95.31247458333333
32.0,-1.0,0.0,0.15447439062499768,95.31247458333333,95.46694897395832
32.0,48.0,127.0,0.38529819270833343,95.46694897395832,95.85224716666666
32.0,-1.0,0.0,0.11363633333333212,95.85224716666666,95.96588349999999
32.0,46.0,127.0,0.34090900000001056,95.96588349999999,96.3067925
32.0,-1.0,0.0,0.165127796874998,96.3067925,96.471920296875
32.0,44.0,127.0,0.21129255729165664,96.471920296875,96.68321285416665
32.0,-1.0,0.0,0.14737211979166887,96.68321285416665,96.83058497395832
32.0,38.0,127.0,0.36931808333334004,96.83058497395832,97.19990305729166
32.0,-1.0,0.0,0.11896303645832518,97.19990305729166,97.31886609374999
32.0,41.0,127.0,0.31782661979167415,97.31886609374999,97.63669271354166
32.0,-1.0,0.0,0.17578120312499834,97.63669271354166,97.81247391666666
32.0,44.0,127.0,0.17045450000000528,97.81247391666666,97.98292841666667
32.0,-1.0,0.0,0.19886358333332055,97.98292841666667,98.18179199999999
32.0,48.0,127.0,0.38174705729167613,98.18179199999999,98.56353905729166
32.0,-1.0,0.0,0.1296164427083255,98.56353905729166,98.69315549999999
32.0,46.0,127.0,0.2965198072916735,98.69315549999999,98.98967530729166
32.0,-1.0,0.0,0.1580255260416692,98.98967530729166,99.14770083333333
32.0,44.0,127.0,0.15980109374999074,99.14770083333333,99.30750192708332
32.0,-1.0,0.0,0.2166192604166639,99.30750192708332,99.52412118749999
32.0,41.0,127.0,0.3977271666666695,99.52412118749999,99.92184835416666
32.0,-1.0,0.0,0.15269882291667614,99.92184835416666,100.07454717708333
32.0,43.0,127.0,0.26633515624999404,100.07454717708333,100.34088233333333
32.0,-1.0,0.0,0.14914768750000462,100.34088233333333,100.49003002083333
32.0,44.0,127.0,0.19886358333333476,100.49003002083333,100.68889360416667
32.0,-1.0,0.0,0.2325993697916573,100.68889360416667,100.92149297395832
32.0,46.0,127.0,0.3515624062499967,100.92149297395832,101.27305538020832
32.0,-1.0,0.0,0.14737211979166887,101.27305538020832,101.42042749999999
32.0,39.0,127.0,0.35333797395833244,101.42042749999999,101.77376547395832
32.0,-1.0,0.0,0.1420454166666758,101.77376547395832,101.915810890625
32.0,43.0,127.0,0.23792607291666457,101.915810890625,102.15373696354166
32.0,-1.0,0.0,0.13671871354166854,102.15373696354166,102.29045567708333
32.0,46.0,127.0,0.40838057291666985,102.29045567708333,102.69883625
32.0,-1.0,0.0,0.10830963020832485,102.69883625,102.80714588020832
32.0,48.0,127.0,0.330255593749996,102.80714588020832,103.13740147395832
32.0,-1.0,0.0,0.08522725000000264,103.13740147395832,103.22262872395832
32.0,46.0,127.0,0.2095169895833351,103.22262872395832,103.43214571354166
32.0,-1.0,0.0,0.18288347395834137,103.43214571354166,103.6150291875
32.0,44.0,127.0,0.362215812499997,103.6150291875,103.977245
32.0,-1.0,0.0,0.13671871354166854,103.977245,104.11396371354166
32.0,48.0,127.0,0.3355822968749891,104.11396371354166,104.44954601041665
32.0,-1.0,0.0,0.17578120312499834,104.44954601041665,104.62532721354165
32.0,51.0,127.0,0.2556817500000079,104.62532721354165,104.88100896354166
32.0,-1.0,0.0,0.10298292708333179,104.88100896354166,104.98399189062499
32.0,48.0,127.0,0.4367896562499993,104.98399189062499,105.42078154687499
32.0,-1.0,0.0,0.10298292708333179,105.42078154687499,105.52376447395832
32.0,44.0,127.0,0.3124999166666669,105.52376447395832,105.83626439062499
32.0,-1.0,0.0,0.1420454166666758,105.83626439062499,105.97830980729167
32.0,41.0,127.0,0.2325993697916573,105.97830980729167,106.21090917708332
32.0,-1.0,0.0,0.165127796874998,106.21090917708332,106.37603697395832
32.0,44.0,127.0,0.3284800260416745,106.37603697395832,106.704517
32.0,-1.0,0.0,0.13139201041666126,106.704517,106.83590901041666
32.0,48.0,127.0,0.29474423958333773,106.83590901041666,107.13065325
32.0,-1.0,0.0,0.18821017708333443,107.13065325,107.31886342708333
32.0,51.0,127.0,0.2556817499999937,107.31886342708333,107.57454517708332
32.0,-1.0,0.0,0.10298292708333179,107.57454517708332,107.67752810416665
32.0,48.0,127.0,0.4190339791666702,107.67752810416665,108.09656208333332
32.0,-1.0,0.0,0.1420454166666616,108.09656208333332,108.23860749999999
32.0,46.0,127.0,0.23437493750000726,108.23860749999999,108.4729824375
32.0,-1.0,0.0,0.20419028645832782,108.4729824375,108.67717272395832
32.0,44.0,127.0,0.22194596354167118,108.67717272395832,108.89911868749999
32.0,-1.0,0.0,0.17045450000000528,108.89911868749999,109.0695731875
32.0,43.0,127.0,0.3977271666666553,109.0695731875,109.46730035416665
32.0,-1.0,0.0,0.12428973958333245,109.46730035416665,109.59159009374999
32.0,48.0,127.0,0.363991380208347,109.59159009374999,109.95558147395833
32.0,-1.0,0.0,0.12428973958333245,109.95558147395833,110.07987121354167
32.0,46.0,127.0,0.20419028645832782,110.07987121354167,110.28406149999999
32.0,-1.0,0.0,0.165127796874998,110.28406149999999,110.44918929687499
32.0,39.0,127.0,0.41548284374999866,110.44918929687499,110.86467214062499
32.0,-1.0,0.0,0.09588065625000297,110.86467214062499,110.96055279687499
32.0,43.0,127.0,0.3462357031250036,110.96055279687499,111.3067885
32.0,-1.0,0.0,0.15980109374999074,111.3067885,111.46658959374999
32.0,46.0,127.0,0.21661926041667812,111.46658959374999,111.68320885416666
32.0,-1.0,0.0,0.13494314583333278,111.68320885416666,111.818152
32.0,39.0,127.0,0.36931808333332583,111.818152,112.18747008333332
32.0,-1.0,0.0,0.10298292708333179,112.18747008333332,112.29045301041666
32.0,43.0,127.0,0.3355822968750033,112.29045301041666,112.62603530729166
32.0,-1.0,0.0,0.1420454166666616,112.62603530729166,112.76808072395832
32.0,46.0,127.0,0.21484369270834236,112.76808072395832,112.98292441666666
32.0,-1.0,0.0,0.1420454166666616,112.98292441666666,113.12496983333332
32.0,39.0,127.0,0.47230101041667183,113.12496983333332,113.59727084375
32.0,-1.0,0.0,0.10830963020832485,113.59727084375,113.70558047395832
32.0,40.0,127.0,0.3746447864583331,113.70558047395832,114.08022526041665
32.0,-1.0,0.0,0.07457384375000231,114.08022526041665,114.15479910416666
32.0,41.0,127.0,0.1811079062500056,114.15479910416666,114.33590701041666
32.0,-1.0,0.0,0.165127796874998,114.33590701041666,114.50103480729166
32.0,48.0,127.0,0.35688910937500395,114.50103480729166,114.85792391666666
32.0,-1.0,0.0,0.1420454166666616,114.85792391666666,114.99996933333333
32.0,46.0,127.0,0.36399138020833277,114.99996933333333,115.36396071354166
32.0,-1.0,0.0,0.14737211979166887,115.36396071354166,115.51133283333333
32.0,44.0,127.0,0.24502834374999338,115.51133283333333,115.75636117708332
32.0,-1.0,0.0,0.15269882291667614,115.75636117708332,115.90906
32.0,38.0,127.0,0.37642035416666886,115.90906,116.28548035416667
32.0,-1.0,0.0,0.12428973958333245,116.28548035416667,116.40977009375
32.0,41.0,127.0,0.2947442395833235,116.40977009375,116.70451433333332
32.0,-1.0,0.0,0.15447439062499768,116.70451433333332,116.85898872395832
32.0,44.0,127.0,0.1935368802083417,116.85898872395832,117.05252560416666
32.0,-1.0,0.0,0.20419028645832782,117.05252560416666,117.25671589062499
32.0,48.0,127.0,0.4137072760416629,117.25671589062499,117.67042316666665
32.0,-1.0,0.0,0.11363633333334633,117.67042316666665,117.7840595
32.0,46.0,127.0,0.330255593749996,117.7840595,118.11431509375
32.0,-1.0,0.0,0.14737211979166887,118.11431509375,118.26168721354166
32.0,44.0,127.0,0.19886358333333476,118.26168721354166,118.460550796875
32.0,-1.0,0.0,0.17578120312499834,118.460550796875,118.636332
32.0,38.0,127.0,0.36931808333332583,118.636332,119.00565008333332
32.0,-1.0,0.0,0.13139201041667548,119.00565008333332,119.13704209375
32.0,41.0,127.0,0.28941753645833046,119.13704209375,119.42645963020833
32.0,-1.0,0.0,0.165127796874998,119.42645963020833,119.59158742708333
32.0,44.0,127.0,0.18821017708333443,119.59158742708333,119.77979760416666
32.0,-1.0,0.0,0.22017039583333542,119.77979760416666,119.999968
32.0,39.0,127.0,0.34090899999999635,119.999968,120.34087699999999
32.0,-1.0,0.0,0.17045450000000528,120.34087699999999,120.5113315
32.0,43.0,127.0,0.34090899999999635,120.5113315,120.8522405
32.0,-1.0,0.0,0.17045449999999107,120.8522405,121.02269499999998
32.0,46.0,127.0,0.34090900000001056,121.02269499999998,121.363604
32.0,39.0,127.0,0.34090899999999635,121.363604,121.70451299999999
32.0,-1.0,0.0,0.17045450000000528,121.70451299999999,121.8749675
32.0,43.0,127.0,0.5113635000000016,121.8749675,122.386331
32.0,46.0,127.0,0.17045449999999107,122.386331,122.55678549999999
32.0,-1.0,0.0,0.17045450000000528,122.55678549999999,122.72724
32.0,41.0,127.0,0.5113635000000016,122.72724,123.2386035
32.0,44.0,127.0,0.34090899999999635,123.2386035,123.57951249999999
32.0,-1.0,0.0,0.17045450000000528,123.57951249999999,123.749967
32.0,48.0,127.0,0.17045449999999107,123.749967,123.92042149999999
32.0,-1.0,0.0,0.17045450000000528,123.92042149999999,124.090876
32.0,41.0,127.0,0.5113635000000016,124.090876,124.6022395
32.0,44.0,127.0,0.34090899999999635,124.6022395,124.94314849999999
32.0,-1.0,0.0,0.17045450000000528,124.94314849999999,125.113603
32.0,48.0,127.0,0.17045449999999107,125.113603,125.28405749999999
32.0,-1.0,0.0,0.17045450000000528,125.28405749999999,125.454512
32.0,38.0,127.0,0.34090899999999635,125.454512,125.79542099999999
32.0,-1.0,0.0,0.17045450000000528,125.79542099999999,125.9658755
32.0,41.0,127.0,0.34090899999999635,125.9658755,126.30678449999999
32.0,-1.0,0.0,0.17045450000000528,126.30678449999999,126.477239
32.0,44.0,127.0,0.17045449999999107,126.477239,126.64769349999999
32.0,-1.0,0.0,0.17045450000000528,126.64769349999999,126.818148
32.0,38.0,127.0,0.34090899999999635,126.818148,127.15905699999999
32.0,-1.0,0.0,0.17045450000000528,127.15905699999999,127.3295115
32.0,41.0,127.0,0.5113635000000016,127.3295115,127.840875
32.0,44.0,127.0,0.17045449999999107,127.840875,128.0113295
32.0,-1.0,0.0,0.17045450000000528,128.0113295,128.181784
32.0,38.0,127.0,0.34090900000001056,128.181784,128.522693
32.0,-1.0,0.0,0.17045449999997686,128.522693,128.69314749999998
32.0,41.0,127.0,0.34090900000001056,128.69314749999998,129.0340565
32.0,-1.0,0.0,0.17045450000000528,129.0340565,129.204511
32.0,45.0,127.0,0.17045450000000528,129.204511,129.3749655
32.0,-1.0,0.0,0.17045449999997686,129.3749655,129.54541999999998
32.0,38.0,127.0,0.34090900000001056,129.54541999999998,129.886329
32.0,-1.0,0.0,0.17045450000000528,129.886329,130.0567835
32.0,41.0,127.0,0.34090899999998214,130.0567835,130.39769249999998
32.0,-1.0,0.0,0.17045450000000528,130.39769249999998,130.56814699999998
32.0,45.0,127.0,0.17045450000000528,130.56814699999998,130.7386015
32.0,-1.0,0.0,1.0351559739583251,130.7386015,131.7737574739583
32.0,50.0,127.0,0.07990054687502379,131.7737574739583,131.85365802083334
32.0,-1.0,0.0,0.41903397916664176,131.85365802083334,132.27269199999998
32.0,48.0,127.0,0.07457384375001652,132.27269199999998,132.34726584375
32.0,-1.0,0.0,0.3515624062499967,132.34726584375,132.69882825
32.0,50.0,127.0,0.08522725000000264,132.69882825,132.7840555
32.0,-1.0,0.0,0.852272499999998,132.7840555,133.636328
32.0,39.0,127.0,0.2840908333333232,133.636328,133.92041883333331
32.0,-1.0,0.0,0.165127796874998,133.92041883333331,134.0855466302083
32.0,43.0,127.0,0.34623570312501784,134.0855466302083,134.43178233333333
32.0,-1.0,0.0,0.18288347395832716,134.43178233333333,134.61466580729166
32.0,46.0,127.0,0.300070942708345,134.61466580729166,134.91473675
32.0,-1.0,0.0,0.11363633333331791,134.91473675,135.02837308333332
32.0,48.0,127.0,0.4332385208333278,135.02837308333332,135.46161160416665
32.0,-1.0,0.0,0.1065340625000033,135.46161160416665,135.56814566666665
32.0,46.0,127.0,0.3355822968750033,135.56814566666665,135.90372796354166
32.0,-1.0,0.0,0.13671871354165432,135.90372796354166,136.0404466770833
32.0,43.0,127.0,0.1935368802083417,136.0404466770833,136.23398355729165
32.0,-1.0,0.0,0.1420454166666616,136.23398355729165,136.3760289739583
32.0,39.0,127.0,0.36931808333335425,136.3760289739583,136.74534705729167
32.0,-1.0,0.0,0.15802552604165498,136.74534705729167,136.90337258333332
32.0,43.0,127.0,0.387073760416655,136.90337258333332,137.29044634374998
32.0,-1.0,0.0,0.10830963020833906,137.29044634374998,137.39875597395832
32.0,46.0,127.0,0.20419028645832782,137.39875597395832,137.60294626041664
32.0,-1.0,0.0,0.11363633333334633,137.60294626041664,137.71658259375
32.0,39.0,127.0,0.4030538697916768,137.71658259375,138.11963646354167
32.0,-1.0,0.0,0.11896303645832518,138.11963646354167,138.2385995
32.0,48.0,127.0,0.37642035416666886,138.2385995,138.61501985416666
32.0,-1.0,0.0,0.11896303645832518,138.61501985416666,138.733982890625
32.0,46.0,127.0,0.2095169895833351,138.733982890625,138.94349988020832
32.0,-1.0,0.0,0.14737211979166887,138.94349988020832,139.090872
32.0,39.0,127.0,0.38174705729167613,139.090872,139.47261905729167
32.0,-1.0,0.0,0.15269882291664771,139.47261905729167,139.6253178802083
32.0,43.0,127.0,0.3249288906250172,139.6253178802083,139.95024677083333
32.0,-1.0,0.0,0.13494314583331857,139.95024677083333,140.08518991666665
32.0,46.0,127.0,0.21661926041667812,140.08518991666665,140.30180917708333
32.0,-1.0,0.0,0.1420454166666616,140.30180917708333,140.44385459375
32.0,39.0,127.0,0.45987203645833574,140.44385459375,140.90372663020833
32.0,-1.0,0.0,0.11896303645832518,140.90372663020833,141.02268966666665
32.0,40.0,127.0,0.4101561406250198,141.02268966666665,141.43284580729167
32.0,-1.0,0.0,0.033735786458322536,141.43284580729167,141.46658159375
32.0,41.0,127.0,0.25035504687500065,141.46658159375,141.716936640625
32.0,-1.0,0.0,0.07990054687499537,141.716936640625,141.7968371875
32.0,41.0,127.0,0.44744306250001387,141.7968371875,142.24428025
32.0,-1.0,0.0,0.0745738437499881,142.24428025,142.31885409375
32.0,44.0,127.0,0.36399138020831856,142.31885409375,142.6828454739583
32.0,-1.0,0.0,0.13671871354168275,142.6828454739583,142.8195641875
32.0,48.0,127.0,0.2840908333333232,142.8195641875,143.10365502083332
32.0,-1.0,0.0,0.07812497916668804,143.10365502083332,143.18178
32.0,46.0,127.0,0.44389192708331393,143.18178,143.62567192708332
32.0,-1.0,0.0,0.09588065625001718,143.62567192708332,143.72155258333333
32.0,44.0,127.0,0.34801127083332517,143.72155258333333,144.06956385416666
32.0,-1.0,0.0,0.11896303645832518,144.06956385416666,144.18852689062498
32.0,41.0,127.0,0.2095169895833351,144.18852689062498,144.39804388020832
32.0,-1.0,0.0,0.17045450000000528,144.39804388020832,144.56849838020833
32.0,41.0,127.0,0.38174705729167613,144.56849838020833,144.9502454375
32.0,-1.0,0.0,0.2095169895833351,144.9502454375,145.15976242708334
32.0,46.0,127.0,0.30184651041665234,145.15976242708334,145.4616089375
32.0,-1.0,0.0,0.09055395312500991,145.4616089375,145.552162890625
32.0,44.0,127.0,0.17045449999997686,145.552162890625,145.72261739062498
32.0,-1.0,0.0,0.1935368802083417,145.72261739062498,145.91615427083332
32.0,38.0,127.0,0.38529819270834764,145.91615427083332,146.30145246354166
32.0,-1.0,0.0,0.1420454166666616,146.30145246354166,146.44349788020833
32.0,41.0,127.0,0.2787641302083159,146.44349788020833,146.72226201041664
32.0,-1.0,0.0,0.18110790625001982,146.72226201041664,146.90336991666666
32.0,44.0,127.0,0.18288347395832716,146.90336991666666,147.086253390625
32.0,-1.0,0.0,0.18643460937499867,147.086253390625,147.272688
32.0,46.0,127.0,0.38174705729167613,147.272688,147.65443505729166
32.0,-1.0,0.0,0.14737211979166887,147.65443505729166,147.80180717708333
32.0,48.0,127.0,0.34090899999998214,147.80180717708333,148.14271617708332
32.0,-1.0,0.0,0.13671871354168275,148.14271617708332,148.279434890625
32.0,46.0,127.0,0.19886358333332055,148.279434890625,148.47829847395832
32.0,-1.0,0.0,0.14737211979166887,148.47829847395832,148.62567059375
32.0,41.0,127.0,0.387073760416655,148.62567059375,149.01274435416664
32.0,-1.0,0.0,0.134943145833347,149.01274435416664,149.1476875
32.0,46.0,127.0,0.37642035416666886,149.1476875,149.52410785416666
32.0,-1.0,0.0,0.11896303645832518,149.52410785416666,149.64307089062498
32.0,44.0,127.0,0.18643460937499867,149.64307089062498,149.82950549999998
32.0,-1.0,0.0,0.1544743906250119,149.82950549999998,149.983979890625
32.0,41.0,127.0,0.39240046354166225,149.983979890625,150.37638035416666
32.0,-1.0,0.0,0.14737211979166887,150.37638035416666,150.52375247395833
32.0,44.0,127.0,0.300070942708345,150.52375247395833,150.82382341666667
32.0,-1.0,0.0,0.17045449999997686,150.82382341666667,150.99427791666665
32.0,46.0,127.0,0.23437493750000726,150.99427791666665,151.22865285416665
32.0,-1.0,0.0,0.14737211979166887,151.22865285416665,151.37602497395832
32.0,48.0,127.0,0.43146295312499205,151.37602497395832,151.80748792708332
32.0,-1.0,0.0,0.11363633333334633,151.80748792708332,151.92112426041666
32.0,46.0,127.0,0.3515624062499967,151.92112426041666,152.27268666666666
32.0,-1.0,0.0,0.09765622395832452,152.27268666666666,152.37034289062498
32.0,44.0,127.0,0.25035504687500065,152.37034289062498,152.62069793749998
32.0,-1.0,0.0,0.134943145833347,152.62069793749998,152.75564108333333
32.0,43.0,127.0,0.42080954687500594,152.75564108333333,153.17645063020834
32.0,-1.0,0.0,0.09765622395832452,153.17645063020834,153.27410685416666
32.0,46.0,127.0,0.3852981927083192,153.27410685416666,153.65940504687498
32.0,-1.0,0.0,0.10298292708333179,153.65940504687498,153.7623879739583
32.0,43.0,127.0,0.21484369270834236,153.7623879739583,153.97723166666665
32.0,-1.0,0.0,0.13671871354165432,153.97723166666665,154.1139503802083
32.0,39.0,127.0,0.38174705729167613,154.1139503802083,154.49569743749998
32.0,-1.0,0.0,0.14737211979166887,154.49569743749998,154.64306955729165
32.0,43.0,127.0,0.42080954687500594,154.64306955729165,155.06387910416666
32.0,-1.0,0.0,0.07279827604165234,155.06387910416666,155.1366773802083
32.0,46.0,127.0,0.1935368802083417,155.1366773802083,155.33021426041665
32.0,-1.0,0.0,0.15980109374999074,155.33021426041665,155.49001535416664
32.0,48.0,127.0,0.4261362500000132,155.49001535416664,155.91615160416666
32.0,-1.0,0.0,0.11896303645832518,155.91615160416666,156.03511464062498
32.0,46.0,127.0,0.363991380208347,156.03511464062498,156.39910602083333
32.0,-1.0,0.0,0.07812497916665961,156.39910602083333,156.477231
32.0,43.0,127.0,0.19886358333332055,156.477231,156.6760945833333
32.0,-1.0,0.0,0.13139201041667548,156.6760945833333,156.80748659374999
32.0,39.0,127.0,0.41548284374999866,156.80748659374999,157.22296943749998
32.0,-1.0,0.0,0.12428973958333245,157.22296943749998,157.34725917708332
32.0,46.0,127.0,0.3071732135416596,157.34725917708332,157.65443239062498
32.0,-1.0,0.0,0.12428973958333245,157.65443239062498,157.7787221302083
32.0,43.0,127.0,0.21661926041667812,157.7787221302083,157.995341390625
32.0,-1.0,0.0,0.1811079062499914,157.995341390625,158.17644929687498
32.0,39.0,127.0,0.38174705729167613,158.17644929687498,158.55819635416665
32.0,-1.0,0.0,0.12428973958333245,158.55819635416665,158.68248609375
32.0,43.0,127.0,0.3355822968750033,158.68248609375,159.018068390625
32.0,-1.0,0.0,0.15802552604165498,159.018068390625,159.17609391666664
32.0,46.0,127.0,0.30184651041668076,159.17609391666664,159.47794042708333
32.0,-1.0,0.0,0.09588065624998876,159.47794042708333,159.5738210833333
32.0,48.0,127.0,0.44389192708334235,159.5738210833333,160.01771301041666
32.0,-1.0,0.0,0.0745738437499881,160.01771301041666,160.09228685416664
32.0,46.0,127.0,0.36931808333335425,160.09228685416664,160.4616049375
32.0,-1.0,0.0,0.09588065624998876,160.4616049375,160.55748559375
32.0,43.0,127.0,0.21661926041667812,160.55748559375,160.77410485416667
32.0,-1.0,0.0,0.11896303645832518,160.77410485416667,160.893067890625
32.0,39.0,127.0,0.40838057291665564,160.893067890625,161.30144846354165
32.0,-1.0,0.0,0.10298292708333179,161.30144846354165,161.40443139062498
32.0,43.0,127.0,0.34090900000001056,161.40443139062498,161.745340390625
32.0,-1.0,0.0,0.14737211979166887,161.745340390625,161.89271251041666
32.0,46.0,127.0,0.2610084531249868,161.89271251041666,162.15372096354164
32.0,-1.0,0.0,0.14204541666669002,162.15372096354164,162.29576638020833
32.0,39.0,127.0,0.4776277135416649,162.29576638020833,162.77339409375
32.0,-1.0,0.0,0.07990054687499537,162.77339409375,162.853294640625
32.0,40.0,127.0,0.4367896562499993,162.853294640625,163.290084296875
32.0,-1.0,0.0,0.033735786458322536,163.290084296875,163.32382008333332
32.0,41.0,127.0,0.21661926041667812,163.32382008333332,163.54043934375
32.0,-1.0,0.0,0.11363633333331791,163.54043934375,163.6540756770833
32.0,41.0,127.0,0.41548284374999866,163.6540756770833,164.0695585208333
32.0,-1.0,0.0,0.09588065625001718,164.0695585208333,164.16543917708333
32.0,46.0,127.0,0.40838057291665564,164.16543917708333,164.57381974999998
32.0,-1.0,0.0,0.07990054687499537,164.57381974999998,164.65372029687498
32.0,44.0,127.0,0.20419028645835624,164.65372029687498,164.85791058333334
32.0,-1.0,0.0,0.13671871354165432,164.85791058333334,164.994629296875
32.0,41.0,127.0,0.3746447864583331,164.994629296875,165.36927408333332
32.0,-1.0,0.0,0.13671871354165432,165.36927408333332,165.50599279687498
32.0,48.0,127.0,0.34623570312501784,165.50599279687498,165.8522285
32.0,-1.0,0.0,0.15447439062498347,165.8522285,166.00670289062498
32.0,46.0,127.0,0.19886358333334897,166.00670289062498,166.20556647395833
32.0,-1.0,0.0,0.17578120312498413,166.20556647395833,166.3813476770833
32.0,41.0,127.0,0.3355822968750033,166.3813476770833,166.71692997395832
32.0,-1.0,0.0,0.15269882291667614,166.71692997395832,166.869628796875
32.0,44.0,127.0,0.30184651041665234,166.869628796875,167.17147530729164
32.0,-1.0,0.0,0.18110790625001982,167.17147530729164,167.35258321354166
32.0,41.0,127.0,0.18288347395832716,167.35258321354166,167.5354666875
32.0,-1.0,0.0,0.16335222916666226,167.5354666875,167.69881891666665
32.0,38.0,127.0,0.39240046354166225,167.69881891666665,168.09121938020832
32.0,-1.0,0.0,0.1260653072916682,168.09121938020832,168.21728468749998
32.0,41.0,127.0,0.32848002604166027,168.21728468749998,168.54576471354164
32.0,-1.0,0.0,0.14737211979166887,168.54576471354164,168.6931368333333
32.0,44.0,127.0,0.25035504687500065,168.6931368333333,168.9434918802083
32.0,-1.0,0.0,0.1420454166666616,168.9434918802083,169.08553729687497
32.0,48.0,127.0,0.38174705729167613,169.08553729687497,169.46728435416665
32.0,-1.0,0.0,0.12428973958333245,169.46728435416665,169.59157409374998
32.0,46.0,127.0,0.40838057291668406,169.59157409374998,169.99995466666667
32.0,-1.0,0.0,0.10298292708333179,169.99995466666667,170.10293759375
32.0,44.0,127.0,0.2787641302083159,170.10293759375,170.38170172395832
32.0,-1.0,0.0,0.0674715729166735,170.38170172395832,170.449173296875
32.0,41.0,127.0,0.3977271666666695,170.449173296875,170.84690046354166
32.0,-1.0,0.0,0.11363633333331791,170.84690046354166,170.96053679687498
32.0,46.0,127.0,0.44389192708334235,170.96053679687498,171.40442872395832
32.0,-1.0,0.0,0.062144869791666224,171.40442872395832,171.46657359374998
32.0,44.0,127.0,0.22727266666666424,171.46657359374998,171.69384626041665
32.0,-1.0,0.0,0.13671871354168275,171.69384626041665,171.83056497395833
32.0,38.0,127.0,0.37997148958331195,171.83056497395833,172.21053646354164
32.0,-1.0,0.0,0.13139201041667548,172.21053646354164,172.34192847395832
32.0,41.0,127.0,0.300070942708345,172.34192847395832,172.64199941666666
32.0,-1.0,0.0,0.15447439062498347,172.64199941666666,172.79647380729165
32.0,44.0,127.0,0.2095169895833351,172.79647380729165,173.00599079687498
32.0,-1.0,0.0,0.14737211979166887,173.00599079687498,173.15336291666665
32.0,48.0,127.0,0.41548284374999866,173.15336291666665,173.56884576041665
32.0,-1.0,0.0,0.12428973958333245,173.56884576041665,173.69313549999998
32.0,46.0,127.0,0.330255593749996,173.69313549999998,174.02339109374998
32.0,-1.0,0.0,0.11363633333334633,174.02339109374998,174.13702742708332
32.0,44.0,127.0,0.22727266666666424,174.13702742708332,174.36430009375
32.0,-1.0,0.0,0.17578120312501255,174.36430009375,174.540081296875
32.0,39.0,127.0,0.41548284374999866,174.540081296875,174.955564140625
32.0,-1.0,0.0,0.08522724999997422,174.955564140625,175.04079139062497
32.0,43.0,127.0,0.3284800260416887,175.04079139062497,175.36927141666666
32.0,-1.0,0.0,0.17045449999997686,175.36927141666666,175.53972591666664
32.0,46.0,127.0,0.21661926041667812,175.53972591666664,175.75634517708332
32.0,-1.0,0.0,0.1420454166666616,175.75634517708332,175.89839059374998
32.0,48.0,127.0,0.48295441666667216,175.89839059374998,176.38134501041665
32.0,-1.0,0.0,0.07990054687499537,176.38134501041665,176.46124555729165
32.0,39.0,127.0,0.2716618593750013,176.46124555729165,176.73290741666665
32.0,-1.0,0.0,0.07457384375001652,176.73290741666665,176.80748126041667
32.0,40.0,127.0,0.24502834374999338,176.80748126041667,177.05250960416666
32.0,-1.0,0.0,0.1811079062499914,177.05250960416666,177.23361751041665
32.0,44.0,127.0,0.36931808333332583,177.23361751041665,177.60293559374998
32.0,-1.0,0.0,0.13139201041667548,177.60293559374998,177.73432760416665
32.0,48.0,127.0,0.3622158125000112,177.73432760416665,178.09654341666666
32.0,-1.0,0.0,0.165127796874998,178.09654341666666,178.26167121354166
32.0,51.0,127.0,0.28941753645833046,178.26167121354166,178.55108875
32.0,-1.0,0.0,0.07990054687499537,178.55108875,178.630989296875
32.0,48.0,127.0,0.5007100937500013,178.630989296875,179.131699390625
32.0,-1.0,0.0,0.056818166666658954,179.131699390625,179.18851755729165
32.0,44.0,127.0,0.36931808333335425,179.18851755729165,179.557835640625
32.0,-1.0,0.0,0.07279827604165234,179.557835640625,179.63063391666665
32.0,41.0,127.0,0.18821017708333443,179.63063391666665,179.81884409375
32.0,-1.0,0.0,0.165127796874998,179.81884409375,179.98397189062499
32.0,44.0,127.0,0.36931808333332583,179.98397189062499,180.3532899739583
32.0,-1.0,0.0,0.10830963020833906,180.3532899739583,180.46159960416665
32.0,48.0,127.0,0.33380672916666754,180.46159960416665,180.79540633333332
32.0,-1.0,0.0,0.1420454166666616,180.79540633333332,180.93745174999998
32.0,51.0,127.0,0.27876413020834434,180.93745174999998,181.21621588020832
32.0,-1.0,0.0,0.10830963020833906,181.21621588020832,181.32452551041666
32.0,50.0,127.0,0.4936078229166583,181.32452551041666,181.81813333333332
32.0,-1.0,0.0,0.09232952083334567,181.81813333333332,181.91046285416667
32.0,48.0,127.0,0.34090899999998214,181.91046285416667,182.25137185416665
32.0,-1.0,0.0,0.10120735937499603,182.25137185416665,182.35257921354165
32.0,46.0,127.0,0.22727266666666424,182.35257921354165,182.5798518802083
32.0,-1.0,0.0,0.165127796874998,182.5798518802083,182.7449796770833
32.0,39.0,127.0,0.4154828437500271,182.7449796770833,183.16046252083333
32.0,-1.0,0.0,0.06747157291664507,183.16046252083333,183.22793409374998
32.0,43.0,127.0,0.34623570312501784,183.22793409374998,183.574169796875
32.0,-1.0,0.0,0.14737211979166887,183.574169796875,183.72154191666667
32.0,46.0,127.0,0.2787641302083159,183.72154191666667,184.00030604687498
32.0,-1.0,0.0,0.11896303645832518,184.00030604687498,184.1192690833333
32.0,50.0,127.0,0.42080954687500594,184.1192690833333,184.5400786302083
32.0,-1.0,0.0,0.10298292708333179,184.5400786302083,184.64306155729165
32.0,48.0,127.0,0.35688910937500395,184.64306155729165,184.99995066666665
32.0,-1.0,0.0,0.11363633333334633,184.99995066666665,185.113587
32.0,46.0,127.0,0.18821017708333443,185.113587,185.30179717708333
32.0,-1.0,0.0,0.17578120312498413,185.30179717708333,185.4775783802083
32.0,39.0,127.0,0.4492186302083496,185.4775783802083,185.92679701041666
32.0,-1.0,0.0,0.11363633333331791,185.92679701041666,186.04043334374998
32.0,43.0,127.0,0.3586646770833397,186.04043334374998,186.39909802083332
32.0,-1.0,0.0,0.1065340625000033,186.39909802083332,186.50563208333332
32.0,46.0,127.0,0.22727266666666424,186.50563208333332,186.73290475
32.0,-1.0,0.0,0.13671871354165432,186.73290475,186.86962346354164
32.0,43.0,127.0,0.47230101041668604,186.86962346354164,187.34192447395833
32.0,-1.0,0.0,0.10120735937499603,187.34192447395833,187.44313183333333
32.0,46.0,127.0,0.330255593749996,187.44313183333333,187.77338742708332
32.0,-1.0,0.0,0.062144869791666224,187.77338742708332,187.835532296875
32.0,43.0,127.0,0.165127796874998,187.835532296875,188.00066009374999
32.0,-1.0,0.0,0.15980109374999074,188.00066009374999,188.16046118749998
32.0,41.0,127.0,0.49893452604166555,188.16046118749998,188.65939571354164
32.0,-1.0,0.0,0.09765622395835294,188.65939571354164,188.7570519375
32.0,45.0,127.0,0.35688910937500395,188.7570519375,189.113941046875
32.0,-1.0,0.0,0.13671871354165432,189.113941046875,189.25065976041665
32.0,48.0,127.0,0.21661926041667812,189.25065976041665,189.46727902083333
32.0,-1.0,0.0,0.11896303645832518,189.46727902083333,189.58624205729166
32.0,51.0,127.0,0.4492186302083212,189.58624205729166,190.03546068749998
32.0,-1.0,0.0,0.0674715729166735,190.03546068749998,190.10293226041665
32.0,48.0,127.0,0.37997148958334037,190.10293226041665,190.48290375
32.0,-1.0,0.0,0.056818166666658954,190.48290375,190.53972191666665
32.0,45.0,127.0,0.19886358333334897,190.53972191666665,190.7385855
32.0,-1.0,0.0,0.19353688020831328,190.7385855,190.9321223802083
32.0,41.0,127.0,0.34623570312501784,190.9321223802083,191.27835808333333
32.0,-1.0,0.0,0.09765622395832452,191.27835808333333,191.37601430729165
32.0,45.0,127.0,0.3462357031249894,191.37601430729165,191.72225001041664
32.0,-1.0,0.0,0.18821017708333443,191.72225001041664,191.91046018749998
32.0,48.0,127.0,0.2325993697916715,191.91046018749998,192.14305955729165
32.0,-1.0,0.0,0.15269882291667614,192.14305955729165,192.29575838020833
32.0,50.0,127.0,0.43146295312499205,192.29575838020833,192.72722133333332
32.0,-1.0,0.0,0.1260653072916682,192.72722133333332,192.853286640625
32.0,48.0,127.0,0.34090900000001056,192.853286640625,193.194195640625
32.0,-1.0,0.0,0.08522725000000264,193.194195640625,193.279422890625
32.0,45.0,127.0,0.15269882291664771,193.279422890625,193.43212171354165
32.0,-1.0,0.0,0.21661926041667812,193.43212171354165,193.64874097395833
32.0,41.0,127.0,0.40838057291665564,193.64874097395833,194.05712154687498
32.0,-1.0,0.0,0.10830963020833906,194.05712154687498,194.16543117708332
32.0,43.0,127.0,0.3355822968750033,194.16543117708332,194.50101347395832
32.0,-1.0,0.0,0.14737211979166887,194.50101347395832,194.64838559375
32.0,44.0,127.0,0.323153322916653,194.64838559375,194.97153891666665
32.0,-1.0,0.0,0.08522725000000264,194.97153891666665,195.05676616666665
32.0,46.0,127.0,0.46697430729167877,195.05676616666665,195.52374047395833
32.0,-1.0,0.0,0.15269882291664771,195.52374047395833,195.67643929687497
32.0,50.0,127.0,0.25035504687500065,195.67643929687497,195.92679434374998
32.0,-1.0,0.0,0.09588065625001718,195.92679434374998,196.022675
32.0,48.0,127.0,0.14914768750000462,196.022675,196.1718226875
32.0,-1.0,0.0,0.21484369270831394,196.1718226875,196.3866663802083
32.0,44.0,127.0,0.363991380208347,196.3866663802083,196.75065776041666
32.0,-1.0,0.0,0.10830963020833906,196.75065776041666,196.858967390625
32.0,48.0,127.0,0.3462357031249894,196.858967390625,197.20520309375
32.0,-1.0,0.0,0.13671871354165432,197.20520309375,197.34192180729164
32.0,51.0,127.0,0.24325277604168605,197.34192180729164,197.58517458333333
32.0,-1.0,0.0,0.12073860416666093,197.58517458333333,197.7059131875
32.0,48.0,127.0,0.43146295312499205,197.7059131875,198.13737614062498
32.0,-1.0,0.0,0.09055395312500991,198.13737614062498,198.22793009375
32.0,44.0,127.0,0.3515624062499967,198.22793009375,198.5794925
32.0,-1.0,0.0,0.1260653072916682,198.5794925,198.70555780729165
32.0,41.0,127.0,0.27876413020834434,198.70555780729165,198.9843219375
32.0,-1.0,0.0,0.11896303645832518,198.9843219375,199.10328497395832
32.0,44.0,127.0,0.323153322916653,199.10328497395832,199.42643829687498
32.0,-1.0,0.0,0.1544743906250119,199.42643829687498,199.5809126875
32.0,48.0,127.0,0.35688910937500395,199.5809126875,199.937801796875
32.0,-1.0,0.0,0.165127796874998,199.937801796875,200.10292959375
32.0,48.0,127.0,0.20419028645832782,200.10292959375,200.30711988020832
32.0,-1.0,0.0,0.17045450000000528,200.30711988020832,200.47757438020832
32.0,46.0,127.0,0.3817470572916477,200.47757438020832,200.85932143749997
32.0,-1.0,0.0,0.12961644270833972,200.85932143749997,200.9889378802083
32.0,44.0,127.0,0.30717321354168803,200.9889378802083,201.29611109375
32.0,-1.0,0.0,0.11896303645832518,201.29611109375,201.41507413020832
32.0,41.0,127.0,0.20419028645832782,201.41507413020832,201.61926441666665
32.0,-1.0,0.0,0.18288347395832716,201.61926441666665,201.80214789062498
32.0,43.0,127.0,0.38529819270834764,201.80214789062498,202.18744608333333
32.0,-1.0,0.0,0.13139201041664705,202.18744608333333,202.31883809374997
32.0,46.0,127.0,0.3231533229166814,202.31883809374997,202.64199141666666
32.0,-1.0,0.0,0.18821017708333443,202.64199141666666,202.83020159375
32.0,50.0,127.0,0.25035504687500065,202.83020159375,203.080556640625
32.0,-1.0,0.0,0.11363633333331791,203.080556640625,203.1941929739583
32.0,46.0,127.0,0.40838057291668406,203.1941929739583,203.602573546875
32.0,-1.0,0.0,0.11363633333331791,203.602573546875,203.7162098802083
32.0,43.0,127.0,0.35333797395833244,203.7162098802083,204.06954785416664
32.0,-1.0,0.0,0.1065340625000033,204.06954785416664,204.17608191666665
32.0,39.0,127.0,0.18288347395832716,204.17608191666665,204.35896539062497
32.0,-1.0,0.0,0.18110790625001982,204.35896539062497,204.540073296875
32.0,43.0,127.0,0.40305386979164837,204.540073296875,204.94312716666664
32.0,-1.0,0.0,0.13671871354168275,204.94312716666664,205.07984588020832
32.0,45.0,127.0,0.17045450000000528,205.07984588020832,205.25030038020833
32.0,46.0,127.0,0.35688910937500395,205.0691924739583,205.4260815833333
32.0,-1.0,0.0,0.10298292708333179,205.4260815833333,205.52906451041665
32.0,43.0,127.0,0.15269882291667614,205.52906451041665,205.68176333333332
32.0,-1.0,0.0,0.20596585416666358,205.68176333333332,205.88772918749999
32.0,39.0,127.0,0.44744306250001387,205.88772918749999,206.33517225
32.0,-1.0,0.0,0.10830963020831064,206.33517225,206.4434818802083
32.0,40.0,127.0,0.34623570312501784,206.4434818802083,206.78971758333333
32.0,-1.0,0.0,0.06924714062498083,206.78971758333333,206.8589647239583
32.0,41.0,127.0,0.2716618593750013,206.8589647239583,207.1306265833333
32.0,-1.0,0.0,0.1544743906250119,207.1306265833333,207.28510097395832
32.0,48.0,127.0,0.3852981927083192,207.28510097395832,207.67039916666664
32.0,-1.0,0.0,0.11363633333334633,207.67039916666664,207.7840355
32.0,46.0,127.0,0.34090900000001056,207.7840355,208.1249445
32.0,-1.0,0.0,0.165127796874998,208.1249445,208.290072296875
32.0,44.0,127.0,0.21129255729164242,208.290072296875,208.50136485416664
32.0,-1.0,0.0,0.14737211979166887,208.50136485416664,208.6487369739583
32.0,38.0,127.0,0.36931808333335425,208.6487369739583,209.01805505729166
32.0,-1.0,0.0,0.11896303645832518,209.01805505729166,209.13701809375
32.0,41.0,127.0,0.31782661979167415,209.13701809375,209.45484471354166
32.0,-1.0,0.0,0.17578120312498413,209.45484471354166,209.63062591666665
32.0,44.0,127.0,0.17045450000000528,209.63062591666665,209.80108041666665
32.0,-1.0,0.0,0.19886358333334897,209.80108041666665,209.999944
32.0,48.0,127.0,0.3817470572916477,209.999944,210.38169105729165
32.0,-1.0,0.0,0.12961644270833972,210.38169105729165,210.5113075
32.0,46.0,127.0,0.2965198072916735,210.5113075,210.80782730729166
32.0,-1.0,0.0,0.15802552604165498,210.80782730729166,210.96585283333332
32.0,44.0,127.0,0.15980109374999074,210.96585283333332,211.1256539270833
32.0,-1.0,0.0,0.21661926041667812,211.1256539270833,211.34227318749998
32.0,41.0,127.0,0.3977271666666695,211.34227318749998,211.74000035416665
32.0,-1.0,0.0,0.15269882291667614,211.74000035416665,211.89269917708333
32.0,43.0,127.0,0.26633515624999404,211.89269917708333,212.15903433333332
32.0,-1.0,0.0,0.14914768750000462,212.15903433333332,212.30818202083333
32.0,44.0,127.0,0.19886358333332055,212.30818202083333,212.50704560416665
32.0,-1.0,0.0,0.2325993697916715,212.50704560416665,212.73964497395832
32.0,46.0,127.0,0.3515624062499967,212.73964497395832,213.09120738020832
32.0,-1.0,0.0,0.14737211979166887,213.09120738020832,213.2385795
32.0,39.0,127.0,0.35333797395833244,213.2385795,213.59191747395832
32.0,-1.0,0.0,0.1420454166666616,213.59191747395832,213.73396289062498
32.0,43.0,127.0,0.23792607291667878,213.73396289062498,213.97188896354166
32.0,-1.0,0.0,0.13671871354165432,213.97188896354166,214.1086076770833
32.0,46.0,127.0,0.40838057291668406,214.1086076770833,214.51698825
32.0,-1.0,0.0,0.10830963020831064,214.51698825,214.6252978802083
32.0,48.0,127.0,0.33025559375002445,214.6252978802083,214.95555347395833
32.0,-1.0,0.0,0.08522724999997422,214.95555347395833,215.0407807239583
32.0,46.0,127.0,0.2095169895833351,215.0407807239583,215.25029771354164
32.0,-1.0,0.0,0.18288347395835558,215.25029771354164,215.4331811875
32.0,44.0,127.0,0.3622158124999828,215.4331811875,215.79539699999998
32.0,-1.0,0.0,0.13671871354168275,215.79539699999998,215.93211571354166
32.0,48.0,127.0,0.3355822968749749,215.93211571354166,216.26769801041664
32.0,-1.0,0.0,0.17578120312501255,216.26769801041664,216.44347921354165
32.0,51.0,127.0,0.2556817500000079,216.44347921354165,216.69916096354166
32.0,-1.0,0.0,0.10298292708333179,216.69916096354166,216.802143890625
32.0,48.0,127.0,0.4367896562499993,216.802143890625,217.238933546875
32.0,-1.0,0.0,0.10298292708333179,217.238933546875,217.34191647395832
32.0,44.0,127.0,0.3124999166666669,217.34191647395832,217.654416390625
32.0,-1.0,0.0,0.1420454166666616,217.654416390625,217.79646180729165
32.0,41.0,127.0,0.2325993697916715,217.79646180729165,218.02906117708332
32.0,-1.0,0.0,0.165127796874998,218.02906117708332,218.19418897395832
32.0,44.0,127.0,0.32848002604166027,218.19418897395832,218.52266899999998
32.0,-1.0,0.0,0.13139201041667548,218.52266899999998,218.65406101041665
32.0,48.0,127.0,0.29474423958333773,218.65406101041665,218.94880525
32.0,-1.0,0.0,0.18821017708333443,218.94880525,219.13701542708333
32.0,51.0,127.0,0.2556817499999795,219.13701542708333,219.3926971770833
32.0,-1.0,0.0,0.10298292708333179,219.3926971770833,219.49568010416664
32.0,48.0,127.0,0.4190339791666702,219.49568010416664,219.9147140833333
32.0,-1.0,0.0,0.14204541666669002,219.9147140833333,220.0567595
32.0,46.0,127.0,0.23437493749997884,220.0567595,220.29113443749998
32.0,-1.0,0.0,0.20419028645832782,220.29113443749998,220.4953247239583
32.0,44.0,127.0,0.2219459635416854,220.4953247239583,220.7172706875
32.0,-1.0,0.0,0.17045450000000528,220.7172706875,220.8877251875
32.0,43.0,127.0,0.3977271666666695,220.8877251875,221.28545235416667
32.0,-1.0,0.0,0.12428973958333245,221.28545235416667,221.40974209375
32.0,48.0,127.0,0.36399138020831856,221.40974209375,221.77373347395832
32.0,-1.0,0.0,0.12428973958333245,221.77373347395832,221.89802321354165
32.0,46.0,127.0,0.20419028645832782,221.89802321354165,222.10221349999998
32.0,-1.0,0.0,0.165127796874998,222.10221349999998,222.26734129687497
32.0,39.0,127.0,0.41548284374999866,222.26734129687497,222.68282414062497
32.0,-1.0,0.0,0.09588065625001718,222.68282414062497,222.778704796875
32.0,43.0,127.0,0.3462357031249894,222.778704796875,223.12494049999998
32.0,-1.0,0.0,0.15980109374999074,223.12494049999998,223.28474159374997
32.0,46.0,127.0,0.21661926041667812,223.28474159374997,223.50136085416665
32.0,-1.0,0.0,0.134943145833347,223.50136085416665,223.636304
32.0,39.0,127.0,0.36931808333332583,223.636304,224.00562208333332
32.0,-1.0,0.0,0.10298292708333179,224.00562208333332,224.10860501041665
32.0,43.0,127.0,0.3355822968750033,224.10860501041665,224.44418730729166
32.0,-1.0,0.0,0.1420454166666616,224.44418730729166,224.58623272395832
32.0,46.0,127.0,0.21484369270834236,224.58623272395832,224.80107641666666
32.0,-1.0,0.0,0.1420454166666616,224.80107641666666,224.94312183333332
32.0,39.0,127.0,0.4723010104166576,224.94312183333332,225.41542284374998
32.0,-1.0,0.0,0.10830963020833906,225.41542284374998,225.52373247395832
32.0,40.0,127.0,0.3746447864583331,225.52373247395832,225.89837726041665
32.0,-1.0,0.0,0.0745738437499881,225.89837726041665,225.97295110416664
32.0,41.0,127.0,0.18110790625001982,225.97295110416664,226.15405901041666
32.0,-1.0,0.0,0.165127796874998,226.15405901041666,226.31918680729166
32.0,48.0,127.0,0.35688910937500395,226.31918680729166,226.67607591666666
32.0,-1.0,0.0,0.1420454166666616,226.67607591666666,226.81812133333332
32.0,46.0,127.0,0.36399138020831856,226.81812133333332,227.18211271354164
32.0,-1.0,0.0,0.14737211979166887,227.18211271354164,227.3294848333333
32.0,44.0,127.0,0.24502834374999338,227.3294848333333,227.5745131770833
32.0,-1.0,0.0,0.15269882291667614,227.5745131770833,227.72721199999998
32.0,38.0,127.0,0.37642035416666886,227.72721199999998,228.10363235416665
32.0,-1.0,0.0,0.12428973958333245,228.10363235416665,228.22792209374998
32.0,41.0,127.0,0.29474423958333773,228.22792209374998,228.52266633333332
32.0,-1.0,0.0,0.1544743906250119,228.52266633333332,228.67714072395833
32.0,44.0,127.0,0.19353688020831328,228.67714072395833,228.87067760416664
32.0,-1.0,0.0,0.20419028645832782,228.87067760416664,229.07486789062497
32.0,48.0,127.0,0.41370727604169133,229.07486789062497,229.48857516666666
32.0,-1.0,0.0,0.11363633333331791,229.48857516666666,229.60221149999998
32.0,46.0,127.0,0.330255593749996,229.60221149999998,229.93246709374998
32.0,-1.0,0.0,0.14737211979166887,229.93246709374998,230.07983921354165
32.0,44.0,127.0,0.19886358333334897,230.07983921354165,230.278702796875
32.0,-1.0,0.0,0.17578120312498413,230.278702796875,230.45448399999998
32.0,38.0,127.0,0.36931808333332583,230.45448399999998,230.8238020833333
32.0,-1.0,0.0,0.13139201041667548,230.8238020833333,230.95519409374998
32.0,41.0,127.0,0.28941753645833046,230.95519409374998,231.2446116302083
32.0,-1.0,0.0,0.165127796874998,231.2446116302083,231.4097394270833
32.0,44.0,127.0,0.18821017708333443,231.4097394270833,231.59794960416664
32.0,-1.0,0.0,0.22017039583334963,231.59794960416664,231.81812
32.0,39.0,127.0,0.34090899999998214,231.81812,232.15902899999998
32.0,-1.0,0.0,0.17045450000000528,232.15902899999998,232.32948349999998
32.0,43.0,127.0,0.34090900000001056,232.32948349999998,232.6703925
32.0,-1.0,0.0,0.17045450000000528,232.6703925,232.840847
32.0,46.0,127.0,0.17045449999997686,232.840847,233.01130149999997
32.0,-1.0,0.0,0.17045450000000528,233.01130149999997,233.18175599999998
32.0,36.0,127.0,0.34090900000001056,233.18175599999998,233.522665
32.0,-1.0,0.0,0.17045450000000528,233.522665,233.6931195
32.0,39.0,127.0,0.34090899999998214,233.6931195,234.03402849999998
32.0,-1.0,0.0,0.17045450000000528,234.03402849999998,234.20448299999998
32.0,43.0,127.0,0.17045450000000528,234.20448299999998,234.3749375
32.0,-1.0,0.0,0.17045450000000528,234.3749375,234.545392
32.0,41.0,127.0,0.34090899999998214,234.545392,234.88630099999997
32.0,-1.0,0.0,0.17045450000000528,234.88630099999997,235.05675549999998
32.0,44.0,127.0,0.34090900000001056,235.05675549999998,235.3976645
32.0,-1.0,0.0,0.17045450000000528,235.3976645,235.568119
32.0,48.0,127.0,0.17045449999997686,235.568119,235.73857349999997
32.0,-1.0,0.0,0.17045450000000528,235.73857349999997,235.90902799999998
32.0,41.0,127.0,0.34090900000001056,235.90902799999998,236.249937
32.0,-1.0,0.0,0.17045450000000528,236.249937,236.4203915
32.0,46.0,127.0,0.34090899999998214,236.4203915,236.76130049999998
32.0,-1.0,0.0,0.17045450000000528,236.76130049999998,236.93175499999998
32.0,43.0,127.0,0.17045450000000528,236.93175499999998,237.1022095
32.0,-1.0,0.0,0.17045450000000528,237.1022095,237.272664
32.0,39.0,127.0,0.34090899999998214,237.272664,237.61357299999997
32.0,-1.0,0.0,0.17045450000000528,237.61357299999997,237.78402749999998
32.0,43.0,127.0,0.5113635000000158,237.78402749999998,238.295391
32.0,46.0,127.0,0.17045449999997686,238.295391,238.46584549999997
32.0,-1.0,0.0,0.17045450000000528,238.46584549999997,238.63629999999998
32.0,36.0,127.0,0.34090900000001056,238.63629999999998,238.977209
32.0,-1.0,0.0,0.17045450000000528,238.977209,239.1476635
32.0,39.0,127.0,0.34090899999998214,239.1476635,239.48857249999998
32.0,-1.0,0.0,0.17045450000000528,239.48857249999998,239.65902699999998
32.0,43.0,127.0,0.17045450000000528,239.65902699999998,239.82948149999999
32.0,-1.0,0.0,0.17045450000000528,239.82948149999999,239.999936
32.0,41.0,127.0,0.34090899999998214,239.999936,240.34084499999997
32.0,-1.0,0.0,0.17045450000000528,240.34084499999997,240.51129949999998
32.0,44.0,127.0,0.34090900000001056,240.51129949999998,240.8522085
32.0,-1.0,0.0,0.17045450000000528,240.8522085,241.022663
32.0,48.0,127.0,0.17045449999997686,241.022663,241.19311749999997
32.0,-1.0,0.0,0.17045450000000528,241.19311749999997,241.36357199999998
32.0,41.0,127.0,0.5113635000000158,241.36357199999998,241.8749355
32.0,46.0,127.0,0.34090899999998214,241.8749355,242.21584449999997
32.0,-1.0,0.0,0.17045450000000528,242.21584449999997,242.38629899999998
32.0,43.0,127.0,0.17045450000000528,242.38629899999998,242.55675349999999
32.0,-1.0,0.0,0.17045450000000528,242.55675349999999,242.727208
32.0,39.0,127.0,0.34090899999998214,242.727208,243.06811699999997
32.0,-1.0,0.0,0.17045450000000528,243.06811699999997,243.23857149999998
32.0,43.0,127.0,0.34090900000001056,243.23857149999998,243.5794805
32.0,-1.0,0.0,0.17045450000000528,243.5794805,243.749935
32.0,46.0,127.0,0.17045449999997686,243.749935,243.92038949999997
32.0,-1.0,0.0,0.17045450000000528,243.92038949999997,244.09084399999998
32.0,39.0,127.0,0.34090900000001056,244.09084399999998,244.431753
32.0,-1.0,0.0,0.17045450000000528,244.431753,244.6022075
32.0,43.0,127.0,0.34090899999998214,244.6022075,244.94311649999997
32.0,-1.0,0.0,0.17045450000000528,244.94311649999997,245.11357099999998
32.0,46.0,127.0,0.17045450000000528,245.11357099999998,245.28402549999998
32.0,-1.0,0.0,0.17045450000000528,245.28402549999998,245.45448
32.0,46.0,127.0,0.9659088333333159,245.45448,246.4203888333333
32.0,-1.0,0.0,0.3977271666666695,246.4203888333333,246.81811599999997
32.0,44.0,127.0,0.7617185468750165,246.81811599999997,247.579834546875
32.0,-1.0,0.0,0.7723719531250026,247.579834546875,248.3522065
32.0,41.0,127.0,0.09232952083331725,248.3522065,248.4445360208333
32.0,-1.0,0.0,0.2485794791666649,248.4445360208333,248.69311549999998
32.0,41.0,127.0,0.07990054687499537,248.69311549999998,248.77301604687497
32.0,-1.0,0.0,0.2610084531250152,248.77301604687497,249.0340245
32.0,41.0,127.0,0.10830963020833906,249.0340245,249.14233413020833
32.0,-1.0,0.0,0.40305386979164837,249.14233413020833,249.54538799999997
32.0,39.0,127.0,0.34090900000001056,249.54538799999997,249.88629699999998
32.0,-1.0,0.0,0.17045450000000528,249.88629699999998,250.0567515
32.0,43.0,127.0,0.34090899999998214,250.0567515,250.39766049999997
32.0,-1.0,0.0,0.17045450000000528,250.39766049999997,250.56811499999998
32.0,46.0,127.0,0.17045450000000528,250.56811499999998,250.73856949999998
32.0,-1.0,0.0,0.17045450000000528,250.73856949999998,250.909024
32.0,39.0,127.0,0.34090899999998214,250.909024,251.24993299999997
32.0,-1.0,0.0,0.17045450000000528,251.24993299999997,251.42038749999998
32.0,43.0,127.0,0.34090900000001056,251.42038749999998,251.7612965
32.0,-1.0,0.0,0.17045450000000528,251.7612965,251.931751
32.0,46.0,127.0,0.17045449999997686,251.931751,252.10220549999997
32.0,-1.0,0.0,0.17045450000000528,252.10220549999997,252.27265999999997
32.0,39.0,127.0,0.34090900000001056,252.27265999999997,252.61356899999998
32.0,-1.0,0.0,0.17045450000000528,252.61356899999998,252.7840235
32.0,43.0,127.0,0.5113634999999874,252.7840235,253.29538699999998
32.0,46.0,127.0,0.17045450000000528,253.29538699999998,253.46584149999998
32.0,-1.0,0.0,0.17045450000000528,253.46584149999998,253.636296
32.0,41.0,127.0,0.34090899999998214,253.636296,253.97720499999997
32.0,-1.0,0.0,0.17045450000000528,253.97720499999997,254.14765949999997
32.0,44.0,127.0,0.34090900000001056,254.14765949999997,254.48856849999999
32.0,-1.0,0.0,0.17045450000000528,254.48856849999999,254.659023
32.0,46.0,127.0,0.17045450000000528,254.659023,254.8294775
32.0,-1.0,0.0,0.17045449999997686,254.8294775,254.99993199999997
32.0,41.0,127.0,0.34090900000001056,254.99993199999997,255.34084099999998
32.0,-1.0,0.0,0.17045450000000528,255.34084099999998,255.5112955
32.0,44.0,127.0,0.5113634999999874,255.5112955,256.022659
32.0,46.0,127.0,0.17045450000000528,256.022659,256.1931135
32.0,-1.0,0.0,0.17045450000000528,256.1931135,256.363568
32.0,41.0,127.0,0.34090900000001056,256.363568,256.704477
32.0,-1.0,0.0,0.17045450000000528,256.704477,256.8749315
32.0,44.0,127.0,0.3409089999999537,256.8749315,257.21584049999996
32.0,-1.0,0.0,0.17045450000000528,257.21584049999996,257.38629499999996
32.0,46.0,127.0,0.17045450000000528,257.38629499999996,257.55674949999997
32.0,-1.0,0.0,0.17045450000000528,257.55674949999997,257.727204
32.0,41.0,127.0,0.34090900000001056,257.727204,258.068113
32.0,-1.0,0.0,0.17045450000000528,258.068113,258.2385675
32.0,44.0,127.0,0.5113635000000158,258.2385675,258.749931
32.0,46.0,127.0,0.17045450000000528,258.749931,258.9203855
32.0,-1.0,0.0,0.17045449999994844,258.9203855,259.09083999999996
32.0,39.0,127.0,0.34090900000001056,259.09083999999996,259.43174899999997
32.0,-1.0,0.0,0.17045450000000528,259.43174899999997,259.6022035
32.0,43.0,127.0,0.34090900000001056,259.6022035,259.9431125
32.0,-1.0,0.0,0.17045450000000528,259.9431125,260.113567
32.0,46.0,127.0,0.17045450000000528,260.113567,260.2840215
32.0,-1.0,0.0,0.17045450000000528,260.2840215,260.454476
32.0,39.0,127.0,0.3409089999999537,260.454476,260.79538499999995
32.0,-1.0,0.0,0.17045450000000528,260.79538499999995,260.96583949999996
32.0,43.0,127.0,0.34090900000001056,260.96583949999996,261.30674849999997
32.0,-1.0,0.0,0.17045450000000528,261.30674849999997,261.477203
32.0,46.0,127.0,0.34090900000001056,261.477203,261.818112
32.0,39.0,127.0,0.34090900000001056,261.818112,262.159021
32.0,-1.0,0.0,0.17045450000000528,262.159021,262.3294755
32.0,43.0,127.0,0.511363499999959,262.3294755,262.84083899999996
32.0,46.0,127.0,0.17045450000000528,262.84083899999996,263.01129349999997
32.0,-1.0,0.0,0.17045450000000528,263.01129349999997,263.18174799999997
32.0,41.0,127.0,0.34090900000001056,263.18174799999997,263.522657
32.0,-1.0,0.0,0.17045450000000528,263.522657,263.6931115
32.0,44.0,127.0,0.34090900000001056,263.6931115,264.0340205
32.0,-1.0,0.0,0.17045450000000528,264.0340205,264.204475
32.0,46.0,127.0,0.17045450000000528,264.204475,264.3749295
32.0,-1.0,0.0,0.17045449999994844,264.3749295,264.54538399999996
32.0,41.0,127.0,0.34090900000001056,264.54538399999996,264.88629299999997
32.0,-1.0,0.0,0.17045450000000528,264.88629299999997,265.0567475
32.0,44.0,127.0,0.5113635000000158,265.0567475,265.568111
32.0,46.0,127.0,0.17045450000000528,265.568111,265.7385655
32.0,-1.0,0.0,0.17045450000000528,265.7385655,265.90902
32.0,41.0,127.0,0.34090900000001056,265.90902,266.249929
32.0,-1.0,0.0,0.17045449999994844,266.249929,266.42038349999996
32.0,44.0,127.0,0.5113635000000158,266.42038349999996,266.931747
32.0,46.0,127.0,0.17045450000000528,266.931747,267.1022015
32.0,-1.0,0.0,0.17045450000000528,267.1022015,267.272656
32.0,41.0,127.0,0.34090900000001056,267.272656,267.613565
32.0,-1.0,0.0,0.17045450000000528,267.613565,267.7840195
32.0,44.0,127.0,0.3409089999999537,267.7840195,268.12492849999995
32.0,-1.0,0.0,0.17045450000000528,268.12492849999995,268.29538299999996
32.0,46.0,127.0,0.17045450000000528,268.29538299999996,268.46583749999996
32.0,-1.0,0.0,0.17045450000000528,268.46583749999996,268.63629199999997
32.0,41.0,127.0,0.34090900000001056,268.63629199999997,268.977201
32.0,-1.0,0.0,0.17045450000000528,268.977201,269.1476555
32.0,44.0,127.0,0.34090900000001056,269.1476555,269.4885645
32.0,-1.0,0.0,0.17045450000000528,269.4885645,269.659019
32.0,46.0,127.0,0.17045450000000528,269.659019,269.8294735
32.0,-1.0,0.0,0.17045449999994844,269.8294735,269.99992799999995
32.0,39.0,127.0,0.34090900000001056,269.99992799999995,270.34083699999996
32.0,-1.0,0.0,0.17045450000000528,270.34083699999996,270.51129149999997
32.0,43.0,127.0,0.5113635000000158,270.51129149999997,271.022655
32.0,46.0,127.0,0.17045450000000528,271.022655,271.1931095
32.0,-1.0,0.0,0.17045450000000528,271.1931095,271.363564
32.0,39.0,127.0,0.34090900000001056,271.363564,271.704473
32.0,-1.0,0.0,0.17045449999994844,271.704473,271.87492749999996
32.0,43.0,127.0,0.34090900000001056,271.87492749999996,272.21583649999997
32.0,-1.0,0.0,0.17045450000000528,272.21583649999997,272.38629099999997
32.0,46.0,127.0,0.17045450000000528,272.38629099999997,272.5567455
32.0,-1.0,0.0,0.17045450000000528,272.5567455,272.7272
32.0,39.0,127.0,0.34090900000001056,272.7272,273.068109
32.0,-1.0,0.0,0.17045450000000528,273.068109,273.2385635
32.0,43.0,127.0,0.34090900000001056,273.2385635,273.5794725
32.0,-1.0,0.0,0.17045449999994844,273.5794725,273.74992699999996
32.0,46.0,127.0,0.17045450000000528,273.74992699999996,273.92038149999996
32.0,-1.0,0.0,0.17045450000000528,273.92038149999996,274.09083599999997
32.0,39.0,127.0,0.34090900000001056,274.09083599999997,274.431745
32.0,-1.0,0.0,0.17045450000000528,274.431745,274.6021995
32.0,43.0,127.0,0.5113635000000158,274.6021995,275.113563
32.0,46.0,127.0,0.17045450000000528,275.113563,275.2840175
32.0,-1.0,0.0,0.17045449999994844,275.2840175,275.45447199999995
32.0,41.0,127.0,0.34090900000001056,275.45447199999995,275.79538099999996
32.0,-1.0,0.0,0.17045450000000528,275.79538099999996,275.96583549999997
32.0,44.0,127.0,0.34090900000001056,275.96583549999997,276.3067445
32.0,-1.0,0.0,0.17045450000000528,276.3067445,276.477199
32.0,46.0,127.0,0.17045450000000528,276.477199,276.6476535
32.0,-1.0,0.0,0.17045450000000528,276.6476535,276.818108
32.0,41.0,127.0,0.34090900000001056,276.818108,277.159017
32.0,-1.0,0.0,0.17045449999994844,277.159017,277.32947149999995
32.0,44.0,127.0,0.5113635000000158,277.32947149999995,277.84083499999997
32.0,46.0,127.0,0.17045450000000528,277.84083499999997,278.0112895
32.0,-1.0,0.0,0.17045450000000528,278.0112895,278.181744
32.0,41.0,127.0,0.34090900000001056,278.181744,278.522653
32.0,-1.0,0.0,0.17045450000000528,278.522653,278.6931075
32.0,44.0,127.0,0.34090900000001056,278.6931075,279.0340165
32.0,-1.0,0.0,0.17045449999994844,279.0340165,279.20447099999996
32.0,46.0,127.0,0.17045450000000528,279.20447099999996,279.37492549999996
32.0,-1.0,0.0,0.17045450000000528,279.37492549999996,279.54537999999997
32.0,41.0,127.0,0.34090900000001056,279.54537999999997,279.886289
32.0,-1.0,0.0,0.17045450000000528,279.886289,280.0567435
32.0,44.0,127.0,0.5113635000000158,280.0567435,280.568107
32.0,46.0,127.0,0.17045450000000528,280.568107,280.7385615
32.0,-1.0,0.0,0.17045450000000528,280.7385615,280.909016
32.0,39.0,127.0,0.3409089999999537,280.909016,281.24992499999996
32.0,-1.0,0.0,0.17045450000000528,281.24992499999996,281.42037949999997
32.0,43.0,127.0,0.34090900000001056,281.42037949999997,281.7612885
32.0,-1.0,0.0,0.17045450000000528,281.7612885,281.931743
32.0,46.0,127.0,0.17045450000000528,281.931743,282.1021975
32.0,-1.0,0.0,0.17045450000000528,282.1021975,282.272652
32.0,39.0,127.0,0.34090900000001056,282.272652,282.613561
32.0,-1.0,0.0,0.17045449999994844,282.613561,282.78401549999995
32.0,43.0,127.0,0.34090900000001056,282.78401549999995,283.12492449999996
32.0,-1.0,0.0,0.17045450000000528,283.12492449999996,283.29537899999997
32.0,46.0,127.0,0.34090900000001056,283.29537899999997,283.636288
32.0,39.0,127.0,0.34090900000001056,283.636288,283.977197
32.0,-1.0,0.0,0.17045450000000528,283.977197,284.1476515
32.0,43.0,127.0,0.511363499999959,284.1476515,284.65901499999995
32.0,46.0,127.0,0.17045450000000528,284.65901499999995,284.82946949999996
32.0,-1.0,0.0,0.17045450000000528,284.82946949999996,284.99992399999996
32.0,41.0,127.0,0.34090900000001056,284.99992399999996,285.340833
32.0,-1.0,0.0,0.17045450000000528,285.340833,285.5112875
32.0,44.0,127.0,0.34090900000001056,285.5112875,285.8521965
32.0,-1.0,0.0,0.17045450000000528,285.8521965,286.022651
32.0,46.0,127.0,0.17045450000000528,286.022651,286.1931055
32.0,-1.0,0.0,0.17045450000000528,286.1931055,286.36356
32.0,41.0,127.0,0.3409089999999537,286.36356,286.70446899999996
32.0,-1.0,0.0,0.17045450000000528,286.70446899999996,286.87492349999997
32.0,44.0,127.0,0.5113635000000158,286.87492349999997,287.386287
32.0,46.0,127.0,0.17045450000000528,287.386287,287.5567415
32.0,-1.0,0.0,0.17045450000000528,287.5567415,287.727196
32.0,41.0,127.0,0.34090900000001056,287.727196,288.068105
32.0,-1.0,0.0,0.17045450000000528,288.068105,288.2385595
32.0,44.0,127.0,0.511363499999959,288.2385595,288.74992299999997
32.0,46.0,127.0,0.17045450000000528,288.74992299999997,288.9203775
32.0,-1.0,0.0,0.17045450000000528,288.9203775,289.090832
32.0,41.0,127.0,0.34090900000001056,289.090832,289.431741
32.0,-1.0,0.0,0.17045450000000528,289.431741,289.6021955
32.0,44.0,127.0,0.34090900000001056,289.6021955,289.9431045
32.0,-1.0,0.0,0.17045449999994844,289.9431045,290.11355899999995
32.0,46.0,127.0,0.17045450000000528,290.11355899999995,290.28401349999996
32.0,-1.0,0.0,0.17045450000000528,290.28401349999996,290.45446799999996
32.0,41.0,127.0,0.34090900000001056,290.45446799999996,290.795377
32.0,-1.0,0.0,0.17045450000000528,290.795377,290.9658315
32.0,44.0,127.0,0.34090900000001056,290.9658315,291.3067405
32.0,-1.0,0.0,0.17045450000000528,291.3067405,291.477195
32.0,46.0,127.0,0.17045450000000528,291.477195,291.6476495
32.0,-1.0,0.0,0.17045450000000528,291.6476495,291.818104
32.0,39.0,127.0,0.3409089999999537,291.818104,292.15901299999996
32.0,-1.0,0.0,0.17045450000000528,292.15901299999996,292.32946749999996
32.0,43.0,127.0,0.5113635000000158,292.32946749999996,292.840831
32.0,46.0,127.0,0.17045450000000528,292.840831,293.0112855
32.0,-1.0,0.0,0.17045450000000528,293.0112855,293.18174
32.0,39.0,127.0,0.34090900000001056,293.18174,293.522649
32.0,-1.0,0.0,0.17045450000000528,293.522649,293.6931035
32.0,43.0,127.0,0.3409089999999537,293.6931035,294.03401249999996
32.0,-1.0,0.0,0.17045450000000528,294.03401249999996,294.20446699999997
32.0,46.0,127.0,0.17045450000000528,294.20446699999997,294.37492149999997
32.0,-1.0,0.0,0.17045450000000528,294.37492149999997,294.545376
32.0,39.0,127.0,0.34090900000001056,294.545376,294.886285
32.0,-1.0,0.0,0.17045450000000528,294.886285,295.0567395
32.0,43.0,127.0,0.34090900000001056,295.0567395,295.3976485
32.0,-1.0,0.0,0.17045449999994844,295.3976485,295.56810299999995
32.0,46.0,127.0,0.17045450000000528,295.56810299999995,295.73855749999996
32.0,-1.0,0.0,0.17045450000000528,295.73855749999996,295.90901199999996
32.0,39.0,127.0,0.34090900000001056,295.90901199999996,296.249921
32.0,-1.0,0.0,0.17045450000000528,296.249921,296.4203755
32.0,43.0,127.0,0.5113635000000158,296.4203755,296.931739
32.0,46.0,127.0,0.17045450000000528,296.931739,297.1021935
32.0,-1.0,0.0,0.17045450000000528,297.1021935,297.272648
32.0,41.0,127.0,0.3409089999999537,297.272648,297.61355699999996
32.0,-1.0,0.0,0.17045450000000528,297.61355699999996,297.78401149999996
32.0,44.0,127.0,0.34090900000001056,297.78401149999996,298.1249205
32.0,-1.0,0.0,0.17045450000000528,298.1249205,298.295375
32.0,46.0,127.0,0.17045450000000528,298.295375,298.4658295
32.0,-1.0,0.0,0.17045450000000528,298.4658295,298.636284
32.0,41.0,127.0,0.34090900000001056,298.636284,298.977193
32.0,-1.0,0.0,0.17045450000000528,298.977193,299.1476475
32.0,44.0,127.0,0.511363499999959,299.1476475,299.65901099999996
32.0,46.0,127.0,0.17045450000000528,299.65901099999996,299.82946549999997
32.0,-1.0,0.0,0.17045450000000528,299.82946549999997,299.99992
32.0,41.0,127.0,0.34090900000001056,299.99992,300.340829
32.0,-1.0,0.0,0.17045450000000528,300.340829,300.5112835
32.0,44.0,127.0,0.34090900000001056,300.5112835,300.8521925
32.0,-1.0,0.0,0.17045450000000528,300.8521925,301.022647
32.0,46.0,127.0,0.17045449999994844,301.022647,301.19310149999995
32.0,-1.0,0.0,0.17045450000000528,301.19310149999995,301.36355599999996
32.0,41.0,127.0,0.34090900000001056,301.36355599999996,301.70446499999997
32.0,-1.0,0.0,0.17045450000000528,301.70446499999997,301.8749195
32.0,44.0,127.0,0.5113635000000158,301.8749195,302.386283
32.0,46.0,127.0,0.17045450000000528,302.386283,302.5567375
32.0,-1.0,0.0,0.17045450000000528,302.5567375,302.727192
32.0,39.0,127.0,0.3409089999999537,302.727192,303.06810099999996
32.0,-1.0,0.0,0.17045450000000528,303.06810099999996,303.23855549999996
32.0,43.0,127.0,0.34090900000001056,303.23855549999996,303.5794645
32.0,-1.0,0.0,0.17045450000000528,303.5794645,303.749919
32.0,46.0,127.0,0.17045450000000528,303.749919,303.9203735
32.0,-1.0,0.0,0.5113635000000158,303.9203735,304.431737
32.0,46.0,127.0,0.10298292708330337,304.431737,304.5347199270833
32.0,-1.0,0.0,0.06747157291670192,304.5347199270833,304.6021915
32.0,43.0,127.0,0.13139201041661863,304.6021915,304.7335835104166
32.0,-1.0,0.0,0.2095169895833351,304.7335835104166,304.94310049999996
32.0,48.0,127.0,0.09765622395838136,304.94310049999996,305.04075672395834
32.0,-1.0,0.0,0.07279827604162392,305.04075672395834,305.11355499999996
32.0,46.0,127.0,0.13671871354165432,305.11355499999996,305.2502737135416
32.0,-1.0,0.0,0.20419028645835624,305.2502737135416,305.454464
32.0,39.0,127.0,0.07990054687502379,305.454464,305.534364546875
32.0,-1.0,0.0,1.2624286406249894,305.534364546875,306.7967931875
32.0,39.0,127.0,0.18643460937499867,306.7967931875,306.983227796875
32.0,-1.0,0.0,0.17578120312498413,306.983227796875,307.15900899999997
32.0,41.0,127.0,0.17045450000000528,307.15900899999997,307.3294635
32.0,-1.0,0.0,0.17045450000000528,307.3294635,307.499918
32.0,43.0,127.0,0.17045450000000528,307.499918,307.6703725
32.0,-1.0,0.0,0.17045450000000528,307.6703725,307.840827
32.0,44.0,127.0,0.17045450000000528,307.840827,308.0112815
32.0,-1.0,0.0,0.17045450000000528,308.0112815,308.181736
32.0,46.0,127.0,0.3409089999999537,308.181736,308.52264499999995
32.0,-1.0,0.0,1.0227270000000317,308.52264499999995,309.545372
32.0,41.0,127.0,0.17045450000000528,309.545372,309.7158265
32.0,-1.0,0.0,0.34090900000001056,309.7158265,310.0567355
32.0,46.0,127.0,0.17045449999994844,310.0567355,310.22718999999995
32.0,-1.0,0.0,0.34090900000001056,310.22718999999995,310.56809899999996
32.0,44.0,127.0,0.17045450000000528,310.56809899999996,310.73855349999997
32.0,-1.0,0.0,0.17045450000000528,310.73855349999997,310.909008
32.0,41.0,127.0,0.34090900000001056,310.909008,311.249917
32.0,-1.0,0.0,0.17045450000000528,311.249917,311.4203715
32.0,46.0,127.0,0.17045450000000528,311.4203715,311.590826
32.0,-1.0,0.0,0.6818179999999643,311.590826,312.27264399999996
32.0,41.0,127.0,0.17045450000000528,312.27264399999996,312.44309849999996
32.0,-1.0,0.0,0.34090900000001056,312.44309849999996,312.7840075
32.0,46.0,127.0,0.17045450000000528,312.7840075,312.954462
32.0,-1.0,0.0,0.34090900000001056,312.954462,313.295371
32.0,44.0,127.0,0.17045450000000528,313.295371,313.4658255
32.0,-1.0,0.0,0.17045450000000528,313.4658255,313.63628
32.0,39.0,127.0,0.3409089999999537,313.63628,313.97718899999995
32.0,-1.0,0.0,0.17045450000000528,313.97718899999995,314.14764349999996
32.0,46.0,127.0,0.17045450000000528,314.14764349999996,314.31809799999996
32.0,-1.0,0.0,0.7102270833333364,314.31809799999996,315.0283250833333
32.0,39.0,127.0,0.2840908333333232,315.0283250833333,315.3124159166666
32.0,-1.0,0.0,0.1988635833333774,315.3124159166666,315.5112795
32.0,46.0,127.0,0.3071732135416596,315.5112795,315.81845271354166
32.0,-1.0,0.0,0.1544743906250119,315.81845271354166,315.9729271041667
32.0,43.0,127.0,0.17578120312498413,315.9729271041667,316.14870830729166
32.0,-1.0,0.0,0.21484369270831394,316.14870830729166,316.36355199999997
32.0,39.0,127.0,0.39772716666669794,316.36355199999997,316.76127916666667
32.0,-1.0,0.0,1.306817833333298,316.76127916666667,318.06809699999997
32.0,41.0,127.0,0.17045450000000528,318.06809699999997,318.23855149999997
32.0,-1.0,0.0,0.17045450000000528,318.23855149999997,318.409006
32.0,43.0,127.0,0.17045450000000528,318.409006,318.5794605
32.0,-1.0,0.0,0.17045450000000528,318.5794605,318.749915
32.0,44.0,127.0,0.17045450000000528,318.749915,318.9203695
32.0,-1.0,0.0,0.17045450000000528,318.9203695,319.090824
32.0,46.0,127.0,0.3409089999999537,319.090824,319.43173299999995
32.0,-1.0,0.0,1.0227270000000317,319.43173299999995,320.45446
32.0,41.0,127.0,0.17045450000000528,320.45446,320.6249145
32.0,-1.0,0.0,0.34090900000001056,320.6249145,320.9658235
32.0,46.0,127.0,0.17045450000000528,320.9658235,321.136278
32.0,-1.0,0.0,0.3409089999999537,321.136278,321.47718699999996
32.0,44.0,127.0,0.17045450000000528,321.47718699999996,321.64764149999996
32.0,-1.0,0.0,0.17045450000000528,321.64764149999996,321.81809599999997
32.0,41.0,127.0,0.34090900000001056,321.81809599999997,322.159005
32.0,-1.0,0.0,0.17045450000000528,322.159005,322.3294595
32.0,46.0,127.0,0.17045450000000528,322.3294595,322.499914
32.0,-1.0,0.0,0.6818179999999643,322.499914,323.18173199999995
32.0,41.0,127.0,0.17045450000000528,323.18173199999995,323.35218649999996
32.0,-1.0,0.0,0.34090900000001056,323.35218649999996,323.69309549999997
32.0,46.0,127.0,0.17045450000000528,323.69309549999997,323.86355
32.0,-1.0,0.0,0.34090900000001056,323.86355,324.204459
32.0,44.0,127.0,0.17045450000000528,324.204459,324.3749135
32.0,-1.0,0.0,0.17045450000000528,324.3749135,324.545368
32.0,39.0,127.0,0.3409089999999537,324.545368,324.88627699999995
32.0,-1.0,0.0,0.17045450000000528,324.88627699999995,325.05673149999996
32.0,46.0,127.0,0.17045450000000528,325.05673149999996,325.22718599999996
32.0,-1.0,0.0,0.7102270833333364,325.22718599999996,325.9374130833333
32.0,39.0,127.0,0.2840908333333232,325.9374130833333,326.2215039166666
32.0,-1.0,0.0,0.1988635833333774,326.2215039166666,326.4203675
32.0,46.0,127.0,0.3071732135416596,326.4203675,326.72754071354166
32.0,-1.0,0.0,0.1544743906250119,326.72754071354166,326.88201510416667
32.0,43.0,127.0,0.17578120312498413,326.88201510416667,327.05779630729165
32.0,-1.0,0.0,0.21484369270831394,327.05779630729165,327.27263999999997
32.0,39.0,127.0,0.39772716666669794,327.27263999999997,327.67036716666667
32.0,-1.0,0.0,1.306817833333298,327.67036716666667,328.97718499999996
32.0,41.0,127.0,0.17045450000000528,328.97718499999996,329.14763949999997
32.0,-1.0,0.0,0.17045450000000528,329.14763949999997,329.318094
32.0,43.0,127.0,0.17045450000000528,329.318094,329.4885485
32.0,-1.0,0.0,0.17045450000000528,329.4885485,329.659003
32.0,44.0,127.0,0.17045450000000528,329.659003,329.8294575
32.0,-1.0,0.0,0.17045450000000528,329.8294575,329.999912
32.0,46.0,127.0,0.3409089999999537,329.999912,330.34082099999995
32.0,-1.0,0.0,1.0227270000000317,330.34082099999995,331.363548
32.0,41.0,127.0,0.17045450000000528,331.363548,331.5340025
32.0,-1.0,0.0,0.34090900000001056,331.5340025,331.8749115
32.0,46.0,127.0,0.17045450000000528,331.8749115,332.045366
32.0,-1.0,0.0,0.3409089999999537,332.045366,332.38627499999996
32.0,44.0,127.0,0.17045450000000528,332.38627499999996,332.55672949999996
32.0,-1.0,0.0,0.17045450000000528,332.55672949999996,332.72718399999997
32.0,41.0,127.0,0.34090900000001056,332.72718399999997,333.068093
32.0,-1.0,0.0,0.17045450000000528,333.068093,333.2385475
32.0,46.0,127.0,0.17045450000000528,333.2385475,333.409002
32.0,-1.0,0.0,0.6818179999999643,333.409002,334.09081999999995
32.0,41.0,127.0,0.17045450000000528,334.09081999999995,334.26127449999996
32.0,-1.0,0.0,0.34090900000001056,334.26127449999996,334.60218349999997
32.0,46.0,127.0,0.17045450000000528,334.60218349999997,334.772638
32.0,-1.0,0.0,0.34090900000001056,334.772638,335.113547
32.0,44.0,127.0,0.17045450000000528,335.113547,335.2840015
32.0,-1.0,0.0,0.17045450000000528,335.2840015,335.454456
32.0,39.0,127.0,0.34090900000001056,335.454456,335.795365
32.0,-1.0,0.0,0.17045449999994844,335.795365,335.96581949999995
32.0,46.0,127.0,0.17045450000000528,335.96581949999995,336.13627399999996
32.0,-1.0,0.0,0.6818180000000211,336.13627399999996,336.818092
32.0,39.0,127.0,0.34090900000001056,336.818092,337.159001
32.0,-1.0,0.0,0.17045450000000528,337.159001,337.3294555
32.0,43.0,127.0,0.511363499999959,337.3294555,337.84081899999995
32.0,46.0,127.0,0.17045450000000528,337.84081899999995,338.01127349999996
32.0,-1.0,0.0,0.17045450000000528,338.01127349999996,338.18172799999996
32.0,36.0,127.0,0.34090900000001056,338.18172799999996,338.522637
32.0,-1.0,0.0,0.17045450000000528,338.522637,338.6930915
32.0,39.0,127.0,0.34090900000001056,338.6930915,339.0340005
32.0,-1.0,0.0,0.17045450000000528,339.0340005,339.204455
32.0,43.0,127.0,0.17045450000000528,339.204455,339.3749095
32.0,-1.0,0.0,0.17045449999994844,339.3749095,339.54536399999995
32.0,41.0,127.0,0.34090900000001056,339.54536399999995,339.88627299999996
32.0,-1.0,0.0,0.17045450000000528,339.88627299999996,340.05672749999997
32.0,44.0,127.0,0.34090900000001056,340.05672749999997,340.3976365
32.0,-1.0,0.0,0.17045450000000528,340.3976365,340.568091
32.0,48.0,127.0,0.17045450000000528,340.568091,340.7385455
32.0,-1.0,0.0,0.17045450000000528,340.7385455,340.909
32.0,41.0,127.0,0.511363499999959,340.909,341.42036349999995
32.0,46.0,127.0,0.34090900000001056,341.42036349999995,341.76127249999996
32.0,-1.0,0.0,0.17045450000000528,341.76127249999996,341.93172699999997
32.0,43.0,127.0,0.17045450000000528,341.93172699999997,342.1021815
32.0,-1.0,0.0,0.17045450000000528,342.1021815,342.272636
32.0,39.0,127.0,0.34090900000001056,342.272636,342.613545
32.0,-1.0,0.0,0.17045450000000528,342.613545,342.7839995
32.0,43.0,127.0,0.34090900000001056,342.7839995,343.1249085
32.0,-1.0,0.0,0.17045449999994844,343.1249085,343.29536299999995
32.0,46.0,127.0,0.17045450000000528,343.29536299999995,343.46581749999996
32.0,-1.0,0.0,0.17045450000000528,343.46581749999996,343.63627199999996
32.0,39.0,127.0,0.34090900000001056,343.63627199999996,343.977181
32.0,-1.0,0.0,0.17045450000000528,343.977181,344.1476355
32.0,43.0,127.0,0.34090900000001056,344.1476355,344.4885445
32.0,-1.0,0.0,0.17045450000000528,344.4885445,344.658999
32.0,46.0,127.0,0.17045450000000528,344.658999,344.8294535
32.0,-1.0,0.0,0.17045449999994844,344.8294535,344.99990799999995
32.0,46.0,127.0,0.9659088333333443,344.99990799999995,345.9658168333333
32.0,-1.0,0.0,0.39772716666669794,345.9658168333333,346.363544
32.0,44.0,127.0,0.7617185468749881,346.363544,347.125262546875
32.0,-1.0,0.0,0.7723719531250026,347.125262546875,347.8976345
32.0,41.0,127.0,0.09232952083334567,347.8976345,347.9899640208333
32.0,-1.0,0.0,0.2485794791666649,347.9899640208333,348.2385435
32.0,41.0,127.0,0.07990054687496695,348.2385435,348.31844404687496
32.0,-1.0,0.0,0.2610084531250436,348.31844404687496,348.5794525
32.0,41.0,127.0,0.10830963020828221,348.5794525,348.6877621302083
50.0,58.0,127.0,0.09588065625001718,315.1827994739583,315.27868013020833
50.0,-1.0,0.0,0.062144869791666224,315.27868013020833,315.340825
50.0,60.0,127.0,0.08522725000000264,315.340825,315.42605225
50.0,-1.0,0.0,0.08522725000000264,315.42605225,315.5112795
50.0,62.0,127.0,0.07990054687496695,315.5112795,315.59118004687497
50.0,-1.0,0.0,0.09055395312503833,315.59118004687497,315.681734
50.0,63.0,127.0,0.09765622395832452,315.681734,315.77939022395833
50.0,-1.0,0.0,0.07279827604162392,315.77939022395833,315.85218849999995
50.0,60.0,127.0,0.10830963020833906,315.85218849999995,315.9604981302083
50.0,-1.0,0.0,0.062144869791666224,315.9604981302083,316.02264299999996
50.0,62.0,127.0,0.09232952083334567,316.02264299999996,316.1149725208333
50.0,-1.0,0.0,0.06747157291664507,316.1149725208333,316.18244409374995
50.0,63.0,127.0,0.07990054687502379,316.18244409374995,316.262344640625
50.0,-1.0,0.0,0.09588065625001718,316.262344640625,316.358225296875
50.0,65.0,127.0,0.10298292708330337,316.358225296875,316.4612082239583
50.0,-1.0,0.0,0.06747157291670192,316.4612082239583,316.528679796875
50.0,63.0,127.0,0.10830963020833906,316.528679796875,316.63698942708334
50.0,-1.0,0.0,0.07990054687496695,316.63698942708334,316.7168899739583
50.0,65.0,127.0,0.06747157291670192,316.7168899739583,316.784361546875
50.0,-1.0,0.0,0.0852272499999458,316.784361546875,316.86958879687495
50.0,67.0,127.0,0.08522725000000264,316.86958879687495,316.95481604687495
50.0,-1.0,0.0,0.09055395312503833,316.95481604687495,317.04537
50.0,68.0,127.0,0.09765622395832452,317.04537,317.1430262239583
50.0,-1.0,0.0,0.07279827604168077,317.1430262239583,317.2158245
50.0,67.0,127.0,0.10298292708330337,317.2158245,317.3188074270833
50.0,-1.0,0.0,0.07990054687502379,317.3188074270833,317.3987079739583
50.0,68.0,127.0,0.08522725000000264,317.3987079739583,317.4839352239583
50.0,-1.0,0.0,0.06747157291664507,317.4839352239583,317.55140679687497
50.0,69.0,127.0,0.062144869791666224,317.55140679687497,317.61355166666664
50.0,70.0,127.0,0.0745738437499881,317.54608009375,317.6206539375
50.0,-1.0,0.0,0.10653406249997488,317.6206539375,317.72718799999996
50.0,72.0,127.0,0.15980109375004758,317.72718799999996,317.88698909375
50.0,-1.0,0.0,0.010653406249957698,317.88698909375,317.89764249999996
50.0,68.0,127.0,0.10298292708336021,317.89764249999996,318.0006254270833
50.0,-1.0,0.0,0.062144869791666224,318.0006254270833,318.062770296875
50.0,71.0,127.0,0.094105088541653,318.062770296875,318.15687538541664
50.0,-1.0,0.0,0.08167611458333113,318.15687538541664,318.23855149999997
50.0,74.0,127.0,0.09232952083334567,318.23855149999997,318.3308810208333
50.0,-1.0,0.0,0.10653406249997488,318.3308810208333,318.4374150833333
50.0,75.0,127.0,0.13671871354171117,318.4374150833333,318.574133796875
50.0,-1.0,0.0,0.062144869791666224,318.574133796875,318.63627866666667
50.0,74.0,127.0,0.13671871354165432,318.63627866666667,318.7729973802083
50.0,-1.0,0.0,0.07990054687496695,318.7729973802083,318.8528979270833
50.0,75.0,127.0,0.16512779687502643,318.8528979270833,319.0180257239583
50.0,-1.0,0.0,0.062144869791666224,319.0180257239583,319.08017059375
50.0,76.0,127.0,0.15624995833331923,319.08017059375,319.2364205520833
50.0,-1.0,0.0,0.0994317916666887,319.2364205520833,319.33585234375
50.0,81.0,127.0,0.9685721848958053,319.33585234375,320.30442452864577
50.0,-1.0,0.0,1.3947084348959038,320.30442452864577,321.6991329635417
50.0,77.0,127.0,0.09765622395832452,321.6991329635417,321.7967891875
50.0,-1.0,0.0,0.07279827604162392,321.7967891875,321.8695874635416
50.0,82.0,127.0,0.10298292708336021,321.8695874635416,321.972570390625
50.0,-1.0,0.0,0.07279827604168077,321.972570390625,322.04536866666666
50.0,82.0,127.0,0.11363633333331791,322.04536866666666,322.159005
50.0,-1.0,0.0,0.04083805729163714,322.159005,322.1998430572916
50.0,77.0,127.0,0.10120735937505287,322.1998430572916,322.30105041666667
50.0,-1.0,0.0,0.0745738437499881,322.30105041666667,322.37562426041666
50.0,80.0,127.0,0.07990054687496695,322.37562426041666,322.4555248072916
50.0,-1.0,0.0,0.07990054687502379,322.4555248072916,322.53542535416665
50.0,80.0,127.0,0.07812497916665961,322.53542535416665,322.6135503333333
50.0,-1.0,0.0,0.09232952083334567,322.6135503333333,322.70587985416665
50.0,75.0,127.0,0.11363633333331791,322.70587985416665,322.81951618749997
50.0,-1.0,0.0,0.056818166666687375,322.81951618749997,322.87633435416666
50.0,79.0,127.0,0.08522725000000264,322.87633435416666,322.96156160416666
50.0,-1.0,0.0,0.07279827604162392,322.96156160416666,323.0343598802083
50.0,79.0,127.0,0.09765622395838136,323.0343598802083,323.13201610416667
50.0,-1.0,0.0,0.07279827604162392,323.13201610416667,323.2048143802083
50.0,74.0,127.0,0.10830963020833906,323.2048143802083,323.31312401041663
50.0,-1.0,0.0,0.062144869791666224,323.31312401041663,323.3752688802083
50.0,77.0,127.0,0.09055395312503833,323.3752688802083,323.46582283333333
50.0,-1.0,0.0,0.06924714062495241,323.46582283333333,323.5350699739583
50.0,77.0,127.0,0.10120735937499603,323.5350699739583,323.6362773333333
50.0,-1.0,0.0,0.056818166666687375,323.6362773333333,323.69309549999997
50.0,72.0,127.0,0.13139201041667548,323.69309549999997,323.82448751041665
50.0,-1.0,0.0,0.062144869791666224,323.82448751041665,323.8866323802083
50.0,75.0,127.0,0.12606530729163978,323.8866323802083,324.01269768749995
50.0,-1.0,0.0,0.04971589583334435,324.01269768749995,324.0624135833333
50.0,71.0,127.0,0.07990054687502379,324.0624135833333,324.1423141302083
50.0,-1.0,0.0,0.09765622395832452,324.1423141302083,324.23997035416664
50.0,72.0,127.0,0.10653406249997488,324.23997035416664,324.3465044166666
50.0,74.0,127.0,0.12606530729169663,324.2328680833333,324.358933390625
50.0,-1.0,0.0,0.05149146354165168,324.358933390625,324.41042485416665
50.0,74.0,127.0,0.19886358333332055,324.41042485416665,324.60928843749997
50.0,72.0,127.0,0.14204541666669002,324.58620605729163,324.7282514739583
50.0,74.0,127.0,0.1775567708333483,324.68741341666663,324.8649701875
50.0,72.0,127.0,0.14204541666663317,324.80104975,324.94309516666664
50.0,-1.0,0.0,0.007102270833343027,324.94309516666664,324.9501974375
50.0,70.0,127.0,0.16335222916666226,324.9501974375,325.11354966666664
50.0,-1.0,0.0,0.056818166666687375,325.11354966666664,325.17036783333333
50.0,72.0,127.0,0.24502834374999338,325.17036783333333,325.4153961770833
50.0,-1.0,0.0,1.4382098437499735,325.4153961770833,326.8536060208333
50.0,70.0,127.0,0.9481531562499868,326.8536060208333,327.8017591770833
50.0,-1.0,0.0,0.010653406250014541,327.8017591770833,327.8124125833333
50.0,78.0,127.0,0.01775567708335757,327.8124125833333,327.83016826041666
50.0,79.0,127.0,1.4364342760416662,327.7964324739583,329.23286674999997
50.0,-1.0,0.0,0.0639204375000304,329.23286674999997,329.2967871875
50.0,79.0,127.0,0.40838057291665564,329.2967871875,329.70516776041666
50.0,-1.0,0.0,0.028409083333315266,329.70516776041666,329.73357684375
50.0,75.0,127.0,0.14737211979166887,329.73357684375,329.88094896354164
50.0,74.0,127.0,0.15802552604162656,329.728250140625,329.8862756666666
50.0,-1.0,0.0,0.06924714062500925,329.8862756666666,329.95552280729163
50.0,78.0,127.0,0.17578120312504097,329.95552280729163,330.13130401041667
50.0,-1.0,0.0,0.06747157291664507,330.13130401041667,330.1987755833333
50.0,72.0,127.0,0.21661926041667812,330.1987755833333,330.41539484375
50.0,-1.0,0.0,0.0745738437499881,330.41539484375,330.4899686875
50.0,82.0,127.0,1.914061989583331,330.4899686875,332.4040306770833
50.0,80.0,127.0,0.10830963020833906,332.35253921354166,332.46084884375
50.0,-1.0,0.0,0.09055395312498149,332.46084884375,332.551402796875
50.0,79.0,127.0,0.1189630364583536,332.551402796875,332.67036583333334
50.0,-1.0,0.0,0.14204541666663317,332.67036583333334,332.81241124999997
50.0,80.0,127.0,0.21129255729169927,332.81241124999997,333.02370380729167
50.0,-1.0,0.0,0.03906248958332981,333.02370380729167,333.062766296875
50.0,79.0,127.0,0.1651277968749696,333.062766296875,333.22789409374997
50.0,-1.0,0.0,0.03906248958332981,333.22789409374997,333.2669565833333
50.0,77.0,127.0,0.13671871354165432,333.2669565833333,333.40367529687495
50.0,-1.0,0.0,0.06924714062500925,333.40367529687495,333.47292243749996
50.0,79.0,127.0,0.1988635833333774,333.47292243749996,333.67178602083334
50.0,-1.0,0.0,0.044389192708308656,333.67178602083334,333.71617521354165
50.0,77.0,127.0,0.1544743906250119,333.71617521354165,333.87064960416666
50.0,-1.0,0.0,0.04971589583334435,333.87064960416666,333.9203655
50.0,75.0,127.0,0.12073860416666093,333.9203655,334.04110410416666
50.0,-1.0,0.0,0.06747157291664507,334.04110410416666,334.1085756770833
50.0,77.0,127.0,0.24502834374999338,334.1085756770833,334.3536040208333
50.0,75.0,127.0,0.15447439062495505,334.31276596354166,334.4672403541666
50.0,-1.0,0.0,0.10653406250003172,334.4672403541666,334.57377441666665
50.0,72.0,127.0,0.12606530729163978,334.57377441666665,334.6998397239583
50.0,-1.0,0.0,0.09055395312503833,334.6998397239583,334.79039367708333
50.0,74.0,127.0,0.3409089999999537,334.79039367708333,335.1313026770833
50.0,70.0,127.0,0.10830963020833906,335.113547,335.2218566302083
50.0,-1.0,0.0,0.22194596354165697,335.2218566302083,335.44380259375
50.0,72.0,127.0,0.3071732135416596,335.44380259375,335.75097580729164
56.0,58.0,127.0,2.574573177083333,5.454543999999999,8.029117177083332
56.0,62.0,127.0,2.466263546875,8.0113615,10.477625046875
56.0,-1.0,0.0,0.2610084531249992,10.477625046875,10.738633499999999
56.0,71.0,127.0,0.1651277968749998,10.738633499999999,10.903761296874999
56.0,-1.0,0.0,1.539417203124998,10.903761296874999,12.443178499999997
56.0,77.0,127.0,0.06747157291666699,12.443178499999997,12.510650072916663
56.0,-1.0,0.0,0.10298292708333534,12.510650072916663,12.613632999999998
56.0,74.0,127.0,0.06924714062500037,12.613632999999998,12.682880140624999
56.0,-1.0,0.0,0.10120735937499958,12.682880140624999,12.784087499999998
56.0,73.0,127.0,0.06036930208333402,12.784087499999998,12.844456802083332
56.0,-1.0,0.0,0.11008519791666593,12.844456802083332,12.954541999999998
56.0,75.0,127.0,0.06569600520833418,12.954541999999998,13.020238005208332
56.0,-1.0,0.0,0.10475849479166754,13.020238005208332,13.1249965
56.0,74.0,127.0,0.07191049218749868,13.1249965,13.196906992187499
56.0,-1.0,0.0,0.09854400781250128,13.196906992187499,13.295451
56.0,73.0,127.0,0.07457384374999876,13.295451,13.370024843749999
56.0,-1.0,0.0,0.0958806562500012,13.370024843749999,13.4659055
56.0,75.0,127.0,0.0692471406249986,13.4659055,13.535152640624998
56.0,-1.0,0.0,0.2716618593750013,13.535152640624998,13.8068145
56.0,70.0,127.0,0.774147520833333,13.8068145,14.580962020833333
56.0,-1.0,0.0,0.5894884791666666,14.580962020833333,15.1704505
56.0,75.0,127.0,0.07457384374999965,15.1704505,15.24502434375
56.0,-1.0,0.0,0.09588065624999942,15.24502434375,15.340905
56.0,74.0,127.0,0.07191049218749956,15.340905,15.412815492187498
56.0,-1.0,0.0,0.09854400781250128,15.412815492187498,15.5113595
56.0,73.0,127.0,0.07990054687499892,15.5113595,15.591260046874998
56.0,-1.0,0.0,0.09055395312500103,15.591260046874998,15.681814
56.0,75.0,127.0,0.07457384374999965,15.681814,15.756387843749998
56.0,-1.0,0.0,0.0958806562500012,15.756387843749998,15.8522685
56.0,74.0,127.0,0.07457384374999965,15.8522685,15.92684234375
56.0,-1.0,0.0,0.09588065624999942,15.92684234375,16.022723
56.0,73.0,127.0,0.07723719531249884,16.022723,16.099960195312498
56.0,-1.0,0.0,0.09321730468749934,16.099960195312498,16.193177499999997
56.0,75.0,127.0,0.06658378906250206,16.193177499999997,16.2597612890625
56.0,-1.0,0.0,0.27432521093749784,16.2597612890625,16.534086499999997
56.0,70.0,127.0,0.609019723958335,16.534086499999997,17.143106223958334
56.0,-1.0,0.0,0.5841617760416646,17.143106223958334,17.727268
56.0,75.0,127.0,0.25035504687500065,17.727268,17.977623046875
56.0,-1.0,0.0,0.09055395312499925,17.977623046875,18.068177
56.0,76.0,127.0,0.25035504687500065,18.068177,18.318532046875
56.0,-1.0,0.0,0.09055395312499925,18.318532046875,18.409086
56.0,77.0,127.0,0.25035504687500065,18.409086,18.659441046875
56.0,-1.0,0.0,0.09055395312499925,18.659441046875,18.749995
56.0,75.0,127.0,0.25035504687500065,18.749995,19.000350046875
56.0,-1.0,0.0,0.09055395312499925,19.000350046875,19.090904
56.0,76.0,127.0,0.25035504687500065,19.090904,19.341259046875
56.0,-1.0,0.0,0.09055395312499925,19.341259046875,19.431813
56.0,77.0,127.0,0.25035504687500065,19.431813,19.682168046875
56.0,-1.0,0.0,0.09055395312499925,19.682168046875,19.772721999999998
56.0,75.0,127.0,0.25035504687500065,19.772721999999998,20.023077046875
56.0,-1.0,0.0,0.09055395312499925,20.023077046875,20.113630999999998
56.0,76.0,127.0,0.25035504687500065,20.113630999999998,20.363986046875
56.0,-1.0,0.0,0.09055395312499925,20.363986046875,20.454539999999998
56.0,77.0,127.0,0.25035504687500065,20.454539999999998,20.704895046875
56.0,-1.0,0.0,0.09055395312499925,20.704895046875,20.795448999999998
56.0,75.0,127.0,0.6338776718750001,20.795448999999998,21.429326671874996
56.0,-1.0,0.0,30.559295828125002,21.429326671874996,51.9886225
56.0,70.0,127.0,0.07990054687499537,51.9886225,52.068523046874994
56.0,-1.0,0.0,0.0905539531250028,52.068523046874994,52.159076999999996
56.0,71.0,127.0,0.07457384375000231,52.159076999999996,52.23365084375
56.0,-1.0,0.0,0.09588065624999587,52.23365084375,52.329531499999995
56.0,70.0,127.0,0.06924714062500215,52.329531499999995,52.398778640625
56.0,-1.0,0.0,0.10120735937500314,52.398778640625,52.499986
56.0,71.0,127.0,0.0887783854166635,52.499986,52.58876438541667
56.0,-1.0,0.0,0.08167611458333113,52.58876438541667,52.6704405
56.0,70.0,127.0,0.08256389843749545,52.6704405,52.7530043984375
56.0,-1.0,0.0,0.08789060156249917,52.7530043984375,52.840894999999996
56.0,71.0,127.0,0.057410022569447015,52.840894999999996,52.898305022569446
56.0,-1.0,0.0,0.1130444774305488,52.898305022569446,53.011349499999994
56.0,75.0,127.0,0.04927200390625153,53.011349499999994,53.06062150390625
56.0,-1.0,0.0,0.29163699609375016,53.06062150390625,53.3522585
56.0,74.0,127.0,0.059777446180551884,53.3522585,53.41203594618055
56.0,-1.0,0.0,0.2811315538194421,53.41203594618055,53.693167499999994
56.0,74.0,127.0,0.40187015798611253,53.693167499999994,54.095037657986104
56.0,-1.0,0.0,8.632218342013893,54.095037657986104,62.727256
56.0,74.0,127.0,0.09232952083333146,62.727256,62.81958552083333
56.0,-1.0,0.0,0.07812497916666672,62.81958552083333,62.897710499999995
56.0,73.0,127.0,0.10298292708333179,62.897710499999995,63.00069342708333
56.0,-1.0,0.0,0.23792607291667167,63.00069342708333,63.2386195
56.0,72.0,127.0,0.09232952083333146,63.2386195,63.33094902083333
56.0,-1.0,0.0,0.2485794791666649,63.33094902083333,63.579528499999995
56.0,72.0,127.0,0.07457384375000231,63.579528499999995,63.65410234375
56.0,-1.0,0.0,0.26633515625000115,63.65410234375,63.9204375
56.0,71.0,127.0,1.2730820468749968,63.9204375,65.193519546875
56.0,-1.0,0.0,0.00532670312499306,65.193519546875,65.19884624999999
56.0,70.0,127.0,1.145241171875007,65.19884624999999,66.344087421875
56.0,-1.0,0.0,10.01952857812499,66.344087421875,76.363616
56.0,63.0,127.0,0.048828111979169364,76.363616,76.41244411197917
56.0,-1.0,0.0,0.12162638802082881,76.41244411197917,76.5340705
56.0,63.0,127.0,0.07191049218749868,76.5340705,76.6059809921875
56.0,-1.0,0.0,0.2689985078124977,76.6059809921875,76.8749795
56.0,63.0,127.0,0.07191049218749868,76.8749795,76.9468899921875
56.0,-1.0,0.0,0.2689985078124977,76.9468899921875,77.21588849999999
56.0,63.0,127.0,0.07191049218750578,77.21588849999999,77.2877989921875
56.0,-1.0,0.0,0.26899850781248347,77.2877989921875,77.55679749999999
56.0,63.0,127.0,0.06924714062500215,77.55679749999999,77.626044640625
56.0,-1.0,0.0,0.2716618593750013,77.626044640625,77.8977065
56.0,67.0,127.0,0.165127796874998,77.8977065,78.062834296875
56.0,-1.0,0.0,0.00532670312499306,78.062834296875,78.06816099999999
56.0,65.0,127.0,0.5752839375000036,78.06816099999999,78.64344493749999
56.0,60.0,127.0,0.7670452499999953,77.8977065,78.66475175
56.0,-1.0,0.0,1.107954250000006,78.66475175,79.772706
56.0,63.0,127.0,0.06924714062499504,79.772706,79.841953140625
56.0,-1.0,0.0,0.10120735937499603,79.841953140625,79.94316049999999
56.0,63.0,127.0,0.06924714062500925,79.94316049999999,80.012407640625
56.0,-1.0,0.0,0.2716618593750013,80.012407640625,80.2840695
56.0,63.0,127.0,0.0665837890624914,80.2840695,80.35065328906249
56.0,-1.0,0.0,0.27432521093750495,80.35065328906249,80.6249785
56.0,67.0,127.0,0.18821017708333443,80.6249785,80.81318867708333
56.0,65.0,127.0,0.591264046874997,80.790106296875,81.38137034374999
56.0,60.0,127.0,0.7670452499999953,80.6249785,81.39202374999999
56.0,-1.0,0.0,3.4943172499999946,81.39202374999999,84.88634099999999
56.0,75.0,127.0,0.08522725000000264,84.88634099999999,84.97156824999999
56.0,-1.0,0.0,0.08522725000000264,84.97156824999999,85.05679549999999
56.0,77.0,127.0,0.07457384375000231,85.05679549999999,85.13136934375
56.0,-1.0,0.0,0.09588065625000297,85.13136934375,85.22725
56.0,79.0,127.0,0.11363633333333212,85.22725,85.34088633333333
56.0,-1.0,0.0,0.1420454166666616,85.34088633333333,85.48293174999999
56.0,77.0,127.0,0.10298292708333179,85.48293174999999,85.58591467708332
56.0,75.0,127.0,0.12073860416666093,85.53974991666666,85.66048852083333
56.0,72.0,127.0,0.165127796874998,85.61965046354166,85.78477826041666
56.0,-1.0,0.0,0.03906248958332981,85.78477826041666,85.82384074999999
56.0,75.0,127.0,0.8309656875000115,85.82384074999999,86.6548064375
56.0,-1.0,0.0,5.901987062499998,86.6548064375,92.5567935
56.0,72.0,127.0,0.1260653072916682,92.5567935,92.68285880729167
56.0,-1.0,0.0,0.04438919270832287,92.68285880729167,92.72724799999999
56.0,73.0,127.0,0.11363633333333212,92.72724799999999,92.84088433333332
56.0,75.0,127.0,0.12073860416667515,92.81247524999999,92.93321385416667
56.0,72.0,127.0,0.12073860416667515,92.92611158333332,93.0468501875
56.0,-1.0,0.0,0.01065340625000033,93.0468501875,93.05750359375
56.0,73.0,127.0,0.07990054687499537,93.05750359375,93.137404140625
56.0,75.0,127.0,0.09765622395833873,93.09123938020832,93.18889560416666
56.0,-1.0,0.0,11.41334922916667,93.18889560416666,104.60224483333333
56.0,70.0,127.0,0.12073860416666093,104.60224483333333,104.72298343749999
56.0,-1.0,0.0,0.062144869791666224,104.72298343749999,104.78512830729166
56.0,68.0,127.0,0.11363633333333212,104.78512830729166,104.89876464062499
56.0,63.0,127.0,1.061789489583333,104.60934710416666,105.67113659374999
56.0,67.0,127.0,0.7386361666666659,104.95558280729166,105.69421897395833
56.0,-1.0,0.0,0.49893452604166555,105.69421897395833,106.1931535
56.0,62.0,127.0,0.09232952083333146,106.1931535,106.28548302083333
56.0,-1.0,0.0,0.07812497916667382,106.28548302083333,106.363608
56.0,70.0,127.0,0.39240046354166225,106.363608,106.75600846354166
56.0,-1.0,0.0,0.11896303645832518,106.75600846354166,106.87497149999999
56.0,68.0,127.0,0.3071732135416738,106.87497149999999,107.18214471354166
56.0,-1.0,0.0,0.20419028645832782,107.18214471354166,107.38633499999999
56.0,72.0,127.0,0.3977271666666695,107.38633499999999,107.78406216666666
56.0,-1.0,0.0,0.11363633333333212,107.78406216666666,107.89769849999999
56.0,74.0,127.0,0.39240046354166225,107.89769849999999,108.29009896354165
56.0,-1.0,0.0,0.11896303645833939,108.29009896354165,108.40906199999999
56.0,70.0,127.0,0.32492889062500296,108.40906199999999,108.733990890625
56.0,-1.0,0.0,0.01598010937499339,108.733990890625,108.74997099999999
56.0,68.0,127.0,0.23970164062500032,108.74997099999999,108.98967264062499
56.0,-1.0,0.0,0.10120735937501024,108.98967264062499,109.09088
56.0,67.0,127.0,0.3977271666666553,109.09088,109.48860716666665
56.0,-1.0,0.0,0.11363633333333212,109.48860716666665,109.60224349999999
56.0,68.0,127.0,0.09232952083334567,109.60224349999999,109.69457302083333
56.0,-1.0,0.0,0.07812497916665961,109.69457302083333,109.77269799999999
56.0,70.0,127.0,0.3355822968750033,109.77269799999999,110.108280296875
56.0,-1.0,0.0,0.22727266666666424,110.108280296875,110.33555296354166
56.0,67.0,127.0,0.09765622395833873,110.33555296354166,110.4332091875
56.0,-1.0,0.0,0.07279827604166655,110.4332091875,110.50600746354166
56.0,73.0,127.0,0.13671871354166854,110.50600746354166,110.64272617708333
56.0,72.0,127.0,0.3071732135416738,110.63739947395833,110.9445726875
56.0,67.0,127.0,0.45454533333332847,110.50068076041666,110.95522609374999
56.0,-1.0,0.0,4.783379406250006,110.95522609374999,115.73860549999999
56.0,71.0,127.0,0.07457384375000231,115.73860549999999,115.81317934375
56.0,-1.0,0.0,0.09588065625000297,115.81317934375,115.90906
56.0,75.0,127.0,0.07990054687499537,115.90906,115.98896054687499
56.0,-1.0,0.0,0.0905539531249957,115.98896054687499,116.07951449999999
56.0,75.0,127.0,0.07457384375000231,116.07951449999999,116.15408834374999
56.0,-1.0,0.0,0.26633515625000825,116.15408834374999,116.4204235
56.0,75.0,127.0,0.07191049218749157,116.4204235,116.4923339921875
56.0,-1.0,0.0,0.2689985078124977,116.4923339921875,116.7613325
56.0,75.0,127.0,0.07457384375000231,116.7613325,116.83590634375
56.0,-1.0,0.0,0.09588065624998876,116.83590634375,116.93178699999999
56.0,72.0,127.0,0.426136249999999,116.93178699999999,117.35792324999998
56.0,79.0,127.0,0.4385652239583351,116.95486938020832,117.39343460416666
56.0,-1.0,0.0,1.2428973958333387,117.39343460416666,118.636332
56.0,77.0,127.0,0.065696005208333,118.636332,118.70202800520833
56.0,-1.0,0.0,0.18998574479165597,118.70202800520833,118.89201374999999
56.0,77.0,127.0,0.712594506944446,118.89201374999999,119.60460825694443
56.0,-1.0,0.0,0.39535974305556465,119.60460825694443,119.999968
56.0,58.0,127.0,2.574573177083323,119.999968,122.57454117708332
56.0,62.0,127.0,2.4662635468749983,122.55678549999999,125.02304904687499
56.0,-1.0,0.0,0.2610084531249868,125.02304904687499,125.28405749999997
56.0,71.0,127.0,0.165127796874998,125.28405749999997,125.44918529687497
56.0,-1.0,0.0,1.5394172031250264,125.44918529687497,126.9886025
56.0,77.0,127.0,0.06747157291666876,126.9886025,127.05607407291667
56.0,-1.0,0.0,0.10298292708331758,127.05607407291667,127.15905699999999
56.0,74.0,127.0,0.06924714062500215,127.15905699999999,127.228304140625
56.0,-1.0,0.0,0.10120735937499603,127.228304140625,127.3295115
56.0,73.0,127.0,0.06036930208333047,127.3295115,127.38988080208333
56.0,-1.0,0.0,0.1100851979166606,127.38988080208333,127.49996599999999
56.0,75.0,127.0,0.06569600520833774,127.49996599999999,127.56566200520832
56.0,-1.0,0.0,0.10475849479166754,127.56566200520832,127.67042049999999
56.0,74.0,127.0,0.07191049218749868,127.67042049999999,127.74233099218749
56.0,-1.0,0.0,0.0985440078125066,127.74233099218749,127.840875
56.0,73.0,127.0,0.0745738437499952,127.840875,127.91544884375
56.0,-1.0,0.0,0.09588065624998876,127.91544884375,128.0113295
56.0,75.0,127.0,0.06924714062500925,128.0113295,128.080576640625
56.0,-1.0,0.0,0.2716618593750013,128.080576640625,128.3522385
56.0,70.0,127.0,0.7741475208333384,128.3522385,129.12638602083334
56.0,-1.0,0.0,0.589488479166647,129.12638602083334,129.71587449999998
56.0,75.0,127.0,0.07457384375000231,129.71587449999998,129.79044834374997
56.0,-1.0,0.0,0.09588065625001718,129.79044834374997,129.886329
56.0,74.0,127.0,0.07191049218749868,129.886329,129.9582394921875
56.0,-1.0,0.0,0.0985440078125066,129.9582394921875,130.0567835
56.0,73.0,127.0,0.07990054687499537,130.0567835,130.136684046875
56.0,-1.0,0.0,0.09055395312500991,130.136684046875,130.227238
56.0,75.0,127.0,0.0745738437499881,130.227238,130.30181184375
56.0,-1.0,0.0,0.09588065624998876,130.30181184375,130.39769249999998
56.0,74.0,127.0,0.07457384375001652,130.39769249999998,130.47226634375
56.0,-1.0,0.0,0.09588065624998876,130.47226634375,130.56814699999998
56.0,73.0,127.0,0.07723719531250595,130.56814699999998,130.6453841953125
56.0,-1.0,0.0,0.09321730468749934,130.6453841953125,130.7386015
56.0,77.0,127.0,0.06096115798611853,130.7386015,130.79956265798612
56.0,-1.0,0.0,0.9617658420138753,130.79956265798612,131.7613285
56.0,77.0,127.0,0.0686552847222212,131.7613285,131.8299837847222
56.0,-1.0,0.0,0.4427082152777757,131.8299837847222,132.27269199999998
56.0,77.0,127.0,0.08226797048612866,132.27269199999998,132.3549599704861
56.0,-1.0,0.0,0.34386827951388454,132.3549599704861,132.69882825
56.0,77.0,127.0,0.08049240277778343,132.69882825,132.77932065277778
56.0,-1.0,0.0,3.584279347222207,132.77932065277778,136.3636
56.0,70.0,127.0,0.44389192708334235,136.3636,136.80749192708333
56.0,-1.0,0.0,0.06747157291664507,136.80749192708333,136.87496349999998
56.0,67.0,127.0,0.4385652239583351,136.87496349999998,137.3135287239583
56.0,-1.0,0.0,0.07279827604168077,137.3135287239583,137.386327
56.0,72.0,127.0,0.5184657708333305,137.386327,137.90479277083332
56.0,67.0,127.0,0.4616476041666715,137.89769049999998,138.35933810416665
56.0,-1.0,0.0,0.04971589583334435,138.35933810416665,138.409054
56.0,70.0,127.0,0.42080954687500594,138.409054,138.829863546875
56.0,-1.0,0.0,0.2610084531249868,138.829863546875,139.090872
56.0,70.0,127.0,0.4385652239583351,139.090872,139.52943722395833
56.0,-1.0,0.0,0.07279827604165234,139.52943722395833,139.60223549999998
56.0,67.0,127.0,0.41548284374999866,139.60223549999998,140.01771834374998
56.0,-1.0,0.0,0.09588065625001718,140.01771834374998,140.113599
56.0,72.0,127.0,1.4435365468750092,140.113599,141.557135546875
56.0,-1.0,0.0,5.715552453124985,141.557135546875,147.272688
56.0,69.0,127.0,0.07990054687499537,147.272688,147.35258854687498
56.0,-1.0,0.0,0.09055395312500991,147.35258854687498,147.4431425
56.0,69.0,127.0,0.07723719531250595,147.4431425,147.5203796953125
56.0,-1.0,0.0,0.2636718046874762,147.5203796953125,147.78405149999998
56.0,75.0,127.0,0.07191049218751289,147.78405149999998,147.85596199218747
56.0,-1.0,0.0,0.0985440078125066,147.85596199218747,147.95450599999998
56.0,75.0,127.0,0.06924714062500925,147.95450599999998,148.023753140625
56.0,-1.0,0.0,0.2716618593750013,148.023753140625,148.295415
56.0,77.0,127.0,0.07990054687499537,148.295415,148.375315546875
56.0,-1.0,0.0,0.09055395312500991,148.375315546875,148.4658695
56.0,77.0,127.0,0.0745738437499881,148.4658695,148.54044334374998
56.0,-1.0,0.0,0.26633515624999404,148.54044334374998,148.80677849999998
56.0,78.0,127.0,0.07191049218751289,148.80677849999998,148.8786889921875
56.0,-1.0,0.0,0.09854400781247818,148.8786889921875,148.97723299999998
56.0,78.0,127.0,0.07457384375000231,148.97723299999998,149.05180684375
56.0,-1.0,0.0,0.26633515624999404,149.05180684375,149.318142
56.0,75.0,127.0,0.07723719531249174,149.318142,149.3953791953125
56.0,-1.0,0.0,0.09321730468749934,149.3953791953125,149.4885965
56.0,75.0,127.0,0.07723719531249174,149.4885965,149.5658336953125
56.0,-1.0,0.0,0.2636718046874762,149.5658336953125,149.82950549999998
56.0,73.0,127.0,0.165127796874998,149.82950549999998,149.99463329687498
56.0,-1.0,0.0,0.0053267031250072705,149.99463329687498,149.99996
56.0,72.0,127.0,0.7617185468749881,149.99996,150.76167854687498
56.0,-1.0,0.0,13.045095953125013,150.76167854687498,163.8067745
56.0,70.0,127.0,0.07990054687499537,163.8067745,163.88667504687498
56.0,-1.0,0.0,0.09055395312500991,163.88667504687498,163.977229
56.0,71.0,127.0,0.07457384375000231,163.977229,164.05180284375
56.0,-1.0,0.0,0.09588065624998876,164.05180284375,164.1476835
56.0,70.0,127.0,0.06924714062498083,164.1476835,164.21693064062498
56.0,-1.0,0.0,0.10120735937499603,164.21693064062498,164.31813799999998
56.0,71.0,127.0,0.08877838541667415,164.31813799999998,164.40691638541665
56.0,-1.0,0.0,0.08167611458333113,164.40691638541665,164.48859249999998
56.0,70.0,127.0,0.082563898437499,164.48859249999998,164.5711563984375
56.0,-1.0,0.0,0.08789060156249207,164.5711563984375,164.659047
56.0,71.0,127.0,0.057410022569447015,164.659047,164.71645702256944
56.0,-1.0,0.0,0.1130444774305488,164.71645702256944,164.8295015
56.0,75.0,127.0,0.0492720039062533,164.8295015,164.87877350390625
56.0,-1.0,0.0,0.29163699609372884,164.87877350390625,165.17041049999997
56.0,74.0,127.0,0.059777446180561356,165.17041049999997,165.23018794618054
56.0,-1.0,0.0,0.2811315538194492,165.23018794618054,165.51131949999998
56.0,74.0,127.0,0.40187015798611014,165.51131949999998,165.9131896579861
56.0,-1.0,0.0,8.632218342013886,165.9131896579861,174.54540799999998
56.0,74.0,127.0,0.09232952083334567,174.54540799999998,174.63773752083333
56.0,-1.0,0.0,0.07812497916665961,174.63773752083333,174.7158625
56.0,73.0,127.0,0.10298292708333179,174.7158625,174.81884542708332
56.0,-1.0,0.0,0.23792607291667878,174.81884542708332,175.0567715
56.0,72.0,127.0,0.09232952083331725,175.0567715,175.1491010208333
56.0,-1.0,0.0,0.2485794791666649,175.1491010208333,175.39768049999998
56.0,72.0,127.0,0.07457384375001652,175.39768049999998,175.47225434375
56.0,-1.0,0.0,0.26633515624999404,175.47225434375,175.7385895
56.0,71.0,127.0,1.273082046875004,175.7385895,177.011671546875
56.0,-1.0,0.0,0.0053267031250072705,177.011671546875,177.01699825
56.0,70.0,127.0,1.145241171875,177.01699825,178.162239421875
56.0,-1.0,0.0,10.019528578124977,178.162239421875,188.18176799999998
56.0,63.0,127.0,0.04882811197917647,188.18176799999998,188.23059611197914
56.0,-1.0,0.0,0.12162638802084302,188.23059611197914,188.35222249999998
56.0,63.0,127.0,0.07191049218749868,188.35222249999998,188.42413299218748
56.0,-1.0,0.0,0.2689985078125119,188.42413299218748,188.6931315
56.0,63.0,127.0,0.07191049218749868,188.6931315,188.7650419921875
56.0,-1.0,0.0,0.26899850781248347,188.7650419921875,189.03404049999997
56.0,63.0,127.0,0.07191049218751289,189.03404049999997,189.1059509921875
56.0,-1.0,0.0,0.26899850781248347,189.1059509921875,189.37494949999999
56.0,63.0,127.0,0.06924714062499504,189.37494949999999,189.44419664062497
56.0,-1.0,0.0,0.27166185937502974,189.44419664062497,189.7158585
56.0,67.0,127.0,0.165127796874998,189.7158585,189.880986296875
56.0,-1.0,0.0,0.005326703124978849,189.880986296875,189.88631299999997
56.0,65.0,127.0,0.5752839375000178,189.88631299999997,190.4615969375
56.0,60.0,127.0,0.7670452499999953,189.7158585,190.48290375
56.0,-1.0,0.0,1.107954250000006,190.48290375,191.590858
56.0,63.0,127.0,0.06924714062499504,191.590858,191.66010514062498
56.0,-1.0,0.0,0.10120735937499603,191.66010514062498,191.76131249999997
56.0,63.0,127.0,0.06924714062500925,191.76131249999997,191.83055964062498
56.0,-1.0,0.0,0.2716618593750013,191.83055964062498,192.10222149999998
56.0,63.0,127.0,0.06658378906250562,192.10222149999998,192.1688052890625
56.0,-1.0,0.0,0.27432521093749074,192.1688052890625,192.4431305
56.0,67.0,127.0,0.18821017708333443,192.4431305,192.63134067708333
56.0,65.0,127.0,0.5912640468749828,192.608258296875,193.19952234374998
56.0,60.0,127.0,0.7670452499999953,192.4431305,193.21017575
56.0,-1.0,0.0,3.4943172499999946,193.21017575,196.70449299999999
56.0,75.0,127.0,0.08522725000000264,196.70449299999999,196.78972025
56.0,-1.0,0.0,0.08522725000000264,196.78972025,196.8749475
56.0,77.0,127.0,0.0745738437499881,196.8749475,196.94952134374998
56.0,-1.0,0.0,0.09588065625001718,196.94952134374998,197.045402
56.0,79.0,127.0,0.11363633333331791,197.045402,197.1590383333333
56.0,-1.0,0.0,0.1420454166666616,197.1590383333333,197.30108374999998
56.0,77.0,127.0,0.10298292708333179,197.30108374999998,197.4040666770833
56.0,75.0,127.0,0.12073860416666093,197.35790191666666,197.47864052083332
56.0,72.0,127.0,0.165127796874998,197.43780246354166,197.60293026041666
56.0,-1.0,0.0,0.03906248958332981,197.60293026041666,197.64199275
56.0,75.0,127.0,0.8309656874999973,197.64199275,198.47295843749998
56.0,-1.0,0.0,5.901987062500012,198.47295843749998,204.3749455
56.0,72.0,127.0,0.1260653072916682,204.3749455,204.50101080729166
56.0,-1.0,0.0,0.044389192708308656,204.50101080729166,204.54539999999997
56.0,73.0,127.0,0.11363633333334633,204.54539999999997,204.65903633333332
56.0,75.0,127.0,0.12073860416668936,204.63062724999997,204.75136585416666
56.0,72.0,127.0,0.12073860416666093,204.74426358333332,204.86500218749998
56.0,-1.0,0.0,0.010653406250014541,204.86500218749998,204.87565559375
56.0,73.0,127.0,0.07990054687499537,204.87565559375,204.955556140625
56.0,75.0,127.0,0.09765622395832452,204.90939138020832,205.00704760416664
56.0,-1.0,0.0,11.41334922916667,205.00704760416664,216.4203968333333
56.0,70.0,127.0,0.12073860416666093,216.4203968333333,216.54113543749997
56.0,-1.0,0.0,0.062144869791666224,216.54113543749997,216.60328030729164
56.0,68.0,127.0,0.11363633333334633,216.60328030729164,216.716916640625
56.0,63.0,127.0,1.061789489583333,216.42749910416666,217.48928859375
56.0,67.0,127.0,0.7386361666666801,216.77373480729165,217.51237097395833
56.0,-1.0,0.0,0.49893452604166555,217.51237097395833,218.0113055
56.0,62.0,127.0,0.09232952083331725,218.0113055,218.1036350208333
56.0,-1.0,0.0,0.07812497916668804,218.1036350208333,218.18176
56.0,70.0,127.0,0.39240046354166225,218.18176,218.57416046354166
56.0,-1.0,0.0,0.11896303645832518,218.57416046354166,218.69312349999998
56.0,68.0,127.0,0.3071732135416596,218.69312349999998,219.00029671354164
56.0,-1.0,0.0,0.20419028645832782,219.00029671354164,219.20448699999997
56.0,72.0,127.0,0.3977271666666695,219.20448699999997,219.60221416666664
56.0,-1.0,0.0,0.11363633333334633,219.60221416666664,219.7158505
56.0,74.0,127.0,0.39240046354166225,219.7158505,220.10825096354165
56.0,-1.0,0.0,0.11896303645832518,220.10825096354165,220.22721399999998
56.0,70.0,127.0,0.3249288906250172,220.22721399999998,220.552142890625
56.0,-1.0,0.0,0.01598010937499339,220.552142890625,220.56812299999999
56.0,68.0,127.0,0.2397016406249861,220.56812299999999,220.80782464062497
56.0,-1.0,0.0,0.10120735937502445,220.80782464062497,220.909032
56.0,67.0,127.0,0.3977271666666411,220.909032,221.30675916666664
56.0,-1.0,0.0,0.11363633333334633,221.30675916666664,221.42039549999998
56.0,68.0,127.0,0.09232952083334567,221.42039549999998,221.51272502083333
56.0,-1.0,0.0,0.07812497916665961,221.51272502083333,221.59085
56.0,70.0,127.0,0.3355822968750033,221.59085,221.926432296875
56.0,-1.0,0.0,0.22727266666666424,221.926432296875,222.15370496354166
56.0,67.0,127.0,0.09765622395832452,222.15370496354166,222.25136118749998
56.0,-1.0,0.0,0.07279827604168077,222.25136118749998,222.32415946354166
56.0,73.0,127.0,0.13671871354165432,222.32415946354166,222.46087817708332
56.0,72.0,127.0,0.30717321354168803,222.4555514739583,222.7627246875
56.0,67.0,127.0,0.45454533333332847,222.31883276041665,222.77337809374998
56.0,-1.0,0.0,4.783379406249992,222.77337809374998,227.55675749999997
56.0,71.0,127.0,0.07457384375001652,227.55675749999997,227.63133134375
56.0,-1.0,0.0,0.09588065624998876,227.63133134375,227.72721199999998
56.0,75.0,127.0,0.07990054687499537,227.72721199999998,227.80711254687498
56.0,-1.0,0.0,0.09055395312500991,227.80711254687498,227.89766649999999
56.0,75.0,127.0,0.07457384375000231,227.89766649999999,227.97224034375
56.0,-1.0,0.0,0.26633515624999404,227.97224034375,228.2385755
56.0,75.0,127.0,0.07191049218748446,228.2385755,228.31048599218747
56.0,-1.0,0.0,0.2689985078125119,228.31048599218747,228.57948449999998
56.0,75.0,127.0,0.07457384375001652,228.57948449999998,228.65405834375
56.0,-1.0,0.0,0.09588065624998876,228.65405834375,228.74993899999998
56.0,72.0,127.0,0.4261362500000132,228.74993899999998,229.17607525
56.0,79.0,127.0,0.4385652239583351,228.77302138020832,229.21158660416665
56.0,-1.0,0.0,1.2428973958333245,229.21158660416665,230.45448399999998
56.0,77.0,127.0,0.06569600520833774,230.45448399999998,230.52018000520832
56.0,-1.0,0.0,0.18998574479167019,230.52018000520832,230.71016575
56.0,77.0,127.0,0.7125945069444413,230.71016575,231.42276025694443
56.0,-1.0,0.0,1.0771777430555574,231.42276025694443,232.499938
56.0,77.0,127.0,0.1420454166666616,232.499938,232.64198341666665
56.0,-1.0,0.0,0.028409083333343688,232.64198341666665,232.6703925
56.0,73.0,127.0,0.07990054687499537,232.6703925,232.750293046875
56.0,-1.0,0.0,0.2610084531249868,232.750293046875,233.01130149999997
56.0,72.0,127.0,0.6480822135416702,233.01130149999997,233.65938371354164
56.0,-1.0,0.0,0.20419028645832782,233.65938371354164,233.86357399999997
56.0,77.0,127.0,0.11363633333334633,233.86357399999997,233.97721033333332
56.0,-1.0,0.0,0.056818166666658954,233.97721033333332,234.03402849999998
56.0,72.0,127.0,0.13139201041667548,234.03402849999998,234.16542051041665
56.0,-1.0,0.0,0.2095169895833351,234.16542051041665,234.3749375
56.0,70.0,127.0,0.46697430729165035,234.3749375,234.84191180729164
56.0,-1.0,0.0,3.112570192708347,234.84191180729164,237.95448199999998
56.0,77.0,127.0,0.1420454166666616,237.95448199999998,238.09652741666665
56.0,-1.0,0.0,0.028409083333343688,238.09652741666665,238.1249365
56.0,73.0,127.0,0.07990054687499537,238.1249365,238.20483704687499
56.0,-1.0,0.0,0.2610084531249868,238.20483704687499,238.46584549999997
56.0,72.0,127.0,0.6480822135416702,238.46584549999997,239.11392771354164
56.0,-1.0,0.0,0.20419028645832782,239.11392771354164,239.31811799999997
56.0,77.0,127.0,0.13938206510418638,239.31811799999997,239.45750006510417
56.0,-1.0,0.0,0.03107243489580469,239.45750006510417,239.48857249999998
56.0,72.0,127.0,0.13139201041667548,239.48857249999998,239.61996451041665
56.0,-1.0,0.0,0.2095169895833351,239.61996451041665,239.82948149999999
56.0,70.0,127.0,0.46697430729165035,239.82948149999999,240.29645580729164
56.0,-1.0,0.0,5.158024192708353,240.29645580729164,245.45448
56.0,77.0,127.0,0.25035504687500065,245.45448,245.704835046875
56.0,-1.0,0.0,0.09055395312498149,245.704835046875,245.79538899999997
56.0,76.0,127.0,0.165127796874998,245.79538899999997,245.96051679687497
56.0,-1.0,0.0,0.0053267031250072705,245.96051679687497,245.96584349999998
56.0,75.0,127.0,0.165127796874998,245.96584349999998,246.13097129687497
56.0,-1.0,0.0,0.0053267031250072705,246.13097129687497,246.13629799999998
56.0,74.0,127.0,0.165127796874998,246.13629799999998,246.30142579687498
56.0,-1.0,0.0,0.0053267031250072705,246.30142579687498,246.3067525
56.0,73.0,127.0,0.165127796874998,246.3067525,246.47188029687499
56.0,-1.0,0.0,0.0053267031250072705,246.47188029687499,246.477207
56.0,72.0,127.0,0.09765622395832452,246.477207,246.57486322395832
56.0,-1.0,0.0,0.24325277604165763,246.57486322395832,246.81811599999997
56.0,75.0,127.0,0.27343742708333707,246.81811599999997,247.0915534270833
56.0,-1.0,0.0,0.0674715729166735,247.0915534270833,247.15902499999999
56.0,74.0,127.0,0.1775567708333199,247.15902499999999,247.3365817708333
56.0,73.0,127.0,0.165127796874998,247.3294795,247.494607296875
56.0,-1.0,0.0,0.0053267031250072705,247.494607296875,247.499934
56.0,72.0,127.0,0.18288347395832716,247.499934,247.68281747395832
56.0,71.0,127.0,0.165127796874998,247.67038849999997,247.83551629687497
56.0,-1.0,0.0,0.0053267031250072705,247.83551629687497,247.84084299999998
56.0,70.0,127.0,0.09232952083334567,247.84084299999998,247.93317252083332
56.0,-1.0,0.0,0.4190339791666702,247.93317252083332,248.3522065
56.0,67.0,127.0,0.07191049218748446,248.3522065,248.42411699218746
56.0,-1.0,0.0,0.2689985078125119,248.42411699218746,248.69311549999998
56.0,67.0,127.0,0.06658378906250562,248.69311549999998,248.7596992890625
56.0,-1.0,0.0,0.27432521093749074,248.7596992890625,249.0340245
56.0,67.0,127.0,0.06392043750000198,249.0340245,249.0979449375
56.0,-1.0,0.0,59.10154673958331,249.0979449375,308.1994916770833
56.0,65.0,127.0,0.08522725000000264,308.1994916770833,308.2847189270833
56.0,-1.0,0.0,0.09055395312498149,308.2847189270833,308.3752728802083
56.0,65.0,127.0,0.10298292708336021,308.3752728802083,308.47825580729165
56.0,-1.0,0.0,0.21484369270831394,308.47825580729165,308.69309949999996
56.0,70.0,127.0,0.10830963020833906,308.69309949999996,308.8014091302083
56.0,-1.0,0.0,0.10298292708336021,308.8014091302083,308.90439205729166
56.0,68.0,127.0,0.08522725000000264,308.90439205729166,308.98961930729166
56.0,-1.0,0.0,0.2325993697916715,308.98961930729166,309.22221867708333
56.0,65.0,127.0,0.09055395312498149,309.22221867708333,309.3127726302083
56.0,-1.0,0.0,0.2325993697916715,309.3127726302083,309.545372
56.0,67.0,127.0,0.19886358333332055,309.545372,309.7442355833333
56.0,68.0,127.0,0.552201557291653,309.7158265,310.26802805729164
56.0,-1.0,0.0,0.6409799427083271,310.26802805729164,310.909008
56.0,65.0,127.0,0.10298292708336021,310.909008,311.01199092708333
56.0,-1.0,0.0,0.07990054687496695,311.01199092708333,311.0918914739583
56.0,65.0,127.0,0.11363633333331791,311.0918914739583,311.2055278072916
56.0,-1.0,0.0,0.1935368802083417,311.2055278072916,311.39906468749996
56.0,70.0,127.0,0.1189630364583536,311.39906468749996,311.5180277239583
56.0,-1.0,0.0,0.07279827604168077,311.5180277239583,311.590826
56.0,68.0,127.0,0.11363633333331791,311.590826,311.7044623333333
56.0,-1.0,0.0,0.21661926041667812,311.7044623333333,311.92108159375
56.0,65.0,127.0,0.10830963020833906,311.92108159375,312.0293912239583
56.0,-1.0,0.0,0.22727266666663581,312.0293912239583,312.25666389062496
56.0,67.0,127.0,0.18643460937499867,312.25666389062496,312.44309849999996
56.0,68.0,127.0,0.5042612291666728,312.4217916875,312.92605291666666
56.0,-1.0,0.0,0.7102270833333364,312.92605291666666,313.63628
56.0,63.0,127.0,0.09765622395832452,313.63628,313.7339362239583
56.0,-1.0,0.0,0.08522725000000264,313.7339362239583,313.8191634739583
56.0,63.0,127.0,0.11363633333331791,313.8191634739583,313.93279980729164
56.0,-1.0,0.0,0.2095169895833351,313.93279980729164,314.142316796875
56.0,70.0,127.0,0.10830963020833906,314.142316796875,314.2506264270833
56.0,-1.0,0.0,0.06747157291664507,314.2506264270833,314.31809799999996
56.0,67.0,127.0,0.08522725000000264,314.31809799999996,314.40332524999997
56.0,-1.0,0.0,0.23437493750003568,314.40332524999997,314.6377001875
56.0,63.0,127.0,0.11363633333331791,314.6377001875,314.7513365208333
56.0,-1.0,0.0,0.22017039583334963,314.7513365208333,314.97150691666667
56.0,65.0,127.0,0.22194596354165697,314.97150691666667,315.1934528802083
56.0,58.0,127.0,0.09588065625001718,315.1827994739583,315.27868013020833
56.0,-1.0,0.0,0.062144869791666224,315.27868013020833,315.340825
56.0,60.0,127.0,0.08522725000000264,315.340825,315.42605225
56.0,-1.0,0.0,0.08522725000000264,315.42605225,315.5112795
56.0,62.0,127.0,0.07990054687496695,315.5112795,315.59118004687497
56.0,67.0,127.0,0.5735083697916821,315.15971709375,315.73322546354166
56.0,63.0,127.0,0.09765622395832452,315.681734,315.77939022395833
56.0,-1.0,0.0,0.07279827604162392,315.77939022395833,315.85218849999995
56.0,60.0,127.0,0.10830963020833906,315.85218849999995,315.9604981302083
56.0,-1.0,0.0,0.062144869791666224,315.9604981302083,316.02264299999996
56.0,62.0,127.0,0.09232952083334567,316.02264299999996,316.1149725208333
56.0,-1.0,0.0,0.06747157291664507,316.1149725208333,316.18244409374995
56.0,63.0,127.0,0.07990054687502379,316.18244409374995,316.262344640625
56.0,-1.0,0.0,0.09588065625001718,316.262344640625,316.358225296875
56.0,65.0,127.0,0.10298292708330337,316.358225296875,316.4612082239583
56.0,-1.0,0.0,0.06747157291670192,316.4612082239583,316.528679796875
56.0,63.0,127.0,0.10830963020833906,316.528679796875,316.63698942708334
56.0,-1.0,0.0,0.07990054687496695,316.63698942708334,316.7168899739583
56.0,65.0,127.0,0.06747157291670192,316.7168899739583,316.784361546875
56.0,-1.0,0.0,0.0852272499999458,316.784361546875,316.86958879687495
56.0,67.0,127.0,0.08522725000000264,316.86958879687495,316.95481604687495
56.0,-1.0,0.0,0.09055395312503833,316.95481604687495,317.04537
56.0,68.0,127.0,0.09765622395832452,317.04537,317.1430262239583
56.0,-1.0,0.0,0.07279827604168077,317.1430262239583,317.2158245
56.0,67.0,127.0,0.10298292708330337,317.2158245,317.3188074270833
56.0,-1.0,0.0,0.07990054687502379,317.3188074270833,317.3987079739583
56.0,68.0,127.0,0.08522725000000264,317.3987079739583,317.4839352239583
56.0,-1.0,0.0,0.06747157291664507,317.4839352239583,317.55140679687497
56.0,69.0,127.0,0.062144869791666224,317.55140679687497,317.61355166666664
56.0,70.0,127.0,0.0745738437499881,317.54608009375,317.6206539375
56.0,-1.0,0.0,0.10653406249997488,317.6206539375,317.72718799999996
56.0,72.0,127.0,0.15980109375004758,317.72718799999996,317.88698909375
56.0,-1.0,0.0,0.010653406249957698,317.88698909375,317.89764249999996
56.0,68.0,127.0,0.10298292708336021,317.89764249999996,318.0006254270833
56.0,-1.0,0.0,0.062144869791666224,318.0006254270833,318.062770296875
56.0,71.0,127.0,0.094105088541653,318.062770296875,318.15687538541664
56.0,-1.0,0.0,0.08167611458333113,318.15687538541664,318.23855149999997
56.0,74.0,127.0,0.09232952083334567,318.23855149999997,318.3308810208333
56.0,-1.0,0.0,0.10653406249997488,318.3308810208333,318.4374150833333
56.0,75.0,127.0,0.13671871354171117,318.4374150833333,318.574133796875
56.0,-1.0,0.0,0.062144869791666224,318.574133796875,318.63627866666667
56.0,74.0,127.0,0.13671871354165432,318.63627866666667,318.7729973802083
56.0,-1.0,0.0,0.07990054687496695,318.7729973802083,318.8528979270833
56.0,75.0,127.0,0.16512779687502643,318.8528979270833,319.0180257239583
56.0,-1.0,0.0,0.062144869791666224,319.0180257239583,319.08017059375
56.0,76.0,127.0,0.15624995833331923,319.08017059375,319.2364205520833
56.0,-1.0,0.0,0.0994317916666887,319.2364205520833,319.33585234375
56.0,81.0,127.0,0.9685721848958053,319.33585234375,320.30442452864577
56.0,-1.0,0.0,1.3947084348959038,320.30442452864577,321.6991329635417
56.0,77.0,127.0,0.09765622395832452,321.6991329635417,321.7967891875
56.0,-1.0,0.0,0.07279827604162392,321.7967891875,321.8695874635416
56.0,82.0,127.0,0.10298292708336021,321.8695874635416,321.972570390625
56.0,-1.0,0.0,0.07279827604168077,321.972570390625,322.04536866666666
56.0,82.0,127.0,0.11363633333331791,322.04536866666666,322.159005
56.0,-1.0,0.0,0.04083805729163714,322.159005,322.1998430572916
56.0,77.0,127.0,0.10120735937505287,322.1998430572916,322.30105041666667
56.0,-1.0,0.0,0.0745738437499881,322.30105041666667,322.37562426041666
56.0,80.0,127.0,0.07990054687496695,322.37562426041666,322.4555248072916
56.0,-1.0,0.0,0.07990054687502379,322.4555248072916,322.53542535416665
56.0,80.0,127.0,0.07812497916665961,322.53542535416665,322.6135503333333
56.0,-1.0,0.0,0.09232952083334567,322.6135503333333,322.70587985416665
56.0,75.0,127.0,0.11363633333331791,322.70587985416665,322.81951618749997
56.0,-1.0,0.0,0.056818166666687375,322.81951618749997,322.87633435416666
56.0,79.0,127.0,0.08522725000000264,322.87633435416666,322.96156160416666
56.0,-1.0,0.0,0.07279827604162392,322.96156160416666,323.0343598802083
56.0,79.0,127.0,0.09765622395838136,323.0343598802083,323.13201610416667
56.0,-1.0,0.0,0.07279827604162392,323.13201610416667,323.2048143802083
56.0,74.0,127.0,0.10830963020833906,323.2048143802083,323.31312401041663
56.0,-1.0,0.0,0.062144869791666224,323.31312401041663,323.3752688802083
56.0,77.0,127.0,0.09055395312503833,323.3752688802083,323.46582283333333
56.0,-1.0,0.0,0.06924714062495241,323.46582283333333,323.5350699739583
56.0,77.0,127.0,0.10120735937499603,323.5350699739583,323.6362773333333
56.0,-1.0,0.0,0.056818166666687375,323.6362773333333,323.69309549999997
56.0,72.0,127.0,0.13139201041667548,323.69309549999997,323.82448751041665
56.0,-1.0,0.0,0.062144869791666224,323.82448751041665,323.8866323802083
56.0,75.0,127.0,0.12606530729163978,323.8866323802083,324.01269768749995
56.0,-1.0,0.0,0.04971589583334435,324.01269768749995,324.0624135833333
56.0,71.0,127.0,0.07990054687502379,324.0624135833333,324.1423141302083
56.0,-1.0,0.0,0.09765622395832452,324.1423141302083,324.23997035416664
56.0,72.0,127.0,0.10653406249997488,324.23997035416664,324.3465044166666
56.0,74.0,127.0,0.12606530729169663,324.2328680833333,324.358933390625
56.0,-1.0,0.0,0.05149146354165168,324.358933390625,324.41042485416665
56.0,74.0,127.0,0.19886358333332055,324.41042485416665,324.60928843749997
56.0,72.0,127.0,0.14204541666669002,324.58620605729163,324.7282514739583
56.0,74.0,127.0,0.1775567708333483,324.68741341666663,324.8649701875
56.0,72.0,127.0,0.14204541666663317,324.80104975,324.94309516666664
56.0,-1.0,0.0,0.007102270833343027,324.94309516666664,324.9501974375
56.0,70.0,127.0,0.16335222916666226,324.9501974375,325.11354966666664
56.0,-1.0,0.0,0.056818166666687375,325.11354966666664,325.17036783333333
56.0,72.0,127.0,0.24502834374999338,325.17036783333333,325.4153961770833
56.0,-1.0,0.0,1.4382098437499735,325.4153961770833,326.8536060208333
56.0,70.0,127.0,0.9481531562499868,326.8536060208333,327.8017591770833
56.0,-1.0,0.0,0.010653406250014541,327.8017591770833,327.8124125833333
56.0,78.0,127.0,0.01775567708335757,327.8124125833333,327.83016826041666
56.0,79.0,127.0,1.4364342760416662,327.7964324739583,329.23286674999997
56.0,-1.0,0.0,0.0639204375000304,329.23286674999997,329.2967871875
56.0,79.0,127.0,0.40838057291665564,329.2967871875,329.70516776041666
56.0,-1.0,0.0,0.028409083333315266,329.70516776041666,329.73357684375
56.0,75.0,127.0,0.14737211979166887,329.73357684375,329.88094896354164
56.0,74.0,127.0,0.15802552604162656,329.728250140625,329.8862756666666
56.0,-1.0,0.0,0.06924714062500925,329.8862756666666,329.95552280729163
56.0,78.0,127.0,0.17578120312504097,329.95552280729163,330.13130401041667
56.0,-1.0,0.0,0.06747157291664507,330.13130401041667,330.1987755833333
56.0,72.0,127.0,0.21661926041667812,330.1987755833333,330.41539484375
56.0,-1.0,0.0,0.0745738437499881,330.41539484375,330.4899686875
56.0,82.0,127.0,1.914061989583331,330.4899686875,332.4040306770833
56.0,80.0,127.0,0.10830963020833906,332.35253921354166,332.46084884375
56.0,-1.0,0.0,0.09055395312498149,332.46084884375,332.551402796875
56.0,79.0,127.0,0.1189630364583536,332.551402796875,332.67036583333334
56.0,-1.0,0.0,0.14204541666663317,332.67036583333334,332.81241124999997
56.0,80.0,127.0,0.21129255729169927,332.81241124999997,333.02370380729167
56.0,-1.0,0.0,0.03906248958332981,333.02370380729167,333.062766296875
56.0,79.0,127.0,0.1651277968749696,333.062766296875,333.22789409374997
56.0,-1.0,0.0,0.03906248958332981,333.22789409374997,333.2669565833333
56.0,77.0,127.0,0.13671871354165432,333.2669565833333,333.40367529687495
56.0,-1.0,0.0,0.06924714062500925,333.40367529687495,333.47292243749996
56.0,79.0,127.0,0.1988635833333774,333.47292243749996,333.67178602083334
56.0,-1.0,0.0,0.044389192708308656,333.67178602083334,333.71617521354165
56.0,77.0,127.0,0.1544743906250119,333.71617521354165,333.87064960416666
56.0,-1.0,0.0,0.04971589583334435,333.87064960416666,333.9203655
56.0,75.0,127.0,0.12073860416666093,333.9203655,334.04110410416666
56.0,-1.0,0.0,0.06747157291664507,334.04110410416666,334.1085756770833
56.0,77.0,127.0,0.24502834374999338,334.1085756770833,334.3536040208333
56.0,75.0,127.0,0.15447439062495505,334.31276596354166,334.4672403541666
56.0,-1.0,0.0,0.10653406250003172,334.4672403541666,334.57377441666665
56.0,72.0,127.0,0.12606530729163978,334.57377441666665,334.6998397239583
56.0,-1.0,0.0,0.09055395312503833,334.6998397239583,334.79039367708333
56.0,74.0,127.0,0.3409089999999537,334.79039367708333,335.1313026770833
56.0,70.0,127.0,0.10830963020833906,335.113547,335.2218566302083
56.0,-1.0,0.0,0.22194596354165697,335.2218566302083,335.44380259375
56.0,72.0,127.0,0.3071732135416596,335.44380259375,335.75097580729164
56.0,-1.0,0.0,1.7489341927083615,335.75097580729164,337.49991
56.0,77.0,127.0,0.14204541666663317,337.49991,337.64195541666663
56.0,-1.0,0.0,0.028409083333315266,337.64195541666663,337.67036449999995
56.0,73.0,127.0,0.07990054687502379,337.67036449999995,337.750265046875
56.0,-1.0,0.0,0.2610084531249868,337.750265046875,338.01127349999996
56.0,72.0,127.0,0.6480822135416702,338.01127349999996,338.65935571354163
56.0,-1.0,0.0,0.20419028645835624,338.65935571354163,338.863546
56.0,77.0,127.0,0.13938206510414375,338.863546,339.00292806510413
56.0,-1.0,0.0,0.031072434895861534,339.00292806510413,339.0340005
56.0,72.0,127.0,0.13139201041667548,339.0340005,339.16539251041667
56.0,-1.0,0.0,0.2095169895833351,339.16539251041667,339.3749095
56.0,70.0,127.0,0.46697430729165035,339.3749095,339.84188380729165
56.0,-1.0,0.0,5.158024192708297,339.84188380729165,344.99990799999995
56.0,77.0,127.0,0.2503550468750291,344.99990799999995,345.250263046875
56.0,-1.0,0.0,0.09055395312498149,345.250263046875,345.34081699999996
56.0,76.0,127.0,0.16512779687502643,345.34081699999996,345.505944796875
56.0,-1.0,0.0,0.005326703124978849,345.505944796875,345.51127149999996
56.0,75.0,127.0,0.16512779687502643,345.51127149999996,345.676399296875
56.0,-1.0,0.0,0.005326703124978849,345.676399296875,345.68172599999997
56.0,74.0,127.0,0.16512779687502643,345.68172599999997,345.846853796875
56.0,-1.0,0.0,0.005326703124978849,345.846853796875,345.8521805
56.0,73.0,127.0,0.16512779687502643,345.8521805,346.017308296875
56.0,-1.0,0.0,0.005326703124978849,346.017308296875,346.022635
56.0,72.0,127.0,0.09765622395832452,346.022635,346.1202912239583
56.0,-1.0,0.0,0.24325277604168605,346.1202912239583,346.363544
56.0,75.0,127.0,0.27343742708330865,346.363544,346.6369814270833
56.0,-1.0,0.0,0.06747157291670192,346.6369814270833,346.704453
56.0,74.0,127.0,0.17755677083329147,346.704453,346.8820097708333
56.0,73.0,127.0,0.16512779687502643,346.87490749999995,347.040035296875
56.0,-1.0,0.0,0.005326703124978849,347.040035296875,347.04536199999995
56.0,72.0,127.0,0.18288347395832716,347.04536199999995,347.2282454739583
56.0,71.0,127.0,0.16512779687502643,347.21581649999996,347.380944296875
56.0,-1.0,0.0,0.005326703124978849,347.380944296875,347.38627099999997
56.0,70.0,127.0,0.09232952083334567,347.38627099999997,347.4786005208333
56.0,-1.0,0.0,0.4190339791666702,347.4786005208333,347.8976345
56.0,67.0,127.0,0.07191049218749868,347.8976345,347.9695449921875
56.0,-1.0,0.0,0.2689985078125119,347.9695449921875,348.2385435
56.0,67.0,127.0,0.0665837890624914,348.2385435,348.3051272890625
56.0,-1.0,0.0,0.27432521093749074,348.3051272890625,348.5794525
56.0,67.0,127.0,0.06392043749997356,348.5794525,348.6433729375
57.0,54.0,127.0,0.07102270833333375,5.454543999999999,5.525566708333333
57.0,-1.0,0.0,0.09943179166666649,5.525566708333333,5.624998499999999
57.0,54.0,127.0,0.0651041493055559,5.624998499999999,5.6901026493055555
57.0,-1.0,0.0,0.10535035069444376,5.6901026493055555,5.795452999999999
57.0,54.0,127.0,0.06155301388888912,5.795452999999999,5.857006013888888
57.0,-1.0,0.0,0.10890148611111083,5.857006013888888,5.965907499999999
57.0,54.0,127.0,0.05741002256944464,5.965907499999999,6.023317522569444
57.0,-1.0,0.0,0.28349897743055497,6.023317522569444,6.306816499999999
57.0,54.0,127.0,0.05918559027777803,6.306816499999999,6.366002090277777
57.0,-1.0,0.0,0.11126890972222192,6.366002090277777,6.477270999999999
57.0,54.0,127.0,0.06569600520833359,6.477270999999999,6.542967005208332
57.0,-1.0,0.0,0.10475849479166754,6.542967005208332,6.6477255
57.0,54.0,127.0,0.0674715729166661,6.6477255,6.715197072916666
57.0,-1.0,0.0,0.2734374270833335,6.715197072916666,6.9886345
57.0,54.0,127.0,0.06155301388888823,6.9886345,7.050187513888888
57.0,-1.0,0.0,0.10890148611111083,7.050187513888888,7.159088999999999
57.0,54.0,127.0,0.0656960052083327,7.159088999999999,7.224785005208331
57.0,-1.0,0.0,0.10475849479166843,7.224785005208331,7.3295435
57.0,54.0,127.0,0.06510414930555501,7.3295435,7.394647649305555
57.0,-1.0,0.0,0.2758048506944446,7.394647649305555,7.6704525
57.0,54.0,127.0,0.0656960052083333,7.6704525,7.736148505208333
57.0,-1.0,0.0,0.10475849479166577,7.736148505208333,7.840906999999999
57.0,54.0,127.0,0.060961157986110535,7.840906999999999,7.901868157986109
57.0,-1.0,0.0,0.1094933420138906,7.901868157986109,8.0113615
57.0,55.0,127.0,0.05918559027777744,8.0113615,8.070547090277778
57.0,-1.0,0.0,0.2817234097222219,8.070547090277778,8.3522705
57.0,55.0,127.0,0.06687971701388899,8.3522705,8.419150217013888
57.0,-1.0,0.0,0.10357478298611156,8.419150217013888,8.522725
57.0,55.0,127.0,0.06924714062500037,8.522725,8.591972140625
57.0,-1.0,0.0,0.10120735937499958,8.591972140625,8.6931795
57.0,55.0,127.0,0.06273672569444422,8.6931795,8.755916225694444
57.0,-1.0,0.0,0.2781722743055557,8.755916225694444,9.0340885
57.0,55.0,127.0,0.0651041493055556,9.0340885,9.099192649305555
57.0,-1.0,0.0,0.10535035069444376,9.099192649305555,9.204543
57.0,55.0,127.0,0.06096115798611083,9.204543,9.26550415798611
57.0,-1.0,0.0,0.10949334201388972,9.26550415798611,9.3749975
57.0,55.0,127.0,0.060961157986111424,9.3749975,9.435958657986111
57.0,-1.0,0.0,0.2799478420138879,9.435958657986111,9.7159065
57.0,55.0,127.0,0.05741002256944464,9.7159065,9.773316522569443
57.0,-1.0,0.0,0.1130444774305559,9.773316522569443,9.886360999999999
57.0,55.0,127.0,0.06096115798611083,9.886360999999999,9.94732215798611
57.0,-1.0,0.0,0.10949334201388972,9.94732215798611,10.056815499999999
57.0,55.0,127.0,0.06273672569444422,10.056815499999999,10.119552225694443
57.0,-1.0,0.0,0.2728455711805555,10.119552225694443,10.392397796874999
57.0,59.0,127.0,0.05149146354166767,10.392397796874999,10.443889260416666
57.0,55.0,127.0,0.056818166666667835,10.397724499999999,10.454542666666667
57.0,53.0,127.0,0.0799005468750007,10.387071093749999,10.466971640625
57.0,-1.0,0.0,0.10120735937499958,10.466971640625,10.568178999999999
57.0,55.0,127.0,0.06155301388888942,10.568178999999999,10.629732013888889
57.0,-1.0,0.0,0.10890148611110995,10.629732013888889,10.738633499999999
57.0,56.0,127.0,0.0799005468750007,10.738633499999999,10.818534046875
57.0,-1.0,0.0,6.908733953124999,10.818534046875,17.727268
57.0,54.0,127.0,0.04483308463541569,17.727268,17.772101084635416
57.0,-1.0,0.0,0.9778939153645823,17.772101084635416,18.749995
57.0,54.0,127.0,0.054154815104165976,18.749995,18.804149815104164
57.0,-1.0,0.0,0.9685721848958337,18.804149815104164,19.772721999999998
57.0,54.0,127.0,0.0488281119791667,19.772721999999998,19.821550111979164
57.0,-1.0,0.0,0.9738988880208339,19.821550111979164,20.795448999999998
57.0,54.0,127.0,0.46342317187500104,20.795448999999998,21.258872171874998
57.0,-1.0,0.0,21.013843828124998,21.258872171874998,42.272715999999996
57.0,65.0,127.0,0.6764912968749996,42.272715999999996,42.949207296874995
57.0,-1.0,0.0,0.005326703125000165,42.949207296874995,42.954533999999995
57.0,66.0,127.0,0.6764912968749996,42.954533999999995,43.631025296874995
57.0,-1.0,0.0,0.005326703125000165,43.631025296874995,43.636351999999995
57.0,65.0,127.0,1.145241171875,43.636351999999995,44.781593171874995
57.0,-1.0,0.0,0.21839482812499966,44.781593171874995,44.999987999999995
57.0,54.0,127.0,1.2082738255208376,44.999987999999995,46.208261825520836
57.0,-1.0,0.0,0.15536217447915845,46.208261825520836,46.363623999999994
57.0,53.0,127.0,1.2224783671875024,46.363623999999994,47.58610236718749
57.0,-1.0,0.0,0.14115763281250082,47.58610236718749,47.727259999999994
57.0,54.0,127.0,1.1878547968750048,47.727259999999994,48.915114796875
57.0,-1.0,0.0,0.1935368802083275,48.915114796875,49.10865167708333
57.0,53.0,127.0,1.1248221432291672,49.10865167708333,50.2334738203125
57.0,-1.0,0.0,0.19975136718750264,50.2334738203125,50.4332251875
57.0,53.0,127.0,1.01029802604166,50.4332251875,51.44352321354166
57.0,56.0,127.0,1.00497132291666,50.438551890625,51.44352321354166
57.0,-1.0,0.0,1.5678262864583346,51.44352321354166,53.011349499999994
57.0,63.0,127.0,0.04927200390625153,53.011349499999994,53.06062150390625
57.0,-1.0,0.0,0.29163699609375016,53.06062150390625,53.3522585
57.0,62.0,127.0,0.059777446180551884,53.3522585,53.41203594618055
57.0,-1.0,0.0,0.2811315538194421,53.41203594618055,53.693167499999994
57.0,62.0,127.0,0.40187015798611253,53.693167499999994,54.095037657986104
57.0,-1.0,0.0,3.177674342013894,54.095037657986104,57.272712
57.0,53.0,127.0,0.03196021874999744,57.272712,57.30467221875
57.0,-1.0,0.0,0.1100851979166606,57.30467221875,57.41475741666666
57.0,56.0,127.0,0.06392043750000198,57.41475741666666,57.47867785416666
57.0,51.0,127.0,0.07990054687500248,57.40943071354166,57.48933126041666
57.0,-1.0,0.0,0.0905539531250028,57.48933126041666,57.579885213541665
57.0,56.0,127.0,0.06924714062499504,57.579885213541665,57.64913235416666
57.0,51.0,127.0,0.07990054687499537,57.574558510416665,57.65445905729166
57.0,-1.0,0.0,0.14737211979166887,57.65445905729166,57.80183117708333
57.0,56.0,127.0,0.062144869791666224,57.80183117708333,57.863976046874996
57.0,51.0,127.0,0.07279827604166655,57.79650447395833,57.869302749999996
57.0,-1.0,0.0,0.22727266666666424,57.869302749999996,58.09657541666666
57.0,56.0,127.0,0.07457384375000231,58.09657541666666,58.17114926041666
57.0,60.0,127.0,0.07812497916666672,58.103677687499996,58.18180266666666
57.0,-1.0,0.0,0.3071732135416667,58.18180266666666,58.48897588020833
57.0,58.0,127.0,0.830077903645833,58.48897588020833,59.31905378385416
57.0,-1.0,0.0,0.2725496432291692,59.31905378385416,59.59160342708333
57.0,58.0,127.0,0.07368605989583443,59.59160342708333,59.66528948697916
57.0,-1.0,0.0,11.243782513020832,59.66528948697916,70.909072
57.0,55.0,127.0,0.07990054687499537,70.909072,70.98897254687499
57.0,-1.0,0.0,0.09055395312500991,70.98897254687499,71.0795265
57.0,58.0,127.0,0.08522724999998843,71.0795265,71.16475374999999
57.0,-1.0,0.0,0.08522725000000264,71.16475374999999,71.24998099999999
57.0,60.0,127.0,0.07457384375000231,71.24998099999999,71.32455484375
57.0,-1.0,0.0,0.26633515625000825,71.32455484375,71.59089
57.0,62.0,127.0,0.07990054687499537,71.59089,71.670790546875
57.0,-1.0,0.0,0.261008453125001,71.670790546875,71.931799
57.0,55.0,127.0,0.09765622395832452,71.931799,72.02945522395832
57.0,-1.0,0.0,0.07279827604166655,72.02945522395832,72.10225349999999
57.0,58.0,127.0,0.07457384375000231,72.10225349999999,72.17682734374999
57.0,-1.0,0.0,0.09588065625000297,72.17682734374999,72.272708
57.0,62.0,127.0,0.06924714062499504,72.272708,72.34195514062499
57.0,-1.0,0.0,0.2716618593750013,72.34195514062499,72.61361699999999
57.0,62.0,127.0,0.06924714062500925,72.61361699999999,72.682864140625
57.0,-1.0,0.0,0.2716618593750013,72.682864140625,72.954526
57.0,55.0,127.0,0.09765622395832452,72.954526,73.05218222395833
57.0,-1.0,0.0,0.07279827604166655,73.05218222395833,73.12498049999999
57.0,62.0,127.0,0.09232952083333146,73.12498049999999,73.21731002083332
57.0,-1.0,0.0,0.2485794791666649,73.21731002083332,73.46588949999999
57.0,60.0,127.0,0.42080954687500594,73.46588949999999,73.886699046875
57.0,-1.0,0.0,7.931460953124997,73.886699046875,81.81815999999999
57.0,65.0,127.0,0.38174705729167613,81.81815999999999,82.19990705729167
57.0,-1.0,0.0,0.1296164427083255,82.19990705729167,82.3295235
57.0,62.0,127.0,0.2965198072916735,82.3295235,82.62604330729167
57.0,-1.0,0.0,0.21484369270832815,82.62604330729167,82.840887
57.0,60.0,127.0,0.3355822968750033,82.840887,83.176469296875
57.0,-1.0,0.0,0.17578120312499834,83.176469296875,83.3522505
57.0,60.0,127.0,0.5060367968749944,83.3522505,83.85828729687499
57.0,-1.0,0.0,0.0053267031250072705,83.85828729687499,83.863614
57.0,59.0,127.0,0.591264046874997,83.863614,84.454878046875
57.0,-1.0,0.0,3.499643953125002,84.454878046875,87.954522
57.0,63.0,127.0,0.4208095468749917,87.954522,88.37533154687499
57.0,-1.0,0.0,0.0053267031250072705,88.37533154687499,88.38065825
57.0,62.0,127.0,0.2681107239583298,88.38065825,88.64876897395833
57.0,-1.0,0.0,0.3284800260416745,88.64876897395833,88.977249
57.0,67.0,127.0,0.591264046874997,88.977249,89.568513046875
57.0,-1.0,0.0,0.17578120312499834,89.568513046875,89.74429425
57.0,70.0,127.0,0.25035504687500065,89.74429425,89.994649296875
57.0,-1.0,0.0,0.00532670312499306,89.994649296875,89.99997599999999
57.0,70.0,127.0,0.9321730468750076,89.99997599999999,90.932149046875
57.0,-1.0,0.0,0.0905539531249957,90.932149046875,91.02270299999999
57.0,70.0,127.0,0.06155301388889237,91.02270299999999,91.08425601388889
57.0,-1.0,0.0,4.711172986111109,91.08425601388889,95.795429
57.0,58.0,127.0,0.1775567708333341,95.795429,95.97298577083333
57.0,-1.0,0.0,0.33380672916666754,95.97298577083333,96.3067925
57.0,59.0,127.0,0.2397016406249861,96.3067925,96.54649414062499
57.0,-1.0,0.0,0.2716618593750013,96.54649414062499,96.81815599999999
57.0,58.0,127.0,0.1775567708333341,96.81815599999999,96.99571277083332
57.0,-1.0,0.0,0.33380672916666754,96.99571277083332,97.32951949999999
57.0,59.0,127.0,0.41548284374999866,97.32951949999999,97.74500234374999
57.0,-1.0,0.0,0.09588065625001718,97.74500234374999,97.840883
57.0,58.0,127.0,0.10298292708333179,97.840883,97.94386592708334
57.0,-1.0,0.0,0.5788350729166609,97.94386592708334,98.522701
57.0,58.0,127.0,0.15980109374999074,98.522701,98.68250209374999
57.0,-1.0,0.0,0.3515624062500109,98.68250209374999,99.0340645
57.0,59.0,127.0,0.2166192604166639,99.0340645,99.25068376041666
57.0,-1.0,0.0,0.2947442395833235,99.25068376041666,99.54542799999999
57.0,58.0,127.0,0.1420454166666758,99.54542799999999,99.68747341666666
57.0,-1.0,0.0,0.36931808333332583,99.68747341666666,100.05679149999999
57.0,59.0,127.0,0.35333797395833244,100.05679149999999,100.41012947395832
57.0,-1.0,0.0,0.1580255260416692,100.41012947395832,100.56815499999999
57.0,60.0,127.0,0.165127796874998,100.56815499999999,100.73328279687499
57.0,-1.0,0.0,0.5166902031250089,100.73328279687499,101.249973
57.0,54.0,127.0,0.20596585416666358,101.249973,101.45593885416666
57.0,-1.0,0.0,0.30539764583333806,101.45593885416666,101.7613365
57.0,57.0,127.0,0.1775567708333341,101.7613365,101.93889327083333
57.0,-1.0,0.0,0.3338067291666533,101.93889327083333,102.27269999999999
57.0,55.0,127.0,0.1935368802083417,102.27269999999999,102.46623688020833
57.0,-1.0,0.0,0.31782661979165994,102.46623688020833,102.78406349999999
57.0,60.0,127.0,0.5060367968750086,102.78406349999999,103.290100296875
57.0,-1.0,0.0,0.00532670312499306,103.290100296875,103.29542699999999
57.0,59.0,127.0,0.25035504687500065,103.29542699999999,103.54578204687499
57.0,-1.0,0.0,16.45418595312502,103.54578204687499,119.99996800000001
57.0,54.0,127.0,0.0710227083333308,119.99996800000001,120.07099070833334
57.0,-1.0,0.0,0.09943179166664606,120.07099070833334,120.17042249999999
57.0,54.0,127.0,0.0651041493055639,120.17042249999999,120.23552664930556
57.0,-1.0,0.0,0.10535035069443666,120.23552664930556,120.34087699999999
57.0,54.0,127.0,0.06155301388889237,120.34087699999999,120.40243001388889
57.0,-1.0,0.0,0.10890148611110817,120.40243001388889,120.5113315
57.0,54.0,127.0,0.05741002256943754,120.5113315,120.56874152256944
57.0,-1.0,0.0,0.2834989774305541,120.56874152256944,120.8522405
57.0,54.0,127.0,0.059185590277773294,120.8522405,120.91142609027777
57.0,-1.0,0.0,0.11126890972221304,120.91142609027777,121.02269499999998
57.0,54.0,127.0,0.06569600520833774,121.02269499999998,121.08839100520832
57.0,-1.0,0.0,0.10475849479166754,121.08839100520832,121.19314949999999
57.0,54.0,127.0,0.06747157291666402,121.19314949999999,121.26062107291665
57.0,-1.0,0.0,0.27343742708332286,121.26062107291665,121.53405849999997
57.0,54.0,127.0,0.06155301388889237,121.53405849999997,121.59561151388887
57.0,-1.0,0.0,0.10890148611110817,121.59561151388887,121.70451299999998
57.0,54.0,127.0,0.065696005208333,121.70451299999998,121.77020900520832
57.0,-1.0,0.0,0.10475849479166754,121.77020900520832,121.87496749999998
57.0,54.0,127.0,0.06510414930554968,121.87496749999998,121.94007164930554
57.0,-1.0,0.0,0.27580485069445615,121.94007164930554,122.2158765
57.0,54.0,127.0,0.065696005208333,122.2158765,122.28157250520833
57.0,-1.0,0.0,0.10475849479166754,122.28157250520833,122.386331
57.0,54.0,127.0,0.06096115798610432,122.386331,122.4472921579861
57.0,-1.0,0.0,0.10949334201389149,122.4472921579861,122.55678549999999
57.0,55.0,127.0,0.05918559027778277,122.55678549999999,122.61597109027777
57.0,-1.0,0.0,0.2817234097222183,122.61597109027777,122.89769449999999
57.0,55.0,127.0,0.0668797170138949,122.89769449999999,122.96457421701388
57.0,-1.0,0.0,0.10357478298611511,122.96457421701388,123.06814899999999
57.0,55.0,127.0,0.06924714062499977,123.06814899999999,123.13739614062499
57.0,-1.0,0.0,0.10120735937501024,123.13739614062499,123.2386035
57.0,55.0,127.0,0.06273672569443534,123.2386035,123.30134022569443
57.0,-1.0,0.0,0.27817227430557523,123.30134022569443,123.5795125
57.0,55.0,127.0,0.06510414930555442,123.5795125,123.64461664930556
57.0,-1.0,0.0,0.10535035069445087,123.64461664930556,123.74996700000001
57.0,55.0,127.0,0.06096115798610432,123.74996700000001,123.81092815798611
57.0,-1.0,0.0,0.10949334201387728,123.81092815798611,123.92042149999999
57.0,55.0,127.0,0.06096115798611379,123.92042149999999,123.9813826579861
57.0,-1.0,0.0,0.27994784201388256,123.9813826579861,124.26133049999999
57.0,55.0,127.0,0.057410022569447015,124.26133049999999,124.31874052256943
57.0,-1.0,0.0,0.113044477430563,124.31874052256943,124.43178499999999
57.0,55.0,127.0,0.06096115798611379,124.43178499999999,124.4927461579861
57.0,-1.0,0.0,0.10949334201389149,124.4927461579861,124.6022395
57.0,55.0,127.0,0.06273672569443534,124.6022395,124.66497622569443
57.0,-1.0,0.0,0.27284557118055375,124.66497622569443,124.93782179687499
57.0,59.0,127.0,0.051491463541665894,124.93782179687499,124.98931326041665
57.0,55.0,127.0,0.056818166666658954,124.94314849999999,124.99996666666665
57.0,53.0,127.0,0.07990054687499537,124.93249509374999,125.01239564062499
57.0,-1.0,0.0,0.10120735937501024,125.01239564062499,125.113603
57.0,55.0,127.0,0.0615530138888829,125.113603,125.17515601388888
57.0,-1.0,0.0,0.10890148611109396,125.17515601388888,125.28405749999997
57.0,56.0,127.0,0.07990054687499537,125.28405749999997,125.36395804687497
57.0,-1.0,0.0,16.45418595312502,125.36395804687497,141.818144
57.0,53.0,127.0,0.4385652239583351,141.818144,142.25670922395832
57.0,-1.0,0.0,0.07279827604165234,142.25670922395832,142.32950749999998
57.0,55.0,127.0,0.37642035416666886,142.32950749999998,142.70592785416665
57.0,-1.0,0.0,0.134943145833347,142.70592785416665,142.840871
57.0,56.0,127.0,0.44389192708334235,142.840871,143.28476292708334
57.0,-1.0,0.0,0.06747157291664507,143.28476292708334,143.35223449999998
57.0,55.0,127.0,0.3586646770833397,143.35223449999998,143.71089917708332
57.0,-1.0,0.0,0.15269882291667614,143.71089917708332,143.863598
57.0,53.0,127.0,0.387073760416655,143.863598,144.25067176041665
57.0,-1.0,0.0,0.29474423958333773,144.25067176041665,144.545416
57.0,53.0,127.0,0.387073760416655,144.545416,144.93248976041664
57.0,-1.0,0.0,0.12428973958333245,144.93248976041664,145.05677949999998
57.0,56.0,127.0,0.30184651041668076,145.05677949999998,145.35862601041666
57.0,-1.0,0.0,0.2095169895833351,145.35862601041666,145.568143
57.0,53.0,127.0,1.1026275468749986,145.568143,146.670770546875
57.0,-1.0,0.0,8.783733453124995,146.670770546875,155.454504
57.0,55.0,127.0,1.3299002135416629,155.454504,156.78440421354165
57.0,51.0,127.0,1.3299002135416629,155.47758638020832,156.80748659374999
57.0,-1.0,0.0,0.010653406250014541,156.80748659374999,156.81814
57.0,54.0,127.0,1.3583092968749781,156.81814,158.17644929687498
57.0,-1.0,0.0,0.0053267031250072705,158.17644929687498,158.18177599999999
57.0,53.0,127.0,1.222478367187506,158.18177599999999,159.4042543671875
57.0,-1.0,0.0,0.14115763281250793,159.4042543671875,159.545412
57.0,54.0,127.0,1.187854796874987,159.545412,160.733266796875
57.0,-1.0,0.0,0.19353688020831328,160.733266796875,160.9268036770833
57.0,53.0,127.0,1.1248221432291814,160.9268036770833,162.0516258203125
57.0,-1.0,0.0,0.19975136718750264,162.0516258203125,162.2513771875
57.0,53.0,127.0,1.010298026041653,162.2513771875,163.26167521354165
57.0,56.0,127.0,1.0049713229166741,162.25670389062498,163.26167521354165
57.0,-1.0,0.0,1.5678262864583417,163.26167521354165,164.8295015
57.0,63.0,127.0,0.0492720039062533,164.8295015,164.87877350390625
57.0,-1.0,0.0,0.29163699609372884,164.87877350390625,165.17041049999997
57.0,62.0,127.0,0.059777446180561356,165.17041049999997,165.23018794618054
57.0,-1.0,0.0,0.2811315538194492,165.23018794618054,165.51131949999998
57.0,62.0,127.0,0.40187015798611014,165.51131949999998,165.9131896579861
57.0,-1.0,0.0,3.177674342013887,165.9131896579861,169.09086399999998
57.0,53.0,127.0,0.03196021875000099,169.09086399999998,169.12282421875
57.0,-1.0,0.0,0.1100851979166464,169.12282421875,169.23290941666664
57.0,56.0,127.0,0.06392043750000198,169.23290941666664,169.29682985416665
57.0,51.0,127.0,0.07990054687499537,169.22758271354166,169.30748326041666
57.0,-1.0,0.0,0.09055395312498149,169.30748326041666,169.39803721354164
57.0,56.0,127.0,0.06924714062500925,169.39803721354164,169.46728435416665
57.0,51.0,127.0,0.07990054687499537,169.39271051041666,169.47261105729166
57.0,-1.0,0.0,0.14737211979166887,169.47261105729166,169.61998317708333
57.0,56.0,127.0,0.062144869791666224,169.61998317708333,169.682128046875
57.0,51.0,127.0,0.07279827604168077,169.61465647395832,169.68745475
57.0,-1.0,0.0,0.22727266666666424,169.68745475,169.91472741666666
57.0,56.0,127.0,0.0745738437499881,169.91472741666666,169.98930126041665
57.0,60.0,127.0,0.07812497916668804,169.92182968749998,169.99995466666667
57.0,-1.0,0.0,0.3071732135416596,169.99995466666667,170.30712788020833
57.0,58.0,127.0,0.8300779036458152,170.30712788020833,171.13720578385414
57.0,-1.0,0.0,0.2725496432291834,171.13720578385414,171.40975542708333
57.0,58.0,127.0,0.07368605989583443,171.40975542708333,171.48344148697916
57.0,-1.0,0.0,11.243782513020818,171.48344148697916,182.72722399999998
57.0,55.0,127.0,0.07990054687499537,182.72722399999998,182.80712454687497
57.0,-1.0,0.0,0.09055395312500991,182.80712454687497,182.89767849999998
57.0,58.0,127.0,0.08522725000000264,182.89767849999998,182.98290575
57.0,-1.0,0.0,0.08522725000000264,182.98290575,183.068133
57.0,60.0,127.0,0.0745738437499881,183.068133,183.14270684374998
57.0,-1.0,0.0,0.26633515625002246,183.14270684374998,183.409042
57.0,62.0,127.0,0.07990054687499537,183.409042,183.488942546875
57.0,-1.0,0.0,0.2610084531249868,183.488942546875,183.74995099999998
57.0,55.0,127.0,0.09765622395835294,183.74995099999998,183.84760722395833
57.0,-1.0,0.0,0.07279827604165234,183.84760722395833,183.9204055
57.0,58.0,127.0,0.0745738437499881,183.9204055,183.99497934374997
57.0,-1.0,0.0,0.09588065625001718,183.99497934374997,184.09086
57.0,62.0,127.0,0.06924714062498083,184.09086,184.16010714062497
57.0,-1.0,0.0,0.2716618593750013,184.16010714062497,184.43176899999997
57.0,62.0,127.0,0.06924714062500925,184.43176899999997,184.50101614062498
57.0,-1.0,0.0,0.2716618593750013,184.50101614062498,184.77267799999998
57.0,55.0,127.0,0.09765622395832452,184.77267799999998,184.8703342239583
57.0,-1.0,0.0,0.07279827604168077,184.8703342239583,184.9431325
57.0,62.0,127.0,0.09232952083331725,184.9431325,185.0354620208333
57.0,-1.0,0.0,0.24857947916669332,185.0354620208333,185.2840415
57.0,60.0,127.0,0.4208095468749775,185.2840415,185.70485104687498
57.0,-1.0,0.0,7.931460953124997,185.70485104687498,193.63631199999998
57.0,65.0,127.0,0.38174705729167613,193.63631199999998,194.01805905729165
57.0,-1.0,0.0,0.12961644270833972,194.01805905729165,194.1476755
57.0,62.0,127.0,0.2965198072916735,194.1476755,194.44419530729166
57.0,-1.0,0.0,0.21484369270831394,194.44419530729166,194.65903899999998
57.0,60.0,127.0,0.3355822968750033,194.65903899999998,194.99462129687498
57.0,-1.0,0.0,0.17578120312501255,194.99462129687498,195.1704025
57.0,60.0,127.0,0.5060367968749802,195.1704025,195.67643929687497
57.0,-1.0,0.0,0.0053267031250072705,195.67643929687497,195.68176599999998
57.0,59.0,127.0,0.5912640468750112,195.68176599999998,196.273030046875
57.0,-1.0,0.0,3.499643953125002,196.273030046875,199.772674
57.0,63.0,127.0,0.4208095468749775,199.772674,200.19348354687497
57.0,-1.0,0.0,0.0053267031250072705,200.19348354687497,200.19881024999998
57.0,62.0,127.0,0.2681107239583298,200.19881024999998,200.4669209739583
57.0,-1.0,0.0,0.3284800260416887,200.4669209739583,200.795401
57.0,67.0,127.0,0.5912640468749828,200.795401,201.38666504687498
57.0,-1.0,0.0,0.17578120312501255,201.38666504687498,201.56244625
57.0,70.0,127.0,0.25035504687500065,201.56244625,201.812801296875
57.0,-1.0,0.0,0.005326703124978849,201.812801296875,201.81812799999997
57.0,70.0,127.0,0.9321730468750218,201.81812799999997,202.750301046875
57.0,-1.0,0.0,0.09055395312500991,202.750301046875,202.840855
57.0,70.0,127.0,0.06155301388889711,202.840855,202.9024080138889
57.0,-1.0,0.0,4.71117298611108,202.9024080138889,207.61358099999998
57.0,58.0,127.0,0.1775567708333483,207.61358099999998,207.79113777083333
57.0,-1.0,0.0,0.33380672916666754,207.79113777083333,208.1249445
57.0,59.0,127.0,0.2397016406249861,208.1249445,208.36464614062498
57.0,-1.0,0.0,0.2716618593750013,208.36464614062498,208.63630799999999
57.0,58.0,127.0,0.1775567708333199,208.63630799999999,208.8138647708333
57.0,-1.0,0.0,0.33380672916666754,208.8138647708333,209.14767149999997
57.0,59.0,127.0,0.41548284374999866,209.14767149999997,209.56315434374997
57.0,-1.0,0.0,0.09588065625001718,209.56315434374997,209.659035
57.0,58.0,127.0,0.10298292708333179,209.659035,209.76201792708332
57.0,-1.0,0.0,0.5788350729166609,209.76201792708332,210.34085299999998
57.0,58.0,127.0,0.15980109374999074,210.34085299999998,210.50065409374997
57.0,-1.0,0.0,0.3515624062500251,210.50065409374997,210.8522165
57.0,59.0,127.0,0.2166192604166497,210.8522165,211.06883576041665
57.0,-1.0,0.0,0.29474423958333773,211.06883576041665,211.36357999999998
57.0,58.0,127.0,0.1420454166666616,211.36357999999998,211.50562541666665
57.0,-1.0,0.0,0.36931808333332583,211.50562541666665,211.87494349999997
57.0,59.0,127.0,0.35333797395833244,211.87494349999997,212.2282814739583
57.0,-1.0,0.0,0.1580255260416834,212.2282814739583,212.386307
57.0,60.0,127.0,0.165127796874998,212.386307,212.551434796875
57.0,-1.0,0.0,0.5166902031249947,212.551434796875,213.06812499999998
57.0,54.0,127.0,0.20596585416666358,213.06812499999998,213.27409085416664
57.0,-1.0,0.0,0.30539764583335227,213.27409085416664,213.5794885
57.0,57.0,127.0,0.1775567708333199,213.5794885,213.75704527083332
57.0,-1.0,0.0,0.33380672916666754,213.75704527083332,214.09085199999998
57.0,55.0,127.0,0.1935368802083417,214.09085199999998,214.28438888020833
57.0,-1.0,0.0,0.3178266197916457,214.28438888020833,214.60221549999997
57.0,60.0,127.0,0.5060367968750086,214.60221549999997,215.10825229687498
57.0,-1.0,0.0,0.0053267031250072705,215.10825229687498,215.113579
57.0,59.0,127.0,0.25035504687500065,215.113579,215.363934046875
57.0,-1.0,0.0,17.647367453124986,215.363934046875,233.01130149999997
57.0,60.0,127.0,0.6596234036458384,233.01130149999997,233.6709249036458
57.0,-1.0,0.0,0.7040125963541755,233.6709249036458,234.3749375
57.0,58.0,127.0,0.6400921588541593,234.3749375,235.01502965885413
57.0,-1.0,0.0,0.3826348411458582,235.01502965885413,235.3976645
57.0,53.0,127.0,0.08522725000000264,235.3976645,235.48289175
57.0,-1.0,0.0,0.08522725000000264,235.48289175,235.568119
57.0,56.0,127.0,0.07990054687499537,235.568119,235.648019546875
57.0,-1.0,0.0,0.09055395312498149,235.648019546875,235.73857349999997
57.0,60.0,127.0,0.06924714062500925,235.73857349999997,235.80782064062498
57.0,-1.0,0.0,0.10120735937499603,235.80782064062498,235.90902799999998
57.0,63.0,127.0,0.12073860416666093,235.90902799999998,236.02976660416664
57.0,-1.0,0.0,0.22017039583334963,236.02976660416664,236.249937
57.0,62.0,127.0,0.4101561406249914,236.249937,236.66009314062498
57.0,-1.0,0.0,0.6125708593750119,236.66009314062498,237.272664
57.0,60.0,127.0,0.49005668749998677,237.272664,237.76272068749998
57.0,-1.0,0.0,3.0894878125000105,237.76272068749998,240.8522085
57.0,53.0,127.0,0.08522725000000264,240.8522085,240.93743575
57.0,-1.0,0.0,0.08522725000000264,240.93743575,241.022663
57.0,56.0,127.0,0.07990054687499537,241.022663,241.102563546875
57.0,-1.0,0.0,0.09055395312498149,241.102563546875,241.19311749999997
57.0,60.0,127.0,0.06924714062500925,241.19311749999997,241.26236464062498
57.0,-1.0,0.0,0.10120735937499603,241.26236464062498,241.36357199999998
57.0,63.0,127.0,0.12073860416666093,241.36357199999998,241.48431060416664
57.0,-1.0,0.0,0.22017039583334963,241.48431060416664,241.704481
57.0,62.0,127.0,0.4101561406249914,241.704481,242.11463714062498
57.0,-1.0,0.0,0.6125708593750119,242.11463714062498,242.727208
57.0,60.0,127.0,0.49005668749998677,242.727208,243.21726468749998
57.0,-1.0,0.0,0.3622158125000112,243.21726468749998,243.5794805
57.0,56.0,127.0,0.06392043750000198,243.5794805,243.6434009375
57.0,-1.0,0.0,0.1065340625000033,243.6434009375,243.749935
57.0,60.0,127.0,0.09765622395832452,243.749935,243.84759122395832
57.0,-1.0,0.0,0.07279827604165234,243.84759122395832,243.92038949999997
57.0,63.0,127.0,0.06392043750000198,243.92038949999997,243.98430993749997
57.0,-1.0,0.0,0.1065340625000033,243.98430993749997,244.09084399999998
57.0,67.0,127.0,0.06924714062500925,244.09084399999998,244.16009114062498
57.0,-1.0,0.0,0.2716618593750013,244.16009114062498,244.431753
57.0,65.0,127.0,0.2166192604166497,244.431753,244.64837226041664
57.0,-1.0,0.0,0.12428973958336087,244.64837226041664,244.772662
57.0,64.0,127.0,0.15980109374999074,244.772662,244.93246309375
57.0,-1.0,0.0,0.01065340624998612,244.93246309375,244.94311649999997
57.0,65.0,127.0,0.09765622395835294,244.94311649999997,245.04077272395833
57.0,-1.0,0.0,3.3114337760416674,245.04077272395833,248.3522065
57.0,67.0,127.0,0.07191049218748446,248.3522065,248.42411699218746
57.0,-1.0,0.0,0.2689985078125119,248.42411699218746,248.69311549999998
57.0,67.0,127.0,0.06658378906250562,248.69311549999998,248.7596992890625
57.0,-1.0,0.0,0.27432521093749074,248.7596992890625,249.0340245
57.0,67.0,127.0,0.06392043750000198,249.0340245,249.0979449375
57.0,-1.0,0.0,56.697428062499995,249.0979449375,305.795373
57.0,58.0,127.0,0.09232952083334567,305.795373,305.88770252083333
57.0,-1.0,0.0,0.2485794791666649,305.88770252083333,306.136282
57.0,63.0,127.0,0.07990054687496695,306.136282,306.21618254687496
57.0,-1.0,0.0,0.2610084531250436,306.21618254687496,306.477191
57.0,60.0,127.0,0.0745738437499881,306.477191,306.55176484375
57.0,-1.0,0.0,0.2663351562499656,306.55176484375,306.81809999999996
57.0,58.0,127.0,0.10298292708336021,306.81809999999996,306.9210829270833
57.0,-1.0,0.0,0.23792607291665036,306.9210829270833,307.15900899999997
57.0,63.0,127.0,0.09232952083334567,307.15900899999997,307.2513385208333
57.0,-1.0,0.0,0.2485794791666649,307.2513385208333,307.499918
57.0,60.0,127.0,0.07990054687502379,307.499918,307.579818546875
57.0,-1.0,0.0,0.2610084531249868,307.579818546875,307.840827
57.0,58.0,127.0,0.09765622395832452,307.840827,307.9384832239583
57.0,-1.0,0.0,0.24325277604168605,307.9384832239583,308.181736
57.0,65.0,127.0,0.09765622395832452,308.181736,308.2793922239583
57.0,-1.0,0.0,0.2432527760416292,308.2793922239583,308.52264499999995
57.0,65.0,127.0,0.09232952083334567,308.52264499999995,308.6149745208333
57.0,-1.0,0.0,0.2485794791666649,308.6149745208333,308.86355399999997
57.0,58.0,127.0,0.23437493750003568,308.86355399999997,309.0979289375
57.0,-1.0,0.0,0.44744306249998544,309.0979289375,309.545372
57.0,58.0,127.0,0.11363633333331791,309.545372,309.6590083333333
57.0,-1.0,0.0,0.22727266666669266,309.6590083333333,309.886281
57.0,65.0,127.0,0.10830963020833906,309.886281,309.99459063020834
57.0,-1.0,0.0,0.23259936979161466,309.99459063020834,310.22718999999995
57.0,60.0,127.0,0.09232952083334567,310.22718999999995,310.3195195208333
57.0,-1.0,0.0,0.2485794791666649,310.3195195208333,310.56809899999996
57.0,58.0,127.0,0.12073860416666093,310.56809899999996,310.6888376041666
57.0,-1.0,0.0,0.22017039583334963,310.6888376041666,310.909008
57.0,65.0,127.0,0.12073860416666093,310.909008,311.02974660416663
57.0,-1.0,0.0,0.22017039583334963,311.02974660416663,311.249917
57.0,60.0,127.0,0.07990054687502379,311.249917,311.329817546875
57.0,-1.0,0.0,0.2610084531249868,311.329817546875,311.590826
57.0,58.0,127.0,0.13139201041667548,311.590826,311.72221801041667
57.0,-1.0,0.0,0.5504259895832888,311.72221801041667,312.27264399999996
57.0,58.0,127.0,0.10298292708336021,312.27264399999996,312.3756269270833
57.0,-1.0,0.0,0.23792607291665036,312.3756269270833,312.61355299999997
57.0,65.0,127.0,0.10830963020833906,312.61355299999997,312.7218626302083
57.0,-1.0,0.0,0.2325993697916715,312.7218626302083,312.954462
57.0,60.0,127.0,0.07990054687502379,312.954462,313.034362546875
57.0,-1.0,0.0,0.2610084531249868,313.034362546875,313.295371
57.0,58.0,127.0,0.10830963020833906,313.295371,313.4036806302083
57.0,-1.0,0.0,0.2325993697916715,313.4036806302083,313.63628
57.0,63.0,127.0,0.09232952083328883,313.63628,313.7286095208333
57.0,-1.0,0.0,0.2485794791666649,313.7286095208333,313.97718899999995
57.0,60.0,127.0,0.07457384375004494,313.97718899999995,314.05176284375
57.0,-1.0,0.0,0.2663351562499656,314.05176284375,314.31809799999996
57.0,58.0,127.0,0.17045450000000528,314.31809799999996,314.48855249999997
57.0,-1.0,0.0,2.215908500000012,314.48855249999997,316.704461
57.0,58.0,127.0,0.09232952083334567,316.704461,316.7967905208333
57.0,-1.0,0.0,0.2485794791666649,316.7967905208333,317.04537
57.0,63.0,127.0,0.07990054687496695,317.04537,317.12527054687496
57.0,-1.0,0.0,0.2610084531250436,317.12527054687496,317.386279
57.0,60.0,127.0,0.0745738437499881,317.386279,317.46085284375
57.0,-1.0,0.0,0.2663351562499656,317.46085284375,317.72718799999996
57.0,58.0,127.0,0.10298292708336021,317.72718799999996,317.8301709270833
57.0,-1.0,0.0,0.23792607291665036,317.8301709270833,318.06809699999997
57.0,63.0,127.0,0.09232952083334567,318.06809699999997,318.1604265208333
57.0,-1.0,0.0,0.2485794791666649,318.1604265208333,318.409006
57.0,60.0,127.0,0.07990054687502379,318.409006,318.488906546875
57.0,-1.0,0.0,0.2610084531249868,318.488906546875,318.749915
57.0,58.0,127.0,0.09765622395832452,318.749915,318.8475712239583
57.0,-1.0,0.0,0.24325277604168605,318.8475712239583,319.090824
57.0,65.0,127.0,0.09765622395832452,319.090824,319.1884802239583
57.0,-1.0,0.0,0.2432527760416292,319.1884802239583,319.43173299999995
57.0,65.0,127.0,0.09232952083334567,319.43173299999995,319.5240625208333
57.0,-1.0,0.0,0.2485794791666649,319.5240625208333,319.77264199999996
57.0,58.0,127.0,0.23437493750003568,319.77264199999996,320.0070169375
57.0,-1.0,0.0,0.44744306249998544,320.0070169375,320.45446
57.0,58.0,127.0,0.11363633333331791,320.45446,320.5680963333333
57.0,-1.0,0.0,0.22727266666669266,320.5680963333333,320.795369
57.0,65.0,127.0,0.10830963020833906,320.795369,320.90367863020833
57.0,-1.0,0.0,0.2325993697916715,320.90367863020833,321.136278
57.0,60.0,127.0,0.09232952083328883,321.136278,321.2286075208333
57.0,-1.0,0.0,0.2485794791666649,321.2286075208333,321.47718699999996
57.0,58.0,127.0,0.12073860416666093,321.47718699999996,321.5979256041666
57.0,-1.0,0.0,0.22017039583334963,321.5979256041666,321.81809599999997
57.0,65.0,127.0,0.12073860416666093,321.81809599999997,321.93883460416663
57.0,-1.0,0.0,0.22017039583334963,321.93883460416663,322.159005
57.0,60.0,127.0,0.07990054687502379,322.159005,322.238905546875
57.0,-1.0,0.0,0.2610084531249868,322.238905546875,322.499914
57.0,58.0,127.0,0.13139201041667548,322.499914,322.63130601041667
57.0,-1.0,0.0,0.5504259895832888,322.63130601041667,323.18173199999995
57.0,58.0,127.0,0.10298292708336021,323.18173199999995,323.2847149270833
57.0,-1.0,0.0,0.23792607291665036,323.2847149270833,323.52264099999996
57.0,65.0,127.0,0.10830963020833906,323.52264099999996,323.6309506302083
57.0,-1.0,0.0,0.2325993697916715,323.6309506302083,323.86355
57.0,60.0,127.0,0.07990054687502379,323.86355,323.943450546875
57.0,-1.0,0.0,0.2610084531249868,323.943450546875,324.204459
57.0,58.0,127.0,0.10830963020833906,324.204459,324.3127686302083
57.0,-1.0,0.0,0.2325993697916715,324.3127686302083,324.545368
57.0,63.0,127.0,0.09232952083328883,324.545368,324.6376975208333
57.0,-1.0,0.0,0.2485794791666649,324.6376975208333,324.88627699999995
57.0,60.0,127.0,0.07457384375004494,324.88627699999995,324.96085084375
57.0,-1.0,0.0,0.2663351562499656,324.96085084375,325.22718599999996
57.0,58.0,127.0,0.17045450000000528,325.22718599999996,325.39764049999997
57.0,-1.0,0.0,2.215908500000012,325.39764049999997,327.613549
57.0,58.0,127.0,0.09232952083334567,327.613549,327.7058785208333
57.0,-1.0,0.0,0.2485794791666649,327.7058785208333,327.954458
57.0,63.0,127.0,0.07990054687496695,327.954458,328.03435854687496
57.0,-1.0,0.0,0.2610084531250436,328.03435854687496,328.295367
57.0,60.0,127.0,0.0745738437499881,328.295367,328.36994084375
57.0,-1.0,0.0,0.2663351562499656,328.36994084375,328.63627599999995
57.0,58.0,127.0,0.10298292708336021,328.63627599999995,328.7392589270833
57.0,-1.0,0.0,0.23792607291665036,328.7392589270833,328.97718499999996
57.0,63.0,127.0,0.09232952083334567,328.97718499999996,329.0695145208333
57.0,-1.0,0.0,0.2485794791666649,329.0695145208333,329.318094
57.0,60.0,127.0,0.07990054687502379,329.318094,329.397994546875
57.0,-1.0,0.0,0.2610084531249868,329.397994546875,329.659003
57.0,58.0,127.0,0.09765622395832452,329.659003,329.7566592239583
57.0,-1.0,0.0,0.24325277604168605,329.7566592239583,329.999912
57.0,65.0,127.0,0.09765622395832452,329.999912,330.0975682239583
57.0,-1.0,0.0,0.2432527760416292,330.0975682239583,330.34082099999995
57.0,65.0,127.0,0.09232952083334567,330.34082099999995,330.4331505208333
57.0,-1.0,0.0,0.2485794791666649,330.4331505208333,330.68172999999996
57.0,58.0,127.0,0.23437493750003568,330.68172999999996,330.9161049375
57.0,-1.0,0.0,0.44744306249998544,330.9161049375,331.363548
57.0,58.0,127.0,0.11363633333331791,331.363548,331.4771843333333
57.0,-1.0,0.0,0.22727266666669266,331.4771843333333,331.704457
57.0,65.0,127.0,0.10830963020833906,331.704457,331.81276663020833
57.0,-1.0,0.0,0.2325993697916715,331.81276663020833,332.045366
57.0,60.0,127.0,0.09232952083328883,332.045366,332.1376955208333
57.0,-1.0,0.0,0.2485794791666649,332.1376955208333,332.38627499999996
57.0,58.0,127.0,0.12073860416666093,332.38627499999996,332.5070136041666
57.0,-1.0,0.0,0.22017039583334963,332.5070136041666,332.72718399999997
57.0,65.0,127.0,0.12073860416666093,332.72718399999997,332.8479226041666
57.0,-1.0,0.0,0.22017039583334963,332.8479226041666,333.068093
57.0,60.0,127.0,0.07990054687502379,333.068093,333.147993546875
57.0,-1.0,0.0,0.2610084531249868,333.147993546875,333.409002
57.0,58.0,127.0,0.13139201041667548,333.409002,333.54039401041666
57.0,-1.0,0.0,0.5504259895832888,333.54039401041666,334.09081999999995
57.0,58.0,127.0,0.10298292708336021,334.09081999999995,334.1938029270833
57.0,-1.0,0.0,0.23792607291665036,334.1938029270833,334.43172899999996
57.0,65.0,127.0,0.10830963020833906,334.43172899999996,334.5400386302083
57.0,-1.0,0.0,0.2325993697916715,334.5400386302083,334.772638
57.0,60.0,127.0,0.07990054687502379,334.772638,334.852538546875
57.0,-1.0,0.0,0.2610084531249868,334.852538546875,335.113547
57.0,58.0,127.0,0.10830963020833906,335.113547,335.2218566302083
57.0,-1.0,0.0,0.2325993697916715,335.2218566302083,335.454456
57.0,63.0,127.0,0.09232952083328883,335.454456,335.5467855208333
57.0,-1.0,0.0,0.24857947916672174,335.5467855208333,335.795365
57.0,60.0,127.0,0.0745738437499881,335.795365,335.86993884375
57.0,-1.0,0.0,0.2663351562499656,335.86993884375,336.13627399999996
57.0,58.0,127.0,0.17045450000000528,336.13627399999996,336.30672849999996
57.0,-1.0,0.0,0.5113635000000158,336.30672849999996,336.818092
57.0,60.0,127.0,0.49005668749998677,336.818092,337.30814868749997
57.0,-1.0,0.0,3.0894878125000105,337.30814868749997,340.3976365
57.0,53.0,127.0,0.08522725000000264,340.3976365,340.48286375
57.0,-1.0,0.0,0.08522725000000264,340.48286375,340.568091
57.0,56.0,127.0,0.07990054687496695,340.568091,340.64799154687495
57.0,-1.0,0.0,0.09055395312503833,340.64799154687495,340.7385455
57.0,60.0,127.0,0.06924714062500925,340.7385455,340.807792640625
57.0,-1.0,0.0,0.10120735937499603,340.807792640625,340.909
57.0,63.0,127.0,0.12073860416666093,340.909,341.02973860416665
57.0,-1.0,0.0,0.22017039583334963,341.02973860416665,341.249909
57.0,62.0,127.0,0.410156140624963,341.249909,341.66006514062497
57.0,-1.0,0.0,0.6125708593750119,341.66006514062497,342.272636
57.0,60.0,127.0,0.49005668749998677,342.272636,342.76269268749996
57.0,-1.0,0.0,0.36221581250003965,342.76269268749996,343.1249085
57.0,56.0,127.0,0.06392043749997356,343.1249085,343.1888289375
57.0,-1.0,0.0,0.10653406249997488,343.1888289375,343.29536299999995
57.0,60.0,127.0,0.09765622395838136,343.29536299999995,343.39301922395833
57.0,-1.0,0.0,0.07279827604162392,343.39301922395833,343.46581749999996
57.0,63.0,127.0,0.0639204375000304,343.46581749999996,343.5297379375
57.0,-1.0,0.0,0.10653406249997488,343.5297379375,343.63627199999996
57.0,67.0,127.0,0.06924714062500925,343.63627199999996,343.705519140625
57.0,-1.0,0.0,0.2716618593750013,343.705519140625,343.977181
57.0,65.0,127.0,0.21661926041667812,343.977181,344.19380026041665
57.0,-1.0,0.0,0.12428973958333245,344.19380026041665,344.31809
57.0,64.0,127.0,0.15980109374999074,344.31809,344.47789109375
57.0,-1.0,0.0,0.010653406250014541,344.47789109375,344.4885445
57.0,65.0,127.0,0.09765622395832452,344.4885445,344.5862007239583
57.0,-1.0,0.0,3.3114337760416674,344.5862007239583,347.8976345
57.0,67.0,127.0,0.07191049218749868,347.8976345,347.9695449921875
57.0,-1.0,0.0,0.2689985078125119,347.9695449921875,348.2385435
57.0,67.0,127.0,0.0665837890624914,348.2385435,348.3051272890625
57.0,-1.0,0.0,0.27432521093749074,348.3051272890625,348.5794525
57.0,67.0,127.0,0.06392043749997356,348.5794525,348.6433729375
61.0,66.0,127.0,0.07102270833333375,5.454543999999999,5.525566708333333
61.0,-1.0,0.0,0.09943179166666649,5.525566708333333,5.624998499999999
61.0,66.0,127.0,0.0651041493055559,5.624998499999999,5.6901026493055555
61.0,-1.0,0.0,0.10535035069444376,5.6901026493055555,5.795452999999999
61.0,66.0,127.0,0.06155301388888912,5.795452999999999,5.857006013888888
61.0,-1.0,0.0,0.10890148611111083,5.857006013888888,5.965907499999999
61.0,66.0,127.0,0.05741002256944464,5.965907499999999,6.023317522569444
61.0,-1.0,0.0,0.28349897743055497,6.023317522569444,6.306816499999999
61.0,66.0,127.0,0.05918559027777803,6.306816499999999,6.366002090277777
61.0,-1.0,0.0,0.11126890972222192,6.366002090277777,6.477270999999999
61.0,66.0,127.0,0.06569600520833359,6.477270999999999,6.542967005208332
61.0,-1.0,0.0,0.10475849479166754,6.542967005208332,6.6477255
61.0,66.0,127.0,0.0674715729166661,6.6477255,6.715197072916666
61.0,-1.0,0.0,0.2734374270833335,6.715197072916666,6.9886345
61.0,66.0,127.0,0.06155301388888823,6.9886345,7.050187513888888
61.0,-1.0,0.0,0.10890148611111083,7.050187513888888,7.159088999999999
61.0,66.0,127.0,0.0656960052083327,7.159088999999999,7.224785005208331
61.0,-1.0,0.0,0.10475849479166843,7.224785005208331,7.3295435
61.0,66.0,127.0,0.06510414930555501,7.3295435,7.394647649305555
61.0,-1.0,0.0,0.2758048506944446,7.394647649305555,7.6704525
61.0,66.0,127.0,0.0656960052083333,7.6704525,7.736148505208333
61.0,-1.0,0.0,0.10475849479166577,7.736148505208333,7.840906999999999
61.0,66.0,127.0,0.060961157986110535,7.840906999999999,7.901868157986109
61.0,-1.0,0.0,0.1094933420138906,7.901868157986109,8.0113615
61.0,67.0,127.0,0.05918559027777744,8.0113615,8.070547090277778
61.0,-1.0,0.0,0.2817234097222219,8.070547090277778,8.3522705
61.0,67.0,127.0,0.06687971701388899,8.3522705,8.419150217013888
61.0,-1.0,0.0,0.10357478298611156,8.419150217013888,8.522725
61.0,67.0,127.0,0.06924714062500037,8.522725,8.591972140625
61.0,-1.0,0.0,0.10120735937499958,8.591972140625,8.6931795
61.0,67.0,127.0,0.06273672569444422,8.6931795,8.755916225694444
61.0,-1.0,0.0,0.2781722743055557,8.755916225694444,9.0340885
61.0,67.0,127.0,0.0651041493055556,9.0340885,9.099192649305555
61.0,-1.0,0.0,0.10535035069444376,9.099192649305555,9.204543
61.0,67.0,127.0,0.06096115798611083,9.204543,9.26550415798611
61.0,-1.0,0.0,0.10949334201388972,9.26550415798611,9.3749975
61.0,67.0,127.0,0.060961157986111424,9.3749975,9.435958657986111
61.0,-1.0,0.0,0.2799478420138879,9.435958657986111,9.7159065
61.0,67.0,127.0,0.05741002256944464,9.7159065,9.773316522569443
61.0,-1.0,0.0,0.1130444774305559,9.773316522569443,9.886360999999999
61.0,67.0,127.0,0.06096115798611083,9.886360999999999,9.94732215798611
61.0,-1.0,0.0,0.10949334201388972,9.94732215798611,10.056815499999999
61.0,67.0,127.0,0.06273672569444422,10.056815499999999,10.119552225694443
61.0,-1.0,0.0,0.2728455711805555,10.119552225694443,10.392397796874999
61.0,71.0,127.0,0.05149146354166767,10.392397796874999,10.443889260416666
61.0,67.0,127.0,0.056818166666667835,10.397724499999999,10.454542666666667
61.0,65.0,127.0,0.0799005468750007,10.387071093749999,10.466971640625
61.0,-1.0,0.0,0.10120735937499958,10.466971640625,10.568178999999999
61.0,67.0,127.0,0.06155301388888942,10.568178999999999,10.629732013888889
61.0,-1.0,0.0,0.10890148611110995,10.629732013888889,10.738633499999999
61.0,68.0,127.0,0.06332858159722281,10.738633499999999,10.801962081597221
61.0,-1.0,0.0,31.470753918402774,10.801962081597221,42.272715999999996
61.0,70.0,127.0,0.5912640468750041,42.272715999999996,42.863980046875
61.0,-1.0,0.0,0.0905539531249957,42.863980046875,42.954533999999995
61.0,69.0,127.0,0.5912640468750041,42.954533999999995,43.545798046875
61.0,-1.0,0.0,0.0905539531249957,43.545798046875,43.636351999999995
61.0,68.0,127.0,1.0600139218750009,43.636351999999995,44.696365921875
61.0,-1.0,0.0,7.292256578124999,44.696365921875,51.9886225
61.0,82.0,127.0,0.07990054687499537,51.9886225,52.068523046874994
61.0,-1.0,0.0,0.0905539531250028,52.068523046874994,52.159076999999996
61.0,83.0,127.0,0.07457384375000231,52.159076999999996,52.23365084375
61.0,-1.0,0.0,0.09588065624999587,52.23365084375,52.329531499999995
61.0,82.0,127.0,0.06924714062500215,52.329531499999995,52.398778640625
61.0,-1.0,0.0,0.10120735937500314,52.398778640625,52.499986
61.0,83.0,127.0,0.0887783854166635,52.499986,52.58876438541667
61.0,-1.0,0.0,0.08167611458333113,52.58876438541667,52.6704405
61.0,82.0,127.0,0.08256389843749545,52.6704405,52.7530043984375
61.0,-1.0,0.0,0.08789060156249917,52.7530043984375,52.840894999999996
61.0,83.0,127.0,0.057410022569447015,52.840894999999996,52.898305022569446
61.0,-1.0,0.0,0.1130444774305488,52.898305022569446,53.011349499999994
61.0,87.0,127.0,0.04927200390625153,53.011349499999994,53.06062150390625
61.0,-1.0,0.0,0.29163699609375016,53.06062150390625,53.3522585
61.0,86.0,127.0,0.059777446180551884,53.3522585,53.41203594618055
61.0,-1.0,0.0,0.2811315538194421,53.41203594618055,53.693167499999994
61.0,86.0,127.0,0.40187015798611253,53.693167499999994,54.095037657986104
61.0,-1.0,0.0,8.632218342013893,54.095037657986104,62.727256
61.0,86.0,127.0,0.09232952083333146,62.727256,62.81958552083333
61.0,-1.0,0.0,0.07812497916666672,62.81958552083333,62.897710499999995
61.0,85.0,127.0,0.10298292708333179,62.897710499999995,63.00069342708333
61.0,-1.0,0.0,0.23792607291667167,63.00069342708333,63.2386195
61.0,84.0,127.0,0.09232952083333146,63.2386195,63.33094902083333
61.0,-1.0,0.0,0.2485794791666649,63.33094902083333,63.579528499999995
61.0,84.0,127.0,0.07457384375000231,63.579528499999995,63.65410234375
61.0,-1.0,0.0,0.26633515625000115,63.65410234375,63.9204375
61.0,83.0,127.0,1.2730820468749968,63.9204375,65.193519546875
61.0,-1.0,0.0,0.6019174531249973,65.193519546875,65.79543699999999
61.0,72.0,127.0,0.10298292708333179,65.79543699999999,65.89841992708332
61.0,-1.0,0.0,0.0674715729166735,65.89841992708332,65.9658915
61.0,73.0,127.0,0.0550425989583303,65.9658915,66.02093409895832
61.0,-1.0,0.0,0.11541190104166787,66.02093409895832,66.13634599999999
61.0,76.0,127.0,0.06303265364584121,66.13634599999999,66.19937865364582
61.0,82.0,127.0,1.145241171875007,65.19884624999999,66.344087421875
61.0,79.0,127.0,0.17045450000000528,66.3068005,66.477255
61.0,72.0,127.0,0.12073860416666093,66.477255,66.59799360416666
61.0,-1.0,0.0,0.04971589583333014,66.59799360416666,66.64770949999999
61.0,75.0,127.0,1.342329187499999,66.64770949999999,67.99003868749999
61.0,-1.0,0.0,2.919033312500005,67.99003868749999,70.909072
61.0,67.0,127.0,0.07990054687499537,70.909072,70.98897254687499
61.0,-1.0,0.0,0.09055395312500991,70.98897254687499,71.0795265
61.0,70.0,127.0,0.08522724999998843,71.0795265,71.16475374999999
61.0,-1.0,0.0,0.08522725000000264,71.16475374999999,71.24998099999999
61.0,72.0,127.0,0.07457384375000231,71.24998099999999,71.32455484375
61.0,-1.0,0.0,0.26633515625000825,71.32455484375,71.59089
61.0,74.0,127.0,0.07990054687499537,71.59089,71.670790546875
61.0,-1.0,0.0,0.261008453125001,71.670790546875,71.931799
61.0,67.0,127.0,0.09765622395832452,71.931799,72.02945522395832
61.0,-1.0,0.0,0.07279827604166655,72.02945522395832,72.10225349999999
61.0,70.0,127.0,0.07457384375000231,72.10225349999999,72.17682734374999
61.0,-1.0,0.0,0.09588065625000297,72.17682734374999,72.272708
61.0,74.0,127.0,0.06924714062499504,72.272708,72.34195514062499
61.0,-1.0,0.0,0.2716618593750013,72.34195514062499,72.61361699999999
61.0,74.0,127.0,0.06924714062500925,72.61361699999999,72.682864140625
61.0,-1.0,0.0,0.2716618593750013,72.682864140625,72.954526
61.0,67.0,127.0,0.09765622395832452,72.954526,73.05218222395833
61.0,-1.0,0.0,0.07279827604166655,73.05218222395833,73.12498049999999
61.0,74.0,127.0,0.09232952083333146,73.12498049999999,73.21731002083332
61.0,-1.0,0.0,0.2485794791666649,73.21731002083332,73.46588949999999
61.0,72.0,127.0,0.42080954687500594,73.46588949999999,73.886699046875
61.0,-1.0,0.0,0.17578120312499834,73.886699046875,74.06248025
61.0,74.0,127.0,0.17045450000000528,74.06248025,74.23293475
61.0,72.0,127.0,0.591264046874997,74.23293475,74.824198796875
61.0,-1.0,0.0,1.539417203124998,74.824198796875,76.363616
61.0,87.0,127.0,0.048828111979169364,76.363616,76.41244411197917
61.0,-1.0,0.0,0.12162638802082881,76.41244411197917,76.5340705
61.0,87.0,127.0,0.07191049218749868,76.5340705,76.6059809921875
61.0,-1.0,0.0,0.2689985078124977,76.6059809921875,76.8749795
61.0,87.0,127.0,0.07191049218749868,76.8749795,76.9468899921875
61.0,-1.0,0.0,0.2689985078124977,76.9468899921875,77.21588849999999
61.0,87.0,127.0,0.07191049218750578,77.21588849999999,77.2877989921875
61.0,-1.0,0.0,0.26899850781248347,77.2877989921875,77.55679749999999
61.0,87.0,127.0,0.06924714062500215,77.55679749999999,77.626044640625
61.0,-1.0,0.0,0.2716618593750013,77.626044640625,77.8977065
61.0,91.0,127.0,0.165127796874998,77.8977065,78.062834296875
61.0,-1.0,0.0,0.00532670312499306,78.062834296875,78.06816099999999
61.0,89.0,127.0,0.5752839375000036,78.06816099999999,78.64344493749999
61.0,84.0,127.0,0.7670452499999953,77.8977065,78.66475175
61.0,-1.0,0.0,1.107954250000006,78.66475175,79.772706
61.0,75.0,127.0,0.06924714062499504,79.772706,79.841953140625
61.0,-1.0,0.0,0.10120735937499603,79.841953140625,79.94316049999999
61.0,75.0,127.0,0.06924714062500925,79.94316049999999,80.012407640625
61.0,-1.0,0.0,0.2716618593750013,80.012407640625,80.2840695
61.0,75.0,127.0,0.0665837890624914,80.2840695,80.35065328906249
61.0,-1.0,0.0,0.27432521093750495,80.35065328906249,80.6249785
61.0,79.0,127.0,0.18821017708333443,80.6249785,80.81318867708333
61.0,77.0,127.0,0.591264046874997,80.790106296875,81.38137034374999
61.0,72.0,127.0,0.7670452499999953,80.6249785,81.39202374999999
61.0,-1.0,0.0,0.426136249999999,81.39202374999999,81.81815999999999
61.0,79.0,127.0,0.38174705729167613,81.81815999999999,82.19990705729167
61.0,-1.0,0.0,0.1296164427083255,82.19990705729167,82.3295235
61.0,77.0,127.0,0.2965198072916735,82.3295235,82.62604330729167
61.0,-1.0,0.0,0.21484369270832815,82.62604330729167,82.840887
61.0,75.0,127.0,0.3355822968750033,82.840887,83.176469296875
61.0,-1.0,0.0,0.17578120312499834,83.176469296875,83.3522505
61.0,74.0,127.0,0.34090899999999635,83.3522505,83.6931595
61.0,-1.0,0.0,0.17045450000000528,83.6931595,83.863614
61.0,73.0,127.0,0.591264046874997,83.863614,84.454878046875
61.0,-1.0,0.0,3.499643953125002,84.454878046875,87.954522
61.0,63.0,127.0,0.4208095468749917,87.954522,88.37533154687499
61.0,-1.0,0.0,0.0053267031250072705,88.37533154687499,88.38065825
61.0,62.0,127.0,0.2681107239583298,88.38065825,88.64876897395833
61.0,-1.0,0.0,0.3284800260416745,88.64876897395833,88.977249
61.0,67.0,127.0,0.591264046874997,88.977249,89.568513046875
61.0,-1.0,0.0,0.17578120312499834,89.568513046875,89.74429425
61.0,70.0,127.0,0.25035504687500065,89.74429425,89.994649296875
61.0,-1.0,0.0,0.00532670312499306,89.994649296875,89.99997599999999
61.0,70.0,127.0,0.9321730468750076,89.99997599999999,90.932149046875
61.0,-1.0,0.0,0.0905539531249957,90.932149046875,91.02270299999999
61.0,70.0,127.0,0.06155301388889237,91.02270299999999,91.08425601388889
61.0,-1.0,0.0,1.6429919861110989,91.08425601388889,92.72724799999999
61.0,85.0,127.0,0.11363633333333212,92.72724799999999,92.84088433333332
61.0,87.0,127.0,0.12073860416667515,92.81247524999999,92.93321385416667
61.0,84.0,127.0,0.12073860416667515,92.92611158333332,93.0468501875
61.0,-1.0,0.0,0.01065340625000033,93.0468501875,93.05750359375
61.0,85.0,127.0,0.07990054687499537,93.05750359375,93.137404140625
61.0,87.0,127.0,0.09765622395833873,93.09123938020832,93.18889560416666
61.0,-1.0,0.0,13.004257895833334,93.18889560416666,106.1931535
61.0,62.0,127.0,0.09232952083333146,106.1931535,106.28548302083333
61.0,-1.0,0.0,0.07812497916667382,106.28548302083333,106.363608
61.0,70.0,127.0,0.39240046354166225,106.363608,106.75600846354166
61.0,-1.0,0.0,0.11896303645832518,106.75600846354166,106.87497149999999
61.0,68.0,127.0,0.3071732135416738,106.87497149999999,107.18214471354166
61.0,-1.0,0.0,0.20419028645832782,107.18214471354166,107.38633499999999
61.0,72.0,127.0,0.3977271666666695,107.38633499999999,107.78406216666666
61.0,-1.0,0.0,0.11363633333333212,107.78406216666666,107.89769849999999
61.0,74.0,127.0,0.39240046354166225,107.89769849999999,108.29009896354165
61.0,-1.0,0.0,0.11896303645833939,108.29009896354165,108.40906199999999
61.0,70.0,127.0,0.32492889062500296,108.40906199999999,108.733990890625
61.0,-1.0,0.0,0.01598010937499339,108.733990890625,108.74997099999999
61.0,68.0,127.0,0.23970164062500032,108.74997099999999,108.98967264062499
61.0,-1.0,0.0,0.10120735937501024,108.98967264062499,109.09088
61.0,67.0,127.0,0.3977271666666553,109.09088,109.48860716666665
61.0,-1.0,0.0,0.11363633333333212,109.48860716666665,109.60224349999999
61.0,68.0,127.0,0.09232952083334567,109.60224349999999,109.69457302083333
61.0,-1.0,0.0,0.07812497916665961,109.69457302083333,109.77269799999999
61.0,70.0,127.0,0.3355822968750033,109.77269799999999,110.108280296875
61.0,-1.0,0.0,5.630325203124997,110.108280296875,115.73860549999999
61.0,71.0,127.0,0.07457384375000231,115.73860549999999,115.81317934375
61.0,-1.0,0.0,0.09588065625000297,115.81317934375,115.90906
61.0,75.0,127.0,0.07990054687499537,115.90906,115.98896054687499
61.0,-1.0,0.0,0.0905539531249957,115.98896054687499,116.07951449999999
61.0,75.0,127.0,0.07457384375000231,116.07951449999999,116.15408834374999
61.0,-1.0,0.0,0.26633515625000825,116.15408834374999,116.4204235
61.0,75.0,127.0,0.07191049218749157,116.4204235,116.4923339921875
61.0,-1.0,0.0,0.2689985078124977,116.4923339921875,116.7613325
61.0,75.0,127.0,0.07457384375000231,116.7613325,116.83590634375
61.0,-1.0,0.0,0.09588065624998876,116.83590634375,116.93178699999999
61.0,72.0,127.0,0.426136249999999,116.93178699999999,117.35792324999998
61.0,79.0,127.0,0.4385652239583351,116.95486938020832,117.39343460416666
61.0,-1.0,0.0,1.2428973958333387,117.39343460416666,118.636332
61.0,77.0,127.0,0.065696005208333,118.636332,118.70202800520833
61.0,-1.0,0.0,0.18998574479165597,118.70202800520833,118.89201374999999
61.0,77.0,127.0,0.712594506944446,118.89201374999999,119.60460825694443
61.0,-1.0,0.0,0.39535974305557886,119.60460825694443,119.99996800000001
61.0,66.0,127.0,0.0710227083333308,119.99996800000001,120.07099070833334
61.0,-1.0,0.0,0.09943179166664606,120.07099070833334,120.17042249999999
61.0,66.0,127.0,0.0651041493055639,120.17042249999999,120.23552664930556
61.0,-1.0,0.0,0.10535035069443666,120.23552664930556,120.34087699999999
61.0,66.0,127.0,0.06155301388889237,120.34087699999999,120.40243001388889
61.0,-1.0,0.0,0.10890148611110817,120.40243001388889,120.5113315
61.0,66.0,127.0,0.05741002256943754,120.5113315,120.56874152256944
61.0,-1.0,0.0,0.2834989774305541,120.56874152256944,120.8522405
61.0,66.0,127.0,0.059185590277773294,120.8522405,120.91142609027777
61.0,-1.0,0.0,0.11126890972221304,120.91142609027777,121.02269499999998
61.0,66.0,127.0,0.06569600520833774,121.02269499999998,121.08839100520832
61.0,-1.0,0.0,0.10475849479166754,121.08839100520832,121.19314949999999
61.0,66.0,127.0,0.06747157291666402,121.19314949999999,121.26062107291665
61.0,-1.0,0.0,0.27343742708332286,121.26062107291665,121.53405849999997
61.0,66.0,127.0,0.06155301388889237,121.53405849999997,121.59561151388887
61.0,-1.0,0.0,0.10890148611110817,121.59561151388887,121.70451299999998
61.0,66.0,127.0,0.065696005208333,121.70451299999998,121.77020900520832
61.0,-1.0,0.0,0.10475849479166754,121.77020900520832,121.87496749999998
61.0,66.0,127.0,0.06510414930554968,121.87496749999998,121.94007164930554
61.0,-1.0,0.0,0.27580485069445615,121.94007164930554,122.2158765
61.0,66.0,127.0,0.065696005208333,122.2158765,122.28157250520833
61.0,-1.0,0.0,0.10475849479166754,122.28157250520833,122.386331
61.0,66.0,127.0,0.06096115798610432,122.386331,122.4472921579861
61.0,-1.0,0.0,0.10949334201389149,122.4472921579861,122.55678549999999
61.0,67.0,127.0,0.05918559027778277,122.55678549999999,122.61597109027777
61.0,-1.0,0.0,0.2817234097222183,122.61597109027777,122.89769449999999
61.0,67.0,127.0,0.0668797170138949,122.89769449999999,122.96457421701388
61.0,-1.0,0.0,0.10357478298611511,122.96457421701388,123.06814899999999
61.0,67.0,127.0,0.06924714062499977,123.06814899999999,123.13739614062499
61.0,-1.0,0.0,0.10120735937501024,123.13739614062499,123.2386035
61.0,67.0,127.0,0.06273672569443534,123.2386035,123.30134022569443
61.0,-1.0,0.0,0.27817227430557523,123.30134022569443,123.5795125
61.0,67.0,127.0,0.06510414930555442,123.5795125,123.64461664930556
61.0,-1.0,0.0,0.10535035069445087,123.64461664930556,123.74996700000001
61.0,67.0,127.0,0.06096115798610432,123.74996700000001,123.81092815798611
61.0,-1.0,0.0,0.10949334201387728,123.81092815798611,123.92042149999999
61.0,67.0,127.0,0.06096115798611379,123.92042149999999,123.9813826579861
61.0,-1.0,0.0,0.27994784201388256,123.9813826579861,124.26133049999999
61.0,67.0,127.0,0.057410022569447015,124.26133049999999,124.31874052256943
61.0,-1.0,0.0,0.113044477430563,124.31874052256943,124.43178499999999
61.0,67.0,127.0,0.06096115798611379,124.43178499999999,124.4927461579861
61.0,-1.0,0.0,0.10949334201389149,124.4927461579861,124.6022395
61.0,67.0,127.0,0.06273672569443534,124.6022395,124.66497622569443
61.0,-1.0,0.0,0.27284557118055375,124.66497622569443,124.93782179687499
61.0,71.0,127.0,0.051491463541665894,124.93782179687499,124.98931326041665
61.0,67.0,127.0,0.056818166666658954,124.94314849999999,124.99996666666665
61.0,65.0,127.0,0.07990054687499537,124.93249509374999,125.01239564062499
61.0,-1.0,0.0,0.10120735937501024,125.01239564062499,125.113603
61.0,67.0,127.0,0.0615530138888829,125.113603,125.17515601388888
61.0,-1.0,0.0,0.10890148611109396,125.17515601388888,125.28405749999997
61.0,68.0,127.0,0.06332858159722814,125.28405749999997,125.34738608159721
61.0,-1.0,0.0,1.6412164184027915,125.34738608159721,126.9886025
61.0,77.0,127.0,0.06747157291666876,126.9886025,127.05607407291667
61.0,-1.0,0.0,0.10298292708331758,127.05607407291667,127.15905699999999
61.0,74.0,127.0,0.06924714062500215,127.15905699999999,127.228304140625
61.0,-1.0,0.0,0.10120735937499603,127.228304140625,127.3295115
61.0,73.0,127.0,0.06036930208333047,127.3295115,127.38988080208333
61.0,-1.0,0.0,0.1100851979166606,127.38988080208333,127.49996599999999
61.0,75.0,127.0,0.06569600520833774,127.49996599999999,127.56566200520832
61.0,-1.0,0.0,0.10475849479166754,127.56566200520832,127.67042049999999
61.0,74.0,127.0,0.07191049218749868,127.67042049999999,127.74233099218749
61.0,-1.0,0.0,0.0985440078125066,127.74233099218749,127.840875
61.0,73.0,127.0,0.0745738437499952,127.840875,127.91544884375
61.0,-1.0,0.0,0.09588065624998876,127.91544884375,128.0113295
61.0,75.0,127.0,0.06924714062500925,128.0113295,128.080576640625
61.0,-1.0,0.0,0.2716618593750013,128.080576640625,128.3522385
61.0,70.0,127.0,0.7741475208333384,128.3522385,129.12638602083334
61.0,-1.0,0.0,0.589488479166647,129.12638602083334,129.71587449999998
61.0,75.0,127.0,0.07457384375000231,129.71587449999998,129.79044834374997
61.0,-1.0,0.0,0.09588065625001718,129.79044834374997,129.886329
61.0,74.0,127.0,0.07191049218749868,129.886329,129.9582394921875
61.0,-1.0,0.0,0.0985440078125066,129.9582394921875,130.0567835
61.0,73.0,127.0,0.07990054687499537,130.0567835,130.136684046875
61.0,-1.0,0.0,0.09055395312500991,130.136684046875,130.227238
61.0,75.0,127.0,0.0745738437499881,130.227238,130.30181184375
61.0,-1.0,0.0,0.09588065624998876,130.30181184375,130.39769249999998
61.0,74.0,127.0,0.07457384375001652,130.39769249999998,130.47226634375
61.0,-1.0,0.0,0.09588065624998876,130.47226634375,130.56814699999998
61.0,73.0,127.0,0.07723719531250595,130.56814699999998,130.6453841953125
61.0,-1.0,0.0,0.09321730468749934,130.6453841953125,130.7386015
61.0,77.0,127.0,0.06096115798611853,130.7386015,130.79956265798612
61.0,-1.0,0.0,0.9741948159721971,130.79956265798612,131.7737574739583
61.0,77.0,127.0,0.06806342881946155,131.7737574739583,131.84182090277778
61.0,-1.0,0.0,0.4308710972221945,131.84182090277778,132.27269199999998
61.0,77.0,127.0,0.08226797048612866,132.27269199999998,132.3549599704861
61.0,-1.0,0.0,0.34386827951388454,132.3549599704861,132.69882825
61.0,77.0,127.0,0.08049240277778343,132.69882825,132.77932065277778
61.0,-1.0,0.0,3.584279347222207,132.77932065277778,136.3636
61.0,82.0,127.0,0.44389192708334235,136.3636,136.80749192708333
61.0,-1.0,0.0,0.06747157291664507,136.80749192708333,136.87496349999998
61.0,79.0,127.0,0.4385652239583351,136.87496349999998,137.3135287239583
61.0,-1.0,0.0,0.07279827604168077,137.3135287239583,137.386327
61.0,84.0,127.0,0.5184657708333305,137.386327,137.90479277083332
61.0,79.0,127.0,0.4616476041666715,137.89769049999998,138.35933810416665
61.0,-1.0,0.0,0.04971589583334435,138.35933810416665,138.409054
61.0,82.0,127.0,0.42080954687500594,138.409054,138.829863546875
61.0,-1.0,0.0,0.2610084531249868,138.829863546875,139.090872
61.0,82.0,127.0,0.4385652239583351,139.090872,139.52943722395833
61.0,-1.0,0.0,0.07279827604165234,139.52943722395833,139.60223549999998
61.0,79.0,127.0,0.41548284374999866,139.60223549999998,140.01771834374998
61.0,-1.0,0.0,0.09588065625001718,140.01771834374998,140.113599
61.0,84.0,127.0,1.4435365468750092,140.113599,141.557135546875
61.0,-1.0,0.0,0.2610084531249868,141.557135546875,141.818144
61.0,65.0,127.0,0.4385652239583351,141.818144,142.25670922395832
61.0,-1.0,0.0,0.07279827604165234,142.25670922395832,142.32950749999998
61.0,67.0,127.0,0.37642035416666886,142.32950749999998,142.70592785416665
61.0,-1.0,0.0,0.134943145833347,142.70592785416665,142.840871
61.0,68.0,127.0,0.44389192708334235,142.840871,143.28476292708334
61.0,-1.0,0.0,0.06747157291664507,143.28476292708334,143.35223449999998
61.0,67.0,127.0,0.3586646770833397,143.35223449999998,143.71089917708332
61.0,-1.0,0.0,0.15269882291667614,143.71089917708332,143.863598
61.0,65.0,127.0,0.387073760416655,143.863598,144.25067176041665
61.0,-1.0,0.0,0.29474423958333773,144.25067176041665,144.545416
61.0,65.0,127.0,0.387073760416655,144.545416,144.93248976041664
61.0,-1.0,0.0,0.12428973958333245,144.93248976041664,145.05677949999998
61.0,68.0,127.0,0.30184651041668076,145.05677949999998,145.35862601041666
61.0,-1.0,0.0,0.2095169895833351,145.35862601041666,145.568143
61.0,65.0,127.0,1.1026275468749986,145.568143,146.670770546875
61.0,-1.0,0.0,0.6019174531249973,146.670770546875,147.272688
61.0,69.0,127.0,0.07990054687499537,147.272688,147.35258854687498
61.0,-1.0,0.0,0.09055395312500991,147.35258854687498,147.4431425
61.0,69.0,127.0,0.07723719531250595,147.4431425,147.5203796953125
61.0,-1.0,0.0,0.2636718046874762,147.5203796953125,147.78405149999998
61.0,75.0,127.0,0.07191049218751289,147.78405149999998,147.85596199218747
61.0,-1.0,0.0,0.0985440078125066,147.85596199218747,147.95450599999998
61.0,75.0,127.0,0.06924714062500925,147.95450599999998,148.023753140625
61.0,-1.0,0.0,0.2716618593750013,148.023753140625,148.295415
61.0,77.0,127.0,0.07990054687499537,148.295415,148.375315546875
61.0,-1.0,0.0,0.09055395312500991,148.375315546875,148.4658695
61.0,77.0,127.0,0.0745738437499881,148.4658695,148.54044334374998
61.0,-1.0,0.0,0.26633515624999404,148.54044334374998,148.80677849999998
61.0,78.0,127.0,0.07191049218751289,148.80677849999998,148.8786889921875
61.0,-1.0,0.0,0.09854400781247818,148.8786889921875,148.97723299999998
61.0,78.0,127.0,0.07457384375000231,148.97723299999998,149.05180684375
61.0,-1.0,0.0,0.26633515624999404,149.05180684375,149.318142
61.0,75.0,127.0,0.07723719531249174,149.318142,149.3953791953125
61.0,-1.0,0.0,0.09321730468749934,149.3953791953125,149.4885965
61.0,75.0,127.0,0.07723719531249174,149.4885965,149.5658336953125
61.0,-1.0,0.0,0.2636718046874762,149.5658336953125,149.82950549999998
61.0,73.0,127.0,0.165127796874998,149.82950549999998,149.99463329687498
61.0,-1.0,0.0,0.0053267031250072705,149.99463329687498,149.99996
61.0,72.0,127.0,0.7617185468749881,149.99996,150.76167854687498
61.0,-1.0,0.0,13.045095953125013,150.76167854687498,163.8067745
61.0,82.0,127.0,0.07990054687499537,163.8067745,163.88667504687498
61.0,-1.0,0.0,0.09055395312500991,163.88667504687498,163.977229
61.0,83.0,127.0,0.07457384375000231,163.977229,164.05180284375
61.0,-1.0,0.0,0.09588065624998876,164.05180284375,164.1476835
61.0,82.0,127.0,0.06924714062498083,164.1476835,164.21693064062498
61.0,-1.0,0.0,0.10120735937499603,164.21693064062498,164.31813799999998
61.0,83.0,127.0,0.08877838541667415,164.31813799999998,164.40691638541665
61.0,-1.0,0.0,0.08167611458333113,164.40691638541665,164.48859249999998
61.0,82.0,127.0,0.082563898437499,164.48859249999998,164.5711563984375
61.0,-1.0,0.0,0.08789060156249207,164.5711563984375,164.659047
61.0,83.0,127.0,0.057410022569447015,164.659047,164.71645702256944
61.0,-1.0,0.0,0.1130444774305488,164.71645702256944,164.8295015
61.0,87.0,127.0,0.0492720039062533,164.8295015,164.87877350390625
61.0,-1.0,0.0,0.29163699609372884,164.87877350390625,165.17041049999997
61.0,86.0,127.0,0.059777446180561356,165.17041049999997,165.23018794618054
61.0,-1.0,0.0,0.2811315538194492,165.23018794618054,165.51131949999998
61.0,86.0,127.0,0.40187015798611014,165.51131949999998,165.9131896579861
61.0,-1.0,0.0,8.632218342013886,165.9131896579861,174.54540799999998
61.0,86.0,127.0,0.09232952083334567,174.54540799999998,174.63773752083333
61.0,-1.0,0.0,0.07812497916665961,174.63773752083333,174.7158625
61.0,85.0,127.0,0.10298292708333179,174.7158625,174.81884542708332
61.0,-1.0,0.0,0.23792607291667878,174.81884542708332,175.0567715
61.0,84.0,127.0,0.09232952083331725,175.0567715,175.1491010208333
61.0,-1.0,0.0,0.2485794791666649,175.1491010208333,175.39768049999998
61.0,84.0,127.0,0.07457384375001652,175.39768049999998,175.47225434375
61.0,-1.0,0.0,0.26633515624999404,175.47225434375,175.7385895
61.0,83.0,127.0,1.273082046875004,175.7385895,177.011671546875
61.0,-1.0,0.0,0.6019174531249973,177.011671546875,177.613589
61.0,72.0,127.0,0.10298292708333179,177.613589,177.71657192708332
61.0,-1.0,0.0,0.0674715729166735,177.71657192708332,177.7840435
61.0,73.0,127.0,0.0550425989583232,177.7840435,177.83908609895832
61.0,-1.0,0.0,0.11541190104168209,177.83908609895832,177.954498
61.0,76.0,127.0,0.06303265364581989,177.954498,178.01753065364582
61.0,82.0,127.0,1.145241171875,177.01699825,178.162239421875
61.0,79.0,127.0,0.17045450000000528,178.12495249999998,178.29540699999998
61.0,72.0,127.0,0.12073860416666093,178.29540699999998,178.41614560416664
61.0,-1.0,0.0,0.04971589583334435,178.41614560416664,178.4658615
61.0,75.0,127.0,1.3423291874999848,178.4658615,179.80819068749997
61.0,-1.0,0.0,2.919033312500005,179.80819068749997,182.72722399999998
61.0,67.0,127.0,0.07990054687499537,182.72722399999998,182.80712454687497
61.0,-1.0,0.0,0.09055395312500991,182.80712454687497,182.89767849999998
61.0,70.0,127.0,0.08522725000000264,182.89767849999998,182.98290575
61.0,-1.0,0.0,0.08522725000000264,182.98290575,183.068133
61.0,72.0,127.0,0.0745738437499881,183.068133,183.14270684374998
61.0,-1.0,0.0,0.26633515625002246,183.14270684374998,183.409042
61.0,74.0,127.0,0.07990054687499537,183.409042,183.488942546875
61.0,-1.0,0.0,0.2610084531249868,183.488942546875,183.74995099999998
61.0,67.0,127.0,0.09765622395835294,183.74995099999998,183.84760722395833
61.0,-1.0,0.0,0.07279827604165234,183.84760722395833,183.9204055
61.0,70.0,127.0,0.0745738437499881,183.9204055,183.99497934374997
61.0,-1.0,0.0,0.09588065625001718,183.99497934374997,184.09086
61.0,74.0,127.0,0.06924714062498083,184.09086,184.16010714062497
61.0,-1.0,0.0,0.2716618593750013,184.16010714062497,184.43176899999997
61.0,74.0,127.0,0.06924714062500925,184.43176899999997,184.50101614062498
61.0,-1.0,0.0,0.2716618593750013,184.50101614062498,184.77267799999998
61.0,67.0,127.0,0.09765622395832452,184.77267799999998,184.8703342239583
61.0,-1.0,0.0,0.07279827604168077,184.8703342239583,184.9431325
61.0,74.0,127.0,0.09232952083331725,184.9431325,185.0354620208333
61.0,-1.0,0.0,0.24857947916669332,185.0354620208333,185.2840415
61.0,72.0,127.0,0.4208095468749775,185.2840415,185.70485104687498
61.0,-1.0,0.0,0.17578120312501255,185.70485104687498,185.88063225
61.0,74.0,127.0,0.17045450000000528,185.88063225,186.05108675
61.0,72.0,127.0,0.5912640468749828,186.05108675,186.64235079687498
61.0,-1.0,0.0,1.539417203124998,186.64235079687498,188.18176799999998
61.0,87.0,127.0,0.04882811197917647,188.18176799999998,188.23059611197914
61.0,-1.0,0.0,0.12162638802084302,188.23059611197914,188.35222249999998
61.0,87.0,127.0,0.07191049218749868,188.35222249999998,188.42413299218748
61.0,-1.0,0.0,0.2689985078125119,188.42413299218748,188.6931315
61.0,87.0,127.0,0.07191049218749868,188.6931315,188.7650419921875
61.0,-1.0,0.0,0.26899850781248347,188.7650419921875,189.03404049999997
61.0,87.0,127.0,0.07191049218751289,189.03404049999997,189.1059509921875
61.0,-1.0,0.0,0.26899850781248347,189.1059509921875,189.37494949999999
61.0,87.0,127.0,0.06924714062499504,189.37494949999999,189.44419664062497
61.0,-1.0,0.0,0.27166185937502974,189.44419664062497,189.7158585
61.0,91.0,127.0,0.165127796874998,189.7158585,189.880986296875
61.0,-1.0,0.0,0.005326703124978849,189.880986296875,189.88631299999997
61.0,89.0,127.0,0.5752839375000178,189.88631299999997,190.4615969375
61.0,84.0,127.0,0.7670452499999953,189.7158585,190.48290375
61.0,-1.0,0.0,1.107954250000006,190.48290375,191.590858
61.0,75.0,127.0,0.06924714062499504,191.590858,191.66010514062498
61.0,-1.0,0.0,0.10120735937499603,191.66010514062498,191.76131249999997
61.0,75.0,127.0,0.06924714062500925,191.76131249999997,191.83055964062498
61.0,-1.0,0.0,0.2716618593750013,191.83055964062498,192.10222149999998
61.0,75.0,127.0,0.06658378906250562,192.10222149999998,192.1688052890625
61.0,-1.0,0.0,0.27432521093749074,192.1688052890625,192.4431305
61.0,79.0,127.0,0.18821017708333443,192.4431305,192.63134067708333
61.0,77.0,127.0,0.5912640468749828,192.608258296875,193.19952234374998
61.0,72.0,127.0,0.7670452499999953,192.4431305,193.21017575
61.0,-1.0,0.0,0.4261362499999848,193.21017575,193.63631199999998
61.0,79.0,127.0,0.38174705729167613,193.63631199999998,194.01805905729165
61.0,-1.0,0.0,0.12961644270833972,194.01805905729165,194.1476755
61.0,77.0,127.0,0.2965198072916735,194.1476755,194.44419530729166
61.0,-1.0,0.0,0.21484369270831394,194.44419530729166,194.65903899999998
61.0,75.0,127.0,0.3355822968750033,194.65903899999998,194.99462129687498
61.0,-1.0,0.0,0.17578120312501255,194.99462129687498,195.1704025
61.0,74.0,127.0,0.34090899999998214,195.1704025,195.51131149999998
61.0,-1.0,0.0,0.17045450000000528,195.51131149999998,195.68176599999998
61.0,73.0,127.0,0.5912640468750112,195.68176599999998,196.273030046875
61.0,-1.0,0.0,3.499643953125002,196.273030046875,199.772674
61.0,63.0,127.0,0.4208095468749775,199.772674,200.19348354687497
61.0,-1.0,0.0,0.0053267031250072705,200.19348354687497,200.19881024999998
61.0,62.0,127.0,0.2681107239583298,200.19881024999998,200.4669209739583
61.0,-1.0,0.0,0.3284800260416887,200.4669209739583,200.795401
61.0,67.0,127.0,0.5912640468749828,200.795401,201.38666504687498
61.0,-1.0,0.0,0.17578120312501255,201.38666504687498,201.56244625
61.0,70.0,127.0,0.25035504687500065,201.56244625,201.812801296875
61.0,-1.0,0.0,0.005326703124978849,201.812801296875,201.81812799999997
61.0,70.0,127.0,0.9321730468750218,201.81812799999997,202.750301046875
61.0,-1.0,0.0,0.09055395312500991,202.750301046875,202.840855
61.0,70.0,127.0,0.06155301388889711,202.840855,202.9024080138889
61.0,-1.0,0.0,1.6429919861110704,202.9024080138889,204.54539999999997
61.0,85.0,127.0,0.11363633333334633,204.54539999999997,204.65903633333332
61.0,87.0,127.0,0.12073860416668936,204.63062724999997,204.75136585416666
61.0,84.0,127.0,0.12073860416666093,204.74426358333332,204.86500218749998
61.0,-1.0,0.0,0.010653406250014541,204.86500218749998,204.87565559375
61.0,85.0,127.0,0.07990054687499537,204.87565559375,204.955556140625
61.0,87.0,127.0,0.09765622395832452,204.90939138020832,205.00704760416664
61.0,-1.0,0.0,13.004257895833348,205.00704760416664,218.0113055
61.0,62.0,127.0,0.09232952083331725,218.0113055,218.1036350208333
61.0,-1.0,0.0,0.07812497916668804,218.1036350208333,218.18176
61.0,70.0,127.0,0.39240046354166225,218.18176,218.57416046354166
61.0,-1.0,0.0,0.11896303645832518,218.57416046354166,218.69312349999998
61.0,68.0,127.0,0.3071732135416596,218.69312349999998,219.00029671354164
61.0,-1.0,0.0,0.20419028645832782,219.00029671354164,219.20448699999997
61.0,72.0,127.0,0.3977271666666695,219.20448699999997,219.60221416666664
61.0,-1.0,0.0,0.11363633333334633,219.60221416666664,219.7158505
61.0,74.0,127.0,0.39240046354166225,219.7158505,220.10825096354165
61.0,-1.0,0.0,0.11896303645832518,220.10825096354165,220.22721399999998
61.0,70.0,127.0,0.3249288906250172,220.22721399999998,220.552142890625
61.0,-1.0,0.0,0.01598010937499339,220.552142890625,220.56812299999999
61.0,68.0,127.0,0.2397016406249861,220.56812299999999,220.80782464062497
61.0,-1.0,0.0,0.10120735937502445,220.80782464062497,220.909032
61.0,67.0,127.0,0.3977271666666411,220.909032,221.30675916666664
61.0,-1.0,0.0,0.11363633333334633,221.30675916666664,221.42039549999998
61.0,68.0,127.0,0.09232952083334567,221.42039549999998,221.51272502083333
61.0,-1.0,0.0,0.07812497916665961,221.51272502083333,221.59085
61.0,70.0,127.0,0.3355822968750033,221.59085,221.926432296875
61.0,-1.0,0.0,5.630325203124983,221.926432296875,227.55675749999997
61.0,71.0,127.0,0.07457384375001652,227.55675749999997,227.63133134375
61.0,-1.0,0.0,0.09588065624998876,227.63133134375,227.72721199999998
61.0,75.0,127.0,0.07990054687499537,227.72721199999998,227.80711254687498
61.0,-1.0,0.0,0.09055395312500991,227.80711254687498,227.89766649999999
61.0,75.0,127.0,0.07457384375000231,227.89766649999999,227.97224034375
61.0,-1.0,0.0,0.26633515624999404,227.97224034375,228.2385755
61.0,75.0,127.0,0.07191049218748446,228.2385755,228.31048599218747
61.0,-1.0,0.0,0.2689985078125119,228.31048599218747,228.57948449999998
61.0,75.0,127.0,0.07457384375001652,228.57948449999998,228.65405834375
61.0,-1.0,0.0,0.09588065624998876,228.65405834375,228.74993899999998
61.0,72.0,127.0,0.4261362500000132,228.74993899999998,229.17607525
61.0,79.0,127.0,0.4385652239583351,228.77302138020832,229.21158660416665
61.0,-1.0,0.0,1.2428973958333245,229.21158660416665,230.45448399999998
61.0,77.0,127.0,0.06569600520833774,230.45448399999998,230.52018000520832
61.0,-1.0,0.0,0.18998574479167019,230.52018000520832,230.71016575
61.0,77.0,127.0,0.7125945069444413,230.71016575,231.42276025694443
61.0,-1.0,0.0,1.5885412430555448,231.42276025694443,233.01130149999997
61.0,72.0,127.0,0.6596234036458384,233.01130149999997,233.6709249036458
61.0,-1.0,0.0,0.7040125963541755,233.6709249036458,234.3749375
61.0,70.0,127.0,0.6400921588541593,234.3749375,235.01502965885413
61.0,-1.0,0.0,0.3826348411458582,235.01502965885413,235.3976645
61.0,65.0,127.0,0.08522725000000264,235.3976645,235.48289175
61.0,-1.0,0.0,0.08522725000000264,235.48289175,235.568119
61.0,68.0,127.0,0.07990054687499537,235.568119,235.648019546875
61.0,-1.0,0.0,0.09055395312498149,235.648019546875,235.73857349999997
61.0,72.0,127.0,0.06924714062500925,235.73857349999997,235.80782064062498
61.0,-1.0,0.0,0.10120735937499603,235.80782064062498,235.90902799999998
61.0,75.0,127.0,0.12073860416666093,235.90902799999998,236.02976660416664
61.0,-1.0,0.0,0.22017039583334963,236.02976660416664,236.249937
61.0,74.0,127.0,0.4101561406249914,236.249937,236.66009314062498
61.0,-1.0,0.0,0.6125708593750119,236.66009314062498,237.272664
61.0,72.0,127.0,0.49005668749998677,237.272664,237.76272068749998
61.0,-1.0,0.0,3.0894878125000105,237.76272068749998,240.8522085
61.0,65.0,127.0,0.08522725000000264,240.8522085,240.93743575
61.0,-1.0,0.0,0.08522725000000264,240.93743575,241.022663
61.0,68.0,127.0,0.07990054687499537,241.022663,241.102563546875
61.0,-1.0,0.0,0.09055395312498149,241.102563546875,241.19311749999997
61.0,72.0,127.0,0.06924714062500925,241.19311749999997,241.26236464062498
61.0,-1.0,0.0,0.10120735937499603,241.26236464062498,241.36357199999998
61.0,75.0,127.0,0.12073860416666093,241.36357199999998,241.48431060416664
61.0,-1.0,0.0,0.22017039583334963,241.48431060416664,241.704481
61.0,74.0,127.0,0.4101561406249914,241.704481,242.11463714062498
61.0,-1.0,0.0,0.6125708593750119,242.11463714062498,242.727208
61.0,72.0,127.0,0.49005668749998677,242.727208,243.21726468749998
61.0,-1.0,0.0,0.3622158125000112,243.21726468749998,243.5794805
61.0,68.0,127.0,0.06392043750000198,243.5794805,243.6434009375
61.0,-1.0,0.0,0.1065340625000033,243.6434009375,243.749935
61.0,72.0,127.0,0.09765622395832452,243.749935,243.84759122395832
61.0,-1.0,0.0,0.07279827604165234,243.84759122395832,243.92038949999997
61.0,75.0,127.0,0.06392043750000198,243.92038949999997,243.98430993749997
61.0,-1.0,0.0,0.1065340625000033,243.98430993749997,244.09084399999998
61.0,79.0,127.0,0.06924714062500925,244.09084399999998,244.16009114062498
61.0,-1.0,0.0,0.2716618593750013,244.16009114062498,244.431753
61.0,77.0,127.0,0.2166192604166497,244.431753,244.64837226041664
61.0,-1.0,0.0,0.12428973958336087,244.64837226041664,244.772662
61.0,76.0,127.0,0.15980109374999074,244.772662,244.93246309375
61.0,-1.0,0.0,0.01065340624998612,244.93246309375,244.94311649999997
61.0,77.0,127.0,0.09765622395835294,244.94311649999997,245.04077272395833
61.0,-1.0,0.0,0.4137072760416629,245.04077272395833,245.45448
61.0,89.0,127.0,0.25035504687500065,245.45448,245.704835046875
61.0,-1.0,0.0,0.09055395312498149,245.704835046875,245.79538899999997
61.0,88.0,127.0,0.165127796874998,245.79538899999997,245.96051679687497
61.0,-1.0,0.0,0.0053267031250072705,245.96051679687497,245.96584349999998
61.0,87.0,127.0,0.165127796874998,245.96584349999998,246.13097129687497
61.0,-1.0,0.0,0.0053267031250072705,246.13097129687497,246.13629799999998
61.0,86.0,127.0,0.165127796874998,246.13629799999998,246.30142579687498
61.0,-1.0,0.0,0.0053267031250072705,246.30142579687498,246.3067525
61.0,85.0,127.0,0.165127796874998,246.3067525,246.47188029687499
61.0,-1.0,0.0,0.0053267031250072705,246.47188029687499,246.477207
61.0,84.0,127.0,0.09765622395832452,246.477207,246.57486322395832
61.0,-1.0,0.0,0.24325277604165763,246.57486322395832,246.81811599999997
61.0,87.0,127.0,0.27343742708333707,246.81811599999997,247.0915534270833
61.0,-1.0,0.0,0.0674715729166735,247.0915534270833,247.15902499999999
61.0,86.0,127.0,0.1775567708333199,247.15902499999999,247.3365817708333
61.0,85.0,127.0,0.165127796874998,247.3294795,247.494607296875
61.0,-1.0,0.0,0.0053267031250072705,247.494607296875,247.499934
61.0,84.0,127.0,0.18288347395832716,247.499934,247.68281747395832
61.0,83.0,127.0,0.165127796874998,247.67038849999997,247.83551629687497
61.0,-1.0,0.0,0.0053267031250072705,247.83551629687497,247.84084299999998
61.0,82.0,127.0,0.09232952083334567,247.84084299999998,247.93317252083332
61.0,-1.0,0.0,0.4190339791666702,247.93317252083332,248.3522065
61.0,79.0,127.0,0.07191049218748446,248.3522065,248.42411699218746
61.0,-1.0,0.0,0.2689985078125119,248.42411699218746,248.69311549999998
61.0,79.0,127.0,0.06658378906250562,248.69311549999998,248.7596992890625
61.0,-1.0,0.0,0.27432521093749074,248.7596992890625,249.0340245
61.0,79.0,127.0,0.06392043750000198,249.0340245,249.0979449375
61.0,-1.0,0.0,56.697428062499995,249.0979449375,305.795373
61.0,70.0,127.0,0.09232952083334567,305.795373,305.88770252083333
61.0,-1.0,0.0,0.2485794791666649,305.88770252083333,306.136282
61.0,75.0,127.0,0.07990054687496695,306.136282,306.21618254687496
61.0,-1.0,0.0,0.2610084531250436,306.21618254687496,306.477191
61.0,72.0,127.0,0.0745738437499881,306.477191,306.55176484375
61.0,-1.0,0.0,0.2663351562499656,306.55176484375,306.81809999999996
61.0,70.0,127.0,0.10298292708336021,306.81809999999996,306.9210829270833
61.0,-1.0,0.0,0.23792607291665036,306.9210829270833,307.15900899999997
61.0,75.0,127.0,0.09232952083334567,307.15900899999997,307.2513385208333
61.0,-1.0,0.0,0.2485794791666649,307.2513385208333,307.499918
61.0,72.0,127.0,0.07990054687502379,307.499918,307.579818546875
61.0,-1.0,0.0,0.2610084531249868,307.579818546875,307.840827
61.0,70.0,127.0,0.09765622395832452,307.840827,307.9384832239583
61.0,-1.0,0.0,0.24325277604168605,307.9384832239583,308.181736
61.0,77.0,127.0,0.09765622395832452,308.181736,308.2793922239583
61.0,-1.0,0.0,0.2432527760416292,308.2793922239583,308.52264499999995
61.0,77.0,127.0,0.09232952083334567,308.52264499999995,308.6149745208333
61.0,-1.0,0.0,0.2485794791666649,308.6149745208333,308.86355399999997
61.0,70.0,127.0,0.23437493750003568,308.86355399999997,309.0979289375
61.0,-1.0,0.0,0.44744306249998544,309.0979289375,309.545372
61.0,70.0,127.0,0.11363633333331791,309.545372,309.6590083333333
61.0,-1.0,0.0,0.22727266666669266,309.6590083333333,309.886281
61.0,77.0,127.0,0.10830963020833906,309.886281,309.99459063020834
61.0,-1.0,0.0,0.23259936979161466,309.99459063020834,310.22718999999995
61.0,72.0,127.0,0.09232952083334567,310.22718999999995,310.3195195208333
61.0,-1.0,0.0,0.2485794791666649,310.3195195208333,310.56809899999996
61.0,70.0,127.0,0.12073860416666093,310.56809899999996,310.6888376041666
61.0,-1.0,0.0,0.22017039583334963,310.6888376041666,310.909008
61.0,77.0,127.0,0.12073860416666093,310.909008,311.02974660416663
61.0,-1.0,0.0,0.22017039583334963,311.02974660416663,311.249917
61.0,72.0,127.0,0.07990054687502379,311.249917,311.329817546875
61.0,-1.0,0.0,0.2610084531249868,311.329817546875,311.590826
61.0,70.0,127.0,0.13139201041667548,311.590826,311.72221801041667
61.0,-1.0,0.0,0.5504259895832888,311.72221801041667,312.27264399999996
61.0,70.0,127.0,0.10298292708336021,312.27264399999996,312.3756269270833
61.0,-1.0,0.0,0.23792607291665036,312.3756269270833,312.61355299999997
61.0,77.0,127.0,0.10830963020833906,312.61355299999997,312.7218626302083
61.0,-1.0,0.0,0.2325993697916715,312.7218626302083,312.954462
61.0,72.0,127.0,0.07990054687502379,312.954462,313.034362546875
61.0,-1.0,0.0,0.2610084531249868,313.034362546875,313.295371
61.0,70.0,127.0,0.10830963020833906,313.295371,313.4036806302083
61.0,-1.0,0.0,0.2325993697916715,313.4036806302083,313.63628
61.0,75.0,127.0,0.09232952083328883,313.63628,313.7286095208333
61.0,-1.0,0.0,0.2485794791666649,313.7286095208333,313.97718899999995
61.0,72.0,127.0,0.07457384375004494,313.97718899999995,314.05176284375
61.0,-1.0,0.0,0.2663351562499656,314.05176284375,314.31809799999996
61.0,70.0,127.0,0.17045450000000528,314.31809799999996,314.48855249999997
61.0,-1.0,0.0,2.215908500000012,314.48855249999997,316.704461
61.0,70.0,127.0,0.09232952083334567,316.704461,316.7967905208333
61.0,-1.0,0.0,0.2485794791666649,316.7967905208333,317.04537
61.0,75.0,127.0,0.07990054687496695,317.04537,317.12527054687496
61.0,-1.0,0.0,0.2610084531250436,317.12527054687496,317.386279
61.0,72.0,127.0,0.0745738437499881,317.386279,317.46085284375
61.0,-1.0,0.0,0.2663351562499656,317.46085284375,317.72718799999996
61.0,70.0,127.0,0.10298292708336021,317.72718799999996,317.8301709270833
61.0,-1.0,0.0,0.23792607291665036,317.8301709270833,318.06809699999997
61.0,75.0,127.0,0.09232952083334567,318.06809699999997,318.1604265208333
61.0,-1.0,0.0,0.2485794791666649,318.1604265208333,318.409006
61.0,72.0,127.0,0.07990054687502379,318.409006,318.488906546875
61.0,-1.0,0.0,0.2610084531249868,318.488906546875,318.749915
61.0,70.0,127.0,0.09765622395832452,318.749915,318.8475712239583
61.0,-1.0,0.0,0.24325277604168605,318.8475712239583,319.090824
61.0,77.0,127.0,0.09765622395832452,319.090824,319.1884802239583
61.0,-1.0,0.0,0.2432527760416292,319.1884802239583,319.43173299999995
61.0,77.0,127.0,0.09232952083334567,319.43173299999995,319.5240625208333
61.0,-1.0,0.0,0.2485794791666649,319.5240625208333,319.77264199999996
61.0,70.0,127.0,0.23437493750003568,319.77264199999996,320.0070169375
61.0,-1.0,0.0,0.44744306249998544,320.0070169375,320.45446
61.0,70.0,127.0,0.11363633333331791,320.45446,320.5680963333333
61.0,-1.0,0.0,0.22727266666669266,320.5680963333333,320.795369
61.0,77.0,127.0,0.10830963020833906,320.795369,320.90367863020833
61.0,-1.0,0.0,0.2325993697916715,320.90367863020833,321.136278
61.0,72.0,127.0,0.09232952083328883,321.136278,321.2286075208333
61.0,-1.0,0.0,0.2485794791666649,321.2286075208333,321.47718699999996
61.0,70.0,127.0,0.12073860416666093,321.47718699999996,321.5979256041666
61.0,-1.0,0.0,0.22017039583334963,321.5979256041666,321.81809599999997
61.0,77.0,127.0,0.12073860416666093,321.81809599999997,321.93883460416663
61.0,-1.0,0.0,0.22017039583334963,321.93883460416663,322.159005
61.0,72.0,127.0,0.07990054687502379,322.159005,322.238905546875
61.0,-1.0,0.0,0.2610084531249868,322.238905546875,322.499914
61.0,70.0,127.0,0.13139201041667548,322.499914,322.63130601041667
61.0,-1.0,0.0,0.5504259895832888,322.63130601041667,323.18173199999995
61.0,70.0,127.0,0.10298292708336021,323.18173199999995,323.2847149270833
61.0,-1.0,0.0,0.23792607291665036,323.2847149270833,323.52264099999996
61.0,77.0,127.0,0.10830963020833906,323.52264099999996,323.6309506302083
61.0,-1.0,0.0,0.2325993697916715,323.6309506302083,323.86355
61.0,72.0,127.0,0.07990054687502379,323.86355,323.943450546875
61.0,-1.0,0.0,0.2610084531249868,323.943450546875,324.204459
61.0,70.0,127.0,0.10830963020833906,324.204459,324.3127686302083
61.0,-1.0,0.0,0.2325993697916715,324.3127686302083,324.545368
61.0,75.0,127.0,0.09232952083328883,324.545368,324.6376975208333
61.0,-1.0,0.0,0.2485794791666649,324.6376975208333,324.88627699999995
61.0,72.0,127.0,0.07457384375004494,324.88627699999995,324.96085084375
61.0,-1.0,0.0,0.2663351562499656,324.96085084375,325.22718599999996
61.0,70.0,127.0,0.17045450000000528,325.22718599999996,325.39764049999997
61.0,-1.0,0.0,2.215908500000012,325.39764049999997,327.613549
61.0,70.0,127.0,0.09232952083334567,327.613549,327.7058785208333
61.0,-1.0,0.0,0.2485794791666649,327.7058785208333,327.954458
61.0,75.0,127.0,0.07990054687496695,327.954458,328.03435854687496
61.0,-1.0,0.0,0.2610084531250436,328.03435854687496,328.295367
61.0,72.0,127.0,0.0745738437499881,328.295367,328.36994084375
61.0,-1.0,0.0,0.2663351562499656,328.36994084375,328.63627599999995
61.0,70.0,127.0,0.10298292708336021,328.63627599999995,328.7392589270833
61.0,-1.0,0.0,0.23792607291665036,328.7392589270833,328.97718499999996
61.0,75.0,127.0,0.09232952083334567,328.97718499999996,329.0695145208333
61.0,-1.0,0.0,0.2485794791666649,329.0695145208333,329.318094
61.0,72.0,127.0,0.07990054687502379,329.318094,329.397994546875
61.0,-1.0,0.0,0.2610084531249868,329.397994546875,329.659003
61.0,70.0,127.0,0.09765622395832452,329.659003,329.7566592239583
61.0,-1.0,0.0,0.24325277604168605,329.7566592239583,329.999912
61.0,77.0,127.0,0.09765622395832452,329.999912,330.0975682239583
61.0,-1.0,0.0,0.2432527760416292,330.0975682239583,330.34082099999995
61.0,77.0,127.0,0.09232952083334567,330.34082099999995,330.4331505208333
61.0,-1.0,0.0,0.2485794791666649,330.4331505208333,330.68172999999996
61.0,70.0,127.0,0.23437493750003568,330.68172999999996,330.9161049375
61.0,-1.0,0.0,0.44744306249998544,330.9161049375,331.363548
61.0,70.0,127.0,0.11363633333331791,331.363548,331.4771843333333
61.0,-1.0,0.0,0.22727266666669266,331.4771843333333,331.704457
61.0,77.0,127.0,0.10830963020833906,331.704457,331.81276663020833
61.0,-1.0,0.0,0.2325993697916715,331.81276663020833,332.045366
61.0,72.0,127.0,0.09232952083328883,332.045366,332.1376955208333
61.0,-1.0,0.0,0.2485794791666649,332.1376955208333,332.38627499999996
61.0,70.0,127.0,0.12073860416666093,332.38627499999996,332.5070136041666
61.0,-1.0,0.0,0.22017039583334963,332.5070136041666,332.72718399999997
61.0,77.0,127.0,0.12073860416666093,332.72718399999997,332.8479226041666
61.0,-1.0,0.0,0.22017039583334963,332.8479226041666,333.068093
61.0,72.0,127.0,0.07990054687502379,333.068093,333.147993546875
61.0,-1.0,0.0,0.2610084531249868,333.147993546875,333.409002
61.0,70.0,127.0,0.13139201041667548,333.409002,333.54039401041666
61.0,-1.0,0.0,0.5504259895832888,333.54039401041666,334.09081999999995
61.0,70.0,127.0,0.10298292708336021,334.09081999999995,334.1938029270833
61.0,-1.0,0.0,0.23792607291665036,334.1938029270833,334.43172899999996
61.0,77.0,127.0,0.10830963020833906,334.43172899999996,334.5400386302083
61.0,-1.0,0.0,0.2325993697916715,334.5400386302083,334.772638
61.0,72.0,127.0,0.07990054687502379,334.772638,334.852538546875
61.0,-1.0,0.0,0.2610084531249868,334.852538546875,335.113547
61.0,70.0,127.0,0.10830963020833906,335.113547,335.2218566302083
61.0,-1.0,0.0,0.2325993697916715,335.2218566302083,335.454456
61.0,75.0,127.0,0.09232952083328883,335.454456,335.5467855208333
61.0,-1.0,0.0,0.24857947916672174,335.5467855208333,335.795365
61.0,72.0,127.0,0.0745738437499881,335.795365,335.86993884375
61.0,-1.0,0.0,0.2663351562499656,335.86993884375,336.13627399999996
61.0,70.0,127.0,0.17045450000000528,336.13627399999996,336.30672849999996
61.0,-1.0,0.0,0.5113635000000158,336.30672849999996,336.818092
61.0,72.0,127.0,0.49005668749998677,336.818092,337.30814868749997
61.0,-1.0,0.0,3.0894878125000105,337.30814868749997,340.3976365
61.0,65.0,127.0,0.08522725000000264,340.3976365,340.48286375
61.0,-1.0,0.0,0.08522725000000264,340.48286375,340.568091
61.0,68.0,127.0,0.07990054687496695,340.568091,340.64799154687495
61.0,-1.0,0.0,0.09055395312503833,340.64799154687495,340.7385455
61.0,72.0,127.0,0.06924714062500925,340.7385455,340.807792640625
61.0,-1.0,0.0,0.10120735937499603,340.807792640625,340.909
61.0,75.0,127.0,0.12073860416666093,340.909,341.02973860416665
61.0,-1.0,0.0,0.22017039583334963,341.02973860416665,341.249909
61.0,74.0,127.0,0.410156140624963,341.249909,341.66006514062497
61.0,-1.0,0.0,0.6125708593750119,341.66006514062497,342.272636
61.0,72.0,127.0,0.49005668749998677,342.272636,342.76269268749996
61.0,-1.0,0.0,0.36221581250003965,342.76269268749996,343.1249085
61.0,68.0,127.0,0.06392043749997356,343.1249085,343.1888289375
61.0,-1.0,0.0,0.10653406249997488,343.1888289375,343.29536299999995
61.0,72.0,127.0,0.09765622395838136,343.29536299999995,343.39301922395833
61.0,-1.0,0.0,0.07279827604162392,343.39301922395833,343.46581749999996
61.0,75.0,127.0,0.0639204375000304,343.46581749999996,343.5297379375
61.0,-1.0,0.0,0.10653406249997488,343.5297379375,343.63627199999996
61.0,79.0,127.0,0.06924714062500925,343.63627199999996,343.705519140625
61.0,-1.0,0.0,0.2716618593750013,343.705519140625,343.977181
61.0,77.0,127.0,0.21661926041667812,343.977181,344.19380026041665
61.0,-1.0,0.0,0.12428973958333245,344.19380026041665,344.31809
61.0,76.0,127.0,0.15980109374999074,344.31809,344.47789109375
61.0,-1.0,0.0,0.010653406250014541,344.47789109375,344.4885445
61.0,77.0,127.0,0.09765622395832452,344.4885445,344.5862007239583
61.0,-1.0,0.0,0.4137072760416345,344.5862007239583,344.99990799999995
61.0,89.0,127.0,0.2503550468750291,344.99990799999995,345.250263046875
61.0,-1.0,0.0,0.09055395312498149,345.250263046875,345.34081699999996
61.0,88.0,127.0,0.16512779687502643,345.34081699999996,345.505944796875
61.0,-1.0,0.0,0.005326703124978849,345.505944796875,345.51127149999996
61.0,87.0,127.0,0.16512779687502643,345.51127149999996,345.676399296875
61.0,-1.0,0.0,0.005326703124978849,345.676399296875,345.68172599999997
61.0,86.0,127.0,0.16512779687502643,345.68172599999997,345.846853796875
61.0,-1.0,0.0,0.005326703124978849,345.846853796875,345.8521805
61.0,85.0,127.0,0.16512779687502643,345.8521805,346.017308296875
61.0,-1.0,0.0,0.005326703124978849,346.017308296875,346.022635
61.0,84.0,127.0,0.09765622395832452,346.022635,346.1202912239583
61.0,-1.0,0.0,0.24325277604168605,346.1202912239583,346.363544
61.0,87.0,127.0,0.27343742708330865,346.363544,346.6369814270833
61.0,-1.0,0.0,0.06747157291670192,346.6369814270833,346.704453
61.0,86.0,127.0,0.17755677083329147,346.704453,346.8820097708333
61.0,85.0,127.0,0.16512779687502643,346.87490749999995,347.040035296875
61.0,-1.0,0.0,0.005326703124978849,347.040035296875,347.04536199999995
61.0,84.0,127.0,0.18288347395832716,347.04536199999995,347.2282454739583
61.0,83.0,127.0,0.16512779687502643,347.21581649999996,347.380944296875
61.0,-1.0,0.0,0.005326703124978849,347.380944296875,347.38627099999997
61.0,82.0,127.0,0.09232952083334567,347.38627099999997,347.4786005208333
61.0,-1.0,0.0,0.4190339791666702,347.4786005208333,347.8976345
61.0,79.0,127.0,0.07191049218749868,347.8976345,347.9695449921875
61.0,-1.0,0.0,0.2689985078125119,347.9695449921875,348.2385435
61.0,79.0,127.0,0.0665837890624914,348.2385435,348.3051272890625
61.0,-1.0,0.0,0.27432521093749074,348.3051272890625,348.5794525
61.0,79.0,127.0,0.06392043749997356,348.5794525,348.6433729375
103.0,72.0,127.0,1.3299002135416664,25.89843059375,27.228330807291666
103.0,67.0,127.0,1.3245735104166663,25.903757296875,27.228330807291666
103.0,51.0,127.0,3.8867177135416675,25.807876640624997,29.694594354166664
103.0,58.0,127.0,2.4431811666666654,27.27272,29.715901166666665
103.0,67.0,127.0,2.5514907968749974,27.26206659375,29.813557390624997
103.0,63.0,127.0,3.9311069062499975,25.893103890625,29.824210796874997
103.0,70.0,127.0,2.5514907968749974,27.285148973958332,29.83663977083333
103.0,-1.0,0.0,0.1580255260416692,29.83663977083333,29.994665296875
103.0,68.0,127.0,2.0063915104166625,29.994665296875,32.00105680729166
103.0,72.0,127.0,1.9992892395833302,30.01242097395833,32.01171021354166
103.0,63.0,127.0,2.029473890624999,29.994665296875,32.0241391875
103.0,-1.0,0.0,0.04438919270832997,32.0241391875,32.06852838020833
103.0,63.0,127.0,0.5237924739583377,32.06852838020833,32.592320854166665
103.0,70.0,127.0,0.5477626380208314,32.080957354166664,32.6287199921875
103.0,-1.0,0.0,0.08789060156249917,32.6287199921875,32.71661059375
103.0,66.0,127.0,2.0481173515624995,32.71661059375,34.7647279453125
103.0,-1.0,0.0,0.7306461119791621,34.7647279453125,35.49537405729166
103.0,70.0,127.0,2.5363984713541683,35.49537405729166,38.03177252864583
103.0,-1.0,0.0,0.14470876822916523,38.03177252864583,38.176481296875
103.0,70.0,127.0,2.4840192239583345,38.176481296875,40.66050052083333
103.0,74.0,127.0,2.6296157760416676,38.19423697395833,40.82385275
103.0,-1.0,0.0,0.08522724999999554,40.82385275,40.909079999999996
103.0,67.0,127.0,1.273082046875004,40.909079999999996,42.182162046875
103.0,70.0,127.0,1.2837354531249972,40.92683567708333,42.21057113020833
103.0,-1.0,0.0,0.062144869791666224,42.21057113020833,42.272715999999996
103.0,71.0,127.0,0.5113635000000016,42.272715999999996,42.7840795
103.0,-1.0,0.0,0.17045449999999818,42.7840795,42.954533999999995
103.0,70.0,127.0,0.5113635000000016,42.954533999999995,43.4658975
103.0,-1.0,0.0,0.17045449999999818,43.4658975,43.636351999999995
103.0,70.0,127.0,0.8522725000000051,43.636351999999995,44.4886245
103.0,-1.0,0.0,2.086292057291665,44.4886245,46.574916557291665
103.0,70.0,127.0,0.0905539531249957,46.574916557291665,46.66547051041666
103.0,-1.0,0.0,0.05681816666666606,46.66547051041666,46.72228867708333
103.0,75.0,127.0,0.09588065625000297,46.72228867708333,46.81816933333333
103.0,-1.0,0.0,0.07457384375000231,46.81816933333333,46.89274317708333
103.0,77.0,127.0,0.09588065624999587,46.89274317708333,46.98862383333333
103.0,-1.0,0.0,0.07457384375000231,46.98862383333333,47.06319767708333
103.0,79.0,127.0,0.13139201041666837,47.06319767708333,47.1945896875
103.0,-1.0,0.0,0.028409083333329477,47.1945896875,47.22299877083333
103.0,77.0,127.0,0.18643460937499867,47.22299877083333,47.40943338020833
103.0,75.0,127.0,0.1065340624999962,47.3650441875,47.47157824999999
103.0,-1.0,0.0,0.07990054687500248,47.47157824999999,47.551478796874996
103.0,77.0,127.0,1.4666189270833314,47.551478796874996,49.01809772395833
103.0,-1.0,0.0,0.062144869791666224,49.01809772395833,49.08024259374999
103.0,77.0,127.0,0.8886716380208348,49.08024259374999,49.968914231770825
103.0,-1.0,0.0,4.077591242187502,49.968914231770825,54.04650547395833
103.0,72.0,127.0,0.0905539531250028,54.04650547395833,54.13705942708333
103.0,-1.0,0.0,0.05681816666666606,54.13705942708333,54.193877593749995
103.0,77.0,127.0,0.0905539531250028,54.193877593749995,54.284431546875
103.0,-1.0,0.0,0.07990054687499537,54.284431546875,54.364332093749994
103.0,79.0,127.0,0.11363633333333922,54.364332093749994,54.47796842708333
103.0,-1.0,0.0,0.06747157291666639,54.47796842708333,54.54544
103.0,78.0,127.0,0.9605821302083299,54.54544,55.50602213020833
103.0,-1.0,0.0,0.36931808333333294,55.50602213020833,55.87534021354166
103.0,74.0,127.0,1.0848718697916695,55.87534021354166,56.96021208333333
103.0,82.0,127.0,1.2322439895833313,55.87001351041666,57.10225749999999
103.0,-1.0,0.0,0.16512779687500512,57.10225749999999,57.267385296875
103.0,80.0,127.0,1.1310366302083281,57.267385296875,58.39842192708333
103.0,77.0,127.0,1.1416900364583284,57.26205859375,58.40374863020833
103.0,-1.0,0.0,0.2556817500000008,58.40374863020833,58.65943038020833
103.0,72.0,127.0,1.2792965338541684,58.65943038020833,59.9387269140625
103.0,-1.0,0.0,0.07368605989582733,59.9387269140625,60.01241297395833
103.0,72.0,127.0,1.2242539348958381,60.01241297395833,61.23666690885416
103.0,-1.0,0.0,4.240943471354171,61.23666690885416,65.47761038020833
103.0,82.0,127.0,2.3748218098958276,65.47761038020833,67.85243219010417
103.0,-1.0,0.0,0.31338770052083476,67.85243219010417,68.165819890625
103.0,84.0,127.0,1.00497132291666,68.165819890625,69.17079121354166
103.0,87.0,127.0,1.012073593750003,68.17114659375,69.1832201875
103.0,-1.0,0.0,0.34090899999999635,69.1832201875,69.5241291875
103.0,75.0,127.0,1.1807525260416725,69.5241291875,70.70488171354167
103.0,80.0,127.0,1.182528093749994,69.53478259375,70.71731068749999
103.0,84.0,127.0,1.226917286458331,69.5241291875,70.75104647395833
103.0,-1.0,0.0,0.15269882291667614,70.75104647395833,70.903745296875
103.0,74.0,127.0,2.4840192239583274,70.903745296875,73.38776452083333
103.0,82.0,127.0,2.562144203124987,70.893091890625,73.45523609374999
103.0,79.0,127.0,2.5621442031250012,70.89841859375,73.460562796875
103.0,-1.0,0.0,0.1935368802083275,73.460562796875,73.65409967708332
103.0,80.0,127.0,2.6100845312500027,73.65409967708332,76.26418420833332
103.0,-1.0,0.0,0.11718746875000363,76.26418420833332,76.38137167708332
103.0,79.0,127.0,1.889204041666673,76.38137167708332,78.27057571875
103.0,-1.0,0.0,0.9055395312499996,78.27057571875,79.17611525
103.0,89.0,127.0,2.4893459270833347,79.17611525,81.66546117708333
103.0,84.0,127.0,2.5053260364583423,79.17078854687499,81.67611458333333
103.0,81.0,127.0,2.5159794427083426,79.18321752083332,81.69919696354167
103.0,-1.0,0.0,56.02271233333333,81.69919696354167,137.721909296875
103.0,67.0,127.0,1.3245735104166556,137.721909296875,139.04648280729165
103.0,72.0,127.0,1.3299002135416629,137.71658259375,139.04648280729165
103.0,51.0,127.0,3.8867177135416853,137.62602864062498,141.51274635416667
103.0,58.0,127.0,2.443181166666676,139.090872,141.53405316666667
103.0,67.0,127.0,2.5514907968749867,139.08021859375,141.631709390625
103.0,63.0,127.0,3.931106906249994,137.71125589062498,141.64236279687498
103.0,70.0,127.0,2.551490796875015,139.1033009739583,141.65479177083333
103.0,-1.0,0.0,0.15802552604165498,141.65479177083333,141.81281729687498
103.0,68.0,127.0,2.0063915104166767,141.81281729687498,143.81920880729166
103.0,72.0,127.0,1.9992892395833337,141.8305729739583,143.82986221354165
103.0,63.0,127.0,2.029473890625013,141.81281729687498,143.8422911875
103.0,-1.0,0.0,0.04438919270833708,143.8422911875,143.88668038020833
103.0,63.0,127.0,0.5237924739583377,143.88668038020833,144.41047285416667
103.0,70.0,127.0,0.5477626380208278,143.89910935416665,144.44687199218748
103.0,-1.0,0.0,0.08789060156252049,144.44687199218748,144.53476259375
103.0,66.0,127.0,2.0481173515624818,144.53476259375,146.58287994531247
103.0,-1.0,0.0,0.7306461119791834,146.58287994531247,147.31352605729165
103.0,70.0,127.0,2.536398471354161,147.31352605729165,149.84992452864583
103.0,-1.0,0.0,0.14470876822915102,149.84992452864583,149.99463329687498
103.0,70.0,127.0,2.4840192239583416,149.99463329687498,152.47865252083332
103.0,74.0,127.0,2.6296157760416747,150.0123889739583,152.64200474999998
103.0,-1.0,0.0,0.08522725000000264,152.64200474999998,152.727232
103.0,67.0,127.0,1.273082046875004,152.727232,154.000314046875
103.0,70.0,127.0,1.2837354531250185,152.74498767708332,154.02872313020833
103.0,-1.0,0.0,0.062144869791666224,154.02872313020833,154.090868
103.0,71.0,127.0,0.5113634999999874,154.090868,154.6022315
103.0,-1.0,0.0,0.17045450000000528,154.6022315,154.772686
103.0,70.0,127.0,0.5113634999999874,154.772686,155.28404949999998
103.0,-1.0,0.0,0.17045450000000528,155.28404949999998,155.454504
103.0,70.0,127.0,0.852272499999998,155.454504,156.30677649999998
103.0,-1.0,0.0,2.086292057291672,156.30677649999998,158.39306855729166
103.0,70.0,127.0,0.09055395312500991,158.39306855729166,158.48362251041667
103.0,-1.0,0.0,0.056818166666658954,158.48362251041667,158.54044067708332
103.0,75.0,127.0,0.09588065624998876,158.54044067708332,158.6363213333333
103.0,-1.0,0.0,0.07457384375001652,158.6363213333333,158.71089517708333
103.0,77.0,127.0,0.09588065624998876,158.71089517708333,158.80677583333332
103.0,-1.0,0.0,0.07457384375001652,158.80677583333332,158.88134967708334
103.0,79.0,127.0,0.13139201041664705,158.88134967708334,159.01274168749998
103.0,-1.0,0.0,0.028409083333343688,159.01274168749998,159.04115077083333
103.0,77.0,127.0,0.18643460937499867,159.04115077083333,159.22758538020832
103.0,75.0,127.0,0.1065340625000033,159.1831961875,159.28973025
103.0,-1.0,0.0,0.07990054687499537,159.28973025,159.369630796875
103.0,77.0,127.0,1.4666189270833456,159.369630796875,160.83624972395833
103.0,-1.0,0.0,0.062144869791666224,160.83624972395833,160.89839459375
103.0,77.0,127.0,0.8886716380208242,160.89839459375,161.78706623177084
103.0,-1.0,0.0,4.077591242187481,161.78706623177084,165.86465747395832
103.0,72.0,127.0,0.09055395312500991,165.86465747395832,165.95521142708333
103.0,-1.0,0.0,0.056818166666658954,165.95521142708333,166.01202959375
103.0,77.0,127.0,0.09055395312500991,166.01202959375,166.102583546875
103.0,-1.0,0.0,0.07990054687499537,166.102583546875,166.18248409375
103.0,79.0,127.0,0.11363633333331791,166.18248409375,166.2961204270833
103.0,-1.0,0.0,0.0674715729166735,166.2961204270833,166.36359199999998
103.0,78.0,127.0,0.960582130208337,166.36359199999998,167.32417413020832
103.0,-1.0,0.0,0.36931808333332583,167.32417413020832,167.69349221354165
103.0,74.0,127.0,1.0848718697916695,167.69349221354165,168.77836408333332
103.0,82.0,127.0,1.23224398958331,167.68816551041667,168.92040949999998
103.0,-1.0,0.0,0.165127796874998,168.92040949999998,169.08553729687497
103.0,80.0,127.0,1.1310366302083423,169.08553729687497,170.21657392708332
103.0,77.0,127.0,1.1416900364583284,169.08021059375,170.22190063020832
103.0,-1.0,0.0,0.2556817500000079,170.22190063020832,170.47758238020833
103.0,72.0,127.0,1.2792965338541649,170.47758238020833,171.7568789140625
103.0,-1.0,0.0,0.07368605989583443,171.7568789140625,171.83056497395833
103.0,72.0,127.0,1.2242539348958275,171.83056497395833,173.05481890885414
103.0,-1.0,0.0,4.240943471354171,173.05481890885414,177.29576238020832
103.0,82.0,127.0,2.3748218098958347,177.29576238020832,179.67058419010414
103.0,-1.0,0.0,0.31338770052084897,179.67058419010414,179.98397189062499
103.0,84.0,127.0,1.0049713229166741,179.98397189062499,180.98894321354166
103.0,87.0,127.0,1.0120735937499887,179.98929859375,181.00137218749998
103.0,-1.0,0.0,0.34090900000001056,181.00137218749998,181.3422811875
103.0,75.0,127.0,1.1807525260416583,181.3422811875,182.52303371354165
103.0,80.0,127.0,1.1825280937500224,181.35293459374998,182.5354626875
103.0,84.0,127.0,1.226917286458331,181.3422811875,182.56919847395832
103.0,-1.0,0.0,0.15269882291667614,182.56919847395832,182.721897296875
103.0,74.0,127.0,2.484019223958313,182.721897296875,185.2059165208333
103.0,82.0,127.0,2.5621442031250012,182.71124389062498,185.27338809375
103.0,79.0,127.0,2.5621442031250012,182.71657059375,185.278714796875
103.0,-1.0,0.0,0.19353688020831328,185.278714796875,185.4722516770833
103.0,80.0,127.0,2.610084531250024,185.4722516770833,188.08233620833334
103.0,-1.0,0.0,0.117187468749961,188.08233620833334,188.1995236770833
103.0,79.0,127.0,1.8892040416666873,188.1995236770833,190.08872771875
103.0,-1.0,0.0,0.9055395312499854,190.08872771875,190.99426724999998
103.0,89.0,127.0,2.489345927083349,190.99426724999998,193.48361317708333
103.0,84.0,127.0,2.505326036458314,190.988940546875,193.4942665833333
103.0,81.0,127.0,2.5159794427083284,191.00136952083332,193.51734896354165
